time,pressure_kPa,dx_px,dy_px,tip_disp_px,tip_disp_mm,curvature_1_per_mm,base_x,base_y,mid_x,mid_y,tip_x,tip_y
1776756652.6827757,20.0,0,0,0.0,0.0,0.04496996434299602,189,366,271,225,434,206
1776756652.7404854,20.0,0,0,0.0,0.0,0.04496996434299602,189,366,271,225,434,206
1776756652.7941973,20.0,0,0,0.0,0.0,0.04496996434299602,189,366,271,225,434,206
1776756652.8511558,20.0,0,0,0.0,0.0,0.04496996434299602,189,366,271,225,434,206
1776756652.9087534,20.0,0,0,0.0,0.0,0.04496996434299602,189,366,271,225,434,206
1776756652.9658563,20.0,0,0,0.0,0.0,0.04496996434299602,189,366,271,225,434,206
1776756653.0227222,20.0,0,0,0.0,0.0,0.04496996434299602,189,366,271,225,434,206
1776756653.0802386,20.0,0,0,0.0,0.0,0.04496996434299602,189,366,271,225,434,206
1776756653.1334262,20.0,0,0,0.0,0.0,0.04496996434299602,189,366,271,225,434,206
1776756653.1910748,20.0,0,0,0.0,0.0,0.04496996434299602,189,366,271,225,434,206
1776756653.2481873,20.0,0,0,0.0,0.0,0.04496996434299602,189,366,271,225,434,206
1776756653.3057606,20.0,0,0,0.0,0.0,0.04496996434299602,189,366,271,225,434,206
1776756653.3626175,20.0,0,0,0.0,0.0,0.04496996434299602,189,366,271,225,434,206
1776756653.420599,20.0,0,0,0.0,0.0,0.04496996434299602,189,366,271,225,434,206
1776756653.4737034,20.0,0,0,0.0,0.0,0.04496996434299602,189,366,271,225,434,206
1776756653.531026,20.0,0,0,0.0,0.0,0.04496996434299602,189,366,271,225,434,206
1776756653.5884016,20.0,0,0,0.0,0.0,0.04496996434299602,189,366,271,225,434,206
1776756653.6452441,20.0,0,0,0.0,0.0,0.04496996434299602,189,366,271,225,434,206
1776756653.7030613,20.0,0,0,0.0,0.0,0.04496996434299602,189,366,271,225,434,206
1776756653.7605846,20.0,0,0,0.0,0.0,0.04496996434299602,189,366,271,225,434,206
1776756653.8139417,20.0,0,0,0.0,0.0,0.04496996434299602,189,366,271,225,434,206
1776756653.8708956,20.0,0,0,0.0,0.0,0.04496996434299602,189,366,271,225,434,206
1776756653.9283876,20.0,0,0,0.0,0.0,0.04496996434299602,189,366,271,225,434,206
1776756653.986297,20.0,0,0,0.0,0.0,0.04496996434299602,189,366,271,225,434,206
1776756654.0436335,20.0,0,0,0.0,0.0,0.04496996434299602,189,366,271,225,434,206
1776756654.100387,20.0,0,0,0.0,0.0,0.04496996434299602,189,366,271,225,434,206
1776756654.1534235,20.0,0,0,0.0,0.0,0.04496996434299602,189,366,271,225,434,206
1776756654.210696,20.0,0,0,0.0,0.0,0.04496996434299602,189,366,271,225,434,206
1776756654.2685153,20.0,0,0,0.0,0.0,0.04496996434299602,189,366,271,225,434,206
1776756654.3256671,20.0,0,0,0.0,0.0,0.04496996434299602,189,366,271,225,434,206
1776756654.3828561,20.0,0,0,0.0,0.0,0.04496996434299602,189,366,271,225,434,206
1776756654.4358003,20.0,0,0,0.0,0.0,0.04496996434299602,189,366,271,225,434,206
1776756654.4934566,20.0,0,0,0.0,0.0,0.04496996434299602,189,366,271,225,434,206
1776756654.551225,20.0,0,0,0.0,0.0,0.04496996434299602,189,366,271,225,434,206
1776756654.6092196,20.0,0,0,0.0,0.0,0.04496996434299602,189,366,271,225,434,206
1776756654.6659565,20.0,0,0,0.0,0.0,0.04496996434299602,189,366,271,225,434,206
1776756654.7228093,20.0,0,0,0.0,0.0,0.04496996434299602,189,366,271,225,434,206
1776756654.7763016,20.0,0,0,0.0,0.0,0.04496996434299602,189,366,271,225,434,206
1776756654.833492,20.0,0,0,0.0,0.0,0.04496996434299602,189,366,271,225,434,206
1776756654.8911486,20.0,0,0,0.0,0.0,0.04496996434299602,189,366,271,225,434,206
1776756654.94815,20.0,0,0,0.0,0.0,0.04496996434299602,189,366,271,225,434,206
1776756655.0050187,20.0,0,0,0.0,0.0,0.04496996434299602,189,366,271,225,434,206
1776756655.0629272,20.0,0,0,0.0,0.0,0.04496996434299602,189,366,271,225,434,206
1776756655.1162095,20.0,0,0,0.0,0.0,0.04496996434299602,189,366,271,225,434,206
1776756655.173779,20.0,0,0,0.0,0.0,0.04496996434299602,189,366,271,225,434,206
1776756655.2306852,20.0,0,0,0.0,0.0,0.04496996434299602,189,366,271,225,434,206
1776756655.2882266,20.0,0,0,0.0,0.0,0.04496996434299602,189,366,271,225,434,206
1776756655.3450768,20.0,0,0,0.0,0.0,0.04496996434299602,189,366,271,225,434,206
1776756655.4027917,20.0,0,0,0.0,0.0,0.04496996434299602,189,366,271,225,434,206
1776756655.4563677,20.0,0,0,0.0,0.0,0.04496996434299602,189,366,271,225,434,206
1776756655.5132673,20.0,0,0,0.0,0.0,0.04496996434299602,189,366,271,225,434,206
1776756655.5709076,20.0,0,0,0.0,0.0,0.04496996434299602,189,366,271,225,434,206
1776756655.6282418,20.0,0,0,0.0,0.0,0.04496996434299602,189,366,271,225,434,206
1776756655.685161,20.0,0,0,0.0,0.0,0.04496996434299602,189,366,271,225,434,206
1776756655.73863,20.0,0,0,0.0,0.0,0.04496996434299602,189,366,271,225,434,206
1776756655.7962558,20.0,0,0,0.0,0.0,0.04496996434299602,189,366,271,225,434,206
1776756655.8530164,20.0,0,0,0.0,0.0,0.04496996434299602,189,366,271,225,434,206
1776756655.9109519,20.0,0,0,0.0,0.0,0.04496996434299602,189,366,271,225,434,206
1776756655.9682212,20.0,0,0,0.0,0.0,0.04496996434299602,189,366,271,225,434,206
1776756656.0256066,20.0,0,0,0.0,0.0,0.04496996434299602,189,366,271,225,434,206
1776756656.0788078,20.0,0,0,0.0,0.0,0.04496996434299602,189,366,271,225,434,206
1776756656.1362584,20.0,0,0,0.0,0.0,0.04496996434299602,189,366,271,225,434,206
1776756656.1937246,20.0,0,0,0.0,0.0,0.04496996434299602,189,366,271,225,434,206
1776756656.2508497,20.0,0,0,0.0,0.0,0.04496996434299602,189,366,271,225,434,206
1776756656.3079393,20.0,0,0,0.0,0.0,0.04496996434299602,189,366,271,225,434,206
1776756656.364924,20.0,0,0,0.0,0.0,0.04496996434299602,189,366,271,225,434,206
1776756656.418612,20.0,0,0,0.0,0.0,0.04496996434299602,189,366,271,225,434,206
1776756656.47681,20.0,0,0,0.0,0.0,0.04496996434299602,189,366,271,225,434,206
1776756656.5337908,20.0,0,0,0.0,0.0,0.04496996434299602,189,366,271,225,434,206
1776756656.5909371,20.0,0,0,0.0,0.0,0.04496996434299602,189,366,271,225,434,206
1776756656.6478853,20.0,0,0,0.0,0.0,0.04496996434299602,189,366,271,225,434,206
1776756656.7048285,20.0,0,0,0.0,0.0,0.04496996434299602,189,366,271,225,434,206
1776756656.7583947,20.0,0,0,0.0,0.0,0.04496996434299602,189,366,271,225,434,206
1776756656.816029,20.0,0,0,0.0,0.0,0.04496996434299602,189,366,271,225,434,206
1776756656.8729405,20.0,0,0,0.0,0.0,0.04496996434299602,189,366,271,225,434,206
1776756656.9308558,20.0,0,0,0.0,0.0,0.04496996434299602,189,366,271,225,434,206
1776756656.988547,20.0,0,0,0.0,0.0,0.04496996434299602,189,366,271,225,434,206
1776756657.041436,20.0,0,0,0.0,0.0,0.04496996434299602,189,366,271,225,434,206
1776756657.0984921,20.0,0,0,0.0,0.0,0.04496996434299602,189,366,271,225,434,206
1776756657.155489,20.0,0,0,0.0,0.0,0.04496996434299602,189,366,271,225,434,206
1776756657.212785,20.0,0,0,0.0,0.0,0.04496996434299602,189,366,271,225,434,206
1776756657.2710614,20.0,0,0,0.0,0.0,0.04496996434299602,189,366,271,225,434,206
1776756657.3283417,20.0,0,0,0.0,0.0,0.04496996434299602,189,366,271,225,434,206
1776756657.3814628,20.0,0,0,0.0,0.0,0.04496996434299602,189,366,271,225,434,206
1776756657.4387324,20.0,0,0,0.0,0.0,0.04496996434299602,189,366,271,225,434,206
1776756657.4954343,20.0,0,0,0.0,0.0,0.04496996434299602,189,366,271,225,434,206
1776756657.5526912,20.0,0,0,0.0,0.0,0.04496996434299602,189,366,271,225,434,206
1776756657.6101148,20.0,0,0,0.0,0.0,0.04496996434299602,189,366,271,225,434,206
1776756657.66775,20.0,0,0,0.0,0.0,0.04496996434299602,189,366,271,225,434,206
1776756657.7212458,20.0,0,0,0.0,0.0,0.04496996434299602,189,366,271,225,434,206
1776756657.7781749,20.0,0,0,0.0,0.0,0.04496996434299602,189,366,271,225,434,206
1776756657.8360052,20.0,0,0,0.0,0.0,0.04496996434299602,189,366,271,225,434,206
1776756657.8930223,20.0,0,0,0.0,0.0,0.04496996434299602,189,366,271,225,434,206
1776756657.9504013,20.0,0,0,0.0,0.0,0.04496996434299602,189,366,271,225,434,206
1776756658.0079515,20.0,0,0,0.0,0.0,0.04496996434299602,189,366,271,225,434,206
1776756658.061377,20.0,0,0,0.0,0.0,0.04496996434299602,189,366,271,225,434,206
1776756658.1184266,20.0,0,0,0.0,0.0,0.04496996434299602,189,366,271,225,434,206
1776756658.175373,20.0,0,0,0.0,0.0,0.04496996434299602,189,366,271,225,434,206
1776756658.233121,20.0,0,0,0.0,0.0,0.04496996434299602,189,366,271,225,434,206
1776756658.2907987,20.0,0,0,0.0,0.0,0.04496996434299602,189,366,271,225,434,206
1776756658.3445902,20.0,0,0,0.0,0.0,0.04496996434299602,189,366,271,225,434,206
1776756658.4007027,20.0,0,0,0.0,0.0,0.04496996434299602,189,366,271,225,434,206
1776756658.4585674,20.0,0,0,0.0,0.0,0.04496996434299602,189,366,271,225,434,206
1776756658.5156693,20.0,0,0,0.0,0.0,0.04496996434299602,189,366,271,225,434,206
1776756658.5736036,20.0,0,0,0.0,0.0,0.04496996434299602,189,366,271,225,434,206
1776756658.630717,20.0,0,0,0.0,0.0,0.04496996434299602,189,366,271,225,434,206
1776756658.6850264,20.0,0,0,0.0,0.0,0.04496996434299602,189,366,271,225,434,206
1776756658.7410443,20.0,0,0,0.0,0.0,0.04496996434299602,189,366,271,225,434,206
1776756658.7980435,20.0,0,0,0.0,0.0,0.04496996434299602,189,366,271,225,434,206
1776756658.8557537,20.0,0,0,0.0,0.0,0.04496996434299602,189,366,271,225,434,206
1776756658.913038,20.0,0,0,0.0,0.0,0.04496996434299602,189,366,271,225,434,206
1776756658.9705856,20.0,0,0,0.0,0.0,0.04496996434299602,189,366,271,225,434,206
1776756659.0239406,20.0,0,0,0.0,0.0,0.04496996434299602,189,366,271,225,434,206
1776756659.0813107,20.0,0,0,0.0,0.0,0.04496996434299602,189,366,271,225,434,206
1776756659.1383326,20.0,0,0,0.0,0.0,0.04496996434299602,189,366,271,225,434,206
1776756659.1951897,20.0,0,0,0.0,0.0,0.04496996434299602,189,366,271,225,434,206
1776756659.2528691,20.0,0,0,0.0,0.0,0.04496996434299602,189,366,271,225,434,206
1776756659.310278,20.0,0,0,0.0,0.0,0.04496996434299602,189,366,271,225,434,206
1776756659.3636065,20.0,0,0,0.0,0.0,0.04496996434299602,189,366,271,225,434,206
1776756659.4211688,20.0,0,0,0.0,0.0,0.04496996434299602,189,366,271,225,434,206
1776756659.4780717,20.0,0,0,0.0,0.0,0.04496996434299602,189,366,271,225,434,206
1776756659.538929,20.0,0,0,0.0,0.0,0.04496996434299602,189,366,271,225,434,206
1776756659.5930111,20.0,0,0,0.0,0.0,0.04496996434299602,189,366,271,225,434,206
1776756659.6460137,20.0,0,0,0.0,0.0,0.04496996434299602,189,366,271,225,434,206
1776756659.7043624,20.0,0,0,0.0,0.0,0.04496996434299602,189,366,271,225,434,206
1776756659.7607286,20.0,0,0,0.0,0.0,0.04496996434299602,189,366,271,225,434,206
1776756659.817741,20.0,0,0,0.0,0.0,0.04496996434299602,189,366,271,225,434,206
1776756659.8751068,20.0,0,0,0.0,0.0,0.04496996434299602,189,366,271,225,434,206
1776756659.9330175,20.0,0,0,0.0,0.0,0.04496996434299602,189,366,271,225,434,206
1776756659.9860406,20.0,0,0,0.0,0.0,0.04496996434299602,189,366,271,225,434,206
1776756660.0435672,20.0,0,0,0.0,0.0,0.04496996434299602,189,366,271,225,434,206
1776756660.1007588,20.0,0,0,0.0,0.0,0.04496996434299602,189,366,271,225,434,206
1776756660.1580262,20.0,0,0,0.0,0.0,0.04496996434299602,189,366,271,225,434,206
1776756660.2153327,20.0,0,0,0.0,0.0,0.04496996434299602,189,366,271,225,434,206
1776756660.2735367,20.0,0,0,0.0,0.0,0.04496996434299602,189,366,271,225,434,206
1776756660.3263543,20.0,0,0,0.0,0.0,0.04496996434299602,189,366,271,225,434,206
1776756660.383748,20.0,0,0,0.0,0.0,0.04496996434299602,189,366,271,225,434,206
1776756660.441109,20.0,0,0,0.0,0.0,0.04496996434299602,189,366,271,225,434,206
1776756660.4989192,20.0,0,0,0.0,0.0,0.04496996434299602,189,366,271,225,434,206
1776756660.5553625,20.0,0,0,0.0,0.0,0.04496996434299602,189,366,271,225,434,206
1776756660.609217,20.0,0,0,0.0,0.0,0.04496996434299602,189,366,271,225,434,206
1776756660.6665127,20.0,0,0,0.0,0.0,0.04496996434299602,189,366,271,225,434,206
1776756660.72342,20.0,0,0,0.0,0.0,0.04496996434299602,189,366,271,225,434,206
1776756660.781405,20.0,0,0,0.0,0.0,0.04496996434299602,189,366,271,225,434,206
1776756660.837925,20.0,0,0,0.0,0.0,0.04496996434299602,189,366,271,225,434,206
1776756660.8959787,20.0,0,0,0.0,0.0,0.04496996434299602,189,366,271,225,434,206
1776756660.9487936,20.0,0,0,0.0,0.0,0.04496996434299602,189,366,271,225,434,206
1776756661.0062156,20.0,0,0,0.0,0.0,0.04496996434299602,189,366,271,225,434,206
1776756661.0637589,20.0,0,0,0.0,0.0,0.04496996434299602,189,366,271,225,434,206
1776756661.120793,20.0,0,0,0.0,0.0,0.04496996434299602,189,366,271,225,434,206
1776756661.1775727,20.0,0,0,0.0,0.0,0.04496996434299602,189,366,271,225,434,206
1776756661.23509,20.0,0,0,0.0,0.0,0.04496996434299602,189,366,271,225,434,206
1776756661.2887876,20.0,0,0,0.0,0.0,0.04496996434299602,189,366,271,225,434,206
1776756661.346011,20.0,0,0,0.0,0.0,0.04496996434299602,189,366,271,225,434,206
1776756661.4034555,20.0,0,0,0.0,0.0,0.04496996434299602,189,366,271,225,434,206
1776756661.4605343,20.0,0,0,0.0,0.0,0.04496996434299602,189,366,271,225,434,206
1776756661.5178204,20.0,0,0,0.0,0.0,0.04496996434299602,189,366,271,225,434,206
1776756661.5753293,20.0,0,0,0.0,0.0,0.04496996434299602,189,366,271,225,434,206
1776756661.6284816,20.0,0,0,0.0,0.0,0.04496996434299602,189,366,271,225,434,206
1776756661.686108,20.0,0,0,0.0,0.0,0.04496996434299602,189,366,271,225,434,206
1776756661.7431536,20.0,0,0,0.0,0.0,0.04496996434299602,189,366,271,225,434,206
1776756661.800833,20.0,0,0,0.0,0.0,0.04496996434299602,189,366,271,225,434,206
1776756661.8581727,20.0,0,0,0.0,0.0,0.04496996434299602,189,366,271,225,434,206
1776756661.9108722,20.0,0,0,0.0,0.0,0.04496996434299602,189,366,271,225,434,206
1776756661.9682043,20.0,0,0,0.0,0.0,0.04496996434299602,189,366,271,225,434,206
1776756662.0253713,20.0,0,0,0.0,0.0,0.04496996434299602,189,366,271,225,434,206
1776756662.088355,20.0,0,0,0.0,0.0,0.04496996434299602,189,366,271,225,434,206
1776756662.140623,20.0,0,0,0.0,0.0,0.04496996434299602,189,366,271,225,434,206
1776756662.197388,20.0,0,0,0.0,0.0,0.04496996434299602,189,366,271,225,434,206
1776756662.2512064,20.0,0,0,0.0,0.0,0.04496996434299602,189,366,271,225,434,206
1776756662.3084605,20.0,0,0,0.0,0.0,0.04496996434299602,189,366,271,225,434,206
1776756662.3659222,20.0,0,0,0.0,0.0,0.04486511970346833,189,366,271,225,435,206
1776756662.4233856,20.0,0,0,0.0,0.0,0.04486511970346833,189,366,271,225,435,206
1776756662.4807444,20.0,0,0,0.0,0.0,0.04486511970346833,189,366,271,225,435,206
1776756662.53864,20.0,0,0,0.0,0.0,0.04486511970346833,189,366,271,225,435,206
1776756662.5913062,20.0,0,0,0.0,0.0,0.04486511970346833,189,366,271,225,435,206
1776756662.6487582,20.0,0,0,0.0,0.0,0.04486511970346833,189,366,271,225,435,206
1776756662.7057068,20.0,0,0,0.0,0.0,0.04486511970346833,189,366,271,225,435,206
1776756662.763413,20.0,0,0,0.0,0.0,0.04486511970346833,189,366,271,225,435,206
1776756662.8199563,20.0,0,0,0.0,0.0,0.04486511970346833,189,366,271,225,435,206
1776756662.8775706,20.0,0,0,0.0,0.0,0.04486511970346833,189,366,271,225,435,206
1776756662.9311378,20.0,0,0,0.0,0.0,0.04486511970346833,189,366,271,225,435,206
1776756662.98867,20.0,0,0,0.0,0.0,0.04486511970346833,189,366,271,225,435,206
1776756663.0455623,20.0,0,0,0.0,0.0,0.04486511970346833,189,366,271,225,435,206
1776756663.102933,20.0,0,0,0.0,0.0,0.04486511970346833,189,366,271,225,435,206
1776756663.1601076,20.0,0,0,0.0,0.0,0.04486511970346833,189,366,271,225,435,206
1776756663.2134464,20.0,0,0,0.0,0.0,0.04486511970346833,189,366,271,225,435,206
1776756663.2710311,20.0,0,0,0.0,0.0,0.04486511970346833,189,366,271,225,435,206
1776756663.328515,20.0,0,0,0.0,0.0,0.04486511970346833,189,366,271,225,435,206
1776756663.3859549,20.0,0,0,0.0,0.0,0.04486511970346833,189,366,271,225,435,206
1776756663.443153,20.0,0,0,0.0,0.0,0.04486511970346833,189,366,271,225,435,206
1776756663.500133,20.0,0,0,0.0,0.0,0.04486511970346833,189,366,271,225,435,206
1776756663.554243,20.0,0,0,0.0,0.0,0.04486511970346833,189,366,271,225,435,206
1776756663.6111374,20.0,0,0,0.0,0.0,0.04486511970346833,189,366,271,225,435,206
1776756663.6678743,20.0,0,0,0.0,0.0,0.04486511970346833,189,366,271,225,435,206
1776756663.7255363,20.0,0,0,0.0,0.0,0.04486511970346833,189,366,271,225,435,206
1776756663.7829611,20.0,0,0,0.0,0.0,0.04486511970346833,189,366,271,225,435,206
1776756663.8405905,20.0,0,0,0.0,0.0,0.04486511970346833,189,366,271,225,435,206
1776756663.8934252,20.0,0,0,0.0,0.0,0.04486511970346833,189,366,271,225,435,206
1776756663.951523,20.0,0,0,0.0,0.0,0.04486511970346833,189,366,271,225,435,206
1776756664.008553,20.0,0,0,0.0,0.0,0.04486511970346833,189,366,271,225,435,206
1776756664.0661623,20.0,0,0,0.0,0.0,0.04486511970346833,189,366,271,225,435,206
1776756664.123258,20.0,0,0,0.0,0.0,0.04486511970346833,189,366,271,225,435,206
1776756664.1799674,20.0,0,0,0.0,0.0,0.04486511970346833,189,366,271,225,435,206
1776756664.2336738,20.0,0,0,0.0,0.0,0.04486511970346833,189,366,271,225,435,206
1776756664.290783,20.0,0,0,0.0,0.0,0.04486511970346833,189,366,271,225,435,206
1776756664.347989,20.0,0,0,0.0,0.0,0.04486511970346833,189,366,271,225,435,206
1776756664.4054964,20.0,0,0,0.0,0.0,0.04486511970346833,189,366,271,225,435,206
1776756664.4628017,20.0,0,0,0.0,0.0,0.04486511970346833,189,366,271,225,435,206
1776756664.5157382,20.0,0,0,0.0,0.0,0.04486511970346833,189,366,271,225,435,206
1776756664.573092,20.0,0,0,0.0,0.0,0.04486511970346833,189,366,271,225,435,206
1776756664.6308506,20.0,0,0,0.0,0.0,0.04486511970346833,189,366,271,225,435,206
1776756664.6884053,20.0,0,0,0.0,0.0,0.04486511970346833,189,366,271,225,435,206
1776756664.7457802,20.0,0,0,0.0,0.0,0.044663530279927255,189,366,272,225,435,206
1776756664.8032918,20.0,0,0,0.0,0.0,0.044663530279927255,189,366,272,225,435,206
1776756664.8564284,20.0,0,0,0.0,0.0,0.04455986845443196,189,366,272,225,436,206
1776756664.9136815,20.0,0,0,0.0,0.0,0.04455986845443196,189,366,272,225,436,206
1776756664.9711456,20.0,0,0,0.0,0.0,0.04455986845443196,189,366,272,225,436,206
1776756665.0278926,20.0,0,0,0.0,0.0,0.044844568767001804,189,366,272,225,436,207
1776756665.0850663,20.0,0,0,0.0,0.0,0.044844568767001804,189,366,272,225,436,207
1776756665.1424205,20.0,0,0,0.0,0.0,0.044844568767001804,189,366,272,225,436,207
1776756665.1957097,20.0,0,0,0.0,0.0,0.044844568767001804,189,366,272,225,436,207
1776756665.252974,20.0,0,0,0.0,0.0,0.044844568767001804,189,366,272,225,436,207
1776756665.3104675,20.0,0,0,0.0,0.0,0.044844568767001804,189,366,272,225,436,207
1776756665.3677578,20.0,0,0,0.0,0.0,0.044844568767001804,189,366,272,225,436,207
1776756665.4254944,20.0,0,0,0.0,0.0,0.044844568767001804,189,366,272,225,436,207
1776756665.4830687,20.0,0,0,0.0,0.0,0.044844568767001804,189,366,272,225,436,207
1776756665.536625,20.0,0,0,0.0,0.0,0.044844568767001804,189,366,272,225,436,207
1776756665.5932279,20.0,0,0,0.0,0.0,0.044844568767001804,189,366,272,225,436,207
1776756665.65071,20.0,0,0,0.0,0.0,0.044844568767001804,189,366,272,225,436,207
1776756665.7081861,20.0,0,0,0.0,0.0,0.044844568767001804,189,366,272,225,436,207
1776756665.7652829,20.0,0,0,0.0,0.0,0.044844568767001804,189,366,272,225,436,207
1776756665.8187065,20.0,0,0,0.0,0.0,0.044844568767001804,189,366,272,225,436,207
1776756665.875774,20.0,0,0,0.0,0.0,0.044844568767001804,189,366,272,225,436,207
1776756665.933274,20.0,0,0,0.0,0.0,0.044844568767001804,189,366,272,225,436,207
1776756665.9909916,20.0,0,0,0.0,0.0,0.044844568767001804,189,366,272,225,436,207
1776756666.0480747,20.0,0,0,0.0,0.0,0.044844568767001804,189,366,272,225,436,207
1776756666.105591,20.0,0,0,0.0,0.0,0.044844568767001804,189,366,272,225,436,207
1776756666.1589122,20.0,0,0,0.0,0.0,0.044844568767001804,189,366,272,225,436,207
1776756666.2155163,20.0,0,0,0.0,0.0,0.044844568767001804,189,366,272,225,436,207
1776756666.2728796,20.0,0,0,0.0,0.0,0.044844568767001804,189,366,272,225,436,207
1776756666.3301153,20.0,0,0,0.0,0.0,0.044844568767001804,189,366,272,225,436,207
1776756666.387449,20.0,0,0,0.0,0.0,0.044844568767001804,189,366,272,225,436,207
1776756666.4451919,20.0,2,0,2.0,0.24330900243309,0.04473843129854387,189,366,272,225,437,207
1776756666.4984393,20.0,2,0,2.0,0.24330900243309,0.04473843129854387,189,366,272,225,437,207
1776756666.5555198,20.0,2,0,2.0,0.24330900243309,0.04473843129854387,189,366,272,225,437,207
1776756666.6127665,20.0,2,0,2.0,0.24330900243309,0.04473843129854387,189,366,272,225,437,207
1776756666.6700008,20.0,2,0,2.0,0.24330900243309,0.04473843129854387,189,366,272,225,437,207
1776756666.728062,20.0,2,0,2.0,0.24330900243309,0.04473843129854387,189,366,272,225,437,207
1776756666.7856145,20.0,2,0,2.0,0.24330900243309,0.04473843129854387,189,366,272,225,437,207
1776756666.8389714,20.0,2,0,2.0,0.24330900243309,0.04473843129854387,189,366,272,225,437,207
1776756666.8965516,20.0,2,0,2.0,0.24330900243309,0.04473843129854387,189,366,272,225,437,207
1776756666.9539466,20.0,2,0,2.0,0.24330900243309,0.04473843129854387,189,366,272,225,437,207
1776756667.0114872,20.0,2,0,2.0,0.24330900243309,0.04473843129854387,189,366,272,225,437,207
1776756667.0681784,20.0,2,0,2.0,0.24330900243309,0.04473843129854387,189,366,272,225,437,207
1776756667.1218407,20.0,2,0,2.0,0.24330900243309,0.04473843129854387,189,366,272,225,437,207
1776756667.178541,20.0,2,0,2.0,0.24330900243309,0.04473843129854387,189,366,272,225,437,207
1776756667.2357578,20.0,2,0,2.0,0.24330900243309,0.04473843129854387,189,366,272,225,437,207
1776756667.2927966,20.0,2,0,2.0,0.24330900243309,0.04473843129854387,189,366,272,225,437,207
1776756667.3504608,20.0,2,0,2.0,0.24330900243309,0.04473843129854387,189,366,272,225,437,207
1776756667.4077454,20.0,2,0,2.0,0.24330900243309,0.04473843129854387,189,366,272,225,437,207
1776756667.4611876,20.0,2,0,2.0,0.24330900243309,0.04473843129854387,189,366,272,225,437,207
1776756667.5186675,20.0,2,0,2.0,0.24330900243309,0.04473843129854387,189,366,272,225,437,207
1776756667.5756948,20.0,2,0,2.0,0.24330900243309,0.04473843129854387,189,366,272,225,437,207
1776756667.63435,20.0,2,0,2.0,0.24330900243309,0.04473843129854387,189,366,272,225,437,207
1776756667.6905951,20.0,2,0,2.0,0.24330900243309,0.04473843129854387,189,366,272,225,437,207
1776756667.7476668,20.0,2,0,2.0,0.24330900243309,0.04473843129854387,189,366,272,225,437,207
1776756667.8016033,20.0,2,0,2.0,0.24330900243309,0.04473843129854387,189,366,272,225,437,207
1776756667.8583257,20.0,2,0,2.0,0.24330900243309,0.04473843129854387,189,366,272,225,437,207
1776756667.9157975,20.0,2,0,2.0,0.24330900243309,0.04473843129854387,189,366,272,225,437,207
1776756667.9730437,20.0,2,0,2.0,0.24330900243309,0.04473843129854387,189,366,272,225,437,207
1776756668.0301752,20.0,2,0,2.0,0.24330900243309,0.04473843129854387,189,366,272,225,437,207
1776756668.087677,20.0,3,0,3.0,0.36496350364963503,0.044435604818827995,189,366,273,225,438,207
1776756668.141542,20.0,3,0,3.0,0.36496350364963503,0.044435604818827995,189,366,273,225,438,207
1776756668.19822,20.0,3,0,3.0,0.36496350364963503,0.04473842615204455,189,366,273,224,438,207
1776756668.2558665,20.0,3,0,3.0,0.36496350364963503,0.04473842615204455,189,366,273,224,438,207
1776756668.3130527,20.0,3,0,3.0,0.36496350364963503,0.04473842615204455,189,366,273,224,438,207
1776756668.3699212,20.0,3,2,3.605551275463989,0.43863154202724924,0.04501801109755547,189,366,273,224,438,208
1776756668.4234157,20.0,3,2,3.605551275463989,0.43863154202724924,0.04501801109755547,189,366,273,224,438,208
1776756668.4809086,20.0,3,2,3.605551275463989,0.43863154202724924,0.04501801109755547,189,366,273,224,438,208
1776756668.5385523,20.0,3,2,3.605551275463989,0.43863154202724924,0.04501801109755547,189,366,273,224,438,208
1776756668.5963876,20.0,3,2,3.605551275463989,0.43863154202724924,0.04501801109755547,189,366,273,224,438,208
1776756668.6533504,20.0,3,2,3.605551275463989,0.43863154202724924,0.04501801109755547,189,366,273,224,438,208
1776756668.7100163,20.0,3,2,3.605551275463989,0.43863154202724924,0.04501801109755547,189,366,273,224,438,208
1776756668.7640278,20.0,3,2,3.605551275463989,0.43863154202724924,0.04501801109755547,189,366,273,224,438,208
1776756668.8204527,20.0,3,2,3.605551275463989,0.43863154202724924,0.04501801109755547,189,366,273,224,438,208
1776756668.8778217,20.0,3,2,3.605551275463989,0.43863154202724924,0.04501801109755547,189,366,273,224,438,208
1776756668.9356115,20.0,3,2,3.605551275463989,0.43863154202724924,0.04501801109755547,189,366,273,224,438,208
1776756668.9932685,20.0,3,2,3.605551275463989,0.43863154202724924,0.04501801109755547,189,366,273,224,438,208
1776756669.050389,20.0,3,2,3.605551275463989,0.43863154202724924,0.04501801109755547,189,366,273,224,438,208
1776756669.1037307,20.0,3,2,3.605551275463989,0.43863154202724924,0.04501801109755547,189,366,273,224,438,208
1776756669.1610892,20.0,3,2,3.605551275463989,0.43863154202724924,0.04501801109755547,189,366,273,224,438,208
1776756669.2189252,20.0,3,2,3.605551275463989,0.43863154202724924,0.04501801109755547,189,366,273,224,438,208
1776756669.2754655,20.0,4,2,4.47213595499958,0.544055468978051,0.04490837732507272,189,366,273,224,439,208
1776756669.3327634,20.0,4,2,4.47213595499958,0.544055468978051,0.04490837732507272,189,366,273,224,439,208
1776756669.3900886,20.0,4,2,4.47213595499958,0.544055468978051,0.04490837732507272,189,366,273,224,439,208
1776756669.4431105,20.0,4,2,4.47213595499958,0.544055468978051,0.04490837732507272,189,366,273,224,439,208
1776756669.5015228,20.0,4,2,4.47213595499958,0.544055468978051,0.04490837732507272,189,366,273,224,439,208
1776756669.5579758,20.0,4,2,4.47213595499958,0.544055468978051,0.04490837732507272,189,366,273,224,439,208
1776756669.615342,20.0,4,2,4.47213595499958,0.544055468978051,0.04490837732507272,189,366,273,224,439,208
1776756669.6728902,20.0,4,2,4.47213595499958,0.544055468978051,0.04490837732507272,189,366,273,224,439,208
1776756669.7262268,20.0,4,2,4.47213595499958,0.544055468978051,0.04490837732507272,189,366,273,224,439,208
1776756669.7836509,20.0,4,2,4.47213595499958,0.544055468978051,0.04490837732507272,189,366,273,224,439,208
1776756669.8403902,20.0,4,2,4.47213595499958,0.544055468978051,0.04490837732507272,189,366,273,224,439,208
1776756669.8981469,20.0,4,2,4.47213595499958,0.544055468978051,0.04490837732507272,189,366,273,224,439,208
1776756669.9553514,20.0,4,2,4.47213595499958,0.544055468978051,0.04490837732507272,189,366,273,224,439,208
1776756670.013283,20.0,4,2,4.47213595499958,0.544055468978051,0.04490837732507272,189,366,273,224,439,208
1776756670.0667367,20.0,4,2,4.47213595499958,0.544055468978051,0.04490837732507272,189,366,273,224,439,208
1776756670.123775,20.0,4,2,4.47213595499958,0.544055468978051,0.04490837732507272,189,366,273,224,439,208
1776756670.1806374,20.0,4,2,4.47213595499958,0.544055468978051,0.04490837732507272,189,366,273,224,439,208
1776756670.2383347,20.0,4,2,4.47213595499958,0.544055468978051,0.04490837732507272,189,366,273,224,439,208
1776756670.3223138,20.0,4,2,4.47213595499958,0.544055468978051,0.04490837732507272,189,366,273,224,439,208
1776756670.4347944,20.0,4,2,4.47213595499958,0.544055468978051,0.04490837732507272,189,366,273,224,439,208
1776756670.5130093,20.0,4,2,4.47213595499958,0.544055468978051,0.04490837732507272,189,366,273,224,439,208
1776756670.595717,20.0,5,2,5.385164807134504,0.6551295385808398,0.044798983189749134,189,366,273,224,440,208
1776756670.6759844,20.0,5,2,5.385164807134504,0.6551295385808398,0.044798983189749134,189,366,273,224,440,208
1776756670.756178,20.0,5,2,5.385164807134504,0.6551295385808398,0.044798983189749134,189,366,273,224,440,208
1776756670.8355129,20.0,5,2,5.385164807134504,0.6551295385808398,0.04460980513179766,189,366,274,224,440,208
1776756670.9162247,20.0,5,2,5.385164807134504,0.6551295385808398,0.04460980513179766,189,366,274,224,440,208
1776756671.0118754,20.0,5,2,5.385164807134504,0.6551295385808398,0.04460980513179766,189,366,274,224,440,208
1776756671.089402,20.0,5,2,5.385164807134504,0.6551295385808398,0.04460980513179766,189,366,274,224,440,208
1776756671.1675403,20.0,5,2,5.385164807134504,0.6551295385808398,0.04460980513179766,189,366,274,224,440,208
1776756671.2339292,20.0,5,2,5.385164807134504,0.6551295385808398,0.04460980513179766,189,366,274,224,440,208
1776756671.330605,20.0,5,3,5.830951894845301,0.709361544385073,0.04488593348884542,189,366,274,224,440,209
1776756671.4097962,20.0,5,3,5.830951894845301,0.709361544385073,0.04488593348884542,189,366,274,224,440,209
1776756671.489059,20.0,5,3,5.830951894845301,0.709361544385073,0.04488593348884542,189,366,274,224,440,209
1776756671.5700018,20.0,5,3,5.830951894845301,0.709361544385073,0.04488593348884542,189,366,274,224,440,209
1776756671.6507835,20.0,5,3,5.830951894845301,0.709361544385073,0.04488593348884542,189,366,274,224,440,209
1776756671.7329266,20.0,5,3,5.830951894845301,0.709361544385073,0.04488593348884542,189,366,274,224,440,209
1776756671.8108153,20.0,6,3,6.708203932499369,0.8160832034670765,0.04477518152049567,189,366,274,224,441,209
1776756671.8906977,20.0,6,3,6.708203932499369,0.8160832034670765,0.04477518152049567,189,366,274,224,441,209
1776756671.9731927,20.0,6,3,6.708203932499369,0.8160832034670765,0.04477518152049567,189,366,274,224,441,209
1776756672.0521386,20.0,6,3,6.708203932499369,0.8160832034670765,0.04477518152049567,189,366,274,224,441,209
1776756672.131914,20.0,6,3,6.708203932499369,0.8160832034670765,0.04477518152049567,189,366,274,224,441,209
1776756672.2126458,20.0,6,3,6.708203932499369,0.8160832034670765,0.04477518152049567,189,366,274,224,441,209
1776756672.290025,20.0,6,3,6.708203932499369,0.8160832034670765,0.04477518152049567,189,366,274,224,441,209
1776756672.3721483,20.0,6,3,6.708203932499369,0.8160832034670765,0.04477518152049567,189,366,274,224,441,209
1776756672.4510348,20.0,6,3,6.708203932499369,0.8160832034670765,0.04477518152049567,189,366,274,224,441,209
1776756672.5316365,20.0,6,3,6.708203932499369,0.8160832034670765,0.04477518152049567,189,366,274,224,441,209
1776756672.611827,20.0,6,3,6.708203932499369,0.8160832034670765,0.04477518152049567,189,366,274,224,441,209
1776756672.691594,20.0,6,3,6.708203932499369,0.8160832034670765,0.04506752603220173,189,366,274,223,441,209
1776756672.771279,20.0,6,3,6.708203932499369,0.8160832034670765,0.04506752603220173,189,366,274,223,441,209
1776756672.8509758,20.0,6,3,6.708203932499369,0.8160832034670765,0.04488495564090641,189,366,275,223,441,209
1776756672.9322548,20.0,6,3,6.708203932499369,0.8160832034670765,0.04488495564090641,189,366,275,223,441,209
1776756673.0256686,20.0,6,3,6.708203932499369,0.8160832034670765,0.04488495564090641,189,366,275,223,441,209
1776756673.1074367,20.0,7,4,8.06225774829855,0.9808099450484852,0.045044146003433136,189,366,275,223,442,210
1776756673.1869888,20.0,7,4,8.06225774829855,0.9808099450484852,0.045044146003433136,189,366,275,223,442,210
1776756673.2666652,20.0,7,4,8.06225774829855,0.9808099450484852,0.045044146003433136,189,366,275,223,442,210
1776756673.345631,20.0,7,4,8.06225774829855,0.9808099450484852,0.045044146003433136,189,366,275,223,442,210
1776756673.4253972,20.0,7,4,8.06225774829855,0.9808099450484852,0.045044146003433136,189,366,275,223,442,210
1776756673.507032,20.0,7,4,8.06225774829855,0.9808099450484852,0.045044146003433136,189,366,275,223,442,210
1776756673.586674,20.0,7,4,8.06225774829855,0.9808099450484852,0.045044146003433136,189,366,275,223,442,210
1776756673.6682987,20.0,7,4,8.06225774829855,0.9808099450484852,0.045044146003433136,189,366,275,223,442,210
1776756673.747777,20.0,7,4,8.06225774829855,0.9808099450484852,0.045044146003433136,189,366,275,223,442,210
1776756673.8290298,20.0,7,4,8.06225774829855,0.9808099450484852,0.045044146003433136,189,366,275,223,442,210
1776756673.9061668,20.0,7,4,8.06225774829855,0.9808099450484852,0.045044146003433136,189,366,275,223,442,210
1776756673.987254,20.0,7,4,8.06225774829855,0.9808099450484852,0.045044146003433136,189,366,275,223,442,210
1776756674.0664437,20.0,7,4,8.06225774829855,0.9808099450484852,0.045044146003433136,189,366,275,223,442,210
1776756674.1469874,20.0,8,4,8.94427190999916,1.088110937956102,0.0449301856708027,189,366,275,223,443,210
1776756674.2278051,20.0,8,4,8.94427190999916,1.088110937956102,0.0449301856708027,189,366,275,223,443,210
1776756674.3062398,20.0,8,4,8.94427190999916,1.088110937956102,0.0449301856708027,189,366,275,223,443,210
1776756674.3883953,20.0,8,4,8.94427190999916,1.088110937956102,0.0449301856708027,189,366,275,223,443,210
1776756674.467167,20.0,8,4,8.94427190999916,1.088110937956102,0.0449301856708027,189,366,275,223,443,210
1776756674.5481343,20.0,8,4,8.94427190999916,1.088110937956102,0.0449301856708027,189,366,275,223,443,210
1776756674.6275058,20.0,8,4,8.94427190999916,1.088110937956102,0.0449301856708027,189,366,275,223,443,210
1776756674.7089787,20.0,8,4,8.94427190999916,1.088110937956102,0.0449301856708027,189,366,275,223,443,210
1776756674.7866642,20.0,8,5,9.433981132056603,1.1476862691066427,0.04519791305776162,189,366,275,223,443,211
1776756674.8675869,20.0,8,5,9.433981132056603,1.1476862691066427,0.04519791305776162,189,366,275,223,443,211
1776756674.946356,20.0,8,5,9.433981132056603,1.1476862691066427,0.04519791305776162,189,366,275,223,443,211
1776756675.0264244,20.0,8,5,9.433981132056603,1.1476862691066427,0.04519791305776162,189,366,275,223,443,211
1776756675.1098118,20.0,9,5,10.295630140987,1.2525097495118005,0.04508187478581356,189,366,275,223,444,211
1776756675.187612,20.0,9,5,10.295630140987,1.2525097495118005,0.04508187478581356,189,366,275,223,444,211
1776756675.2833974,20.0,9,5,10.295630140987,1.2525097495118005,0.04490574967260401,189,366,276,223,444,211
1776756675.3636806,20.0,9,5,10.295630140987,1.2525097495118005,0.04490574967260401,189,366,276,223,444,211
1776756675.4455886,20.0,9,5,10.295630140987,1.2525097495118005,0.04490574967260401,189,366,276,223,444,211
1776756675.5527499,20.0,9,5,10.295630140987,1.2525097495118005,0.04490574967260401,189,366,276,223,444,211
1776756675.6321275,20.0,9,5,10.295630140987,1.2525097495118005,0.04490574967260401,189,366,276,223,444,211
1776756675.7146518,20.0,9,5,10.295630140987,1.2525097495118005,0.04490574967260401,189,366,276,223,444,211
1776756675.7946155,20.0,9,5,10.295630140987,1.2525097495118005,0.04490574967260401,189,366,276,223,444,211
1776756675.874228,20.0,9,5,10.295630140987,1.2525097495118005,0.04490574967260401,189,366,276,223,444,211
1776756675.9540017,20.0,9,5,10.295630140987,1.2525097495118005,0.04490574967260401,189,366,276,223,444,211
1776756676.0353124,20.0,9,5,10.295630140987,1.2525097495118005,0.04519160001337973,189,366,276,222,444,211
1776756676.117902,20.0,9,5,10.295630140987,1.2525097495118005,0.04519160001337973,189,366,276,222,444,211
1776756676.2120326,20.0,10,5,11.180339887498949,1.3601386724451274,0.04507461041745963,189,366,276,222,445,211
1776756676.2902684,20.0,10,5,11.180339887498949,1.3601386724451274,0.04507461041745963,189,366,276,222,445,211
1776756676.3735368,20.0,10,5,11.180339887498949,1.3601386724451274,0.04507461041745963,189,366,276,222,445,211
1776756676.450597,20.0,10,5,11.180339887498949,1.3601386724451274,0.04507461041745963,189,366,276,222,445,211
1776756676.530247,20.0,10,5,11.180339887498949,1.3601386724451274,0.04507461041745963,189,366,276,222,445,211
1776756676.6114445,20.0,10,6,11.661903789690601,1.418723088770146,0.045337195526511886,189,366,276,222,445,212
1776756676.6896615,20.0,10,6,11.661903789690601,1.418723088770146,0.045337195526511886,189,366,276,222,445,212
1776756676.7708724,20.0,10,6,11.661903789690601,1.418723088770146,0.045337195526511886,189,366,276,222,445,212
1776756676.8539727,20.0,10,6,11.661903789690601,1.418723088770146,0.045337195526511886,189,366,276,222,445,212
1776756676.9305937,20.0,10,6,11.661903789690601,1.418723088770146,0.045337195526511886,189,366,276,222,445,212
1776756677.0121362,20.0,10,6,11.661903789690601,1.418723088770146,0.045337195526511886,189,366,276,222,445,212
1776756677.0912004,20.0,10,6,11.661903789690601,1.418723088770146,0.045337195526511886,189,366,276,222,445,212
1776756677.1721354,20.0,11,6,12.529964086141668,1.5243265311607868,0.045218245157442674,189,366,276,222,446,212
1776756677.2522643,20.0,11,6,12.529964086141668,1.5243265311607868,0.045049148496481374,189,366,277,222,446,212
1776756677.3471017,20.0,11,6,12.529964086141668,1.5243265311607868,0.045049148496481374,189,366,277,222,446,212
1776756677.4428084,20.0,11,6,12.529964086141668,1.5243265311607868,0.045049148496481374,189,366,277,222,446,212
1776756677.5212452,20.0,11,6,12.529964086141668,1.5243265311607868,0.045049148496481374,189,366,277,222,446,212
1776756677.5927162,20.0,11,6,12.529964086141668,1.5243265311607868,0.045049148496481374,189,366,277,222,446,212
1776756677.665681,20.0,11,6,12.529964086141668,1.5243265311607868,0.045049148496481374,189,366,277,222,446,212
1776756677.7480018,20.0,11,6,12.529964086141668,1.5243265311607868,0.045049148496481374,189,366,277,222,446,212
1776756677.825938,20.0,11,6,12.529964086141668,1.5243265311607868,0.045049148496481374,189,366,277,222,446,212
1776756677.905281,20.0,11,6,12.529964086141668,1.5243265311607868,0.045049148496481374,189,366,277,222,446,212
1776756677.9866297,20.0,11,6,12.529964086141668,1.5243265311607868,0.045049148496481374,189,366,277,222,446,212
1776756678.066119,20.0,12,7,13.892443989449804,1.6900783442153045,0.045190529590857335,189,366,277,222,447,213
1776756678.1487164,20.0,12,7,13.892443989449804,1.6900783442153045,0.045190529590857335,189,366,277,222,447,213
1776756678.2280977,20.0,12,7,13.892443989449804,1.6900783442153045,0.045190529590857335,189,366,277,222,447,213
1776756678.3386908,20.0,12,7,13.892443989449804,1.6900783442153045,0.045190529590857335,189,366,277,222,447,213
1776756678.4184594,20.0,12,7,13.892443989449804,1.6900783442153045,0.045190529590857335,189,366,277,222,447,213
1776756678.4964397,20.0,12,7,13.892443989449804,1.6900783442153045,0.045190529590857335,189,366,277,222,447,213
1776756678.5802217,20.0,12,7,13.892443989449804,1.6900783442153045,0.045190529590857335,189,366,277,222,447,213
1776756678.678559,20.0,12,7,13.892443989449804,1.6900783442153045,0.045190529590857335,189,366,277,222,447,213
1776756678.7545981,20.0,12,7,13.892443989449804,1.6900783442153045,0.045190529590857335,189,366,277,222,447,213
1776756678.8346725,20.0,12,7,13.892443989449804,1.6900783442153045,0.045190529590857335,189,366,277,222,447,213
1776756678.9149957,20.0,12,7,13.892443989449804,1.6900783442153045,0.04502387634822496,189,366,278,222,447,213
1776756678.9957876,20.0,13,7,14.7648230602334,1.796207184943236,0.04490480671019816,189,366,278,222,448,213
1776756679.0774467,20.0,13,7,14.7648230602334,1.796207184943236,0.04490480671019816,189,366,278,222,448,213
1776756679.154676,20.0,13,7,14.7648230602334,1.796207184943236,0.04490480671019816,189,366,278,222,448,213
1776756679.253804,20.0,13,7,14.7648230602334,1.796207184943236,0.04490480671019816,189,366,278,222,448,213
1776756679.3465145,20.0,13,7,14.7648230602334,1.796207184943236,0.04490480671019816,189,366,278,222,448,213
1776756679.4267912,20.0,13,8,15.264337522473747,1.856975367697536,0.04543841196759353,189,366,278,221,448,214
1776756679.5075195,20.0,13,8,15.264337522473747,1.856975367697536,0.04543841196759353,189,366,278,221,448,214
1776756679.5862427,20.0,13,8,15.264337522473747,1.856975367697536,0.04543841196759353,189,366,278,221,448,214
1776756679.6530626,20.0,13,8,15.264337522473747,1.856975367697536,0.04543841196759353,189,366,278,221,448,214
1776756679.729116,20.0,13,8,15.264337522473747,1.856975367697536,0.04543841196759353,189,366,278,221,448,214
1776756679.8119044,20.0,13,8,15.264337522473747,1.856975367697536,0.04543841196759353,189,366,278,221,448,214
1776756679.8907561,20.0,13,8,15.264337522473747,1.856975367697536,0.04543841196759353,189,366,278,221,448,214
1776756679.9708672,20.0,14,8,16.1245154965971,1.9616198900969704,0.04531554569980065,189,366,278,221,449,214
1776756680.050683,20.0,14,8,16.1245154965971,1.9616198900969704,0.04531554569980065,189,366,278,221,449,214
1776756680.129037,20.0,14,8,16.1245154965971,1.9616198900969704,0.04531554569980065,189,366,278,221,449,214
1776756680.2112184,20.0,14,8,16.1245154965971,1.9616198900969704,0.04531554569980065,189,366,278,221,449,214
1776756680.2884724,20.0,14,8,16.1245154965971,1.9616198900969704,0.04531554569980065,189,366,278,221,449,214
1776756680.3724592,20.0,14,8,16.1245154965971,1.9616198900969704,0.04531554569980065,189,366,278,221,449,214
1776756680.4504633,20.0,14,8,16.1245154965971,1.9616198900969704,0.04531554569980065,189,366,278,221,449,214
1776756680.529515,20.0,14,8,16.1245154965971,1.9616198900969704,0.04531554569980065,189,366,278,221,449,214
1776756680.6109226,20.0,14,8,16.1245154965971,1.9616198900969704,0.04531554569980065,189,366,278,221,449,214
1776756680.691553,20.0,14,8,16.1245154965971,1.9616198900969704,0.04531554569980065,189,366,278,221,449,214
1776756680.7708998,20.0,14,8,16.1245154965971,1.9616198900969704,0.045155623810710484,189,366,279,221,449,214
1776756680.8532236,20.0,14,8,16.1245154965971,1.9616198900969704,0.045155623810710484,189,366,279,221,449,214
1776756680.9485488,20.0,15,9,17.4928556845359,2.128084633155219,0.0452868745018419,189,366,279,221,450,215
1776756681.0296006,20.0,15,9,17.4928556845359,2.128084633155219,0.0452868745018419,189,366,279,221,450,215
1776756681.1074092,20.0,15,9,17.4928556845359,2.128084633155219,0.0452868745018419,189,366,279,221,450,215
1776756681.2016993,20.0,15,9,17.4928556845359,2.128084633155219,0.0452868745018419,189,366,279,221,450,215
1776756681.2989354,20.0,15,9,17.4928556845359,2.128084633155219,0.0452868745018419,189,366,279,221,450,215
1776756681.3789518,20.0,15,9,17.4928556845359,2.128084633155219,0.0452868745018419,189,366,279,221,450,215
1776756681.4739428,20.0,15,9,17.4928556845359,2.128084633155219,0.0452868745018419,189,366,279,221,450,215
1776756681.557646,20.0,15,9,17.4928556845359,2.128084633155219,0.0452868745018419,189,366,279,221,450,215
1776756681.650142,20.0,15,9,17.4928556845359,2.128084633155219,0.0452868745018419,189,366,279,221,450,215
1776756681.7325764,20.0,15,9,17.4928556845359,2.128084633155219,0.0452868745018419,189,366,279,221,450,215
1776756681.8131819,20.0,15,9,17.4928556845359,2.128084633155219,0.0452868745018419,189,366,279,221,450,215
1776756681.8918307,20.0,15,9,17.4928556845359,2.128084633155219,0.0452868745018419,189,366,279,221,450,215
1776756681.9695866,20.0,15,9,17.4928556845359,2.128084633155219,0.0452868745018419,189,366,279,221,450,215
1776756682.051145,20.0,15,9,17.4928556845359,2.128084633155219,0.0452868745018419,189,366,279,221,450,215
1776756682.1318142,20.0,15,9,17.4928556845359,2.128084633155219,0.0452868745018419,189,366,279,221,450,215
1776756682.210596,20.0,16,9,18.35755975068582,2.2332797750226057,0.04516335155841308,189,366,279,221,451,215
1776756682.2905362,20.0,16,9,18.35755975068582,2.2332797750226057,0.04516335155841308,189,366,279,221,451,215
1776756682.3755162,20.0,16,9,18.35755975068582,2.2332797750226057,0.04516335155841308,189,366,279,221,451,215
1776756682.449242,20.0,16,9,18.35755975068582,2.2332797750226057,0.04516335155841308,189,366,279,221,451,215
1776756682.530162,20.0,16,9,18.35755975068582,2.2332797750226057,0.04516335155841308,189,366,279,221,451,215
1776756682.6092942,20.0,16,10,18.867962264113206,2.2953725382132855,0.045413159635454566,189,366,279,221,451,216
1776756682.6917877,20.0,16,10,18.867962264113206,2.2953725382132855,0.045413159635454566,189,366,279,221,451,216
1776756682.7696137,20.0,16,10,18.867962264113206,2.2953725382132855,0.045413159635454566,189,366,279,221,451,216
1776756682.8524923,20.0,16,10,18.867962264113206,2.2953725382132855,0.045413159635454566,189,366,279,221,451,216
1776756682.930184,20.0,16,10,18.867962264113206,2.2953725382132855,0.045413159635454566,189,366,279,221,451,216
1776756683.0123365,20.0,16,10,18.867962264113206,2.2953725382132855,0.04525831576336123,189,366,280,221,451,216
1776756683.094497,20.0,16,10,18.867962264113206,2.2953725382132855,0.04525831576336123,189,366,280,221,451,216
1776756683.1734009,20.0,16,10,18.867962264113206,2.2953725382132855,0.04525831576336123,189,366,280,221,451,216
1776756683.252363,20.0,17,10,19.72308292331602,2.399401815488567,0.04513365782786282,189,366,280,221,452,216
1776756683.332019,20.0,17,10,19.72308292331602,2.399401815488567,0.04513365782786282,189,366,280,221,452,216
1776756683.409052,20.0,17,10,19.72308292331602,2.399401815488567,0.04513365782786282,189,366,280,221,452,216
1776756683.4901218,20.0,17,10,19.72308292331602,2.399401815488567,0.04540053513497065,189,366,280,220,452,216
1776756683.5709805,20.0,17,10,19.72308292331602,2.399401815488567,0.04540053513497065,189,366,280,220,452,216
1776756683.6499078,20.0,17,10,19.72308292331602,2.399401815488567,0.04540053513497065,189,366,280,220,452,216
1776756683.7151814,20.0,17,10,19.72308292331602,2.399401815488567,0.04540053513497065,189,366,280,220,452,216
1776756683.7957602,20.0,17,10,19.72308292331602,2.399401815488567,0.04540053513497065,189,366,280,220,452,216
1776756683.874904,20.0,17,10,19.72308292331602,2.399401815488567,0.04540053513497065,189,366,280,220,452,216
1776756683.9553897,20.0,17,10,19.72308292331602,2.399401815488567,0.04540053513497065,189,366,280,220,452,216
1776756684.051291,20.0,17,10,19.72308292331602,2.399401815488567,0.04540053513497065,189,366,280,220,452,216
1776756684.1310546,20.0,18,11,21.095023109728988,2.5663045145655703,0.04551926718416935,189,366,280,220,453,217
1776756684.2106647,20.0,18,11,21.095023109728988,2.5663045145655703,0.04551926718416935,189,366,280,220,453,217
1776756684.2912307,20.0,18,11,21.095023109728988,2.5663045145655703,0.04551926718416935,189,366,280,220,453,217
1776756684.3707428,20.0,18,11,21.095023109728988,2.5663045145655703,0.04551926718416935,189,366,280,220,453,217
1776756684.450267,20.0,18,11,21.095023109728988,2.5663045145655703,0.04551926718416935,189,366,280,220,453,217
1776756684.5319574,20.0,18,11,21.095023109728988,2.5663045145655703,0.04551926718416935,189,366,280,220,453,217
1776756684.6105382,20.0,18,11,21.095023109728988,2.5663045145655703,0.04551926718416935,189,366,280,220,453,217
1776756684.6885283,20.0,18,11,21.095023109728988,2.5663045145655703,0.045370749498386195,189,366,281,220,453,217
1776756684.7705765,20.0,18,11,21.095023109728988,2.5663045145655703,0.045370749498386195,189,366,281,220,453,217
1776756684.8500068,20.0,18,11,21.095023109728988,2.5663045145655703,0.045370749498386195,189,366,281,220,453,217
1776756684.9285433,20.0,18,11,21.095023109728988,2.5663045145655703,0.045370749498386195,189,366,281,220,453,217
1776756685.0092,20.0,18,11,21.095023109728988,2.5663045145655703,0.045370749498386195,189,366,281,220,453,217
1776756685.0942273,20.0,18,11,21.095023109728988,2.5663045145655703,0.045370749498386195,189,366,281,220,453,217
1776756685.1733305,20.0,19,11,21.95449840010015,2.670863552323619,0.045243708898571364,189,366,281,220,454,217
1776756685.269809,20.0,19,11,21.95449840010015,2.670863552323619,0.045243708898571364,189,366,281,220,454,217
1776756685.346433,20.0,19,11,21.95449840010015,2.670863552323619,0.045243708898571364,189,366,281,220,454,217
1776756685.4288044,20.0,19,11,21.95449840010015,2.670863552323619,0.045243708898571364,189,366,281,220,454,217
1776756685.5232584,20.0,19,11,21.95449840010015,2.670863552323619,0.045243708898571364,189,366,281,220,454,217
1776756685.6171906,20.0,19,11,21.95449840010015,2.670863552323619,0.045243708898571364,189,366,281,220,454,217
1776756685.6981049,20.0,19,11,21.95449840010015,2.670863552323619,0.045243708898571364,189,366,281,220,454,217
1776756685.7806537,20.0,19,11,21.95449840010015,2.670863552323619,0.045243708898571364,189,366,281,220,454,217
1776756685.8609035,20.0,19,11,21.95449840010015,2.670863552323619,0.045243708898571364,189,366,281,220,454,217
1776756685.9403124,20.0,19,12,22.47220505424423,2.7338448971100036,0.04548726098516414,189,366,281,220,454,218
1776756686.0191202,20.0,19,12,22.47220505424423,2.7338448971100036,0.04548726098516414,189,366,281,220,454,218
1776756686.0999396,20.0,20,12,23.323807579381203,2.837446177540292,0.045358686045500606,189,366,281,220,455,218
1776756686.1814566,20.0,20,12,23.323807579381203,2.837446177540292,0.045358686045500606,189,366,281,220,455,218
1776756686.2738786,20.0,20,12,23.323807579381203,2.837446177540292,0.045358686045500606,189,366,281,220,455,218
1776756686.3563013,20.0,20,12,23.323807579381203,2.837446177540292,0.045358686045500606,189,366,281,220,455,218
1776756686.4499438,20.0,20,12,23.323807579381203,2.837446177540292,0.045358686045500606,189,366,281,220,455,218
1776756686.5461152,20.0,20,12,23.323807579381203,2.837446177540292,0.045358686045500606,189,366,281,220,455,218
1776756686.6445255,20.0,20,12,23.323807579381203,2.837446177540292,0.045358686045500606,189,366,281,220,455,218
1776756686.7226665,20.0,20,12,23.323807579381203,2.837446177540292,0.045358686045500606,189,366,281,220,455,218
1776756686.801359,20.0,20,12,23.323807579381203,2.837446177540292,0.045358686045500606,189,366,281,220,455,218
1776756686.8810842,20.0,20,12,23.323807579381203,2.837446177540292,0.045358686045500606,189,366,281,220,455,218
1776756686.9600568,20.0,20,12,23.323807579381203,2.837446177540292,0.045358686045500606,189,366,281,220,455,218
1776756687.0419333,20.0,20,12,23.323807579381203,2.837446177540292,0.045358686045500606,189,366,281,220,455,218
1776756687.1222258,20.0,20,12,23.323807579381203,2.837446177540292,0.045358686045500606,189,366,281,220,455,218
1776756687.2036142,20.0,21,12,24.186773244895647,2.9424298351454556,0.045085379634936126,189,366,282,220,456,218
1776756687.2979887,20.0,21,12,24.186773244895647,2.9424298351454556,0.045085379634936126,189,366,282,220,456,218
1776756687.3627527,20.0,21,12,24.186773244895647,2.9424298351454556,0.045085379634936126,189,366,282,220,456,218
1776756687.4436333,20.0,21,12,24.186773244895647,2.9424298351454556,0.045085379634936126,189,366,282,220,456,218
1776756687.5250807,20.0,21,12,24.186773244895647,2.9424298351454556,0.045085379634936126,189,366,282,220,456,218
1776756687.6040835,20.0,21,13,24.698178070456937,3.0046445341188486,0.045325684714602764,189,366,282,220,456,219
1776756687.685051,20.0,-5,13,13.92838827718412,1.6944511286112065,0.04483875173963765,189,366,308,220,430,219
1776756687.762731,20.0,-27,13,29.966648127543394,3.645577631088004,0.04411304833425565,189,366,331,220,408,219
1776756687.8430908,20.0,-46,13,47.80167361086848,5.815288760446286,0.04340821368582319,189,366,349,220,389,219
1776756687.9254308,20.0,-62,13,63.34824385884742,7.706599009592143,0.03756035359826176,189,366,365,220,373,219
1776756688.0020125,20.0,-75,13,76.11832893594026,9.260137340138716,0.04739841094727361,189,366,379,220,360,219
1776756688.0838516,20.0,-87,13,87.96590248499699,10.701447990875545,0.04589180240371285,189,366,391,220,348,219
1776756688.1648257,20.0,-97,13,97.86725703727473,11.905992340301061,0.04557050495222293,189,366,401,220,338,219
1776756688.2583227,20.0,-105,13,105.80170130957252,12.871253200677922,0.045476566662517384,189,366,409,220,330,219
1776756688.340407,20.0,-112,13,112.75194011634566,13.716781036051783,0.045454272538180546,189,366,416,220,323,219
1776756688.4342082,20.0,-118,13,118.71394189394942,14.442085388558324,0.04531986388293308,189,366,423,220,317,219
1776756688.5155892,20.0,-123,13,123.68508398347798,15.046847199936494,0.045342576088158615,189,366,428,220,312,219
1776756688.6001985,20.0,-128,13,128.65846260545786,15.651881095554483,0.04551304164039303,189,366,432,220,307,219
1776756688.673607,20.0,-132,13,132.6386067478093,16.1360835459622,0.045540369604290476,189,366,436,220,303,219
1776756688.75395,20.0,-135,13,135.6244815658294,16.499328657643478,0.04556227336752715,189,366,439,220,300,219
1776756688.8362496,20.0,-137,13,137.6154061142865,16.7415335905458,0.04544054386736676,189,366,442,220,298,219
1776756688.916019,20.0,-140,13,140.60227594174995,17.104899749604616,0.04559979646463154,189,366,444,220,295,219
1776756688.995055,20.0,-142,13,142.59382875847047,17.347181114169157,0.045614689086334155,189,366,446,220,293,219
1776756689.0743587,20.0,-143,13,143.58969322343438,17.46833250893362,0.04548712172946806,189,366,448,220,292,219
1776756689.1540685,20.0,-145,13,145.58159224297555,17.710655990629625,0.04563640302385444,189,366,449,220,290,219
1776756689.2338145,20.0,-146,13,146.57762448614045,17.83182779636745,0.04550935160571254,189,366,451,220,289,219
1776756689.3160746,20.0,-147,13,147.57371039585607,17.95300613088273,0.04551647262762521,189,366,452,220,288,219
1776756689.3943589,20.0,-147,13,147.57371039585607,17.95300613088273,0.04538338627095309,189,366,453,220,288,219
1776756689.4758263,20.0,-148,13,148.56984889270097,18.074190862859,0.04539061204438173,189,366,454,220,287,219
1776756689.5705805,20.0,-148,13,148.56984889270097,18.074190862859,0.04539061204438173,189,366,454,220,287,219
1776756689.6498897,20.0,-149,13,149.56603892595405,18.195381864471294,0.04539763937063343,189,366,455,220,286,219
1776756689.7311034,20.0,-149,13,149.56603892595405,18.195381864471294,0.04526577852248304,189,366,456,220,286,219
1776756689.809035,20.0,-150,13,150.56227947264878,18.31657901127114,0.045404448385520775,189,366,456,220,285,219
1776756689.8910074,20.0,-150,13,150.56227947264878,18.31657901127114,0.045404448385520775,189,366,456,220,285,219
1776756689.9700994,20.0,-150,13,150.56227947264878,18.31657901127114,0.04527286561790063,189,366,457,220,285,219
1776756690.037143,20.0,-150,13,150.56227947264878,18.31657901127114,0.04527286561790063,189,366,457,220,285,219
1776756690.1297462,20.0,-151,13,151.5585695366646,18.437782182075985,0.04541101915892597,189,366,457,220,284,219
1776756690.2088459,20.0,-151,13,151.5585695366646,18.437782182075985,0.04541101915892597,189,366,457,220,284,219
1776756690.2915192,20.0,-151,13,151.5585695366646,18.437782182075985,0.045279713739935556,189,366,458,220,284,219
1776756690.3709195,20.0,-151,13,151.5585695366646,18.437782182075985,0.045279713739935556,189,366,458,220,284,219
1776756690.4502497,20.0,-151,13,151.5585695366646,18.437782182075985,0.045279713739935556,189,366,458,220,284,219
1776756690.5298524,20.0,-151,13,151.5585695366646,18.437782182075985,0.045515765238835056,189,366,458,221,284,219
1776756690.6092584,20.0,-151,13,151.5585695366646,18.437782182075985,0.045515765238835056,189,366,458,221,284,219
1776756690.6922348,20.0,-151,13,151.5585695366646,18.437782182075985,0.045383100366193134,189,366,459,221,284,219
1776756690.7883606,20.0,-151,13,151.5585695366646,18.437782182075985,0.045383100366193134,189,366,459,221,284,219
1776756690.8645124,20.0,-151,13,151.5585695366646,18.437782182075985,0.045383100366193134,189,366,459,221,284,219
1776756690.945379,20.0,-151,13,151.5585695366646,18.437782182075985,0.045383100366193134,189,366,459,221,284,219
1776756691.0257266,20.0,-151,13,151.5585695366646,18.437782182075985,0.045383100366193134,189,366,459,221,284,219
1776756691.1081555,20.0,-151,13,151.5585695366646,18.437782182075985,0.045383100366193134,189,366,459,221,284,219
1776756691.1866999,20.0,-151,13,151.5585695366646,18.437782182075985,0.045383100366193134,189,366,459,221,284,219
1776756691.2661307,20.0,-151,13,151.5585695366646,18.437782182075985,0.045383100366193134,189,366,459,221,284,219
1776756691.3453255,20.0,-151,13,151.5585695366646,18.437782182075985,0.045383100366193134,189,366,459,221,284,219
1776756691.420863,20.0,-151,12,151.47607071745688,18.427745829374313,0.04563299739661737,189,366,459,221,284,218
1776756691.4907706,20.0,-151,12,151.47607071745688,18.427745829374313,0.04549940314373064,189,366,460,221,284,218
1776756691.5690606,20.0,-151,12,151.47607071745688,18.427745829374313,0.04549940314373064,189,366,460,221,284,218
1776756691.6507032,20.0,-151,12,151.47607071745688,18.427745829374313,0.04549940314373064,189,366,460,221,284,218
1776756691.7329044,20.0,-151,12,151.47607071745688,18.427745829374313,0.04572839351167649,189,366,460,222,284,218
1776756691.826732,20.0,-151,12,151.47607071745688,18.427745829374313,0.04572839351167649,189,366,460,222,284,218
1776756691.9050376,20.0,-151,12,151.47607071745688,18.427745829374313,0.04572839351167649,189,366,460,222,284,218
1776756691.9854898,20.0,-151,12,151.47607071745688,18.427745829374313,0.04572839351167649,189,366,460,222,284,218
1776756692.069191,20.0,-151,12,151.47607071745688,18.427745829374313,0.04572839351167649,189,366,460,222,284,218
1776756692.1471534,20.0,-151,12,151.47607071745688,18.427745829374313,0.04572839351167649,189,366,460,222,284,218
1776756692.2284856,20.0,-151,12,151.47607071745688,18.427745829374313,0.04572839351167649,189,366,460,222,284,218
1776756692.3060384,20.0,-151,12,151.47607071745688,18.427745829374313,0.04572839351167649,189,366,460,222,284,218
1776756692.386257,20.0,-151,12,151.47607071745688,18.427745829374313,0.045593560366143926,189,366,461,222,284,218
1776756692.4662395,20.0,-151,12,151.47607071745688,18.427745829374313,0.045593560366143926,189,366,461,222,284,218
1776756692.562658,20.0,-151,12,151.47607071745688,18.427745829374313,0.045593560366143926,189,366,461,222,284,218
1776756692.6417315,20.0,-151,12,151.47607071745688,18.427745829374313,0.045593560366143926,189,366,461,222,284,218
1776756692.7219403,20.0,-151,12,151.47607071745688,18.427745829374313,0.045593560366143926,189,366,461,222,284,218
1776756692.8015904,20.0,-151,12,151.47607071745688,18.427745829374313,0.045593560366143926,189,366,461,222,284,218
1776756692.880908,20.0,-151,12,151.47607071745688,18.427745829374313,0.045593560366143926,189,366,461,222,284,218
1776756692.9609163,20.0,-150,12,150.47923444781344,18.30647621019628,0.045463869696161244,189,366,461,222,285,218
1776756693.0596874,20.0,-150,12,150.47923444781344,18.30647621019628,0.045463869696161244,189,366,461,222,285,218
1776756693.138377,20.0,-150,12,150.47923444781344,18.30647621019628,0.045463869696161244,189,366,461,222,285,218
1776756693.218496,20.0,-150,12,150.47923444781344,18.30647621019628,0.045463869696161244,189,366,461,222,285,218
1776756693.297733,20.0,-150,12,150.47923444781344,18.30647621019628,0.045555911511267796,189,366,462,223,285,218
1776756693.3932261,20.0,-150,12,150.47923444781344,18.30647621019628,0.045555911511267796,189,366,462,223,285,218
1776756693.4495637,20.0,-150,12,150.47923444781344,18.30647621019628,0.045555911511267796,189,366,462,223,285,218
1776756693.5069864,20.0,-150,12,150.47923444781344,18.30647621019628,0.045555911511267796,189,366,462,223,285,218
1776756693.564235,20.0,-150,12,150.47923444781344,18.30647621019628,0.045555911511267796,189,366,462,223,285,218
1776756693.6168187,20.0,-150,12,150.47923444781344,18.30647621019628,0.045555911511267796,189,366,462,223,285,218
1776756693.6742551,20.0,-150,12,150.47923444781344,18.30647621019628,0.045555911511267796,189,366,462,223,285,218
1776756693.7315426,20.0,-150,12,150.47923444781344,18.30647621019628,0.045555911511267796,189,366,462,223,285,218
1776756693.7887592,20.0,-150,12,150.47923444781344,18.30647621019628,0.045555911511267796,189,366,462,223,285,218
1776756693.8471365,20.0,-150,12,150.47923444781344,18.30647621019628,0.045555911511267796,189,366,462,223,285,218
1776756693.9035077,20.0,-150,12,150.47923444781344,18.30647621019628,0.045555911511267796,189,366,462,223,285,218
1776756693.9570136,20.0,-150,12,150.47923444781344,18.30647621019628,0.04542090292015414,189,366,463,223,285,218
1776756694.0140731,20.0,-150,12,150.47923444781344,18.30647621019628,0.04542090292015414,189,366,463,223,285,218
1776756694.0714538,20.0,-150,12,150.47923444781344,18.30647621019628,0.04542090292015414,189,366,463,223,285,218
1776756694.1290421,20.0,-150,12,150.47923444781344,18.30647621019628,0.04564369471000625,189,366,463,224,285,218
1776756694.1860354,20.0,-150,12,150.47923444781344,18.30647621019628,0.04564369471000625,189,366,463,224,285,218
1776756694.243379,20.0,-149,12,149.4824404403407,18.185211732401545,0.045518220166462474,189,366,463,224,286,218
1776756694.296864,20.0,-149,12,149.4824404403407,18.185211732401545,0.045518220166462474,189,366,463,224,286,218
1776756694.3541896,20.0,-149,12,149.4824404403407,18.185211732401545,0.045518220166462474,189,366,463,224,286,218
1776756694.411414,20.0,-149,11,149.40548852033515,18.175850184955614,0.04562060602586851,189,366,464,224,286,217
1776756694.468752,20.0,-149,11,149.40548852033515,18.175850184955614,0.04562060602586851,189,366,464,224,286,217
1776756694.5259955,20.0,-149,11,149.40548852033515,18.175850184955614,0.04584023979193215,189,366,464,225,286,217
1776756694.58331,20.0,-149,11,149.40548852033515,18.175850184955614,0.04584023979193215,189,366,464,225,286,217
1776756694.6366785,20.0,-149,11,149.40548852033515,18.175850184955614,0.04570183110834766,189,366,465,225,286,217
1776756694.6940508,20.0,-148,11,148.4082207965583,18.05452807744018,0.045581593516068025,189,366,465,225,287,217
1776756694.7513373,20.0,-148,11,148.4082207965583,18.05452807744018,0.045581593516068025,189,366,465,225,287,217
1776756694.808582,20.0,-148,11,148.4082207965583,18.05452807744018,0.045581593516068025,189,366,465,225,287,217
1776756694.8659546,20.0,-148,11,148.4082207965583,18.05452807744018,0.04544417076474801,189,366,466,225,287,217
1776756694.9194047,20.0,-148,11,148.4082207965583,18.05452807744018,0.04544417076474801,189,366,466,225,287,217
1776756694.9767025,20.0,-148,11,148.4082207965583,18.05452807744018,0.045660765763769755,189,366,466,226,287,217
1776756695.0345228,20.0,-148,11,148.4082207965583,18.05452807744018,0.045660765763769755,189,366,466,226,287,217
1776756695.091354,20.0,-148,11,148.4082207965583,18.05452807744018,0.045660765763769755,189,366,466,226,287,217
1776756695.1489244,20.0,-148,11,148.4082207965583,18.05452807744018,0.045660765763769755,189,366,466,226,287,217
1776756695.2071102,20.0,-148,11,148.4082207965583,18.05452807744018,0.04552233305984307,189,366,467,226,287,217
1776756695.259922,20.0,-148,11,148.4082207965583,18.05452807744018,0.04552233305984307,189,366,467,226,287,217
1776756695.3168178,20.0,-148,11,148.4082207965583,18.05452807744018,0.04552233305984307,189,366,467,226,287,217
1776756695.3741193,20.0,-148,11,148.4082207965583,18.05452807744018,0.04573592070592456,189,366,467,227,287,217
1776756695.431744,20.0,-148,11,148.4082207965583,18.05452807744018,0.04573592070592456,189,366,467,227,287,217
1776756695.4890554,20.0,-147,11,147.41099009232656,17.933210473519043,0.0456196169763082,189,366,467,227,288,217
1776756695.5462172,20.0,-147,11,147.41099009232656,17.933210473519043,0.0456196169763082,189,366,467,227,288,217
1776756695.5996315,20.0,-147,11,147.41099009232656,17.933210473519043,0.0454804065534058,189,366,468,227,288,217
1776756695.65715,20.0,-147,11,147.41099009232656,17.933210473519043,0.0454804065534058,189,366,468,227,288,217
1776756695.7143736,20.0,-147,11,147.41099009232656,17.933210473519043,0.0454804065534058,189,366,468,227,288,217
1776756695.771144,20.0,-147,11,147.41099009232656,17.933210473519043,0.0454804065534058,189,366,468,227,288,217
1776756695.8283937,20.0,-147,11,147.41099009232656,17.933210473519043,0.0454804065534058,189,366,468,227,288,217
1776756695.8858573,20.0,-147,11,147.41099009232656,17.933210473519043,0.0454804065534058,189,366,468,227,288,217
1776756695.9392533,20.0,-147,11,147.41099009232656,17.933210473519043,0.04546203448553233,189,365,468,227,288,217
1776756695.9964452,20.0,-147,11,147.41099009232656,17.933210473519043,0.04546203448553233,189,365,468,227,288,217
1776756696.0539086,20.0,-147,10,147.33974345029924,17.924542998819856,0.045692751499997845,189,365,468,227,288,216
1776756696.111683,20.0,-147,10,147.33974345029924,17.924542998819856,0.045903821682188164,189,365,468,228,288,216
1776756696.1689823,20.0,-147,10,147.33974345029924,17.924542998819856,0.045903821682188164,189,365,468,228,288,216
1776756696.2259717,20.0,-147,10,147.33974345029924,17.924542998819856,0.045903821682188164,189,365,468,228,288,216
1776756696.2793639,20.0,-147,10,147.33974345029924,17.924542998819856,0.04576198130976041,189,365,469,228,288,216
1776756696.338112,20.0,-147,10,147.33974345029924,17.924542998819856,0.04576198130976041,189,365,469,228,288,216
1776756696.3947053,20.0,-147,10,147.33974345029924,17.924542998819856,0.04576198130976041,189,365,469,228,288,216
1776756696.4514902,20.0,-147,10,147.33974345029924,17.924542998819856,0.04576198130976041,189,365,469,228,288,216
1776756696.5094461,20.0,-147,10,147.33974345029924,17.924542998819856,0.04576198130976041,189,365,469,228,288,216
1776756696.620056,20.0,-147,10,147.33974345029924,17.924542998819856,0.04576198130976041,189,365,469,228,288,216
1776756696.6767778,20.0,-147,10,147.33974345029924,17.924542998819856,0.04576198130976041,189,365,469,228,288,216
1776756696.7342904,20.0,-146,10,146.34206503941374,17.803170929369067,0.045649490265423864,189,365,469,228,289,216
1776756696.7915726,20.0,-146,10,146.34206503941374,17.803170929369067,0.045649490265423864,189,365,469,228,289,216
1776756696.8486643,20.0,-146,10,146.34206503941374,17.803170929369067,0.045649490265423864,189,365,469,228,289,216
1776756696.9019797,20.0,-146,10,146.34206503941374,17.803170929369067,0.045649490265423864,189,365,469,228,289,216
1776756696.9595323,20.0,-146,10,146.34206503941374,17.803170929369067,0.04550862004291851,189,365,470,228,289,216
1776756697.0171683,20.0,-146,10,146.34206503941374,17.803170929369067,0.04571673380514426,189,365,470,229,289,216
1776756697.0736105,20.0,-146,10,146.34206503941374,17.803170929369067,0.04571673380514426,189,365,470,229,289,216
1776756697.13152,20.0,-146,10,146.34206503941374,17.803170929369067,0.04571673380514426,189,365,470,229,289,216
1776756697.188842,20.0,-146,10,146.34206503941374,17.803170929369067,0.04571673380514426,189,365,470,229,289,216
1776756697.242669,20.0,-146,10,146.34206503941374,17.803170929369067,0.04571673380514426,189,365,470,229,289,216
1776756697.2994041,20.0,-146,10,146.34206503941374,17.803170929369067,0.04571673380514426,189,365,470,229,289,216
1776756697.356867,20.0,-146,10,146.34206503941374,17.803170929369067,0.04571673380514426,189,365,470,229,289,216
1776756697.4141068,20.0,-146,10,146.34206503941374,17.803170929369067,0.04571673380514426,189,365,470,229,289,216
1776756697.471145,20.0,-146,10,146.34206503941374,17.803170929369067,0.04571673380514426,189,365,470,229,289,216
1776756697.5285153,20.0,-146,10,146.34206503941374,17.803170929369067,0.04571673380514426,189,365,470,229,289,216
1776756697.5819108,20.0,-146,10,146.34206503941374,17.803170929369067,0.04571673380514426,189,365,470,229,289,216
1776756697.6396692,20.0,-146,10,146.34206503941374,17.803170929369067,0.04571673380514426,189,365,470,229,289,216
1776756697.696922,20.0,-146,10,146.34206503941374,17.803170929369067,0.04571673380514426,189,365,470,229,289,216
1776756697.7537794,20.0,-146,10,146.34206503941374,17.803170929369067,0.04571673380514426,189,365,470,229,289,216
1776756697.8112776,20.0,-146,10,146.34206503941374,17.803170929369067,0.04571673380514426,189,365,470,229,289,216
1776756697.8647165,20.0,-146,10,146.34206503941374,17.803170929369067,0.04571673380514426,189,365,470,229,289,216
1776756697.9218547,20.0,-146,10,146.34206503941374,17.803170929369067,0.04571673380514426,189,365,470,229,289,216
1776756697.9791105,20.0,-146,10,146.34206503941374,17.803170929369067,0.04571673380514426,189,365,470,229,289,216
1776756698.0364904,20.0,-146,10,146.34206503941374,17.803170929369067,0.04557501593784082,189,365,471,229,289,216
1776756698.0941727,20.0,-146,10,146.34206503941374,17.803170929369067,0.04557501593784082,189,365,471,229,289,216
1776756698.151387,20.0,-146,10,146.34206503941374,17.803170929369067,0.04557501593784082,189,365,471,229,289,216
1776756698.2049344,20.0,-146,10,146.34206503941374,17.803170929369067,0.04557501593784082,189,365,471,229,289,216
1776756698.2615323,20.0,-146,10,146.34206503941374,17.803170929369067,0.04557501593784082,189,365,471,229,289,216
1776756698.3191442,20.0,-146,10,146.34206503941374,17.803170929369067,0.04557501593784082,189,365,471,229,289,216
1776756698.37668,20.0,-146,10,146.34206503941374,17.803170929369067,0.04557501593784082,189,365,471,229,289,216
1776756698.434238,20.0,-146,10,146.34206503941374,17.803170929369067,0.045780184699958815,189,365,471,230,289,216
1776756698.4912972,20.0,-146,10,146.34206503941374,17.803170929369067,0.045780184699958815,189,365,471,230,289,216
1776756698.5448217,20.0,-146,10,146.34206503941374,17.803170929369067,0.045780184699958815,189,365,471,230,289,216
1776756698.601806,20.0,-146,10,146.34206503941374,17.803170929369067,0.045780184699958815,189,365,471,230,289,216
1776756698.6591854,20.0,-146,10,146.34206503941374,17.803170929369067,0.045780184699958815,189,365,471,230,289,216
1776756698.716955,20.0,-146,10,146.34206503941374,17.803170929369067,0.045780184699958815,189,365,471,230,289,216
1776756698.7739828,20.0,-146,10,146.34206503941374,17.803170929369067,0.045780184699958815,189,365,471,230,289,216
1776756698.8312151,20.0,-146,10,146.34206503941374,17.803170929369067,0.045780184699958815,189,365,471,230,289,216
1776756698.8844914,20.0,-146,10,146.34206503941374,17.803170929369067,0.045780184699958815,189,365,471,230,289,216
1776756698.9415407,20.0,-146,10,146.34206503941374,17.803170929369067,0.045780184699958815,189,365,471,230,289,216
1776756698.9992158,20.0,-146,10,146.34206503941374,17.803170929369067,0.045780184699958815,189,365,471,230,289,216
1776756699.0570183,20.0,-146,10,146.34206503941374,17.803170929369067,0.045780184699958815,189,365,471,230,289,216
1776756699.1140351,20.0,-145,10,145.34441853748632,17.681802741786655,0.04567138732088623,189,365,471,230,290,216
1776756699.1711707,20.0,-145,10,145.34441853748632,17.681802741786655,0.04567138732088623,189,365,471,230,290,216
1776756699.2250812,20.0,-145,10,145.34441853748632,17.681802741786655,0.04567138732088623,189,365,471,230,290,216
1776756699.2824123,20.0,-145,10,145.34441853748632,17.681802741786655,0.04567138732088623,189,365,471,230,290,216
1776756699.33888,20.0,-145,10,145.34441853748632,17.681802741786655,0.0455289820429353,189,365,472,230,290,216
1776756699.396297,20.0,-145,10,145.34441853748632,17.681802741786655,0.0455289820429353,189,365,472,230,290,216
1776756699.4536004,20.0,-145,10,145.34441853748632,17.681802741786655,0.0455289820429353,189,365,472,230,290,216
1776756699.5068834,20.0,-145,10,145.34441853748632,17.681802741786655,0.0455289820429353,189,365,472,230,290,216
1776756699.564974,20.0,-145,10,145.34441853748632,17.681802741786655,0.0455289820429353,189,365,472,230,290,216
1776756699.6217873,20.0,-145,10,145.34441853748632,17.681802741786655,0.0455289820429353,189,365,472,230,290,216
1776756699.679047,20.0,-145,10,145.34441853748632,17.681802741786655,0.0455289820429353,189,365,472,230,290,216
1776756699.7367413,20.0,-145,10,145.34441853748632,17.681802741786655,0.0455289820429353,189,365,472,230,290,216
1776756699.793949,20.0,-145,10,145.34441853748632,17.681802741786655,0.0455289820429353,189,365,472,230,290,216
1776756699.8473592,20.0,-145,10,145.34441853748632,17.681802741786655,0.04573288765201043,189,365,472,231,290,216
1776756699.904737,20.0,-145,10,145.34441853748632,17.681802741786655,0.04573288765201043,189,365,472,231,290,216
1776756699.9620917,20.0,-145,10,145.34441853748632,17.681802741786655,0.04573288765201043,189,365,472,231,290,216
1776756700.018613,20.0,-145,10,145.34441853748632,17.681802741786655,0.04573288765201043,189,365,472,231,290,216
1776756700.0765235,20.0,-145,10,145.34441853748632,17.681802741786655,0.04573288765201043,189,365,472,231,290,216
1776756700.1332297,20.0,-145,9,145.27904184706065,17.673849373121733,0.04595191563225707,189,365,472,231,290,215
1776756700.1871476,20.0,-145,9,145.27904184706065,17.673849373121733,0.04595191563225707,189,365,472,231,290,215
1776756700.2442281,20.0,-145,9,145.27904184706065,17.673849373121733,0.04595191563225707,189,365,472,231,290,215
1776756700.3015394,20.0,-145,9,145.27904184706065,17.673849373121733,0.04595191563225707,189,365,472,231,290,215
1776756700.3591528,20.0,-145,9,145.27904184706065,17.673849373121733,0.04595191563225707,189,365,472,231,290,215
1776756700.4158146,20.0,-145,9,145.27904184706065,17.673849373121733,0.04595191563225707,189,365,472,231,290,215
1776756700.473076,20.0,-145,9,145.27904184706065,17.673849373121733,0.04595191563225707,189,365,472,231,290,215
1776756700.526555,20.0,-145,9,145.27904184706065,17.673849373121733,0.04595191563225707,189,365,472,231,290,215
1776756700.5838397,20.0,-145,9,145.27904184706065,17.673849373121733,0.04595191563225707,189,365,472,231,290,215
1776756700.6416,20.0,-145,9,145.27904184706065,17.673849373121733,0.04595191563225707,189,365,472,231,290,215
1776756700.6992779,20.0,-145,9,145.27904184706065,17.673849373121733,0.04595191563225707,189,365,472,231,290,215
1776756700.7562683,20.0,-145,9,145.27904184706065,17.673849373121733,0.04595191563225707,189,365,472,231,290,215
1776756700.8133173,20.0,-145,9,145.27904184706065,17.673849373121733,0.04595191563225707,189,365,472,231,290,215
1776756700.8667367,20.0,-144,9,144.2809758769326,17.552430155344595,0.04584763136107472,189,365,472,231,291,215
1776756700.9244814,20.0,-144,9,144.2809758769326,17.552430155344595,0.04570333286698388,189,365,473,231,291,215
1776756700.9813592,20.0,-144,9,144.2809758769326,17.552430155344595,0.04570333286698388,189,365,473,231,291,215
1776756701.0388837,20.0,-144,9,144.2809758769326,17.552430155344595,0.04570333286698388,189,365,473,231,291,215
1776756701.096249,20.0,-144,9,144.2809758769326,17.552430155344595,0.04570333286698388,189,365,473,231,291,215
1776756701.1495204,20.0,-144,9,144.2809758769326,17.552430155344595,0.04570333286698388,189,365,473,231,291,215
1776756701.2067816,20.0,-144,9,144.2809758769326,17.552430155344595,0.04570333286698388,189,365,473,231,291,215
1776756701.2640018,20.0,-144,9,144.2809758769326,17.552430155344595,0.04570333286698388,189,365,473,231,291,215
1776756701.3215494,20.0,-144,9,144.2809758769326,17.552430155344595,0.04590399248083823,189,365,473,232,291,215
1776756701.3795109,20.0,-144,9,144.2809758769326,17.552430155344595,0.04590399248083823,189,365,473,232,291,215
1776756701.4364953,20.0,-144,9,144.2809758769326,17.552430155344595,0.04590399248083823,189,365,473,232,291,215
1776756701.4901586,20.0,-144,9,144.2809758769326,17.552430155344595,0.04590399248083823,189,365,473,232,291,215
1776756701.5473163,20.0,-144,9,144.2809758769326,17.552430155344595,0.04590399248083823,189,365,473,232,291,215
1776756701.6052585,20.0,-144,9,144.2809758769326,17.552430155344595,0.04590399248083823,189,365,473,232,291,215
1776756701.6614077,20.0,-144,9,144.2809758769326,17.552430155344595,0.04590399248083823,189,365,473,232,291,215
1776756701.719072,20.0,-144,9,144.2809758769326,17.552430155344595,0.04590399248083823,189,365,473,232,291,215
1776756701.7760408,20.0,-144,9,144.2809758769326,17.552430155344595,0.04590399248083823,189,365,473,232,291,215
1776756701.8297224,20.0,-144,9,144.2809758769326,17.552430155344595,0.04590399248083823,189,365,473,232,291,215
1776756701.8867784,20.0,-144,9,144.2809758769326,17.552430155344595,0.04590399248083823,189,365,473,232,291,215
1776756701.9439607,20.0,-144,9,144.2809758769326,17.552430155344595,0.04590399248083823,189,365,473,232,291,215
1776756702.00165,20.0,-144,9,144.2809758769326,17.552430155344595,0.04590399248083823,189,365,473,232,291,215
1776756702.0587404,20.0,-144,9,144.2809758769326,17.552430155344595,0.04590399248083823,189,365,473,232,291,215
1776756702.1158948,20.0,-144,9,144.2809758769326,17.552430155344595,0.04590399248083823,189,365,473,232,291,215
1776756702.1693459,20.0,-144,9,144.2809758769326,17.552430155344595,0.04590399248083823,189,365,473,232,291,215
1776756702.2271054,20.0,-144,9,144.2809758769326,17.552430155344595,0.04590399248083823,189,365,473,232,291,215
1776756702.2845945,20.0,-144,9,144.2809758769326,17.552430155344595,0.04590399248083823,189,365,473,232,291,215
1776756702.3418312,20.0,-144,9,144.2809758769326,17.552430155344595,0.04590399248083823,189,365,473,232,291,215
1776756702.3989573,20.0,-144,9,144.2809758769326,17.552430155344595,0.04590399248083823,189,365,473,232,291,215
1776756702.4517896,20.0,-144,9,144.2809758769326,17.552430155344595,0.04575899036744708,189,365,474,232,291,215
1776756702.509454,20.0,-144,9,144.2809758769326,17.552430155344595,0.04575899036744708,189,365,474,232,291,215
1776756702.5664644,20.0,-144,9,144.2809758769326,17.552430155344595,0.04575899036744708,189,365,474,232,291,215
1776756702.6238556,20.0,-144,9,144.2809758769326,17.552430155344595,0.04575899036744708,189,365,474,232,291,215
1776756702.6808088,20.0,-144,9,144.2809758769326,17.552430155344595,0.04575899036744708,189,365,474,232,291,215
1776756702.7382014,20.0,-144,9,144.2809758769326,17.552430155344595,0.04575899036744708,189,365,474,232,291,215
1776756702.7915807,20.0,-144,9,144.2809758769326,17.552430155344595,0.04575899036744708,189,365,474,232,291,215
1776756702.848911,20.0,-144,9,144.2809758769326,17.552430155344595,0.04575899036744708,189,365,474,232,291,215
1776756702.9067028,20.0,-144,9,144.2809758769326,17.552430155344595,0.04575899036744708,189,365,474,232,291,215
1776756702.963499,20.0,-144,9,144.2809758769326,17.552430155344595,0.04575899036744708,189,365,474,232,291,215
1776756703.020861,20.0,-144,9,144.2809758769326,17.552430155344595,0.04575899036744708,189,365,474,232,291,215
1776756703.0785215,20.0,-143,9,143.28293687665675,17.43101421857138,0.0456565666788846,189,365,474,232,292,215
1776756703.1320121,20.0,-143,9,143.28293687665675,17.43101421857138,0.0456565666788846,189,365,474,232,292,215
1776756703.1899827,20.0,-143,9,143.28293687665675,17.43101421857138,0.0456565666788846,189,365,474,232,292,215
1776756703.2466223,20.0,-143,9,143.28293687665675,17.43101421857138,0.04585593043372611,189,365,474,233,292,215
1776756703.3046608,20.0,-143,9,143.28293687665675,17.43101421857138,0.04585593043372611,189,365,474,233,292,215
1776756703.3615959,20.0,-143,9,143.28293687665675,17.43101421857138,0.04585593043372611,189,365,474,233,292,215
1776756703.4185407,20.0,-143,9,143.28293687665675,17.43101421857138,0.04585593043372611,189,365,474,233,292,215
1776756703.4722016,20.0,-143,9,143.28293687665675,17.43101421857138,0.04585593043372611,189,365,474,233,292,215
1776756703.5296378,20.0,-143,9,143.28293687665675,17.43101421857138,0.04585593043372611,189,365,474,233,292,215
1776756703.5865788,20.0,-143,9,143.28293687665675,17.43101421857138,0.04585593043372611,189,365,474,233,292,215
1776756703.644032,20.0,-143,9,143.28293687665675,17.43101421857138,0.04585593043372611,189,365,474,233,292,215
1776756703.7011917,20.0,-143,9,143.28293687665675,17.43101421857138,0.04585593043372611,189,365,474,233,292,215
1776756703.7589552,20.0,-143,9,143.28293687665675,17.43101421857138,0.04585593043372611,189,365,474,233,292,215
1776756703.811873,20.0,-143,9,143.28293687665675,17.43101421857138,0.04585593043372611,189,365,474,233,292,215
1776756703.8689833,20.0,-143,9,143.28293687665675,17.43101421857138,0.04585593043372611,189,365,474,233,292,215
1776756703.9264548,20.0,-143,9,143.28293687665675,17.43101421857138,0.04585593043372611,189,365,474,233,292,215
1776756703.9838724,20.0,-143,9,143.28293687665675,17.43101421857138,0.04585593043372611,189,365,474,233,292,215
1776756704.0410194,20.0,-143,9,143.28293687665675,17.43101421857138,0.04585593043372611,189,365,474,233,292,215
1776756704.094387,20.0,-143,9,143.28293687665675,17.43101421857138,0.04585593043372611,189,365,474,233,292,215
1776756704.1521535,20.0,-143,9,143.28293687665675,17.43101421857138,0.04585593043372611,189,365,474,233,292,215
1776756704.2089388,20.0,-143,9,143.28293687665675,17.43101421857138,0.04585593043372611,189,365,474,233,292,215
1776756704.2666726,20.0,-143,9,143.28293687665675,17.43101421857138,0.04585593043372611,189,365,474,233,292,215
1776756704.323766,20.0,-143,9,143.28293687665675,17.43101421857138,0.04585593043372611,189,365,474,233,292,215
1776756704.3809636,20.0,-143,9,143.28293687665675,17.43101421857138,0.04585593043372611,189,365,474,233,292,215
1776756704.4345717,20.0,-143,9,143.28293687665675,17.43101421857138,0.04585593043372611,189,365,474,233,292,215
1776756704.4915214,20.0,-143,9,143.28293687665675,17.43101421857138,0.04585593043372611,189,365,474,233,292,215
1776756704.5492547,20.0,-143,9,143.28293687665675,17.43101421857138,0.04585593043372611,189,365,474,233,292,215
1776756704.6062715,20.0,-143,9,143.28293687665675,17.43101421857138,0.04585593043372611,189,365,474,233,292,215
1776756704.6638129,20.0,-143,9,143.28293687665675,17.43101421857138,0.04585593043372611,189,365,474,233,292,215
1776756704.7206466,20.0,-143,9,143.28293687665675,17.43101421857138,0.04585593043372611,189,365,474,233,292,215
1776756704.7746854,20.0,-143,9,143.28293687665675,17.43101421857138,0.04585593043372611,189,365,474,233,292,215
1776756704.8320196,20.0,-143,9,143.28293687665675,17.43101421857138,0.04585593043372611,189,365,474,233,292,215
1776756704.8893325,20.0,-143,9,143.28293687665675,17.43101421857138,0.04585593043372611,189,365,474,233,292,215
1776756704.9458165,20.0,-143,9,143.28293687665675,17.43101421857138,0.04585593043372611,189,365,474,233,292,215
1776756705.003542,20.0,-143,9,143.28293687665675,17.43101421857138,0.04585593043372611,189,365,474,233,292,215
1776756705.0605206,20.0,-143,9,143.28293687665675,17.43101421857138,0.04585593043372611,189,365,474,233,292,215
1776756705.114411,20.0,-143,9,143.28293687665675,17.43101421857138,0.04585593043372611,189,365,474,233,292,215
1776756705.1714838,20.0,-143,9,143.28293687665675,17.43101421857138,0.04585593043372611,189,365,474,233,292,215
1776756705.229098,20.0,-143,9,143.28293687665675,17.43101421857138,0.04585593043372611,189,365,474,233,292,215
1776756705.2866745,20.0,-143,9,143.28293687665675,17.43101421857138,0.04585593043372611,189,365,474,233,292,215
1776756705.343514,20.0,-143,9,143.28293687665675,17.43101421857138,0.04585593043372611,189,365,474,233,292,215
1776756705.4010894,20.0,-143,9,143.28293687665675,17.43101421857138,0.04585593043372611,189,365,474,233,292,215
1776756705.4542096,20.0,-143,9,143.28293687665675,17.43101421857138,0.04585593043372611,189,365,474,233,292,215
1776756705.5115879,20.0,-143,9,143.28293687665675,17.43101421857138,0.04585593043372611,189,365,474,233,292,215
1776756705.5692673,20.0,-143,9,143.28293687665675,17.43101421857138,0.04585593043372611,189,365,474,233,292,215
1776756705.626245,20.0,-143,9,143.28293687665675,17.43101421857138,0.04585593043372611,189,365,474,233,292,215
1776756705.6830957,20.0,-143,9,143.28293687665675,17.43101421857138,0.04585593043372611,189,365,474,233,292,215
1776756705.737304,20.0,-143,9,143.28293687665675,17.43101421857138,0.04585593043372611,189,365,474,233,292,215
1776756705.7948742,20.0,-143,9,143.28293687665675,17.43101421857138,0.04585593043372611,189,365,474,233,292,215
1776756705.8520958,20.0,-143,9,143.28293687665675,17.43101421857138,0.04585593043372611,189,365,474,233,292,215
1776756705.9089897,20.0,-143,9,143.28293687665675,17.43101421857138,0.04585593043372611,189,365,474,233,292,215
1776756705.9661746,20.0,-143,9,143.28293687665675,17.43101421857138,0.04571031597045459,189,365,475,233,292,215
1776756706.0235596,20.0,-143,9,143.28293687665675,17.43101421857138,0.04571031597045459,189,365,475,233,292,215
1776756706.0770147,20.0,-143,9,143.28293687665675,17.43101421857138,0.04571031597045459,189,365,475,233,292,215
1776756706.1342034,20.0,-143,9,143.28293687665675,17.43101421857138,0.04571031597045459,189,365,475,233,292,215
1776756706.1915486,20.0,-143,9,143.28293687665675,17.43101421857138,0.04571031597045459,189,365,475,233,292,215
1776756706.2488205,20.0,-142,9,142.28492541376264,17.3096016318446,0.045609667140225914,189,365,475,233,293,215
1776756706.307459,20.0,-142,9,142.28492541376264,17.3096016318446,0.045609667140225914,189,365,475,233,293,215
1776756706.3635387,20.0,-142,9,142.28492541376264,17.3096016318446,0.045609667140225914,189,365,475,233,293,215
1776756706.4168377,20.0,-142,9,142.28492541376264,17.3096016318446,0.045609667140225914,189,365,475,233,293,215
1776756706.4741583,20.0,-142,9,142.28492541376264,17.3096016318446,0.045807723898236306,189,365,475,234,293,215
1776756706.5314903,20.0,-142,9,142.28492541376264,17.3096016318446,0.045807723898236306,189,365,475,234,293,215
1776756706.589317,20.0,-142,9,142.28492541376264,17.3096016318446,0.045807723898236306,189,365,475,234,293,215
1776756706.645776,20.0,-142,9,142.28492541376264,17.3096016318446,0.045807723898236306,189,365,475,234,293,215
1776756706.7034318,20.0,-142,9,142.28492541376264,17.3096016318446,0.045807723898236306,189,365,475,234,293,215
1776756706.7564843,20.0,-142,9,142.28492541376264,17.3096016318446,0.045807723898236306,189,365,475,234,293,215
1776756706.8137035,20.0,-142,9,142.28492541376264,17.3096016318446,0.045807723898236306,189,365,475,234,293,215
1776756706.8715897,20.0,-142,9,142.28492541376264,17.3096016318446,0.045807723898236306,189,365,475,234,293,215
1776756706.9293556,20.0,-142,9,142.28492541376264,17.3096016318446,0.045807723898236306,189,365,475,234,293,215
1776756706.9860523,20.0,-142,9,142.28492541376264,17.3096016318446,0.045807723898236306,189,365,475,234,293,215
1776756707.0432196,20.0,-142,9,142.28492541376264,17.3096016318446,0.045807723898236306,189,365,475,234,293,215
1776756707.0968664,20.0,-142,9,142.28492541376264,17.3096016318446,0.045807723898236306,189,365,475,234,293,215
1776756707.1541045,20.0,-142,9,142.28492541376264,17.3096016318446,0.045807723898236306,189,365,475,234,293,215
1776756707.2108004,20.0,-142,9,142.28492541376264,17.3096016318446,0.045807723898236306,189,365,475,234,293,215
1776756707.2682061,20.0,-142,9,142.28492541376264,17.3096016318446,0.045807723898236306,189,365,475,234,293,215
1776756707.3255882,20.0,-142,9,142.28492541376264,17.3096016318446,0.045807723898236306,189,365,475,234,293,215
1776756707.379055,20.0,-142,9,142.28492541376264,17.3096016318446,0.045807723898236306,189,365,475,234,293,215
1776756707.437471,20.0,-142,9,142.28492541376264,17.3096016318446,0.045807723898236306,189,365,475,234,293,215
1776756707.4940612,20.0,-142,9,142.28492541376264,17.3096016318446,0.045807723898236306,189,365,475,234,293,215
1776756707.5509613,20.0,-142,9,142.28492541376264,17.3096016318446,0.045807723898236306,189,365,475,234,293,215
1776756707.6086671,20.0,-142,9,142.28492541376264,17.3096016318446,0.045807723898236306,189,365,475,234,293,215
1776756707.6668684,20.0,-142,9,142.28492541376264,17.3096016318446,0.045807723898236306,189,365,475,234,293,215
1776756707.7194269,20.0,-142,9,142.28492541376264,17.3096016318446,0.045807723898236306,189,365,475,234,293,215
1776756707.7769756,20.0,-142,9,142.28492541376264,17.3096016318446,0.045807723898236306,189,365,475,234,293,215
1776756707.8344133,20.0,-142,9,142.28492541376264,17.3096016318446,0.045807723898236306,189,365,475,234,293,215
1776756707.890892,20.0,-142,9,142.28492541376264,17.3096016318446,0.045807723898236306,189,365,475,234,293,215
1776756707.9492247,20.0,-142,9,142.28492541376264,17.3096016318446,0.045807723898236306,189,365,475,234,293,215
1776756708.0060441,20.0,-142,9,142.28492541376264,17.3096016318446,0.045807723898236306,189,365,475,234,293,215
1776756708.0594113,20.0,-142,9,142.28492541376264,17.3096016318446,0.045807723898236306,189,365,475,234,293,215
1776756708.1165469,20.0,-142,9,142.28492541376264,17.3096016318446,0.045807723898236306,189,365,475,234,293,215
1776756708.1737072,20.0,-142,9,142.28492541376264,17.3096016318446,0.045807723898236306,189,365,475,234,293,215
1776756708.2307622,20.0,-142,9,142.28492541376264,17.3096016318446,0.045807723898236306,189,365,475,234,293,215
1776756708.2887342,20.0,-142,9,142.28492541376264,17.3096016318446,0.045807723898236306,189,365,475,234,293,215
1776756708.3462589,20.0,-142,9,142.28492541376264,17.3096016318446,0.045807723898236306,189,365,475,234,293,215
1776756708.3994224,20.0,-142,9,142.28492541376264,17.3096016318446,0.045807723898236306,189,365,475,234,293,215
1776756708.4566336,20.0,-142,9,142.28492541376264,17.3096016318446,0.045807723898236306,189,365,475,234,293,215
1776756708.5145097,20.0,-142,9,142.28492541376264,17.3096016318446,0.045807723898236306,189,365,475,234,293,215
1776756708.571417,20.0,-142,9,142.28492541376264,17.3096016318446,0.045807723898236306,189,365,475,234,293,215
1776756708.628615,20.0,-142,9,142.28492541376264,17.3096016318446,0.045807723898236306,189,365,475,234,293,215
1776756708.6853204,20.0,-142,9,142.28492541376264,17.3096016318446,0.045807723898236306,189,365,475,234,293,215
1776756708.7390623,20.0,-142,9,142.28492541376264,17.3096016318446,0.045807723898236306,189,365,475,234,293,215
1776756708.7972507,20.0,-142,9,142.28492541376264,17.3096016318446,0.045807723898236306,189,365,475,234,293,215
1776756708.854054,20.0,-142,9,142.28492541376264,17.3096016318446,0.045807723898236306,189,365,475,234,293,215
1776756708.9110963,20.0,-142,9,142.28492541376264,17.3096016318446,0.045807723898236306,189,365,475,234,293,215
1776756708.968517,20.0,-142,9,142.28492541376264,17.3096016318446,0.045807723898236306,189,365,475,234,293,215
1776756709.021317,20.0,-142,9,142.28492541376264,17.3096016318446,0.045807723898236306,189,365,475,234,293,215
1776756709.0787606,20.0,-142,9,142.28492541376264,17.3096016318446,0.045807723898236306,189,365,475,234,293,215
1776756709.136517,20.0,-142,9,142.28492541376264,17.3096016318446,0.045807723898236306,189,365,475,234,293,215
1776756709.1933303,20.0,-142,9,142.28492541376264,17.3096016318446,0.045807723898236306,189,365,475,234,293,215
1776756709.2508662,20.0,-142,9,142.28492541376264,17.3096016318446,0.045807723898236306,189,365,475,234,293,215
1776756709.30919,20.0,-142,9,142.28492541376264,17.3096016318446,0.045807723898236306,189,365,475,234,293,215
1776756709.3618293,20.0,-142,9,142.28492541376264,17.3096016318446,0.045807723898236306,189,365,475,234,293,215
1776756709.4187806,20.0,-142,9,142.28492541376264,17.3096016318446,0.045807723898236306,189,365,475,234,293,215
1776756709.4758859,20.0,-142,9,142.28492541376264,17.3096016318446,0.045807723898236306,189,365,475,234,293,215
1776756709.5332208,20.0,-142,9,142.28492541376264,17.3096016318446,0.045807723898236306,189,365,475,234,293,215
1776756709.5907285,20.0,-142,9,142.28492541376264,17.3096016318446,0.045807723898236306,189,365,475,234,293,215
1776756709.6483555,20.0,-142,9,142.28492541376264,17.3096016318446,0.045807723898236306,189,365,475,234,293,215
1776756709.7015235,20.0,-142,9,142.28492541376264,17.3096016318446,0.045807723898236306,189,365,475,234,293,215
1776756709.7588394,20.0,-142,9,142.28492541376264,17.3096016318446,0.045807723898236306,189,365,475,234,293,215
1776756709.8163218,20.0,-142,9,142.28492541376264,17.3096016318446,0.045807723898236306,189,365,475,234,293,215
1776756709.8732324,20.0,-142,9,142.28492541376264,17.3096016318446,0.045807723898236306,189,365,475,234,293,215
1776756709.9307694,20.0,-142,9,142.28492541376264,17.3096016318446,0.045807723898236306,189,365,475,234,293,215
1776756709.9881048,20.0,-142,9,142.28492541376264,17.3096016318446,0.045807723898236306,189,365,475,234,293,215
1776756710.0419116,20.0,-142,9,142.28492541376264,17.3096016318446,0.045807723898236306,189,365,475,234,293,215
1776756710.098614,20.0,-142,9,142.28492541376264,17.3096016318446,0.045807723898236306,189,365,475,234,293,215
1776756710.1564124,20.0,-142,9,142.28492541376264,17.3096016318446,0.045807723898236306,189,365,475,234,293,215
1776756710.2131677,20.0,-142,9,142.28492541376264,17.3096016318446,0.045807723898236306,189,365,475,234,293,215
1776756710.2708144,20.0,-142,9,142.28492541376264,17.3096016318446,0.045807723898236306,189,365,475,234,293,215
1776756710.328105,20.0,-142,9,142.28492541376264,17.3096016318446,0.045807723898236306,189,365,475,234,293,215
1776756710.3812597,20.0,-142,9,142.28492541376264,17.3096016318446,0.045807723898236306,189,365,475,234,293,215
1776756710.439128,20.0,-142,9,142.28492541376264,17.3096016318446,0.045807723898236306,189,365,475,234,293,215
1776756710.4965918,20.0,-142,9,142.28492541376264,17.3096016318446,0.045807723898236306,189,365,475,234,293,215
1776756710.5535843,20.0,-142,9,142.28492541376264,17.3096016318446,0.045807723898236306,189,365,475,234,293,215
1776756710.6105325,20.0,-142,9,142.28492541376264,17.3096016318446,0.045807723898236306,189,365,475,234,293,215
1776756710.6642983,20.0,-142,9,142.28492541376264,17.3096016318446,0.045807723898236306,189,365,475,234,293,215
1776756710.7216077,20.0,-142,9,142.28492541376264,17.3096016318446,0.045807723898236306,189,365,475,234,293,215
1776756710.7788832,20.0,-142,9,142.28492541376264,17.3096016318446,0.045807723898236306,189,365,475,234,293,215
1776756710.8364384,20.0,-142,9,142.28492541376264,17.3096016318446,0.045807723898236306,189,365,475,234,293,215
1776756710.8935094,20.0,-142,9,142.28492541376264,17.3096016318446,0.045807723898236306,189,365,475,234,293,215
1776756710.951026,20.0,-142,9,142.28492541376264,17.3096016318446,0.045807723898236306,189,365,475,234,293,215
1776756711.0044467,20.0,-142,9,142.28492541376264,17.3096016318446,0.045807723898236306,189,365,475,234,293,215
1776756711.0617094,20.0,-142,9,142.28492541376264,17.3096016318446,0.045807723898236306,189,365,475,234,293,215
1776756711.1185577,20.0,-142,9,142.28492541376264,17.3096016318446,0.045807723898236306,189,365,475,234,293,215
1776756711.176148,20.0,-142,9,142.28492541376264,17.3096016318446,0.045807723898236306,189,365,475,234,293,215
1776756711.2341137,20.0,-142,9,142.28492541376264,17.3096016318446,0.045807723898236306,189,365,475,234,293,215
1776756711.2908056,20.0,-142,9,142.28492541376264,17.3096016318446,0.045807723898236306,189,365,475,234,293,215
1776756711.3442435,20.0,-142,9,142.28492541376264,17.3096016318446,0.045807723898236306,189,365,475,234,293,215
1776756711.4017015,20.0,-142,9,142.28492541376264,17.3096016318446,0.045807723898236306,189,365,475,234,293,215
1776756711.458425,20.0,-142,9,142.28492541376264,17.3096016318446,0.045807723898236306,189,365,475,234,293,215
1776756711.516372,20.0,-142,9,142.28492541376264,17.3096016318446,0.045807723898236306,189,365,475,234,293,215
1776756711.573458,20.0,-142,9,142.28492541376264,17.3096016318446,0.045807723898236306,189,365,475,234,293,215
1776756711.6302423,20.0,-142,9,142.28492541376264,17.3096016318446,0.045807723898236306,189,365,475,234,293,215
1776756711.683577,20.0,-142,9,142.28492541376264,17.3096016318446,0.045807723898236306,189,365,475,234,293,215
1776756711.740963,20.0,-142,9,142.28492541376264,17.3096016318446,0.045807723898236306,189,365,475,234,293,215
1776756711.798768,20.0,-142,9,142.28492541376264,17.3096016318446,0.045807723898236306,189,365,475,234,293,215
1776756711.855725,20.0,-142,9,142.28492541376264,17.3096016318446,0.045807723898236306,189,365,475,234,293,215
1776756711.9133246,20.0,-142,9,142.28492541376264,17.3096016318446,0.045807723898236306,189,365,475,234,293,215
1776756711.9711146,20.0,-142,9,142.28492541376264,17.3096016318446,0.045807723898236306,189,365,475,234,293,215
1776756712.0242648,20.0,-142,9,142.28492541376264,17.3096016318446,0.045807723898236306,189,365,475,234,293,215
1776756712.0818305,20.0,-142,9,142.28492541376264,17.3096016318446,0.045807723898236306,189,365,475,234,293,215
1776756712.1384268,20.0,-142,9,142.28492541376264,17.3096016318446,0.045807723898236306,189,365,475,234,293,215
1776756712.1958258,20.0,-142,9,142.28492541376264,17.3096016318446,0.045807723898236306,189,365,475,234,293,215
1776756712.252747,20.0,-142,9,142.28492541376264,17.3096016318446,0.045807723898236306,189,365,475,234,293,215
1776756712.3064225,20.0,-142,9,142.28492541376264,17.3096016318446,0.045807723898236306,189,365,475,234,293,215
1776756712.3642642,20.0,-142,9,142.28492541376264,17.3096016318446,0.045807723898236306,189,365,475,234,293,215
1776756712.4212868,20.0,-142,9,142.28492541376264,17.3096016318446,0.045807723898236306,189,365,475,234,293,215
1776756712.47876,20.0,-142,9,142.28492541376264,17.3096016318446,0.045807723898236306,189,365,475,234,293,215
1776756712.5359447,20.0,-142,9,142.28492541376264,17.3096016318446,0.045807723898236306,189,365,475,234,293,215
1776756712.5936873,20.0,-142,9,142.28492541376264,17.3096016318446,0.045807723898236306,189,365,475,234,293,215
1776756712.6468902,20.0,-142,9,142.28492541376264,17.3096016318446,0.045807723898236306,189,365,475,234,293,215
1776756712.7042646,20.0,-142,9,142.28492541376264,17.3096016318446,0.045807723898236306,189,365,475,234,293,215
1776756712.761291,20.0,-142,9,142.28492541376264,17.3096016318446,0.045807723898236306,189,365,475,234,293,215
1776756712.8186212,20.0,-142,9,142.28492541376264,17.3096016318446,0.045807723898236306,189,365,475,234,293,215
1776756712.8762822,20.0,-142,9,142.28492541376264,17.3096016318446,0.045807723898236306,189,365,475,234,293,215
1776756712.9874437,20.0,-142,9,142.28492541376264,17.3096016318446,0.045807723898236306,189,365,475,234,293,215
1776756713.043773,20.0,-142,9,142.28492541376264,17.3096016318446,0.045807723898236306,189,365,475,234,293,215
1776756713.100804,20.0,-142,9,142.28492541376264,17.3096016318446,0.045807723898236306,189,365,475,234,293,215
1776756713.1586578,20.0,-142,9,142.28492541376264,17.3096016318446,0.045807723898236306,189,365,475,234,293,215
1776756713.2164237,20.0,-142,9,142.28492541376264,17.3096016318446,0.045807723898236306,189,365,475,234,293,215
1776756713.273078,20.0,-142,9,142.28492541376264,17.3096016318446,0.045807723898236306,189,365,475,234,293,215
1776756713.3266735,20.0,-142,9,142.28492541376264,17.3096016318446,0.045807723898236306,189,365,475,234,293,215
1776756713.383896,20.0,-142,9,142.28492541376264,17.3096016318446,0.045807723898236306,189,365,475,234,293,215
1776756713.4418364,20.0,-142,9,142.28492541376264,17.3096016318446,0.045807723898236306,189,365,475,234,293,215
1776756713.4986038,20.0,-142,9,142.28492541376264,17.3096016318446,0.045807723898236306,189,365,475,234,293,215
1776756713.556103,20.0,-142,9,142.28492541376264,17.3096016318446,0.045807723898236306,189,365,475,234,293,215
1776756713.6097326,20.0,-142,9,142.28492541376264,17.3096016318446,0.045807723898236306,189,365,475,234,293,215
1776756713.6663408,20.0,-142,9,142.28492541376264,17.3096016318446,0.045807723898236306,189,365,475,234,293,215
1776756713.7238476,20.0,-142,9,142.28492541376264,17.3096016318446,0.045807723898236306,189,365,475,234,293,215
1776756713.7810655,20.0,-142,9,142.28492541376264,17.3096016318446,0.045807723898236306,189,365,475,234,293,215
1776756713.838342,20.0,-142,9,142.28492541376264,17.3096016318446,0.045807723898236306,189,365,475,234,293,215
1776756713.8958633,20.0,-142,9,142.28492541376264,17.3096016318446,0.045807723898236306,189,365,475,234,293,215
1776756713.9485855,20.0,-142,9,142.28492541376264,17.3096016318446,0.045807723898236306,189,365,475,234,293,215
1776756714.006059,20.0,-142,9,142.28492541376264,17.3096016318446,0.045807723898236306,189,365,475,234,293,215
1776756714.0637279,20.0,-142,9,142.28492541376264,17.3096016318446,0.045807723898236306,189,365,475,234,293,215
1776756714.1207006,20.0,-142,9,142.28492541376264,17.3096016318446,0.045807723898236306,189,365,475,234,293,215
1776756714.178,20.0,-142,9,142.28492541376264,17.3096016318446,0.045807723898236306,189,365,475,234,293,215
1776756714.2356732,20.0,-142,9,142.28492541376264,17.3096016318446,0.045807723898236306,189,365,475,234,293,215
1776756714.2889748,20.0,-142,9,142.28492541376264,17.3096016318446,0.045807723898236306,189,365,475,234,293,215
1776756714.3464081,20.0,-142,9,142.28492541376264,17.3096016318446,0.045807723898236306,189,365,475,234,293,215
1776756714.4034128,20.0,-142,9,142.28492541376264,17.3096016318446,0.045807723898236306,189,365,475,234,293,215
1776756714.4608362,20.0,-142,9,142.28492541376264,17.3096016318446,0.045807723898236306,189,365,475,234,293,215
1776756714.5192142,20.0,-142,9,142.28492541376264,17.3096016318446,0.045807723898236306,189,365,475,234,293,215
1776756714.5758216,20.0,-142,9,142.28492541376264,17.3096016318446,0.045807723898236306,189,365,475,234,293,215
1776756714.6291223,20.0,-142,9,142.28492541376264,17.3096016318446,0.045807723898236306,189,365,475,234,293,215
1776756714.6861782,20.0,-142,9,142.28492541376264,17.3096016318446,0.045807723898236306,189,365,475,234,293,215
1776756714.7437818,20.0,-142,9,142.28492541376264,17.3096016318446,0.045807723898236306,189,365,475,234,293,215
1776756714.801458,20.0,-142,9,142.28492541376264,17.3096016318446,0.045807723898236306,189,365,475,234,293,215
1776756714.8578355,20.0,-142,9,142.28492541376264,17.3096016318446,0.045807723898236306,189,365,475,234,293,215
1776756714.9152236,20.0,-142,9,142.28492541376264,17.3096016318446,0.045807723898236306,189,365,475,234,293,215
1776756714.9692912,20.0,-142,9,142.28492541376264,17.3096016318446,0.045807723898236306,189,365,475,234,293,215
1776756715.0260084,20.0,-142,9,142.28492541376264,17.3096016318446,0.045807723898236306,189,365,475,234,293,215
1776756715.0840178,20.0,-142,9,142.28492541376264,17.3096016318446,0.045807723898236306,189,365,475,234,293,215
1776756715.140834,20.0,-142,9,142.28492541376264,17.3096016318446,0.045807723898236306,189,365,475,234,293,215
1776756715.1978624,20.0,-142,9,142.28492541376264,17.3096016318446,0.045807723898236306,189,365,475,234,293,215
1776756715.2514815,20.0,-142,9,142.28492541376264,17.3096016318446,0.045807723898236306,189,365,475,234,293,215
1776756715.3087482,20.0,-142,9,142.28492541376264,17.3096016318446,0.045807723898236306,189,365,475,234,293,215
1776756715.3662326,20.0,-142,9,142.28492541376264,17.3096016318446,0.045807723898236306,189,365,475,234,293,215
1776756715.4239337,20.0,-142,9,142.28492541376264,17.3096016318446,0.045807723898236306,189,365,475,234,293,215
1776756715.4809253,20.0,-142,9,142.28492541376264,17.3096016318446,0.045807723898236306,189,365,475,234,293,215
1776756715.538436,20.0,-142,9,142.28492541376264,17.3096016318446,0.045807723898236306,189,365,475,234,293,215
1776756715.591876,20.0,-142,9,142.28492541376264,17.3096016318446,0.045807723898236306,189,365,475,234,293,215
1776756715.6492107,20.0,-142,9,142.28492541376264,17.3096016318446,0.045807723898236306,189,365,475,234,293,215
1776756715.7064764,20.0,-142,9,142.28492541376264,17.3096016318446,0.045807723898236306,189,365,475,234,293,215
1776756715.7633402,20.0,-142,9,142.28492541376264,17.3096016318446,0.045807723898236306,189,365,475,234,293,215
1776756715.8206477,20.0,-142,9,142.28492541376264,17.3096016318446,0.045807723898236306,189,365,475,234,293,215
1776756715.8779013,20.0,-142,9,142.28492541376264,17.3096016318446,0.045807723898236306,189,365,475,234,293,215
1776756715.9318087,20.0,-142,9,142.28492541376264,17.3096016318446,0.045807723898236306,189,365,475,234,293,215
1776756715.9887645,20.0,-142,9,142.28492541376264,17.3096016318446,0.045807723898236306,189,365,475,234,293,215
1776756716.0469778,20.0,-142,9,142.28492541376264,17.3096016318446,0.045807723898236306,189,365,475,234,293,215
1776756716.1031022,20.0,-142,9,142.28492541376264,17.3096016318446,0.045807723898236306,189,365,475,234,293,215
1776756716.160493,20.0,-142,9,142.28492541376264,17.3096016318446,0.045807723898236306,189,365,475,234,293,215
1776756716.2176142,20.0,-142,9,142.28492541376264,17.3096016318446,0.045807723898236306,189,365,475,234,293,215
1776756716.2710853,20.0,-142,9,142.28492541376264,17.3096016318446,0.045807723898236306,189,365,475,234,293,215
1776756716.3287652,20.0,-142,9,142.28492541376264,17.3096016318446,0.045807723898236306,189,365,475,234,293,215
1776756716.386318,20.0,-142,9,142.28492541376264,17.3096016318446,0.045807723898236306,189,365,475,234,293,215
1776756716.4434462,20.0,-142,9,142.28492541376264,17.3096016318446,0.045807723898236306,189,365,475,234,293,215
1776756716.5008457,20.0,-142,9,142.28492541376264,17.3096016318446,0.045807723898236306,189,365,475,234,293,215
1776756716.5579097,20.0,-142,9,142.28492541376264,17.3096016318446,0.045807723898236306,189,365,475,234,293,215
1776756716.6115844,20.0,-142,9,142.28492541376264,17.3096016318446,0.045807723898236306,189,365,475,234,293,215
1776756716.6693864,20.0,-142,9,142.28492541376264,17.3096016318446,0.045807723898236306,189,365,475,234,293,215
1776756716.7264473,20.0,-142,9,142.28492541376264,17.3096016318446,0.045807723898236306,189,365,475,234,293,215
1776756716.7834404,20.0,-142,9,142.28492541376264,17.3096016318446,0.045807723898236306,189,365,475,234,293,215
1776756716.8406668,20.0,-142,9,142.28492541376264,17.3096016318446,0.045807723898236306,189,365,475,234,293,215
1776756716.8977787,20.0,-142,9,142.28492541376264,17.3096016318446,0.045807723898236306,189,365,475,234,293,215
1776756716.9514852,20.0,-142,9,142.28492541376264,17.3096016318446,0.045807723898236306,189,365,475,234,293,215
1776756717.0089579,20.0,-142,9,142.28492541376264,17.3096016318446,0.045807723898236306,189,365,475,234,293,215
1776756717.0661924,20.0,-142,9,142.28492541376264,17.3096016318446,0.045807723898236306,189,365,475,234,293,215
1776756717.123297,20.0,-142,9,142.28492541376264,17.3096016318446,0.045807723898236306,189,365,475,234,293,215
1776756717.1806295,20.0,-142,9,142.28492541376264,17.3096016318446,0.045807723898236306,189,365,475,234,293,215
1776756717.2335167,20.0,-142,9,142.28492541376264,17.3096016318446,0.045807723898236306,189,365,475,234,293,215
1776756717.291772,20.0,-142,9,142.28492541376264,17.3096016318446,0.045807723898236306,189,365,475,234,293,215
1776756717.3485293,20.0,-142,9,142.28492541376264,17.3096016318446,0.045807723898236306,189,365,475,234,293,215
1776756717.406378,20.0,-142,9,142.28492541376264,17.3096016318446,0.045807723898236306,189,365,475,234,293,215
1776756717.4636507,20.0,-142,9,142.28492541376264,17.3096016318446,0.045807723898236306,189,365,475,234,293,215
1776756717.5208127,20.0,-142,9,142.28492541376264,17.3096016318446,0.045807723898236306,189,365,475,234,293,215
1776756717.5739584,20.0,-142,9,142.28492541376264,17.3096016318446,0.045807723898236306,189,365,475,234,293,215
1776756717.6308727,20.0,-142,9,142.28492541376264,17.3096016318446,0.045807723898236306,189,365,475,234,293,215
1776756717.6886241,20.0,-142,9,142.28492541376264,17.3096016318446,0.045807723898236306,189,365,475,234,293,215
1776756717.7463467,20.0,-142,9,142.28492541376264,17.3096016318446,0.045807723898236306,189,365,475,234,293,215
1776756717.8031104,20.0,-142,9,142.28492541376264,17.3096016318446,0.045807723898236306,189,365,475,234,293,215
1776756717.8607461,20.0,-142,9,142.28492541376264,17.3096016318446,0.045807723898236306,189,365,475,234,293,215
1776756717.9140832,20.0,-142,9,142.28492541376264,17.3096016318446,0.045807723898236306,189,365,475,234,293,215
1776756717.9711318,20.0,-142,9,142.28492541376264,17.3096016318446,0.045807723898236306,189,365,475,234,293,215
1776756718.0290756,20.0,-142,9,142.28492541376264,17.3096016318446,0.045807723898236306,189,365,475,234,293,215
1776756718.0855513,20.0,-142,9,142.28492541376264,17.3096016318446,0.045807723898236306,189,365,475,234,293,215
1776756718.1432433,20.0,-142,9,142.28492541376264,17.3096016318446,0.045807723898236306,189,365,475,234,293,215
1776756718.2005239,20.0,-142,9,142.28492541376264,17.3096016318446,0.045807723898236306,189,365,475,234,293,215
1776756718.2537518,20.0,-142,9,142.28492541376264,17.3096016318446,0.045807723898236306,189,365,475,234,293,215
1776756718.311273,20.0,-142,9,142.28492541376264,17.3096016318446,0.045807723898236306,189,365,475,234,293,215
1776756718.368326,20.0,-142,9,142.28492541376264,17.3096016318446,0.045807723898236306,189,365,475,234,293,215
1776756718.4252827,20.0,-142,9,142.28492541376264,17.3096016318446,0.045807723898236306,189,365,475,234,293,215
1776756718.4830358,20.0,-142,9,142.28492541376264,17.3096016318446,0.045807723898236306,189,365,475,234,293,215
1776756718.5405228,20.0,-142,9,142.28492541376264,17.3096016318446,0.045807723898236306,189,365,475,234,293,215
1776756718.5942986,20.0,-142,9,142.28492541376264,17.3096016318446,0.045807723898236306,189,365,475,234,293,215
1776756718.651204,20.0,-142,9,142.28492541376264,17.3096016318446,0.045807723898236306,189,365,475,234,293,215
1776756718.7082415,20.0,-142,9,142.28492541376264,17.3096016318446,0.045807723898236306,189,365,475,234,293,215
1776756718.7657948,20.0,-142,9,142.28492541376264,17.3096016318446,0.045807723898236306,189,365,475,234,293,215
1776756718.8230371,20.0,-142,9,142.28492541376264,17.3096016318446,0.045807723898236306,189,365,475,234,293,215
1776756718.8768554,20.0,-142,9,142.28492541376264,17.3096016318446,0.045807723898236306,189,365,475,234,293,215
1776756718.9339406,20.0,-142,9,142.28492541376264,17.3096016318446,0.045807723898236306,189,365,475,234,293,215
1776756718.991097,20.0,-142,9,142.28492541376264,17.3096016318446,0.045807723898236306,189,365,475,234,293,215
1776756719.048522,20.0,-142,9,142.28492541376264,17.3096016318446,0.045807723898236306,189,365,475,234,293,215
1776756719.1057165,20.0,-142,9,142.28492541376264,17.3096016318446,0.045807723898236306,189,365,475,234,293,215
1776756719.1627061,20.0,-142,9,142.28492541376264,17.3096016318446,0.045807723898236306,189,365,475,234,293,215
1776756719.2165189,20.0,-142,9,142.28492541376264,17.3096016318446,0.045807723898236306,189,365,475,234,293,215
1776756719.2739475,20.0,-142,9,142.28492541376264,17.3096016318446,0.045807723898236306,189,365,475,234,293,215
1776756719.3311696,20.0,-142,9,142.28492541376264,17.3096016318446,0.045807723898236306,189,365,475,234,293,215
1776756719.387886,20.0,-142,9,142.28492541376264,17.3096016318446,0.045807723898236306,189,365,475,234,293,215
1776756719.445676,20.0,-142,9,142.28492541376264,17.3096016318446,0.045807723898236306,189,365,475,234,293,215
1776756719.5026045,20.0,-142,9,142.28492541376264,17.3096016318446,0.045807723898236306,189,365,475,234,293,215
1776756719.556486,20.0,-142,9,142.28492541376264,17.3096016318446,0.045807723898236306,189,365,475,234,293,215
1776756719.6136093,20.0,-142,9,142.28492541376264,17.3096016318446,0.045807723898236306,189,365,475,234,293,215
1776756719.6709769,20.0,-142,9,142.28492541376264,17.3096016318446,0.045807723898236306,189,365,475,234,293,215
1776756719.7291849,20.0,-142,9,142.28492541376264,17.3096016318446,0.045807723898236306,189,365,475,234,293,215
1776756719.785402,20.0,-142,9,142.28492541376264,17.3096016318446,0.045807723898236306,189,365,475,234,293,215
1776756719.8427894,20.0,-142,9,142.28492541376264,17.3096016318446,0.045807723898236306,189,365,475,234,293,215
1776756719.896597,20.0,-142,9,142.28492541376264,17.3096016318446,0.045807723898236306,189,365,475,234,293,215
1776756719.954705,20.0,-142,9,142.28492541376264,17.3096016318446,0.045807723898236306,189,365,475,234,293,215
1776756720.0109386,20.0,-142,9,142.28492541376264,17.3096016318446,0.045807723898236306,189,365,475,234,293,215
1776756720.0678122,20.0,-142,9,142.28492541376264,17.3096016318446,0.045807723898236306,189,365,475,234,293,215
1776756720.125279,20.0,-142,9,142.28492541376264,17.3096016318446,0.045807723898236306,189,365,475,234,293,215
1776756720.1827219,20.0,-142,9,142.28492541376264,17.3096016318446,0.045807723898236306,189,365,475,234,293,215
1776756720.236272,20.0,-142,9,142.28492541376264,17.3096016318446,0.045807723898236306,189,365,475,234,293,215
1776756720.293586,20.0,-142,9,142.28492541376264,17.3096016318446,0.045807723898236306,189,365,475,234,293,215
1776756720.3508658,20.0,-142,9,142.28492541376264,17.3096016318446,0.045807723898236306,189,365,475,234,293,215
1776756720.4082067,20.0,-142,9,142.28492541376264,17.3096016318446,0.045807723898236306,189,365,475,234,293,215
1776756720.465494,20.0,-142,9,142.28492541376264,17.3096016318446,0.045807723898236306,189,365,475,234,293,215
1776756720.518711,20.0,-142,9,142.28492541376264,17.3096016318446,0.045807723898236306,189,365,475,234,293,215
1776756720.576386,20.0,-142,9,142.28492541376264,17.3096016318446,0.045807723898236306,189,365,475,234,293,215
1776756720.6332862,20.0,-142,9,142.28492541376264,17.3096016318446,0.045807723898236306,189,365,475,234,293,215
1776756720.6904042,20.0,-142,9,142.28492541376264,17.3096016318446,0.045807723898236306,189,365,475,234,293,215
1776756720.7479267,20.0,-142,9,142.28492541376264,17.3096016318446,0.045807723898236306,189,365,475,234,293,215
1776756720.8050025,20.0,-142,9,142.28492541376264,17.3096016318446,0.045807723898236306,189,365,475,234,293,215
1776756720.8588312,20.0,-142,9,142.28492541376264,17.3096016318446,0.045807723898236306,189,365,475,234,293,215
1776756720.9160876,20.0,-142,9,142.28492541376264,17.3096016318446,0.045807723898236306,189,365,475,234,293,215
1776756720.9731195,20.0,-142,9,142.28492541376264,17.3096016318446,0.045807723898236306,189,365,475,234,293,215
1776756721.0307868,20.0,-142,9,142.28492541376264,17.3096016318446,0.045807723898236306,189,365,475,234,293,215
1776756721.0884044,20.0,-142,9,142.28492541376264,17.3096016318446,0.045807723898236306,189,365,475,234,293,215
1776756721.1452985,20.0,-142,9,142.28492541376264,17.3096016318446,0.045807723898236306,189,365,475,234,293,215
1776756721.1983297,20.0,-142,9,142.28492541376264,17.3096016318446,0.045807723898236306,189,365,475,234,293,215
1776756721.2555265,20.0,-142,9,142.28492541376264,17.3096016318446,0.045807723898236306,189,365,475,234,293,215
1776756721.3136551,20.0,-142,9,142.28492541376264,17.3096016318446,0.045807723898236306,189,365,475,234,293,215
1776756721.371015,20.0,-142,9,142.28492541376264,17.3096016318446,0.045807723898236306,189,365,475,234,293,215
1776756721.427846,20.0,-142,9,142.28492541376264,17.3096016318446,0.045807723898236306,189,365,475,234,293,215
1776756721.486066,20.0,-142,9,142.28492541376264,17.3096016318446,0.045807723898236306,189,365,475,234,293,215
1776756721.5389051,20.0,-142,9,142.28492541376264,17.3096016318446,0.045807723898236306,189,365,475,234,293,215
1776756721.5966804,20.0,-142,9,142.28492541376264,17.3096016318446,0.045807723898236306,189,365,475,234,293,215
1776756721.65326,20.0,-142,9,142.28492541376264,17.3096016318446,0.045807723898236306,189,365,475,234,293,215
1776756721.711177,20.0,-142,9,142.28492541376264,17.3096016318446,0.045807723898236306,189,365,475,234,293,215
1776756721.767836,20.0,-142,9,142.28492541376264,17.3096016318446,0.045807723898236306,189,365,475,234,293,215
1776756721.8257484,20.0,-142,9,142.28492541376264,17.3096016318446,0.045807723898236306,189,365,475,234,293,215
1776756721.878755,20.0,-142,9,142.28492541376264,17.3096016318446,0.045807723898236306,189,365,475,234,293,215
1776756721.9359848,20.0,-142,9,142.28492541376264,17.3096016318446,0.045807723898236306,189,365,475,234,293,215
1776756721.9932916,20.0,-142,9,142.28492541376264,17.3096016318446,0.045807723898236306,189,365,475,234,293,215
1776756722.050198,20.0,-142,9,142.28492541376264,17.3096016318446,0.045807723898236306,189,365,475,234,293,215
1776756722.1079829,20.0,-142,9,142.28492541376264,17.3096016318446,0.045807723898236306,189,365,475,234,293,215
1776756722.1621614,20.0,-142,9,142.28492541376264,17.3096016318446,0.045807723898236306,189,365,475,234,293,215
1776756722.2184699,20.0,-142,9,142.28492541376264,17.3096016318446,0.045807723898236306,189,365,475,234,293,215
1776756722.275635,20.0,-142,9,142.28492541376264,17.3096016318446,0.045807723898236306,189,365,475,234,293,215
1776756722.332962,20.0,-142,9,142.28492541376264,17.3096016318446,0.045807723898236306,189,365,475,234,293,215
1776756722.3902273,20.0,-142,9,142.28492541376264,17.3096016318446,0.045807723898236306,189,365,475,234,293,215
1776756722.447376,20.0,-142,9,142.28492541376264,17.3096016318446,0.045807723898236306,189,365,475,234,293,215
1776756722.504284,20.0,-142,9,142.28492541376264,17.3096016318446,0.045807723898236306,189,365,475,234,293,215
1776756722.5585752,20.0,-142,9,142.28492541376264,17.3096016318446,0.045807723898236306,189,365,475,234,293,215
1776756722.6161995,20.0,-142,9,142.28492541376264,17.3096016318446,0.045807723898236306,189,365,475,234,293,215
1776756722.6730247,20.0,-142,9,142.28492541376264,17.3096016318446,0.045807723898236306,189,365,475,234,293,215
1776756722.7305138,20.0,-142,9,142.28492541376264,17.3096016318446,0.045807723898236306,189,365,475,234,293,215
1776756722.7878892,20.0,-142,9,142.28492541376264,17.3096016318446,0.045807723898236306,189,365,475,234,293,215
1776756722.84076,20.0,-142,9,142.28492541376264,17.3096016318446,0.045807723898236306,189,365,475,234,293,215
1776756722.8993888,20.0,-142,9,142.28492541376264,17.3096016318446,0.045807723898236306,189,365,475,234,293,215
1776756722.9556224,20.0,-142,9,142.28492541376264,17.3096016318446,0.045807723898236306,189,365,475,234,293,215
1776756723.0126758,20.0,-142,9,142.28492541376264,17.3096016318446,0.045807723898236306,189,365,475,234,293,215
1776756723.0699487,20.0,-142,9,142.28492541376264,17.3096016318446,0.045807723898236306,189,365,475,234,293,215
1776756723.1278093,20.0,-142,9,142.28492541376264,17.3096016318446,0.045807723898236306,189,365,475,234,293,215
1776756723.1807556,20.0,-142,9,142.28492541376264,17.3096016318446,0.045807723898236306,189,365,475,234,293,215
1776756723.2384007,20.0,-142,9,142.28492541376264,17.3096016318446,0.045807723898236306,189,365,475,234,293,215
1776756723.2961924,20.0,-142,9,142.28492541376264,17.3096016318446,0.045807723898236306,189,365,475,234,293,215
1776756723.3535306,20.0,-142,9,142.28492541376264,17.3096016318446,0.045807723898236306,189,365,475,234,293,215
1776756723.4104745,20.0,-142,9,142.28492541376264,17.3096016318446,0.045807723898236306,189,365,475,234,293,215
1776756723.467617,20.0,-142,9,142.28492541376264,17.3096016318446,0.045807723898236306,189,365,475,234,293,215
1776756723.5221188,20.0,-142,9,142.28492541376264,17.3096016318446,0.045807723898236306,189,365,475,234,293,215
1776756723.578675,20.0,-142,9,142.28492541376264,17.3096016318446,0.045807723898236306,189,365,475,234,293,215
1776756723.635812,20.0,-142,9,142.28492541376264,17.3096016318446,0.045807723898236306,189,365,475,234,293,215
1776756723.6927376,20.0,-142,9,142.28492541376264,17.3096016318446,0.045807723898236306,189,365,475,234,293,215
1776756723.7499921,20.0,-142,9,142.28492541376264,17.3096016318446,0.045807723898236306,189,365,475,234,293,215
1776756723.8040814,20.0,-142,9,142.28492541376264,17.3096016318446,0.045807723898236306,189,365,475,234,293,215
1776756723.861283,20.0,-142,9,142.28492541376264,17.3096016318446,0.045807723898236306,189,365,475,234,293,215
1776756723.9184213,20.0,-142,9,142.28492541376264,17.3096016318446,0.045807723898236306,189,365,475,234,293,215
1776756723.97614,20.0,-142,9,142.28492541376264,17.3096016318446,0.045807723898236306,189,365,475,234,293,215
1776756724.0330884,20.0,-142,9,142.28492541376264,17.3096016318446,0.045807723898236306,189,365,475,234,293,215
1776756724.0909631,20.0,-142,9,142.28492541376264,17.3096016318446,0.045807723898236306,189,365,475,234,293,215
1776756724.1435046,20.0,-142,9,142.28492541376264,17.3096016318446,0.045807723898236306,189,365,475,234,293,215
1776756724.2007518,20.0,-142,9,142.28492541376264,17.3096016318446,0.045807723898236306,189,365,475,234,293,215
1776756724.258071,20.0,-142,9,142.28492541376264,17.3096016318446,0.045807723898236306,189,365,475,234,293,215
1776756724.3166153,20.0,-142,9,142.28492541376264,17.3096016318446,0.045807723898236306,189,365,475,234,293,215
1776756724.3729053,20.0,-142,9,142.28492541376264,17.3096016318446,0.045807723898236306,189,365,475,234,293,215
1776756724.4300277,20.0,-142,9,142.28492541376264,17.3096016318446,0.045807723898236306,189,365,475,234,293,215
1776756724.4831758,20.0,-142,9,142.28492541376264,17.3096016318446,0.045807723898236306,189,365,475,234,293,215
1776756724.5410275,20.0,-142,9,142.28492541376264,17.3096016318446,0.045807723898236306,189,365,475,234,293,215
1776756724.5983253,20.0,-142,9,142.28492541376264,17.3096016318446,0.045807723898236306,189,365,475,234,293,215
1776756724.6558793,20.0,-142,9,142.28492541376264,17.3096016318446,0.045807723898236306,189,365,475,234,293,215
1776756724.713345,20.0,-142,9,142.28492541376264,17.3096016318446,0.045807723898236306,189,365,475,234,293,215
