time,pressure_kPa,dx_px,dy_px,tip_disp_px,tip_disp_mm,curvature_1_per_mm,base_x,base_y,mid_x,mid_y,tip_x,tip_y
1776757163.8084846,20.0,0,0,0.0,0.0,0.032447403530995456,187,367,208,291,279,199
1776757163.825423,20.0,0,0,0.0,0.0,0.032447403530995456,187,367,208,291,279,199
1776757163.8509016,20.0,0,0,0.0,0.0,0.032447403530995456,187,367,208,291,279,199
1776757163.8819168,20.0,0,0,0.0,0.0,0.032447403530995456,187,367,208,291,279,199
1776757163.9139214,20.0,0,0,0.0,0.0,0.032447403530995456,187,367,208,291,279,199
1776757163.961326,20.0,0,0,0.0,0.0,0.032447403530995456,187,367,208,291,279,199
1776757163.994529,20.0,0,0,0.0,0.0,0.032447403530995456,187,367,208,291,279,199
1776757164.0099835,20.0,0,0,0.0,0.0,0.032447403530995456,187,367,208,291,279,199
1776757164.0251703,20.0,0,0,0.0,0.0,0.032447403530995456,187,367,208,291,279,199
1776757164.0894427,20.0,0,0,0.0,0.0,0.032447403530995456,187,367,208,291,279,199
1776757164.1221213,20.0,0,0,0.0,0.0,0.032447403530995456,187,367,208,291,279,199
1776757164.1538985,20.0,0,0,0.0,0.0,0.032447403530995456,187,367,208,291,279,199
1776757164.1844904,20.0,0,0,0.0,0.0,0.032447403530995456,187,367,208,291,279,199
1776757164.2185006,20.0,0,0,0.0,0.0,0.032447403530995456,187,367,208,291,279,199
1776757164.2506833,20.0,0,0,0.0,0.0,0.032447403530995456,187,367,208,291,279,199
1776757164.281354,20.0,0,0,0.0,0.0,0.032447403530995456,187,367,208,291,279,199
1776757164.3146634,20.0,0,0,0.0,0.0,0.032447403530995456,187,367,208,291,279,199
1776757164.3617678,20.0,0,0,0.0,0.0,0.032447403530995456,187,367,208,291,279,199
1776757164.3956165,20.0,0,0,0.0,0.0,0.032447403530995456,187,367,208,291,279,199
1776757164.4131546,20.0,0,0,0.0,0.0,0.032447403530995456,187,367,208,291,279,199
1776757164.4293475,20.0,0,0,0.0,0.0,0.032447403530995456,187,367,208,291,279,199
1776757164.4900684,20.0,0,0,0.0,0.0,0.032447403530995456,187,367,208,291,279,199
1776757164.5235019,20.0,0,0,0.0,0.0,0.032447403530995456,187,367,208,291,279,199
1776757164.5540056,20.0,0,0,0.0,0.0,0.032447403530995456,187,367,208,291,279,199
1776757164.5872405,20.0,0,0,0.0,0.0,0.032447403530995456,187,367,208,291,279,199
1776757164.6194925,20.0,0,0,0.0,0.0,0.032447403530995456,187,367,208,291,279,199
1776757164.651372,20.0,0,0,0.0,0.0,0.032447403530995456,187,367,208,291,279,199
1776757164.6830962,20.0,0,0,0.0,0.0,0.032447403530995456,187,367,208,291,279,199
1776757164.7137032,20.0,0,0,0.0,0.0,0.032447403530995456,187,367,208,291,279,199
1776757164.7608645,20.0,0,0,0.0,0.0,0.032447403530995456,187,367,208,291,279,199
1776757164.7939718,20.0,0,0,0.0,0.0,0.032447403530995456,187,367,208,291,279,199
1776757164.808858,20.0,0,0,0.0,0.0,0.032447403530995456,187,367,208,291,279,199
1776757164.8250375,20.0,0,0,0.0,0.0,0.032447403530995456,187,367,208,291,279,199
1776757164.888412,20.0,0,0,0.0,0.0,0.032447403530995456,187,367,208,291,279,199
1776757164.9195945,20.0,0,0,0.0,0.0,0.032447403530995456,187,367,208,291,279,199
1776757164.953716,20.0,0,0,0.0,0.0,0.032447403530995456,187,367,208,291,279,199
1776757164.9851751,20.0,0,0,0.0,0.0,0.032447403530995456,187,367,208,291,279,199
1776757165.0187364,20.0,0,0,0.0,0.0,0.032447403530995456,187,367,208,291,279,199
1776757165.0477996,20.0,0,0,0.0,0.0,0.032447403530995456,187,367,208,291,279,199
1776757165.0807896,20.0,0,0,0.0,0.0,0.032447403530995456,187,367,208,291,279,199
1776757165.1289864,20.0,0,0,0.0,0.0,0.032447403530995456,187,367,208,291,279,199
1776757165.1609204,20.0,0,0,0.0,0.0,0.032447403530995456,187,367,208,291,279,199
1776757165.173757,20.0,0,0,0.0,0.0,0.032447403530995456,187,367,208,291,279,199
1776757165.192186,20.0,0,0,0.0,0.0,0.032447403530995456,187,367,208,291,279,199
1776757165.2581918,20.0,0,0,0.0,0.0,0.032447403530995456,187,367,208,291,279,199
1776757165.2905571,20.0,0,0,0.0,0.0,0.032447403530995456,187,367,208,291,279,199
1776757165.3313928,20.0,0,0,0.0,0.0,0.032447403530995456,187,367,208,291,279,199
1776757165.3537292,20.0,0,0,0.0,0.0,0.032447403530995456,187,367,208,291,279,199
1776757165.3873305,20.0,0,0,0.0,0.0,0.032447403530995456,187,367,208,291,279,199
1776757165.4183764,20.0,0,0,0.0,0.0,0.032447403530995456,187,367,208,291,279,199
1776757165.4515266,20.0,0,0,0.0,0.0,0.032447403530995456,187,367,208,291,279,199
1776757165.4829988,20.0,0,0,0.0,0.0,0.032447403530995456,187,367,208,291,279,199
1776757165.5294976,20.0,0,0,0.0,0.0,0.032447403530995456,187,367,208,291,279,199
1776757165.5644677,20.0,0,0,0.0,0.0,0.032447403530995456,187,367,208,291,279,199
1776757165.5773132,20.0,0,0,0.0,0.0,0.032447403530995456,187,367,208,291,279,199
1776757165.5955718,20.0,0,0,0.0,0.0,0.032447403530995456,187,367,208,291,279,199
1776757165.6576097,20.0,0,0,0.0,0.0,0.032447403530995456,187,367,208,291,279,199
1776757165.6933987,20.0,0,0,0.0,0.0,0.032447403530995456,187,367,208,291,279,199
1776757165.7215471,20.0,0,0,0.0,0.0,0.032447403530995456,187,367,208,291,279,199
1776757165.7539084,20.0,0,0,0.0,0.0,0.032447403530995456,187,367,208,291,279,199
1776757165.7864645,20.0,0,0,0.0,0.0,0.032447403530995456,187,367,208,291,279,199
1776757165.8185873,20.0,0,0,0.0,0.0,0.032447403530995456,187,367,208,291,279,199
1776757165.8501773,20.0,0,0,0.0,0.0,0.032447403530995456,187,367,208,291,279,199
1776757165.882347,20.0,0,0,0.0,0.0,0.032447403530995456,187,367,208,291,279,199
1776757165.929455,20.0,0,0,0.0,0.0,0.032447403530995456,187,367,208,291,279,199
1776757165.9622843,20.0,0,0,0.0,0.0,0.032447403530995456,187,367,208,291,279,199
1776757165.9777062,20.0,0,0,0.0,0.0,0.032447403530995456,187,367,208,291,279,199
1776757165.9942572,20.0,0,0,0.0,0.0,0.032447403530995456,187,367,208,291,279,199
1776757166.0556135,20.0,0,0,0.0,0.0,0.032447403530995456,187,367,208,291,279,199
1776757166.088621,20.0,0,0,0.0,0.0,0.032447403530995456,187,367,208,291,279,199
1776757166.120619,20.0,0,0,0.0,0.0,0.032447403530995456,187,367,208,291,279,199
1776757166.153435,20.0,0,0,0.0,0.0,0.032447403530995456,187,367,208,291,279,199
1776757166.1860151,20.0,0,0,0.0,0.0,0.032447403530995456,187,367,208,291,279,199
1776757166.226545,20.0,0,0,0.0,0.0,0.032447403530995456,187,367,208,291,279,199
1776757166.2552829,20.0,0,0,0.0,0.0,0.032447403530995456,187,367,208,291,279,199
1776757166.2976937,20.0,0,0,0.0,0.0,0.032447403530995456,187,367,208,291,279,199
1776757166.3296926,20.0,0,0,0.0,0.0,0.032447403530995456,187,367,208,291,279,199
1776757166.34467,20.0,0,0,0.0,0.0,0.032447403530995456,187,367,208,291,279,199
1776757166.3618224,20.0,0,0,0.0,0.0,0.032447403530995456,187,367,208,291,279,199
1776757166.3932624,20.0,0,0,0.0,0.0,0.032447403530995456,187,367,208,291,279,199
1776757166.42595,20.0,0,0,0.0,0.0,0.032447403530995456,187,367,208,291,279,199
1776757166.4921465,20.0,0,0,0.0,0.0,0.032447403530995456,187,367,208,291,279,199
1776757166.522681,20.0,0,0,0.0,0.0,0.032447403530995456,187,367,208,291,279,199
1776757166.5544076,20.0,0,0,0.0,0.0,0.032447403530995456,187,367,208,291,279,199
1776757166.5877156,20.0,0,0,0.0,0.0,0.032447403530995456,187,367,208,291,279,199
1776757166.6192477,20.0,0,0,0.0,0.0,0.032447403530995456,187,367,208,291,279,199
1776757166.649774,20.0,0,0,0.0,0.0,0.032447403530995456,187,367,208,291,279,199
1776757166.6957097,20.0,0,0,0.0,0.0,0.032447403530995456,187,367,208,291,279,199
1776757166.7285883,20.0,0,0,0.0,0.0,0.032447403530995456,187,367,208,291,279,199
1776757166.7427711,20.0,0,0,0.0,0.0,0.032447403530995456,187,367,208,291,279,199
1776757166.7616284,20.0,0,0,0.0,0.0,0.032447403530995456,187,367,208,291,279,199
1776757166.7941911,20.0,0,0,0.0,0.0,0.032447403530995456,187,367,208,291,279,199
1776757166.8291361,20.0,0,0,0.0,0.0,0.032447403530995456,187,367,208,291,279,199
1776757166.8889294,20.0,0,0,0.0,0.0,0.032447403530995456,187,367,208,291,279,199
1776757166.9224145,20.0,0,0,0.0,0.0,0.032447403530995456,187,367,208,291,279,199
1776757166.9537408,20.0,0,0,0.0,0.0,0.032447403530995456,187,367,208,291,279,199
1776757166.9870248,20.0,0,0,0.0,0.0,0.032447403530995456,187,367,208,291,279,199
1776757167.0187814,20.0,0,0,0.0,0.0,0.032447403530995456,187,367,208,291,279,199
1776757167.0523005,20.0,0,0,0.0,0.0,0.032447403530995456,187,367,208,291,279,199
1776757167.09646,20.0,0,0,0.0,0.0,0.032447403530995456,187,367,208,291,279,199
1776757167.1303132,20.0,0,0,0.0,0.0,0.032447403530995456,187,367,208,291,279,199
1776757167.1442053,20.0,0,0,0.0,0.0,0.032447403530995456,187,367,208,291,279,199
1776757167.160859,20.0,0,0,0.0,0.0,0.032447403530995456,187,367,208,291,279,199
1776757167.1920938,20.0,0,0,0.0,0.0,0.032447403530995456,187,367,208,291,279,199
1776757167.2267418,20.0,0,0,0.0,0.0,0.032447403530995456,187,367,208,291,279,199
1776757167.2925045,20.0,0,0,0.0,0.0,0.032447403530995456,187,367,208,291,279,199
1776757167.3236341,20.0,0,0,0.0,0.0,0.032447403530995456,187,367,208,291,279,199
1776757167.3543882,20.0,0,0,0.0,0.0,0.032447403530995456,187,367,208,291,279,199
1776757167.3867497,20.0,0,0,0.0,0.0,0.032447403530995456,187,367,208,291,279,199
1776757167.4188645,20.0,0,0,0.0,0.0,0.032447403530995456,187,367,208,291,279,199
1776757167.4500964,20.0,0,0,0.0,0.0,0.032447403530995456,187,367,208,291,279,199
1776757167.4965715,20.0,0,0,0.0,0.0,0.032447403530995456,187,367,208,291,279,199
1776757167.5292182,20.0,0,0,0.0,0.0,0.032447403530995456,187,367,208,291,279,199
1776757167.5422192,20.0,0,0,0.0,0.0,0.032447403530995456,187,367,208,291,279,199
1776757167.5661485,20.0,0,0,0.0,0.0,0.032447403530995456,187,367,208,291,279,199
1776757167.5919228,20.0,0,0,0.0,0.0,0.032447403530995456,187,367,208,291,279,199
1776757167.6255326,20.0,0,0,0.0,0.0,0.032447403530995456,187,367,208,291,279,199
1776757167.689656,20.0,0,0,0.0,0.0,0.032447403530995456,187,367,208,291,279,199
1776757167.7210617,20.0,0,0,0.0,0.0,0.032447403530995456,187,367,208,291,279,199
1776757167.7529006,20.0,0,0,0.0,0.0,0.032447403530995456,187,367,208,291,279,199
1776757167.7863026,20.0,0,0,0.0,0.0,0.032447403530995456,187,367,208,291,279,199
1776757167.8169787,20.0,0,0,0.0,0.0,0.032447403530995456,187,367,208,291,279,199
1776757167.8643725,20.0,0,0,0.0,0.0,0.032447403530995456,187,367,208,291,279,199
1776757167.8997884,20.0,0,0,0.0,0.0,0.032447403530995456,187,367,208,291,279,199
1776757167.9134717,20.0,0,0,0.0,0.0,0.032447403530995456,187,367,208,291,279,199
1776757167.9288135,20.0,0,0,0.0,0.0,0.032447403530995456,187,367,208,291,279,199
1776757167.9612083,20.0,0,0,0.0,0.0,0.032447403530995456,187,367,208,291,279,199
1776757167.9951751,20.0,0,0,0.0,0.0,0.032447403530995456,187,367,208,291,279,199
1776757168.0258644,20.0,0,0,0.0,0.0,0.032447403530995456,187,367,208,291,279,199
1776757168.0882,20.0,0,0,0.0,0.0,0.032447403530995456,187,367,208,291,279,199
1776757168.1210268,20.0,0,0,0.0,0.0,0.032447403530995456,187,367,208,291,279,199
1776757168.1525247,20.0,0,0,0.0,0.0,0.032447403530995456,187,367,208,291,279,199
1776757168.184622,20.0,0,0,0.0,0.0,0.032447403530995456,187,367,208,291,279,199
1776757168.2190104,20.0,0,0,0.0,0.0,0.032447403530995456,187,367,208,291,279,199
1776757168.264423,20.0,0,0,0.0,0.0,0.032447403530995456,187,367,208,291,279,199
1776757168.300594,20.0,0,0,0.0,0.0,0.032447403530995456,187,367,208,291,279,199
1776757168.3337598,20.0,0,0,0.0,0.0,0.032447403530995456,187,367,208,291,279,199
1776757168.3465786,20.0,0,0,0.0,0.0,0.032447403530995456,187,367,208,291,279,199
1776757168.3613167,20.0,0,0,0.0,0.0,0.032447403530995456,187,367,208,291,279,199
1776757168.3930748,20.0,0,0,0.0,0.0,0.032447403530995456,187,367,208,291,279,199
1776757168.424726,20.0,0,0,0.0,0.0,0.032447403530995456,187,367,208,291,279,199
1776757168.4913967,20.0,0,0,0.0,0.0,0.032447403530995456,187,367,208,291,279,199
1776757168.5238504,20.0,0,0,0.0,0.0,0.032447403530995456,187,367,208,291,279,199
1776757168.554629,20.0,0,0,0.0,0.0,0.032447403530995456,187,367,208,291,279,199
1776757168.5877843,20.0,0,0,0.0,0.0,0.032447403530995456,187,367,208,291,279,199
1776757168.6200037,20.0,0,0,0.0,0.0,0.032447403530995456,187,367,208,291,279,199
1776757168.666082,20.0,0,0,0.0,0.0,0.032447403530995456,187,367,208,291,279,199
1776757168.7022371,20.0,0,0,0.0,0.0,0.032447403530995456,187,367,208,291,279,199
1776757168.7169442,20.0,0,0,0.0,0.0,0.032447403530995456,187,367,208,291,279,199
1776757168.730477,20.0,0,0,0.0,0.0,0.032447403530995456,187,367,208,291,279,199
1776757168.7626579,20.0,0,0,0.0,0.0,0.032447403530995456,187,367,208,291,279,199
1776757168.7916539,20.0,0,0,0.0,0.0,0.032447403530995456,187,367,208,291,279,199
1776757168.8238986,20.0,0,0,0.0,0.0,0.032447403530995456,187,367,208,291,279,199
1776757168.8907216,20.0,0,0,0.0,0.0,0.032447403530995456,187,367,208,291,279,199
1776757168.9204733,20.0,0,0,0.0,0.0,0.032447403530995456,187,367,208,291,279,199
1776757168.9508586,20.0,0,0,0.0,0.0,0.032447403530995456,187,367,208,291,279,199
1776757168.984705,20.0,0,0,0.0,0.0,0.032447403530995456,187,367,208,291,279,199
1776757169.0339596,20.0,0,0,0.0,0.0,0.032447403530995456,187,367,208,291,279,199
1776757169.0655963,20.0,0,0,0.0,0.0,0.032447403530995456,187,367,208,291,279,199
1776757169.0805345,20.0,0,0,0.0,0.0,0.032447403530995456,187,367,208,291,279,199
1776757169.100615,20.0,0,0,0.0,0.0,0.032447403530995456,187,367,208,291,279,199
1776757169.1289408,20.0,0,0,0.0,0.0,0.032447403530995456,187,367,208,291,279,199
1776757169.1614833,20.0,0,0,0.0,0.0,0.032447403530995456,187,367,208,291,279,199
1776757169.1929507,20.0,0,0,0.0,0.0,0.032447403530995456,187,367,208,291,279,199
1776757169.2559917,20.0,0,0,0.0,0.0,0.032447403530995456,187,367,208,291,279,199
1776757169.2883906,20.0,0,0,0.0,0.0,0.032447403530995456,187,367,208,291,279,199
1776757169.321083,20.0,0,0,0.0,0.0,0.032447403530995456,187,367,208,291,279,199
1776757169.3530216,20.0,0,0,0.0,0.0,0.032447403530995456,187,367,208,291,279,199
1776757169.3858118,20.0,0,0,0.0,0.0,0.03188593412740578,187,367,208,291,279,198
1776757169.433053,20.0,0,0,0.0,0.0,0.03188593412740578,187,367,208,291,279,198
1776757169.4678433,20.0,0,0,0.0,0.0,0.03188593412740578,187,367,208,291,279,198
1776757169.4809592,20.0,0,0,0.0,0.0,0.03188593412740578,187,367,208,291,279,198
1776757169.498771,20.0,0,0,0.0,0.0,0.03188593412740578,187,367,208,291,279,198
1776757169.5281532,20.0,0,0,0.0,0.0,0.03188593412740578,187,367,208,291,279,198
1776757169.5607529,20.0,0,0,0.0,0.0,0.03188593412740578,187,367,208,291,279,198
1776757169.5921044,20.0,0,0,0.0,0.0,0.03188593412740578,187,367,208,291,279,198
1776757169.622336,20.0,0,0,0.0,0.0,0.03188593412740578,187,367,208,291,279,198
1776757169.6929939,20.0,0,0,0.0,0.0,0.03188593412740578,187,367,208,291,279,198
1776757169.7227097,20.0,0,0,0.0,0.0,0.03188593412740578,187,367,208,291,279,198
1776757169.7531612,20.0,0,0,0.0,0.0,0.03188593412740578,187,367,208,291,279,198
1776757169.786688,20.0,0,0,0.0,0.0,0.03188593412740578,187,367,208,291,279,198
1776757169.8347702,20.0,0,0,0.0,0.0,0.03188593412740578,187,367,208,291,279,198
1776757169.8739643,20.0,0,0,0.0,0.0,0.03188593412740578,187,367,208,291,279,198
1776757169.8884134,20.0,0,0,0.0,0.0,0.03188593412740578,187,367,208,291,279,198
1776757169.9026062,20.0,0,0,0.0,0.0,0.03188593412740578,187,367,208,291,279,198
1776757169.931457,20.0,0,0,0.0,0.0,0.03188593412740578,187,367,208,291,279,198
1776757169.9638588,20.0,0,0,0.0,0.0,0.03188593412740578,187,367,208,291,279,198
1776757169.9949198,20.0,0,0,0.0,0.0,0.03188593412740578,187,367,208,291,279,198
1776757170.024199,20.0,0,0,0.0,0.0,0.03188593412740578,187,367,208,291,279,198
1776757170.0909605,20.0,0,0,0.0,0.0,0.03188593412740578,187,367,208,291,279,198
1776757170.1201644,20.0,0,0,0.0,0.0,0.03188593412740578,187,367,208,291,279,198
1776757170.1515734,20.0,0,0,0.0,0.0,0.03188593412740578,187,367,208,291,279,198
1776757170.1844442,20.0,0,0,0.0,0.0,0.03188593412740578,187,367,208,291,279,198
1776757170.2346087,20.0,0,0,0.0,0.0,0.03188593412740578,187,367,208,291,279,198
1776757170.2494104,20.0,0,0,0.0,0.0,0.03188593412740578,187,367,208,291,279,198
1776757170.2658634,20.0,0,0,0.0,0.0,0.03188593412740578,187,367,208,291,279,198
1776757170.301859,20.0,0,0,0.0,0.0,0.03188593412740578,187,367,208,291,279,198
1776757170.3297322,20.0,0,0,0.0,0.0,0.03188593412740578,187,367,208,291,279,198
1776757170.3601506,20.0,0,0,0.0,0.0,0.03188593412740578,187,367,208,291,279,198
1776757170.3922925,20.0,0,0,0.0,0.0,0.03188593412740578,187,367,208,291,279,198
1776757170.4246116,20.0,0,0,0.0,0.0,0.03188593412740578,187,367,208,291,279,198
1776757170.4907575,20.0,0,0,0.0,0.0,0.03188593412740578,187,367,208,291,279,198
1776757170.522477,20.0,0,0,0.0,0.0,0.03188593412740578,187,367,208,291,279,198
1776757170.5540724,20.0,0,0,0.0,0.0,0.03188593412740578,187,367,208,291,279,198
1776757170.6019566,20.0,0,0,0.0,0.0,0.03188593412740578,187,367,208,291,279,198
1776757170.6371562,20.0,0,0,0.0,0.0,0.03188593412740578,187,367,208,291,279,198
1776757170.6536965,20.0,0,0,0.0,0.0,0.03188593412740578,187,367,208,291,279,198
1776757170.6678224,20.0,0,0,0.0,0.0,0.03188593412740578,187,367,208,291,279,198
1776757170.700035,20.0,0,0,0.0,0.0,0.03188593412740578,187,367,208,291,279,198
1776757170.7306516,20.0,0,0,0.0,0.0,0.03188593412740578,187,367,208,291,279,198
1776757170.7631896,20.0,0,0,0.0,0.0,0.03188593412740578,187,367,208,291,279,198
1776757170.7932298,20.0,0,0,0.0,0.0,0.03188593412740578,187,367,208,291,279,198
1776757170.859378,20.0,0,0,0.0,0.0,0.03188593412740578,187,367,208,291,279,198
1776757170.8903437,20.0,0,0,0.0,0.0,0.03188593412740578,187,367,208,291,279,198
1776757170.923588,20.0,0,0,0.0,0.0,0.03188593412740578,187,367,208,291,279,198
1776757170.9524322,20.0,0,0,0.0,0.0,0.03188593412740578,187,367,208,291,279,198
1776757171.003832,20.0,0,0,0.0,0.0,0.03188593412740578,187,367,208,291,279,198
1776757171.037357,20.0,0,0,0.0,0.0,0.03188593412740578,187,367,208,291,279,198
1776757171.054822,20.0,0,0,0.0,0.0,0.03188593412740578,187,367,208,291,279,198
1776757171.069913,20.0,0,0,0.0,0.0,0.03188593412740578,187,367,208,291,279,198
1776757171.0991912,20.0,0,0,0.0,0.0,0.03188593412740578,187,367,208,291,279,198
1776757171.131695,20.0,0,0,0.0,0.0,0.03188593412740578,187,367,208,291,279,198
1776757171.1600137,20.0,0,0,0.0,0.0,0.03188593412740578,187,367,208,291,279,198
1776757171.1921017,20.0,0,0,0.0,0.0,0.03188593412740578,187,367,208,291,279,198
1776757171.2247803,20.0,0,0,0.0,0.0,0.03188593412740578,187,367,208,291,279,198
1776757171.2902696,20.0,0,0,0.0,0.0,0.03188593412740578,187,367,208,291,279,198
1776757171.3216202,20.0,0,0,0.0,0.0,0.03188593412740578,187,367,208,291,279,198
1776757171.3539681,20.0,0,0,0.0,0.0,0.03188593412740578,187,367,208,291,279,198
1776757171.408899,20.0,0,0,0.0,0.0,0.03188593412740578,187,367,208,291,279,198
1776757171.4470341,20.0,0,0,0.0,0.0,0.03188593412740578,187,367,208,291,279,198
1776757171.4614909,20.0,0,0,0.0,0.0,0.03188593412740578,187,367,208,291,279,198
1776757171.477023,20.0,0,0,0.0,0.0,0.03188593412740578,187,367,208,291,279,198
1776757171.4986553,20.0,0,0,0.0,0.0,0.03188593412740578,187,367,208,291,279,198
1776757171.5292547,20.0,0,0,0.0,0.0,0.03188593412740578,187,367,208,291,279,198
1776757171.5613816,20.0,0,0,0.0,0.0,0.03188593412740578,187,367,208,291,279,198
1776757171.5943696,20.0,0,0,0.0,0.0,0.03188593412740578,187,367,208,291,279,198
1776757171.624548,20.0,0,0,0.0,0.0,0.03188593412740578,187,367,208,291,279,198
1776757171.6930153,20.0,0,0,0.0,0.0,0.03188593412740578,187,367,208,291,279,198
1776757171.725446,20.0,0,0,0.0,0.0,0.03188593412740578,187,367,208,291,279,198
1776757171.770468,20.0,0,0,0.0,0.0,0.03188593412740578,187,367,208,291,279,198
1776757171.804103,20.0,0,0,0.0,0.0,0.03188593412740578,187,367,208,291,279,198
1776757171.819343,20.0,0,0,0.0,0.0,0.03188593412740578,187,367,208,291,279,198
1776757171.8329487,20.0,2,0,2.0,0.24330900243309,0.032340194155078855,187,367,208,291,280,198
1776757171.8680422,20.0,2,0,2.0,0.24330900243309,0.032340194155078855,187,367,208,291,280,198
1776757171.8988113,20.0,2,0,2.0,0.24330900243309,0.032340194155078855,187,367,208,291,280,198
1776757171.9308813,20.0,2,0,2.0,0.24330900243309,0.032340194155078855,187,367,208,291,280,198
1776757171.9604702,20.0,2,0,2.0,0.24330900243309,0.032340194155078855,187,367,208,291,280,198
1776757171.9935575,20.0,2,0,2.0,0.24330900243309,0.032340194155078855,187,367,208,291,280,198
1776757172.0254488,20.0,2,0,2.0,0.24330900243309,0.032340194155078855,187,367,208,291,280,198
1776757172.0928516,20.0,2,0,2.0,0.24330900243309,0.032340194155078855,187,367,208,291,280,198
1776757172.121637,20.0,2,0,2.0,0.24330900243309,0.032340194155078855,187,367,208,291,280,198
1776757172.170139,20.0,2,0,2.0,0.24330900243309,0.032340194155078855,187,367,208,291,280,198
1776757172.2012408,20.0,2,0,2.0,0.24330900243309,0.032340194155078855,187,367,208,291,280,198
1776757172.21669,20.0,2,0,2.0,0.24330900243309,0.032340194155078855,187,367,208,291,280,198
1776757172.2342525,20.0,2,0,2.0,0.24330900243309,0.032340194155078855,187,367,208,291,280,198
1776757172.26578,20.0,2,0,2.0,0.24330900243309,0.032340194155078855,187,367,208,291,280,198
1776757172.2985737,20.0,2,0,2.0,0.24330900243309,0.032340194155078855,187,367,208,291,280,198
1776757172.3304315,20.0,2,0,2.0,0.24330900243309,0.032340194155078855,187,367,208,291,280,198
1776757172.3608413,20.0,2,0,2.0,0.24330900243309,0.032340194155078855,187,367,208,291,280,198
1776757172.3940442,20.0,2,0,2.0,0.24330900243309,0.032340194155078855,187,367,208,291,280,198
1776757172.4248357,20.0,2,0,2.0,0.24330900243309,0.032340194155078855,187,367,208,291,280,198
1776757172.4923322,20.0,2,0,2.0,0.24330900243309,0.032340194155078855,187,367,208,291,280,198
1776757172.5234287,20.0,2,0,2.0,0.24330900243309,0.032340194155078855,187,367,208,291,280,198
1776757172.5697575,20.0,2,0,2.0,0.24330900243309,0.032340194155078855,187,367,208,291,280,198
1776757172.605519,20.0,2,0,2.0,0.24330900243309,0.032340194155078855,187,367,208,291,280,198
1776757172.6203856,20.0,2,0,2.0,0.24330900243309,0.032340194155078855,187,367,208,291,280,198
1776757172.633576,20.0,2,0,2.0,0.24330900243309,0.032340194155078855,187,367,208,291,280,198
1776757172.6637332,20.0,2,0,2.0,0.24330900243309,0.032340194155078855,187,367,208,291,280,198
1776757172.6994126,20.0,2,0,2.0,0.24330900243309,0.032340194155078855,187,367,208,291,280,198
1776757172.7309027,20.0,2,0,2.0,0.24330900243309,0.032340194155078855,187,367,208,291,280,198
1776757172.7601445,20.0,2,0,2.0,0.24330900243309,0.032340194155078855,187,367,208,291,280,198
1776757172.7941754,20.0,2,0,2.0,0.24330900243309,0.032340194155078855,187,367,208,291,280,198
1776757172.8245358,20.0,2,0,2.0,0.24330900243309,0.032340194155078855,187,367,208,291,280,198
1776757172.8893607,20.0,2,0,2.0,0.24330900243309,0.032340194155078855,187,367,208,291,280,198
1776757172.9375956,20.0,2,0,2.0,0.24330900243309,0.032340194155078855,187,367,208,291,280,198
1776757172.969792,20.0,2,0,2.0,0.24330900243309,0.032340194155078855,187,367,208,291,280,198
1776757172.982496,20.0,2,0,2.0,0.24330900243309,0.032340194155078855,187,367,208,291,280,198
1776757173.0175598,20.0,2,0,2.0,0.24330900243309,0.032340194155078855,187,367,208,291,280,198
1776757173.0325866,20.0,2,0,2.0,0.24330900243309,0.032340194155078855,187,367,208,291,280,198
1776757173.0654192,20.0,2,0,2.0,0.24330900243309,0.032340194155078855,187,367,208,291,280,198
1776757173.0998552,20.0,2,0,2.0,0.24330900243309,0.032340194155078855,187,367,208,291,280,198
1776757173.1310873,20.0,2,0,2.0,0.24330900243309,0.032340194155078855,187,367,208,291,280,198
1776757173.1616602,20.0,2,0,2.0,0.24330900243309,0.032340194155078855,187,367,208,291,280,198
1776757173.1931887,20.0,2,0,2.0,0.24330900243309,0.032340194155078855,187,367,208,291,280,198
1776757173.225222,20.0,3,0,3.0,0.36496350364963503,0.032231439834995185,187,367,208,291,281,197
1776757173.2904553,20.0,3,0,3.0,0.36496350364963503,0.032231439834995185,187,367,208,291,281,197
1776757173.3372521,20.0,3,0,3.0,0.36496350364963503,0.032231439834995185,187,367,208,291,281,197
1776757173.3676283,20.0,3,0,3.0,0.36496350364963503,0.032231439834995185,187,367,208,291,281,197
1776757173.3817549,20.0,3,0,3.0,0.36496350364963503,0.032231439834995185,187,367,208,291,281,197
1776757173.4002104,20.0,3,0,3.0,0.36496350364963503,0.032231439834995185,187,367,208,291,281,197
1776757173.4333613,20.0,3,0,3.0,0.36496350364963503,0.032231439834995185,187,367,208,291,281,197
1776757173.4653466,20.0,3,0,3.0,0.36496350364963503,0.032231439834995185,187,367,208,291,281,197
1776757173.4975464,20.0,3,0,3.0,0.36496350364963503,0.032231439834995185,187,367,208,291,281,197
1776757173.5282044,20.0,3,0,3.0,0.36496350364963503,0.032231439834995185,187,367,208,291,281,197
1776757173.5610943,20.0,3,0,3.0,0.36496350364963503,0.032231439834995185,187,367,208,291,281,197
1776757173.5939484,20.0,3,0,3.0,0.36496350364963503,0.032231439834995185,187,367,208,291,281,197
1776757173.6608768,20.0,3,0,3.0,0.36496350364963503,0.032231439834995185,187,367,208,291,281,197
1776757173.6926744,20.0,3,0,3.0,0.36496350364963503,0.032231439834995185,187,367,208,291,281,197
1776757173.7382755,20.0,3,0,3.0,0.36496350364963503,0.032231439834995185,187,367,208,291,281,197
1776757173.771489,20.0,3,0,3.0,0.36496350364963503,0.032231439834995185,187,367,208,291,281,197
1776757173.785757,20.0,3,0,3.0,0.36496350364963503,0.032231439834995185,187,367,208,291,281,197
1776757173.8003926,20.0,3,0,3.0,0.36496350364963503,0.032231439834995185,187,367,208,291,281,197
1776757173.8331254,20.0,3,0,3.0,0.36496350364963503,0.032231439834995185,187,367,208,291,281,197
1776757173.866034,20.0,3,0,3.0,0.36496350364963503,0.032231439834995185,187,367,208,291,281,197
1776757173.8976085,20.0,3,0,3.0,0.36496350364963503,0.032231439834995185,187,367,208,291,281,197
1776757173.9301925,20.0,3,0,3.0,0.36496350364963503,0.032231439834995185,187,367,208,291,281,197
1776757173.9631028,20.0,3,0,3.0,0.36496350364963503,0.032231439834995185,187,367,208,291,281,197
1776757173.9929912,20.0,3,0,3.0,0.36496350364963503,0.032231439834995185,187,367,208,291,281,197
1776757174.0555706,20.0,3,0,3.0,0.36496350364963503,0.032231439834995185,187,367,208,291,281,197
1776757174.0874586,20.0,3,0,3.0,0.36496350364963503,0.032231439834995185,187,367,208,291,281,197
1776757174.1379187,20.0,3,0,3.0,0.36496350364963503,0.032231439834995185,187,367,208,291,281,197
1776757174.171205,20.0,3,0,3.0,0.36496350364963503,0.032231439834995185,187,367,208,291,281,197
1776757174.186565,20.0,3,0,3.0,0.36496350364963503,0.032231439834995185,187,367,208,291,281,197
1776757174.2008533,20.0,3,0,3.0,0.36496350364963503,0.032231439834995185,187,367,208,291,281,197
1776757174.2331486,20.0,3,0,3.0,0.36496350364963503,0.032231439834995185,187,367,208,291,281,197
1776757174.2651665,20.0,3,0,3.0,0.36496350364963503,0.032231439834995185,187,367,208,291,281,197
1776757174.2977507,20.0,3,0,3.0,0.36496350364963503,0.032231439834995185,187,367,208,291,281,197
1776757174.3291135,20.0,3,0,3.0,0.36496350364963503,0.032231439834995185,187,367,208,291,281,197
1776757174.3622608,20.0,3,0,3.0,0.36496350364963503,0.032231439834995185,187,367,208,291,281,197
1776757174.3940935,20.0,3,0,3.0,0.36496350364963503,0.032231439834995185,187,367,208,291,281,197
1776757174.4233239,20.0,3,0,3.0,0.36496350364963503,0.032231439834995185,187,367,208,291,281,197
1776757174.5132027,20.0,3,0,3.0,0.36496350364963503,0.032231439834995185,187,367,208,291,281,197
1776757174.541831,20.0,3,0,3.0,0.36496350364963503,0.032231439834995185,187,367,208,291,281,197
1776757174.5559363,20.0,3,0,3.0,0.36496350364963503,0.032231439834995185,187,367,208,291,281,197
1776757174.569262,20.0,3,0,3.0,0.36496350364963503,0.032231439834995185,187,367,208,291,281,197
1776757174.6004734,20.0,3,0,3.0,0.36496350364963503,0.032231439834995185,187,367,208,291,281,197
1776757174.6329315,20.0,3,0,3.0,0.36496350364963503,0.032231439834995185,187,367,208,291,281,197
1776757174.665547,20.0,3,0,3.0,0.36496350364963503,0.032231439834995185,187,367,208,291,281,197
1776757174.6986396,20.0,3,0,3.0,0.36496350364963503,0.032231439834995185,187,367,208,291,281,197
1776757174.7291164,20.0,3,0,3.0,0.36496350364963503,0.032231439834995185,187,367,208,291,281,197
1776757174.7633288,20.0,3,0,3.0,0.36496350364963503,0.032231439834995185,187,367,208,291,281,197
1776757174.7942498,20.0,3,0,3.0,0.36496350364963503,0.032231439834995185,187,367,208,291,281,197
1776757174.8255882,20.0,4,0,4.0,0.48661800486618,0.033329353998969344,187,367,208,290,282,197
1776757174.9114785,20.0,4,0,4.0,0.48661800486618,0.033329353998969344,187,367,208,290,282,197
1776757174.9393373,20.0,4,0,4.0,0.48661800486618,0.033329353998969344,187,367,208,290,282,197
1776757174.9558814,20.0,4,0,4.0,0.48661800486618,0.033329353998969344,187,367,208,290,282,197
1776757174.969514,20.0,4,0,4.0,0.48661800486618,0.033329353998969344,187,367,208,290,282,197
1776757175.0010345,20.0,4,0,4.0,0.48661800486618,0.033329353998969344,187,367,208,290,282,197
1776757175.0339253,20.0,4,0,4.0,0.48661800486618,0.033329353998969344,187,367,208,290,282,197
1776757175.0663311,20.0,4,0,4.0,0.48661800486618,0.033329353998969344,187,367,208,290,282,197
1776757175.097213,20.0,4,0,4.0,0.48661800486618,0.033329353998969344,187,367,208,290,282,197
1776757175.1338234,20.0,4,0,4.0,0.48661800486618,0.033329353998969344,187,367,208,290,282,197
1776757175.1616647,20.0,4,0,4.0,0.48661800486618,0.033329353998969344,187,367,208,290,282,197
1776757175.1941566,20.0,4,0,4.0,0.48661800486618,0.033329353998969344,187,367,208,290,282,197
1776757175.224709,20.0,4,0,4.0,0.48661800486618,0.033329353998969344,187,367,208,290,282,197
1776757175.3062131,20.0,5,0,5.0,0.608272506082725,0.033751748356344126,187,367,208,290,283,197
1776757175.3394227,20.0,5,0,5.0,0.608272506082725,0.032311273448554036,187,367,209,290,283,197
1776757175.3547342,20.0,5,0,5.0,0.608272506082725,0.032311273448554036,187,367,209,290,283,197
1776757175.3691452,20.0,5,0,5.0,0.608272506082725,0.032311273448554036,187,367,209,290,283,197
1776757175.402037,20.0,5,0,5.0,0.608272506082725,0.032311273448554036,187,367,209,290,283,197
1776757175.4333558,20.0,5,0,5.0,0.608272506082725,0.032311273448554036,187,367,209,290,283,197
1776757175.4645526,20.0,5,0,5.0,0.608272506082725,0.032311273448554036,187,367,209,290,283,197
1776757175.5058565,20.0,5,-2,5.385164807134504,0.6551295385808398,0.032429941281935284,187,367,209,289,283,196
1776757175.532913,20.0,5,-2,5.385164807134504,0.6551295385808398,0.032429941281935284,187,367,209,289,283,196
1776757175.5626972,20.0,5,-2,5.385164807134504,0.6551295385808398,0.032429941281935284,187,367,209,289,283,196
1776757175.590615,20.0,5,-2,5.385164807134504,0.6551295385808398,0.032429941281935284,187,367,209,289,283,196
1776757175.6756568,20.0,6,-2,6.324555320336759,0.7694106229120145,0.0328532360488086,187,367,209,289,284,196
1776757175.710269,20.0,6,-2,6.324555320336759,0.7694106229120145,0.0328532360488086,187,367,209,289,284,196
1776757175.7256947,20.0,6,-2,6.324555320336759,0.7694106229120145,0.03351326845999683,187,367,209,288,284,196
1776757175.7400777,20.0,6,-2,6.324555320336759,0.7694106229120145,0.03351326845999683,187,367,209,288,284,196
1776757175.7676754,20.0,6,-2,6.324555320336759,0.7694106229120145,0.03351326845999683,187,367,209,288,284,196
1776757175.803978,20.0,6,-2,6.324555320336759,0.7694106229120145,0.03351326845999683,187,367,209,288,284,196
1776757175.833952,20.0,6,-2,6.324555320336759,0.7694106229120145,0.03351326845999683,187,367,209,288,284,196
1776757175.8645499,20.0,6,-2,6.324555320336759,0.7694106229120145,0.03351326845999683,187,367,209,288,284,196
1776757175.898451,20.0,6,-2,6.324555320336759,0.7694106229120145,0.03351326845999683,187,367,209,288,284,196
1776757175.9301164,20.0,6,-2,6.324555320336759,0.7694106229120145,0.03351326845999683,187,367,209,288,284,196
1776757175.9624166,20.0,6,-2,6.324555320336759,0.7694106229120145,0.03351326845999683,187,367,209,288,284,196
1776757175.9945147,20.0,7,-2,7.280109889280518,0.8856581373820581,0.033924713089259984,187,367,209,288,285,196
1776757176.0248532,20.0,7,-2,7.280109889280518,0.8856581373820581,0.033924713089259984,187,367,209,288,285,196
1776757176.1064582,20.0,7,-2,7.280109889280518,0.8856581373820581,0.033924713089259984,187,367,209,288,285,196
1776757176.1247828,20.0,7,-2,7.280109889280518,0.8856581373820581,0.033924713089259984,187,367,209,288,285,196
1776757176.1399565,20.0,7,-2,7.280109889280518,0.8856581373820581,0.033924713089259984,187,367,209,288,285,196
1776757176.16742,20.0,7,-2,7.280109889280518,0.8856581373820581,0.033924713089259984,187,367,209,288,285,196
1776757176.2008507,20.0,7,-2,7.280109889280518,0.8856581373820581,0.033924713089259984,187,367,209,288,285,196
1776757176.2329082,20.0,7,-2,7.280109889280518,0.8856581373820581,0.033924713089259984,187,367,209,288,285,196
1776757176.265727,20.0,7,-2,7.280109889280518,0.8856581373820581,0.033924713089259984,187,367,209,288,285,196
1776757176.2972047,20.0,7,-2,7.280109889280518,0.8856581373820581,0.033924713089259984,187,367,209,288,285,196
1776757176.329994,20.0,7,-2,7.280109889280518,0.8856581373820581,0.034579182243348765,187,367,209,287,285,196
1776757176.3628113,20.0,7,-2,7.280109889280518,0.8856581373820581,0.034579182243348765,187,367,209,287,285,196
1776757176.3929834,20.0,7,-2,7.280109889280518,0.8856581373820581,0.033200243453417155,187,367,210,287,285,196
1776757176.4240704,20.0,7,-2,7.280109889280518,0.8856581373820581,0.033200243453417155,187,367,210,287,285,196
1776757176.5165427,20.0,7,-2,7.280109889280518,0.8856581373820581,0.033200243453417155,187,367,210,287,285,196
1776757176.5371206,20.0,7,-2,7.280109889280518,0.8856581373820581,0.033200243453417155,187,367,210,287,285,196
1776757176.5499494,20.0,8,-2,8.246211251235321,1.0031887166952944,0.03361246919602167,187,367,210,287,286,196
1776757176.5679069,20.0,8,-2,8.246211251235321,1.0031887166952944,0.03361246919602167,187,367,210,287,286,196
1776757176.600291,20.0,8,-2,8.246211251235321,1.0031887166952944,0.03361246919602167,187,367,210,287,286,196
1776757176.632942,20.0,8,-2,8.246211251235321,1.0031887166952944,0.03361246919602167,187,367,210,287,286,196
1776757176.6648767,20.0,8,-2,8.246211251235321,1.0031887166952944,0.03361246919602167,187,367,210,287,286,196
1776757176.6974125,20.0,8,-2,8.246211251235321,1.0031887166952944,0.03361246919602167,187,367,210,287,286,196
1776757176.729933,20.0,8,-2,8.246211251235321,1.0031887166952944,0.03361246919602167,187,367,210,287,286,196
1776757176.762329,20.0,8,-2,8.246211251235321,1.0031887166952944,0.03361246919602167,187,367,210,287,286,196
1776757176.795037,20.0,8,-2,8.246211251235321,1.0031887166952944,0.03361246919602167,187,367,210,287,286,196
1776757176.8255093,20.0,8,-2,8.246211251235321,1.0031887166952944,0.03361246919602167,187,367,210,287,286,196
1776757176.872995,20.0,8,-2,8.246211251235321,1.0031887166952944,0.03361246919602167,187,367,210,287,286,196
1776757176.9050548,20.0,8,-2,8.246211251235321,1.0031887166952944,0.03361246919602167,187,367,210,287,286,196
1776757176.9369185,20.0,8,-2,8.246211251235321,1.0031887166952944,0.03361246919602167,187,367,210,287,286,196
1776757176.9678097,20.0,8,-2,8.246211251235321,1.0031887166952944,0.03361246919602167,187,367,210,287,286,196
1776757177.001518,20.0,8,-2,8.246211251235321,1.0031887166952944,0.03361246919602167,187,367,210,287,286,196
1776757177.0326662,20.0,8,-2,8.246211251235321,1.0031887166952944,0.03361246919602167,187,367,210,287,286,196
1776757177.0648012,20.0,8,-2,8.246211251235321,1.0031887166952944,0.03361246919602167,187,367,210,287,286,196
1776757177.098007,20.0,8,-2,8.246211251235321,1.0031887166952944,0.03361246919602167,187,367,210,287,286,196
1776757177.1338394,20.0,8,-2,8.246211251235321,1.0031887166952944,0.03361246919602167,187,367,210,287,286,196
1776757177.1635818,20.0,8,-2,8.246211251235321,1.0031887166952944,0.03361246919602167,187,367,210,287,286,196
1776757177.1943605,20.0,8,-2,8.246211251235321,1.0031887166952944,0.03361246919602167,187,367,210,287,286,196
1776757177.240397,20.0,8,-2,8.246211251235321,1.0031887166952944,0.03361246919602167,187,367,210,287,286,196
1776757177.2721782,20.0,8,-2,8.246211251235321,1.0031887166952944,0.03361246919602167,187,367,210,287,286,196
1776757177.3038957,20.0,8,-2,8.246211251235321,1.0031887166952944,0.03361246919602167,187,367,210,287,286,196
1776757177.3360085,20.0,8,-2,8.246211251235321,1.0031887166952944,0.03361246919602167,187,367,210,287,286,196
1776757177.367765,20.0,8,-2,8.246211251235321,1.0031887166952944,0.03361246919602167,187,367,210,287,286,196
1776757177.4007027,20.0,8,-2,8.246211251235321,1.0031887166952944,0.03361246919602167,187,367,210,287,286,196
1776757177.4311543,20.0,8,-2,8.246211251235321,1.0031887166952944,0.03361246919602167,187,367,210,287,286,196
1776757177.466328,20.0,8,-2,8.246211251235321,1.0031887166952944,0.03361246919602167,187,367,210,287,286,196
1776757177.4973211,20.0,8,-3,8.54400374531753,1.0394165140288965,0.03305824232262326,187,367,210,287,286,195
1776757177.5308325,20.0,8,-3,8.54400374531753,1.0394165140288965,0.03305824232262326,187,367,210,287,286,195
1776757177.5614614,20.0,8,-3,8.54400374531753,1.0394165140288965,0.03305824232262326,187,367,210,287,286,195
1776757177.5945697,20.0,8,-3,8.54400374531753,1.0394165140288965,0.03305824232262326,187,367,210,287,286,195
1776757177.6401854,20.0,8,-3,8.54400374531753,1.0394165140288965,0.03305824232262326,187,367,210,287,286,195
1776757177.6725168,20.0,8,-3,8.54400374531753,1.0394165140288965,0.03305824232262326,187,367,210,287,286,195
1776757177.7060342,20.0,8,-3,8.54400374531753,1.0394165140288965,0.03305824232262326,187,367,210,287,286,195
1776757177.7373974,20.0,8,-3,8.54400374531753,1.0394165140288965,0.03305824232262326,187,367,210,287,286,195
1776757177.767566,20.0,8,-3,8.54400374531753,1.0394165140288965,0.03305824232262326,187,367,210,287,286,195
1776757177.7995493,20.0,8,-3,8.54400374531753,1.0394165140288965,0.03305824232262326,187,367,210,287,286,195
1776757177.8325691,20.0,8,-3,8.54400374531753,1.0394165140288965,0.03305824232262326,187,367,210,287,286,195
1776757177.8642697,20.0,8,-3,8.54400374531753,1.0394165140288965,0.03305824232262326,187,367,210,287,286,195
1776757177.8969707,20.0,8,-3,8.54400374531753,1.0394165140288965,0.03305824232262326,187,367,210,287,286,195
1776757177.9301665,20.0,9,-3,9.486832980505138,1.1541159343680216,0.03346125131533051,187,367,210,287,287,195
1776757177.9642212,20.0,9,-3,9.486832980505138,1.1541159343680216,0.03346125131533051,187,367,210,287,287,195
1776757177.9962945,20.0,9,-3,9.486832980505138,1.1541159343680216,0.03346125131533051,187,367,210,287,287,195
1776757178.0424144,20.0,9,-3,9.486832980505138,1.1541159343680216,0.03346125131533051,187,367,210,287,287,195
1776757178.074956,20.0,9,-3,9.486832980505138,1.1541159343680216,0.03346125131533051,187,367,210,287,287,195
1776757178.1053157,20.0,9,-3,9.486832980505138,1.1541159343680216,0.03346125131533051,187,367,210,287,287,195
1776757178.1377852,20.0,9,-3,9.486832980505138,1.1541159343680216,0.03346125131533051,187,367,210,287,287,195
1776757178.168877,20.0,9,-4,9.848857801796104,1.198157883430183,0.032916027452637615,187,367,210,287,287,194
1776757178.201377,20.0,10,-4,10.770329614269007,1.3102590771616796,0.033954592101115,187,367,210,286,288,194
1776757178.2367036,20.0,10,-4,10.770329614269007,1.3102590771616796,0.033954592101115,187,367,210,286,288,194
1776757178.266621,20.0,10,-4,10.770329614269007,1.3102590771616796,0.033954592101115,187,367,210,286,288,194
1776757178.2985578,20.0,10,-4,10.770329614269007,1.3102590771616796,0.033954592101115,187,367,210,286,288,194
1776757178.3301122,20.0,10,-4,10.770329614269007,1.3102590771616796,0.032623532851221396,187,367,211,286,288,194
1776757178.3632493,20.0,10,-4,10.770329614269007,1.3102590771616796,0.032623532851221396,187,367,211,286,288,194
1776757178.4084728,20.0,10,-4,10.770329614269007,1.3102590771616796,0.032623532851221396,187,367,211,286,288,194
1776757178.4441254,20.0,10,-4,10.770329614269007,1.3102590771616796,0.032623532851221396,187,367,211,286,288,194
1776757178.4766202,20.0,10,-4,10.770329614269007,1.3102590771616796,0.032623532851221396,187,367,211,286,288,194
1776757178.5054777,20.0,10,-4,10.770329614269007,1.3102590771616796,0.032623532851221396,187,367,211,286,288,194
1776757178.538246,20.0,10,-4,10.770329614269007,1.3102590771616796,0.032623532851221396,187,367,211,286,288,194
1776757178.5692594,20.0,10,-4,10.770329614269007,1.3102590771616796,0.032623532851221396,187,367,211,286,288,194
1776757178.6015203,20.0,10,-4,10.770329614269007,1.3102590771616796,0.032623532851221396,187,367,211,286,288,194
1776757178.6337485,20.0,10,-4,10.770329614269007,1.3102590771616796,0.032623532851221396,187,367,211,286,288,194
1776757178.6641214,20.0,10,-4,10.770329614269007,1.3102590771616796,0.032623532851221396,187,367,211,286,288,194
1776757178.6970358,20.0,10,-4,10.770329614269007,1.3102590771616796,0.032623532851221396,187,367,211,286,288,194
1776757178.7294858,20.0,10,-4,10.770329614269007,1.3102590771616796,0.032623532851221396,187,367,211,286,288,194
1776757178.7626579,20.0,10,-4,10.770329614269007,1.3102590771616796,0.032623532851221396,187,367,211,286,288,194
1776757178.8095326,20.0,10,-4,10.770329614269007,1.3102590771616796,0.032623532851221396,187,367,211,286,288,194
1776757178.8428385,20.0,10,-4,10.770329614269007,1.3102590771616796,0.032623532851221396,187,367,211,286,288,194
1776757178.8740747,20.0,10,-4,10.770329614269007,1.3102590771616796,0.032623532851221396,187,367,211,286,288,194
1776757178.9039996,20.0,10,-4,10.770329614269007,1.3102590771616796,0.032623532851221396,187,367,211,286,288,194
1776757178.936933,20.0,10,-4,10.770329614269007,1.3102590771616796,0.032623532851221396,187,367,211,286,288,194
1776757178.9677663,20.0,10,-4,10.770329614269007,1.3102590771616796,0.032623532851221396,187,367,211,286,288,194
1776757179.0008793,20.0,11,-4,11.704699910719626,1.4239294295279348,0.03301823675803233,187,367,211,286,289,194
1776757179.0329306,20.0,11,-4,11.704699910719626,1.4239294295279348,0.03301823675803233,187,367,211,286,289,194
1776757179.0645196,20.0,11,-5,12.083045973594572,1.4699569310942302,0.032479270077814974,187,367,211,286,289,193
1776757179.0973468,20.0,11,-5,12.083045973594572,1.4699569310942302,0.032479270077814974,187,367,211,286,289,193
1776757179.1303809,20.0,12,-5,13.0,1.581508515815085,0.03286533892845188,187,367,211,286,290,193
1776757179.165241,20.0,12,-5,13.0,1.581508515815085,0.03350840398094652,187,367,211,285,290,193
1776757179.2106302,20.0,13,-6,14.317821063276353,1.7418273799606268,0.033347148291896646,187,367,211,285,291,192
1776757179.2406228,20.0,13,-6,14.317821063276353,1.7418273799606268,0.033347148291896646,187,367,211,285,291,192
1776757179.2724671,20.0,14,-6,15.231546211727817,1.8529861571445032,0.03243992042457726,187,367,212,285,292,192
1776757179.3043234,20.0,14,-6,15.231546211727817,1.8529861571445032,0.033081149819845015,187,367,212,284,292,192
1776757179.3368356,20.0,14,-6,15.231546211727817,1.8529861571445032,0.033081149819845015,187,367,212,284,292,192
1776757179.3680634,20.0,14,-6,15.231546211727817,1.8529861571445032,0.033081149819845015,187,367,212,284,292,192
1776757179.4003575,20.0,15,-6,16.15549442140351,1.9653886157425193,0.033448074161693105,187,367,212,284,293,192
1776757179.4327404,20.0,15,-6,16.15549442140351,1.9653886157425193,0.033448074161693105,187,367,212,284,293,192
1776757179.4646137,20.0,15,-6,16.15549442140351,1.9653886157425193,0.03408350413259471,187,367,212,283,293,192
1776757179.49726,20.0,15,-6,16.15549442140351,1.9653886157425193,0.03408350413259471,187,367,212,283,293,192
1776757179.528921,20.0,16,-6,17.08800749063506,2.078833028057793,0.03443907546457926,187,367,212,283,294,192
1776757179.562371,20.0,16,-6,17.08800749063506,2.078833028057793,0.03443907546457926,187,367,212,283,294,192
1776757179.6076193,20.0,16,-6,17.08800749063506,2.078833028057793,0.033203974639916235,187,367,213,283,294,192
1776757179.6393595,20.0,16,-6,17.08800749063506,2.078833028057793,0.033203974639916235,187,367,213,283,294,192
1776757179.6730175,20.0,16,-6,17.08800749063506,2.078833028057793,0.033203974639916235,187,367,213,283,294,192
1776757179.7035925,20.0,16,-6,17.08800749063506,2.078833028057793,0.033203974639916235,187,367,213,283,294,192
1776757179.7365952,20.0,16,-6,17.08800749063506,2.078833028057793,0.033203974639916235,187,367,213,283,294,192
1776757179.7700768,20.0,16,-6,17.08800749063506,2.078833028057793,0.033203974639916235,187,367,213,283,294,192
1776757179.801807,20.0,16,-6,17.08800749063506,2.078833028057793,0.033203974639916235,187,367,213,283,294,192
1776757179.835762,20.0,16,-6,17.08800749063506,2.078833028057793,0.03384589257494207,187,367,213,282,294,192
1776757179.8653266,20.0,16,-6,17.08800749063506,2.078833028057793,0.03384589257494207,187,367,213,282,294,192
1776757179.8975396,20.0,16,-6,17.08800749063506,2.078833028057793,0.03384589257494207,187,367,213,282,294,192
1776757179.9298813,20.0,17,-6,18.027756377319946,2.1931577101362465,0.03420151643803717,187,367,213,282,295,192
1776757179.9781039,20.0,17,-6,18.027756377319946,2.1931577101362465,0.03420151643803717,187,367,213,282,295,192
1776757180.008305,20.0,17,-6,18.027756377319946,2.1931577101362465,0.03420151643803717,187,367,213,282,295,192
1776757180.0424638,20.0,17,-6,18.027756377319946,2.1931577101362465,0.03420151643803717,187,367,213,282,295,192
1776757180.0737152,20.0,17,-6,18.027756377319946,2.1931577101362465,0.03420151643803717,187,367,213,282,295,192
1776757180.10673,20.0,17,-6,18.027756377319946,2.1931577101362465,0.03420151643803717,187,367,213,282,295,192
1776757180.135926,20.0,17,-6,18.027756377319946,2.1931577101362465,0.03420151643803717,187,367,213,282,295,192
1776757180.1680279,20.0,17,-6,18.027756377319946,2.1931577101362465,0.03420151643803717,187,367,213,282,295,192
1776757180.2008362,20.0,17,-6,18.027756377319946,2.1931577101362465,0.03420151643803717,187,367,213,282,295,192
1776757180.2328303,20.0,17,-6,18.027756377319946,2.1931577101362465,0.03420151643803717,187,367,213,282,295,192
1776757180.2668257,20.0,17,-6,18.027756377319946,2.1931577101362465,0.03420151643803717,187,367,213,282,295,192
1776757180.297119,20.0,17,-6,18.027756377319946,2.1931577101362465,0.03420151643803717,187,367,213,282,295,192
1776757180.3291187,20.0,17,-6,18.027756377319946,2.1931577101362465,0.03420151643803717,187,367,213,282,295,192
1776757180.3778572,20.0,17,-6,18.027756377319946,2.1931577101362465,0.03420151643803717,187,367,213,282,295,192
1776757180.4097793,20.0,17,-6,18.027756377319946,2.1931577101362465,0.03420151643803717,187,367,213,282,295,192
1776757180.444085,20.0,17,-6,18.027756377319946,2.1931577101362465,0.03420151643803717,187,367,213,282,295,192
1776757180.472359,20.0,17,-6,18.027756377319946,2.1931577101362465,0.03420151643803717,187,367,213,282,295,192
1776757180.5063224,20.0,18,-6,18.973665961010276,2.3082318687360432,0.03454864592662964,187,367,213,282,296,192
1776757180.5375402,20.0,18,-6,18.973665961010276,2.3082318687360432,0.03454864592662964,187,367,213,282,296,192
1776757180.570831,20.0,18,-6,18.973665961010276,2.3082318687360432,0.03454864592662964,187,367,213,282,296,192
1776757180.6007807,20.0,18,-6,18.973665961010276,2.3082318687360432,0.03454864592662964,187,367,213,282,296,192
1776757180.6327336,20.0,18,-6,18.973665961010276,2.3082318687360432,0.03454864592662964,187,367,213,282,296,192
1776757180.6648018,20.0,18,-6,18.973665961010276,2.3082318687360432,0.03454864592662964,187,367,213,282,296,192
1776757180.6964617,20.0,18,-6,18.973665961010276,2.3082318687360432,0.03454864592662964,187,367,213,282,296,192
1776757180.730204,20.0,18,-6,18.973665961010276,2.3082318687360432,0.03454864592662964,187,367,213,282,296,192
1776757180.7793255,20.0,18,-6,18.973665961010276,2.3082318687360432,0.03454864592662964,187,367,213,282,296,192
1776757180.8129303,20.0,18,-6,18.973665961010276,2.3082318687360432,0.03454864592662964,187,367,213,282,296,192
1776757180.843751,20.0,18,-6,18.973665961010276,2.3082318687360432,0.03454864592662964,187,367,213,282,296,192
1776757180.8744602,20.0,18,-6,18.973665961010276,2.3082318687360432,0.03454864592662964,187,367,213,282,296,192
1776757180.9059355,20.0,18,-6,18.973665961010276,2.3082318687360432,0.03454864592662964,187,367,213,282,296,192
1776757180.9369042,20.0,18,-6,18.973665961010276,2.3082318687360432,0.03454864592662964,187,367,213,282,296,192
1776757180.9694977,20.0,18,-6,18.973665961010276,2.3082318687360432,0.03454864592662964,187,367,213,282,296,192
1776757181.0004919,20.0,18,-6,18.973665961010276,2.3082318687360432,0.03454864592662964,187,367,213,282,296,192
1776757181.032489,20.0,18,-6,18.973665961010276,2.3082318687360432,0.03454864592662964,187,367,213,282,296,192
1776757181.064765,20.0,18,-6,18.973665961010276,2.3082318687360432,0.03454864592662964,187,367,213,282,296,192
1776757181.096525,20.0,18,-6,18.973665961010276,2.3082318687360432,0.03454864592662964,187,367,213,282,296,192
1776757181.1458406,20.0,18,-6,18.973665961010276,2.3082318687360432,0.03454864592662964,187,367,213,282,296,192
1776757181.177713,20.0,18,-6,18.973665961010276,2.3082318687360432,0.03454864592662964,187,367,213,282,296,192
1776757181.2112594,20.0,18,-6,18.973665961010276,2.3082318687360432,0.03454864592662964,187,367,213,282,296,192
1776757181.244211,20.0,18,-6,18.973665961010276,2.3082318687360432,0.03454864592662964,187,367,213,282,296,192
1776757181.2722208,20.0,18,-6,18.973665961010276,2.3082318687360432,0.03454864592662964,187,367,213,282,296,192
1776757181.3040216,20.0,18,-6,18.973665961010276,2.3082318687360432,0.03454864592662964,187,367,213,282,296,192
1776757181.337673,20.0,18,-6,18.973665961010276,2.3082318687360432,0.03518162438080221,187,367,213,281,296,192
1776757181.367868,20.0,18,-6,18.973665961010276,2.3082318687360432,0.03518162438080221,187,367,213,281,296,192
1776757181.4012263,20.0,18,-6,18.973665961010276,2.3082318687360432,0.03518162438080221,187,367,213,281,296,192
1776757181.432459,20.0,18,-6,18.973665961010276,2.3082318687360432,0.03518162438080221,187,367,213,281,296,192
1776757181.4642057,20.0,18,-6,18.973665961010276,2.3082318687360432,0.03518162438080221,187,367,213,281,296,192
1776757181.495448,20.0,18,-6,18.973665961010276,2.3082318687360432,0.03518162438080221,187,367,213,281,296,192
1776757181.5444295,20.0,18,-6,18.973665961010276,2.3082318687360432,0.033984420409899165,187,367,214,281,296,192
1776757181.5771828,20.0,18,-6,18.973665961010276,2.3082318687360432,0.033984420409899165,187,367,214,281,296,192
1776757181.6097472,20.0,18,-6,18.973665961010276,2.3082318687360432,0.033984420409899165,187,367,214,281,296,192
1776757181.6445894,20.0,18,-6,18.973665961010276,2.3082318687360432,0.033984420409899165,187,367,214,281,296,192
1776757181.6743932,20.0,18,-6,18.973665961010276,2.3082318687360432,0.033984420409899165,187,367,214,281,296,192
1776757181.7040896,20.0,18,-6,18.973665961010276,2.3082318687360432,0.033984420409899165,187,367,214,281,296,192
1776757181.7378469,20.0,18,-6,18.973665961010276,2.3082318687360432,0.033984420409899165,187,367,214,281,296,192
1776757181.7678792,20.0,18,-6,18.973665961010276,2.3082318687360432,0.033984420409899165,187,367,214,281,296,192
1776757181.802613,20.0,18,-6,18.973665961010276,2.3082318687360432,0.033984420409899165,187,367,214,281,296,192
1776757181.8330252,20.0,18,-7,19.313207915827967,2.34953867589148,0.03344463671136264,187,367,214,281,296,191
1776757181.864987,20.0,18,-7,19.313207915827967,2.34953867589148,0.03344463671136264,187,367,214,281,296,191
1776757181.8966858,20.0,18,-7,19.313207915827967,2.34953867589148,0.03344463671136264,187,367,214,281,296,191
1776757181.9461477,20.0,18,-7,19.313207915827967,2.34953867589148,0.03344463671136264,187,367,214,281,296,191
1776757181.9786646,20.0,18,-7,19.313207915827967,2.34953867589148,0.03344463671136264,187,367,214,281,296,191
1776757182.0121052,20.0,18,-7,19.313207915827967,2.34953867589148,0.03344463671136264,187,367,214,281,296,191
1776757182.0447452,20.0,18,-7,19.313207915827967,2.34953867589148,0.03344463671136264,187,367,214,281,296,191
1776757182.073615,20.0,18,-7,19.313207915827967,2.34953867589148,0.03344463671136264,187,367,214,281,296,191
1776757182.1058354,20.0,18,-7,19.313207915827967,2.34953867589148,0.03344463671136264,187,367,214,281,296,191
1776757182.13831,20.0,18,-7,19.313207915827967,2.34953867589148,0.03344463671136264,187,367,214,281,296,191
1776757182.170006,20.0,18,-7,19.313207915827967,2.34953867589148,0.03344463671136264,187,367,214,281,296,191
1776757182.2005591,20.0,19,-7,20.248456731316587,2.4633159040531125,0.0337926747727559,187,367,214,281,297,191
1776757182.2335043,20.0,19,-7,20.248456731316587,2.4633159040531125,0.0337926747727559,187,367,214,281,297,191
1776757182.2641187,20.0,19,-7,20.248456731316587,2.4633159040531125,0.0337926747727559,187,367,214,281,297,191
1776757182.3137546,20.0,19,-7,20.248456731316587,2.4633159040531125,0.0337926747727559,187,367,214,281,297,191
1776757182.3448877,20.0,19,-7,20.248456731316587,2.4633159040531125,0.0337926747727559,187,367,214,281,297,191
1776757182.3784196,20.0,19,-7,20.248456731316587,2.4633159040531125,0.0337926747727559,187,367,214,281,297,191
1776757182.4088755,20.0,19,-7,20.248456731316587,2.4633159040531125,0.0337926747727559,187,367,214,281,297,191
1776757182.443241,20.0,19,-7,20.248456731316587,2.4633159040531125,0.0337926747727559,187,367,214,281,297,191
1776757182.475557,20.0,19,-7,20.248456731316587,2.4633159040531125,0.0337926747727559,187,367,214,281,297,191
1776757182.5055177,20.0,19,-7,20.248456731316587,2.4633159040531125,0.0337926747727559,187,367,214,281,297,191
1776757182.5370605,20.0,19,-7,20.248456731316587,2.4633159040531125,0.0337926747727559,187,367,214,281,297,191
1776757182.5727792,20.0,19,-7,20.248456731316587,2.4633159040531125,0.0337926747727559,187,367,214,281,297,191
1776757182.6018093,20.0,19,-7,20.248456731316587,2.4633159040531125,0.0337926747727559,187,367,214,281,297,191
1776757182.6318684,20.0,19,-7,20.248456731316587,2.4633159040531125,0.0337926747727559,187,367,214,281,297,191
1776757182.6640637,20.0,19,-7,20.248456731316587,2.4633159040531125,0.0337926747727559,187,367,214,281,297,191
1776757182.7132208,20.0,19,-7,20.248456731316587,2.4633159040531125,0.0337926747727559,187,367,214,281,297,191
1776757182.744788,20.0,19,-7,20.248456731316587,2.4633159040531125,0.0337926747727559,187,367,214,281,297,191
1776757182.7781212,20.0,19,-7,20.248456731316587,2.4633159040531125,0.0337926747727559,187,367,214,281,297,191
1776757182.8121037,20.0,19,-7,20.248456731316587,2.4633159040531125,0.0337926747727559,187,367,214,281,297,191
1776757182.8412673,20.0,19,-7,20.248456731316587,2.4633159040531125,0.0337926747727559,187,367,214,281,297,191
1776757182.8723264,20.0,19,-7,20.248456731316587,2.4633159040531125,0.0337926747727559,187,367,214,281,297,191
1776757182.9062402,20.0,19,-7,20.248456731316587,2.4633159040531125,0.0337926747727559,187,367,214,281,297,191
1776757182.9350703,20.0,19,-7,20.248456731316587,2.4633159040531125,0.0337926747727559,187,367,214,281,297,191
1776757182.9671779,20.0,19,-7,20.248456731316587,2.4633159040531125,0.0337926747727559,187,367,214,281,297,191
1776757183.00241,20.0,19,-7,20.248456731316587,2.4633159040531125,0.0337926747727559,187,367,214,281,297,191
1776757183.0345595,20.0,19,-7,20.248456731316587,2.4633159040531125,0.0337926747727559,187,367,214,281,297,191
1776757183.0636456,20.0,19,-7,20.248456731316587,2.4633159040531125,0.0337926747727559,187,367,214,281,297,191
1776757183.1135182,20.0,19,-7,20.248456731316587,2.4633159040531125,0.0337926747727559,187,367,214,281,297,191
1776757183.1458302,20.0,19,-7,20.248456731316587,2.4633159040531125,0.0337926747727559,187,367,214,281,297,191
1776757183.1791606,20.0,19,-7,20.248456731316587,2.4633159040531125,0.0337926747727559,187,367,214,281,297,191
1776757183.2142317,20.0,19,-7,20.248456731316587,2.4633159040531125,0.0337926747727559,187,367,214,281,297,191
1776757183.2478807,20.0,19,-7,20.248456731316587,2.4633159040531125,0.0337926747727559,187,367,214,281,297,191
1776757183.2751553,20.0,19,-7,20.248456731316587,2.4633159040531125,0.0337926747727559,187,367,214,281,297,191
1776757183.3085682,20.0,19,-7,20.248456731316587,2.4633159040531125,0.0337926747727559,187,367,214,281,297,191
1776757183.341015,20.0,19,-7,20.248456731316587,2.4633159040531125,0.0337926747727559,187,367,214,281,297,191
1776757183.3695135,20.0,19,-7,20.248456731316587,2.4633159040531125,0.0337926747727559,187,367,214,281,297,191
1776757183.4012504,20.0,19,-7,20.248456731316587,2.4633159040531125,0.0337926747727559,187,367,214,281,297,191
1776757183.4328413,20.0,19,-7,20.248456731316587,2.4633159040531125,0.0337926747727559,187,367,214,281,297,191
1776757183.4654205,20.0,19,-7,20.248456731316587,2.4633159040531125,0.0337926747727559,187,367,214,281,297,191
1776757183.5127108,20.0,19,-7,20.248456731316587,2.4633159040531125,0.0337926747727559,187,367,214,281,297,191
1776757183.5470145,20.0,19,-7,20.248456731316587,2.4633159040531125,0.0337926747727559,187,367,214,281,297,191
1776757183.5791636,20.0,19,-7,20.248456731316587,2.4633159040531125,0.0337926747727559,187,367,214,281,297,191
1776757183.6121843,20.0,19,-7,20.248456731316587,2.4633159040531125,0.0337926747727559,187,367,214,281,297,191
1776757183.6427083,20.0,19,-7,20.248456731316587,2.4633159040531125,0.0337926747727559,187,367,214,281,297,191
1776757183.6730509,20.0,19,-7,20.248456731316587,2.4633159040531125,0.0337926747727559,187,367,214,281,297,191
1776757183.7051935,20.0,19,-7,20.248456731316587,2.4633159040531125,0.0337926747727559,187,367,214,281,297,191
1776757183.734853,20.0,19,-7,20.248456731316587,2.4633159040531125,0.0337926747727559,187,367,214,281,297,191
1776757183.7690043,20.0,19,-7,20.248456731316587,2.4633159040531125,0.0337926747727559,187,367,214,281,297,191
1776757183.8014226,20.0,19,-7,20.248456731316587,2.4633159040531125,0.0337926747727559,187,367,214,281,297,191
1776757183.8313816,20.0,19,-7,20.248456731316587,2.4633159040531125,0.0337926747727559,187,367,214,281,297,191
1776757183.8823962,20.0,19,-7,20.248456731316587,2.4633159040531125,0.0337926747727559,187,367,214,281,297,191
1776757183.9169803,20.0,19,-7,20.248456731316587,2.4633159040531125,0.0337926747727559,187,367,214,281,297,191
1776757183.9451125,20.0,19,-7,20.248456731316587,2.4633159040531125,0.0337926747727559,187,367,214,281,297,191
1776757183.9773974,20.0,20,-7,21.18962010041709,2.5778126642843175,0.034132410252009304,187,367,214,281,298,191
1776757184.0098722,20.0,20,-7,21.18962010041709,2.5778126642843175,0.034132410252009304,187,367,214,281,298,191
1776757184.0429058,20.0,20,-7,21.18962010041709,2.5778126642843175,0.034132410252009304,187,367,214,281,298,191
1776757184.0745935,20.0,20,-7,21.18962010041709,2.5778126642843175,0.034132410252009304,187,367,214,281,298,191
1776757184.105501,20.0,20,-7,21.18962010041709,2.5778126642843175,0.034132410252009304,187,367,214,281,298,191
1776757184.1378014,20.0,20,-7,21.18962010041709,2.5778126642843175,0.034132410252009304,187,367,214,281,298,191
1776757184.1676228,20.0,20,-7,21.18962010041709,2.5778126642843175,0.034132410252009304,187,367,214,281,298,191
1776757184.2008836,20.0,20,-7,21.18962010041709,2.5778126642843175,0.034132410252009304,187,367,214,281,298,191
1776757184.2322822,20.0,20,-7,21.18962010041709,2.5778126642843175,0.034132410252009304,187,367,214,281,298,191
1776757184.2822917,20.0,20,-7,21.18962010041709,2.5778126642843175,0.034132410252009304,187,367,214,281,298,191
1776757184.3135872,20.0,20,-7,21.18962010041709,2.5778126642843175,0.034132410252009304,187,367,214,281,298,191
1776757184.3463676,20.0,20,-7,21.18962010041709,2.5778126642843175,0.034132410252009304,187,367,214,281,298,191
1776757184.378464,20.0,20,-7,21.18962010041709,2.5778126642843175,0.034132410252009304,187,367,214,281,298,191
1776757184.4078965,20.0,20,-7,21.18962010041709,2.5778126642843175,0.034132410252009304,187,367,214,281,298,191
1776757184.4425814,20.0,20,-7,21.18962010041709,2.5778126642843175,0.034132410252009304,187,367,214,281,298,191
1776757184.473894,20.0,20,-7,21.18962010041709,2.5778126642843175,0.034132410252009304,187,367,214,281,298,191
1776757184.5048194,20.0,20,-7,21.18962010041709,2.5778126642843175,0.034132410252009304,187,367,214,281,298,191
1776757184.5370274,20.0,20,-7,21.18962010041709,2.5778126642843175,0.034132410252009304,187,367,214,281,298,191
1776757184.5693772,20.0,20,-7,21.18962010041709,2.5778126642843175,0.034132410252009304,187,367,214,281,298,191
1776757184.6051693,20.0,20,-7,21.18962010041709,2.5778126642843175,0.034132410252009304,187,367,214,281,298,191
1776757184.6322615,20.0,20,-7,21.18962010041709,2.5778126642843175,0.034132410252009304,187,367,214,281,298,191
1776757184.680128,20.0,20,-7,21.18962010041709,2.5778126642843175,0.034132410252009304,187,367,214,281,298,191
1776757184.71361,20.0,20,-7,21.18962010041709,2.5778126642843175,0.034132410252009304,187,367,214,281,298,191
1776757184.746885,20.0,20,-7,21.18962010041709,2.5778126642843175,0.034132410252009304,187,367,214,281,298,191
1776757184.7785454,20.0,20,-7,21.18962010041709,2.5778126642843175,0.034132410252009304,187,367,214,281,298,191
1776757184.8096695,20.0,20,-7,21.18962010041709,2.5778126642843175,0.034132410252009304,187,367,214,281,298,191
1776757184.8434532,20.0,20,-7,21.18962010041709,2.5778126642843175,0.03476264328590134,187,367,214,280,298,191
1776757184.8747747,20.0,20,-7,21.18962010041709,2.5778126642843175,0.03476264328590134,187,367,214,280,298,191
1776757184.9077282,20.0,20,-7,21.18962010041709,2.5778126642843175,0.03476264328590134,187,367,214,280,298,191
1776757184.9395137,20.0,20,-7,21.18962010041709,2.5778126642843175,0.03476264328590134,187,367,214,280,298,191
1776757184.9694865,20.0,20,-7,21.18962010041709,2.5778126642843175,0.03476264328590134,187,367,214,280,298,191
1776757185.0010135,20.0,20,-7,21.18962010041709,2.5778126642843175,0.03476264328590134,187,367,214,280,298,191
1776757185.050413,20.0,20,-7,21.18962010041709,2.5778126642843175,0.03476264328590134,187,367,214,280,298,191
1776757185.081158,20.0,20,-7,21.18962010041709,2.5778126642843175,0.03476264328590134,187,367,214,280,298,191
1776757185.1134002,20.0,20,-7,21.18962010041709,2.5778126642843175,0.03476264328590134,187,367,214,280,298,191
1776757185.1452553,20.0,20,-7,21.18962010041709,2.5778126642843175,0.03476264328590134,187,367,214,280,298,191
1776757185.1794357,20.0,20,-7,21.18962010041709,2.5778126642843175,0.03476264328590134,187,367,214,280,298,191
1776757185.2120032,20.0,20,-7,21.18962010041709,2.5778126642843175,0.03476264328590134,187,367,214,280,298,191
1776757185.2427204,20.0,20,-7,21.18962010041709,2.5778126642843175,0.03476264328590134,187,367,214,280,298,191
1776757185.275315,20.0,20,-7,21.18962010041709,2.5778126642843175,0.03476264328590134,187,367,214,280,298,191
1776757185.3047047,20.0,21,-7,22.135943621178654,2.6929371801920503,0.03509104124158355,187,367,214,280,299,191
1776757185.3360896,20.0,21,-7,22.135943621178654,2.6929371801920503,0.03509104124158355,187,367,214,280,299,191
1776757185.3711464,20.0,21,-7,22.135943621178654,2.6929371801920503,0.03509104124158355,187,367,214,280,299,191
1776757185.4022686,20.0,21,-7,22.135943621178654,2.6929371801920503,0.03509104124158355,187,367,214,280,299,191
1776757185.4501376,20.0,21,-7,22.135943621178654,2.6929371801920503,0.03509104124158355,187,367,214,280,299,191
1776757185.4822354,20.0,21,-7,22.135943621178654,2.6929371801920503,0.03509104124158355,187,367,214,280,299,191
1776757185.5133495,20.0,21,-7,22.135943621178654,2.6929371801920503,0.03509104124158355,187,367,214,280,299,191
1776757185.5460267,20.0,21,-7,22.135943621178654,2.6929371801920503,0.03509104124158355,187,367,214,280,299,191
1776757185.5785272,20.0,21,-7,22.135943621178654,2.6929371801920503,0.03509104124158355,187,367,214,280,299,191
1776757185.6109726,20.0,21,-7,22.135943621178654,2.6929371801920503,0.03509104124158355,187,367,214,280,299,191
1776757185.6428897,20.0,21,-7,22.135943621178654,2.6929371801920503,0.03509104124158355,187,367,214,280,299,191
1776757185.6761067,20.0,21,-7,22.135943621178654,2.6929371801920503,0.03509104124158355,187,367,214,280,299,191
1776757185.7070549,20.0,21,-7,22.135943621178654,2.6929371801920503,0.03509104124158355,187,367,214,280,299,191
1776757185.737809,20.0,21,-7,22.135943621178654,2.6929371801920503,0.03509104124158355,187,367,214,280,299,191
1776757185.771108,20.0,21,-7,22.135943621178654,2.6929371801920503,0.03509104124158355,187,367,214,280,299,191
1776757185.8010554,20.0,21,-7,22.135943621178654,2.6929371801920503,0.03509104124158355,187,367,214,280,299,191
1776757185.847383,20.0,21,-7,22.135943621178654,2.6929371801920503,0.03509104124158355,187,367,214,280,299,191
1776757185.880113,20.0,21,-7,22.135943621178654,2.6929371801920503,0.03509104124158355,187,367,214,280,299,191
1776757185.9123309,20.0,21,-7,22.135943621178654,2.6929371801920503,0.03509104124158355,187,367,214,280,299,191
1776757185.9451563,20.0,21,-7,22.135943621178654,2.6929371801920503,0.03509104124158355,187,367,214,280,299,191
1776757185.9776907,20.0,21,-7,22.135943621178654,2.6929371801920503,0.03509104124158355,187,367,214,280,299,191
1776757186.0151772,20.0,21,-7,22.135943621178654,2.6929371801920503,0.03509104124158355,187,367,214,280,299,191
1776757186.0415998,20.0,21,-7,22.135943621178654,2.6929371801920503,0.03509104124158355,187,367,214,280,299,191
1776757186.0740256,20.0,21,-7,22.135943621178654,2.6929371801920503,0.03509104124158355,187,367,214,280,299,191
1776757186.1069813,20.0,21,-7,22.135943621178654,2.6929371801920503,0.03509104124158355,187,367,214,280,299,191
1776757186.1397095,20.0,21,-7,22.135943621178654,2.6929371801920503,0.03509104124158355,187,367,214,280,299,191
1776757186.1687822,20.0,21,-7,22.135943621178654,2.6929371801920503,0.03509104124158355,187,367,214,280,299,191
1776757186.200173,20.0,21,-7,22.135943621178654,2.6929371801920503,0.03509104124158355,187,367,214,280,299,191
1776757186.2494245,20.0,21,-7,22.135943621178654,2.6929371801920503,0.03509104124158355,187,367,214,280,299,191
1776757186.2826989,20.0,21,-7,22.135943621178654,2.6929371801920503,0.03509104124158355,187,367,214,280,299,191
1776757186.3127837,20.0,21,-7,22.135943621178654,2.6929371801920503,0.03509104124158355,187,367,214,280,299,191
1776757186.344391,20.0,21,-7,22.135943621178654,2.6929371801920503,0.03509104124158355,187,367,214,280,299,191
1776757186.378279,20.0,21,-7,22.135943621178654,2.6929371801920503,0.03509104124158355,187,367,214,280,299,191
1776757186.4105883,20.0,21,-7,22.135943621178654,2.6929371801920503,0.03509104124158355,187,367,214,280,299,191
1776757186.4444814,20.0,21,-7,22.135943621178654,2.6929371801920503,0.03509104124158355,187,367,214,280,299,191
1776757186.47481,20.0,21,-7,22.135943621178654,2.6929371801920503,0.03509104124158355,187,367,214,280,299,191
1776757186.509265,20.0,21,-7,22.135943621178654,2.6929371801920503,0.03509104124158355,187,367,214,280,299,191
1776757186.5397844,20.0,21,-7,22.135943621178654,2.6929371801920503,0.03509104124158355,187,367,214,280,299,191
1776757186.5708663,20.0,21,-7,22.135943621178654,2.6929371801920503,0.03509104124158355,187,367,214,280,299,191
1776757186.6142516,20.0,21,-7,22.135943621178654,2.6929371801920503,0.03509104124158355,187,367,214,280,299,191
1776757186.6473398,20.0,21,-7,22.135943621178654,2.6929371801920503,0.03509104124158355,187,367,214,280,299,191
1776757186.6809864,20.0,21,-7,22.135943621178654,2.6929371801920503,0.03509104124158355,187,367,214,280,299,191
1776757186.7129862,20.0,21,-7,22.135943621178654,2.6929371801920503,0.03509104124158355,187,367,214,280,299,191
1776757186.7446742,20.0,21,-7,22.135943621178654,2.6929371801920503,0.03509104124158355,187,367,214,280,299,191
1776757186.7775443,20.0,21,-7,22.135943621178654,2.6929371801920503,0.03509104124158355,187,367,214,280,299,191
1776757186.8096542,20.0,21,-7,22.135943621178654,2.6929371801920503,0.03509104124158355,187,367,214,280,299,191
1776757186.843622,20.0,21,-7,22.135943621178654,2.6929371801920503,0.03509104124158355,187,367,214,280,299,191
1776757186.8751678,20.0,21,-7,22.135943621178654,2.6929371801920503,0.03509104124158355,187,367,214,280,299,191
1776757186.9067852,20.0,21,-7,22.135943621178654,2.6929371801920503,0.03509104124158355,187,367,214,280,299,191
1776757186.9390512,20.0,21,-7,22.135943621178654,2.6929371801920503,0.03509104124158355,187,367,214,280,299,191
1776757186.9680614,20.0,21,-7,22.135943621178654,2.6929371801920503,0.03509104124158355,187,367,214,280,299,191
1776757187.0168512,20.0,21,-7,22.135943621178654,2.6929371801920503,0.03509104124158355,187,367,214,280,299,191
1776757187.0489802,20.0,21,-7,22.135943621178654,2.6929371801920503,0.03509104124158355,187,367,214,280,299,191
1776757187.079661,20.0,21,-7,22.135943621178654,2.6929371801920503,0.03509104124158355,187,367,214,280,299,191
1776757187.1139834,20.0,21,-7,22.135943621178654,2.6929371801920503,0.03509104124158355,187,367,214,280,299,191
1776757187.1444163,20.0,21,-7,22.135943621178654,2.6929371801920503,0.03509104124158355,187,367,214,280,299,191
1776757187.1771822,20.0,21,-7,22.135943621178654,2.6929371801920503,0.03509104124158355,187,367,214,280,299,191
1776757187.2105262,20.0,21,-7,22.135943621178654,2.6929371801920503,0.03509104124158355,187,367,214,280,299,191
1776757187.2417665,20.0,21,-7,22.135943621178654,2.6929371801920503,0.03509104124158355,187,367,214,280,299,191
1776757187.275127,20.0,22,-7,23.08679276123039,2.808612258057225,0.03541133045796768,187,367,214,280,300,191
1776757187.3048632,20.0,22,-7,23.08679276123039,2.808612258057225,0.03541133045796768,187,367,214,280,300,191
1776757187.3367543,20.0,22,-7,23.08679276123039,2.808612258057225,0.03541133045796768,187,367,214,280,300,191
1776757187.3699374,20.0,22,-7,23.08679276123039,2.808612258057225,0.03541133045796768,187,367,214,280,300,191
1776757187.418051,20.0,22,-7,23.08679276123039,2.808612258057225,0.03541133045796768,187,367,214,280,300,191
1776757187.4490874,20.0,22,-7,23.08679276123039,2.808612258057225,0.03541133045796768,187,367,214,280,300,191
1776757187.4796112,20.0,22,-7,23.08679276123039,2.808612258057225,0.03541133045796768,187,367,214,280,300,191
1776757187.512427,20.0,22,-7,23.08679276123039,2.808612258057225,0.03541133045796768,187,367,214,280,300,191
1776757187.5435662,20.0,22,-7,23.08679276123039,2.808612258057225,0.03541133045796768,187,367,214,280,300,191
1776757187.5769687,20.0,22,-7,23.08679276123039,2.808612258057225,0.03541133045796768,187,367,214,280,300,191
1776757187.6097333,20.0,22,-7,23.08679276123039,2.808612258057225,0.03541133045796768,187,367,214,280,300,191
1776757187.6412852,20.0,22,-7,23.08679276123039,2.808612258057225,0.03541133045796768,187,367,214,280,300,191
1776757187.6754467,20.0,22,-7,23.08679276123039,2.808612258057225,0.03541133045796768,187,367,214,280,300,191
1776757187.7063913,20.0,22,-7,23.08679276123039,2.808612258057225,0.03541133045796768,187,367,214,280,300,191
1776757187.7366052,20.0,22,-7,23.08679276123039,2.808612258057225,0.03426330711914077,187,367,215,280,300,191
1776757187.7855053,20.0,22,-7,23.08679276123039,2.808612258057225,0.03426330711914077,187,367,215,280,300,191
1776757187.8184242,20.0,22,-7,23.08679276123039,2.808612258057225,0.03426330711914077,187,367,215,280,300,191
1776757187.8482957,20.0,22,-7,23.08679276123039,2.808612258057225,0.03426330711914077,187,367,215,280,300,191
1776757187.8818722,20.0,22,-7,23.08679276123039,2.808612258057225,0.03426330711914077,187,367,215,280,300,191
1776757187.9116068,20.0,22,-7,23.08679276123039,2.808612258057225,0.03426330711914077,187,367,215,280,300,191
1776757187.9447608,20.0,22,-7,23.08679276123039,2.808612258057225,0.03426330711914077,187,367,215,280,300,191
1776757187.977439,20.0,22,-7,23.08679276123039,2.808612258057225,0.03426330711914077,187,367,215,280,300,191
1776757188.0083356,20.0,22,-7,23.08679276123039,2.808612258057225,0.03426330711914077,187,367,215,280,300,191
1776757188.042656,20.0,23,-7,24.041630560342615,2.9247725742509263,0.03521582246964622,187,367,215,279,301,191
1776757188.0752642,20.0,23,-7,24.041630560342615,2.9247725742509263,0.03521582246964622,187,367,215,279,301,191
1776757188.1064875,20.0,23,-7,24.041630560342615,2.9247725742509263,0.03521582246964622,187,367,215,279,301,191
1776757188.1376278,20.0,23,-7,24.041630560342615,2.9247725742509263,0.03521582246964622,187,367,215,279,301,191
1776757188.1858065,20.0,23,-7,24.041630560342615,2.9247725742509263,0.03521582246964622,187,367,215,279,301,191
1776757188.2170758,20.0,23,-7,24.041630560342615,2.9247725742509263,0.03521582246964622,187,367,215,279,301,191
1776757188.250813,20.0,23,-7,24.041630560342615,2.9247725742509263,0.03521582246964622,187,367,215,279,301,191
1776757188.2808046,20.0,23,-8,24.351591323771842,2.9624806963226082,0.0346807597092963,187,367,215,279,301,190
1776757188.312853,20.0,23,-8,24.351591323771842,2.9624806963226082,0.0346807597092963,187,367,215,279,301,190
1776757188.3448222,20.0,23,-8,24.351591323771842,2.9624806963226082,0.0346807597092963,187,367,215,279,301,190
1776757188.3779385,20.0,23,-8,24.351591323771842,2.9624806963226082,0.0346807597092963,187,367,215,279,301,190
1776757188.4086883,20.0,23,-8,24.351591323771842,2.9624806963226082,0.0346807597092963,187,367,215,279,301,190
1776757188.4416826,20.0,23,-8,24.351591323771842,2.9624806963226082,0.0346807597092963,187,367,215,279,301,190
1776757188.4748,20.0,23,-8,24.351591323771842,2.9624806963226082,0.0346807597092963,187,367,215,279,301,190
1776757188.5053644,20.0,23,-8,24.351591323771842,2.9624806963226082,0.0346807597092963,187,367,215,279,301,190
1776757188.537213,20.0,23,-8,24.351591323771842,2.9624806963226082,0.0346807597092963,187,367,215,279,301,190
1776757188.5883296,20.0,23,-8,24.351591323771842,2.9624806963226082,0.0346807597092963,187,367,215,279,301,190
1776757188.6205497,20.0,23,-8,24.351591323771842,2.9624806963226082,0.0346807597092963,187,367,215,279,301,190
1776757188.649907,20.0,23,-8,24.351591323771842,2.9624806963226082,0.0346807597092963,187,367,215,279,301,190
1776757188.680918,20.0,23,-8,24.351591323771842,2.9624806963226082,0.0346807597092963,187,367,215,279,301,190
1776757188.7127426,20.0,23,-8,24.351591323771842,2.9624806963226082,0.0346807597092963,187,367,215,279,301,190
1776757188.7498157,20.0,23,-8,24.351591323771842,2.9624806963226082,0.0346807597092963,187,367,215,279,301,190
1776757188.7763257,20.0,23,-8,24.351591323771842,2.9624806963226082,0.0346807597092963,187,367,215,279,301,190
1776757188.808331,20.0,23,-8,24.351591323771842,2.9624806963226082,0.0346807597092963,187,367,215,279,301,190
1776757188.8427722,20.0,23,-8,24.351591323771842,2.9624806963226082,0.0346807597092963,187,367,215,279,301,190
1776757188.8748078,20.0,23,-8,24.351591323771842,2.9624806963226082,0.0346807597092963,187,367,215,279,301,190
1776757188.9073422,20.0,23,-8,24.351591323771842,2.9624806963226082,0.0346807597092963,187,367,215,279,301,190
1776757188.951486,20.0,23,-8,24.351591323771842,2.9624806963226082,0.0346807597092963,187,367,215,279,301,190
1776757188.9850311,20.0,23,-8,24.351591323771842,2.9624806963226082,0.0346807597092963,187,367,215,279,301,190
1776757189.0159035,20.0,24,-8,25.298221281347036,3.077642491648058,0.03499414538755009,187,367,215,279,302,190
1776757189.0484455,20.0,24,-8,25.298221281347036,3.077642491648058,0.03499414538755009,187,367,215,279,302,190
1776757189.0797677,20.0,24,-8,25.298221281347036,3.077642491648058,0.03499414538755009,187,367,215,279,302,190
1776757189.1124773,20.0,24,-8,25.298221281347036,3.077642491648058,0.03499414538755009,187,367,215,279,302,190
1776757189.1460323,20.0,24,-8,25.298221281347036,3.077642491648058,0.03499414538755009,187,367,215,279,302,190
1776757189.1776838,20.0,24,-8,25.298221281347036,3.077642491648058,0.03499414538755009,187,367,215,279,302,190
1776757189.2087166,20.0,24,-8,25.298221281347036,3.077642491648058,0.03499414538755009,187,367,215,279,302,190
1776757189.2466078,20.0,24,-8,25.298221281347036,3.077642491648058,0.03499414538755009,187,367,215,279,302,190
1776757189.27399,20.0,24,-8,25.298221281347036,3.077642491648058,0.03499414538755009,187,367,215,279,302,190
1776757189.3073084,20.0,24,-8,25.298221281347036,3.077642491648058,0.03499414538755009,187,367,215,279,302,190
1776757189.3526285,20.0,24,-8,25.298221281347036,3.077642491648058,0.03499414538755009,187,367,215,279,302,190
1776757189.3838284,20.0,24,-8,25.298221281347036,3.077642491648058,0.03499414538755009,187,367,215,279,302,190
1776757189.4194245,20.0,24,-8,25.298221281347036,3.077642491648058,0.03499414538755009,187,367,215,279,302,190
1776757189.4500487,20.0,24,-8,25.298221281347036,3.077642491648058,0.03499414538755009,187,367,215,279,302,190
1776757189.4823313,20.0,24,-8,25.298221281347036,3.077642491648058,0.03499414538755009,187,367,215,279,302,190
1776757189.5121992,20.0,24,-8,25.298221281347036,3.077642491648058,0.03499414538755009,187,367,215,279,302,190
1776757189.5448954,20.0,24,-8,25.298221281347036,3.077642491648058,0.03499414538755009,187,367,215,279,302,190
1776757189.577916,20.0,24,-8,25.298221281347036,3.077642491648058,0.03499414538755009,187,367,215,279,302,190
1776757189.6091187,20.0,24,-8,25.298221281347036,3.077642491648058,0.03499414538755009,187,367,215,279,302,190
1776757189.6421845,20.0,24,-8,25.298221281347036,3.077642491648058,0.03499414538755009,187,367,215,279,302,190
1776757189.6753728,20.0,24,-8,25.298221281347036,3.077642491648058,0.03499414538755009,187,367,215,279,302,190
1776757189.7081873,20.0,24,-8,25.298221281347036,3.077642491648058,0.03499414538755009,187,367,215,279,302,190
1776757189.7526371,20.0,24,-8,25.298221281347036,3.077642491648058,0.03499414538755009,187,367,215,279,302,190
1776757189.7840974,20.0,24,-8,25.298221281347036,3.077642491648058,0.03499414538755009,187,367,215,279,302,190
1776757189.8171003,20.0,24,-8,25.298221281347036,3.077642491648058,0.03499414538755009,187,367,215,279,302,190
1776757189.8498054,20.0,24,-8,25.298221281347036,3.077642491648058,0.03499414538755009,187,367,215,279,302,190
1776757189.8800697,20.0,24,-8,25.298221281347036,3.077642491648058,0.03499414538755009,187,367,215,279,302,190
1776757189.9125457,20.0,24,-8,25.298221281347036,3.077642491648058,0.03499414538755009,187,367,215,279,302,190
1776757189.9443705,20.0,24,-8,25.298221281347036,3.077642491648058,0.03499414538755009,187,367,215,279,302,190
1776757189.9757948,20.0,25,-8,26.248809496813376,3.1932858268629407,0.035299735065422104,187,367,215,279,303,190
1776757190.0095322,20.0,25,-8,26.248809496813376,3.1932858268629407,0.035299735065422104,187,367,215,279,303,190
1776757190.0425532,20.0,25,-8,26.248809496813376,3.1932858268629407,0.035299735065422104,187,367,215,279,303,190
1776757190.0770793,20.0,25,-8,26.248809496813376,3.1932858268629407,0.035299735065422104,187,367,215,279,303,190
1776757190.1068544,20.0,25,-8,26.248809496813376,3.1932858268629407,0.035299735065422104,187,367,215,279,303,190
1776757190.1522007,20.0,25,-8,26.248809496813376,3.1932858268629407,0.035299735065422104,187,367,215,279,303,190
1776757190.1847684,20.0,25,-8,26.248809496813376,3.1932858268629407,0.035299735065422104,187,367,215,279,303,190
1776757190.21959,20.0,25,-8,26.248809496813376,3.1932858268629407,0.035299735065422104,187,367,215,279,303,190
1776757190.2485595,20.0,25,-8,26.248809496813376,3.1932858268629407,0.035299735065422104,187,367,215,279,303,190
1776757190.282302,20.0,25,-8,26.248809496813376,3.1932858268629407,0.035299735065422104,187,367,215,279,303,190
1776757190.3125641,20.0,25,-8,26.248809496813376,3.1932858268629407,0.03591418152159492,187,367,215,278,303,190
1776757190.343882,20.0,25,-8,26.248809496813376,3.1932858268629407,0.03591418152159492,187,367,215,278,303,190
1776757190.376104,20.0,25,-8,26.248809496813376,3.1932858268629407,0.03591418152159492,187,367,215,278,303,190
1776757190.4097404,20.0,25,-8,26.248809496813376,3.1932858268629407,0.03591418152159492,187,367,215,278,303,190
1776757190.4410553,20.0,25,-8,26.248809496813376,3.1932858268629407,0.03591418152159492,187,367,215,278,303,190
1776757190.4743316,20.0,25,-8,26.248809496813376,3.1932858268629407,0.03481406911134908,187,367,216,278,303,190
1776757190.5199502,20.0,25,-8,26.248809496813376,3.1932858268629407,0.03481406911134908,187,367,216,278,303,190
1776757190.5519583,20.0,25,-8,26.248809496813376,3.1932858268629407,0.03481406911134908,187,367,216,278,303,190
1776757190.5851874,20.0,25,-8,26.248809496813376,3.1932858268629407,0.03481406911134908,187,367,216,278,303,190
1776757190.617793,20.0,25,-8,26.248809496813376,3.1932858268629407,0.03481406911134908,187,367,216,278,303,190
1776757190.64948,20.0,25,-8,26.248809496813376,3.1932858268629407,0.03481406911134908,187,367,216,278,303,190
1776757190.6800475,20.0,25,-8,26.248809496813376,3.1932858268629407,0.03481406911134908,187,367,216,278,303,190
1776757190.717936,20.0,25,-8,26.248809496813376,3.1932858268629407,0.03481406911134908,187,367,216,278,303,190
1776757190.745035,20.0,25,-8,26.248809496813376,3.1932858268629407,0.03481406911134908,187,367,216,278,303,190
1776757190.776802,20.0,26,-8,27.202941017470888,3.309360221103514,0.03511909718919455,187,367,216,278,304,190
1776757190.807305,20.0,26,-8,27.202941017470888,3.309360221103514,0.03511909718919455,187,367,216,278,304,190
1776757190.8408992,20.0,26,-8,27.202941017470888,3.309360221103514,0.03511909718919455,187,367,216,278,304,190
1776757190.874013,20.0,26,-8,27.202941017470888,3.309360221103514,0.03511909718919455,187,367,216,278,304,190
1776757190.9210293,20.0,26,-8,27.202941017470888,3.309360221103514,0.03511909718919455,187,367,216,278,304,190
1776757190.9538467,20.0,26,-8,27.202941017470888,3.309360221103514,0.03511909718919455,187,367,216,278,304,190
1776757190.9843516,20.0,26,-8,27.202941017470888,3.309360221103514,0.03511909718919455,187,367,216,278,304,190
1776757191.0154524,20.0,26,-8,27.202941017470888,3.309360221103514,0.03511909718919455,187,367,216,278,304,190
1776757191.0469866,20.0,26,-8,27.202941017470888,3.309360221103514,0.03511909718919455,187,367,216,278,304,190
1776757191.080954,20.0,26,-8,27.202941017470888,3.309360221103514,0.03511909718919455,187,367,216,278,304,190
1776757191.1129236,20.0,26,-8,27.202941017470888,3.309360221103514,0.03511909718919455,187,367,216,278,304,190
1776757191.1434834,20.0,26,-8,27.202941017470888,3.309360221103514,0.03511909718919455,187,367,216,278,304,190
1776757191.1766107,20.0,26,-8,27.202941017470888,3.309360221103514,0.03511909718919455,187,367,216,278,304,190
1776757191.2083223,20.0,26,-8,27.202941017470888,3.309360221103514,0.03511909718919455,187,367,216,278,304,190
1776757191.242335,20.0,26,-8,27.202941017470888,3.309360221103514,0.03511909718919455,187,367,216,278,304,190
1776757191.2731397,20.0,26,-8,27.202941017470888,3.309360221103514,0.03511909718919455,187,367,216,278,304,190
1776757191.3208413,20.0,26,-8,27.202941017470888,3.309360221103514,0.03511909718919455,187,367,216,278,304,190
1776757191.352727,20.0,26,-8,27.202941017470888,3.309360221103514,0.03511909718919455,187,367,216,278,304,190
1776757191.3847816,20.0,26,-8,27.202941017470888,3.309360221103514,0.03511909718919455,187,367,216,278,304,190
1776757191.417431,20.0,26,-8,27.202941017470888,3.309360221103514,0.03511909718919455,187,367,216,278,304,190
1776757191.450446,20.0,26,-8,27.202941017470888,3.309360221103514,0.03511909718919455,187,367,216,278,304,190
1776757191.4798222,20.0,26,-8,27.202941017470888,3.309360221103514,0.03511909718919455,187,367,216,278,304,190
1776757191.5118356,20.0,26,-9,27.51363298439521,3.3471572973716794,0.03459220610600405,187,367,216,278,304,189
1776757191.5494013,20.0,26,-9,27.51363298439521,3.3471572973716794,0.03459220610600405,187,367,216,278,304,189
1776757191.5754912,20.0,26,-9,27.51363298439521,3.3471572973716794,0.03459220610600405,187,367,216,278,304,189
1776757191.607982,20.0,27,-9,28.460498941515414,3.462347803104065,0.034891201695479455,187,367,216,278,305,189
1776757191.6417623,20.0,27,-9,28.460498941515414,3.462347803104065,0.034891201695479455,187,367,216,278,305,189
1776757191.6893513,20.0,27,-9,28.460498941515414,3.462347803104065,0.034891201695479455,187,367,216,278,305,189
1776757191.7213914,20.0,27,-9,28.460498941515414,3.462347803104065,0.034891201695479455,187,367,216,278,305,189
1776757191.754326,20.0,27,-9,28.460498941515414,3.462347803104065,0.034891201695479455,187,367,216,278,305,189
1776757191.7845695,20.0,27,-9,28.460498941515414,3.462347803104065,0.034891201695479455,187,367,216,278,305,189
1776757191.8173335,20.0,27,-9,28.460498941515414,3.462347803104065,0.034891201695479455,187,367,216,278,305,189
1776757191.8481283,20.0,27,-9,28.460498941515414,3.462347803104065,0.034891201695479455,187,367,216,278,305,189
1776757191.8817544,20.0,27,-9,28.460498941515414,3.462347803104065,0.034891201695479455,187,367,216,278,305,189
1776757191.9122138,20.0,27,-9,28.460498941515414,3.462347803104065,0.034891201695479455,187,367,216,278,305,189
1776757191.9445696,20.0,27,-9,28.460498941515414,3.462347803104065,0.034891201695479455,187,367,216,278,305,189
1776757191.9764495,20.0,27,-9,28.460498941515414,3.462347803104065,0.035502307680812514,187,367,216,277,305,189
1776757192.0082514,20.0,27,-9,28.460498941515414,3.462347803104065,0.035502307680812514,187,367,216,277,305,189
1776757192.043478,20.0,27,-9,28.460498941515414,3.462347803104065,0.035502307680812514,187,367,216,277,305,189
1776757192.0892816,20.0,27,-9,28.460498941515414,3.462347803104065,0.035502307680812514,187,367,216,277,305,189
1776757192.1223252,20.0,27,-9,28.460498941515414,3.462347803104065,0.035502307680812514,187,367,216,277,305,189
1776757192.1540554,20.0,27,-9,28.460498941515414,3.462347803104065,0.035502307680812514,187,367,216,277,305,189
1776757192.1857738,20.0,27,-9,28.460498941515414,3.462347803104065,0.035502307680812514,187,367,216,277,305,189
1776757192.2183022,20.0,27,-9,28.460498941515414,3.462347803104065,0.035502307680812514,187,367,216,277,305,189
1776757192.2482114,20.0,27,-9,28.460498941515414,3.462347803104065,0.035502307680812514,187,367,216,277,305,189
1776757192.2811704,20.0,27,-9,28.460498941515414,3.462347803104065,0.035502307680812514,187,367,216,277,305,189
1776757192.3130865,20.0,27,-9,28.460498941515414,3.462347803104065,0.035502307680812514,187,367,216,277,305,189
1776757192.3433042,20.0,27,-9,28.460498941515414,3.462347803104065,0.035502307680812514,187,367,216,277,305,189
1776757192.376243,20.0,27,-9,28.460498941515414,3.462347803104065,0.035502307680812514,187,367,216,277,305,189
1776757192.4086635,20.0,27,-9,28.460498941515414,3.462347803104065,0.035502307680812514,187,367,216,277,305,189
1776757192.4424896,20.0,27,-9,28.460498941515414,3.462347803104065,0.035502307680812514,187,367,216,277,305,189
1776757192.4887986,20.0,27,-9,28.460498941515414,3.462347803104065,0.035502307680812514,187,367,216,277,305,189
1776757192.5238035,20.0,27,-9,28.460498941515414,3.462347803104065,0.03442677150178017,187,367,217,277,305,189
1776757192.5542395,20.0,27,-9,28.460498941515414,3.462347803104065,0.03442677150178017,187,367,217,277,305,189
1776757192.5845444,20.0,27,-9,28.460498941515414,3.462347803104065,0.03442677150178017,187,367,217,277,305,189
1776757192.6176147,20.0,27,-9,28.460498941515414,3.462347803104065,0.03442677150178017,187,367,217,277,305,189
1776757192.6496074,20.0,28,-9,29.410882339705484,3.577966221375363,0.03472511207089402,187,367,217,277,306,189
1776757192.6801562,20.0,28,-9,29.410882339705484,3.577966221375363,0.03472511207089402,187,367,217,277,306,189
1776757192.7121978,20.0,28,-9,29.410882339705484,3.577966221375363,0.03472511207089402,187,367,217,277,306,189
1776757192.7439935,20.0,28,-9,29.410882339705484,3.577966221375363,0.03472511207089402,187,367,217,277,306,189
1776757192.7761023,20.0,28,-9,29.410882339705484,3.577966221375363,0.03472511207089402,187,367,217,277,306,189
1776757192.8077276,20.0,28,-9,29.410882339705484,3.577966221375363,0.03472511207089402,187,367,217,277,306,189
1776757192.8416693,20.0,28,-9,29.410882339705484,3.577966221375363,0.03472511207089402,187,367,217,277,306,189
1776757192.8881006,20.0,28,-9,29.410882339705484,3.577966221375363,0.03472511207089402,187,367,217,277,306,189
1776757192.9221618,20.0,28,-9,29.410882339705484,3.577966221375363,0.03472511207089402,187,367,217,277,306,189
1776757192.9541578,20.0,28,-9,29.410882339705484,3.577966221375363,0.03472511207089402,187,367,217,277,306,189
1776757192.986324,20.0,28,-9,29.410882339705484,3.577966221375363,0.03472511207089402,187,367,217,277,306,189
1776757193.0184963,20.0,28,-9,29.410882339705484,3.577966221375363,0.03472511207089402,187,367,217,277,306,189
1776757193.0498495,20.0,28,-9,29.410882339705484,3.577966221375363,0.03472511207089402,187,367,217,277,306,189
1776757193.079726,20.0,28,-9,29.410882339705484,3.577966221375363,0.03472511207089402,187,367,217,277,306,189
1776757193.1129315,20.0,28,-9,29.410882339705484,3.577966221375363,0.03472511207089402,187,367,217,277,306,189
1776757193.1438496,20.0,28,-9,29.410882339705484,3.577966221375363,0.035340960845788603,187,367,217,276,306,189
1776757193.1772547,20.0,28,-9,29.410882339705484,3.577966221375363,0.035340960845788603,187,367,217,276,306,189
1776757193.2067053,20.0,28,-9,29.410882339705484,3.577966221375363,0.035340960845788603,187,367,217,276,306,189
1776757193.2556732,20.0,28,-9,29.410882339705484,3.577966221375363,0.035340960845788603,187,367,217,276,306,189
1776757193.2907033,20.0,28,-9,29.410882339705484,3.577966221375363,0.035340960845788603,187,367,217,276,306,189
1776757193.3216627,20.0,28,-9,29.410882339705484,3.577966221375363,0.035340960845788603,187,367,217,276,306,189
1776757193.3539813,20.0,28,-9,29.410882339705484,3.577966221375363,0.035340960845788603,187,367,217,276,306,189
1776757193.384132,20.0,29,-9,30.364452901377952,3.6939723724304074,0.03562831588683278,187,367,217,276,307,189
1776757193.4179416,20.0,29,-9,30.364452901377952,3.6939723724304074,0.03562831588683278,187,367,217,276,307,189
1776757193.4490855,20.0,29,-9,30.364452901377952,3.6939723724304074,0.03562831588683278,187,367,217,276,307,189
1776757193.4808245,20.0,29,-9,30.364452901377952,3.6939723724304074,0.03562831588683278,187,367,217,276,307,189
1776757193.5136433,20.0,29,-9,30.364452901377952,3.6939723724304074,0.03562831588683278,187,367,217,276,307,189
1776757193.5435855,20.0,29,-9,30.364452901377952,3.6939723724304074,0.03562831588683278,187,367,217,276,307,189
1776757193.5767891,20.0,29,-9,30.364452901377952,3.6939723724304074,0.03562831588683278,187,367,217,276,307,189
1776757193.6081996,20.0,29,-9,30.364452901377952,3.6939723724304074,0.03562831588683278,187,367,217,276,307,189
1776757193.6577265,20.0,29,-9,30.364452901377952,3.6939723724304074,0.03562831588683278,187,367,217,276,307,189
1776757193.6902416,20.0,29,-9,30.364452901377952,3.6939723724304074,0.03562831588683278,187,367,217,276,307,189
1776757193.724052,20.0,29,-9,30.364452901377952,3.6939723724304074,0.03562831588683278,187,367,217,276,307,189
1776757193.7565045,20.0,29,-9,30.364452901377952,3.6939723724304074,0.03562831588683278,187,367,217,276,307,189
1776757193.7882683,20.0,29,-9,30.364452901377952,3.6939723724304074,0.03562831588683278,187,367,217,276,307,189
1776757193.8176472,20.0,29,-9,30.364452901377952,3.6939723724304074,0.03562831588683278,187,367,217,276,307,189
1776757193.8488526,20.0,29,-9,30.364452901377952,3.6939723724304074,0.03562831588683278,187,367,217,276,307,189
1776757193.8815596,20.0,29,-9,30.364452901377952,3.6939723724304074,0.03562831588683278,187,367,217,276,307,189
1776757193.912225,20.0,29,-9,30.364452901377952,3.6939723724304074,0.03562831588683278,187,367,217,276,307,189
1776757193.9454532,20.0,29,-9,30.364452901377952,3.6939723724304074,0.03562831588683278,187,367,217,276,307,189
1776757193.9774508,20.0,29,-9,30.364452901377952,3.6939723724304074,0.03562831588683278,187,367,217,276,307,189
1776757194.0090404,20.0,29,-9,30.364452901377952,3.6939723724304074,0.03562831588683278,187,367,217,276,307,189
1776757194.057318,20.0,29,-9,30.364452901377952,3.6939723724304074,0.03562831588683278,187,367,217,276,307,189
1776757194.089087,20.0,29,-9,30.364452901377952,3.6939723724304074,0.03562831588683278,187,367,217,276,307,189
1776757194.1220384,20.0,30,-9,31.32091952673165,3.8103308426680838,0.03590824002525768,187,367,217,276,308,189
1776757194.1556299,20.0,30,-9,31.32091952673165,3.8103308426680838,0.03590824002525768,187,367,217,276,308,189
1776757194.190154,20.0,30,-9,31.32091952673165,3.8103308426680838,0.03590824002525768,187,367,217,276,308,189
1776757194.2255893,20.0,30,-9,31.32091952673165,3.8103308426680838,0.03651408907849309,187,367,217,275,308,189
1776757194.2503588,20.0,30,-9,31.32091952673165,3.8103308426680838,0.03651408907849309,187,367,217,275,308,189
1776757194.2793918,20.0,30,-9,31.32091952673165,3.8103308426680838,0.03651408907849309,187,367,217,275,308,189
1776757194.3140721,20.0,30,-9,31.32091952673165,3.8103308426680838,0.03651408907849309,187,367,217,275,308,189
1776757194.3454494,20.0,30,-9,31.32091952673165,3.8103308426680838,0.03651408907849309,187,367,217,275,308,189
1776757194.375563,20.0,30,-9,31.32091952673165,3.8103308426680838,0.03651408907849309,187,367,217,275,308,189
1776757194.4254875,20.0,30,-9,31.32091952673165,3.8103308426680838,0.03651408907849309,187,367,217,275,308,189
1776757194.4567137,20.0,30,-9,31.32091952673165,3.8103308426680838,0.03651408907849309,187,367,217,275,308,189
1776757194.490142,20.0,30,-9,31.32091952673165,3.8103308426680838,0.035482648106478956,187,367,218,275,308,189
1776757194.523151,20.0,30,-9,31.32091952673165,3.8103308426680838,0.035482648106478956,187,367,218,275,308,189
1776757194.5548582,20.0,30,-9,31.32091952673165,3.8103308426680838,0.035482648106478956,187,367,218,275,308,189
1776757194.584464,20.0,30,-9,31.32091952673165,3.8103308426680838,0.035482648106478956,187,367,218,275,308,189
1776757194.6173747,20.0,30,-9,31.32091952673165,3.8103308426680838,0.035482648106478956,187,367,218,275,308,189
1776757194.6495156,20.0,30,-9,31.32091952673165,3.8103308426680838,0.035482648106478956,187,367,218,275,308,189
1776757194.6795197,20.0,30,-9,31.32091952673165,3.8103308426680838,0.035482648106478956,187,367,218,275,308,189
1776757194.712848,20.0,30,-9,31.32091952673165,3.8103308426680838,0.035482648106478956,187,367,218,275,308,189
1776757194.744335,20.0,30,-9,31.32091952673165,3.8103308426680838,0.035482648106478956,187,367,218,275,308,189
1776757194.7761447,20.0,30,-9,31.32091952673165,3.8103308426680838,0.035482648106478956,187,367,218,275,308,189
1776757194.829252,20.0,30,-9,31.32091952673165,3.8103308426680838,0.035482648106478956,187,367,218,275,308,189
1776757194.857719,20.0,30,-9,31.32091952673165,3.8103308426680838,0.035482648106478956,187,367,218,275,308,189
1776757194.871112,20.0,30,-9,31.32091952673165,3.8103308426680838,0.035482648106478956,187,367,218,275,308,189
1776757194.9217527,20.0,30,-9,31.32091952673165,3.8103308426680838,0.035482648106478956,187,367,218,275,308,189
1776757194.9538455,20.0,30,-9,31.32091952673165,3.8103308426680838,0.035482648106478956,187,367,218,275,308,189
1776757194.984637,20.0,30,-9,31.32091952673165,3.8103308426680838,0.035482648106478956,187,367,218,275,308,189
1776757195.0171063,20.0,30,-9,31.32091952673165,3.8103308426680838,0.035482648106478956,187,367,218,275,308,189
1776757195.0489383,20.0,30,-9,31.32091952673165,3.8103308426680838,0.035482648106478956,187,367,218,275,308,189
1776757195.0801208,20.0,30,-9,31.32091952673165,3.8103308426680838,0.035482648106478956,187,367,218,275,308,189
1776757195.1121554,20.0,30,-9,31.32091952673165,3.8103308426680838,0.035482648106478956,187,367,218,275,308,189
1776757195.144594,20.0,30,-9,31.32091952673165,3.8103308426680838,0.035482648106478956,187,367,218,275,308,189
1776757195.1771474,20.0,30,-9,31.32091952673165,3.8103308426680838,0.035482648106478956,187,367,218,275,308,189
1776757195.227989,20.0,30,-9,31.32091952673165,3.8103308426680838,0.035482648106478956,187,367,218,275,308,189
1776757195.2587008,20.0,30,-10,31.622776601683793,3.847053114560072,0.03495693879978115,187,367,218,275,308,188
1776757195.2889185,20.0,31,-10,32.57299494980466,3.962651453747525,0.035237916790958404,187,367,218,275,309,188
1776757195.3213656,20.0,31,-10,32.57299494980466,3.962651453747525,0.035237916790958404,187,367,218,275,309,188
1776757195.3567986,20.0,31,-10,32.57299494980466,3.962651453747525,0.035237916790958404,187,367,218,275,309,188
1776757195.3841236,20.0,31,-10,32.57299494980466,3.962651453747525,0.035237916790958404,187,367,218,275,309,188
1776757195.4155285,20.0,31,-10,32.57299494980466,3.962651453747525,0.035237916790958404,187,367,218,275,309,188
1776757195.447811,20.0,31,-10,32.57299494980466,3.962651453747525,0.035237916790958404,187,367,218,275,309,188
1776757195.4810183,20.0,31,-10,32.57299494980466,3.962651453747525,0.035237916790958404,187,367,218,275,309,188
1776757195.5126638,20.0,31,-10,32.57299494980466,3.962651453747525,0.035237916790958404,187,367,218,275,309,188
1776757195.5434053,20.0,31,-10,32.57299494980466,3.962651453747525,0.035237916790958404,187,367,218,275,309,188
1776757195.5767198,20.0,31,-10,32.57299494980466,3.962651453747525,0.035237916790958404,187,367,218,275,309,188
1776757195.625597,20.0,31,-10,32.57299494980466,3.962651453747525,0.035237916790958404,187,367,218,275,309,188
1776757195.6569421,20.0,31,-10,32.57299494980466,3.962651453747525,0.035237916790958404,187,367,218,275,309,188
1776757195.691135,20.0,31,-10,32.57299494980466,3.962651453747525,0.035237916790958404,187,367,218,275,309,188
1776757195.7227871,20.0,31,-10,32.57299494980466,3.962651453747525,0.035237916790958404,187,367,218,275,309,188
1776757195.7542899,20.0,31,-10,32.57299494980466,3.962651453747525,0.035237916790958404,187,367,218,275,309,188
1776757195.7894895,20.0,31,-10,32.57299494980466,3.962651453747525,0.035237916790958404,187,367,218,275,309,188
1776757195.8266237,20.0,31,-10,32.57299494980466,3.962651453747525,0.035237916790958404,187,367,218,275,309,188
1776757195.851615,20.0,31,-10,32.57299494980466,3.962651453747525,0.035237916790958404,187,367,218,275,309,188
1776757195.880491,20.0,31,-10,32.57299494980466,3.962651453747525,0.035237916790958404,187,367,218,275,309,188
1776757195.914471,20.0,31,-10,32.57299494980466,3.962651453747525,0.035237916790958404,187,367,218,275,309,188
1776757195.9433537,20.0,31,-10,32.57299494980466,3.962651453747525,0.035237916790958404,187,367,218,275,309,188
1776757195.9932303,20.0,31,-10,32.57299494980466,3.962651453747525,0.035237916790958404,187,367,218,275,309,188
1776757196.02501,20.0,31,-10,32.57299494980466,3.962651453747525,0.035237916790958404,187,367,218,275,309,188
1776757196.0573356,20.0,31,-10,32.57299494980466,3.962651453747525,0.035237916790958404,187,367,218,275,309,188
1776757196.089724,20.0,31,-10,32.57299494980466,3.962651453747525,0.035237916790958404,187,367,218,275,309,188
1776757196.1230338,20.0,31,-10,32.57299494980466,3.962651453747525,0.035237916790958404,187,367,218,275,309,188
1776757196.1546342,20.0,31,-10,32.57299494980466,3.962651453747525,0.035237916790958404,187,367,218,275,309,188
1776757196.1872492,20.0,31,-10,32.57299494980466,3.962651453747525,0.035237916790958404,187,367,218,275,309,188
1776757196.2183523,20.0,31,-10,32.57299494980466,3.962651453747525,0.035237916790958404,187,367,218,275,309,188
1776757196.2513897,20.0,31,-10,32.57299494980466,3.962651453747525,0.035237916790958404,187,367,218,275,309,188
1776757196.2799838,20.0,31,-10,32.57299494980466,3.962651453747525,0.035237916790958404,187,367,218,275,309,188
1776757196.3136728,20.0,31,-10,32.57299494980466,3.962651453747525,0.035237916790958404,187,367,218,275,309,188
1776757196.344984,20.0,31,-10,32.57299494980466,3.962651453747525,0.035237916790958404,187,367,218,275,309,188
1776757196.3939445,20.0,31,-10,32.57299494980466,3.962651453747525,0.035843449608284096,187,367,218,274,309,188
1776757196.4261916,20.0,31,-10,32.57299494980466,3.962651453747525,0.035843449608284096,187,367,218,274,309,188
1776757196.4586227,20.0,31,-10,32.57299494980466,3.962651453747525,0.035843449608284096,187,367,218,274,309,188
1776757196.48927,20.0,31,-10,32.57299494980466,3.962651453747525,0.035843449608284096,187,367,218,274,309,188
1776757196.523596,20.0,32,-10,33.52610922848042,4.078602095922192,0.036113608408861554,187,367,218,274,310,188
1776757196.5532634,20.0,32,-10,33.52610922848042,4.078602095922192,0.036113608408861554,187,367,218,274,310,188
1776757196.5873837,20.0,32,-10,33.52610922848042,4.078602095922192,0.035104998772768854,187,367,219,274,310,188
1776757196.6186335,20.0,32,-10,33.52610922848042,4.078602095922192,0.035104998772768854,187,367,219,274,310,188
1776757196.6526554,20.0,32,-10,33.52610922848042,4.078602095922192,0.035104998772768854,187,367,219,274,310,188
1776757196.6852748,20.0,32,-10,33.52610922848042,4.078602095922192,0.035104998772768854,187,367,219,274,310,188
1776757196.7143674,20.0,32,-10,33.52610922848042,4.078602095922192,0.035104998772768854,187,367,219,274,310,188
1776757196.7470884,20.0,32,-10,33.52610922848042,4.078602095922192,0.035104998772768854,187,367,219,274,310,188
1776757196.793094,20.0,32,-10,33.52610922848042,4.078602095922192,0.035104998772768854,187,367,219,274,310,188
1776757196.8263862,20.0,32,-10,33.52610922848042,4.078602095922192,0.035104998772768854,187,367,219,274,310,188
1776757196.8420184,20.0,32,-10,33.52610922848042,4.078602095922192,0.035104998772768854,187,367,219,274,310,188
1776757196.8900337,20.0,32,-10,33.52610922848042,4.078602095922192,0.035104998772768854,187,367,219,274,310,188
1776757196.9231954,20.0,32,-10,33.52610922848042,4.078602095922192,0.035104998772768854,187,367,219,274,310,188
1776757196.9548905,20.0,32,-10,33.52610922848042,4.078602095922192,0.035104998772768854,187,367,219,274,310,188
1776757196.9865682,20.0,32,-10,33.52610922848042,4.078602095922192,0.035104998772768854,187,367,219,274,310,188
1776757197.0231361,20.0,32,-10,33.52610922848042,4.078602095922192,0.035104998772768854,187,367,219,274,310,188
1776757197.0511947,20.0,32,-10,33.52610922848042,4.078602095922192,0.035104998772768854,187,367,219,274,310,188
1776757197.081385,20.0,32,-10,33.52610922848042,4.078602095922192,0.035104998772768854,187,367,219,274,310,188
1776757197.1124697,20.0,32,-10,33.52610922848042,4.078602095922192,0.035104998772768854,187,367,219,274,310,188
1776757197.1599188,20.0,32,-10,33.52610922848042,4.078602095922192,0.035104998772768854,187,367,219,274,310,188
1776757197.1936178,20.0,32,-10,33.52610922848042,4.078602095922192,0.035104998772768854,187,367,219,274,310,188
1776757197.2079942,20.0,32,-10,33.52610922848042,4.078602095922192,0.035104998772768854,187,367,219,274,310,188
1776757197.2245166,20.0,32,-10,33.52610922848042,4.078602095922192,0.035104998772768854,187,367,219,274,310,188
1776757197.291024,20.0,32,-10,33.52610922848042,4.078602095922192,0.035104998772768854,187,367,219,274,310,188
1776757197.3246655,20.0,32,-10,33.52610922848042,4.078602095922192,0.035104998772768854,187,367,219,274,310,188
1776757197.3564262,20.0,32,-10,33.52610922848042,4.078602095922192,0.035104998772768854,187,367,219,274,310,188
1776757197.3885114,20.0,32,-10,33.52610922848042,4.078602095922192,0.035104998772768854,187,367,219,274,310,188
1776757197.4186869,20.0,32,-10,33.52610922848042,4.078602095922192,0.035104998772768854,187,367,219,274,310,188
1776757197.450934,20.0,32,-10,33.52610922848042,4.078602095922192,0.035104998772768854,187,367,219,274,310,188
1776757197.4807644,20.0,33,-10,34.48187929913333,4.194875827145174,0.035377732590060475,187,367,219,274,311,188
1776757197.5138323,20.0,33,-10,34.48187929913333,4.194875827145174,0.035377732590060475,187,367,219,274,311,188
1776757197.5611434,20.0,33,-10,34.48187929913333,4.194875827145174,0.035377732590060475,187,367,219,274,311,188
1776757197.593089,20.0,33,-10,34.48187929913333,4.194875827145174,0.035377732590060475,187,367,219,274,311,188
1776757197.6143897,20.0,33,-10,34.48187929913333,4.194875827145174,0.035377732590060475,187,367,219,274,311,188
1776757197.6565719,20.0,33,-10,34.48187929913333,4.194875827145174,0.035377732590060475,187,367,219,274,311,188
1776757197.6885238,20.0,33,-10,34.48187929913333,4.194875827145174,0.035377732590060475,187,367,219,274,311,188
1776757197.7250159,20.0,33,-10,34.48187929913333,4.194875827145174,0.03598378825522003,187,367,219,273,311,188
1776757197.7542577,20.0,33,-10,34.48187929913333,4.194875827145174,0.03598378825522003,187,367,219,273,311,188
1776757197.7875552,20.0,33,-10,34.48187929913333,4.194875827145174,0.03598378825522003,187,367,219,273,311,188
1776757197.8182504,20.0,33,-10,34.48187929913333,4.194875827145174,0.03598378825522003,187,367,219,273,311,188
1776757197.8510075,20.0,33,-10,34.48187929913333,4.194875827145174,0.03598378825522003,187,367,219,273,311,188
1776757197.8806615,20.0,33,-10,34.48187929913333,4.194875827145174,0.03598378825522003,187,367,219,273,311,188
1776757197.9150987,20.0,33,-10,34.48187929913333,4.194875827145174,0.03598378825522003,187,367,219,273,311,188
1776757197.9598103,20.0,33,-10,34.48187929913333,4.194875827145174,0.03598378825522003,187,367,219,273,311,188
1776757197.9939165,20.0,33,-10,34.48187929913333,4.194875827145174,0.03598378825522003,187,367,219,273,311,188
1776757198.010102,20.0,33,-10,34.48187929913333,4.194875827145174,0.03598378825522003,187,367,219,273,311,188
1776757198.026031,20.0,33,-10,34.48187929913333,4.194875827145174,0.03598378825522003,187,367,219,273,311,188
1776757198.093985,20.0,33,-10,34.48187929913333,4.194875827145174,0.03598378825522003,187,367,219,273,311,188
1776757198.1234705,20.0,33,-10,34.48187929913333,4.194875827145174,0.03598378825522003,187,367,219,273,311,188
1776757198.1538014,20.0,33,-10,34.48187929913333,4.194875827145174,0.03598378825522003,187,367,219,273,311,188
1776757198.1901758,20.0,33,-10,34.48187929913333,4.194875827145174,0.03598378825522003,187,367,219,273,311,188
1776757198.2177231,20.0,33,-10,34.48187929913333,4.194875827145174,0.03598378825522003,187,367,219,273,311,188
1776757198.2521057,20.0,33,-10,34.48187929913333,4.194875827145174,0.03598378825522003,187,367,219,273,311,188
1776757198.2854145,20.0,33,-10,34.48187929913333,4.194875827145174,0.03598378825522003,187,367,219,273,311,188
1776757198.3284826,20.0,33,-10,34.48187929913333,4.194875827145174,0.03598378825522003,187,367,219,273,311,188
1776757198.361718,20.0,33,-10,34.48187929913333,4.194875827145174,0.03598378825522003,187,367,219,273,311,188
1776757198.375514,20.0,33,-10,34.48187929913333,4.194875827145174,0.03598378825522003,187,367,219,273,311,188
1776757198.393037,20.0,33,-10,34.48187929913333,4.194875827145174,0.03598378825522003,187,367,219,273,311,188
1776757198.4568946,20.0,33,-10,34.48187929913333,4.194875827145174,0.03598378825522003,187,367,219,273,311,188
1776757198.488842,20.0,33,-10,34.48187929913333,4.194875827145174,0.03598378825522003,187,367,219,273,311,188
1776757198.522942,20.0,33,-10,34.48187929913333,4.194875827145174,0.03598378825522003,187,367,219,273,311,188
1776757198.5552914,20.0,33,-10,34.48187929913333,4.194875827145174,0.03598378825522003,187,367,219,273,311,188
1776757198.5869043,20.0,33,-10,34.48187929913333,4.194875827145174,0.03598378825522003,187,367,219,273,311,188
1776757198.6211615,20.0,33,-10,34.48187929913333,4.194875827145174,0.03598378825522003,187,367,219,273,311,188
1776757198.649575,20.0,33,-10,34.48187929913333,4.194875827145174,0.03598378825522003,187,367,219,273,311,188
1776757198.6805794,20.0,34,-10,35.4400902933387,4.311446507705438,0.03624570609732427,187,367,219,273,312,188
1776757198.7287529,20.0,34,-10,35.4400902933387,4.311446507705438,0.03624570609732427,187,367,219,273,312,188
1776757198.7618945,20.0,34,-10,35.4400902933387,4.311446507705438,0.03624570609732427,187,367,219,273,312,188
1776757198.777509,20.0,34,-10,35.4400902933387,4.311446507705438,0.03624570609732427,187,367,219,273,312,188
1776757198.7923126,20.0,34,-10,35.4400902933387,4.311446507705438,0.03624570609732427,187,367,219,273,312,188
1776757198.8591204,20.0,34,-10,35.4400902933387,4.311446507705438,0.03624570609732427,187,367,219,273,312,188
1776757198.8921697,20.0,34,-10,35.4400902933387,4.311446507705438,0.03624570609732427,187,367,219,273,312,188
1776757198.9260352,20.0,34,-10,35.4400902933387,4.311446507705438,0.03624570609732427,187,367,219,273,312,188
1776757198.953512,20.0,34,-10,35.4400902933387,4.311446507705438,0.03624570609732427,187,367,219,273,312,188
1776757198.9883676,20.0,34,-10,35.4400902933387,4.311446507705438,0.03624570609732427,187,367,219,273,312,188
1776757199.0186894,20.0,34,-10,35.4400902933387,4.311446507705438,0.03624570609732427,187,367,219,273,312,188
1776757199.049508,20.0,34,-10,35.4400902933387,4.311446507705438,0.03624570609732427,187,367,219,273,312,188
1776757199.0810294,20.0,34,-10,35.4400902933387,4.311446507705438,0.03624570609732427,187,367,219,273,312,188
1776757199.1306505,20.0,34,-10,35.4400902933387,4.311446507705438,0.03624570609732427,187,367,219,273,312,188
1776757199.1630392,20.0,34,-10,35.4400902933387,4.311446507705438,0.03624570609732427,187,367,219,273,312,188
1776757199.1768136,20.0,34,-10,35.4400902933387,4.311446507705438,0.03624570609732427,187,367,219,273,312,188
1776757199.1928813,20.0,34,-10,35.4400902933387,4.311446507705438,0.03624570609732427,187,367,219,273,312,188
1776757199.261798,20.0,34,-10,35.4400902933387,4.311446507705438,0.03624570609732427,187,367,219,273,312,188
1776757199.2897975,20.0,34,-10,35.4400902933387,4.311446507705438,0.03624570609732427,187,367,219,273,312,188
1776757199.3221896,20.0,34,-10,35.4400902933387,4.311446507705438,0.03624570609732427,187,367,219,273,312,188
1776757199.3542035,20.0,34,-10,35.4400902933387,4.311446507705438,0.03624570609732427,187,367,219,273,312,188
1776757199.3881834,20.0,34,-10,35.4400902933387,4.311446507705438,0.03624570609732427,187,367,219,273,312,188
1776757199.422331,20.0,34,-10,35.4400902933387,4.311446507705438,0.03624570609732427,187,367,219,273,312,188
1776757199.4503157,20.0,34,-10,35.4400902933387,4.311446507705438,0.03624570609732427,187,367,219,273,312,188
1776757199.4830973,20.0,34,-10,35.4400902933387,4.311446507705438,0.03624570609732427,187,367,219,273,312,188
1776757199.5284941,20.0,34,-10,35.4400902933387,4.311446507705438,0.03624570609732427,187,367,219,273,312,188
1776757199.5607908,20.0,34,-10,35.4400902933387,4.311446507705438,0.03624570609732427,187,367,219,273,312,188
1776757199.5732377,20.0,34,-10,35.4400902933387,4.311446507705438,0.03624570609732427,187,367,219,273,312,188
1776757199.5922408,20.0,34,-10,35.4400902933387,4.311446507705438,0.03624570609732427,187,367,219,273,312,188
1776757199.6578786,20.0,34,-10,35.4400902933387,4.311446507705438,0.03624570609732427,187,367,219,273,312,188
1776757199.6902187,20.0,34,-11,35.73513677041127,4.3473402397094,0.03572618400024437,187,367,219,273,312,187
1776757199.7235172,20.0,34,-11,35.73513677041127,4.3473402397094,0.03572618400024437,187,367,219,273,312,187
1776757199.7563694,20.0,34,-11,35.73513677041127,4.3473402397094,0.03572618400024437,187,367,219,273,312,187
1776757199.787863,20.0,34,-11,35.73513677041127,4.3473402397094,0.03572618400024437,187,367,219,273,312,187
1776757199.8190303,20.0,34,-11,35.73513677041127,4.3473402397094,0.03572618400024437,187,367,219,273,312,187
1776757199.848592,20.0,34,-11,35.73513677041127,4.3473402397094,0.03572618400024437,187,367,219,273,312,187
1776757199.8976383,20.0,34,-11,35.73513677041127,4.3473402397094,0.03572618400024437,187,367,219,273,312,187
1776757199.9303637,20.0,34,-11,35.73513677041127,4.3473402397094,0.03572618400024437,187,367,219,273,312,187
1776757199.9446352,20.0,34,-11,35.73513677041127,4.3473402397094,0.03572618400024437,187,367,219,273,312,187
1776757199.9605918,20.0,34,-11,35.73513677041127,4.3473402397094,0.03572618400024437,187,367,219,273,312,187
1776757199.9938312,20.0,34,-11,35.73513677041127,4.3473402397094,0.03572618400024437,187,367,219,273,312,187
1776757200.0312004,20.0,34,-11,35.73513677041127,4.3473402397094,0.03572618400024437,187,367,219,273,312,187
1776757200.0902212,20.0,34,-11,35.73513677041127,4.3473402397094,0.03572618400024437,187,367,219,273,312,187
1776757200.120534,20.0,34,-11,35.73513677041127,4.3473402397094,0.03572618400024437,187,367,219,273,312,187
1776757200.1536393,20.0,35,-11,36.68787265568828,4.463244848623878,0.03598329297000852,187,367,219,273,313,187
1776757200.185681,20.0,35,-11,36.68787265568828,4.463244848623878,0.03598329297000852,187,367,219,273,313,187
1776757200.217237,20.0,35,-11,36.68787265568828,4.463244848623878,0.03598329297000852,187,367,219,273,313,187
1776757200.250329,20.0,35,-11,36.68787265568828,4.463244848623878,0.03598329297000852,187,367,219,273,313,187
1776757200.2953727,20.0,35,-11,36.68787265568828,4.463244848623878,0.03598329297000852,187,367,219,273,313,187
1776757200.3299317,20.0,35,-11,36.68787265568828,4.463244848623878,0.035006396238771505,187,367,220,273,313,187
1776757200.3435469,20.0,35,-11,36.68787265568828,4.463244848623878,0.035006396238771505,187,367,220,273,313,187
1776757200.3606472,20.0,35,-11,36.68787265568828,4.463244848623878,0.03560810184271393,187,367,220,272,313,187
1776757200.3933508,20.0,35,-11,36.68787265568828,4.463244848623878,0.03560810184271393,187,367,220,272,313,187
1776757200.4582272,20.0,35,-11,36.68787265568828,4.463244848623878,0.03560810184271393,187,367,220,272,313,187
1776757200.49058,20.0,35,-11,36.68787265568828,4.463244848623878,0.03560810184271393,187,367,220,272,313,187
1776757200.5211544,20.0,35,-11,36.68787265568828,4.463244848623878,0.03560810184271393,187,367,220,272,313,187
1776757200.5544202,20.0,35,-11,36.68787265568828,4.463244848623878,0.03560810184271393,187,367,220,272,313,187
1776757200.5864804,20.0,35,-11,36.68787265568828,4.463244848623878,0.03560810184271393,187,367,220,272,313,187
1776757200.6188147,20.0,35,-11,36.68787265568828,4.463244848623878,0.03560810184271393,187,367,220,272,313,187
1776757200.6508107,20.0,35,-11,36.68787265568828,4.463244848623878,0.03560810184271393,187,367,220,272,313,187
1776757200.6977518,20.0,35,-11,36.68787265568828,4.463244848623878,0.03560810184271393,187,367,220,272,313,187
1776757200.7301085,20.0,35,-11,36.68787265568828,4.463244848623878,0.03560810184271393,187,367,220,272,313,187
1776757200.7449546,20.0,35,-11,36.68787265568828,4.463244848623878,0.03560810184271393,187,367,220,272,313,187
1776757200.7651403,20.0,35,-11,36.68787265568828,4.463244848623878,0.03560810184271393,187,367,220,272,313,187
1776757200.7926762,20.0,35,-11,36.68787265568828,4.463244848623878,0.03560810184271393,187,367,220,272,313,187
1776757200.8248265,20.0,35,-11,36.68787265568828,4.463244848623878,0.03560810184271393,187,367,220,272,313,187
1776757200.8928478,20.0,35,-11,36.68787265568828,4.463244848623878,0.03560810184271393,187,367,220,272,313,187
1776757200.92226,20.0,35,-11,36.68787265568828,4.463244848623878,0.03560810184271393,187,367,220,272,313,187
1776757200.9606235,20.0,36,-11,37.64306044943742,4.579447743240562,0.03586406140390037,187,367,220,272,314,187
1776757200.9852176,20.0,36,-11,37.64306044943742,4.579447743240562,0.03586406140390037,187,367,220,272,314,187
1776757201.0183172,20.0,36,-11,37.64306044943742,4.579447743240562,0.03586406140390037,187,367,220,272,314,187
1776757201.0654395,20.0,36,-11,37.64306044943742,4.579447743240562,0.03586406140390037,187,367,220,272,314,187
1776757201.09986,20.0,36,-11,37.64306044943742,4.579447743240562,0.03586406140390037,187,367,220,272,314,187
1776757201.114144,20.0,36,-11,37.64306044943742,4.579447743240562,0.03586406140390037,187,367,220,272,314,187
1776757201.1312332,20.0,36,-11,37.64306044943742,4.579447743240562,0.03586406140390037,187,367,220,272,314,187
1776757201.160684,20.0,36,-11,37.64306044943742,4.579447743240562,0.03586406140390037,187,367,220,272,314,187
1776757201.193279,20.0,36,-11,37.64306044943742,4.579447743240562,0.03586406140390037,187,367,220,272,314,187
1776757201.2235975,20.0,36,-11,37.64306044943742,4.579447743240562,0.03586406140390037,187,367,220,272,314,187
1776757201.2892063,20.0,36,-11,37.64306044943742,4.579447743240562,0.03586406140390037,187,367,220,272,314,187
1776757201.3206995,20.0,36,-11,37.64306044943742,4.579447743240562,0.03586406140390037,187,367,220,272,314,187
1776757201.354186,20.0,36,-11,37.64306044943742,4.579447743240562,0.03586406140390037,187,367,220,272,314,187
1776757201.3876143,20.0,36,-11,37.64306044943742,4.579447743240562,0.03586406140390037,187,367,220,272,314,187
1776757201.423803,20.0,36,-11,37.64306044943742,4.579447743240562,0.03586406140390037,187,367,220,272,314,187
1776757201.4684305,20.0,36,-11,37.64306044943742,4.579447743240562,0.03586406140390037,187,367,220,272,314,187
1776757201.4987535,20.0,36,-11,37.64306044943742,4.579447743240562,0.03586406140390037,187,367,220,272,314,187
1776757201.5144353,20.0,36,-11,37.64306044943742,4.579447743240562,0.03586406140390037,187,367,220,272,314,187
1776757201.5329907,20.0,36,-11,37.64306044943742,4.579447743240562,0.03586406140390037,187,367,220,272,314,187
1776757201.564133,20.0,36,-11,37.64306044943742,4.579447743240562,0.03586406140390037,187,367,220,272,314,187
1776757201.5933156,20.0,36,-11,37.64306044943742,4.579447743240562,0.03586406140390037,187,367,220,272,314,187
1776757201.625243,20.0,36,-11,37.64306044943742,4.579447743240562,0.03586406140390037,187,367,220,272,314,187
1776757201.691995,20.0,36,-11,37.64306044943742,4.579447743240562,0.03586406140390037,187,367,220,272,314,187
1776757201.724081,20.0,36,-11,37.64306044943742,4.579447743240562,0.03586406140390037,187,367,220,272,314,187
1776757201.753789,20.0,36,-11,37.64306044943742,4.579447743240562,0.03586406140390037,187,367,220,272,314,187
1776757201.7865193,20.0,36,-11,37.64306044943742,4.579447743240562,0.03586406140390037,187,367,220,272,314,187
1776757201.8198428,20.0,37,-11,38.600518131237564,4.695926779955908,0.036113147114284434,187,367,220,272,315,187
1776757201.866071,20.0,37,-11,38.600518131237564,4.695926779955908,0.036113147114284434,187,367,220,272,315,187
1776757201.900469,20.0,37,-11,38.600518131237564,4.695926779955908,0.036113147114284434,187,367,220,272,315,187
1776757201.914196,20.0,37,-11,38.600518131237564,4.695926779955908,0.036113147114284434,187,367,220,272,315,187
1776757201.930134,20.0,37,-11,38.600518131237564,4.695926779955908,0.036113147114284434,187,367,220,272,315,187
1776757201.961027,20.0,37,-11,38.600518131237564,4.695926779955908,0.03670451617587949,187,367,220,271,315,187
1776757201.9947083,20.0,37,-11,38.600518131237564,4.695926779955908,0.03670451617587949,187,367,220,271,315,187
1776757202.056756,20.0,37,-11,38.600518131237564,4.695926779955908,0.03670451617587949,187,367,220,271,315,187
1776757202.0871315,20.0,37,-11,38.600518131237564,4.695926779955908,0.03670451617587949,187,367,220,271,315,187
1776757202.1199117,20.0,37,-11,38.600518131237564,4.695926779955908,0.03670451617587949,187,367,220,271,315,187
1776757202.1553528,20.0,37,-11,38.600518131237564,4.695926779955908,0.03670451617587949,187,367,220,271,315,187
1776757202.185839,20.0,37,-11,38.600518131237564,4.695926779955908,0.03670451617587949,187,367,220,271,315,187
1776757202.2177749,20.0,37,-11,38.600518131237564,4.695926779955908,0.03670451617587949,187,367,220,271,315,187
1776757202.2663808,20.0,37,-11,38.600518131237564,4.695926779955908,0.03670451617587949,187,367,220,271,315,187
1776757202.2798939,20.0,37,-11,38.600518131237564,4.695926779955908,0.03670451617587949,187,367,220,271,315,187
1776757202.3012314,20.0,37,-11,38.600518131237564,4.695926779955908,0.03670451617587949,187,367,220,271,315,187
1776757202.3304818,20.0,37,-11,38.600518131237564,4.695926779955908,0.03670451617587949,187,367,220,271,315,187
1776757202.3597577,20.0,37,-11,38.600518131237564,4.695926779955908,0.03670451617587949,187,367,220,271,315,187
1776757202.3916354,20.0,37,-11,38.600518131237564,4.695926779955908,0.03670451617587949,187,367,220,271,315,187
1776757202.4254167,20.0,37,-11,38.600518131237564,4.695926779955908,0.03670451617587949,187,367,220,271,315,187
1776757202.492998,20.0,37,-11,38.600518131237564,4.695926779955908,0.03670451617587949,187,367,220,271,315,187
1776757202.5233474,20.0,37,-11,38.600518131237564,4.695926779955908,0.03670451617587949,187,367,220,271,315,187
1776757202.555641,20.0,37,-11,38.600518131237564,4.695926779955908,0.03670451617587949,187,367,220,271,315,187
1776757202.5890462,20.0,37,-11,38.600518131237564,4.695926779955908,0.03670451617587949,187,367,220,271,315,187
1776757202.6338835,20.0,37,-11,38.600518131237564,4.695926779955908,0.03670451617587949,187,367,220,271,315,187
1776757202.6685586,20.0,38,-11,39.56008088970496,4.812661908723231,0.03694309021085001,187,367,220,271,316,187
1776757202.6844964,20.0,38,-11,39.56008088970496,4.812661908723231,0.03694309021085001,187,367,220,271,316,187
1776757202.6993165,20.0,38,-11,39.56008088970496,4.812661908723231,0.03694309021085001,187,367,220,271,316,187
1776757202.7298555,20.0,38,-11,39.56008088970496,4.812661908723231,0.03694309021085001,187,367,220,271,316,187
1776757202.7612815,20.0,38,-11,39.56008088970496,4.812661908723231,0.03694309021085001,187,367,220,271,316,187
1776757202.79477,20.0,38,-11,39.56008088970496,4.812661908723231,0.03694309021085001,187,367,220,271,316,187
1776757202.8232496,20.0,38,-11,39.56008088970496,4.812661908723231,0.03694309021085001,187,367,220,271,316,187
1776757202.8907971,20.0,38,-11,39.56008088970496,4.812661908723231,0.03600693241730728,187,367,221,271,316,187
1776757202.9197192,20.0,38,-11,39.56008088970496,4.812661908723231,0.03600693241730728,187,367,221,271,316,187
1776757202.9524562,20.0,38,-11,39.56008088970496,4.812661908723231,0.03600693241730728,187,367,221,271,316,187
1776757202.9858596,20.0,38,-11,39.56008088970496,4.812661908723231,0.03600693241730728,187,367,221,271,316,187
1776757203.0333316,20.0,38,-11,39.56008088970496,4.812661908723231,0.03600693241730728,187,367,221,271,316,187
1776757203.0650723,20.0,38,-11,39.56008088970496,4.812661908723231,0.03600693241730728,187,367,221,271,316,187
1776757203.0786333,20.0,38,-11,39.56008088970496,4.812661908723231,0.03600693241730728,187,367,221,271,316,187
1776757203.0963902,20.0,38,-11,39.56008088970496,4.812661908723231,0.03600693241730728,187,367,221,271,316,187
1776757203.1293266,20.0,38,-11,39.56008088970496,4.812661908723231,0.03600693241730728,187,367,221,271,316,187
1776757203.1604624,20.0,38,-11,39.56008088970496,4.812661908723231,0.03600693241730728,187,367,221,271,316,187
1776757203.1926155,20.0,38,-11,39.56008088970496,4.812661908723231,0.03600693241730728,187,367,221,271,316,187
1776757203.2577784,20.0,38,-12,39.84971769034255,4.847897529238753,0.0354943851466976,187,367,221,271,316,186
1776757203.2887688,20.0,38,-12,39.84971769034255,4.847897529238753,0.0354943851466976,187,367,221,271,316,186
1776757203.3211892,20.0,38,-12,39.84971769034255,4.847897529238753,0.0360850320906945,187,367,221,270,316,186
1776757203.3524091,20.0,38,-12,39.84971769034255,4.847897529238753,0.0360850320906945,187,367,221,270,316,186
1776757203.3850298,20.0,38,-12,39.84971769034255,4.847897529238753,0.0360850320906945,187,367,221,270,316,186
1776757203.4331658,20.0,38,-12,39.84971769034255,4.847897529238753,0.0360850320906945,187,367,221,270,316,186
1776757203.4664397,20.0,38,-12,39.84971769034255,4.847897529238753,0.0360850320906945,187,367,221,270,316,186
1776757203.480543,20.0,38,-12,39.84971769034255,4.847897529238753,0.0360850320906945,187,367,221,270,316,186
1776757203.501572,20.0,38,-12,39.84971769034255,4.847897529238753,0.0360850320906945,187,367,221,270,316,186
1776757203.5317447,20.0,38,-12,39.84971769034255,4.847897529238753,0.0360850320906945,187,367,221,270,316,186
1776757203.5602832,20.0,38,-12,39.84971769034255,4.847897529238753,0.0360850320906945,187,367,221,270,316,186
1776757203.5921912,20.0,38,-12,39.84971769034255,4.847897529238753,0.0360850320906945,187,367,221,270,316,186
1776757203.625092,20.0,38,-12,39.84971769034255,4.847897529238753,0.0360850320906945,187,367,221,270,316,186
1776757203.691144,20.0,39,-12,40.80441152620633,4.964040331655271,0.03632472927220373,187,367,221,270,317,186
1776757203.7223518,20.0,39,-12,40.80441152620633,4.964040331655271,0.03632472927220373,187,367,221,270,317,186
1776757203.7544127,20.0,39,-12,40.80441152620633,4.964040331655271,0.03632472927220373,187,367,221,270,317,186
1776757203.800297,20.0,39,-12,40.80441152620633,4.964040331655271,0.03632472927220373,187,367,221,270,317,186
1776757203.8336427,20.0,39,-12,40.80441152620633,4.964040331655271,0.03632472927220373,187,367,221,270,317,186
1776757203.8478453,20.0,39,-12,40.80441152620633,4.964040331655271,0.03632472927220373,187,367,221,270,317,186
1776757203.8672466,20.0,39,-12,40.80441152620633,4.964040331655271,0.03632472927220373,187,367,221,270,317,186
1776757203.8971267,20.0,39,-12,40.80441152620633,4.964040331655271,0.03632472927220373,187,367,221,270,317,186
1776757203.9297984,20.0,39,-12,40.80441152620633,4.964040331655271,0.03632472927220373,187,367,221,270,317,186
1776757203.961463,20.0,39,-12,40.80441152620633,4.964040331655271,0.03632472927220373,187,367,221,270,317,186
1776757203.9931858,20.0,39,-12,40.80441152620633,4.964040331655271,0.03632472927220373,187,367,221,270,317,186
1776757204.025034,20.0,39,-12,40.80441152620633,4.964040331655271,0.03632472927220373,187,367,221,270,317,186
1776757204.0905986,20.0,39,-12,40.80441152620633,4.964040331655271,0.03632472927220373,187,367,221,270,317,186
1776757204.122512,20.0,39,-12,40.80441152620633,4.964040331655271,0.03632472927220373,187,367,221,270,317,186
1776757204.1557155,20.0,39,-12,40.80441152620633,4.964040331655271,0.03632472927220373,187,367,221,270,317,186
1776757204.200736,20.0,39,-12,40.80441152620633,4.964040331655271,0.03632472927220373,187,367,221,270,317,186
1776757204.235784,20.0,39,-12,40.80441152620633,4.964040331655271,0.03632472927220373,187,367,221,270,317,186
1776757204.2485914,20.0,39,-12,40.80441152620633,4.964040331655271,0.03632472927220373,187,367,221,270,317,186
1776757204.2729633,20.0,39,-12,40.80441152620633,4.964040331655271,0.03632472927220373,187,367,221,270,317,186
1776757204.297061,20.0,39,-12,40.80441152620633,4.964040331655271,0.03632472927220373,187,367,221,270,317,186
1776757204.3269913,20.0,39,-12,40.80441152620633,4.964040331655271,0.03632472927220373,187,367,221,270,317,186
1776757204.361608,20.0,39,-12,40.80441152620633,4.964040331655271,0.03632472927220373,187,367,221,270,317,186
1776757204.3915884,20.0,39,-12,40.80441152620633,4.964040331655271,0.03632472927220373,187,367,221,270,317,186
1776757204.4566917,20.0,39,-12,40.80441152620633,4.964040331655271,0.03632472927220373,187,367,221,270,317,186
1776757204.488968,20.0,39,-12,40.80441152620633,4.964040331655271,0.03632472927220373,187,367,221,270,317,186
1776757204.5205402,20.0,40,-12,41.7612260356422,5.080441123557446,0.0365578271378535,187,367,221,270,318,186
1776757204.553337,20.0,40,-12,41.7612260356422,5.080441123557446,0.0365578271378535,187,367,221,270,318,186
1776757204.6008568,20.0,40,-12,41.7612260356422,5.080441123557446,0.0365578271378535,187,367,221,270,318,186
1776757204.6363144,20.0,40,-12,41.7612260356422,5.080441123557446,0.0365578271378535,187,367,221,270,318,186
1776757204.6496933,20.0,40,-12,41.7612260356422,5.080441123557446,0.0365578271378535,187,367,221,270,318,186
1776757204.6664953,20.0,40,-12,41.7612260356422,5.080441123557446,0.0365578271378535,187,367,221,270,318,186
1776757204.6964073,20.0,40,-12,41.7612260356422,5.080441123557446,0.0365578271378535,187,367,221,270,318,186
1776757204.7287257,20.0,40,-12,41.7612260356422,5.080441123557446,0.0365578271378535,187,367,221,270,318,186
1776757204.7625759,20.0,40,-12,41.7612260356422,5.080441123557446,0.03564205996918481,187,367,222,270,318,186
1776757204.7927096,20.0,40,-12,41.7612260356422,5.080441123557446,0.03564205996918481,187,367,222,270,318,186
1776757204.8255918,20.0,40,-12,41.7612260356422,5.080441123557446,0.03564205996918481,187,367,222,270,318,186
1776757204.8926058,20.0,40,-12,41.7612260356422,5.080441123557446,0.03564205996918481,187,367,222,270,318,186
1776757204.9241147,20.0,40,-12,41.7612260356422,5.080441123557446,0.03564205996918481,187,367,222,270,318,186
1776757204.9699337,20.0,40,-12,41.7612260356422,5.080441123557446,0.03564205996918481,187,367,222,270,318,186
1776757205.0026026,20.0,40,-12,41.7612260356422,5.080441123557446,0.03564205996918481,187,367,222,270,318,186
1776757205.018394,20.0,40,-12,41.7612260356422,5.080441123557446,0.03564205996918481,187,367,222,270,318,186
1776757205.0330458,20.0,40,-12,41.7612260356422,5.080441123557446,0.03564205996918481,187,367,222,270,318,186
1776757205.0664632,20.0,40,-12,41.7612260356422,5.080441123557446,0.03564205996918481,187,367,222,270,318,186
1776757205.0951214,20.0,40,-12,41.7612260356422,5.080441123557446,0.036232227767999343,187,367,222,269,318,186
1776757205.1275268,20.0,40,-12,41.7612260356422,5.080441123557446,0.036232227767999343,187,367,222,269,318,186
1776757205.159684,20.0,40,-12,41.7612260356422,5.080441123557446,0.036232227767999343,187,367,222,269,318,186
1776757205.1920676,20.0,40,-12,41.7612260356422,5.080441123557446,0.036232227767999343,187,367,222,269,318,186
1776757205.2258003,20.0,40,-12,41.7612260356422,5.080441123557446,0.036232227767999343,187,367,222,269,318,186
1776757205.2897642,20.0,40,-12,41.7612260356422,5.080441123557446,0.036232227767999343,187,367,222,269,318,186
1776757205.321762,20.0,40,-12,41.7612260356422,5.080441123557446,0.036232227767999343,187,367,222,269,318,186
1776757205.3720164,20.0,40,-12,41.7612260356422,5.080441123557446,0.036232227767999343,187,367,222,269,318,186
1776757205.404394,20.0,40,-12,41.7612260356422,5.080441123557446,0.036232227767999343,187,367,222,269,318,186
1776757205.4204745,20.0,40,-12,41.7612260356422,5.080441123557446,0.036232227767999343,187,367,222,269,318,186
1776757205.4361846,20.0,40,-12,41.7612260356422,5.080441123557446,0.036232227767999343,187,367,222,269,318,186
1776757205.468306,20.0,40,-12,41.7612260356422,5.080441123557446,0.036232227767999343,187,367,222,269,318,186
1776757205.4981937,20.0,40,-12,41.7612260356422,5.080441123557446,0.036232227767999343,187,367,222,269,318,186
1776757205.5289266,20.0,40,-12,41.7612260356422,5.080441123557446,0.036232227767999343,187,367,222,269,318,186
1776757205.5604181,20.0,40,-12,41.7612260356422,5.080441123557446,0.036232227767999343,187,367,222,269,318,186
1776757205.592771,20.0,40,-12,41.7612260356422,5.080441123557446,0.036232227767999343,187,367,222,269,318,186
1776757205.6226785,20.0,40,-12,41.7612260356422,5.080441123557446,0.036232227767999343,187,367,222,269,318,186
1776757205.6901793,20.0,41,-12,42.720018726587654,5.197082570144483,0.03646391102493629,187,367,222,269,319,186
1776757205.7404125,20.0,41,-12,42.720018726587654,5.197082570144483,0.03646391102493629,187,367,222,269,319,186
1776757205.7708447,20.0,41,-12,42.720018726587654,5.197082570144483,0.03646391102493629,187,367,222,269,319,186
1776757205.8030634,20.0,41,-12,42.720018726587654,5.197082570144483,0.03646391102493629,187,367,222,269,319,186
1776757205.8196678,20.0,41,-12,42.720018726587654,5.197082570144483,0.03646391102493629,187,367,222,269,319,186
1776757205.835332,20.0,41,-12,42.720018726587654,5.197082570144483,0.03646391102493629,187,367,222,269,319,186
1776757205.8668199,20.0,41,-12,42.720018726587654,5.197082570144483,0.03646391102493629,187,367,222,269,319,186
1776757205.8972685,20.0,41,-12,42.720018726587654,5.197082570144483,0.03646391102493629,187,367,222,269,319,186
1776757205.929375,20.0,41,-12,42.720018726587654,5.197082570144483,0.03646391102493629,187,367,222,269,319,186
1776757205.9608405,20.0,41,-12,42.720018726587654,5.197082570144483,0.03646391102493629,187,367,222,269,319,186
1776757205.9930398,20.0,41,-12,42.720018726587654,5.197082570144483,0.03646391102493629,187,367,222,269,319,186
1776757206.0246396,20.0,41,-12,42.720018726587654,5.197082570144483,0.03646391102493629,187,367,222,269,319,186
1776757206.0914364,20.0,41,-12,42.720018726587654,5.197082570144483,0.03646391102493629,187,367,222,269,319,186
1776757206.1235552,20.0,41,-12,42.720018726587654,5.197082570144483,0.03646391102493629,187,367,222,269,319,186
1776757206.168817,20.0,41,-12,42.720018726587654,5.197082570144483,0.03646391102493629,187,367,222,269,319,186
1776757206.2041938,20.0,41,-12,42.720018726587654,5.197082570144483,0.03646391102493629,187,367,222,269,319,186
1776757206.220946,20.0,41,-12,42.720018726587654,5.197082570144483,0.03646391102493629,187,367,222,269,319,186
1776757206.234875,20.0,41,-12,42.720018726587654,5.197082570144483,0.03646391102493629,187,367,222,269,319,186
1776757206.2666144,20.0,41,-12,42.720018726587654,5.197082570144483,0.03646391102493629,187,367,222,269,319,186
1776757206.2979062,20.0,41,-12,42.720018726587654,5.197082570144483,0.03646391102493629,187,367,222,269,319,186
1776757206.3309758,20.0,41,-12,42.720018726587654,5.197082570144483,0.03646391102493629,187,367,222,269,319,186
1776757206.3598897,20.0,41,-12,42.720018726587654,5.197082570144483,0.03646391102493629,187,367,222,269,319,186
1776757206.3929844,20.0,41,-12,42.720018726587654,5.197082570144483,0.03646391102493629,187,367,222,269,319,186
1776757206.455291,20.0,41,-12,42.720018726587654,5.197082570144483,0.03646391102493629,187,367,222,269,319,186
1776757206.4885437,20.0,41,-12,42.720018726587654,5.197082570144483,0.03646391102493629,187,367,222,269,319,186
1776757206.5369308,20.0,41,-12,42.720018726587654,5.197082570144483,0.03646391102493629,187,367,222,269,319,186
1776757206.5741408,20.0,41,-12,42.720018726587654,5.197082570144483,0.03646391102493629,187,367,222,269,319,186
1776757206.590289,20.0,41,-12,42.720018726587654,5.197082570144483,0.03646391102493629,187,367,222,269,319,186
1776757206.6048248,20.0,41,-12,42.720018726587654,5.197082570144483,0.03646391102493629,187,367,222,269,319,186
1776757206.63376,20.0,41,-12,42.720018726587654,5.197082570144483,0.03646391102493629,187,367,222,269,319,186
1776757206.6666143,20.0,42,-12,43.68065933568311,5.313948824292349,0.03668911190442653,187,367,222,269,320,186
1776757206.6979978,20.0,42,-12,43.68065933568311,5.313948824292349,0.03668911190442653,187,367,222,269,320,186
1776757206.7284064,20.0,42,-12,43.68065933568311,5.313948824292349,0.03668911190442653,187,367,222,269,320,186
1776757206.7599535,20.0,42,-12,43.68065933568311,5.313948824292349,0.03668911190442653,187,367,222,269,320,186
1776757206.794337,20.0,42,-12,43.68065933568311,5.313948824292349,0.03668911190442653,187,367,222,269,320,186
1776757206.8596153,20.0,42,-12,43.68065933568311,5.313948824292349,0.03668911190442653,187,367,222,269,320,186
1776757206.8911338,20.0,42,-12,43.68065933568311,5.313948824292349,0.03668911190442653,187,367,222,269,320,186
1776757206.9386022,20.0,42,-12,43.68065933568311,5.313948824292349,0.03668911190442653,187,367,222,269,320,186
1776757206.9703443,20.0,42,-12,43.68065933568311,5.313948824292349,0.03668911190442653,187,367,222,269,320,186
1776757206.9855917,20.0,42,-12,43.68065933568311,5.313948824292349,0.03668911190442653,187,367,222,269,320,186
1776757207.0238876,20.0,42,-12,43.68065933568311,5.313948824292349,0.03668911190442653,187,367,222,269,320,186
1776757207.0440662,20.0,42,-12,43.68065933568311,5.313948824292349,0.03668911190442653,187,367,222,269,320,186
1776757207.067881,20.0,42,-12,43.68065933568311,5.313948824292349,0.03668911190442653,187,367,222,269,320,186
1776757207.100353,20.0,42,-12,43.68065933568311,5.313948824292349,0.03668911190442653,187,367,222,269,320,186
1776757207.1331153,20.0,42,-12,43.68065933568311,5.313948824292349,0.03668911190442653,187,367,222,269,320,186
1776757207.1623554,20.0,42,-12,43.68065933568311,5.313948824292349,0.03668911190442653,187,367,222,269,320,186
1776757207.1905653,20.0,42,-12,43.68065933568311,5.313948824292349,0.03668911190442653,187,367,222,269,320,186
1776757207.2565346,20.0,42,-12,43.68065933568311,5.313948824292349,0.03668911190442653,187,367,222,269,320,186
1776757207.2884367,20.0,42,-12,43.68065933568311,5.313948824292349,0.03668911190442653,187,367,222,269,320,186
1776757207.3380635,20.0,42,-12,43.68065933568311,5.313948824292349,0.03668911190442653,187,367,222,269,320,186
1776757207.3689468,20.0,42,-12,43.68065933568311,5.313948824292349,0.03668911190442653,187,367,222,269,320,186
1776757207.3846247,20.0,42,-12,43.68065933568311,5.313948824292349,0.03668911190442653,187,367,222,269,320,186
1776757207.4030488,20.0,42,-12,43.68065933568311,5.313948824292349,0.03668911190442653,187,367,222,269,320,186
1776757207.4335291,20.0,42,-12,43.68065933568311,5.313948824292349,0.03668911190442653,187,367,222,269,320,186
1776757207.4642498,20.0,42,-12,43.68065933568311,5.313948824292349,0.03668911190442653,187,367,222,269,320,186
1776757207.4983542,20.0,42,-12,43.68065933568311,5.313948824292349,0.03668911190442653,187,367,222,269,320,186
1776757207.5279052,20.0,42,-12,43.68065933568311,5.313948824292349,0.03668911190442653,187,367,222,269,320,186
1776757207.5600152,20.0,42,-12,43.68065933568311,5.313948824292349,0.03668911190442653,187,367,222,269,320,186
1776757207.5939288,20.0,42,-12,43.68065933568311,5.313948824292349,0.03668911190442653,187,367,222,269,320,186
1776757207.623753,20.0,42,-12,43.68065933568311,5.313948824292349,0.03668911190442653,187,367,222,269,320,186
1776757207.7082696,20.0,42,-12,43.68065933568311,5.313948824292349,0.037268644361086456,187,367,222,268,320,186
1776757207.7431111,20.0,42,-12,43.68065933568311,5.313948824292349,0.03638294214520245,187,367,223,268,320,186
1776757207.7595868,20.0,42,-12,43.68065933568311,5.313948824292349,0.03638294214520245,187,367,223,268,320,186
1776757207.7746754,20.0,42,-12,43.68065933568311,5.313948824292349,0.03638294214520245,187,367,223,268,320,186
1776757207.79883,20.0,42,-12,43.68065933568311,5.313948824292349,0.03638294214520245,187,367,223,268,320,186
1776757207.8332026,20.0,42,-12,43.68065933568311,5.313948824292349,0.03638294214520245,187,367,223,268,320,186
1776757207.8670864,20.0,42,-12,43.68065933568311,5.313948824292349,0.03638294214520245,187,367,223,268,320,186
1776757207.901113,20.0,42,-12,43.68065933568311,5.313948824292349,0.03638294214520245,187,367,223,268,320,186
1776757207.9309235,20.0,42,-12,43.68065933568311,5.313948824292349,0.03638294214520245,187,367,223,268,320,186
1776757207.9632773,20.0,43,-12,44.64302857109943,5.4310253736130685,0.03660661055786365,187,367,223,268,321,186
1776757207.9946766,20.0,43,-12,44.64302857109943,5.4310253736130685,0.03660661055786365,187,367,223,268,321,186
1776757208.023656,20.0,43,-12,44.64302857109943,5.4310253736130685,0.03660661055786365,187,367,223,268,321,186
1776757208.1060894,20.0,43,-12,44.64302857109943,5.4310253736130685,0.03660661055786365,187,367,223,268,321,186
1776757208.1394975,20.0,43,-12,44.64302857109943,5.4310253736130685,0.03660661055786365,187,367,223,268,321,186
1776757208.1583767,20.0,43,-12,44.64302857109943,5.4310253736130685,0.03660661055786365,187,367,223,268,321,186
1776757208.1722498,20.0,43,-12,44.64302857109943,5.4310253736130685,0.03660661055786365,187,367,223,268,321,186
1776757208.20156,20.0,43,-12,44.64302857109943,5.4310253736130685,0.03660661055786365,187,367,223,268,321,186
1776757208.23512,20.0,43,-12,44.64302857109943,5.4310253736130685,0.03660661055786365,187,367,223,268,321,186
1776757208.2678382,20.0,43,-12,44.64302857109943,5.4310253736130685,0.03660661055786365,187,367,223,268,321,186
1776757208.298833,20.0,43,-12,44.64302857109943,5.4310253736130685,0.03660661055786365,187,367,223,268,321,186
1776757208.3302643,20.0,43,-12,44.64302857109943,5.4310253736130685,0.03660661055786365,187,367,223,268,321,186
1776757208.3611753,20.0,43,-12,44.64302857109943,5.4310253736130685,0.03660661055786365,187,367,223,268,321,186
1776757208.3938975,20.0,43,-12,44.64302857109943,5.4310253736130685,0.03660661055786365,187,367,223,268,321,186
1776757208.4647348,20.0,43,-12,44.64302857109943,5.4310253736130685,0.03660661055786365,187,367,223,268,321,186
1776757208.5054028,20.0,43,-12,44.64302857109943,5.4310253736130685,0.03660661055786365,187,367,223,268,321,186
1776757208.5437388,20.0,43,-12,44.64302857109943,5.4310253736130685,0.03660661055786365,187,367,223,268,321,186
1776757208.5597296,20.0,43,-12,44.64302857109943,5.4310253736130685,0.03660661055786365,187,367,223,268,321,186
1776757208.5772986,20.0,43,-12,44.64302857109943,5.4310253736130685,0.03660661055786365,187,367,223,268,321,186
1776757208.6011415,20.0,43,-12,44.64302857109943,5.4310253736130685,0.03660661055786365,187,367,223,268,321,186
1776757208.633547,20.0,43,-13,44.9221548904324,5.464982346767932,0.03609982389609983,187,367,223,268,321,185
1776757208.667552,20.0,43,-13,44.9221548904324,5.464982346767932,0.03609982389609983,187,367,223,268,321,185
1776757208.6998186,20.0,43,-13,44.9221548904324,5.464982346767932,0.03609982389609983,187,367,223,268,321,185
1776757208.730847,20.0,43,-13,44.9221548904324,5.464982346767932,0.03609982389609983,187,367,223,268,321,185
1776757208.7626143,20.0,43,-13,44.9221548904324,5.464982346767932,0.03609982389609983,187,367,223,268,321,185
1776757208.79254,20.0,43,-13,44.9221548904324,5.464982346767932,0.03609982389609983,187,367,223,268,321,185
1776757208.8234336,20.0,43,-13,44.9221548904324,5.464982346767932,0.03609982389609983,187,367,223,268,321,185
1776757208.9062335,20.0,43,-13,44.9221548904324,5.464982346767932,0.03609982389609983,187,367,223,268,321,185
1776757208.919017,20.0,43,-13,44.9221548904324,5.464982346767932,0.03609982389609983,187,367,223,268,321,185
1776757208.937225,20.0,43,-13,44.9221548904324,5.464982346767932,0.03609982389609983,187,367,223,268,321,185
1776757208.9680693,20.0,43,-13,44.9221548904324,5.464982346767932,0.03609982389609983,187,367,223,268,321,185
1776757209.000996,20.0,43,-13,44.9221548904324,5.464982346767932,0.03609982389609983,187,367,223,268,321,185
1776757209.0328999,20.0,43,-13,44.9221548904324,5.464982346767932,0.03609982389609983,187,367,223,268,321,185
1776757209.0652435,20.0,43,-13,44.9221548904324,5.464982346767932,0.03609982389609983,187,367,223,268,321,185
1776757209.0994506,20.0,44,-13,45.880278987817846,5.58154245593891,0.03631978304629977,187,367,223,268,322,185
1776757209.1320748,20.0,44,-13,45.880278987817846,5.58154245593891,0.03631978304629977,187,367,223,268,322,185
1776757209.1614811,20.0,44,-13,45.880278987817846,5.58154245593891,0.03631978304629977,187,367,223,268,322,185
1776757209.1932995,20.0,44,-13,45.880278987817846,5.58154245593891,0.03631978304629977,187,367,223,268,322,185
1776757209.2744784,20.0,44,-13,45.880278987817846,5.58154245593891,0.03631978304629977,187,367,223,268,322,185
1776757209.3095973,20.0,44,-13,45.880278987817846,5.58154245593891,0.03631978304629977,187,367,223,268,322,185
1776757209.326106,20.0,44,-13,45.880278987817846,5.58154245593891,0.03631978304629977,187,367,223,268,322,185
1776757209.3414474,20.0,44,-13,45.880278987817846,5.58154245593891,0.03631978304629977,187,367,223,268,322,185
1776757209.3686206,20.0,44,-13,45.880278987817846,5.58154245593891,0.03631978304629977,187,367,223,268,322,185
1776757209.400992,20.0,44,-13,45.880278987817846,5.58154245593891,0.03631978304629977,187,367,223,268,322,185
1776757209.4333556,20.0,44,-13,45.880278987817846,5.58154245593891,0.03631978304629977,187,367,223,268,322,185
1776757209.4664054,20.0,44,-13,45.880278987817846,5.58154245593891,0.03631978304629977,187,367,223,268,322,185
1776757209.496679,20.0,44,-13,45.880278987817846,5.58154245593891,0.03631978304629977,187,367,223,268,322,185
1776757209.5300107,20.0,44,-13,45.880278987817846,5.58154245593891,0.03631978304629977,187,367,223,268,322,185
1776757209.5602221,20.0,44,-13,45.880278987817846,5.58154245593891,0.03631978304629977,187,367,223,268,322,185
1776757209.5940425,20.0,44,-13,45.880278987817846,5.58154245593891,0.03631978304629977,187,367,223,268,322,185
1776757209.6243553,20.0,44,-13,45.880278987817846,5.58154245593891,0.03631978304629977,187,367,223,268,322,185
1776757209.7056332,20.0,44,-13,45.880278987817846,5.58154245593891,0.03544364923207133,187,367,224,268,322,185
1776757209.7190108,20.0,44,-13,45.880278987817846,5.58154245593891,0.03544364923207133,187,367,224,268,322,185
1776757209.7370641,20.0,44,-13,45.880278987817846,5.58154245593891,0.03544364923207133,187,367,224,268,322,185
1776757209.7685678,20.0,44,-13,45.880278987817846,5.58154245593891,0.03544364923207133,187,367,224,268,322,185
1776757209.8020194,20.0,44,-13,45.880278987817846,5.58154245593891,0.03544364923207133,187,367,224,268,322,185
1776757209.8387852,20.0,44,-13,45.880278987817846,5.58154245593891,0.03544364923207133,187,367,224,268,322,185
1776757209.8646884,20.0,44,-13,45.880278987817846,5.58154245593891,0.03544364923207133,187,367,224,268,322,185
1776757209.9003148,20.0,44,-13,45.880278987817846,5.58154245593891,0.03544364923207133,187,367,224,268,322,185
1776757209.931515,20.0,44,-13,45.880278987817846,5.58154245593891,0.03544364923207133,187,367,224,268,322,185
1776757209.960882,20.0,44,-13,45.880278987817846,5.58154245593891,0.03544364923207133,187,367,224,268,322,185
1776757209.9931345,20.0,44,-13,45.880278987817846,5.58154245593891,0.03544364923207133,187,367,224,268,322,185
1776757210.0262072,20.0,44,-13,45.880278987817846,5.58154245593891,0.03544364923207133,187,367,224,268,322,185
1776757210.1078029,20.0,44,-13,45.880278987817846,5.58154245593891,0.03544364923207133,187,367,224,268,322,185
1776757210.1273422,20.0,44,-13,45.880278987817846,5.58154245593891,0.03544364923207133,187,367,224,268,322,185
1776757210.1491148,20.0,44,-13,45.880278987817846,5.58154245593891,0.03544364923207133,187,367,224,268,322,185
1776757210.1698468,20.0,44,-13,45.880278987817846,5.58154245593891,0.03544364923207133,187,367,224,268,322,185
1776757210.2000663,20.0,44,-13,45.880278987817846,5.58154245593891,0.03544364923207133,187,367,224,268,322,185
1776757210.233596,20.0,44,-13,45.880278987817846,5.58154245593891,0.03544364923207133,187,367,224,268,322,185
1776757210.2658117,20.0,44,-13,45.880278987817846,5.58154245593891,0.03602800235027727,187,367,224,267,322,185
1776757210.299905,20.0,44,-13,45.880278987817846,5.58154245593891,0.03602800235027727,187,367,224,267,322,185
1776757210.332232,20.0,44,-13,45.880278987817846,5.58154245593891,0.03602800235027727,187,367,224,267,322,185
1776757210.363588,20.0,44,-13,45.880278987817846,5.58154245593891,0.03602800235027727,187,367,224,267,322,185
1776757210.393272,20.0,44,-13,45.880278987817846,5.58154245593891,0.03602800235027727,187,367,224,267,322,185
1776757210.4795067,20.0,44,-13,45.880278987817846,5.58154245593891,0.03602800235027727,187,367,224,267,322,185
1776757210.4989839,20.0,44,-13,45.880278987817846,5.58154245593891,0.03602800235027727,187,367,224,267,322,185
1776757210.5133386,20.0,44,-13,45.880278987817846,5.58154245593891,0.03602800235027727,187,367,224,267,322,185
1776757210.5368755,20.0,44,-13,45.880278987817846,5.58154245593891,0.03602800235027727,187,367,224,267,322,185
1776757210.5682387,20.0,45,-13,46.84015371452148,5.698315537046408,0.036246388819536915,187,367,224,267,323,185
1776757210.6015995,20.0,45,-13,46.84015371452148,5.698315537046408,0.036246388819536915,187,367,224,267,323,185
1776757210.633527,20.0,45,-13,46.84015371452148,5.698315537046408,0.036246388819536915,187,367,224,267,323,185
1776757210.6655552,20.0,45,-13,46.84015371452148,5.698315537046408,0.036246388819536915,187,367,224,267,323,185
1776757210.6987717,20.0,45,-13,46.84015371452148,5.698315537046408,0.036246388819536915,187,367,224,267,323,185
1776757210.730782,20.0,45,-13,46.84015371452148,5.698315537046408,0.036246388819536915,187,367,224,267,323,185
1776757210.76034,20.0,45,-13,46.84015371452148,5.698315537046408,0.036246388819536915,187,367,224,267,323,185
1776757210.7930686,20.0,45,-13,46.84015371452148,5.698315537046408,0.036246388819536915,187,367,224,267,323,185
1776757210.87119,20.0,45,-13,46.84015371452148,5.698315537046408,0.036246388819536915,187,367,224,267,323,185
1776757210.8841994,20.0,45,-13,46.84015371452148,5.698315537046408,0.036246388819536915,187,367,224,267,323,185
1776757210.9038274,20.0,45,-13,46.84015371452148,5.698315537046408,0.036246388819536915,187,367,224,267,323,185
1776757210.936757,20.0,45,-13,46.84015371452148,5.698315537046408,0.036246388819536915,187,367,224,267,323,185
1776757210.9693673,20.0,45,-13,46.84015371452148,5.698315537046408,0.036246388819536915,187,367,224,267,323,185
1776757211.0008724,20.0,45,-13,46.84015371452148,5.698315537046408,0.036246388819536915,187,367,224,267,323,185
1776757211.0323684,20.0,45,-13,46.84015371452148,5.698315537046408,0.036246388819536915,187,367,224,267,323,185
1776757211.0661058,20.0,45,-13,46.84015371452148,5.698315537046408,0.036246388819536915,187,367,224,267,323,185
1776757211.0982275,20.0,45,-13,46.84015371452148,5.698315537046408,0.036246388819536915,187,367,224,267,323,185
1776757211.13131,20.0,45,-13,46.84015371452148,5.698315537046408,0.036246388819536915,187,367,224,267,323,185
1776757211.1616282,20.0,45,-13,46.84015371452148,5.698315537046408,0.036246388819536915,187,367,224,267,323,185
1776757211.1936066,20.0,45,-13,46.84015371452148,5.698315537046408,0.036246388819536915,187,367,224,267,323,185
1776757211.2771456,20.0,45,-13,46.84015371452148,5.698315537046408,0.036246388819536915,187,367,224,267,323,185
1776757211.2959883,20.0,45,-13,46.84015371452148,5.698315537046408,0.036246388819536915,187,367,224,267,323,185
1776757211.3125858,20.0,45,-13,46.84015371452148,5.698315537046408,0.036246388819536915,187,367,224,267,323,185
1776757211.3362174,20.0,45,-13,46.84015371452148,5.698315537046408,0.036246388819536915,187,367,224,267,323,185
1776757211.368319,20.0,45,-13,46.84015371452148,5.698315537046408,0.036246388819536915,187,367,224,267,323,185
1776757211.4086225,20.0,45,-13,46.84015371452148,5.698315537046408,0.036246388819536915,187,367,224,267,323,185
1776757211.4337497,20.0,45,-13,46.84015371452148,5.698315537046408,0.036246388819536915,187,367,224,267,323,185
1776757211.465882,20.0,46,-13,47.80167361086848,5.815288760446286,0.03645857427174008,187,367,224,267,324,185
1776757211.499594,20.0,46,-13,47.80167361086848,5.815288760446286,0.03645857427174008,187,367,224,267,324,185
1776757211.5301945,20.0,46,-13,47.80167361086848,5.815288760446286,0.03645857427174008,187,367,224,267,324,185
1776757211.5614858,20.0,46,-13,47.80167361086848,5.815288760446286,0.03645857427174008,187,367,224,267,324,185
1776757211.5934713,20.0,46,-13,47.80167361086848,5.815288760446286,0.03645857427174008,187,367,224,267,324,185
1776757211.6418383,20.0,46,-13,47.80167361086848,5.815288760446286,0.03645857427174008,187,367,224,267,324,185
1776757211.6732047,20.0,46,-13,47.80167361086848,5.815288760446286,0.03645857427174008,187,367,224,267,324,185
1776757211.7059777,20.0,46,-13,47.80167361086848,5.815288760446286,0.03645857427174008,187,367,224,267,324,185
1776757211.73682,20.0,46,-13,47.80167361086848,5.815288760446286,0.03645857427174008,187,367,224,267,324,185
1776757211.7693658,20.0,46,-13,47.80167361086848,5.815288760446286,0.03645857427174008,187,367,224,267,324,185
1776757211.8003542,20.0,46,-13,47.80167361086848,5.815288760446286,0.03645857427174008,187,367,224,267,324,185
1776757211.834186,20.0,46,-13,47.80167361086848,5.815288760446286,0.03645857427174008,187,367,224,267,324,185
1776757211.8664577,20.0,46,-13,47.80167361086848,5.815288760446286,0.03645857427174008,187,367,224,267,324,185
1776757211.9007282,20.0,46,-13,47.80167361086848,5.815288760446286,0.03645857427174008,187,367,224,267,324,185
1776757211.9333265,20.0,46,-13,47.80167361086848,5.815288760446286,0.03645857427174008,187,367,224,267,324,185
1776757211.9614954,20.0,46,-13,47.80167361086848,5.815288760446286,0.03645857427174008,187,367,224,267,324,185
1776757212.0076942,20.0,46,-13,47.80167361086848,5.815288760446286,0.03645857427174008,187,367,224,267,324,185
1776757212.0408692,20.0,46,-13,47.80167361086848,5.815288760446286,0.03645857427174008,187,367,224,267,324,185
1776757212.0708723,20.0,46,-13,47.80167361086848,5.815288760446286,0.03645857427174008,187,367,224,267,324,185
1776757212.1046538,20.0,46,-13,47.80167361086848,5.815288760446286,0.03645857427174008,187,367,224,267,324,185
1776757212.1356094,20.0,46,-13,47.80167361086848,5.815288760446286,0.03645857427174008,187,367,224,267,324,185
1776757212.1679127,20.0,46,-13,47.80167361086848,5.815288760446286,0.03645857427174008,187,367,224,267,324,185
1776757212.199025,20.0,46,-13,47.80167361086848,5.815288760446286,0.03645857427174008,187,367,224,267,324,185
1776757212.2322657,20.0,46,-13,47.80167361086848,5.815288760446286,0.03645857427174008,187,367,224,267,324,185
1776757212.266553,20.0,46,-13,47.80167361086848,5.815288760446286,0.03645857427174008,187,367,224,267,324,185
1776757212.2979298,20.0,46,-13,47.80167361086848,5.815288760446286,0.03645857427174008,187,367,224,267,324,185
1776757212.3311157,20.0,46,-13,47.80167361086848,5.815288760446286,0.03645857427174008,187,367,224,267,324,185
1776757212.362305,20.0,46,-13,47.80167361086848,5.815288760446286,0.03645857427174008,187,367,224,267,324,185
1776757212.4082212,20.0,46,-13,47.80167361086848,5.815288760446286,0.03645857427174008,187,367,224,267,324,185
1776757212.4410172,20.0,46,-13,47.80167361086848,5.815288760446286,0.037032180155237536,187,367,224,266,324,185
1776757212.471926,20.0,46,-13,47.80167361086848,5.815288760446286,0.037032180155237536,187,367,224,266,324,185
1776757212.506105,20.0,46,-13,47.80167361086848,5.815288760446286,0.037032180155237536,187,367,224,266,324,185
1776757212.5351703,20.0,46,-13,47.80167361086848,5.815288760446286,0.037032180155237536,187,367,224,266,324,185
1776757212.5674894,20.0,46,-13,47.80167361086848,5.815288760446286,0.037032180155237536,187,367,224,266,324,185
1776757212.6037283,20.0,46,-13,47.80167361086848,5.815288760446286,0.037032180155237536,187,367,224,266,324,185
1776757212.6335075,20.0,46,-13,47.80167361086848,5.815288760446286,0.037032180155237536,187,367,224,266,324,185
1776757212.6644664,20.0,46,-13,47.80167361086848,5.815288760446286,0.037032180155237536,187,367,224,266,324,185
1776757212.698394,20.0,46,-13,47.80167361086848,5.815288760446286,0.037032180155237536,187,367,224,266,324,185
1776757212.7290049,20.0,46,-13,47.80167361086848,5.815288760446286,0.037032180155237536,187,367,224,266,324,185
1776757212.7628603,20.0,46,-13,47.80167361086848,5.815288760446286,0.037032180155237536,187,367,224,266,324,185
1776757212.8075178,20.0,46,-13,47.80167361086848,5.815288760446286,0.037032180155237536,187,367,224,266,324,185
1776757212.8414288,20.0,46,-13,47.80167361086848,5.815288760446286,0.037032180155237536,187,367,224,266,324,185
1776757212.87299,20.0,46,-13,47.80167361086848,5.815288760446286,0.037032180155237536,187,367,224,266,324,185
1776757212.9036322,20.0,46,-13,47.80167361086848,5.815288760446286,0.037032180155237536,187,367,224,266,324,185
1776757212.9378185,20.0,46,-13,47.80167361086848,5.815288760446286,0.037032180155237536,187,367,224,266,324,185
1776757212.9682035,20.0,46,-13,47.80167361086848,5.815288760446286,0.037032180155237536,187,367,224,266,324,185
1776757213.0011268,20.0,46,-13,47.80167361086848,5.815288760446286,0.037032180155237536,187,367,224,266,324,185
1776757213.0299919,20.0,46,-13,47.80167361086848,5.815288760446286,0.037032180155237536,187,367,224,266,324,185
1776757213.0642934,20.0,46,-13,47.80167361086848,5.815288760446286,0.037032180155237536,187,367,224,266,324,185
1776757213.0974038,20.0,46,-13,47.80167361086848,5.815288760446286,0.037032180155237536,187,367,224,266,324,185
1776757213.129195,20.0,46,-13,47.80167361086848,5.815288760446286,0.037032180155237536,187,367,224,266,324,185
1776757213.1760886,20.0,46,-13,47.80167361086848,5.815288760446286,0.037032180155237536,187,367,224,266,324,185
1776757213.2088575,20.0,46,-13,47.80167361086848,5.815288760446286,0.037032180155237536,187,367,224,266,324,185
1776757213.2410479,20.0,46,-13,47.80167361086848,5.815288760446286,0.037032180155237536,187,367,224,266,324,185
1776757213.2736697,20.0,46,-13,47.80167361086848,5.815288760446286,0.037032180155237536,187,367,224,266,324,185
1776757213.3087118,20.0,46,-13,47.80167361086848,5.815288760446286,0.0361849796382972,187,367,225,266,324,185
1776757213.3358498,20.0,47,-13,48.76474136094644,5.932450287219761,0.03639548572282573,187,367,225,266,325,185
1776757213.369348,20.0,47,-13,48.76474136094644,5.932450287219761,0.03639548572282573,187,367,225,266,325,185
1776757213.400356,20.0,47,-13,48.76474136094644,5.932450287219761,0.03639548572282573,187,367,225,266,325,185
1776757213.4323688,20.0,47,-13,48.76474136094644,5.932450287219761,0.03639548572282573,187,367,225,266,325,185
1776757213.4654806,20.0,47,-13,48.76474136094644,5.932450287219761,0.03639548572282573,187,367,225,266,325,185
1776757213.4984307,20.0,47,-13,48.76474136094644,5.932450287219761,0.03639548572282573,187,367,225,266,325,185
1776757213.5304878,20.0,47,-13,48.76474136094644,5.932450287219761,0.03639548572282573,187,367,225,266,325,185
1776757213.5763257,20.0,47,-13,48.76474136094644,5.932450287219761,0.03639548572282573,187,367,225,266,325,185
1776757213.6086617,20.0,47,-13,48.76474136094644,5.932450287219761,0.03639548572282573,187,367,225,266,325,185
1776757213.642526,20.0,47,-13,48.76474136094644,5.932450287219761,0.03639548572282573,187,367,225,266,325,185
1776757213.6727548,20.0,47,-13,48.76474136094644,5.932450287219761,0.03639548572282573,187,367,225,266,325,185
1776757213.7054946,20.0,47,-13,48.76474136094644,5.932450287219761,0.03639548572282573,187,367,225,266,325,185
1776757213.7370017,20.0,47,-13,48.76474136094644,5.932450287219761,0.03639548572282573,187,367,225,266,325,185
1776757213.768182,20.0,47,-13,48.76474136094644,5.932450287219761,0.03639548572282573,187,367,225,266,325,185
1776757213.7999697,20.0,47,-13,48.76474136094644,5.932450287219761,0.03639548572282573,187,367,225,266,325,185
1776757213.8333693,20.0,47,-13,48.76474136094644,5.932450287219761,0.03639548572282573,187,367,225,266,325,185
1776757213.8648193,20.0,47,-13,48.76474136094644,5.932450287219761,0.03639548572282573,187,367,225,266,325,185
1776757213.8980143,20.0,47,-13,48.76474136094644,5.932450287219761,0.03639548572282573,187,367,225,266,325,185
1776757213.9327426,20.0,47,-13,48.76474136094644,5.932450287219761,0.03639548572282573,187,367,225,266,325,185
1776757213.9763904,20.0,47,-13,48.76474136094644,5.932450287219761,0.03639548572282573,187,367,225,266,325,185
1776757214.0106583,20.0,47,-13,48.76474136094644,5.932450287219761,0.03639548572282573,187,367,225,266,325,185
1776757214.0419188,20.0,47,-13,48.76474136094644,5.932450287219761,0.03639548572282573,187,367,225,266,325,185
1776757214.072959,20.0,47,-13,48.76474136094644,5.932450287219761,0.03639548572282573,187,367,225,266,325,185
1776757214.1053302,20.0,47,-13,48.76474136094644,5.932450287219761,0.03639548572282573,187,367,225,266,325,185
1776757214.1373339,20.0,47,-13,48.76474136094644,5.932450287219761,0.03639548572282573,187,367,225,266,325,185
1776757214.1683433,20.0,47,-13,48.76474136094644,5.932450287219761,0.03639548572282573,187,367,225,266,325,185
1776757214.2052753,20.0,47,-13,48.76474136094644,5.932450287219761,0.03639548572282573,187,367,225,266,325,185
1776757214.2334766,20.0,47,-13,48.76474136094644,5.932450287219761,0.03639548572282573,187,367,225,266,325,185
1776757214.2646828,20.0,47,-13,48.76474136094644,5.932450287219761,0.03639548572282573,187,367,225,266,325,185
1776757214.3016486,20.0,47,-13,48.76474136094644,5.932450287219761,0.03639548572282573,187,367,225,266,325,185
1776757214.3480737,20.0,47,-13,48.76474136094644,5.932450287219761,0.03639548572282573,187,367,225,266,325,185
1776757214.380917,20.0,47,-13,48.76474136094644,5.932450287219761,0.03639548572282573,187,367,225,266,325,185
1776757214.40959,20.0,47,-13,48.76474136094644,5.932450287219761,0.03639548572282573,187,367,225,266,325,185
1776757214.4415264,20.0,47,-13,48.76474136094644,5.932450287219761,0.03639548572282573,187,367,225,266,325,185
1776757214.472565,20.0,47,-13,48.76474136094644,5.932450287219761,0.03639548572282573,187,367,225,266,325,185
1776757214.505726,20.0,47,-13,48.76474136094644,5.932450287219761,0.03639548572282573,187,367,225,266,325,185
1776757214.5372603,20.0,47,-13,48.76474136094644,5.932450287219761,0.03639548572282573,187,367,225,266,325,185
1776757214.5686789,20.0,47,-13,48.76474136094644,5.932450287219761,0.03639548572282573,187,367,225,266,325,185
1776757214.6013765,20.0,47,-13,48.76474136094644,5.932450287219761,0.03639548572282573,187,367,225,266,325,185
1776757214.632775,20.0,47,-13,48.76474136094644,5.932450287219761,0.03639548572282573,187,367,225,266,325,185
1776757214.665531,20.0,47,-13,48.76474136094644,5.932450287219761,0.03639548572282573,187,367,225,266,325,185
1776757214.6981132,20.0,47,-13,48.76474136094644,5.932450287219761,0.03639548572282573,187,367,225,266,325,185
1776757214.7440464,20.0,47,-13,48.76474136094644,5.932450287219761,0.03639548572282573,187,367,225,266,325,185
1776757214.7782125,20.0,47,-13,48.76474136094644,5.932450287219761,0.03639548572282573,187,367,225,266,325,185
1776757214.8081508,20.0,48,-13,49.72926703662542,6.049789177205039,0.03659991258081063,187,367,225,266,326,185
1776757214.8400805,20.0,48,-13,49.72926703662542,6.049789177205039,0.03659991258081063,187,367,225,266,326,185
1776757214.8737988,20.0,48,-13,49.72926703662542,6.049789177205039,0.03659991258081063,187,367,225,266,326,185
1776757214.9033124,20.0,48,-13,49.72926703662542,6.049789177205039,0.03659991258081063,187,367,225,266,326,185
1776757214.9358149,20.0,48,-13,49.72926703662542,6.049789177205039,0.03659991258081063,187,367,225,266,326,185
1776757214.96745,20.0,48,-13,49.72926703662542,6.049789177205039,0.03659991258081063,187,367,225,266,326,185
1776757214.9992743,20.0,48,-13,49.72926703662542,6.049789177205039,0.03659991258081063,187,367,225,266,326,185
1776757215.0305402,20.0,48,-13,49.72926703662542,6.049789177205039,0.03659991258081063,187,367,225,266,326,185
1776757215.0651364,20.0,48,-13,49.72926703662542,6.049789177205039,0.03659991258081063,187,367,225,266,326,185
1776757215.0977058,20.0,48,-13,49.72926703662542,6.049789177205039,0.03659991258081063,187,367,225,266,326,185
1776757215.144191,20.0,48,-13,49.72926703662542,6.049789177205039,0.03659991258081063,187,367,225,266,326,185
1776757215.1797795,20.0,48,-13,49.72926703662542,6.049789177205039,0.03659991258081063,187,367,225,266,326,185
1776757215.2093165,20.0,48,-13,49.72926703662542,6.049789177205039,0.03659991258081063,187,367,225,266,326,185
1776757215.238476,20.0,48,-13,49.72926703662542,6.049789177205039,0.03659991258081063,187,367,225,266,326,185
1776757215.2712386,20.0,48,-13,49.72926703662542,6.049789177205039,0.03659991258081063,187,367,225,266,326,185
1776757215.30404,20.0,48,-13,49.72926703662542,6.049789177205039,0.03659991258081063,187,367,225,266,326,185
1776757215.3356187,20.0,48,-13,49.72926703662542,6.049789177205039,0.03659991258081063,187,367,225,266,326,185
1776757215.3694072,20.0,48,-13,49.72926703662542,6.049789177205039,0.03659991258081063,187,367,225,266,326,185
1776757215.4078264,20.0,48,-13,49.72926703662542,6.049789177205039,0.03659991258081063,187,367,225,266,326,185
1776757215.4325883,20.0,48,-13,49.72926703662542,6.049789177205039,0.03659991258081063,187,367,225,266,326,185
1776757215.4642634,20.0,48,-13,49.72926703662542,6.049789177205039,0.03659991258081063,187,367,225,266,326,185
1776757215.4973493,20.0,48,-13,49.72926703662542,6.049789177205039,0.03659991258081063,187,367,225,266,326,185
1776757215.5453537,20.0,48,-13,49.72926703662542,6.049789177205039,0.03659991258081063,187,367,225,266,326,185
1776757215.5789988,20.0,48,-13,49.72926703662542,6.049789177205039,0.03659991258081063,187,367,225,266,326,185
1776757215.6100948,20.0,48,-13,49.72926703662542,6.049789177205039,0.03659991258081063,187,367,225,266,326,185
1776757215.6444025,20.0,48,-13,49.72926703662542,6.049789177205039,0.03659991258081063,187,367,225,266,326,185
1776757215.6753721,20.0,48,-13,49.72926703662542,6.049789177205039,0.03659991258081063,187,367,225,266,326,185
1776757215.7054193,20.0,48,-14,50.0,6.08272506082725,0.03610351604032689,187,367,225,266,326,184
1776757215.7386384,20.0,48,-14,50.0,6.08272506082725,0.03667212074132803,187,367,225,265,326,184
1776757215.7717512,20.0,48,-14,50.0,6.08272506082725,0.03667212074132803,187,367,225,265,326,184
1776757215.8017988,20.0,48,-14,50.0,6.08272506082725,0.03667212074132803,187,367,225,265,326,184
1776757215.833136,20.0,48,-14,50.0,6.08272506082725,0.03667212074132803,187,367,225,265,326,184
1776757215.8650603,20.0,48,-14,50.0,6.08272506082725,0.03667212074132803,187,367,225,265,326,184
1776757215.9121878,20.0,48,-14,50.0,6.08272506082725,0.03667212074132803,187,367,225,265,326,184
1776757215.949546,20.0,48,-14,50.0,6.08272506082725,0.03667212074132803,187,367,225,265,326,184
1776757215.9787433,20.0,48,-14,50.0,6.08272506082725,0.03667212074132803,187,367,225,265,326,184
1776757216.009034,20.0,48,-14,50.0,6.08272506082725,0.03667212074132803,187,367,225,265,326,184
1776757216.0426784,20.0,48,-14,50.0,6.08272506082725,0.03667212074132803,187,367,225,265,326,184
1776757216.0736732,20.0,48,-14,50.0,6.08272506082725,0.03667212074132803,187,367,225,265,326,184
1776757216.1052575,20.0,48,-14,50.0,6.08272506082725,0.03667212074132803,187,367,225,265,326,184
1776757216.137117,20.0,49,-14,50.96076922496363,6.199606961674407,0.03686947897119209,187,367,225,265,327,184
1776757216.1694703,20.0,49,-14,50.96076922496363,6.199606961674407,0.03686947897119209,187,367,225,265,327,184
1776757216.1998498,20.0,49,-14,50.96076922496363,6.199606961674407,0.03686947897119209,187,367,225,265,327,184
1776757216.2337291,20.0,49,-14,50.96076922496363,6.199606961674407,0.03686947897119209,187,367,225,265,327,184
1776757216.263977,20.0,49,-14,50.96076922496363,6.199606961674407,0.03686947897119209,187,367,225,265,327,184
1776757216.3113227,20.0,49,-14,50.96076922496363,6.199606961674407,0.03686947897119209,187,367,225,265,327,184
1776757216.3464642,20.0,49,-14,50.96076922496363,6.199606961674407,0.03686947897119209,187,367,225,265,327,184
1776757216.3791754,20.0,49,-14,50.96076922496363,6.199606961674407,0.03686947897119209,187,367,225,265,327,184
1776757216.4090238,20.0,49,-14,50.96076922496363,6.199606961674407,0.03686947897119209,187,367,225,265,327,184
1776757216.440999,20.0,49,-14,50.96076922496363,6.199606961674407,0.03686947897119209,187,367,225,265,327,184
1776757216.473562,20.0,49,-14,50.96076922496363,6.199606961674407,0.03686947897119209,187,367,225,265,327,184
1776757216.5054896,20.0,49,-14,50.96076922496363,6.199606961674407,0.03686947897119209,187,367,225,265,327,184
1776757216.5367763,20.0,49,-14,50.96076922496363,6.199606961674407,0.03686947897119209,187,367,225,265,327,184
1776757216.5686471,20.0,49,-14,50.96076922496363,6.199606961674407,0.03686947897119209,187,367,225,265,327,184
1776757216.6016037,20.0,49,-14,50.96076922496363,6.199606961674407,0.03686947897119209,187,367,225,265,327,184
1776757216.6315513,20.0,49,-14,50.96076922496363,6.199606961674407,0.03686947897119209,187,367,225,265,327,184
1776757216.6641204,20.0,49,-14,50.96076922496363,6.199606961674407,0.03686947897119209,187,367,225,265,327,184
1776757216.7132237,20.0,49,-14,50.96076922496363,6.199606961674407,0.03686947897119209,187,367,225,265,327,184
1776757216.747693,20.0,49,-14,50.96076922496363,6.199606961674407,0.03686947897119209,187,367,225,265,327,184
1776757216.7807984,20.0,49,-14,50.96076922496363,6.199606961674407,0.03686947897119209,187,367,225,265,327,184
1776757216.809391,20.0,49,-14,50.96076922496363,6.199606961674407,0.03686947897119209,187,367,225,265,327,184
1776757216.8416502,20.0,49,-14,50.96076922496363,6.199606961674407,0.03686947897119209,187,367,225,265,327,184
1776757216.8729408,20.0,49,-14,50.96076922496363,6.199606961674407,0.03686947897119209,187,367,225,265,327,184
1776757216.905593,20.0,49,-14,50.96076922496363,6.199606961674407,0.03686947897119209,187,367,225,265,327,184
1776757216.9367733,20.0,49,-14,50.96076922496363,6.199606961674407,0.03686947897119209,187,367,225,265,327,184
1776757216.9716556,20.0,49,-14,50.96076922496363,6.199606961674407,0.03686947897119209,187,367,225,265,327,184
1776757217.010144,20.0,49,-14,50.96076922496363,6.199606961674407,0.03686947897119209,187,367,225,265,327,184
1776757217.031823,20.0,49,-14,50.96076922496363,6.199606961674407,0.03686947897119209,187,367,225,265,327,184
1776757217.08127,20.0,49,-14,50.96076922496363,6.199606961674407,0.03686947897119209,187,367,225,265,327,184
1776757217.1138983,20.0,49,-14,50.96076922496363,6.199606961674407,0.03686947897119209,187,367,225,265,327,184
1776757217.147396,20.0,49,-14,50.96076922496363,6.199606961674407,0.03686947897119209,187,367,225,265,327,184
1776757217.1789494,20.0,49,-14,50.96076922496363,6.199606961674407,0.03686947897119209,187,367,225,265,327,184
1776757217.2103088,20.0,49,-14,50.96076922496363,6.199606961674407,0.03686947897119209,187,367,225,265,327,184
1776757217.2419376,20.0,49,-14,50.96076922496363,6.199606961674407,0.03686947897119209,187,367,225,265,327,184
1776757217.2719944,20.0,49,-14,50.96076922496363,6.199606961674407,0.03686947897119209,187,367,225,265,327,184
1776757217.3043387,20.0,50,-14,51.92301994298868,6.316669092821007,0.037061025858789946,187,367,225,265,328,184
1776757217.335945,20.0,50,-14,51.92301994298868,6.316669092821007,0.037061025858789946,187,367,225,265,328,184
1776757217.37034,20.0,50,-14,51.92301994298868,6.316669092821007,0.037061025858789946,187,367,225,265,328,184
1776757217.4018774,20.0,50,-14,51.92301994298868,6.316669092821007,0.037061025858789946,187,367,225,265,328,184
1776757217.4338188,20.0,50,-14,51.92301994298868,6.316669092821007,0.037061025858789946,187,367,225,265,328,184
1776757217.4785893,20.0,50,-14,51.92301994298868,6.316669092821007,0.037061025858789946,187,367,225,265,328,184
1776757217.5143132,20.0,50,-14,51.92301994298868,6.316669092821007,0.037061025858789946,187,367,225,265,328,184
1776757217.5473409,20.0,50,-14,51.92301994298868,6.316669092821007,0.037061025858789946,187,367,225,265,328,184
1776757217.5770888,20.0,50,-14,51.92301994298868,6.316669092821007,0.037061025858789946,187,367,225,265,328,184
1776757217.6084235,20.0,50,-14,51.92301994298868,6.316669092821007,0.037061025858789946,187,367,225,265,328,184
1776757217.6397045,20.0,50,-14,51.92301994298868,6.316669092821007,0.037061025858789946,187,367,225,265,328,184
1776757217.6728466,20.0,50,-14,51.92301994298868,6.316669092821007,0.037061025858789946,187,367,225,265,328,184
1776757217.7048507,20.0,50,-14,51.92301994298868,6.316669092821007,0.037061025858789946,187,367,225,265,328,184
1776757217.7369595,20.0,50,-14,51.92301994298868,6.316669092821007,0.037061025858789946,187,367,225,265,328,184
1776757217.7672822,20.0,50,-14,51.92301994298868,6.316669092821007,0.037061025858789946,187,367,225,265,328,184
1776757217.7997355,20.0,50,-14,51.92301994298868,6.316669092821007,0.037061025858789946,187,367,225,265,328,184
1776757217.8332677,20.0,50,-14,51.92301994298868,6.316669092821007,0.037061025858789946,187,367,225,265,328,184
1776757217.8808148,20.0,50,-14,51.92301994298868,6.316669092821007,0.037061025858789946,187,367,225,265,328,184
1776757217.9145215,20.0,50,-14,51.92301994298868,6.316669092821007,0.037061025858789946,187,367,225,265,328,184
1776757217.9464405,20.0,50,-14,51.92301994298868,6.316669092821007,0.037061025858789946,187,367,225,265,328,184
1776757217.979545,20.0,50,-14,51.92301994298868,6.316669092821007,0.037061025858789946,187,367,225,265,328,184
1776757218.010378,20.0,50,-14,51.92301994298868,6.316669092821007,0.037061025858789946,187,367,225,265,328,184
1776757218.040672,20.0,50,-14,51.92301994298868,6.316669092821007,0.037061025858789946,187,367,225,265,328,184
1776757218.0739083,20.0,50,-14,51.92301994298868,6.316669092821007,0.037061025858789946,187,367,225,265,328,184
1776757218.103324,20.0,50,-14,51.92301994298868,6.316669092821007,0.037061025858789946,187,367,225,265,328,184
1776757218.1358354,20.0,50,-14,51.92301994298868,6.316669092821007,0.037061025858789946,187,367,225,265,328,184
1776757218.1700282,20.0,50,-14,51.92301994298868,6.316669092821007,0.037061025858789946,187,367,225,265,328,184
1776757218.2069812,20.0,50,-14,51.92301994298868,6.316669092821007,0.037061025858789946,187,367,225,265,328,184
1776757218.231777,20.0,50,-14,51.92301994298868,6.316669092821007,0.037061025858789946,187,367,225,265,328,184
1776757218.2799067,20.0,50,-14,51.92301994298868,6.316669092821007,0.037061025858789946,187,367,225,265,328,184
1776757218.3138306,20.0,50,-14,51.92301994298868,6.316669092821007,0.037061025858789946,187,367,225,265,328,184
1776757218.3463824,20.0,50,-14,51.92301994298868,6.316669092821007,0.037061025858789946,187,367,225,265,328,184
1776757218.3796859,20.0,50,-14,51.92301994298868,6.316669092821007,0.037061025858789946,187,367,225,265,328,184
1776757218.4115722,20.0,50,-14,51.92301994298868,6.316669092821007,0.037061025858789946,187,367,225,265,328,184
1776757218.4418023,20.0,50,-14,51.92301994298868,6.316669092821007,0.037061025858789946,187,367,225,265,328,184
1776757218.473213,20.0,50,-14,51.92301994298868,6.316669092821007,0.037061025858789946,187,367,225,265,328,184
1776757218.50491,20.0,50,-14,51.92301994298868,6.316669092821007,0.037061025858789946,187,367,225,265,328,184
1776757218.5371485,20.0,50,-14,51.92301994298868,6.316669092821007,0.037061025858789946,187,367,225,265,328,184
1776757218.5693436,20.0,50,-14,51.92301994298868,6.316669092821007,0.037061025858789946,187,367,225,265,328,184
1776757218.6015925,20.0,50,-14,51.92301994298868,6.316669092821007,0.037061025858789946,187,367,225,265,328,184
1776757218.6478474,20.0,50,-14,51.92301994298868,6.316669092821007,0.037061025858789946,187,367,225,265,328,184
1776757218.6815321,20.0,50,-14,51.92301994298868,6.316669092821007,0.037061025858789946,187,367,225,265,328,184
1776757218.7135708,20.0,50,-14,51.92301994298868,6.316669092821007,0.037618783566856245,187,367,225,264,328,184
1776757218.7452047,20.0,50,-14,51.92301994298868,6.316669092821007,0.037618783566856245,187,367,225,264,328,184
1776757218.7779574,20.0,50,-14,51.92301994298868,6.316669092821007,0.037618783566856245,187,367,225,264,328,184
1776757218.8110676,20.0,50,-14,51.92301994298868,6.316669092821007,0.037618783566856245,187,367,225,264,328,184
1776757218.8401585,20.0,50,-14,51.92301994298868,6.316669092821007,0.037618783566856245,187,367,225,264,328,184
1776757218.8729966,20.0,50,-14,51.92301994298868,6.316669092821007,0.037618783566856245,187,367,225,264,328,184
1776757218.9045367,20.0,50,-14,51.92301994298868,6.316669092821007,0.037618783566856245,187,367,225,264,328,184
1776757218.9374268,20.0,50,-14,51.92301994298868,6.316669092821007,0.037618783566856245,187,367,225,264,328,184
1776757218.969118,20.0,50,-14,51.92301994298868,6.316669092821007,0.037618783566856245,187,367,225,264,328,184
1776757219.0011322,20.0,50,-14,51.92301994298868,6.316669092821007,0.037618783566856245,187,367,225,264,328,184
1776757219.0492365,20.0,50,-14,51.92301994298868,6.316669092821007,0.037618783566856245,187,367,225,264,328,184
1776757219.080473,20.0,51,-14,52.88667128870941,6.4339016166313145,0.037800687343749424,187,367,225,264,329,184
1776757219.1112683,20.0,51,-14,52.88667128870941,6.4339016166313145,0.037800687343749424,187,367,225,264,329,184
1776757219.1444745,20.0,51,-14,52.88667128870941,6.4339016166313145,0.037800687343749424,187,367,225,264,329,184
1776757219.1794822,20.0,51,-14,52.88667128870941,6.4339016166313145,0.037800687343749424,187,367,225,264,329,184
1776757219.2116387,20.0,51,-14,52.88667128870941,6.4339016166313145,0.037800687343749424,187,367,225,264,329,184
1776757219.2418804,20.0,51,-14,52.88667128870941,6.4339016166313145,0.037800687343749424,187,367,225,264,329,184
1776757219.2731056,20.0,51,-14,52.88667128870941,6.4339016166313145,0.037800687343749424,187,367,225,264,329,184
1776757219.3050582,20.0,51,-14,52.88667128870941,6.4339016166313145,0.037800687343749424,187,367,225,264,329,184
1776757219.3356657,20.0,51,-14,52.88667128870941,6.4339016166313145,0.037800687343749424,187,367,225,264,329,184
1776757219.3697803,20.0,51,-14,52.88667128870941,6.4339016166313145,0.037800687343749424,187,367,225,264,329,184
1776757219.4008353,20.0,51,-14,52.88667128870941,6.4339016166313145,0.037800687343749424,187,367,225,264,329,184
1776757219.4493093,20.0,51,-14,52.88667128870941,6.4339016166313145,0.037800687343749424,187,367,225,264,329,184
1776757219.4808564,20.0,51,-14,52.88667128870941,6.4339016166313145,0.037800687343749424,187,367,225,264,329,184
1776757219.5131981,20.0,51,-14,52.88667128870941,6.4339016166313145,0.037800687343749424,187,367,225,264,329,184
1776757219.5464315,20.0,51,-14,52.88667128870941,6.4339016166313145,0.037800687343749424,187,367,225,264,329,184
1776757219.577276,20.0,51,-14,52.88667128870941,6.4339016166313145,0.037800687343749424,187,367,225,264,329,184
1776757219.6091173,20.0,51,-14,52.88667128870941,6.4339016166313145,0.037800687343749424,187,367,225,264,329,184
1776757219.6418478,20.0,51,-14,52.88667128870941,6.4339016166313145,0.03700486699105058,187,367,226,264,329,184
1776757219.6724608,20.0,51,-14,52.88667128870941,6.4339016166313145,0.03700486699105058,187,367,226,264,329,184
1776757219.7050254,20.0,51,-14,52.88667128870941,6.4339016166313145,0.03700486699105058,187,367,226,264,329,184
1776757219.736002,20.0,51,-14,52.88667128870941,6.4339016166313145,0.03700486699105058,187,367,226,264,329,184
1776757219.7694607,20.0,51,-14,52.88667128870941,6.4339016166313145,0.03700486699105058,187,367,226,264,329,184
1776757219.8171763,20.0,51,-14,52.88667128870941,6.4339016166313145,0.03700486699105058,187,367,226,264,329,184
1776757219.8489048,20.0,51,-14,52.88667128870941,6.4339016166313145,0.03700486699105058,187,367,226,264,329,184
1776757219.8807344,20.0,51,-14,52.88667128870941,6.4339016166313145,0.03700486699105058,187,367,226,264,329,184
1776757219.9131887,20.0,51,-14,52.88667128870941,6.4339016166313145,0.03700486699105058,187,367,226,264,329,184
1776757219.9466856,20.0,51,-14,52.88667128870941,6.4339016166313145,0.03700486699105058,187,367,226,264,329,184
1776757219.9787707,20.0,51,-14,52.88667128870941,6.4339016166313145,0.03700486699105058,187,367,226,264,329,184
1776757220.010605,20.0,51,-14,52.88667128870941,6.4339016166313145,0.03700486699105058,187,367,226,264,329,184
1776757220.0418632,20.0,51,-14,52.88667128870941,6.4339016166313145,0.03700486699105058,187,367,226,264,329,184
1776757220.0720742,20.0,51,-14,52.88667128870941,6.4339016166313145,0.03700486699105058,187,367,226,264,329,184
1776757220.1057913,20.0,51,-14,52.88667128870941,6.4339016166313145,0.03700486699105058,187,367,226,264,329,184
1776757220.135375,20.0,51,-14,52.88667128870941,6.4339016166313145,0.03700486699105058,187,367,226,264,329,184
1776757220.1687853,20.0,51,-14,52.88667128870941,6.4339016166313145,0.03700486699105058,187,367,226,264,329,184
1776757220.2175786,20.0,51,-14,52.88667128870941,6.4339016166313145,0.03700486699105058,187,367,226,264,329,184
1776757220.2489326,20.0,51,-14,52.88667128870941,6.4339016166313145,0.03700486699105058,187,367,226,264,329,184
1776757220.280936,20.0,51,-14,52.88667128870941,6.4339016166313145,0.03700486699105058,187,367,226,264,329,184
1776757220.3131776,20.0,51,-14,52.88667128870941,6.4339016166313145,0.03700486699105058,187,367,226,264,329,184
1776757220.346561,20.0,51,-14,52.88667128870941,6.4339016166313145,0.03700486699105058,187,367,226,264,329,184
1776757220.3777025,20.0,51,-14,52.88667128870941,6.4339016166313145,0.03700486699105058,187,367,226,264,329,184
1776757220.4094865,20.0,51,-14,52.88667128870941,6.4339016166313145,0.03700486699105058,187,367,226,264,329,184
1776757220.4409719,20.0,51,-14,52.88667128870941,6.4339016166313145,0.03700486699105058,187,367,226,264,329,184
1776757220.4722054,20.0,51,-14,52.88667128870941,6.4339016166313145,0.03700486699105058,187,367,226,264,329,184
1776757220.5049026,20.0,51,-14,52.88667128870941,6.4339016166313145,0.03700486699105058,187,367,226,264,329,184
1776757220.5371056,20.0,51,-14,52.88667128870941,6.4339016166313145,0.03700486699105058,187,367,226,264,329,184
1776757220.5679128,20.0,51,-14,52.88667128870941,6.4339016166313145,0.03700486699105058,187,367,226,264,329,184
1776757220.6159203,20.0,51,-14,52.88667128870941,6.4339016166313145,0.03700486699105058,187,367,226,264,329,184
1776757220.6483243,20.0,51,-14,52.88667128870941,6.4339016166313145,0.03700486699105058,187,367,226,264,329,184
1776757220.6808379,20.0,51,-14,52.88667128870941,6.4339016166313145,0.03700486699105058,187,367,226,264,329,184
1776757220.71271,20.0,51,-14,52.88667128870941,6.4339016166313145,0.03700486699105058,187,367,226,264,329,184
1776757220.745375,20.0,51,-14,52.88667128870941,6.4339016166313145,0.03700486699105058,187,367,226,264,329,184
1776757220.7782688,20.0,51,-14,52.88667128870941,6.4339016166313145,0.03700486699105058,187,367,226,264,329,184
1776757220.8079395,20.0,51,-14,52.88667128870941,6.4339016166313145,0.03700486699105058,187,367,226,264,329,184
1776757220.840099,20.0,51,-14,52.88667128870941,6.4339016166313145,0.03700486699105058,187,367,226,264,329,184
1776757220.8718514,20.0,51,-14,52.88667128870941,6.4339016166313145,0.03700486699105058,187,367,226,264,329,184
1776757220.9061573,20.0,51,-14,52.88667128870941,6.4339016166313145,0.03700486699105058,187,367,226,264,329,184
1776757220.936677,20.0,51,-14,52.88667128870941,6.4339016166313145,0.03700486699105058,187,367,226,264,329,184
1776757220.9855714,20.0,51,-14,52.88667128870941,6.4339016166313145,0.03700486699105058,187,367,226,264,329,184
1776757221.0177786,20.0,51,-14,52.88667128870941,6.4339016166313145,0.03700486699105058,187,367,226,264,329,184
1776757221.0492265,20.0,51,-14,52.88667128870941,6.4339016166313145,0.03700486699105058,187,367,226,264,329,184
1776757221.0837646,20.0,51,-14,52.88667128870941,6.4339016166313145,0.03700486699105058,187,367,226,264,329,184
1776757221.1135051,20.0,51,-14,52.88667128870941,6.4339016166313145,0.03700486699105058,187,367,226,264,329,184
1776757221.1457317,20.0,51,-14,52.88667128870941,6.4339016166313145,0.03700486699105058,187,367,226,264,329,184
1776757221.1797683,20.0,51,-14,52.88667128870941,6.4339016166313145,0.03700486699105058,187,367,226,264,329,184
1776757221.211355,20.0,51,-14,52.88667128870941,6.4339016166313145,0.03700486699105058,187,367,226,264,329,184
1776757221.2437482,20.0,51,-14,52.88667128870941,6.4339016166313145,0.03700486699105058,187,367,226,264,329,184
1776757221.273213,20.0,51,-14,52.88667128870941,6.4339016166313145,0.03700486699105058,187,367,226,264,329,184
1776757221.3043108,20.0,51,-14,52.88667128870941,6.4339016166313145,0.03700486699105058,187,367,226,264,329,184
1776757221.3372693,20.0,51,-14,52.88667128870941,6.4339016166313145,0.03700486699105058,187,367,226,264,329,184
1776757221.3863208,20.0,51,-14,52.88667128870941,6.4339016166313145,0.03700486699105058,187,367,226,264,329,184
1776757221.4181037,20.0,51,-14,52.88667128870941,6.4339016166313145,0.03700486699105058,187,367,226,264,329,184
1776757221.4487967,20.0,51,-14,52.88667128870941,6.4339016166313145,0.03700486699105058,187,367,226,264,329,184
1776757221.481003,20.0,51,-14,52.88667128870941,6.4339016166313145,0.03700486699105058,187,367,226,264,329,184
1776757221.5174541,20.0,51,-14,52.88667128870941,6.4339016166313145,0.03700486699105058,187,367,226,264,329,184
1776757221.5455265,20.0,51,-14,52.88667128870941,6.4339016166313145,0.03700486699105058,187,367,226,264,329,184
1776757221.5788467,20.0,51,-14,52.88667128870941,6.4339016166313145,0.03700486699105058,187,367,226,264,329,184
1776757221.610049,20.0,52,-14,53.85164807134504,6.551295385808398,0.03718896277151253,187,367,226,264,330,184
1776757221.6433704,20.0,52,-14,53.85164807134504,6.551295385808398,0.03718896277151253,187,367,226,264,330,184
1776757221.6727927,20.0,52,-14,53.85164807134504,6.551295385808398,0.03718896277151253,187,367,226,264,330,184
1776757221.7061148,20.0,52,-14,53.85164807134504,6.551295385808398,0.03718896277151253,187,367,226,264,330,184
1776757221.737222,20.0,52,-14,53.85164807134504,6.551295385808398,0.03718896277151253,187,367,226,264,330,184
1776757221.7885063,20.0,52,-14,53.85164807134504,6.551295385808398,0.03718896277151253,187,367,226,264,330,184
1776757221.8183756,20.0,52,-14,53.85164807134504,6.551295385808398,0.03718896277151253,187,367,226,264,330,184
1776757221.85009,20.0,52,-14,53.85164807134504,6.551295385808398,0.03718896277151253,187,367,226,264,330,184
1776757221.8788643,20.0,52,-14,53.85164807134504,6.551295385808398,0.03718896277151253,187,367,226,264,330,184
1776757221.9119375,20.0,52,-14,53.85164807134504,6.551295385808398,0.03718896277151253,187,367,226,264,330,184
1776757221.9448695,20.0,52,-14,53.85164807134504,6.551295385808398,0.03718896277151253,187,367,226,264,330,184
1776757221.9776685,20.0,52,-14,53.85164807134504,6.551295385808398,0.03718896277151253,187,367,226,264,330,184
1776757222.0101178,20.0,52,-14,53.85164807134504,6.551295385808398,0.03639439891895618,187,367,227,264,330,184
1776757222.0412045,20.0,52,-14,53.85164807134504,6.551295385808398,0.03639439891895618,187,367,227,264,330,184
1776757222.0756145,20.0,52,-14,53.85164807134504,6.551295385808398,0.03639439891895618,187,367,227,264,330,184
1776757222.1047704,20.0,52,-14,53.85164807134504,6.551295385808398,0.03639439891895618,187,367,227,264,330,184
1776757222.1375387,20.0,52,-14,53.85164807134504,6.551295385808398,0.03639439891895618,187,367,227,264,330,184
1776757222.184344,20.0,52,-14,53.85164807134504,6.551295385808398,0.03639439891895618,187,367,227,264,330,184
1776757222.2172089,20.0,52,-14,53.85164807134504,6.551295385808398,0.03639439891895618,187,367,227,264,330,184
1776757222.248947,20.0,52,-14,53.85164807134504,6.551295385808398,0.03639439891895618,187,367,227,264,330,184
1776757222.2801652,20.0,52,-14,53.85164807134504,6.551295385808398,0.03639439891895618,187,367,227,264,330,184
1776757222.3144674,20.0,52,-14,53.85164807134504,6.551295385808398,0.03639439891895618,187,367,227,264,330,184
1776757222.3466284,20.0,52,-14,53.85164807134504,6.551295385808398,0.03639439891895618,187,367,227,264,330,184
1776757222.378276,20.0,52,-14,53.85164807134504,6.551295385808398,0.03639439891895618,187,367,227,264,330,184
1776757222.409201,20.0,52,-14,53.85164807134504,6.551295385808398,0.03639439891895618,187,367,227,264,330,184
1776757222.4419165,20.0,52,-14,53.85164807134504,6.551295385808398,0.03639439891895618,187,367,227,264,330,184
1776757222.4747372,20.0,52,-14,53.85164807134504,6.551295385808398,0.03639439891895618,187,367,227,264,330,184
1776757222.5064504,20.0,52,-14,53.85164807134504,6.551295385808398,0.03639439891895618,187,367,227,264,330,184
1776757222.5516913,20.0,52,-14,53.85164807134504,6.551295385808398,0.03639439891895618,187,367,227,264,330,184
1776757222.5855958,20.0,52,-14,53.85164807134504,6.551295385808398,0.03639439891895618,187,367,227,264,330,184
1776757222.6205437,20.0,52,-14,53.85164807134504,6.551295385808398,0.03639439891895618,187,367,227,264,330,184
1776757222.6485033,20.0,52,-14,53.85164807134504,6.551295385808398,0.03639439891895618,187,367,227,264,330,184
1776757222.6800385,20.0,52,-14,53.85164807134504,6.551295385808398,0.03695945601469854,187,367,227,263,330,184
1776757222.7128685,20.0,52,-14,53.85164807134504,6.551295385808398,0.03695945601469854,187,367,227,263,330,184
1776757222.746009,20.0,52,-14,53.85164807134504,6.551295385808398,0.03695945601469854,187,367,227,263,330,184
1776757222.7779007,20.0,52,-14,53.85164807134504,6.551295385808398,0.03695945601469854,187,367,227,263,330,184
1776757222.8110676,20.0,52,-14,53.85164807134504,6.551295385808398,0.03695945601469854,187,367,227,263,330,184
1776757222.8435938,20.0,52,-14,53.85164807134504,6.551295385808398,0.03695945601469854,187,367,227,263,330,184
1776757222.8750122,20.0,53,-14,54.817880294662984,6.668841884995496,0.037141700268709714,187,367,227,263,331,184
1776757222.9052298,20.0,53,-14,54.817880294662984,6.668841884995496,0.037141700268709714,187,367,227,263,331,184
1776757222.9519546,20.0,53,-14,54.817880294662984,6.668841884995496,0.037141700268709714,187,367,227,263,331,184
1776757222.986485,20.0,53,-14,54.817880294662984,6.668841884995496,0.037141700268709714,187,367,227,263,331,184
1776757223.0164764,20.0,53,-14,54.817880294662984,6.668841884995496,0.037141700268709714,187,367,227,263,331,184
1776757223.0492544,20.0,53,-14,54.817880294662984,6.668841884995496,0.037141700268709714,187,367,227,263,331,184
1776757223.079674,20.0,53,-14,54.817880294662984,6.668841884995496,0.037141700268709714,187,367,227,263,331,184
1776757223.113753,20.0,53,-14,54.817880294662984,6.668841884995496,0.037141700268709714,187,367,227,263,331,184
1776757223.1449378,20.0,53,-14,54.817880294662984,6.668841884995496,0.037141700268709714,187,367,227,263,331,184
1776757223.1769233,20.0,53,-14,54.817880294662984,6.668841884995496,0.037141700268709714,187,367,227,263,331,184
1776757223.2100976,20.0,53,-14,54.817880294662984,6.668841884995496,0.037141700268709714,187,367,227,263,331,184
1776757223.2419674,20.0,53,-14,54.817880294662984,6.668841884995496,0.037141700268709714,187,367,227,263,331,184
1776757223.2751002,20.0,53,-14,54.817880294662984,6.668841884995496,0.037141700268709714,187,367,227,263,331,184
1776757223.3075018,20.0,53,-14,54.817880294662984,6.668841884995496,0.037141700268709714,187,367,227,263,331,184
1776757223.353308,20.0,53,-14,54.817880294662984,6.668841884995496,0.037141700268709714,187,367,227,263,331,184
1776757223.382586,20.0,53,-14,54.817880294662984,6.668841884995496,0.037141700268709714,187,367,227,263,331,184
1776757223.4157915,20.0,53,-14,54.817880294662984,6.668841884995496,0.037141700268709714,187,367,227,263,331,184
1776757223.448021,20.0,53,-14,54.817880294662984,6.668841884995496,0.037141700268709714,187,367,227,263,331,184
1776757223.479456,20.0,53,-14,54.817880294662984,6.668841884995496,0.037141700268709714,187,367,227,263,331,184
1776757223.5137234,20.0,53,-14,54.817880294662984,6.668841884995496,0.037141700268709714,187,367,227,263,331,184
1776757223.5439327,20.0,53,-14,54.817880294662984,6.668841884995496,0.037141700268709714,187,367,227,263,331,184
1776757223.57747,20.0,53,-14,54.817880294662984,6.668841884995496,0.037141700268709714,187,367,227,263,331,184
1776757223.6085799,20.0,53,-14,54.817880294662984,6.668841884995496,0.037141700268709714,187,367,227,263,331,184
1776757223.6435447,20.0,53,-14,54.817880294662984,6.668841884995496,0.037141700268709714,187,367,227,263,331,184
1776757223.6754634,20.0,53,-14,54.817880294662984,6.668841884995496,0.037141700268709714,187,367,227,263,331,184
1776757223.722104,20.0,53,-14,54.817880294662984,6.668841884995496,0.037141700268709714,187,367,227,263,331,184
1776757223.753311,20.0,53,-14,54.817880294662984,6.668841884995496,0.037141700268709714,187,367,227,263,331,184
1776757223.7863932,20.0,53,-14,54.817880294662984,6.668841884995496,0.037141700268709714,187,367,227,263,331,184
1776757223.8171544,20.0,54,-14,55.78530272392541,6.786533178093115,0.03731838057107646,187,367,227,263,332,184
1776757223.852428,20.0,54,-14,55.78530272392541,6.786533178093115,0.03731838057107646,187,367,227,263,332,184
1776757223.8806522,20.0,54,-14,55.78530272392541,6.786533178093115,0.03731838057107646,187,367,227,263,332,184
1776757223.9122095,20.0,54,-14,55.78530272392541,6.786533178093115,0.03731838057107646,187,367,227,263,332,184
1776757223.9441538,20.0,54,-14,55.78530272392541,6.786533178093115,0.03731838057107646,187,367,227,263,332,184
1776757223.9770288,20.0,54,-14,55.78530272392541,6.786533178093115,0.03731838057107646,187,367,227,263,332,184
1776757224.0102367,20.0,54,-15,56.04462507680822,6.818080909587374,0.036832471384831124,187,367,227,263,332,183
1776757224.0439162,20.0,54,-15,56.04462507680822,6.818080909587374,0.036832471384831124,187,367,227,263,332,183
1776757224.0749207,20.0,54,-15,56.04462507680822,6.818080909587374,0.036832471384831124,187,367,227,263,332,183
1776757224.122195,20.0,54,-15,56.04462507680822,6.818080909587374,0.036832471384831124,187,367,227,263,332,183
1776757224.1563904,20.0,54,-15,56.04462507680822,6.818080909587374,0.036832471384831124,187,367,227,263,332,183
1776757224.1866424,20.0,54,-15,56.04462507680822,6.818080909587374,0.036832471384831124,187,367,227,263,332,183
1776757224.2149901,20.0,54,-15,56.04462507680822,6.818080909587374,0.036832471384831124,187,367,227,263,332,183
1776757224.248593,20.0,54,-15,56.04462507680822,6.818080909587374,0.036832471384831124,187,367,227,263,332,183
1776757224.2788942,20.0,54,-15,56.04462507680822,6.818080909587374,0.036832471384831124,187,367,227,263,332,183
1776757224.3119946,20.0,54,-15,56.04462507680822,6.818080909587374,0.036832471384831124,187,367,227,263,332,183
1776757224.3447223,20.0,54,-15,56.04462507680822,6.818080909587374,0.036832471384831124,187,367,227,263,332,183
1776757224.378647,20.0,54,-15,56.04462507680822,6.818080909587374,0.036832471384831124,187,367,227,263,332,183
1776757224.408593,20.0,54,-15,56.04462507680822,6.818080909587374,0.036832471384831124,187,367,227,263,332,183
1776757224.4416518,20.0,54,-15,56.04462507680822,6.818080909587374,0.036832471384831124,187,367,227,263,332,183
1776757224.4752586,20.0,54,-15,56.04462507680822,6.818080909587374,0.036832471384831124,187,367,227,263,332,183
1776757224.5192049,20.0,54,-15,56.04462507680822,6.818080909587374,0.036832471384831124,187,367,227,263,332,183
1776757224.5512395,20.0,54,-15,56.04462507680822,6.818080909587374,0.036832471384831124,187,367,227,263,332,183
1776757224.5847745,20.0,54,-15,56.04462507680822,6.818080909587374,0.036832471384831124,187,367,227,263,332,183
1776757224.618689,20.0,54,-15,56.04462507680822,6.818080909587374,0.036832471384831124,187,367,227,263,332,183
1776757224.6484942,20.0,54,-15,56.04462507680822,6.818080909587374,0.036832471384831124,187,367,227,263,332,183
1776757224.6805272,20.0,55,-15,57.0087712549569,6.93537363198989,0.037006702958485925,187,367,227,263,333,183
1776757224.7129998,20.0,55,-15,57.0087712549569,6.93537363198989,0.037006702958485925,187,367,227,263,333,183
1776757224.7437296,20.0,55,-15,57.0087712549569,6.93537363198989,0.037006702958485925,187,367,227,263,333,183
1776757224.7773626,20.0,55,-15,57.0087712549569,6.93537363198989,0.037006702958485925,187,367,227,263,333,183
1776757224.8114147,20.0,55,-15,57.0087712549569,6.93537363198989,0.037006702958485925,187,367,227,263,333,183
1776757224.8437176,20.0,55,-15,57.0087712549569,6.93537363198989,0.037006702958485925,187,367,227,263,333,183
1776757224.874232,20.0,55,-15,57.0087712549569,6.93537363198989,0.037006702958485925,187,367,227,263,333,183
1776757224.9200387,20.0,55,-15,57.0087712549569,6.93537363198989,0.037006702958485925,187,367,227,263,333,183
1776757224.9530814,20.0,55,-15,57.0087712549569,6.93537363198989,0.037006702958485925,187,367,227,263,333,183
1776757224.9837332,20.0,55,-15,57.0087712549569,6.93537363198989,0.03755360503430922,187,367,227,262,333,183
1776757225.0165873,20.0,55,-15,57.0087712549569,6.93537363198989,0.03755360503430922,187,367,227,262,333,183
1776757225.0495691,20.0,55,-15,57.0087712549569,6.93537363198989,0.03755360503430922,187,367,227,262,333,183
1776757225.0796335,20.0,55,-15,57.0087712549569,6.93537363198989,0.03755360503430922,187,367,227,262,333,183
1776757225.113759,20.0,55,-15,57.0087712549569,6.93537363198989,0.03755360503430922,187,367,227,262,333,183
1776757225.1446064,20.0,55,-15,57.0087712549569,6.93537363198989,0.03755360503430922,187,367,227,262,333,183
1776757225.1763535,20.0,55,-15,57.0087712549569,6.93537363198989,0.03755360503430922,187,367,227,262,333,183
1776757225.2091653,20.0,55,-15,57.0087712549569,6.93537363198989,0.03755360503430922,187,367,227,262,333,183
1776757225.2425447,20.0,55,-15,57.0087712549569,6.93537363198989,0.03755360503430922,187,367,227,262,333,183
1776757225.2927504,20.0,55,-15,57.0087712549569,6.93537363198989,0.03755360503430922,187,367,227,262,333,183
1776757225.3478673,20.0,55,-15,57.0087712549569,6.93537363198989,0.03755360503430922,187,367,227,262,333,183
1776757225.3801656,20.0,55,-15,57.0087712549569,6.93537363198989,0.03755360503430922,187,367,227,262,333,183
1776757225.3940897,20.0,55,-15,57.0087712549569,6.93537363198989,0.03755360503430922,187,367,227,262,333,183
1776757225.418625,20.0,55,-15,57.0087712549569,6.93537363198989,0.03755360503430922,187,367,227,262,333,183
1776757225.4476447,20.0,56,-15,57.97413216254298,7.052814131696225,0.03771857055981603,187,367,227,262,334,183
1776757225.4810996,20.0,56,-15,57.97413216254298,7.052814131696225,0.03771857055981603,187,367,227,262,334,183
1776757225.5124233,20.0,56,-15,57.97413216254298,7.052814131696225,0.03771857055981603,187,367,227,262,334,183
1776757225.544895,20.0,56,-15,57.97413216254298,7.052814131696225,0.03771857055981603,187,367,227,262,334,183
1776757225.576603,20.0,56,-15,57.97413216254298,7.052814131696225,0.03771857055981603,187,367,227,262,334,183
1776757225.6092677,20.0,56,-15,57.97413216254298,7.052814131696225,0.03771857055981603,187,367,227,262,334,183
1776757225.6419463,20.0,56,-15,57.97413216254298,7.052814131696225,0.03771857055981603,187,367,227,262,334,183
1776757225.6906886,20.0,56,-15,57.97413216254298,7.052814131696225,0.03771857055981603,187,367,227,262,334,183
1776757225.7229598,20.0,56,-15,57.97413216254298,7.052814131696225,0.03771857055981603,187,367,227,262,334,183
1776757225.755231,20.0,56,-15,57.97413216254298,7.052814131696225,0.03771857055981603,187,367,227,262,334,183
1776757225.7851534,20.0,56,-15,57.97413216254298,7.052814131696225,0.03771857055981603,187,367,227,262,334,183
1776757225.8167453,20.0,56,-15,57.97413216254298,7.052814131696225,0.03771857055981603,187,367,227,262,334,183
1776757225.8491294,20.0,56,-15,57.97413216254298,7.052814131696225,0.03771857055981603,187,367,227,262,334,183
1776757225.8802469,20.0,56,-15,57.97413216254298,7.052814131696225,0.03771857055981603,187,367,227,262,334,183
1776757225.912796,20.0,56,-15,57.97413216254298,7.052814131696225,0.03771857055981603,187,367,227,262,334,183
1776757225.9442017,20.0,56,-15,57.97413216254298,7.052814131696225,0.03771857055981603,187,367,227,262,334,183
1776757225.9758115,20.0,56,-15,57.97413216254298,7.052814131696225,0.03771857055981603,187,367,227,262,334,183
1776757226.0090199,20.0,56,-15,57.97413216254298,7.052814131696225,0.03771857055981603,187,367,227,262,334,183
1776757226.042517,20.0,56,-15,57.97413216254298,7.052814131696225,0.03771857055981603,187,367,227,262,334,183
1776757226.0875032,20.0,56,-15,57.97413216254298,7.052814131696225,0.03771857055981603,187,367,227,262,334,183
1776757226.1226807,20.0,56,-15,57.97413216254298,7.052814131696225,0.03771857055981603,187,367,227,262,334,183
1776757226.15648,20.0,57,-15,58.9406481131655,7.170395147587043,0.037878334789522246,187,367,227,262,335,183
1776757226.187535,20.0,57,-15,58.9406481131655,7.170395147587043,0.037878334789522246,187,367,227,262,335,183
1776757226.217582,20.0,57,-15,58.9406481131655,7.170395147587043,0.037878334789522246,187,367,227,262,335,183
1776757226.2480543,20.0,57,-15,58.9406481131655,7.170395147587043,0.037878334789522246,187,367,227,262,335,183
1776757226.2803228,20.0,57,-15,58.9406481131655,7.170395147587043,0.037878334789522246,187,367,227,262,335,183
1776757226.3103726,20.0,57,-15,58.9406481131655,7.170395147587043,0.037878334789522246,187,367,227,262,335,183
1776757226.344107,20.0,57,-15,58.9406481131655,7.170395147587043,0.037878334789522246,187,367,227,262,335,183
1776757226.3769708,20.0,57,-15,58.9406481131655,7.170395147587043,0.037878334789522246,187,367,227,262,335,183
1776757226.4091637,20.0,57,-15,58.9406481131655,7.170395147587043,0.037878334789522246,187,367,227,262,335,183
1776757226.4562397,20.0,57,-15,58.9406481131655,7.170395147587043,0.037878334789522246,187,367,227,262,335,183
1776757226.4902382,20.0,57,-15,58.9406481131655,7.170395147587043,0.037878334789522246,187,367,227,262,335,183
1776757226.5225499,20.0,57,-15,58.9406481131655,7.170395147587043,0.037878334789522246,187,367,227,262,335,183
1776757226.5547154,20.0,57,-15,58.9406481131655,7.170395147587043,0.037878334789522246,187,367,227,262,335,183
1776757226.5848715,20.0,57,-15,58.9406481131655,7.170395147587043,0.037131703520188165,187,367,228,262,335,183
1776757226.6512601,20.0,57,-15,58.9406481131655,7.170395147587043,0.037131703520188165,187,367,228,262,335,183
1776757226.6683197,20.0,57,-15,58.9406481131655,7.170395147587043,0.037131703520188165,187,367,228,262,335,183
1776757226.6812248,20.0,57,-15,58.9406481131655,7.170395147587043,0.037131703520188165,187,367,228,262,335,183
1776757226.7130404,20.0,57,-15,58.9406481131655,7.170395147587043,0.037131703520188165,187,367,228,262,335,183
1776757226.7444882,20.0,57,-15,58.9406481131655,7.170395147587043,0.037131703520188165,187,367,228,262,335,183
1776757226.7769432,20.0,57,-15,58.9406481131655,7.170395147587043,0.037676387023861335,187,367,228,261,335,183
1776757226.811182,20.0,57,-15,58.9406481131655,7.170395147587043,0.037676387023861335,187,367,228,261,335,183
1776757226.858382,20.0,57,-15,58.9406481131655,7.170395147587043,0.037676387023861335,187,367,228,261,335,183
1776757226.8899302,20.0,57,-15,58.9406481131655,7.170395147587043,0.037676387023861335,187,367,228,261,335,183
1776757226.9232492,20.0,57,-15,58.9406481131655,7.170395147587043,0.037676387023861335,187,367,228,261,335,183
1776757226.9535751,20.0,57,-15,58.9406481131655,7.170395147587043,0.037676387023861335,187,367,228,261,335,183
1776757226.9849293,20.0,57,-15,58.9406481131655,7.170395147587043,0.037676387023861335,187,367,228,261,335,183
1776757227.01728,20.0,57,-15,58.9406481131655,7.170395147587043,0.037676387023861335,187,367,228,261,335,183
1776757227.048789,20.0,57,-15,58.9406481131655,7.170395147587043,0.037676387023861335,187,367,228,261,335,183
1776757227.0806735,20.0,58,-15,59.90826320300064,7.288109878710539,0.03783426452613653,187,367,228,261,336,183
1776757227.1118412,20.0,58,-15,59.90826320300064,7.288109878710539,0.03783426452613653,187,367,228,261,336,183
1776757227.1444998,20.0,58,-15,59.90826320300064,7.288109878710539,0.03783426452613653,187,367,228,261,336,183
1776757227.176514,20.0,58,-15,59.90826320300064,7.288109878710539,0.03783426452613653,187,367,228,261,336,183
1776757227.2093174,20.0,58,-15,59.90826320300064,7.288109878710539,0.03783426452613653,187,367,228,261,336,183
1776757227.257234,20.0,58,-15,59.90826320300064,7.288109878710539,0.03783426452613653,187,367,228,261,336,183
1776757227.2914553,20.0,58,-15,59.90826320300064,7.288109878710539,0.03783426452613653,187,367,228,261,336,183
1776757227.3238268,20.0,58,-15,59.90826320300064,7.288109878710539,0.03783426452613653,187,367,228,261,336,183
1776757227.355611,20.0,58,-15,59.90826320300064,7.288109878710539,0.03783426452613653,187,367,228,261,336,183
1776757227.3862464,20.0,58,-15,59.90826320300064,7.288109878710539,0.03783426452613653,187,367,228,261,336,183
1776757227.4174736,20.0,58,-15,59.90826320300064,7.288109878710539,0.03783426452613653,187,367,228,261,336,183
1776757227.450035,20.0,58,-15,59.90826320300064,7.288109878710539,0.03783426452613653,187,367,228,261,336,183
1776757227.481101,20.0,58,-15,59.90826320300064,7.288109878710539,0.03783426452613653,187,367,228,261,336,183
1776757227.5141475,20.0,58,-15,59.90826320300064,7.288109878710539,0.03783426452613653,187,367,228,261,336,183
1776757227.5494533,20.0,58,-15,59.90826320300064,7.288109878710539,0.03783426452613653,187,367,228,261,336,183
1776757227.5756755,20.0,58,-15,59.90826320300064,7.288109878710539,0.03783426452613653,187,367,228,261,336,183
1776757227.6092317,20.0,58,-15,59.90826320300064,7.288109878710539,0.03783426452613653,187,367,228,261,336,183
1776757227.6573596,20.0,58,-15,59.90826320300064,7.288109878710539,0.03783426452613653,187,367,228,261,336,183
1776757227.6891146,20.0,58,-15,59.90826320300064,7.288109878710539,0.03783426452613653,187,367,228,261,336,183
1776757227.7234979,20.0,58,-15,59.90826320300064,7.288109878710539,0.03783426452613653,187,367,228,261,336,183
1776757227.7517543,20.0,58,-15,59.90826320300064,7.288109878710539,0.03783426452613653,187,367,228,261,336,183
1776757227.78728,20.0,58,-15,59.90826320300064,7.288109878710539,0.03783426452613653,187,367,228,261,336,183
1776757227.8160574,20.0,58,-15,59.90826320300064,7.288109878710539,0.03783426452613653,187,367,228,261,336,183
1776757227.8494024,20.0,58,-15,59.90826320300064,7.288109878710539,0.03783426452613653,187,367,228,261,336,183
1776757227.8859491,20.0,59,-15,60.876925020897694,7.405951949014318,0.037987063585670236,187,367,228,261,337,183
1776757227.913172,20.0,59,-15,60.876925020897694,7.405951949014318,0.037987063585670236,187,367,228,261,337,183
1776757227.9443257,20.0,59,-15,60.876925020897694,7.405951949014318,0.037987063585670236,187,367,228,261,337,183
1776757227.9766097,20.0,59,-15,60.876925020897694,7.405951949014318,0.037987063585670236,187,367,228,261,337,183
1776757228.0251799,20.0,59,-15,60.876925020897694,7.405951949014318,0.037987063585670236,187,367,228,261,337,183
1776757228.057495,20.0,59,-15,60.876925020897694,7.405951949014318,0.037987063585670236,187,367,228,261,337,183
1776757228.0907736,20.0,59,-15,60.876925020897694,7.405951949014318,0.037987063585670236,187,367,228,261,337,183
1776757228.122351,20.0,59,-15,60.876925020897694,7.405951949014318,0.037987063585670236,187,367,228,261,337,183
1776757228.1522043,20.0,59,-15,60.876925020897694,7.405951949014318,0.037987063585670236,187,367,228,261,337,183
1776757228.1846101,20.0,59,-15,60.876925020897694,7.405951949014318,0.037987063585670236,187,367,228,261,337,183
1776757228.216978,20.0,59,-15,60.876925020897694,7.405951949014318,0.037987063585670236,187,367,228,261,337,183
1776757228.2478862,20.0,59,-15,60.876925020897694,7.405951949014318,0.037987063585670236,187,367,228,261,337,183
1776757228.2799337,20.0,59,-15,60.876925020897694,7.405951949014318,0.037987063585670236,187,367,228,261,337,183
1776757228.311209,20.0,59,-15,60.876925020897694,7.405951949014318,0.037987063585670236,187,367,228,261,337,183
1776757228.3444667,20.0,59,-15,60.876925020897694,7.405951949014318,0.037987063585670236,187,367,228,261,337,183
1776757228.3764577,20.0,59,-15,60.876925020897694,7.405951949014318,0.037987063585670236,187,367,228,261,337,183
1776757228.4240868,20.0,59,-15,60.876925020897694,7.405951949014318,0.037987063585670236,187,367,228,261,337,183
1776757228.4586756,20.0,59,-15,60.876925020897694,7.405951949014318,0.037987063585670236,187,367,228,261,337,183
1776757228.489799,20.0,59,-15,60.876925020897694,7.405951949014318,0.037987063585670236,187,367,228,261,337,183
1776757228.5227137,20.0,59,-15,60.876925020897694,7.405951949014318,0.037987063585670236,187,367,228,261,337,183
1776757228.5522218,20.0,59,-15,60.876925020897694,7.405951949014318,0.037257499539834565,187,367,229,261,337,183
1776757228.5841002,20.0,59,-15,60.876925020897694,7.405951949014318,0.03779973677737704,187,367,229,260,337,183
1776757228.616418,20.0,59,-15,60.876925020897694,7.405951949014318,0.03779973677737704,187,367,229,260,337,183
1776757228.6476533,20.0,59,-15,60.876925020897694,7.405951949014318,0.03779973677737704,187,367,229,260,337,183
1776757228.680056,20.0,59,-15,60.876925020897694,7.405951949014318,0.03779973677737704,187,367,229,260,337,183
1776757228.7124846,20.0,59,-15,60.876925020897694,7.405951949014318,0.03779973677737704,187,367,229,260,337,183
1776757228.7447941,20.0,59,-15,60.876925020897694,7.405951949014318,0.03779973677737704,187,367,229,260,337,183
1776757228.776406,20.0,59,-15,60.876925020897694,7.405951949014318,0.03779973677737704,187,367,229,260,337,183
1776757228.8243964,20.0,59,-15,60.876925020897694,7.405951949014318,0.03779973677737704,187,367,229,260,337,183
1776757228.8581831,20.0,59,-16,61.1310068623117,7.43686214869972,0.0373223920173309,187,367,229,260,337,182
1776757228.8900647,20.0,60,-16,62.0966987850401,7.554342917888089,0.03747638337923487,187,367,229,260,338,182
1776757228.9220548,20.0,60,-16,62.0966987850401,7.554342917888089,0.03747638337923487,187,367,229,260,338,182
1776757228.9518435,20.0,60,-16,62.0966987850401,7.554342917888089,0.03747638337923487,187,367,229,260,338,182
1776757228.98412,20.0,60,-16,62.0966987850401,7.554342917888089,0.03747638337923487,187,367,229,260,338,182
1776757229.0155425,20.0,60,-16,62.0966987850401,7.554342917888089,0.03747638337923487,187,367,229,260,338,182
1776757229.0475967,20.0,60,-16,62.0966987850401,7.554342917888089,0.03747638337923487,187,367,229,260,338,182
1776757229.0820227,20.0,60,-16,62.0966987850401,7.554342917888089,0.03747638337923487,187,367,229,260,338,182
1776757229.1116793,20.0,60,-16,62.0966987850401,7.554342917888089,0.03747638337923487,187,367,229,260,338,182
1776757229.145149,20.0,60,-16,62.0966987850401,7.554342917888089,0.03747638337923487,187,367,229,260,338,182
1776757229.1931193,20.0,60,-16,62.0966987850401,7.554342917888089,0.03747638337923487,187,367,229,260,338,182
1776757229.226901,20.0,60,-16,62.0966987850401,7.554342917888089,0.03747638337923487,187,367,229,260,338,182
1776757229.2422326,20.0,60,-16,62.0966987850401,7.554342917888089,0.03747638337923487,187,367,229,260,338,182
1776757229.2904122,20.0,60,-16,62.0966987850401,7.554342917888089,0.03747638337923487,187,367,229,260,338,182
1776757229.3242354,20.0,60,-16,62.0966987850401,7.554342917888089,0.03747638337923487,187,367,229,260,338,182
1776757229.3541486,20.0,60,-16,62.0966987850401,7.554342917888089,0.03747638337923487,187,367,229,260,338,182
1776757229.3854153,20.0,60,-16,62.0966987850401,7.554342917888089,0.03747638337923487,187,367,229,260,338,182
1776757229.4399831,20.0,60,-16,62.0966987850401,7.554342917888089,0.03747638337923487,187,367,229,260,338,182
1776757229.4548404,20.0,60,-16,62.0966987850401,7.554342917888089,0.03747638337923487,187,367,229,260,338,182
1776757229.4829435,20.0,60,-16,62.0966987850401,7.554342917888089,0.03747638337923487,187,367,229,260,338,182
1776757229.5135465,20.0,60,-16,62.0966987850401,7.554342917888089,0.03747638337923487,187,367,229,260,338,182
1776757229.5449982,20.0,60,-16,62.0966987850401,7.554342917888089,0.03747638337923487,187,367,229,260,338,182
1776757229.594834,20.0,61,-16,63.06346010171025,7.671953783663047,0.03762542877706329,187,367,229,260,339,182
1776757229.6283014,20.0,61,-16,63.06346010171025,7.671953783663047,0.03762542877706329,187,367,229,260,339,182
1776757229.6451035,20.0,61,-16,63.06346010171025,7.671953783663047,0.03762542877706329,187,367,229,260,339,182
1776757229.6885715,20.0,61,-16,63.06346010171025,7.671953783663047,0.03762542877706329,187,367,229,260,339,182
1776757229.7226226,20.0,61,-16,63.06346010171025,7.671953783663047,0.03762542877706329,187,367,229,260,339,182
1776757229.7539968,20.0,61,-16,63.06346010171025,7.671953783663047,0.03762542877706329,187,367,229,260,339,182
1776757229.784941,20.0,61,-16,63.06346010171025,7.671953783663047,0.03762542877706329,187,367,229,260,339,182
1776757229.8166783,20.0,61,-16,63.06346010171025,7.671953783663047,0.03762542877706329,187,367,229,260,339,182
1776757229.8490639,20.0,61,-16,63.06346010171025,7.671953783663047,0.03762542877706329,187,367,229,260,339,182
1776757229.8801832,20.0,61,-16,63.06346010171025,7.671953783663047,0.03762542877706329,187,367,229,260,339,182
1776757229.9127307,20.0,61,-16,63.06346010171025,7.671953783663047,0.03762542877706329,187,367,229,260,339,182
1776757229.944511,20.0,61,-16,63.06346010171025,7.671953783663047,0.03762542877706329,187,367,229,260,339,182
1776757229.9923277,20.0,61,-16,63.06346010171025,7.671953783663047,0.03762542877706329,187,367,229,260,339,182
1776757230.0230002,20.0,61,-16,63.06346010171025,7.671953783663047,0.03762542877706329,187,367,229,260,339,182
1776757230.0358186,20.0,61,-16,63.06346010171025,7.671953783663047,0.03762542877706329,187,367,229,260,339,182
1776757230.0894916,20.0,61,-16,63.06346010171025,7.671953783663047,0.03762542877706329,187,367,229,260,339,182
1776757230.122022,20.0,61,-16,63.06346010171025,7.671953783663047,0.03762542877706329,187,367,229,260,339,182
1776757230.1540747,20.0,61,-16,63.06346010171025,7.671953783663047,0.03762542877706329,187,367,229,260,339,182
1776757230.1879454,20.0,61,-16,63.06346010171025,7.671953783663047,0.03762542877706329,187,367,229,260,339,182
1776757230.2181523,20.0,61,-16,63.06346010171025,7.671953783663047,0.03762542877706329,187,367,229,260,339,182
1776757230.2788975,20.0,61,-16,63.06346010171025,7.671953783663047,0.03762542877706329,187,367,229,260,339,182
1776757230.2956326,20.0,61,-16,63.06346010171025,7.671953783663047,0.03762542877706329,187,367,229,260,339,182
1776757230.3162806,20.0,61,-16,63.06346010171025,7.671953783663047,0.03762542877706329,187,367,229,260,339,182
1776757230.3616173,20.0,61,-16,63.06346010171025,7.671953783663047,0.03762542877706329,187,367,229,260,339,182
1776757230.3944979,20.0,61,-16,63.06346010171025,7.671953783663047,0.03762542877706329,187,367,229,260,339,182
1776757230.410514,20.0,61,-16,63.06346010171025,7.671953783663047,0.03762542877706329,187,367,229,260,339,182
1776757230.4581676,20.0,61,-16,63.06346010171025,7.671953783663047,0.03762542877706329,187,367,229,260,339,182
1776757230.4895387,20.0,61,-16,63.06346010171025,7.671953783663047,0.03762542877706329,187,367,229,260,339,182
1776757230.5232713,20.0,61,-16,63.06346010171025,7.671953783663047,0.03762542877706329,187,367,229,260,339,182
1776757230.5575318,20.0,61,-16,63.06346010171025,7.671953783663047,0.03762542877706329,187,367,229,260,339,182
1776757230.584391,20.0,61,-16,63.06346010171025,7.671953783663047,0.03762542877706329,187,367,229,260,339,182
1776757230.6615953,20.0,61,-16,63.06346010171025,7.671953783663047,0.03762542877706329,187,367,229,260,339,182
1776757230.6766021,20.0,61,-16,63.06346010171025,7.671953783663047,0.03762542877706329,187,367,229,260,339,182
1776757230.6893644,20.0,61,-16,63.06346010171025,7.671953783663047,0.03762542877706329,187,367,229,260,339,182
1776757230.7113526,20.0,61,-16,63.06346010171025,7.671953783663047,0.03762542877706329,187,367,229,260,339,182
1776757230.7604516,20.0,61,-16,63.06346010171025,7.671953783663047,0.03762542877706329,187,367,229,260,339,182
1776757230.794287,20.0,61,-16,63.06346010171025,7.671953783663047,0.03762542877706329,187,367,229,260,339,182
1776757230.8071823,20.0,61,-16,63.06346010171025,7.671953783663047,0.03762542877706329,187,367,229,260,339,182
1776757230.8569145,20.0,62,-16,64.03124237432849,7.789688853324632,0.03776963182608297,187,367,229,260,340,182
1776757230.8896828,20.0,62,-16,64.03124237432849,7.789688853324632,0.03776963182608297,187,367,229,260,340,182
1776757230.9222999,20.0,62,-16,64.03124237432849,7.789688853324632,0.03776963182608297,187,367,229,260,340,182
1776757230.9559796,20.0,62,-16,64.03124237432849,7.789688853324632,0.03706212216545844,187,367,230,260,340,182
1776757230.985566,20.0,62,-16,64.03124237432849,7.789688853324632,0.03706212216545844,187,367,230,260,340,182
1776757231.0171392,20.0,62,-16,64.03124237432849,7.789688853324632,0.03706212216545844,187,367,230,260,340,182
1776757231.0490723,20.0,62,-16,64.03124237432849,7.789688853324632,0.03706212216545844,187,367,230,260,340,182
1776757231.080051,20.0,62,-16,64.03124237432849,7.789688853324632,0.03706212216545844,187,367,230,260,340,182
1776757231.111124,20.0,62,-16,64.03124237432849,7.789688853324632,0.03759506735153956,187,367,230,259,340,182
1776757231.1614637,20.0,62,-16,64.03124237432849,7.789688853324632,0.03759506735153956,187,367,230,259,340,182
1776757231.1954947,20.0,62,-16,64.03124237432849,7.789688853324632,0.03759506735153956,187,367,230,259,340,182
1776757231.21038,20.0,62,-16,64.03124237432849,7.789688853324632,0.03759506735153956,187,367,230,259,340,182
1776757231.2562554,20.0,62,-16,64.03124237432849,7.789688853324632,0.03759506735153956,187,367,230,259,340,182
1776757231.2897093,20.0,62,-16,64.03124237432849,7.789688853324632,0.03759506735153956,187,367,230,259,340,182
1776757231.322334,20.0,62,-16,64.03124237432849,7.789688853324632,0.03759506735153956,187,367,230,259,340,182
1776757231.3559818,20.0,62,-16,64.03124237432849,7.789688853324632,0.03759506735153956,187,367,230,259,340,182
1776757231.385979,20.0,62,-16,64.03124237432849,7.789688853324632,0.03759506735153956,187,367,230,259,340,182
1776757231.4191651,20.0,62,-16,64.03124237432849,7.789688853324632,0.03759506735153956,187,367,230,259,340,182
1776757231.450208,20.0,62,-16,64.03124237432849,7.789688853324632,0.03759506735153956,187,367,230,259,340,182
1776757231.4815326,20.0,62,-16,64.03124237432849,7.789688853324632,0.03759506735153956,187,367,230,259,340,182
1776757231.5182073,20.0,62,-16,64.03124237432849,7.789688853324632,0.03759506735153956,187,367,230,259,340,182
1776757231.5610664,20.0,62,-16,64.03124237432849,7.789688853324632,0.03759506735153956,187,367,230,259,340,182
1776757231.593456,20.0,62,-16,64.03124237432849,7.789688853324632,0.03759506735153956,187,367,230,259,340,182
1776757231.6083603,20.0,62,-16,64.03124237432849,7.789688853324632,0.03759506735153956,187,367,230,259,340,182
1776757231.6258593,20.0,62,-16,64.03124237432849,7.789688853324632,0.03759506735153956,187,367,230,259,340,182
1776757231.6922586,20.0,62,-16,64.03124237432849,7.789688853324632,0.03759506735153956,187,367,230,259,340,182
1776757231.7243853,20.0,62,-16,64.03124237432849,7.789688853324632,0.03759506735153956,187,367,230,259,340,182
1776757231.756758,20.0,62,-16,64.03124237432849,7.789688853324632,0.03759506735153956,187,367,230,259,340,182
1776757231.7892792,20.0,62,-16,64.03124237432849,7.789688853324632,0.03759506735153956,187,367,230,259,340,182
1776757231.8208678,20.0,62,-16,64.03124237432849,7.789688853324632,0.03759506735153956,187,367,230,259,340,182
1776757231.8534634,20.0,62,-16,64.03124237432849,7.789688853324632,0.03759506735153956,187,367,230,259,340,182
1776757231.8812141,20.0,62,-16,64.03124237432849,7.789688853324632,0.03759506735153956,187,367,230,259,340,182
1776757231.9283772,20.0,62,-16,64.03124237432849,7.789688853324632,0.03759506735153956,187,367,230,259,340,182
1776757231.962336,20.0,62,-16,64.03124237432849,7.789688853324632,0.03759506735153956,187,367,230,259,340,182
1776757231.9762635,20.0,62,-16,64.03124237432849,7.789688853324632,0.03759506735153956,187,367,230,259,340,182
1776757231.9933343,20.0,62,-16,64.03124237432849,7.789688853324632,0.03759506735153956,187,367,230,259,340,182
1776757232.0564673,20.0,62,-16,64.03124237432849,7.789688853324632,0.03759506735153956,187,367,230,259,340,182
1776757232.0882316,20.0,63,-16,65.0,7.907542579075425,0.037737323488626434,187,367,230,259,341,182
1776757232.1218874,20.0,63,-16,65.0,7.907542579075425,0.037737323488626434,187,367,230,259,341,182
1776757232.1550093,20.0,63,-16,65.0,7.907542579075425,0.037737323488626434,187,367,230,259,341,182
1776757232.1916084,20.0,63,-16,65.0,7.907542579075425,0.037737323488626434,187,367,230,259,341,182
1776757232.2182393,20.0,63,-16,65.0,7.907542579075425,0.037737323488626434,187,367,230,259,341,182
1776757232.2561646,20.0,63,-16,65.0,7.907542579075425,0.037737323488626434,187,367,230,259,341,182
1776757232.2814496,20.0,63,-16,65.0,7.907542579075425,0.037737323488626434,187,367,230,259,341,182
1776757232.3279305,20.0,63,-16,65.0,7.907542579075425,0.037737323488626434,187,367,230,259,341,182
1776757232.3611748,20.0,63,-16,65.0,7.907542579075425,0.037737323488626434,187,367,230,259,341,182
1776757232.3747013,20.0,63,-16,65.0,7.907542579075425,0.037737323488626434,187,367,230,259,341,182
1776757232.3917677,20.0,63,-16,65.0,7.907542579075425,0.037737323488626434,187,367,230,259,341,182
1776757232.4567237,20.0,63,-16,65.0,7.907542579075425,0.037737323488626434,187,367,230,259,341,182
1776757232.4902935,20.0,63,-16,65.0,7.907542579075425,0.037737323488626434,187,367,230,259,341,182
1776757232.522319,20.0,63,-16,65.0,7.907542579075425,0.037737323488626434,187,367,230,259,341,182
1776757232.5541935,20.0,63,-16,65.0,7.907542579075425,0.037737323488626434,187,367,230,259,341,182
1776757232.5872464,20.0,63,-16,65.0,7.907542579075425,0.037737323488626434,187,367,230,259,341,182
1776757232.6175556,20.0,63,-16,65.0,7.907542579075425,0.037737323488626434,187,367,230,259,341,182
1776757232.6499953,20.0,63,-16,65.0,7.907542579075425,0.037737323488626434,187,367,230,259,341,182
1776757232.684076,20.0,63,-16,65.0,7.907542579075425,0.037737323488626434,187,367,230,259,341,182
1776757232.7296019,20.0,63,-16,65.0,7.907542579075425,0.037737323488626434,187,367,230,259,341,182
1776757232.762135,20.0,63,-16,65.0,7.907542579075425,0.037737323488626434,187,367,230,259,341,182
1776757232.7769458,20.0,63,-16,65.0,7.907542579075425,0.037737323488626434,187,367,230,259,341,182
1776757232.795076,20.0,63,-16,65.0,7.907542579075425,0.037737323488626434,187,367,230,259,341,182
1776757232.856902,20.0,63,-16,65.0,7.907542579075425,0.037737323488626434,187,367,230,259,341,182
1776757232.8874972,20.0,63,-16,65.0,7.907542579075425,0.037737323488626434,187,367,230,259,341,182
1776757232.9215794,20.0,63,-16,65.0,7.907542579075425,0.037737323488626434,187,367,230,259,341,182
1776757232.955555,20.0,63,-16,65.0,7.907542579075425,0.037737323488626434,187,367,230,259,341,182
1776757232.9844975,20.0,63,-16,65.0,7.907542579075425,0.037737323488626434,187,367,230,259,341,182
1776757233.016559,20.0,63,-16,65.0,7.907542579075425,0.037737323488626434,187,367,230,259,341,182
1776757233.0482125,20.0,63,-16,65.0,7.907542579075425,0.037737323488626434,187,367,230,259,341,182
1776757233.0981672,20.0,63,-16,65.0,7.907542579075425,0.037737323488626434,187,367,230,259,341,182
1776757233.128191,20.0,63,-16,65.0,7.907542579075425,0.037737323488626434,187,367,230,259,341,182
1776757233.14196,20.0,63,-16,65.0,7.907542579075425,0.037737323488626434,187,367,230,259,341,182
1776757233.1600504,20.0,63,-16,65.0,7.907542579075425,0.037737323488626434,187,367,230,259,341,182
1776757233.1939914,20.0,63,-16,65.0,7.907542579075425,0.037737323488626434,187,367,230,259,341,182
1776757233.2255492,20.0,64,-16,65.96969000988257,8.025509733562355,0.037874857775456856,187,367,230,259,342,182
1776757233.2910829,20.0,64,-16,65.96969000988257,8.025509733562355,0.037874857775456856,187,367,230,259,342,182
1776757233.3245928,20.0,64,-16,65.96969000988257,8.025509733562355,0.037874857775456856,187,367,230,259,342,182
1776757233.3552675,20.0,64,-16,65.96969000988257,8.025509733562355,0.037874857775456856,187,367,230,259,342,182
1776757233.3899665,20.0,64,-16,65.96969000988257,8.025509733562355,0.037874857775456856,187,367,230,259,342,182
1776757233.4320803,20.0,64,-16,65.96969000988257,8.025509733562355,0.037874857775456856,187,367,230,259,342,182
1776757233.4516175,20.0,64,-16,65.96969000988257,8.025509733562355,0.037874857775456856,187,367,230,259,342,182
1776757233.4967651,20.0,64,-16,65.96969000988257,8.025509733562355,0.037874857775456856,187,367,230,259,342,182
1776757233.5295904,20.0,64,-16,65.96969000988257,8.025509733562355,0.037874857775456856,187,367,230,259,342,182
1776757233.5446525,20.0,64,-16,65.96969000988257,8.025509733562355,0.037874857775456856,187,367,230,259,342,182
1776757233.560109,20.0,64,-16,65.96969000988257,8.025509733562355,0.03839665254815284,187,367,230,258,342,182
1776757233.5926144,20.0,64,-16,65.96969000988257,8.025509733562355,0.03839665254815284,187,367,230,258,342,182
1776757233.6245456,20.0,64,-16,65.96969000988257,8.025509733562355,0.03839665254815284,187,367,230,258,342,182
1776757233.6931942,20.0,64,-16,65.96969000988257,8.025509733562355,0.03839665254815284,187,367,230,258,342,182
1776757233.7219117,20.0,64,-16,65.96969000988257,8.025509733562355,0.03839665254815284,187,367,230,258,342,182
1776757233.7540398,20.0,64,-16,65.96969000988257,8.025509733562355,0.03839665254815284,187,367,230,258,342,182
1776757233.7867398,20.0,64,-16,65.96969000988257,8.025509733562355,0.03839665254815284,187,367,230,258,342,182
1776757233.819364,20.0,64,-16,65.96969000988257,8.025509733562355,0.03839665254815284,187,367,230,258,342,182
1776757233.8502662,20.0,64,-16,65.96969000988257,8.025509733562355,0.03839665254815284,187,367,230,258,342,182
1776757233.8955967,20.0,64,-16,65.96969000988257,8.025509733562355,0.03839665254815284,187,367,230,258,342,182
1776757233.9277222,20.0,64,-16,65.96969000988257,8.025509733562355,0.03839665254815284,187,367,230,258,342,182
1776757233.9415643,20.0,64,-16,65.96969000988257,8.025509733562355,0.03839665254815284,187,367,230,258,342,182
1776757233.9599092,20.0,64,-16,65.96969000988257,8.025509733562355,0.03839665254815284,187,367,230,258,342,182
1776757233.9923823,20.0,64,-16,65.96969000988257,8.025509733562355,0.03839665254815284,187,367,230,258,342,182
1776757234.024422,20.0,64,-16,65.96969000988257,8.025509733562355,0.03839665254815284,187,367,230,258,342,182
1776757234.0885487,20.0,64,-16,65.96969000988257,8.025509733562355,0.03839665254815284,187,367,230,258,342,182
1776757234.1209886,20.0,64,-16,65.96969000988257,8.025509733562355,0.03839665254815284,187,367,230,258,342,182
1776757234.159706,20.0,64,-16,65.96969000988257,8.025509733562355,0.03839665254815284,187,367,230,258,342,182
1776757234.1868944,20.0,64,-16,65.96969000988257,8.025509733562355,0.03839665254815284,187,367,230,258,342,182
1776757234.2178657,20.0,64,-16,65.96969000988257,8.025509733562355,0.03839665254815284,187,367,230,258,342,182
1776757234.249494,20.0,65,-16,66.94027188471824,8.143585387435309,0.03852560538337842,187,367,230,258,343,182
1776757234.298033,20.0,65,-16,66.94027188471824,8.143585387435309,0.03852560538337842,187,367,230,258,343,182
1776757234.3146553,20.0,65,-16,66.94027188471824,8.143585387435309,0.03852560538337842,187,367,230,258,343,182
1776757234.3317218,20.0,65,-16,66.94027188471824,8.143585387435309,0.03852560538337842,187,367,230,258,343,182
1776757234.361994,20.0,65,-16,66.94027188471824,8.143585387435309,0.03852560538337842,187,367,230,258,343,182
1776757234.3923087,20.0,65,-16,66.94027188471824,8.143585387435309,0.03852560538337842,187,367,230,258,343,182
1776757234.4240115,20.0,65,-16,66.94027188471824,8.143585387435309,0.03852560538337842,187,367,230,258,343,182
1776757234.4884412,20.0,65,-16,66.94027188471824,8.143585387435309,0.03852560538337842,187,367,230,258,343,182
1776757234.5232522,20.0,65,-16,66.94027188471824,8.143585387435309,0.03852560538337842,187,367,230,258,343,182
1776757234.5537698,20.0,65,-16,66.94027188471824,8.143585387435309,0.03852560538337842,187,367,230,258,343,182
1776757234.5897317,20.0,65,-16,66.94027188471824,8.143585387435309,0.03852560538337842,187,367,230,258,343,182
1776757234.619391,20.0,65,-16,66.94027188471824,8.143585387435309,0.03852560538337842,187,367,230,258,343,182
1776757234.6655445,20.0,65,-16,66.94027188471824,8.143585387435309,0.03852560538337842,187,367,230,258,343,182
1776757234.6993906,20.0,65,-16,66.94027188471824,8.143585387435309,0.03784928719943781,187,367,231,258,343,182
1776757234.7136128,20.0,65,-16,66.94027188471824,8.143585387435309,0.03784928719943781,187,367,231,258,343,182
1776757234.7318747,20.0,65,-16,66.94027188471824,8.143585387435309,0.03784928719943781,187,367,231,258,343,182
1776757234.7620704,20.0,65,-16,66.94027188471824,8.143585387435309,0.03784928719943781,187,367,231,258,343,182
1776757234.7935166,20.0,65,-16,66.94027188471824,8.143585387435309,0.03784928719943781,187,367,231,258,343,182
1776757234.8247392,20.0,65,-16,66.94027188471824,8.143585387435309,0.03784928719943781,187,367,231,258,343,182
1776757234.891518,20.0,65,-16,66.94027188471824,8.143585387435309,0.03784928719943781,187,367,231,258,343,182
1776757234.9254222,20.0,65,-16,66.94027188471824,8.143585387435309,0.03784928719943781,187,367,231,258,343,182
1776757234.9646413,20.0,65,-16,66.94027188471824,8.143585387435309,0.03784928719943781,187,367,231,258,343,182
1776757234.9870074,20.0,65,-16,66.94027188471824,8.143585387435309,0.03784928719943781,187,367,231,258,343,182
1776757235.0197291,20.0,65,-16,66.94027188471824,8.143585387435309,0.03784928719943781,187,367,231,258,343,182
1776757235.0638669,20.0,65,-16,66.94027188471824,8.143585387435309,0.03784928719943781,187,367,231,258,343,182
1776757235.0960495,20.0,65,-16,66.94027188471824,8.143585387435309,0.03784928719943781,187,367,231,258,343,182
1776757235.1083474,20.0,65,-16,66.94027188471824,8.143585387435309,0.03784928719943781,187,367,231,258,343,182
1776757235.1262932,20.0,65,-16,66.94027188471824,8.143585387435309,0.03784928719943781,187,367,231,258,343,182
1776757235.160527,20.0,65,-16,66.94027188471824,8.143585387435309,0.03784928719943781,187,367,231,258,343,182
1776757235.1914184,20.0,65,-16,66.94027188471824,8.143585387435309,0.03784928719943781,187,367,231,258,343,182
1776757235.2574978,20.0,65,-16,66.94027188471824,8.143585387435309,0.03784928719943781,187,367,231,258,343,182
1776757235.2885754,20.0,65,-16,66.94027188471824,8.143585387435309,0.03784928719943781,187,367,231,258,343,182
1776757235.3223777,20.0,65,-16,66.94027188471824,8.143585387435309,0.03784928719943781,187,367,231,258,343,182
1776757235.3542552,20.0,65,-16,66.94027188471824,8.143585387435309,0.03784928719943781,187,367,231,258,343,182
1776757235.3872294,20.0,65,-16,66.94027188471824,8.143585387435309,0.03784928719943781,187,367,231,258,343,182
1776757235.420585,20.0,65,-16,66.94027188471824,8.143585387435309,0.03784928719943781,187,367,231,258,343,182
1776757235.46539,20.0,65,-16,66.94027188471824,8.143585387435309,0.03784928719943781,187,367,231,258,343,182
1776757235.4987726,20.0,65,-16,66.94027188471824,8.143585387435309,0.03784928719943781,187,367,231,258,343,182
1776757235.5122607,20.0,65,-16,66.94027188471824,8.143585387435309,0.03784928719943781,187,367,231,258,343,182
1776757235.5317352,20.0,65,-16,66.94027188471824,8.143585387435309,0.03784928719943781,187,367,231,258,343,182
1776757235.5609372,20.0,65,-16,66.94027188471824,8.143585387435309,0.03784928719943781,187,367,231,258,343,182
1776757235.5929592,20.0,65,-16,66.94027188471824,8.143585387435309,0.03784928719943781,187,367,231,258,343,182
1776757235.6248941,20.0,65,-16,66.94027188471824,8.143585387435309,0.03784928719943781,187,367,231,258,343,182
1776757235.6894069,20.0,66,-16,67.91170738539859,8.261764888734621,0.0379802143603203,187,367,231,258,344,182
1776757235.725479,20.0,66,-16,67.91170738539859,8.261764888734621,0.0379802143603203,187,367,231,258,344,182
1776757235.7535424,20.0,66,-16,67.91170738539859,8.261764888734621,0.0379802143603203,187,367,231,258,344,182
1776757235.7863498,20.0,66,-16,67.91170738539859,8.261764888734621,0.0379802143603203,187,367,231,258,344,182
1776757235.8324814,20.0,66,-16,67.91170738539859,8.261764888734621,0.0379802143603203,187,367,231,258,344,182
1776757235.867565,20.0,66,-16,67.91170738539859,8.261764888734621,0.0379802143603203,187,367,231,258,344,182
1776757235.881467,20.0,66,-16,67.91170738539859,8.261764888734621,0.0379802143603203,187,367,231,258,344,182
1776757235.896237,20.0,66,-16,67.91170738539859,8.261764888734621,0.0379802143603203,187,367,231,258,344,182
1776757235.929325,20.0,66,-16,67.91170738539859,8.261764888734621,0.0379802143603203,187,367,231,258,344,182
1776757235.9600558,20.0,66,-16,67.91170738539859,8.261764888734621,0.0379802143603203,187,367,231,258,344,182
1776757235.9910767,20.0,66,-16,67.91170738539859,8.261764888734621,0.0379802143603203,187,367,231,258,344,182
1776757236.058976,20.0,66,-16,67.91170738539859,8.261764888734621,0.0379802143603203,187,367,231,258,344,182
1776757236.0898492,20.0,66,-16,67.91170738539859,8.261764888734621,0.0379802143603203,187,367,231,258,344,182
1776757236.1226654,20.0,66,-16,67.91170738539859,8.261764888734621,0.0379802143603203,187,367,231,258,344,182
1776757236.1540895,20.0,66,-16,67.91170738539859,8.261764888734621,0.0379802143603203,187,367,231,258,344,182
1776757236.186343,20.0,66,-16,67.91170738539859,8.261764888734621,0.0379802143603203,187,367,231,258,344,182
1776757236.2333136,20.0,66,-16,67.91170738539859,8.261764888734621,0.0379802143603203,187,367,231,258,344,182
1776757236.2649724,20.0,66,-16,67.91170738539859,8.261764888734621,0.0379802143603203,187,367,231,258,344,182
1776757236.2777786,20.0,66,-16,67.91170738539859,8.261764888734621,0.0379802143603203,187,367,231,258,344,182
1776757236.2967975,20.0,66,-16,67.91170738539859,8.261764888734621,0.0379802143603203,187,367,231,258,344,182
1776757236.3292613,20.0,66,-16,67.91170738539859,8.261764888734621,0.0379802143603203,187,367,231,258,344,182
1776757236.3616586,20.0,66,-16,67.91170738539859,8.261764888734621,0.0379802143603203,187,367,231,258,344,182
1776757236.3953176,20.0,66,-16,67.91170738539859,8.261764888734621,0.0379802143603203,187,367,231,258,344,182
1776757236.424727,20.0,66,-16,67.91170738539859,8.261764888734621,0.0379802143603203,187,367,231,258,344,182
1776757236.4894154,20.0,66,-16,67.91170738539859,8.261764888734621,0.0379802143603203,187,367,231,258,344,182
1776757236.521857,20.0,66,-16,67.91170738539859,8.261764888734621,0.0379802143603203,187,367,231,258,344,182
1776757236.555072,20.0,66,-16,67.91170738539859,8.261764888734621,0.0379802143603203,187,367,231,258,344,182
1776757236.5857131,20.0,66,-16,67.91170738539859,8.261764888734621,0.0379802143603203,187,367,231,258,344,182
1776757236.6337798,20.0,66,-16,67.91170738539859,8.261764888734621,0.0379802143603203,187,367,231,258,344,182
1776757236.6676147,20.0,66,-16,67.91170738539859,8.261764888734621,0.0379802143603203,187,367,231,258,344,182
1776757236.6821918,20.0,66,-16,67.91170738539859,8.261764888734621,0.0379802143603203,187,367,231,258,344,182
1776757236.697845,20.0,66,-16,67.91170738539859,8.261764888734621,0.0379802143603203,187,367,231,258,344,182
1776757236.728609,20.0,66,-16,67.91170738539859,8.261764888734621,0.037304931124939565,187,367,232,258,344,182
1776757236.7596343,20.0,66,-16,67.91170738539859,8.261764888734621,0.037304931124939565,187,367,232,258,344,182
1776757236.7918055,20.0,66,-16,67.91170738539859,8.261764888734621,0.037304931124939565,187,367,232,258,344,182
1776757236.8600652,20.0,66,-16,67.91170738539859,8.261764888734621,0.03783211713314711,187,367,232,257,344,182
1776757236.891709,20.0,66,-16,67.91170738539859,8.261764888734621,0.03783211713314711,187,367,232,257,344,182
1776757236.921857,20.0,66,-16,67.91170738539859,8.261764888734621,0.03783211713314711,187,367,232,257,344,182
1776757236.9558938,20.0,66,-16,67.91170738539859,8.261764888734621,0.03783211713314711,187,367,232,257,344,182
1776757237.0015032,20.0,66,-16,67.91170738539859,8.261764888734621,0.03783211713314711,187,367,232,257,344,182
1776757237.0356627,20.0,66,-16,67.91170738539859,8.261764888734621,0.03783211713314711,187,367,232,257,344,182
1776757237.0506327,20.0,66,-16,67.91170738539859,8.261764888734621,0.03783211713314711,187,367,232,257,344,182
1776757237.0667021,20.0,67,-16,68.8839603971781,8.38004384393894,0.03796098276102728,187,367,232,257,345,182
1776757237.098349,20.0,67,-16,68.8839603971781,8.38004384393894,0.03796098276102728,187,367,232,257,345,182
1776757237.1298208,20.0,67,-16,68.8839603971781,8.38004384393894,0.03796098276102728,187,367,232,257,345,182
1776757237.1616066,20.0,67,-16,68.8839603971781,8.38004384393894,0.03796098276102728,187,367,232,257,345,182
1776757237.193084,20.0,67,-16,68.8839603971781,8.38004384393894,0.03796098276102728,187,367,232,257,345,182
1776757237.2237482,20.0,67,-16,68.8839603971781,8.38004384393894,0.03796098276102728,187,367,232,257,345,182
1776757237.2903829,20.0,67,-16,68.8839603971781,8.38004384393894,0.03796098276102728,187,367,232,257,345,182
1776757237.3190572,20.0,67,-16,68.8839603971781,8.38004384393894,0.03796098276102728,187,367,232,257,345,182
1776757237.3537018,20.0,67,-16,68.8839603971781,8.38004384393894,0.03796098276102728,187,367,232,257,345,182
1776757237.3996468,20.0,67,-16,68.8839603971781,8.38004384393894,0.03796098276102728,187,367,232,257,345,182
1776757237.4323742,20.0,67,-16,68.8839603971781,8.38004384393894,0.03796098276102728,187,367,232,257,345,182
1776757237.446042,20.0,67,-16,68.8839603971781,8.38004384393894,0.03796098276102728,187,367,232,257,345,182
1776757237.4660547,20.0,67,-16,68.8839603971781,8.38004384393894,0.03796098276102728,187,367,232,257,345,182
1776757237.4960973,20.0,67,-16,68.8839603971781,8.38004384393894,0.03796098276102728,187,367,232,257,345,182
1776757237.5303986,20.0,67,-16,68.8839603971781,8.38004384393894,0.03796098276102728,187,367,232,257,345,182
1776757237.5585542,20.0,67,-16,68.8839603971781,8.38004384393894,0.03796098276102728,187,367,232,257,345,182
1776757237.592564,20.0,67,-16,68.8839603971781,8.38004384393894,0.03796098276102728,187,367,232,257,345,182
1776757237.6243625,20.0,67,-16,68.8839603971781,8.38004384393894,0.03796098276102728,187,367,232,257,345,182
1776757237.6920836,20.0,67,-16,68.8839603971781,8.38004384393894,0.03796098276102728,187,367,232,257,345,182
1776757237.7240467,20.0,67,-16,68.8839603971781,8.38004384393894,0.03796098276102728,187,367,232,257,345,182
1776757237.757186,20.0,67,-16,68.8839603971781,8.38004384393894,0.03796098276102728,187,367,232,257,345,182
1776757237.8021061,20.0,67,-16,68.8839603971781,8.38004384393894,0.03796098276102728,187,367,232,257,345,182
1776757237.851646,20.0,67,-16,68.8839603971781,8.38004384393894,0.03796098276102728,187,367,232,257,345,182
1776757237.8686051,20.0,67,-16,68.8839603971781,8.38004384393894,0.03796098276102728,187,367,232,257,345,182
1776757237.884093,20.0,67,-16,68.8839603971781,8.38004384393894,0.03796098276102728,187,367,232,257,345,182
1776757237.8984072,20.0,67,-16,68.8839603971781,8.38004384393894,0.03796098276102728,187,367,232,257,345,182
1776757237.9275255,20.0,67,-16,68.8839603971781,8.38004384393894,0.03796098276102728,187,367,232,257,345,182
1776757237.9597564,20.0,67,-16,68.8839603971781,8.38004384393894,0.03796098276102728,187,367,232,257,345,182
1776757237.9924374,20.0,67,-16,68.8839603971781,8.38004384393894,0.03796098276102728,187,367,232,257,345,182
1776757238.0232832,20.0,67,-17,69.12307863514182,8.409133653910196,0.03750089325569047,187,367,232,257,345,181
1776757238.0892375,20.0,67,-17,69.12307863514182,8.409133653910196,0.03750089325569047,187,367,232,257,345,181
1776757238.121995,20.0,67,-17,69.12307863514182,8.409133653910196,0.03750089325569047,187,367,232,257,345,181
1776757238.1529412,20.0,67,-17,69.12307863514182,8.409133653910196,0.03750089325569047,187,367,232,257,345,181
1776757238.2016175,20.0,67,-17,69.12307863514182,8.409133653910196,0.03750089325569047,187,367,232,257,345,181
1776757238.2366507,20.0,67,-17,69.12307863514182,8.409133653910196,0.03750089325569047,187,367,232,257,345,181
1776757238.251075,20.0,67,-17,69.12307863514182,8.409133653910196,0.03750089325569047,187,367,232,257,345,181
1776757238.267842,20.0,67,-17,69.12307863514182,8.409133653910196,0.03750089325569047,187,367,232,257,345,181
1776757238.3000872,20.0,67,-17,69.12307863514182,8.409133653910196,0.03750089325569047,187,367,232,257,345,181
1776757238.3305557,20.0,67,-17,69.12307863514182,8.409133653910196,0.03750089325569047,187,367,232,257,345,181
1776757238.3617222,20.0,67,-17,69.12307863514182,8.409133653910196,0.03750089325569047,187,367,232,257,345,181
1776757238.393152,20.0,67,-17,69.12307863514182,8.409133653910196,0.03750089325569047,187,367,232,257,345,181
1776757238.4261882,20.0,67,-17,69.12307863514182,8.409133653910196,0.03750089325569047,187,367,232,257,345,181
1776757238.4898086,20.0,68,-17,70.09279563550022,8.527104091910003,0.037628519742797135,187,367,232,257,346,181
1776757238.5210884,20.0,68,-17,70.09279563550022,8.527104091910003,0.037628519742797135,187,367,232,257,346,181
1776757238.5695765,20.0,68,-17,70.09279563550022,8.527104091910003,0.037628519742797135,187,367,232,257,346,181
1776757238.6015444,20.0,68,-17,70.09279563550022,8.527104091910003,0.037628519742797135,187,367,232,257,346,181
1776757238.6168067,20.0,68,-17,70.09279563550022,8.527104091910003,0.037628519742797135,187,367,232,257,346,181
1776757238.6328154,20.0,68,-17,70.09279563550022,8.527104091910003,0.037628519742797135,187,367,232,257,346,181
1776757238.6650674,20.0,68,-17,70.09279563550022,8.527104091910003,0.037628519742797135,187,367,232,257,346,181
1776757238.6969523,20.0,68,-17,70.09279563550022,8.527104091910003,0.037628519742797135,187,367,232,257,346,181
1776757238.7291405,20.0,68,-17,70.09279563550022,8.527104091910003,0.037628519742797135,187,367,232,257,346,181
1776757238.761054,20.0,68,-17,70.09279563550022,8.527104091910003,0.037628519742797135,187,367,232,257,346,181
1776757238.7919652,20.0,68,-17,70.09279563550022,8.527104091910003,0.037628519742797135,187,367,232,257,346,181
1776757238.82347,20.0,68,-17,70.09279563550022,8.527104091910003,0.037628519742797135,187,367,232,257,346,181
1776757238.8910909,20.0,68,-17,70.09279563550022,8.527104091910003,0.037628519742797135,187,367,232,257,346,181
1776757238.9245954,20.0,68,-17,70.09279563550022,8.527104091910003,0.037628519742797135,187,367,232,257,346,181
1776757238.9696622,20.0,68,-17,70.09279563550022,8.527104091910003,0.037628519742797135,187,367,232,257,346,181
1776757239.0033088,20.0,68,-17,70.09279563550022,8.527104091910003,0.037628519742797135,187,367,232,257,346,181
1776757239.042538,20.0,68,-17,70.09279563550022,8.527104091910003,0.037628519742797135,187,367,232,257,346,181
1776757239.057705,20.0,68,-17,70.09279563550022,8.527104091910003,0.037628519742797135,187,367,232,257,346,181
1776757239.0714612,20.0,68,-17,70.09279563550022,8.527104091910003,0.037628519742797135,187,367,232,257,346,181
1776757239.0971763,20.0,68,-17,70.09279563550022,8.527104091910003,0.037628519742797135,187,367,232,257,346,181
1776757239.128798,20.0,68,-17,70.09279563550022,8.527104091910003,0.037628519742797135,187,367,232,257,346,181
1776757239.159666,20.0,68,-17,70.09279563550022,8.527104091910003,0.037628519742797135,187,367,232,257,346,181
1776757239.1917746,20.0,68,-17,70.09279563550022,8.527104091910003,0.037628519742797135,187,367,232,257,346,181
1776757239.223561,20.0,68,-17,70.09279563550022,8.527104091910003,0.037628519742797135,187,367,232,257,346,181
1776757239.2892206,20.0,68,-17,70.09279563550022,8.527104091910003,0.037628519742797135,187,367,232,257,346,181
1776757239.3204353,20.0,68,-17,70.09279563550022,8.527104091910003,0.037628519742797135,187,367,232,257,346,181
1776757239.3690107,20.0,68,-17,70.09279563550022,8.527104091910003,0.037628519742797135,187,367,232,257,346,181
1776757239.4038916,20.0,68,-17,70.09279563550022,8.527104091910003,0.037628519742797135,187,367,232,257,346,181
1776757239.4186695,20.0,68,-17,70.09279563550022,8.527104091910003,0.037628519742797135,187,367,232,257,346,181
1776757239.433128,20.0,68,-17,70.09279563550022,8.527104091910003,0.037628519742797135,187,367,232,257,346,181
1776757239.4647694,20.0,68,-17,70.09279563550022,8.527104091910003,0.037628519742797135,187,367,232,257,346,181
1776757239.4983604,20.0,68,-17,70.09279563550022,8.527104091910003,0.037628519742797135,187,367,232,257,346,181
1776757239.5265431,20.0,68,-17,70.09279563550022,8.527104091910003,0.037628519742797135,187,367,232,257,346,181
1776757239.5604167,20.0,68,-17,70.09279563550022,8.527104091910003,0.037628519742797135,187,367,232,257,346,181
1776757239.592532,20.0,68,-17,70.09279563550022,8.527104091910003,0.037628519742797135,187,367,232,257,346,181
1776757239.6234248,20.0,68,-17,70.09279563550022,8.527104091910003,0.037628519742797135,187,367,232,257,346,181
1776757239.6903627,20.0,68,-17,70.09279563550022,8.527104091910003,0.037628519742797135,187,367,232,257,346,181
1776757239.7358453,20.0,68,-17,70.09279563550022,8.527104091910003,0.037628519742797135,187,367,232,257,346,181
1776757239.7711117,20.0,68,-17,70.09279563550022,8.527104091910003,0.037628519742797135,187,367,232,257,346,181
1776757239.7836797,20.0,68,-17,70.09279563550022,8.527104091910003,0.037628519742797135,187,367,232,257,346,181
1776757239.8050294,20.0,68,-17,70.09279563550022,8.527104091910003,0.037628519742797135,187,367,232,257,346,181
1776757239.8354442,20.0,68,-17,70.09279563550022,8.527104091910003,0.037628519742797135,187,367,232,257,346,181
1776757239.8642194,20.0,68,-17,70.09279563550022,8.527104091910003,0.037628519742797135,187,367,232,257,346,181
1776757239.8967886,20.0,68,-17,70.09279563550022,8.527104091910003,0.038142228027208604,187,367,232,256,346,181
1776757239.9280417,20.0,68,-17,70.09279563550022,8.527104091910003,0.038142228027208604,187,367,232,256,346,181
1776757239.959922,20.0,68,-17,70.09279563550022,8.527104091910003,0.038142228027208604,187,367,232,256,346,181
1776757239.9915392,20.0,68,-17,70.09279563550022,8.527104091910003,0.038142228027208604,187,367,232,256,346,181
1776757240.0592399,20.0,68,-17,70.09279563550022,8.527104091910003,0.038142228027208604,187,367,232,256,346,181
1776757240.0897446,20.0,68,-17,70.09279563550022,8.527104091910003,0.038142228027208604,187,367,232,256,346,181
1776757240.136091,20.0,69,-17,71.06335201775947,8.645176644496285,0.0382615445898949,187,367,232,256,347,181
1776757240.1722066,20.0,69,-17,71.06335201775947,8.645176644496285,0.0382615445898949,187,367,232,256,347,181
1776757240.1863158,20.0,69,-17,71.06335201775947,8.645176644496285,0.0382615445898949,187,367,232,256,347,181
1776757240.2030675,20.0,69,-17,71.06335201775947,8.645176644496285,0.0382615445898949,187,367,232,256,347,181
1776757240.2346864,20.0,69,-17,71.06335201775947,8.645176644496285,0.0382615445898949,187,367,232,256,347,181
1776757240.265303,20.0,69,-17,71.06335201775947,8.645176644496285,0.0382615445898949,187,367,232,256,347,181
1776757240.2968314,20.0,69,-17,71.06335201775947,8.645176644496285,0.0382615445898949,187,367,232,256,347,181
1776757240.3284278,20.0,69,-17,71.06335201775947,8.645176644496285,0.0382615445898949,187,367,232,256,347,181
1776757240.3593872,20.0,69,-17,71.06335201775947,8.645176644496285,0.0382615445898949,187,367,232,256,347,181
1776757240.393567,20.0,69,-17,71.06335201775947,8.645176644496285,0.0382615445898949,187,367,232,256,347,181
1776757240.4247882,20.0,69,-17,71.06335201775947,8.645176644496285,0.0382615445898949,187,367,232,256,347,181
1776757240.4908764,20.0,69,-17,71.06335201775947,8.645176644496285,0.0382615445898949,187,367,232,256,347,181
1776757240.5377762,20.0,69,-17,71.06335201775947,8.645176644496285,0.0382615445898949,187,367,232,256,347,181
1776757240.571302,20.0,69,-17,71.06335201775947,8.645176644496285,0.0382615445898949,187,367,232,256,347,181
1776757240.584035,20.0,69,-17,71.06335201775947,8.645176644496285,0.0382615445898949,187,367,232,256,347,181
1776757240.6212735,20.0,69,-17,71.06335201775947,8.645176644496285,0.0382615445898949,187,367,232,256,347,181
1776757240.635498,20.0,69,-17,71.06335201775947,8.645176644496285,0.0382615445898949,187,367,232,256,347,181
1776757240.6648796,20.0,69,-17,71.06335201775947,8.645176644496285,0.0382615445898949,187,367,232,256,347,181
1776757240.695099,20.0,69,-17,71.06335201775947,8.645176644496285,0.0382615445898949,187,367,232,256,347,181
1776757240.729309,20.0,69,-17,71.06335201775947,8.645176644496285,0.0382615445898949,187,367,232,256,347,181
1776757240.7609851,20.0,69,-17,71.06335201775947,8.645176644496285,0.0382615445898949,187,367,232,256,347,181
1776757240.7913098,20.0,69,-17,71.06335201775947,8.645176644496285,0.0382615445898949,187,367,232,256,347,181
1776757240.8560865,20.0,69,-17,71.06335201775947,8.645176644496285,0.0382615445898949,187,367,232,256,347,181
1776757240.8890922,20.0,69,-17,71.06335201775947,8.645176644496285,0.0382615445898949,187,367,232,256,347,181
1776757240.9414196,20.0,69,-17,71.06335201775947,8.645176644496285,0.0382615445898949,187,367,232,256,347,181
1776757240.958213,20.0,69,-17,71.06335201775947,8.645176644496285,0.0382615445898949,187,367,232,256,347,181
1776757240.9745986,20.0,69,-17,71.06335201775947,8.645176644496285,0.0382615445898949,187,367,232,256,347,181
1776757241.001953,20.0,69,-17,71.06335201775947,8.645176644496285,0.0382615445898949,187,367,232,256,347,181
1776757241.0330148,20.0,69,-17,71.06335201775947,8.645176644496285,0.0382615445898949,187,367,232,256,347,181
1776757241.0668564,20.0,69,-17,71.06335201775947,8.645176644496285,0.0382615445898949,187,367,232,256,347,181
1776757241.09964,20.0,69,-17,71.06335201775947,8.645176644496285,0.0382615445898949,187,367,232,256,347,181
1776757241.131747,20.0,69,-17,71.06335201775947,8.645176644496285,0.0382615445898949,187,367,232,256,347,181
1776757241.1601193,20.0,69,-17,71.06335201775947,8.645176644496285,0.0382615445898949,187,367,232,256,347,181
1776757241.1918447,20.0,69,-17,71.06335201775947,8.645176644496285,0.0382615445898949,187,367,232,256,347,181
1776757241.2241664,20.0,69,-17,71.06335201775947,8.645176644496285,0.0382615445898949,187,367,232,256,347,181
1776757241.311791,20.0,69,-17,71.06335201775947,8.645176644496285,0.0382615445898949,187,367,232,256,347,181
1776757241.3392146,20.0,69,-17,71.06335201775947,8.645176644496285,0.0382615445898949,187,367,232,256,347,181
1776757241.355835,20.0,69,-17,71.06335201775947,8.645176644496285,0.0382615445898949,187,367,232,256,347,181
1776757241.3692544,20.0,69,-17,71.06335201775947,8.645176644496285,0.0382615445898949,187,367,232,256,347,181
1776757241.4015193,20.0,69,-17,71.06335201775947,8.645176644496285,0.0382615445898949,187,367,232,256,347,181
1776757241.4331257,20.0,69,-17,71.06335201775947,8.645176644496285,0.0382615445898949,187,367,232,256,347,181
1776757241.4677303,20.0,69,-17,71.06335201775947,8.645176644496285,0.0382615445898949,187,367,232,256,347,181
1776757241.4968944,20.0,69,-17,71.06335201775947,8.645176644496285,0.0382615445898949,187,367,232,256,347,181
1776757241.5337584,20.0,69,-17,71.06335201775947,8.645176644496285,0.0382615445898949,187,367,232,256,347,181
1776757241.5600555,20.0,70,-17,72.03471385380801,8.763347184161558,0.03837659659282749,187,367,232,256,348,181
1776757241.593486,20.0,70,-17,72.03471385380801,8.763347184161558,0.03837659659282749,187,367,232,256,348,181
1776757241.6246738,20.0,70,-17,72.03471385380801,8.763347184161558,0.03837659659282749,187,367,232,256,348,181
1776757241.7045527,20.0,70,-17,72.03471385380801,8.763347184161558,0.03837659659282749,187,367,232,256,348,181
1776757241.7346356,20.0,70,-17,72.03471385380801,8.763347184161558,0.03837659659282749,187,367,232,256,348,181
1776757241.7480605,20.0,70,-17,72.03471385380801,8.763347184161558,0.03837659659282749,187,367,232,256,348,181
1776757241.7681537,20.0,70,-17,72.03471385380801,8.763347184161558,0.03837659659282749,187,367,232,256,348,181
1776757241.808459,20.0,70,-17,72.03471385380801,8.763347184161558,0.03837659659282749,187,367,232,256,348,181
1776757241.8342087,20.0,70,-17,72.03471385380801,8.763347184161558,0.03837659659282749,187,367,232,256,348,181
1776757241.8651142,20.0,70,-17,72.03471385380801,8.763347184161558,0.03837659659282749,187,367,232,256,348,181
1776757241.8977017,20.0,70,-17,72.03471385380801,8.763347184161558,0.03837659659282749,187,367,232,256,348,181
1776757241.9277291,20.0,70,-17,72.03471385380801,8.763347184161558,0.03837659659282749,187,367,232,256,348,181
1776757241.9613092,20.0,70,-17,72.03471385380801,8.763347184161558,0.03837659659282749,187,367,232,256,348,181
1776757241.9943733,20.0,70,-17,72.03471385380801,8.763347184161558,0.03837659659282749,187,367,232,256,348,181
1776757242.0584824,20.0,70,-17,72.03471385380801,8.763347184161558,0.03837659659282749,187,367,232,256,348,181
1776757242.1067722,20.0,70,-17,72.03471385380801,8.763347184161558,0.03837659659282749,187,367,232,256,348,181
1776757242.1381893,20.0,70,-17,72.03471385380801,8.763347184161558,0.03837659659282749,187,367,232,256,348,181
1776757242.1516461,20.0,70,-17,72.03471385380801,8.763347184161558,0.03837659659282749,187,367,232,256,348,181
1776757242.1701462,20.0,70,-17,72.03471385380801,8.763347184161558,0.03837659659282749,187,367,232,256,348,181
1776757242.2011018,20.0,70,-17,72.03471385380801,8.763347184161558,0.03837659659282749,187,367,232,256,348,181
1776757242.2333155,20.0,70,-17,72.03471385380801,8.763347184161558,0.03837659659282749,187,367,232,256,348,181
1776757242.2650082,20.0,70,-17,72.03471385380801,8.763347184161558,0.03837659659282749,187,367,232,256,348,181
1776757242.2953835,20.0,70,-17,72.03471385380801,8.763347184161558,0.03837659659282749,187,367,232,256,348,181
1776757242.3298173,20.0,70,-17,72.03471385380801,8.763347184161558,0.03837659659282749,187,367,232,256,348,181
1776757242.3596978,20.0,70,-17,72.03471385380801,8.763347184161558,0.03837659659282749,187,367,232,256,348,181
1776757242.3928049,20.0,70,-17,72.03471385380801,8.763347184161558,0.03837659659282749,187,367,232,256,348,181
1776757242.423693,20.0,70,-17,72.03471385380801,8.763347184161558,0.03837659659282749,187,367,232,256,348,181
1776757242.5077412,20.0,71,-17,73.00684899377592,8.88161179972943,0.03785259010521134,187,367,233,256,349,181
1776757242.5196283,20.0,71,-17,73.00684899377592,8.88161179972943,0.03785259010521134,187,367,233,256,349,181
1776757242.5366168,20.0,71,-17,73.00684899377592,8.88161179972943,0.03785259010521134,187,367,233,256,349,181
1776757242.5687644,20.0,71,-17,73.00684899377592,8.88161179972943,0.03785259010521134,187,367,233,256,349,181
1776757242.6008704,20.0,71,-17,73.00684899377592,8.88161179972943,0.03785259010521134,187,367,233,256,349,181
1776757242.6343935,20.0,71,-17,73.00684899377592,8.88161179972943,0.03785259010521134,187,367,233,256,349,181
1776757242.6669505,20.0,71,-17,73.00684899377592,8.88161179972943,0.03785259010521134,187,367,233,256,349,181
1776757242.6971881,20.0,71,-17,73.00684899377592,8.88161179972943,0.03785259010521134,187,367,233,256,349,181
1776757242.7283463,20.0,71,-17,73.00684899377592,8.88161179972943,0.03785259010521134,187,367,233,256,349,181
1776757242.7606921,20.0,71,-17,73.00684899377592,8.88161179972943,0.03785259010521134,187,367,233,256,349,181
1776757242.7917092,20.0,71,-17,73.00684899377592,8.88161179972943,0.03785259010521134,187,367,233,256,349,181
1776757242.8245573,20.0,71,-17,73.00684899377592,8.88161179972943,0.03785259010521134,187,367,233,256,349,181
1776757242.9132018,20.0,71,-17,73.00684899377592,8.88161179972943,0.03785259010521134,187,367,233,256,349,181
1776757242.9315786,20.0,71,-17,73.00684899377592,8.88161179972943,0.03785259010521134,187,367,233,256,349,181
1776757242.9455116,20.0,71,-17,73.00684899377592,8.88161179972943,0.03785259010521134,187,367,233,256,349,181
1776757242.9680536,20.0,71,-17,73.00684899377592,8.88161179972943,0.03785259010521134,187,367,233,256,349,181
1776757243.000616,20.0,71,-17,73.00684899377592,8.88161179972943,0.03785259010521134,187,367,233,256,349,181
1776757243.035777,20.0,71,-17,73.00684899377592,8.88161179972943,0.03785259010521134,187,367,233,256,349,181
1776757243.0662403,20.0,71,-17,73.00684899377592,8.88161179972943,0.03835924077600565,187,367,233,255,349,181
1776757243.0980082,20.0,71,-17,73.00684899377592,8.88161179972943,0.03835924077600565,187,367,233,255,349,181
1776757243.1288052,20.0,71,-17,73.00684899377592,8.88161179972943,0.03835924077600565,187,367,233,255,349,181
1776757243.159182,20.0,71,-17,73.00684899377592,8.88161179972943,0.03835924077600565,187,367,233,255,349,181
1776757243.1916137,20.0,71,-17,73.00684899377592,8.88161179972943,0.03835924077600565,187,367,233,255,349,181
1776757243.2797477,20.0,71,-17,73.00684899377592,8.88161179972943,0.03835924077600565,187,367,233,255,349,181
1776757243.3098722,20.0,71,-17,73.00684899377592,8.88161179972943,0.03835924077600565,187,367,233,255,349,181
1776757243.3280644,20.0,71,-17,73.00684899377592,8.88161179972943,0.03835924077600565,187,367,233,255,349,181
1776757243.3438404,20.0,71,-17,73.00684899377592,8.88161179972943,0.03835924077600565,187,367,233,255,349,181
1776757243.3682446,20.0,72,-17,73.97972695272672,8.99996678257016,0.03846809328052205,187,367,233,255,350,181
1776757243.4054613,20.0,72,-17,73.97972695272672,8.99996678257016,0.03846809328052205,187,367,233,255,350,181
1776757243.4341943,20.0,72,-17,73.97972695272672,8.99996678257016,0.03846809328052205,187,367,233,255,350,181
1776757243.4685485,20.0,72,-17,73.97972695272672,8.99996678257016,0.03846809328052205,187,367,233,255,350,181
1776757243.4985821,20.0,72,-17,73.97972695272672,8.99996678257016,0.03846809328052205,187,367,233,255,350,181
1776757243.530387,20.0,72,-17,73.97972695272672,8.99996678257016,0.03846809328052205,187,367,233,255,350,181
1776757243.5608332,20.0,72,-17,73.97972695272672,8.99996678257016,0.03846809328052205,187,367,233,255,350,181
1776757243.593312,20.0,72,-17,73.97972695272672,8.99996678257016,0.03846809328052205,187,367,233,255,350,181
1776757243.6751482,20.0,72,-17,73.97972695272672,8.99996678257016,0.03846809328052205,187,367,233,255,350,181
1776757243.6926236,20.0,72,-17,73.97972695272672,8.99996678257016,0.03846809328052205,187,367,233,255,350,181
1776757243.710325,20.0,72,-17,73.97972695272672,8.99996678257016,0.03846809328052205,187,367,233,255,350,181
1776757243.7353363,20.0,72,-17,73.97972695272672,8.99996678257016,0.03846809328052205,187,367,233,255,350,181
1776757243.7683396,20.0,72,-17,73.97972695272672,8.99996678257016,0.03841316146272354,187,366,233,255,350,181
1776757243.8003848,20.0,72,-17,73.97972695272672,8.99996678257016,0.03841316146272354,187,366,233,255,350,181
1776757243.8334544,20.0,72,-17,73.97972695272672,8.99996678257016,0.03841316146272354,187,366,233,255,350,181
1776757243.8660796,20.0,72,-17,73.97972695272672,8.99996678257016,0.03841316146272354,187,366,233,255,350,181
1776757243.9041722,20.0,72,-17,73.97972695272672,8.99996678257016,0.03841316146272354,187,366,233,255,350,181
1776757243.9298809,20.0,72,-17,73.97972695272672,8.99996678257016,0.03841316146272354,187,366,233,255,350,181
1776757243.96282,20.0,72,-17,73.97972695272672,8.99996678257016,0.03841316146272354,187,366,233,255,350,181
1776757243.9950519,20.0,72,-17,73.97972695272672,8.99996678257016,0.03841316146272354,187,366,233,255,350,181
1776757244.0746052,20.0,72,-17,73.97972695272672,8.99996678257016,0.03841316146272354,187,366,233,255,350,181
1776757244.0909736,20.0,72,-17,73.97972695272672,8.99996678257016,0.03841316146272354,187,366,233,255,350,181
1776757244.1058488,20.0,72,-17,73.97972695272672,8.99996678257016,0.03841316146272354,187,366,233,255,350,181
1776757244.1374938,20.0,72,-17,73.97972695272672,8.99996678257016,0.03841316146272354,187,366,233,255,350,181
1776757244.168682,20.0,72,-17,73.97972695272672,8.99996678257016,0.03841316146272354,187,366,233,255,350,181
1776757244.2014494,20.0,72,-17,73.97972695272672,8.99996678257016,0.03841316146272354,187,366,233,255,350,181
1776757244.233908,20.0,72,-17,73.97972695272672,8.99996678257016,0.03841316146272354,187,366,233,255,350,181
1776757244.2667305,20.0,72,-17,73.97972695272672,8.99996678257016,0.03841316146272354,187,366,233,255,350,181
1776757244.2979593,20.0,72,-17,73.97972695272672,8.99996678257016,0.03841316146272354,187,366,233,255,350,181
1776757244.3281643,20.0,72,-17,73.97972695272672,8.99996678257016,0.03841316146272354,187,366,233,255,350,181
1776757244.3605945,20.0,73,-17,74.95331880577403,9.118408613841122,0.03851857924540802,187,366,233,255,351,181
1776757244.3920858,20.0,73,-17,74.95331880577403,9.118408613841122,0.03851857924540802,187,366,233,255,351,181
1776757244.4423516,20.0,73,-17,74.95331880577403,9.118408613841122,0.03789258348313889,187,366,234,255,351,181
1776757244.4724877,20.0,73,-17,74.95331880577403,9.118408613841122,0.03789258348313889,187,366,234,255,351,181
1776757244.5045218,20.0,73,-17,74.95331880577403,9.118408613841122,0.03789258348313889,187,366,234,255,351,181
1776757244.536746,20.0,73,-17,74.95331880577403,9.118408613841122,0.03789258348313889,187,366,234,255,351,181
1776757244.5694535,20.0,73,-17,74.95331880577403,9.118408613841122,0.03789258348313889,187,366,234,255,351,181
1776757244.6073403,20.0,73,-17,74.95331880577403,9.118408613841122,0.03789258348313889,187,366,234,255,351,181
1776757244.6337042,20.0,73,-17,74.95331880577403,9.118408613841122,0.03789258348313889,187,366,234,255,351,181
1776757244.6661093,20.0,73,-17,74.95331880577403,9.118408613841122,0.03789258348313889,187,366,234,255,351,181
1776757244.6976783,20.0,73,-17,74.95331880577403,9.118408613841122,0.03789258348313889,187,366,234,255,351,181
1776757244.7311404,20.0,73,-17,74.95331880577403,9.118408613841122,0.03789258348313889,187,366,234,255,351,181
1776757244.7612422,20.0,73,-17,74.95331880577403,9.118408613841122,0.03789258348313889,187,366,234,255,351,181
1776757244.7917042,20.0,73,-17,74.95331880577403,9.118408613841122,0.03789258348313889,187,366,234,255,351,181
1776757244.8412879,20.0,73,-17,74.95331880577403,9.118408613841122,0.03789258348313889,187,366,234,255,351,181
1776757244.8743918,20.0,73,-17,74.95331880577403,9.118408613841122,0.03789258348313889,187,366,234,255,351,181
1776757244.90569,20.0,73,-17,74.95331880577403,9.118408613841122,0.03789258348313889,187,366,234,255,351,181
1776757244.9385831,20.0,73,-17,74.95331880577403,9.118408613841122,0.03789258348313889,187,366,234,255,351,181
1776757244.9681463,20.0,73,-17,74.95331880577403,9.118408613841122,0.03789258348313889,187,366,234,255,351,181
1776757245.0012765,20.0,73,-17,74.95331880577403,9.118408613841122,0.03789258348313889,187,366,234,255,351,181
1776757245.032904,20.0,73,-17,74.95331880577403,9.118408613841122,0.03789258348313889,187,366,234,255,351,181
1776757245.0675373,20.0,73,-17,74.95331880577403,9.118408613841122,0.03789258348313889,187,366,234,255,351,181
1776757245.0972955,20.0,73,-17,74.95331880577403,9.118408613841122,0.03789258348313889,187,366,234,255,351,181
1776757245.1286333,20.0,73,-17,74.95331880577403,9.118408613841122,0.03789258348313889,187,366,234,255,351,181
1776757245.1605623,20.0,73,-17,74.95331880577403,9.118408613841122,0.038401234203859554,187,366,234,254,351,181
1776757245.2069924,20.0,74,-17,75.92759709091287,9.2369339526658,0.038504574007240416,187,366,234,254,352,181
1776757245.2407222,20.0,74,-17,75.92759709091287,9.2369339526658,0.038504574007240416,187,366,234,254,352,181
1776757245.2740085,20.0,74,-17,75.92759709091287,9.2369339526658,0.038504574007240416,187,366,234,254,352,181
1776757245.303906,20.0,74,-17,75.92759709091287,9.2369339526658,0.038504574007240416,187,366,234,254,352,181
1776757245.3354926,20.0,74,-17,75.92759709091287,9.2369339526658,0.038504574007240416,187,366,234,254,352,181
1776757245.368658,20.0,74,-17,75.92759709091287,9.2369339526658,0.038504574007240416,187,366,234,254,352,181
1776757245.4000928,20.0,74,-17,75.92759709091287,9.2369339526658,0.038504574007240416,187,366,234,254,352,181
1776757245.434591,20.0,74,-17,75.92759709091287,9.2369339526658,0.038504574007240416,187,366,234,254,352,181
1776757245.4641376,20.0,74,-17,75.92759709091287,9.2369339526658,0.038504574007240416,187,366,234,254,352,181
1776757245.4969237,20.0,74,-17,75.92759709091287,9.2369339526658,0.038504574007240416,187,366,234,254,352,181
1776757245.529142,20.0,74,-17,75.92759709091287,9.2369339526658,0.038504574007240416,187,366,234,254,352,181
1776757245.5586894,20.0,74,-17,75.92759709091287,9.2369339526658,0.038504574007240416,187,366,234,254,352,181
1776757245.6095862,20.0,74,-17,75.92759709091287,9.2369339526658,0.038504574007240416,187,366,234,254,352,181
1776757245.640624,20.0,74,-17,75.92759709091287,9.2369339526658,0.038504574007240416,187,366,234,254,352,181
1776757245.6736088,20.0,74,-17,75.92759709091287,9.2369339526658,0.038504574007240416,187,366,234,254,352,181
1776757245.7045348,20.0,74,-17,75.92759709091287,9.2369339526658,0.038504574007240416,187,366,234,254,352,181
1776757245.737398,20.0,74,-17,75.92759709091287,9.2369339526658,0.038504574007240416,187,366,234,254,352,181
1776757245.7699409,20.0,74,-17,75.92759709091287,9.2369339526658,0.038504574007240416,187,366,234,254,352,181
1776757245.8018975,20.0,74,-17,75.92759709091287,9.2369339526658,0.038504574007240416,187,366,234,254,352,181
1776757245.8335328,20.0,74,-17,75.92759709091287,9.2369339526658,0.038504574007240416,187,366,234,254,352,181
1776757245.8664231,20.0,74,-17,75.92759709091287,9.2369339526658,0.038504574007240416,187,366,234,254,352,181
1776757245.9007983,20.0,74,-17,75.92759709091287,9.2369339526658,0.038504574007240416,187,366,234,254,352,181
1776757245.9304621,20.0,74,-17,75.92759709091287,9.2369339526658,0.038504574007240416,187,366,234,254,352,181
1776757245.963812,20.0,74,-17,75.92759709091287,9.2369339526658,0.038504574007240416,187,366,234,254,352,181
1776757246.0067704,20.0,74,-17,75.92759709091287,9.2369339526658,0.038504574007240416,187,366,234,254,352,181
1776757246.0420134,20.0,74,-17,75.92759709091287,9.2369339526658,0.038504574007240416,187,366,234,254,352,181
1776757246.0743103,20.0,74,-17,75.92759709091287,9.2369339526658,0.038504574007240416,187,366,234,254,352,181
1776757246.1041577,20.0,74,-17,75.92759709091287,9.2369339526658,0.038504574007240416,187,366,234,254,352,181
1776757246.134518,20.0,75,-17,76.90253571892151,9.355539625172932,0.03860395724020822,187,366,234,254,353,181
1776757246.1679964,20.0,75,-17,76.90253571892151,9.355539625172932,0.03860395724020822,187,366,234,254,353,181
1776757246.1984243,20.0,75,-17,76.90253571892151,9.355539625172932,0.03860395724020822,187,366,234,254,353,181
1776757246.2344067,20.0,75,-17,76.90253571892151,9.355539625172932,0.03860395724020822,187,366,234,254,353,181
1776757246.266469,20.0,75,-17,76.90253571892151,9.355539625172932,0.03860395724020822,187,366,234,254,353,181
1776757246.297801,20.0,75,-17,76.90253571892151,9.355539625172932,0.03860395724020822,187,366,234,254,353,181
1776757246.3299415,20.0,75,-17,76.90253571892151,9.355539625172932,0.03860395724020822,187,366,234,254,353,181
1776757246.380009,20.0,75,-17,76.90253571892151,9.355539625172932,0.03860395724020822,187,366,234,254,353,181
1776757246.4106312,20.0,75,-17,76.90253571892151,9.355539625172932,0.03860395724020822,187,366,234,254,353,181
1776757246.4397507,20.0,75,-17,76.90253571892151,9.355539625172932,0.03860395724020822,187,366,234,254,353,181
1776757246.4725904,20.0,75,-17,76.90253571892151,9.355539625172932,0.03860395724020822,187,366,234,254,353,181
1776757246.5067148,20.0,75,-17,76.90253571892151,9.355539625172932,0.03860395724020822,187,366,234,254,353,181
1776757246.5366867,20.0,75,-17,76.90253571892151,9.355539625172932,0.03860395724020822,187,366,234,254,353,181
1776757246.5687988,20.0,75,-17,76.90253571892151,9.355539625172932,0.03860395724020822,187,366,234,254,353,181
1776757246.6002195,20.0,75,-17,76.90253571892151,9.355539625172932,0.03860395724020822,187,366,234,254,353,181
1776757246.6327293,20.0,75,-17,76.90253571892151,9.355539625172932,0.03860395724020822,187,366,234,254,353,181
1776757246.6668355,20.0,75,-17,76.90253571892151,9.355539625172932,0.03860395724020822,187,366,234,254,353,181
1776757246.6972985,20.0,75,-17,76.90253571892151,9.355539625172932,0.03860395724020822,187,366,234,254,353,181
1776757246.7303936,20.0,75,-17,76.90253571892151,9.355539625172932,0.03860395724020822,187,366,234,254,353,181
1776757246.7799268,20.0,75,-17,76.90253571892151,9.355539625172932,0.03860395724020822,187,366,234,254,353,181
1776757246.813256,20.0,75,-17,76.90253571892151,9.355539625172932,0.03860395724020822,187,366,234,254,353,181
1776757246.8462305,20.0,75,-17,76.90253571892151,9.355539625172932,0.03860395724020822,187,366,234,254,353,181
1776757246.8760507,20.0,75,-17,76.90253571892151,9.355539625172932,0.03860395724020822,187,366,234,254,353,181
1776757246.9054174,20.0,75,-17,76.90253571892151,9.355539625172932,0.03860395724020822,187,366,234,254,353,181
1776757246.9371667,20.0,75,-17,76.90253571892151,9.355539625172932,0.03860395724020822,187,366,234,254,353,181
1776757246.9696167,20.0,75,-17,76.90253571892151,9.355539625172932,0.03860395724020822,187,366,234,254,353,181
1776757246.9999404,20.0,75,-17,76.90253571892151,9.355539625172932,0.03860395724020822,187,366,234,254,353,181
1776757247.0341809,20.0,75,-17,76.90253571892151,9.355539625172932,0.03860395724020822,187,366,234,254,353,181
1776757247.0679479,20.0,75,-17,76.90253571892151,9.355539625172932,0.03860395724020822,187,366,234,254,353,181
1776757247.0981107,20.0,75,-17,76.90253571892151,9.355539625172932,0.03860395724020822,187,366,234,254,353,181
1776757247.1282492,20.0,75,-17,76.90253571892151,9.355539625172932,0.03860395724020822,187,366,234,254,353,181
1776757247.1775782,20.0,75,-17,76.90253571892151,9.355539625172932,0.03860395724020822,187,366,234,254,353,181
1776757247.209045,20.0,75,-17,76.90253571892151,9.355539625172932,0.037992671737936266,187,366,235,254,353,181
1776757247.240181,20.0,75,-17,76.90253571892151,9.355539625172932,0.037992671737936266,187,366,235,254,353,181
1776757247.2707472,20.0,75,-17,76.90253571892151,9.355539625172932,0.037992671737936266,187,366,235,254,353,181
1776757247.3087022,20.0,76,-17,77.87810988975015,9.474222614324836,0.03809390717049348,187,366,235,254,354,181
1776757247.3362527,20.0,76,-17,77.87810988975015,9.474222614324836,0.03809390717049348,187,366,235,254,354,181
1776757247.3689258,20.0,76,-17,77.87810988975015,9.474222614324836,0.03809390717049348,187,366,235,254,354,181
1776757247.4067006,20.0,76,-17,77.87810988975015,9.474222614324836,0.03809390717049348,187,366,235,254,354,181
1776757247.4325988,20.0,76,-17,77.87810988975015,9.474222614324836,0.03809390717049348,187,366,235,254,354,181
1776757247.465288,20.0,76,-17,77.87810988975015,9.474222614324836,0.03809390717049348,187,366,235,254,354,181
1776757247.4981277,20.0,76,-17,77.87810988975015,9.474222614324836,0.03809390717049348,187,366,235,254,354,181
1776757247.530236,20.0,76,-17,77.87810988975015,9.474222614324836,0.03809390717049348,187,366,235,254,354,181
1776757247.5771298,20.0,76,-17,77.87810988975015,9.474222614324836,0.03809390717049348,187,366,235,254,354,181
1776757247.609282,20.0,76,-17,77.87810988975015,9.474222614324836,0.03809390717049348,187,366,235,254,354,181
1776757247.640869,20.0,76,-17,77.87810988975015,9.474222614324836,0.03809390717049348,187,366,235,254,354,181
1776757247.6736767,20.0,76,-17,77.87810988975015,9.474222614324836,0.03809390717049348,187,366,235,254,354,181
1776757247.7057164,20.0,76,-17,77.87810988975015,9.474222614324836,0.03809390717049348,187,366,235,254,354,181
1776757247.7383254,20.0,76,-17,77.87810988975015,9.474222614324836,0.03859506766848584,187,366,235,253,354,181
1776757247.7688935,20.0,76,-17,77.87810988975015,9.474222614324836,0.03859506766848584,187,366,235,253,354,181
1776757247.8010204,20.0,76,-17,77.87810988975015,9.474222614324836,0.03859506766848584,187,366,235,253,354,181
1776757247.833236,20.0,76,-17,77.87810988975015,9.474222614324836,0.03859506766848584,187,366,235,253,354,181
1776757247.8688676,20.0,76,-17,77.87810988975015,9.474222614324836,0.03859506766848584,187,366,235,253,354,181
1776757247.8990772,20.0,76,-17,77.87810988975015,9.474222614324836,0.03859506766848584,187,366,235,253,354,181
1776757247.943101,20.0,76,-17,77.87810988975015,9.474222614324836,0.03859506766848584,187,366,235,253,354,181
1776757247.9774945,20.0,76,-17,77.87810988975015,9.474222614324836,0.03859506766848584,187,366,235,253,354,181
1776757248.007739,20.0,76,-17,77.87810988975015,9.474222614324836,0.03859506766848584,187,366,235,253,354,181
1776757248.0406766,20.0,76,-17,77.87810988975015,9.474222614324836,0.03859506766848584,187,366,235,253,354,181
1776757248.0744212,20.0,76,-17,77.87810988975015,9.474222614324836,0.03859506766848584,187,366,235,253,354,181
1776757248.1031933,20.0,76,-17,77.87810988975015,9.474222614324836,0.03859506766848584,187,366,235,253,354,181
1776757248.1362252,20.0,76,-17,77.87810988975015,9.474222614324836,0.03859506766848584,187,366,235,253,354,181
1776757248.1683571,20.0,76,-17,77.87810988975015,9.474222614324836,0.03859506766848584,187,366,235,253,354,181
1776757248.2008662,20.0,76,-17,77.87810988975015,9.474222614324836,0.03859506766848584,187,366,235,253,354,181
1776757248.2308776,20.0,76,-17,77.87810988975015,9.474222614324836,0.03859506766848584,187,366,235,253,354,181
1776757248.2657602,20.0,76,-17,77.87810988975015,9.474222614324836,0.03859506766848584,187,366,235,253,354,181
1776757248.3007035,20.0,76,-17,77.87810988975015,9.474222614324836,0.03859506766848584,187,366,235,253,354,181
1776757248.3420668,20.0,76,-17,77.87810988975015,9.474222614324836,0.03859506766848584,187,366,235,253,354,181
1776757248.378169,20.0,77,-17,78.85429601486528,9.592980050470228,0.03868849686695318,187,366,235,253,355,181
1776757248.4070985,20.0,77,-17,78.85429601486528,9.592980050470228,0.03868849686695318,187,366,235,253,355,181
1776757248.4395719,20.0,77,-17,78.85429601486528,9.592980050470228,0.03868849686695318,187,366,235,253,355,181
1776757248.4720135,20.0,77,-17,78.85429601486528,9.592980050470228,0.03868849686695318,187,366,235,253,355,181
1776757248.5035536,20.0,77,-17,78.85429601486528,9.592980050470228,0.03868849686695318,187,366,235,253,355,181
1776757248.536374,20.0,77,-17,78.85429601486528,9.592980050470228,0.03868849686695318,187,366,235,253,355,181
1776757248.567492,20.0,77,-17,78.85429601486528,9.592980050470228,0.03868849686695318,187,366,235,253,355,181
1776757248.6038985,20.0,77,-17,78.85429601486528,9.592980050470228,0.03868849686695318,187,366,235,253,355,181
1776757248.6338074,20.0,77,-17,78.85429601486528,9.592980050470228,0.03868849686695318,187,366,235,253,355,181
1776757248.6645777,20.0,77,-17,78.85429601486528,9.592980050470228,0.03868849686695318,187,366,235,253,355,181
1776757248.6977124,20.0,77,-17,78.85429601486528,9.592980050470228,0.03868849686695318,187,366,235,253,355,181
1776757248.743261,20.0,77,-17,78.85429601486528,9.592980050470228,0.03868849686695318,187,366,235,253,355,181
1776757248.7767587,20.0,77,-17,78.85429601486528,9.592980050470228,0.03868849686695318,187,366,235,253,355,181
1776757248.80945,20.0,77,-17,78.85429601486528,9.592980050470228,0.03868849686695318,187,366,235,253,355,181
1776757248.839621,20.0,77,-17,78.85429601486528,9.592980050470228,0.03868849686695318,187,366,235,253,355,181
1776757248.8718414,20.0,77,-17,78.85429601486528,9.592980050470228,0.03868849686695318,187,366,235,253,355,181
1776757248.9040709,20.0,77,-17,78.85429601486528,9.592980050470228,0.03868849686695318,187,366,235,253,355,181
1776757248.9361901,20.0,77,-17,78.85429601486528,9.592980050470228,0.03868849686695318,187,366,235,253,355,181
1776757248.967969,20.0,77,-17,78.85429601486528,9.592980050470228,0.03868849686695318,187,366,235,253,355,181
1776757249.0006056,20.0,77,-17,78.85429601486528,9.592980050470228,0.03868849686695318,187,366,235,253,355,181
1776757249.0335646,20.0,77,-17,78.85429601486528,9.592980050470228,0.03868849686695318,187,366,235,253,355,181
1776757249.0656755,20.0,77,-17,78.85429601486528,9.592980050470228,0.03868849686695318,187,366,235,253,355,181
1776757249.1116085,20.0,77,-17,78.85429601486528,9.592980050470228,0.03868849686695318,187,366,235,253,355,181
1776757249.1445382,20.0,77,-17,78.85429601486528,9.592980050470228,0.03868849686695318,187,366,235,253,355,181
1776757249.1791236,20.0,77,-17,78.85429601486528,9.592980050470228,0.03868849686695318,187,366,235,253,355,181
1776757249.2074373,20.0,77,-17,78.85429601486528,9.592980050470228,0.03868849686695318,187,366,235,253,355,181
1776757249.239449,20.0,77,-17,78.85429601486528,9.592980050470228,0.03868849686695318,187,366,235,253,355,181
1776757249.2733881,20.0,77,-17,78.85429601486528,9.592980050470228,0.03868849686695318,187,366,235,253,355,181
1776757249.3038802,20.0,77,-17,78.85429601486528,9.592980050470228,0.03868849686695318,187,366,235,253,355,181
1776757249.3357084,20.0,77,-17,78.85429601486528,9.592980050470228,0.03868849686695318,187,366,235,253,355,181
1776757249.3690968,20.0,77,-17,78.85429601486528,9.592980050470228,0.03868849686695318,187,366,235,253,355,181
1776757249.39906,20.0,77,-17,78.85429601486528,9.592980050470228,0.03868849686695318,187,366,235,253,355,181
1776757249.4322681,20.0,77,-17,78.85429601486528,9.592980050470228,0.03868849686695318,187,366,235,253,355,181
1776757249.465143,20.0,78,-17,79.83107164506812,9.711809202563032,0.03877817365611709,187,366,235,253,356,181
1776757249.5141208,20.0,78,-17,79.83107164506812,9.711809202563032,0.03877817365611709,187,366,235,253,356,181
1776757249.5487924,20.0,78,-17,79.83107164506812,9.711809202563032,0.03877817365611709,187,366,235,253,356,181
1776757249.578767,20.0,78,-17,79.83107164506812,9.711809202563032,0.03877817365611709,187,366,235,253,356,181
1776757249.6111066,20.0,78,-17,79.83107164506812,9.711809202563032,0.03877817365611709,187,366,235,253,356,181
1776757249.6418033,20.0,78,-17,79.83107164506812,9.711809202563032,0.03877817365611709,187,366,235,253,356,181
1776757249.672801,20.0,78,-17,79.83107164506812,9.711809202563032,0.03877817365611709,187,366,235,253,356,181
1776757249.7046099,20.0,78,-17,79.83107164506812,9.711809202563032,0.03877817365611709,187,366,235,253,356,181
1776757249.7372227,20.0,78,-17,79.83107164506812,9.711809202563032,0.03877817365611709,187,366,235,253,356,181
1776757249.767942,20.0,78,-17,79.83107164506812,9.711809202563032,0.03877817365611709,187,366,235,253,356,181
1776757249.8005607,20.0,78,-17,79.83107164506812,9.711809202563032,0.03877817365611709,187,366,235,253,356,181
1776757249.832431,20.0,78,-17,79.83107164506812,9.711809202563032,0.03877817365611709,187,366,235,253,356,181
1776757249.8655741,20.0,78,-17,79.83107164506812,9.711809202563032,0.03877817365611709,187,366,235,253,356,181
1776757249.9115067,20.0,78,-17,79.83107164506812,9.711809202563032,0.03877817365611709,187,366,235,253,356,181
1776757249.9462016,20.0,78,-17,79.83107164506812,9.711809202563032,0.03877817365611709,187,366,235,253,356,181
1776757249.9798613,20.0,78,-17,79.83107164506812,9.711809202563032,0.03877817365611709,187,366,235,253,356,181
1776757250.0088565,20.0,78,-18,80.049984384758,9.73844092271995,0.03834250053050411,187,366,235,253,356,180
1776757250.0408375,20.0,78,-18,80.049984384758,9.73844092271995,0.03834250053050411,187,366,235,253,356,180
1776757250.071741,20.0,78,-18,80.049984384758,9.73844092271995,0.03834250053050411,187,366,235,253,356,180
1776757250.104545,20.0,78,-18,80.049984384758,9.73844092271995,0.03834250053050411,187,366,235,253,356,180
1776757250.141014,20.0,78,-18,80.049984384758,9.73844092271995,0.03834250053050411,187,366,235,253,356,180
1776757250.1687045,20.0,78,-18,80.049984384758,9.73844092271995,0.03834250053050411,187,366,235,253,356,180
1776757250.2013297,20.0,78,-18,80.049984384758,9.73844092271995,0.03834250053050411,187,366,235,253,356,180
1776757250.2323217,20.0,78,-18,80.049984384758,9.73844092271995,0.03834250053050411,187,366,235,253,356,180
1776757250.2653162,20.0,78,-18,80.049984384758,9.73844092271995,0.03834250053050411,187,366,235,253,356,180
1776757250.3108866,20.0,78,-18,80.049984384758,9.73844092271995,0.03834250053050411,187,366,235,253,356,180
1776757250.344963,20.0,78,-18,80.049984384758,9.73844092271995,0.03834250053050411,187,366,235,253,356,180
1776757250.3771608,20.0,78,-18,80.049984384758,9.73844092271995,0.03834250053050411,187,366,235,253,356,180
1776757250.4094665,20.0,78,-18,80.049984384758,9.73844092271995,0.03834250053050411,187,366,235,253,356,180
1776757250.4408767,20.0,78,-18,80.049984384758,9.73844092271995,0.03834250053050411,187,366,235,253,356,180
1776757250.4730437,20.0,78,-18,80.049984384758,9.73844092271995,0.03883070551910153,187,366,235,252,356,180
1776757250.5038006,20.0,78,-18,80.049984384758,9.73844092271995,0.03883070551910153,187,366,235,252,356,180
1776757250.5348845,20.0,78,-18,80.049984384758,9.73844092271995,0.03883070551910153,187,366,235,252,356,180
1776757250.5687344,20.0,79,-18,81.02468759581859,9.857017955695692,0.03891618587337034,187,366,235,252,357,180
1776757250.6002083,20.0,79,-18,81.02468759581859,9.857017955695692,0.03891618587337034,187,366,235,252,357,180
1776757250.6322827,20.0,79,-18,81.02468759581859,9.857017955695692,0.03891618587337034,187,366,235,252,357,180
1776757250.6810708,20.0,79,-18,81.02468759581859,9.857017955695692,0.03891618587337034,187,366,235,252,357,180
1776757250.7131133,20.0,79,-18,81.02468759581859,9.857017955695692,0.03891618587337034,187,366,235,252,357,180
1776757250.746613,20.0,79,-18,81.02468759581859,9.857017955695692,0.03891618587337034,187,366,235,252,357,180
1776757250.776092,20.0,79,-18,81.02468759581859,9.857017955695692,0.03891618587337034,187,366,235,252,357,180
1776757250.8090715,20.0,79,-18,81.02468759581859,9.857017955695692,0.03891618587337034,187,366,235,252,357,180
1776757250.8397462,20.0,79,-18,81.02468759581859,9.857017955695692,0.03891618587337034,187,366,235,252,357,180
1776757250.8721557,20.0,79,-18,81.02468759581859,9.857017955695692,0.03891618587337034,187,366,235,252,357,180
1776757250.9049754,20.0,79,-18,81.02468759581859,9.857017955695692,0.03891618587337034,187,366,235,252,357,180
1776757250.9356723,20.0,79,-18,81.02468759581859,9.857017955695692,0.03891618587337034,187,366,235,252,357,180
1776757250.9670682,20.0,79,-18,81.02468759581859,9.857017955695692,0.03833586231595104,187,366,236,252,357,180
1776757251.000293,20.0,79,-18,81.02468759581859,9.857017955695692,0.03833586231595104,187,366,236,252,357,180
1776757251.030917,20.0,79,-18,81.02468759581859,9.857017955695692,0.03833586231595104,187,366,236,252,357,180
1776757251.080923,20.0,79,-18,81.02468759581859,9.857017955695692,0.03833586231595104,187,366,236,252,357,180
1776757251.1174977,20.0,79,-18,81.02468759581859,9.857017955695692,0.03833586231595104,187,366,236,252,357,180
1776757251.1463304,20.0,79,-18,81.02468759581859,9.857017955695692,0.03833586231595104,187,366,236,252,357,180
1776757251.1795542,20.0,79,-18,81.02468759581859,9.857017955695692,0.03833586231595104,187,366,236,252,357,180
1776757251.2116735,20.0,79,-18,81.02468759581859,9.857017955695692,0.03833586231595104,187,366,236,252,357,180
1776757251.2408633,20.0,79,-18,81.02468759581859,9.857017955695692,0.03833586231595104,187,366,236,252,357,180
1776757251.2733724,20.0,79,-18,81.02468759581859,9.857017955695692,0.03833586231595104,187,366,236,252,357,180
1776757251.3026073,20.0,79,-18,81.02468759581859,9.857017955695692,0.03833586231595104,187,366,236,252,357,180
1776757251.3369427,20.0,79,-18,81.02468759581859,9.857017955695692,0.03833586231595104,187,366,236,252,357,180
1776757251.369189,20.0,79,-18,81.02468759581859,9.857017955695692,0.03833586231595104,187,366,236,252,357,180
1776757251.406611,20.0,79,-18,81.02468759581859,9.857017955695692,0.03833586231595104,187,366,236,252,357,180
1776757251.4322774,20.0,79,-18,81.02468759581859,9.857017955695692,0.03833586231595104,187,366,236,252,357,180
1776757251.4807541,20.0,79,-18,81.02468759581859,9.857017955695692,0.03833586231595104,187,366,236,252,357,180
1776757251.5132782,20.0,79,-18,81.02468759581859,9.857017955695692,0.03833586231595104,187,366,236,252,357,180
1776757251.546059,20.0,79,-18,81.02468759581859,9.857017955695692,0.03833586231595104,187,366,236,252,357,180
1776757251.5782318,20.0,79,-18,81.02468759581859,9.857017955695692,0.03833586231595104,187,366,236,252,357,180
1776757251.6084638,20.0,79,-18,81.02468759581859,9.857017955695692,0.03833586231595104,187,366,236,252,357,180
1776757251.6391141,20.0,79,-18,81.02468759581859,9.857017955695692,0.03833586231595104,187,366,236,252,357,180
1776757251.6709359,20.0,79,-18,81.02468759581859,9.857017955695692,0.03833586231595104,187,366,236,252,357,180
1776757251.7045033,20.0,79,-18,81.02468759581859,9.857017955695692,0.03833586231595104,187,366,236,252,357,180
1776757251.7357314,20.0,79,-18,81.02468759581859,9.857017955695692,0.03833586231595104,187,366,236,252,357,180
1776757251.7682972,20.0,79,-18,81.02468759581859,9.857017955695692,0.03833586231595104,187,366,236,252,357,180
1776757251.8000815,20.0,79,-18,81.02468759581859,9.857017955695692,0.03833586231595104,187,366,236,252,357,180
1776757251.8483703,20.0,80,-18,82.0,9.97566909975669,0.03842313803567469,187,366,236,252,358,180
1776757251.881514,20.0,80,-18,82.0,9.97566909975669,0.03842313803567469,187,366,236,252,358,180
1776757251.91429,20.0,80,-18,82.0,9.97566909975669,0.03842313803567469,187,366,236,252,358,180
1776757251.9467723,20.0,80,-18,82.0,9.97566909975669,0.03842313803567469,187,366,236,252,358,180
1776757251.9785395,20.0,80,-18,82.0,9.97566909975669,0.03842313803567469,187,366,236,252,358,180
1776757252.0079632,20.0,80,-18,82.0,9.97566909975669,0.03842313803567469,187,366,236,252,358,180
1776757252.0393176,20.0,80,-18,82.0,9.97566909975669,0.03842313803567469,187,366,236,252,358,180
1776757252.0721736,20.0,80,-18,82.0,9.97566909975669,0.03842313803567469,187,366,236,252,358,180
1776757252.1039176,20.0,80,-18,82.0,9.97566909975669,0.03842313803567469,187,366,236,252,358,180
1776757252.1365097,20.0,80,-18,82.0,9.97566909975669,0.03842313803567469,187,366,236,252,358,180
1776757252.1682425,20.0,80,-18,82.0,9.97566909975669,0.03842313803567469,187,366,236,252,358,180
1776757252.2004213,20.0,80,-18,82.0,9.97566909975669,0.03842313803567469,187,366,236,252,358,180
1776757252.247273,20.0,80,-18,82.0,9.97566909975669,0.03842313803567469,187,366,236,252,358,180
1776757252.2829595,20.0,80,-18,82.0,9.97566909975669,0.03842313803567469,187,366,236,252,358,180
1776757252.3136497,20.0,80,-18,82.0,9.97566909975669,0.03842313803567469,187,366,236,252,358,180
1776757252.345467,20.0,80,-18,82.0,9.97566909975669,0.03842313803567469,187,366,236,252,358,180
1776757252.3768203,20.0,80,-18,82.0,9.97566909975669,0.03842313803567469,187,366,236,252,358,180
1776757252.4083166,20.0,80,-18,82.0,9.97566909975669,0.03842313803567469,187,366,236,252,358,180
1776757252.4397585,20.0,80,-18,82.0,9.97566909975669,0.03842313803567469,187,366,236,252,358,180
1776757252.4721947,20.0,80,-18,82.0,9.97566909975669,0.03842313803567469,187,366,236,252,358,180
1776757252.503925,20.0,80,-18,82.0,9.97566909975669,0.03842313803567469,187,366,236,252,358,180
1776757252.5366826,20.0,80,-18,82.0,9.97566909975669,0.03842313803567469,187,366,236,252,358,180
1776757252.5675566,20.0,80,-18,82.0,9.97566909975669,0.03842313803567469,187,366,236,252,358,180
1776757252.6056237,20.0,80,-18,82.0,9.97566909975669,0.03842313803567469,187,366,236,252,358,180
1776757252.650281,20.0,80,-18,82.0,9.97566909975669,0.03842313803567469,187,366,236,252,358,180
1776757252.6824152,20.0,80,-18,82.0,9.97566909975669,0.03842313803567469,187,366,236,252,358,180
1776757252.713873,20.0,80,-18,82.0,9.97566909975669,0.03842313803567469,187,366,236,252,358,180
1776757252.7453432,20.0,80,-18,82.0,9.97566909975669,0.03842313803567469,187,366,236,252,358,180
1776757252.7776008,20.0,80,-18,82.0,9.97566909975669,0.03842313803567469,187,366,236,252,358,180
1776757252.8098,20.0,80,-18,82.0,9.97566909975669,0.03842313803567469,187,366,236,252,358,180
1776757252.8453274,20.0,80,-18,82.0,9.97566909975669,0.03842313803567469,187,366,236,252,358,180
1776757252.8712773,20.0,80,-18,82.0,9.97566909975669,0.03842313803567469,187,366,236,252,358,180
1776757252.9047356,20.0,80,-18,82.0,9.97566909975669,0.03842313803567469,187,366,236,252,358,180
1776757252.9370444,20.0,80,-18,82.0,9.97566909975669,0.03842313803567469,187,366,236,252,358,180
1776757252.9693244,20.0,80,-18,82.0,9.97566909975669,0.03842313803567469,187,366,236,252,358,180
1776757253.0176296,20.0,80,-18,82.0,9.97566909975669,0.03842313803567469,187,366,236,252,358,180
1776757253.0491517,20.0,80,-18,82.0,9.97566909975669,0.03842313803567469,187,366,236,252,358,180
1776757253.081707,20.0,80,-18,82.0,9.97566909975669,0.03842313803567469,187,366,236,252,358,180
1776757253.115159,20.0,80,-18,82.0,9.97566909975669,0.03842313803567469,187,366,236,252,358,180
1776757253.145814,20.0,80,-18,82.0,9.97566909975669,0.03842313803567469,187,366,236,252,358,180
1776757253.1792865,20.0,80,-18,82.0,9.97566909975669,0.03842313803567469,187,366,236,252,358,180
1776757253.2104707,20.0,81,-18,82.97590011563598,10.094391741561553,0.037932766411798345,187,366,237,252,359,180
1776757253.2431521,20.0,81,-18,82.97590011563598,10.094391741561553,0.037932766411798345,187,366,237,252,359,180
1776757253.2712314,20.0,81,-18,82.97590011563598,10.094391741561553,0.037932766411798345,187,366,237,252,359,180
1776757253.30406,20.0,81,-18,82.97590011563598,10.094391741561553,0.037932766411798345,187,366,237,252,359,180
1776757253.3353472,20.0,81,-18,82.97590011563598,10.094391741561553,0.037932766411798345,187,366,237,252,359,180
1776757253.368946,20.0,81,-18,82.97590011563598,10.094391741561553,0.037932766411798345,187,366,237,252,359,180
1776757253.4179873,20.0,81,-18,82.97590011563598,10.094391741561553,0.037932766411798345,187,366,237,252,359,180
1776757253.4541087,20.0,81,-18,82.97590011563598,10.094391741561553,0.037932766411798345,187,366,237,252,359,180
1776757253.4800794,20.0,81,-18,82.97590011563598,10.094391741561553,0.037932766411798345,187,366,237,252,359,180
1776757253.512367,20.0,81,-18,82.97590011563598,10.094391741561553,0.037932766411798345,187,366,237,252,359,180
1776757253.5485504,20.0,81,-18,82.97590011563598,10.094391741561553,0.037932766411798345,187,366,237,252,359,180
1776757253.5796769,20.0,81,-18,82.97590011563598,10.094391741561553,0.037932766411798345,187,366,237,252,359,180
1776757253.6120677,20.0,81,-18,82.97590011563598,10.094391741561553,0.037932766411798345,187,366,237,252,359,180
1776757253.6417701,20.0,81,-18,82.97590011563598,10.094391741561553,0.037932766411798345,187,366,237,252,359,180
1776757253.6727617,20.0,81,-18,82.97590011563598,10.094391741561553,0.037932766411798345,187,366,237,252,359,180
1776757253.703544,20.0,81,-18,82.97590011563598,10.094391741561553,0.037932766411798345,187,366,237,252,359,180
1776757253.7376914,20.0,81,-18,82.97590011563598,10.094391741561553,0.037932766411798345,187,366,237,252,359,180
1776757253.7672675,20.0,81,-18,82.97590011563598,10.094391741561553,0.037932766411798345,187,366,237,252,359,180
1776757253.8160193,20.0,81,-18,82.97590011563598,10.094391741561553,0.037932766411798345,187,366,237,252,359,180
1776757253.8491857,20.0,81,-18,82.97590011563598,10.094391741561553,0.037932766411798345,187,366,237,252,359,180
1776757253.8822262,20.0,81,-18,82.97590011563598,10.094391741561553,0.037932766411798345,187,366,237,252,359,180
1776757253.915684,20.0,81,-18,82.97590011563598,10.094391741561553,0.037932766411798345,187,366,237,252,359,180
1776757253.9467552,20.0,81,-18,82.97590011563598,10.094391741561553,0.037932766411798345,187,366,237,252,359,180
1776757253.9786656,20.0,81,-18,82.97590011563598,10.094391741561553,0.037932766411798345,187,366,237,252,359,180
1776757254.0103161,20.0,81,-18,82.97590011563598,10.094391741561553,0.037932766411798345,187,366,237,252,359,180
1776757254.0404747,20.0,81,-18,82.97590011563598,10.094391741561553,0.037932766411798345,187,366,237,252,359,180
1776757254.0727863,20.0,81,-18,82.97590011563598,10.094391741561553,0.037932766411798345,187,366,237,252,359,180
1776757254.1038907,20.0,81,-18,82.97590011563598,10.094391741561553,0.037932766411798345,187,366,237,252,359,180
1776757254.1378062,20.0,81,-18,82.97590011563598,10.094391741561553,0.03842100735484464,187,366,237,251,359,180
1776757254.1670651,20.0,81,-18,82.97590011563598,10.094391741561553,0.03842100735484464,187,366,237,251,359,180
1776757254.216337,20.0,81,-18,82.97590011563598,10.094391741561553,0.03842100735484464,187,366,237,251,359,180
1776757254.247467,20.0,81,-18,82.97590011563598,10.094391741561553,0.03842100735484464,187,366,237,251,359,180
1776757254.280294,20.0,81,-18,82.97590011563598,10.094391741561553,0.03842100735484464,187,366,237,251,359,180
1776757254.3140898,20.0,81,-18,82.97590011563598,10.094391741561553,0.03842100735484464,187,366,237,251,359,180
1776757254.3442044,20.0,81,-18,82.97590011563598,10.094391741561553,0.03842100735484464,187,366,237,251,359,180
1776757254.378223,20.0,81,-18,82.97590011563598,10.094391741561553,0.03842100735484464,187,366,237,251,359,180
1776757254.410618,20.0,81,-18,82.97590011563598,10.094391741561553,0.03842100735484464,187,366,237,251,359,180
1776757254.4414842,20.0,81,-18,82.97590011563598,10.094391741561553,0.03842100735484464,187,366,237,251,359,180
1776757254.4731574,20.0,81,-18,82.97590011563598,10.094391741561553,0.03842100735484464,187,366,237,251,359,180
1776757254.5059319,20.0,82,-18,83.95236744726142,10.213183387744698,0.038502638474884145,187,366,237,251,360,180
1776757254.5358706,20.0,82,-18,83.95236744726142,10.213183387744698,0.038502638474884145,187,366,237,251,360,180
1776757254.586413,20.0,82,-18,83.95236744726142,10.213183387744698,0.038502638474884145,187,366,237,251,360,180
1776757254.6177354,20.0,82,-18,83.95236744726142,10.213183387744698,0.038502638474884145,187,366,237,251,360,180
1776757254.6503334,20.0,82,-18,83.95236744726142,10.213183387744698,0.038502638474884145,187,366,237,251,360,180
1776757254.6822984,20.0,82,-18,83.95236744726142,10.213183387744698,0.038502638474884145,187,366,237,251,360,180
1776757254.7125318,20.0,82,-18,83.95236744726142,10.213183387744698,0.038502638474884145,187,366,237,251,360,180
1776757254.7466965,20.0,82,-18,83.95236744726142,10.213183387744698,0.038502638474884145,187,366,237,251,360,180
1776757254.7778962,20.0,82,-18,83.95236744726142,10.213183387744698,0.038502638474884145,187,366,237,251,360,180
1776757254.8149638,20.0,82,-18,83.95236744726142,10.213183387744698,0.038502638474884145,187,366,237,251,360,180
1776757254.8415096,20.0,82,-18,83.95236744726142,10.213183387744698,0.038502638474884145,187,366,237,251,360,180
1776757254.8718889,20.0,82,-18,83.95236744726142,10.213183387744698,0.038502638474884145,187,366,237,251,360,180
1776757254.9059372,20.0,82,-18,83.95236744726142,10.213183387744698,0.038502638474884145,187,366,237,251,360,180
1776757254.9357145,20.0,82,-18,83.95236744726142,10.213183387744698,0.038502638474884145,187,366,237,251,360,180
1776757254.986165,20.0,82,-18,83.95236744726142,10.213183387744698,0.038502638474884145,187,366,237,251,360,180
1776757255.0168421,20.0,82,-18,83.95236744726142,10.213183387744698,0.038502638474884145,187,366,237,251,360,180
1776757255.0478544,20.0,82,-18,83.95236744726142,10.213183387744698,0.038502638474884145,187,366,237,251,360,180
1776757255.0800724,20.0,82,-18,83.95236744726142,10.213183387744698,0.038502638474884145,187,366,237,251,360,180
1776757255.113273,20.0,82,-18,83.95236744726142,10.213183387744698,0.038502638474884145,187,366,237,251,360,180
1776757255.1452918,20.0,82,-18,83.95236744726142,10.213183387744698,0.038502638474884145,187,366,237,251,360,180
1776757255.1775243,20.0,82,-18,83.95236744726142,10.213183387744698,0.038502638474884145,187,366,237,251,360,180
1776757255.209973,20.0,82,-18,83.95236744726142,10.213183387744698,0.038502638474884145,187,366,237,251,360,180
1776757255.242879,20.0,82,-18,83.95236744726142,10.213183387744698,0.038502638474884145,187,366,237,251,360,180
1776757255.2735314,20.0,82,-18,83.95236744726142,10.213183387744698,0.038502638474884145,187,366,237,251,360,180
1776757255.3048036,20.0,82,-18,83.95236744726142,10.213183387744698,0.038502638474884145,187,366,237,251,360,180
1776757255.3356497,20.0,82,-18,83.95236744726142,10.213183387744698,0.038502638474884145,187,366,237,251,360,180
1776757255.3849044,20.0,82,-18,83.95236744726142,10.213183387744698,0.038502638474884145,187,366,237,251,360,180
1776757255.4162216,20.0,82,-18,83.95236744726142,10.213183387744698,0.038502638474884145,187,366,237,251,360,180
1776757255.4539897,20.0,82,-18,83.95236744726142,10.213183387744698,0.038502638474884145,187,366,237,251,360,180
1776757255.4803,20.0,82,-18,83.95236744726142,10.213183387744698,0.038502638474884145,187,366,237,251,360,180
1776757255.5133445,20.0,82,-18,83.95236744726142,10.213183387744698,0.038502638474884145,187,366,237,251,360,180
1776757255.5446165,20.0,82,-18,83.95236744726142,10.213183387744698,0.038502638474884145,187,366,237,251,360,180
1776757255.5787392,20.0,82,-18,83.95236744726142,10.213183387744698,0.038502638474884145,187,366,237,251,360,180
1776757255.6096904,20.0,82,-18,83.95236744726142,10.213183387744698,0.038502638474884145,187,366,237,251,360,180
1776757255.6403792,20.0,82,-18,83.95236744726142,10.213183387744698,0.038502638474884145,187,366,237,251,360,180
1776757255.6716738,20.0,82,-18,83.95236744726142,10.213183387744698,0.038502638474884145,187,366,237,251,360,180
1776757255.7047396,20.0,82,-18,83.95236744726142,10.213183387744698,0.038502638474884145,187,366,237,251,360,180
1776757255.7517333,20.0,82,-18,83.95236744726142,10.213183387744698,0.038502638474884145,187,366,237,251,360,180
1776757255.785102,20.0,82,-18,83.95236744726142,10.213183387744698,0.038502638474884145,187,366,237,251,360,180
1776757255.8156528,20.0,82,-18,83.95236744726142,10.213183387744698,0.038502638474884145,187,366,237,251,360,180
1776757255.848611,20.0,82,-18,83.95236744726142,10.213183387744698,0.038502638474884145,187,366,237,251,360,180
1776757255.8800788,20.0,82,-18,83.95236744726142,10.213183387744698,0.038502638474884145,187,366,237,251,360,180
1776757255.9137628,20.0,82,-18,83.95236744726142,10.213183387744698,0.038502638474884145,187,366,237,251,360,180
1776757255.9459481,20.0,82,-18,83.95236744726142,10.213183387744698,0.038502638474884145,187,366,237,251,360,180
1776757255.9783275,20.0,82,-18,83.95236744726142,10.213183387744698,0.038502638474884145,187,366,237,251,360,180
1776757256.0112097,20.0,82,-18,83.95236744726142,10.213183387744698,0.038502638474884145,187,366,237,251,360,180
1776757256.042206,20.0,82,-18,83.95236744726142,10.213183387744698,0.038502638474884145,187,366,237,251,360,180
1776757256.0729165,20.0,82,-18,83.95236744726142,10.213183387744698,0.038502638474884145,187,366,237,251,360,180
1776757256.1063216,20.0,82,-18,83.95236744726142,10.213183387744698,0.038502638474884145,187,366,237,251,360,180
1776757256.1543314,20.0,82,-18,83.95236744726142,10.213183387744698,0.038502638474884145,187,366,237,251,360,180
1776757256.1855333,20.0,82,-18,83.95236744726142,10.213183387744698,0.038502638474884145,187,366,237,251,360,180
1776757256.217375,20.0,82,-18,83.95236744726142,10.213183387744698,0.038502638474884145,187,366,237,251,360,180
1776757256.2492135,20.0,83,-18,84.92938243034621,10.332041658192969,0.038580810667285755,187,366,237,251,361,180
1776757256.2811637,20.0,83,-18,84.92938243034621,10.332041658192969,0.038580810667285755,187,366,237,251,361,180
1776757256.3139174,20.0,83,-18,84.92938243034621,10.332041658192969,0.038580810667285755,187,366,237,251,361,180
1776757256.3459158,20.0,83,-18,84.92938243034621,10.332041658192969,0.038580810667285755,187,366,237,251,361,180
1776757256.3767204,20.0,83,-18,84.92938243034621,10.332041658192969,0.038580810667285755,187,366,237,251,361,180
1776757256.4096048,20.0,83,-18,84.92938243034621,10.332041658192969,0.038580810667285755,187,366,237,251,361,180
1776757256.441198,20.0,83,-18,84.92938243034621,10.332041658192969,0.038580810667285755,187,366,237,251,361,180
1776757256.4729037,20.0,83,-18,84.92938243034621,10.332041658192969,0.038580810667285755,187,366,237,251,361,180
1776757256.5049472,20.0,83,-18,84.92938243034621,10.332041658192969,0.038580810667285755,187,366,237,251,361,180
1776757256.5537107,20.0,83,-18,84.92938243034621,10.332041658192969,0.038580810667285755,187,366,237,251,361,180
1776757256.5832405,20.0,83,-18,84.92938243034621,10.332041658192969,0.038580810667285755,187,366,237,251,361,180
1776757256.6163938,20.0,83,-18,84.92938243034621,10.332041658192969,0.038580810667285755,187,366,237,251,361,180
1776757256.6477711,20.0,83,-18,84.92938243034621,10.332041658192969,0.038580810667285755,187,366,237,251,361,180
1776757256.6805124,20.0,83,-18,84.92938243034621,10.332041658192969,0.038580810667285755,187,366,237,251,361,180
1776757256.7125056,20.0,83,-18,84.92938243034621,10.332041658192969,0.038580810667285755,187,366,237,251,361,180
1776757256.7457702,20.0,83,-18,84.92938243034621,10.332041658192969,0.038580810667285755,187,366,237,251,361,180
1776757256.7784586,20.0,83,-18,84.92938243034621,10.332041658192969,0.038580810667285755,187,366,237,251,361,180
1776757256.8103333,20.0,83,-18,84.92938243034621,10.332041658192969,0.038580810667285755,187,366,237,251,361,180
1776757256.841244,20.0,83,-18,84.92938243034621,10.332041658192969,0.038580810667285755,187,366,237,251,361,180
1776757256.872972,20.0,83,-18,84.92938243034621,10.332041658192969,0.038580810667285755,187,366,237,251,361,180
1776757256.905603,20.0,83,-18,84.92938243034621,10.332041658192969,0.038580810667285755,187,366,237,251,361,180
1776757256.9509888,20.0,83,-18,84.92938243034621,10.332041658192969,0.038580810667285755,187,366,237,251,361,180
1776757256.984763,20.0,83,-18,84.92938243034621,10.332041658192969,0.038580810667285755,187,366,237,251,361,180
1776757257.0234554,20.0,83,-18,84.92938243034621,10.332041658192969,0.038580810667285755,187,366,237,251,361,180
1776757257.0484781,20.0,83,-18,84.92938243034621,10.332041658192969,0.038580810667285755,187,366,237,251,361,180
1776757257.0809476,20.0,83,-18,84.92938243034621,10.332041658192969,0.038580810667285755,187,366,237,251,361,180
1776757257.1128576,20.0,83,-18,84.92938243034621,10.332041658192969,0.038580810667285755,187,366,237,251,361,180
1776757257.1447382,20.0,83,-18,84.92938243034621,10.332041658192969,0.038580810667285755,187,366,237,251,361,180
1776757257.1773741,20.0,83,-18,84.92938243034621,10.332041658192969,0.038580810667285755,187,366,237,251,361,180
1776757257.21009,20.0,83,-18,84.92938243034621,10.332041658192969,0.038580810667285755,187,366,237,251,361,180
1776757257.242097,20.0,83,-18,84.92938243034621,10.332041658192969,0.038580810667285755,187,366,237,251,361,180
1776757257.2723637,20.0,83,-18,84.92938243034621,10.332041658192969,0.038580810667285755,187,366,237,251,361,180
1776757257.3201034,20.0,83,-18,84.92938243034621,10.332041658192969,0.038580810667285755,187,366,237,251,361,180
1776757257.3520634,20.0,83,-18,84.92938243034621,10.332041658192969,0.038580810667285755,187,366,237,251,361,180
1776757257.384828,20.0,83,-18,84.92938243034621,10.332041658192969,0.038580810667285755,187,366,237,251,361,180
1776757257.41596,20.0,83,-18,84.92938243034621,10.332041658192969,0.038580810667285755,187,366,237,251,361,180
1776757257.4476316,20.0,83,-18,84.92938243034621,10.332041658192969,0.038580810667285755,187,366,237,251,361,180
1776757257.480222,20.0,83,-18,84.92938243034621,10.332041658192969,0.038580810667285755,187,366,237,251,361,180
1776757257.513751,20.0,83,-18,84.92938243034621,10.332041658192969,0.038580810667285755,187,366,237,251,361,180
1776757257.5461779,20.0,83,-18,84.92938243034621,10.332041658192969,0.038580810667285755,187,366,237,251,361,180
1776757257.5799394,20.0,83,-18,84.92938243034621,10.332041658192969,0.038580810667285755,187,366,237,251,361,180
1776757257.611221,20.0,84,-18,85.90692637965812,10.45096427976376,0.038655602967196355,187,366,237,251,362,180
1776757257.6421416,20.0,84,-18,85.90692637965812,10.45096427976376,0.038655602967196355,187,366,237,251,362,180
1776757257.6733725,20.0,84,-18,85.90692637965812,10.45096427976376,0.038655602967196355,187,366,237,251,362,180
1776757257.7213104,20.0,84,-18,85.90692637965812,10.45096427976376,0.03912885818457485,187,366,237,250,362,180
1776757257.7525048,20.0,84,-18,85.90692637965812,10.45096427976376,0.03912885818457485,187,366,237,250,362,180
1776757257.7854986,20.0,84,-18,85.90692637965812,10.45096427976376,0.03912885818457485,187,366,237,250,362,180
1776757257.816251,20.0,84,-18,85.90692637965812,10.45096427976376,0.03912885818457485,187,366,237,250,362,180
1776757257.8491573,20.0,84,-18,85.90692637965812,10.45096427976376,0.03912885818457485,187,366,237,250,362,180
1776757257.881995,20.0,84,-18,85.90692637965812,10.45096427976376,0.03912885818457485,187,366,237,250,362,180
1776757257.9137204,20.0,84,-18,85.90692637965812,10.45096427976376,0.03912885818457485,187,366,237,250,362,180
1776757257.9470685,20.0,84,-18,85.90692637965812,10.45096427976376,0.03912885818457485,187,366,237,250,362,180
1776757257.9784684,20.0,84,-18,85.90692637965812,10.45096427976376,0.03912885818457485,187,366,237,250,362,180
1776757258.010113,20.0,84,-18,85.90692637965812,10.45096427976376,0.03912885818457485,187,366,237,250,362,180
1776757258.0410209,20.0,84,-18,85.90692637965812,10.45096427976376,0.03912885818457485,187,366,237,250,362,180
1776757258.0726454,20.0,84,-18,85.90692637965812,10.45096427976376,0.03912885818457485,187,366,237,250,362,180
1776757258.1209252,20.0,84,-18,85.90692637965812,10.45096427976376,0.03912885818457485,187,366,237,250,362,180
1776757258.1547558,20.0,84,-18,85.90692637965812,10.45096427976376,0.03912885818457485,187,366,237,250,362,180
1776757258.1865766,20.0,84,-18,85.90692637965812,10.45096427976376,0.03912885818457485,187,366,237,250,362,180
1776757258.2263498,20.0,84,-18,85.90692637965812,10.45096427976376,0.03912885818457485,187,366,237,250,362,180
1776757258.2498238,20.0,84,-18,85.90692637965812,10.45096427976376,0.03912885818457485,187,366,237,250,362,180
1776757258.2821195,20.0,84,-18,85.90692637965812,10.45096427976376,0.03912885818457485,187,366,237,250,362,180
1776757258.3121772,20.0,84,-18,85.90692637965812,10.45096427976376,0.03912885818457485,187,366,237,250,362,180
1776757258.3445883,20.0,84,-18,85.90692637965812,10.45096427976376,0.03912885818457485,187,366,237,250,362,180
1776757258.3782055,20.0,84,-18,85.90692637965812,10.45096427976376,0.03912885818457485,187,366,237,250,362,180
1776757258.409984,20.0,84,-18,85.90692637965812,10.45096427976376,0.03912885818457485,187,366,237,250,362,180
1776757258.4416127,20.0,84,-18,85.90692637965812,10.45096427976376,0.03912885818457485,187,366,237,250,362,180
1776757258.4913287,20.0,84,-18,85.90692637965812,10.45096427976376,0.03912885818457485,187,366,237,250,362,180
1776757258.5230238,20.0,84,-18,85.90692637965812,10.45096427976376,0.03912885818457485,187,366,237,250,362,180
1776757258.5545723,20.0,84,-18,85.90692637965812,10.45096427976376,0.03912885818457485,187,366,237,250,362,180
1776757258.5870934,20.0,84,-18,85.90692637965812,10.45096427976376,0.03912885818457485,187,366,237,250,362,180
1776757258.6185436,20.0,84,-18,85.90692637965812,10.45096427976376,0.03912885818457485,187,366,237,250,362,180
1776757258.6492846,20.0,84,-18,85.90692637965812,10.45096427976376,0.03912885818457485,187,366,237,250,362,180
1776757258.6810887,20.0,84,-18,85.90692637965812,10.45096427976376,0.03912885818457485,187,366,237,250,362,180
1776757258.7138422,20.0,84,-18,85.90692637965812,10.45096427976376,0.03912885818457485,187,366,237,250,362,180
1776757258.7459152,20.0,84,-18,85.90692637965812,10.45096427976376,0.03912885818457485,187,366,237,250,362,180
1776757258.7790785,20.0,84,-18,85.90692637965812,10.45096427976376,0.03912885818457485,187,366,237,250,362,180
1776757258.8112092,20.0,84,-18,85.90692637965812,10.45096427976376,0.03912885818457485,187,366,237,250,362,180
1776757258.8454144,20.0,84,-18,85.90692637965812,10.45096427976376,0.03912885818457485,187,366,237,250,362,180
1776757258.8884356,20.0,84,-18,85.90692637965812,10.45096427976376,0.03912885818457485,187,366,237,250,362,180
1776757258.9219446,20.0,84,-18,85.90692637965812,10.45096427976376,0.03912885818457485,187,366,237,250,362,180
1776757258.9536297,20.0,84,-18,85.90692637965812,10.45096427976376,0.03912885818457485,187,366,237,250,362,180
1776757258.9867177,20.0,84,-18,85.90692637965812,10.45096427976376,0.03912885818457485,187,366,237,250,362,180
1776757259.015868,20.0,84,-18,85.90692637965812,10.45096427976376,0.03912885818457485,187,366,237,250,362,180
1776757259.049124,20.0,84,-18,85.90692637965812,10.45096427976376,0.03912885818457485,187,366,237,250,362,180
1776757259.0818968,20.0,84,-18,85.90692637965812,10.45096427976376,0.03858078916315483,187,366,238,250,362,180
1776757259.1126416,20.0,84,-18,85.90692637965812,10.45096427976376,0.03858078916315483,187,366,238,250,362,180
1776757259.1452963,20.0,84,-18,85.90692637965812,10.45096427976376,0.03858078916315483,187,366,238,250,362,180
1776757259.178499,20.0,84,-18,85.90692637965812,10.45096427976376,0.03858078916315483,187,366,238,250,362,180
1776757259.2109523,20.0,85,-18,86.88498144098322,10.569949080411584,0.03865351325292333,187,366,238,250,363,180
1776757259.243516,20.0,85,-18,86.88498144098322,10.569949080411584,0.03865351325292333,187,366,238,250,363,180
1776757259.2887626,20.0,85,-18,86.88498144098322,10.569949080411584,0.03865351325292333,187,366,238,250,363,180
1776757259.3216243,20.0,85,-18,86.88498144098322,10.569949080411584,0.03865351325292333,187,366,238,250,363,180
1776757259.352317,20.0,85,-18,86.88498144098322,10.569949080411584,0.03865351325292333,187,366,238,250,363,180
1776757259.3830225,20.0,85,-18,86.88498144098322,10.569949080411584,0.03865351325292333,187,366,238,250,363,180
1776757259.4162757,20.0,85,-18,86.88498144098322,10.569949080411584,0.03865351325292333,187,366,238,250,363,180
1776757259.448195,20.0,85,-18,86.88498144098322,10.569949080411584,0.03865351325292333,187,366,238,250,363,180
1776757259.479681,20.0,85,-18,86.88498144098322,10.569949080411584,0.03865351325292333,187,366,238,250,363,180
1776757259.510805,20.0,85,-18,86.88498144098322,10.569949080411584,0.03865351325292333,187,366,238,250,363,180
1776757259.54479,20.0,85,-18,86.88498144098322,10.569949080411584,0.03865351325292333,187,366,238,250,363,180
1776757259.5767918,20.0,85,-18,86.88498144098322,10.569949080411584,0.03865351325292333,187,366,238,250,363,180
1776757259.6096313,20.0,85,-18,86.88498144098322,10.569949080411584,0.03865351325292333,187,366,238,250,363,180
1776757259.6420736,20.0,85,-18,86.88498144098322,10.569949080411584,0.03865351325292333,187,366,238,250,363,180
1776757259.689556,20.0,85,-18,86.88498144098322,10.569949080411584,0.03865351325292333,187,366,238,250,363,180
1776757259.7213826,20.0,85,-18,86.88498144098322,10.569949080411584,0.03865351325292333,187,366,238,250,363,180
1776757259.7534986,20.0,85,-18,86.88498144098322,10.569949080411584,0.03865351325292333,187,366,238,250,363,180
1776757259.7841425,20.0,85,-18,86.88498144098322,10.569949080411584,0.03865351325292333,187,366,238,250,363,180
1776757259.8183525,20.0,85,-18,86.88498144098322,10.569949080411584,0.03865351325292333,187,366,238,250,363,180
1776757259.8481455,20.0,85,-18,86.88498144098322,10.569949080411584,0.03865351325292333,187,366,238,250,363,180
1776757259.8805366,20.0,85,-18,86.88498144098322,10.569949080411584,0.03865351325292333,187,366,238,250,363,180
1776757259.9111228,20.0,85,-18,86.88498144098322,10.569949080411584,0.03865351325292333,187,366,238,250,363,180
1776757259.9460065,20.0,85,-18,86.88498144098322,10.569949080411584,0.03865351325292333,187,366,238,250,363,180
1776757259.9780087,20.0,85,-18,86.88498144098322,10.569949080411584,0.03865351325292333,187,366,238,250,363,180
1776757260.0135174,20.0,85,-18,86.88498144098322,10.569949080411584,0.03865351325292333,187,366,238,250,363,180
1776757260.0567045,20.0,85,-18,86.88498144098322,10.569949080411584,0.03865351325292333,187,366,238,250,363,180
1776757260.0873418,20.0,85,-18,86.88498144098322,10.569949080411584,0.03865351325292333,187,366,238,250,363,180
1776757260.120661,20.0,85,-18,86.88498144098322,10.569949080411584,0.03865351325292333,187,366,238,250,363,180
1776757260.150837,20.0,85,-18,86.88498144098322,10.569949080411584,0.03865351325292333,187,366,238,250,363,180
1776757260.1850753,20.0,85,-18,86.88498144098322,10.569949080411584,0.03865351325292333,187,366,238,250,363,180
1776757260.2178283,20.0,85,-18,86.88498144098322,10.569949080411584,0.03865351325292333,187,366,238,250,363,180
1776757260.2488608,20.0,85,-18,86.88498144098322,10.569949080411584,0.03865351325292333,187,366,238,250,363,180
1776757260.2795527,20.0,85,-18,86.88498144098322,10.569949080411584,0.03865351325292333,187,366,238,250,363,180
1776757260.3134046,20.0,85,-18,86.88498144098322,10.569949080411584,0.03865351325292333,187,366,238,250,363,180
1776757260.345111,20.0,85,-18,86.88498144098322,10.569949080411584,0.03865351325292333,187,366,238,250,363,180
1776757260.3788033,20.0,85,-18,86.88498144098322,10.569949080411584,0.03865351325292333,187,366,238,250,363,180
1776757260.4095852,20.0,85,-18,86.88498144098322,10.569949080411584,0.03865351325292333,187,366,238,250,363,180
1776757260.4566565,20.0,85,-18,86.88498144098322,10.569949080411584,0.03865351325292333,187,366,238,250,363,180
1776757260.4879854,20.0,86,-18,87.86353054595519,10.688993983692844,0.03872296564375277,187,366,238,250,364,180
1776757260.5202909,20.0,86,-18,87.86353054595519,10.688993983692844,0.03872296564375277,187,366,238,250,364,180
1776757260.5516841,20.0,86,-18,87.86353054595519,10.688993983692844,0.03872296564375277,187,366,238,250,364,180
1776757260.584082,20.0,86,-18,87.86353054595519,10.688993983692844,0.03872296564375277,187,366,238,250,364,180
1776757260.6164188,20.0,86,-18,87.86353054595519,10.688993983692844,0.03872296564375277,187,366,238,250,364,180
1776757260.652302,20.0,86,-18,87.86353054595519,10.688993983692844,0.03872296564375277,187,366,238,250,364,180
1776757260.6855185,20.0,86,-18,87.86353054595519,10.688993983692844,0.03872296564375277,187,366,238,250,364,180
1776757260.7138062,20.0,86,-18,87.86353054595519,10.688993983692844,0.03872296564375277,187,366,238,250,364,180
1776757260.7456756,20.0,86,-18,87.86353054595519,10.688993983692844,0.03872296564375277,187,366,238,250,364,180
1776757260.7768078,20.0,86,-18,87.86353054595519,10.688993983692844,0.03872296564375277,187,366,238,250,364,180
1776757260.8098795,20.0,86,-18,87.86353054595519,10.688993983692844,0.03872296564375277,187,366,238,250,364,180
1776757260.8563876,20.0,86,-18,87.86353054595519,10.688993983692844,0.03872296564375277,187,366,238,250,364,180
1776757260.890798,20.0,86,-18,87.86353054595519,10.688993983692844,0.03872296564375277,187,366,238,250,364,180
1776757260.922133,20.0,86,-18,87.86353054595519,10.688993983692844,0.03872296564375277,187,366,238,250,364,180
1776757260.9531953,20.0,86,-18,87.86353054595519,10.688993983692844,0.039192402142721516,187,366,238,249,364,180
1776757260.9860923,20.0,86,-18,87.86353054595519,10.688993983692844,0.039192402142721516,187,366,238,249,364,180
1776757261.098229,20.0,86,-18,87.86353054595519,10.688993983692844,0.039192402142721516,187,366,238,249,364,180
1776757261.1107,20.0,86,-18,87.86353054595519,10.688993983692844,0.039192402142721516,187,366,238,249,364,180
1776757261.1234,20.0,86,-18,87.86353054595519,10.688993983692844,0.039192402142721516,187,366,238,249,364,180
1776757261.1359127,20.0,86,-18,87.86353054595519,10.688993983692844,0.039192402142721516,187,366,238,249,364,180
1776757261.1486423,20.0,86,-18,87.86353054595519,10.688993983692844,0.039192402142721516,187,366,238,249,364,180
1776757261.177107,20.0,86,-18,87.86353054595519,10.688993983692844,0.039192402142721516,187,366,238,249,364,180
1776757261.224249,20.0,86,-18,87.86353054595519,10.688993983692844,0.039192402142721516,187,366,238,249,364,180
1776757261.2593029,20.0,86,-18,87.86353054595519,10.688993983692844,0.039192402142721516,187,366,238,249,364,180
1776757261.290496,20.0,87,-18,88.84255736976509,10.808097003621056,0.03925489822754412,187,366,238,249,365,180
1776757261.3197353,20.0,87,-18,88.84255736976509,10.808097003621056,0.03925489822754412,187,366,238,249,365,180
1776757261.3528187,20.0,87,-18,88.84255736976509,10.808097003621056,0.03925489822754412,187,366,238,249,365,180
1776757261.3856866,20.0,87,-18,88.84255736976509,10.808097003621056,0.03925489822754412,187,366,238,249,365,180
1776757261.4152682,20.0,87,-18,88.84255736976509,10.808097003621056,0.03925489822754412,187,366,238,249,365,180
1776757261.4478564,20.0,87,-18,88.84255736976509,10.808097003621056,0.03925489822754412,187,366,238,249,365,180
1776757261.4796307,20.0,87,-18,88.84255736976509,10.808097003621056,0.03872475706629777,187,366,239,249,365,180
1776757261.5121634,20.0,87,-18,88.84255736976509,10.808097003621056,0.03872475706629777,187,366,239,249,365,180
1776757261.54517,20.0,87,-18,88.84255736976509,10.808097003621056,0.03872475706629777,187,366,239,249,365,180
1776757261.5790741,20.0,87,-18,88.84255736976509,10.808097003621056,0.03872475706629777,187,366,239,249,365,180
1776757261.6237724,20.0,87,-18,88.84255736976509,10.808097003621056,0.03872475706629777,187,366,239,249,365,180
1776757261.658407,20.0,87,-18,88.84255736976509,10.808097003621056,0.03872475706629777,187,366,239,249,365,180
1776757261.69164,20.0,87,-18,88.84255736976509,10.808097003621056,0.03872475706629777,187,366,239,249,365,180
1776757261.723648,20.0,87,-18,88.84255736976509,10.808097003621056,0.03872475706629777,187,366,239,249,365,180
1776757261.7541604,20.0,87,-18,88.84255736976509,10.808097003621056,0.03872475706629777,187,366,239,249,365,180
1776757261.7824354,20.0,87,-18,88.84255736976509,10.808097003621056,0.03872475706629777,187,366,239,249,365,180
1776757261.8173516,20.0,87,-18,88.84255736976509,10.808097003621056,0.03872475706629777,187,366,239,249,365,180
1776757261.8487713,20.0,87,-18,88.84255736976509,10.808097003621056,0.03872475706629777,187,366,239,249,365,180
1776757261.8790545,20.0,87,-18,88.84255736976509,10.808097003621056,0.03872475706629777,187,366,239,249,365,180
1776757261.911908,20.0,88,-18,89.82204629154248,10.927256239847015,0.03878895728069786,187,366,239,249,366,180
1776757261.9450662,20.0,88,-18,89.82204629154248,10.927256239847015,0.03878895728069786,187,366,239,249,366,180
1776757261.9759502,20.0,88,-18,89.82204629154248,10.927256239847015,0.03878895728069786,187,366,239,249,366,180
1776757262.0253742,20.0,88,-18,89.82204629154248,10.927256239847015,0.03878895728069786,187,366,239,249,366,180
1776757262.057657,20.0,88,-18,89.82204629154248,10.927256239847015,0.03878895728069786,187,366,239,249,366,180
1776757262.0897357,20.0,88,-18,89.82204629154248,10.927256239847015,0.03878895728069786,187,366,239,249,366,180
1776757262.118467,20.0,88,-18,89.82204629154248,10.927256239847015,0.03878895728069786,187,366,239,249,366,180
1776757262.151672,20.0,88,-18,89.82204629154248,10.927256239847015,0.03878895728069786,187,366,239,249,366,180
1776757262.1844704,20.0,88,-18,89.82204629154248,10.927256239847015,0.03878895728069786,187,366,239,249,366,180
1776757262.2225082,20.0,88,-18,89.82204629154248,10.927256239847015,0.03878895728069786,187,366,239,249,366,180
1776757262.248427,20.0,88,-18,89.82204629154248,10.927256239847015,0.03878895728069786,187,366,239,249,366,180
1776757262.2803683,20.0,88,-18,89.82204629154248,10.927256239847015,0.03878895728069786,187,366,239,249,366,180
1776757262.3121846,20.0,88,-18,89.82204629154248,10.927256239847015,0.03878895728069786,187,366,239,249,366,180
1776757262.3440106,20.0,88,-18,89.82204629154248,10.927256239847015,0.03878895728069786,187,366,239,249,366,180
1776757262.3920918,20.0,88,-18,89.82204629154248,10.927256239847015,0.03878895728069786,187,366,239,249,366,180
1776757262.426474,20.0,88,-18,89.82204629154248,10.927256239847015,0.03878895728069786,187,366,239,249,366,180
1776757262.4602458,20.0,88,-18,89.82204629154248,10.927256239847015,0.03878895728069786,187,366,239,249,366,180
1776757262.4895546,20.0,88,-18,89.82204629154248,10.927256239847015,0.03878895728069786,187,366,239,249,366,180
1776757262.5215771,20.0,88,-18,89.82204629154248,10.927256239847015,0.03878895728069786,187,366,239,249,366,180
1776757262.5536788,20.0,88,-18,89.82204629154248,10.927256239847015,0.03878895728069786,187,366,239,249,366,180
1776757262.5833385,20.0,88,-18,89.82204629154248,10.927256239847015,0.03878895728069786,187,366,239,249,366,180
1776757262.6163943,20.0,88,-18,89.82204629154248,10.927256239847015,0.03878895728069786,187,366,239,249,366,180
1776757262.647822,20.0,88,-18,89.82204629154248,10.927256239847015,0.03878895728069786,187,366,239,249,366,180
1776757262.6804125,20.0,88,-18,89.82204629154248,10.927256239847015,0.03878895728069786,187,366,239,249,366,180
1776757262.7126832,20.0,88,-18,89.82204629154248,10.927256239847015,0.03878895728069786,187,366,239,249,366,180
1776757262.7444413,20.0,88,-18,89.82204629154248,10.927256239847015,0.03878895728069786,187,366,239,249,366,180
1776757262.7940245,20.0,88,-18,89.82204629154248,10.927256239847015,0.03878895728069786,187,366,239,249,366,180
1776757262.8281631,20.0,88,-18,89.82204629154248,10.927256239847015,0.03878895728069786,187,366,239,249,366,180
1776757262.8575573,20.0,88,-18,89.82204629154248,10.927256239847015,0.03878895728069786,187,366,239,249,366,180
1776757262.8959892,20.0,88,-18,89.82204629154248,10.927256239847015,0.03878895728069786,187,366,239,249,366,180
1776757262.9240386,20.0,88,-18,89.82204629154248,10.927256239847015,0.03878895728069786,187,366,239,249,366,180
1776757262.9568493,20.0,88,-18,89.82204629154248,10.927256239847015,0.03878895728069786,187,366,239,249,366,180
1776757262.98944,20.0,88,-18,89.82204629154248,10.927256239847015,0.03878895728069786,187,366,239,249,366,180
1776757263.019306,20.0,88,-18,89.82204629154248,10.927256239847015,0.039254471124290445,187,366,239,248,366,180
1776757263.0513606,20.0,88,-18,89.82204629154248,10.927256239847015,0.039254471124290445,187,366,239,248,366,180
1776757263.080509,20.0,88,-18,89.82204629154248,10.927256239847015,0.039254471124290445,187,366,239,248,366,180
1776757263.1124165,20.0,88,-18,89.82204629154248,10.927256239847015,0.039254471124290445,187,366,239,248,366,180
1776757263.144528,20.0,89,-18,90.80198235721508,11.04646987314052,0.03931183297243972,187,366,239,248,367,180
1776757263.1936374,20.0,89,-18,90.80198235721508,11.04646987314052,0.03931183297243972,187,366,239,248,367,180
1776757263.2278633,20.0,89,-18,90.80198235721508,11.04646987314052,0.03931183297243972,187,366,239,248,367,180
1776757263.260874,20.0,89,-18,90.80198235721508,11.04646987314052,0.03931183297243972,187,366,239,248,367,180
1776757263.2912784,20.0,89,-18,90.80198235721508,11.04646987314052,0.03931183297243972,187,366,239,248,367,180
1776757263.321902,20.0,89,-18,90.80198235721508,11.04646987314052,0.03931183297243972,187,366,239,248,367,180
1776757263.354612,20.0,89,-18,90.80198235721508,11.04646987314052,0.03931183297243972,187,366,239,248,367,180
1776757263.386008,20.0,89,-18,90.80198235721508,11.04646987314052,0.03931183297243972,187,366,239,248,367,180
1776757263.4190757,20.0,89,-18,90.80198235721508,11.04646987314052,0.03931183297243972,187,366,239,248,367,180
1776757263.4486778,20.0,89,-18,90.80198235721508,11.04646987314052,0.03931183297243972,187,366,239,248,367,180
1776757263.479441,20.0,89,-18,90.80198235721508,11.04646987314052,0.03931183297243972,187,366,239,248,367,180
1776757263.511221,20.0,89,-18,90.80198235721508,11.04646987314052,0.03931183297243972,187,366,239,248,367,180
1776757263.544383,20.0,89,-18,90.80198235721508,11.04646987314052,0.03931183297243972,187,366,239,248,367,180
1776757263.5933948,20.0,89,-18,90.80198235721508,11.04646987314052,0.03931183297243972,187,366,239,248,367,180
1776757263.6345203,20.0,89,-18,90.80198235721508,11.04646987314052,0.03931183297243972,187,366,239,248,367,180
1776757263.6602805,20.0,89,-18,90.80198235721508,11.04646987314052,0.03931183297243972,187,366,239,248,367,180
1776757263.6911786,20.0,89,-18,90.80198235721508,11.04646987314052,0.03931183297243972,187,366,239,248,367,180
1776757263.7201374,20.0,89,-18,90.80198235721508,11.04646987314052,0.03931183297243972,187,366,239,248,367,180
1776757263.7532125,20.0,89,-18,90.80198235721508,11.04646987314052,0.03931183297243972,187,366,239,248,367,180
1776757263.782364,20.0,89,-18,90.80198235721508,11.04646987314052,0.03931183297243972,187,366,239,248,367,180
1776757263.815606,20.0,89,-18,90.80198235721508,11.04646987314052,0.03931183297243972,187,366,239,248,367,180
1776757263.8476758,20.0,89,-18,90.80198235721508,11.04646987314052,0.03931183297243972,187,366,239,248,367,180
1776757263.8813465,20.0,89,-18,90.80198235721508,11.04646987314052,0.03931183297243972,187,366,239,248,367,180
1776757263.9126039,20.0,89,-18,90.80198235721508,11.04646987314052,0.03931183297243972,187,366,239,248,367,180
1776757263.9616497,20.0,89,-18,90.80198235721508,11.04646987314052,0.03931183297243972,187,366,239,248,367,180
1776757263.995744,20.0,89,-18,90.80198235721508,11.04646987314052,0.03931183297243972,187,366,239,248,367,180
1776757264.0095327,20.0,89,-18,90.80198235721508,11.04646987314052,0.038794361550896356,187,366,240,248,367,180
1776757264.057522,20.0,89,-18,90.80198235721508,11.04646987314052,0.038794361550896356,187,366,240,248,367,180
1776757264.0906434,20.0,89,-18,90.80198235721508,11.04646987314052,0.038794361550896356,187,366,240,248,367,180
1776757264.122242,20.0,90,-18,91.78235124467012,11.165736161152083,0.03885339968207884,187,366,240,248,368,180
1776757264.154063,20.0,90,-18,91.78235124467012,11.165736161152083,0.03885339968207884,187,366,240,248,368,180
1776757264.1842747,20.0,90,-18,91.78235124467012,11.165736161152083,0.03885339968207884,187,366,240,248,368,180
1776757264.2203062,20.0,90,-18,91.78235124467012,11.165736161152083,0.03885339968207884,187,366,240,248,368,180
1776757264.2495408,20.0,90,-18,91.78235124467012,11.165736161152083,0.03885339968207884,187,366,240,248,368,180
1776757264.2811544,20.0,90,-18,91.78235124467012,11.165736161152083,0.03885339968207884,187,366,240,248,368,180
1776757264.3127122,20.0,90,-18,91.78235124467012,11.165736161152083,0.03885339968207884,187,366,240,248,368,180
1776757264.3624568,20.0,90,-18,91.78235124467012,11.165736161152083,0.03885339968207884,187,366,240,248,368,180
1776757264.3938835,20.0,90,-18,91.78235124467012,11.165736161152083,0.03885339968207884,187,366,240,248,368,180
1776757264.4061344,20.0,90,-18,91.78235124467012,11.165736161152083,0.03885339968207884,187,366,240,248,368,180
1776757264.4578676,20.0,90,-18,91.78235124467012,11.165736161152083,0.03885339968207884,187,366,240,248,368,180
1776757264.489961,20.0,90,-18,91.78235124467012,11.165736161152083,0.03885339968207884,187,366,240,248,368,180
1776757264.5215063,20.0,90,-18,91.78235124467012,11.165736161152083,0.03885339968207884,187,366,240,248,368,180
1776757264.5514245,20.0,90,-18,91.78235124467012,11.165736161152083,0.03885339968207884,187,366,240,248,368,180
1776757264.5842729,20.0,90,-18,91.78235124467012,11.165736161152083,0.03885339968207884,187,366,240,248,368,180
1776757264.618784,20.0,90,-18,91.78235124467012,11.165736161152083,0.03885339968207884,187,366,240,248,368,180
1776757264.6471539,20.0,90,-18,91.78235124467012,11.165736161152083,0.03885339968207884,187,366,240,248,368,180
1776757264.6806176,20.0,90,-18,91.78235124467012,11.165736161152083,0.03885339968207884,187,366,240,248,368,180
1776757264.7117114,20.0,90,-18,91.78235124467012,11.165736161152083,0.03885339968207884,187,366,240,248,368,180
1776757264.7613845,20.0,90,-18,91.78235124467012,11.165736161152083,0.03885339968207884,187,366,240,248,368,180
