time,pressure_kPa,dx_px,dy_px,tip_disp_px,tip_disp_mm,curvature_1_per_mm,base_x,base_y,mid_x,mid_y,tip_x,tip_y
1776762931.586102,0.0,0,0,0.0,0.0,0.03447488500302926,188,364,201,309,242,238
1776762931.6428206,0.0,0,0,0.0,0.0,0.03447488500302926,188,364,201,309,242,238
1776762931.6960332,0.0,0,0,0.0,0.0,0.03447488500302926,188,364,201,309,242,238
1776762931.7541254,0.0,0,0,0.0,0.0,0.03447488500302926,188,364,201,309,242,238
1776762931.810559,0.0,0,0,0.0,0.0,0.03447488500302926,188,364,201,309,242,238
1776762931.868972,0.0,0,0,0.0,0.0,0.03447488500302926,188,364,201,309,242,238
1776762931.9255743,0.0,0,0,0.0,0.0,0.03447488500302926,188,364,201,309,242,238
1776762931.9789703,0.0,0,0,0.0,0.0,0.03447488500302926,188,364,201,309,242,238
1776762932.036226,0.0,0,0,0.0,0.0,0.03447488500302926,188,364,201,309,242,238
1776762932.0928452,0.0,0,0,0.0,0.0,0.03447488500302926,188,364,201,309,242,238
1776762932.1505442,0.0,0,0,0.0,0.0,0.03447488500302926,188,364,201,309,242,238
1776762932.207951,0.0,0,0,0.0,0.0,0.03447488500302926,188,364,201,309,242,238
1776762932.2651052,0.0,0,0,0.0,0.0,0.03447488500302926,188,364,201,309,242,238
1776762932.3186276,0.0,0,0,0.0,0.0,0.03447488500302926,188,364,201,309,242,238
1776762932.3762524,0.0,0,0,0.0,0.0,0.03447488500302926,188,364,201,309,242,238
1776762932.4327312,0.0,0,0,0.0,0.0,0.03447488500302926,188,364,201,309,242,238
1776762932.4906404,0.0,0,0,0.0,0.0,0.03447488500302926,188,364,201,309,242,238
1776762932.5473733,0.0,0,0,0.0,0.0,0.03447488500302926,188,364,201,309,242,238
1776762932.6010277,0.0,0,0,0.0,0.0,0.03447488500302926,188,364,201,309,242,238
1776762932.6586573,0.0,0,0,0.0,0.0,0.03447488500302926,188,364,201,309,242,238
1776762932.7159245,0.0,0,0,0.0,0.0,0.03447488500302926,188,364,201,309,242,238
1776762932.7736268,0.0,0,0,0.0,0.0,0.03447488500302926,188,364,201,309,242,238
1776762932.8303673,0.0,0,0,0.0,0.0,0.03447488500302926,188,364,201,309,242,238
1776762932.8875146,0.0,0,0,0.0,0.0,0.03447488500302926,188,364,201,309,242,238
1776762932.9406877,0.0,0,0,0.0,0.0,0.03447488500302926,188,364,201,309,242,238
1776762932.9981847,0.0,0,0,0.0,0.0,0.03447488500302926,188,364,201,309,242,238
1776762933.055371,0.0,0,0,0.0,0.0,0.03447488500302926,188,364,201,309,242,238
1776762933.1129847,0.0,0,0,0.0,0.0,0.03447488500302926,188,364,201,309,242,238
1776762933.1699593,0.0,0,0,0.0,0.0,0.03447488500302926,188,364,201,309,242,238
1776762933.2234795,0.0,0,0,0.0,0.0,0.03447488500302926,188,364,201,309,242,238
1776762933.280657,0.0,0,0,0.0,0.0,0.03447488500302926,188,364,201,309,242,238
1776762933.3379743,0.0,0,0,0.0,0.0,0.03447488500302926,188,364,201,309,242,238
1776762933.395267,0.0,0,0,0.0,0.0,0.03447488500302926,188,364,201,309,242,238
1776762933.4526453,0.0,0,0,0.0,0.0,0.03447488500302926,188,364,201,309,242,238
1776762933.5103602,0.0,0,0,0.0,0.0,0.03447488500302926,188,364,201,309,242,238
1776762933.5639176,0.0,0,0,0.0,0.0,0.03447488500302926,188,364,201,309,242,238
1776762933.6210182,0.0,0,0,0.0,0.0,0.03447488500302926,188,364,201,309,242,238
1776762933.6778758,0.0,0,0,0.0,0.0,0.03447488500302926,188,364,201,309,242,238
1776762933.7352972,0.0,0,0,0.0,0.0,0.03447488500302926,188,364,201,309,242,238
1776762933.793039,0.0,0,0,0.0,0.0,0.03447488500302926,188,364,201,309,242,238
1776762933.8467743,0.0,0,0,0.0,0.0,0.03447488500302926,188,364,201,309,242,238
1776762933.9038966,0.0,0,0,0.0,0.0,0.03447488500302926,188,364,201,309,242,238
1776762933.96105,0.0,0,0,0.0,0.0,0.03447488500302926,188,364,201,309,242,238
1776762934.0187805,0.0,0,0,0.0,0.0,0.03447488500302926,188,364,201,309,242,238
1776762934.0755205,0.0,0,0,0.0,0.0,0.03447488500302926,188,364,201,309,242,238
1776762934.1335614,0.0,0,0,0.0,0.0,0.03447488500302926,188,364,201,309,242,238
1776762934.1864097,0.0,0,0,0.0,0.0,0.03447488500302926,188,364,201,309,242,238
1776762934.2432978,0.0,0,0,0.0,0.0,0.03447488500302926,188,364,201,309,242,238
1776762934.3007922,0.0,0,0,0.0,0.0,0.03447488500302926,188,364,201,309,242,238
1776762934.3586576,0.0,0,0,0.0,0.0,0.03447488500302926,188,364,201,309,242,238
1776762934.4151795,0.0,0,0,0.0,0.0,0.03447488500302926,188,364,201,309,242,238
1776762934.469076,0.0,0,0,0.0,0.0,0.03447488500302926,188,364,201,309,242,238
1776762934.5260432,0.0,0,0,0.0,0.0,0.03447488500302926,188,364,201,309,242,238
1776762934.5835052,0.0,0,0,0.0,0.0,0.03447488500302926,188,364,201,309,242,238
1776762934.640779,0.0,0,0,0.0,0.0,0.03447488500302926,188,364,201,309,242,238
1776762934.6982837,0.0,0,0,0.0,0.0,0.03447488500302926,188,364,201,309,242,238
1776762934.7550108,0.0,0,0,0.0,0.0,0.03447488500302926,188,364,201,309,242,238
1776762934.808477,0.0,0,0,0.0,0.0,0.03447488500302926,188,364,201,309,242,238
1776762934.8662653,0.0,0,0,0.0,0.0,0.03447488500302926,188,364,201,309,242,238
1776762934.9237788,0.0,0,0,0.0,0.0,0.03447488500302926,188,364,201,309,242,238
1776762934.9810605,0.0,0,0,0.0,0.0,0.03447488500302926,188,364,201,309,242,238
1776762935.0382326,0.0,0,0,0.0,0.0,0.03447488500302926,188,364,201,309,242,238
1776762935.091765,0.0,0,0,0.0,0.0,0.03447488500302926,188,364,201,309,242,238
1776762935.1491456,0.0,0,0,0.0,0.0,0.03447488500302926,188,364,201,309,242,238
1776762935.2061934,0.0,0,0,0.0,0.0,0.03447488500302926,188,364,201,309,242,238
1776762935.2632096,0.0,0,0,0.0,0.0,0.03447488500302926,188,364,201,309,242,238
1776762935.3204823,0.0,0,0,0.0,0.0,0.03447488500302926,188,364,201,309,242,238
1776762935.3780997,0.0,0,0,0.0,0.0,0.03447488500302926,188,364,201,309,242,238
1776762935.4313262,0.0,0,0,0.0,0.0,0.03447488500302926,188,364,201,309,242,238
1776762935.4883628,0.0,0,0,0.0,0.0,0.03447488500302926,188,364,201,309,242,238
1776762935.5460737,0.0,0,0,0.0,0.0,0.03447488500302926,188,364,201,309,242,238
1776762935.603854,0.0,0,0,0.0,0.0,0.03447488500302926,188,364,201,309,242,238
1776762935.6612225,0.0,0,0,0.0,0.0,0.03447488500302926,188,364,201,309,242,238
1776762935.714105,0.0,0,0,0.0,0.0,0.03447488500302926,188,364,201,309,242,238
1776762935.7714229,0.0,0,0,0.0,0.0,0.03447488500302926,188,364,201,309,242,238
1776762935.828981,0.0,0,0,0.0,0.0,0.03447488500302926,188,364,201,309,242,238
1776762935.8863373,0.0,0,0,0.0,0.0,0.03447488500302926,188,364,201,309,242,238
1776762935.9431758,0.0,0,0,0.0,0.0,0.03447488500302926,188,364,201,309,242,238
1776762936.0007877,0.0,0,0,0.0,0.0,0.03447488500302926,188,364,201,309,242,238
1776762936.054684,0.0,0,0,0.0,0.0,0.03447488500302926,188,364,201,309,242,238
1776762936.111669,0.0,0,0,0.0,0.0,0.03447488500302926,188,364,201,309,242,238
1776762936.1682768,0.0,0,0,0.0,0.0,0.03447488500302926,188,364,201,309,242,238
1776762936.225604,0.0,0,0,0.0,0.0,0.03447488500302926,188,364,201,309,242,238
1776762936.2836795,0.0,0,0,0.0,0.0,0.03447488500302926,188,364,201,309,242,238
1776762936.3368058,0.0,0,0,0.0,0.0,0.03447488500302926,188,364,201,309,242,238
1776762936.393542,0.0,0,0,0.0,0.0,0.03447488500302926,188,364,201,309,242,238
1776762936.4512916,0.0,0,0,0.0,0.0,0.03447488500302926,188,364,201,309,242,238
1776762936.5085504,0.0,0,0,0.0,0.0,0.03447488500302926,188,364,201,309,242,238
1776762936.5661335,0.0,0,0,0.0,0.0,0.03447488500302926,188,364,201,309,242,238
1776762936.6235278,0.0,0,0,0.0,0.0,0.03447488500302926,188,364,201,309,242,238
1776762936.6766112,0.0,0,0,0.0,0.0,0.03447488500302926,188,364,201,309,242,238
1776762936.7338846,0.0,0,0,0.0,0.0,0.03447488500302926,188,364,201,309,242,238
1776762936.7909212,0.0,0,0,0.0,0.0,0.03447488500302926,188,364,201,309,242,238
1776762936.8488774,0.0,0,0,0.0,0.0,0.03447488500302926,188,364,201,309,242,238
1776762936.9057739,0.0,0,0,0.0,0.0,0.03447488500302926,188,364,201,309,242,238
1776762936.9587789,0.0,0,0,0.0,0.0,0.03447488500302926,188,364,201,309,242,238
1776762937.016125,0.0,0,0,0.0,0.0,0.03447488500302926,188,364,201,309,242,238
1776762937.0739534,0.0,0,0,0.0,0.0,0.03447488500302926,188,364,201,309,242,238
1776762937.1309037,0.0,0,0,0.0,0.0,0.03447488500302926,188,364,201,309,242,238
1776762937.188572,0.0,0,0,0.0,0.0,0.03447488500302926,188,364,201,309,242,238
1776762937.2456126,0.0,0,0,0.0,0.0,0.03447488500302926,188,364,201,309,242,238
1776762937.2995057,0.0,0,0,0.0,0.0,0.03447488500302926,188,364,201,309,242,238
1776762937.3566203,0.0,0,0,0.0,0.0,0.03447488500302926,188,364,201,309,242,238
1776762937.4137998,0.0,0,0,0.0,0.0,0.03447488500302926,188,364,201,309,242,238
1776762937.4710755,0.0,0,0,0.0,0.0,0.03447488500302926,188,364,201,309,242,238
1776762937.5279458,0.0,0,0,0.0,0.0,0.03447488500302926,188,364,201,309,242,238
1776762937.581442,0.0,0,0,0.0,0.0,0.03447488500302926,188,364,201,309,242,238
1776762937.6398168,0.0,0,0,0.0,0.0,0.03447488500302926,188,364,201,309,242,238
1776762937.6968117,0.0,0,0,0.0,0.0,0.03447488500302926,188,364,201,309,242,238
1776762937.753738,0.0,0,0,0.0,0.0,0.03447488500302926,188,364,201,309,242,238
1776762937.8110385,0.0,0,0,0.0,0.0,0.03447488500302926,188,364,201,309,242,238
1776762937.868739,0.0,0,0,0.0,0.0,0.03447488500302926,188,364,201,309,242,238
1776762937.9219694,0.0,0,0,0.0,0.0,0.03447488500302926,188,364,201,309,242,238
1776762937.9791257,0.0,0,0,0.0,0.0,0.03447488500302926,188,364,201,309,242,238
1776762938.0364223,0.0,0,0,0.0,0.0,0.03447488500302926,188,364,201,309,242,238
1776762938.0935524,0.0,0,0,0.0,0.0,0.03447488500302926,188,364,201,309,242,238
1776762938.1508071,0.0,0,0,0.0,0.0,0.03447488500302926,188,364,201,309,242,238
1776762938.20485,0.0,0,0,0.0,0.0,0.03447488500302926,188,364,201,309,242,238
1776762938.2620292,0.0,0,0,0.0,0.0,0.03447488500302926,188,364,201,309,242,238
1776762938.319084,0.0,0,0,0.0,0.0,0.03447488500302926,188,364,201,309,242,238
1776762938.3764293,0.0,0,0,0.0,0.0,0.03447488500302926,188,364,201,309,242,238
1776762938.4336083,0.0,0,0,0.0,0.0,0.03447488500302926,188,364,201,309,242,238
1776762938.4909108,0.0,0,0,0.0,0.0,0.03447488500302926,188,364,201,309,242,238
1776762938.5446193,0.0,0,0,0.0,0.0,0.03447488500302926,188,364,201,309,242,238
1776762938.6018972,0.0,0,0,0.0,0.0,0.03447488500302926,188,364,201,309,242,238
1776762938.6590836,0.0,0,0,0.0,0.0,0.03447488500302926,188,364,201,309,242,238
1776762938.7170312,0.0,0,0,0.0,0.0,0.03447488500302926,188,364,201,309,242,238
1776762938.7735126,0.0,0,0,0.0,0.0,0.03447488500302926,188,364,201,309,242,238
1776762938.8264558,0.0,0,0,0.0,0.0,0.03447488500302926,188,364,201,309,242,238
1776762938.8847332,0.0,0,0,0.0,0.0,0.03447488500302926,188,364,201,309,242,238
1776762938.9413066,0.0,0,0,0.0,0.0,0.03447488500302926,188,364,201,309,242,238
1776762938.9985435,0.0,0,0,0.0,0.0,0.03447488500302926,188,364,201,309,242,238
1776762939.0560699,0.0,0,0,0.0,0.0,0.03447488500302926,188,364,201,309,242,238
1776762939.113517,0.0,0,0,0.0,0.0,0.03447488500302926,188,364,201,309,242,238
1776762939.166981,0.0,0,0,0.0,0.0,0.03447488500302926,188,364,201,309,242,238
1776762939.2237124,0.0,0,0,0.0,0.0,0.03447488500302926,188,364,201,309,242,238
1776762939.2810237,0.0,0,0,0.0,0.0,0.03447488500302926,188,364,201,309,242,238
1776762939.338467,0.0,0,0,0.0,0.0,0.03447488500302926,188,364,201,309,242,238
1776762939.3965762,0.0,0,0,0.0,0.0,0.03447488500302926,188,364,201,309,242,238
1776762939.4495392,0.0,0,0,0.0,0.0,0.03447488500302926,188,364,201,309,242,238
1776762939.506363,0.0,0,0,0.0,0.0,0.03447488500302926,188,364,201,309,242,238
1776762939.5648742,0.0,0,0,0.0,0.0,0.03447488500302926,188,364,201,309,242,238
1776762939.6218438,0.0,0,0,0.0,0.0,0.03447488500302926,188,364,201,309,242,238
1776762939.6788054,0.0,0,0,0.0,0.0,0.03447488500302926,188,364,201,309,242,238
1776762939.7356484,0.0,0,0,0.0,0.0,0.03447488500302926,188,364,201,309,242,238
1776762939.7892997,0.0,0,0,0.0,0.0,0.03447488500302926,188,364,201,309,242,238
1776762939.8468864,0.0,0,0,0.0,0.0,0.03447488500302926,188,364,201,309,242,238
1776762939.9043212,0.0,0,0,0.0,0.0,0.03447488500302926,188,364,201,309,242,238
1776762939.962216,0.0,0,0,0.0,0.0,0.03447488500302926,188,364,201,309,242,238
1776762940.0188997,0.0,0,0,0.0,0.0,0.03447488500302926,188,364,201,309,242,238
1776762940.071726,0.0,0,0,0.0,0.0,0.03447488500302926,188,364,201,309,242,238
1776762940.1294165,0.0,0,0,0.0,0.0,0.03447488500302926,188,364,201,309,242,238
1776762940.1866345,0.0,0,0,0.0,0.0,0.03447488500302926,188,364,201,309,242,238
1776762940.2435508,0.0,0,0,0.0,0.0,0.03447488500302926,188,364,201,309,242,238
1776762940.3011842,0.0,0,0,0.0,0.0,0.03447488500302926,188,364,201,309,242,238
1776762940.3584502,0.0,0,0,0.0,0.0,0.03447488500302926,188,364,201,309,242,238
1776762940.4119565,0.0,0,0,0.0,0.0,0.03447488500302926,188,364,201,309,242,238
1776762940.4693956,0.0,0,0,0.0,0.0,0.03447488500302926,188,364,201,309,242,238
1776762940.5267594,0.0,0,0,0.0,0.0,0.03447488500302926,188,364,201,309,242,238
1776762940.5839162,0.0,0,0,0.0,0.0,0.03447488500302926,188,364,201,309,242,238
1776762940.6412516,0.0,0,0,0.0,0.0,0.03447488500302926,188,364,201,309,242,238
1776762940.694642,0.0,0,0,0.0,0.0,0.03447488500302926,188,364,201,309,242,238
1776762940.752499,0.0,0,0,0.0,0.0,0.03447488500302926,188,364,201,309,242,238
1776762940.8093517,0.0,0,0,0.0,0.0,0.03447488500302926,188,364,201,309,242,238
1776762940.8670528,0.0,0,0,0.0,0.0,0.03447488500302926,188,364,201,309,242,238
1776762940.923962,0.0,0,0,0.0,0.0,0.03447488500302926,188,364,201,309,242,238
1776762940.9816928,0.0,0,0,0.0,0.0,0.03447488500302926,188,364,201,309,242,238
1776762941.0348086,0.0,0,0,0.0,0.0,0.03447488500302926,188,364,201,309,242,238
1776762941.0920544,0.0,0,0,0.0,0.0,0.03447488500302926,188,364,201,309,242,238
1776762941.1486847,0.0,0,0,0.0,0.0,0.03447488500302926,188,364,201,309,242,238
1776762941.2066028,0.0,0,0,0.0,0.0,0.03447488500302926,188,364,201,309,242,238
1776762941.2639086,0.0,0,0,0.0,0.0,0.03447488500302926,188,364,201,309,242,238
1776762941.316877,0.0,0,0,0.0,0.0,0.03447488500302926,188,364,201,309,242,238
1776762941.3745058,0.0,0,0,0.0,0.0,0.03447488500302926,188,364,201,309,242,238
1776762941.431345,0.0,0,0,0.0,0.0,0.03447488500302926,188,364,201,309,242,238
1776762941.4887211,0.0,0,0,0.0,0.0,0.03447488500302926,188,364,201,309,242,238
1776762941.5460272,0.0,0,0,0.0,0.0,0.03447488500302926,188,364,201,309,242,238
1776762941.603294,0.0,0,0,0.0,0.0,0.03447488500302926,188,364,201,309,242,238
1776762941.6571329,0.0,0,0,0.0,0.0,0.03447488500302926,188,364,201,309,242,238
1776762941.714546,0.0,0,0,0.0,0.0,0.03447488500302926,188,364,201,309,242,238
1776762941.7723036,0.0,0,0,0.0,0.0,0.03447488500302926,188,364,201,309,242,238
1776762941.8293643,0.0,0,0,0.0,0.0,0.03447488500302926,188,364,201,309,242,238
1776762941.8861992,0.0,0,0,0.0,0.0,0.03447488500302926,188,364,201,309,242,238
1776762941.9404826,0.0,0,0,0.0,0.0,0.03447488500302926,188,364,201,309,242,238
1776762941.9970398,0.0,0,0,0.0,0.0,0.03447488500302926,188,364,201,309,242,238
1776762942.0548992,0.0,0,0,0.0,0.0,0.03447488500302926,188,364,201,309,242,238
1776762942.111918,0.0,0,0,0.0,0.0,0.03447488500302926,188,364,201,309,242,238
1776762942.168816,0.0,0,0,0.0,0.0,0.03447488500302926,188,364,201,309,242,238
1776762942.2266183,0.0,0,0,0.0,0.0,0.03447488500302926,188,364,201,309,242,238
1776762942.279892,0.0,0,0,0.0,0.0,0.03447488500302926,188,364,201,309,242,238
1776762942.3369496,0.0,0,0,0.0,0.0,0.03447488500302926,188,364,201,309,242,238
1776762942.3944304,0.0,0,0,0.0,0.0,0.03447488500302926,188,364,201,309,242,238
1776762942.451861,0.0,0,0,0.0,0.0,0.03447488500302926,188,364,201,309,242,238
1776762942.5090132,0.0,0,0,0.0,0.0,0.03447488500302926,188,364,201,309,242,238
1776762942.562377,0.0,0,0,0.0,0.0,0.03447488500302926,188,364,201,309,242,238
1776762942.6203928,0.0,0,0,0.0,0.0,0.03447488500302926,188,364,201,309,242,238
1776762942.6771405,0.0,0,0,0.0,0.0,0.03447488500302926,188,364,201,309,242,238
1776762942.7345335,0.0,0,0,0.0,0.0,0.03447488500302926,188,364,201,309,242,238
1776762942.7916472,0.0,0,0,0.0,0.0,0.03447488500302926,188,364,201,309,242,238
1776762942.8489394,0.0,0,0,0.0,0.0,0.03447488500302926,188,364,201,309,242,238
1776762942.9029477,0.0,0,0,0.0,0.0,0.03447488500302926,188,364,201,309,242,238
1776762942.9596329,0.0,0,0,0.0,0.0,0.03447488500302926,188,364,201,309,242,238
1776762943.0169833,0.0,0,0,0.0,0.0,0.03447488500302926,188,364,201,309,242,238
1776762943.0744054,0.0,0,0,0.0,0.0,0.03447488500302926,188,364,201,309,242,238
1776762943.1318817,0.0,0,0,0.0,0.0,0.03447488500302926,188,364,201,309,242,238
1776762943.1849337,0.0,0,0,0.0,0.0,0.03447488500302926,188,364,201,309,242,238
1776762943.2423506,0.0,0,0,0.0,0.0,0.03447488500302926,188,364,201,309,242,238
1776762943.2999337,0.0,0,0,0.0,0.0,0.03447488500302926,188,364,201,309,242,238
1776762943.357887,0.0,0,0,0.0,0.0,0.03447488500302926,188,364,201,309,242,238
1776762943.4149923,0.0,0,0,0.0,0.0,0.03447488500302926,188,364,201,309,242,238
1776762943.47119,0.0,0,0,0.0,0.0,0.03447488500302926,188,364,201,309,242,238
1776762943.5249352,0.0,0,0,0.0,0.0,0.03447488500302926,188,364,201,309,242,238
1776762943.582121,0.0,0,0,0.0,0.0,0.03447488500302926,188,364,201,309,242,238
1776762943.6391554,0.0,0,0,0.0,0.0,0.03447488500302926,188,364,201,309,242,238
1776762943.6967652,0.0,0,0,0.0,0.0,0.03447488500302926,188,364,201,309,242,238
1776762943.7536075,0.0,0,0,0.0,0.0,0.03447488500302926,188,364,201,309,242,238
1776762943.8070455,0.0,0,0,0.0,0.0,0.03447488500302926,188,364,201,309,242,238
1776762943.864377,0.0,0,0,0.0,0.0,0.03447488500302926,188,364,201,309,242,238
1776762943.9219375,0.0,0,0,0.0,0.0,0.03447488500302926,188,364,201,309,242,238
1776762943.9801328,0.0,0,0,0.0,0.0,0.03447488500302926,188,364,201,309,242,238
1776762944.036862,0.0,0,0,0.0,0.0,0.03447488500302926,188,364,201,309,242,238
1776762944.093646,0.0,0,0,0.0,0.0,0.03447488500302926,188,364,201,309,242,238
1776762944.147545,0.0,0,0,0.0,0.0,0.03447488500302926,188,364,201,309,242,238
1776762944.204793,0.0,0,0,0.0,0.0,0.03447488500302926,188,364,201,309,242,238
1776762944.2623353,0.0,0,0,0.0,0.0,0.03447488500302926,188,364,201,309,242,238
1776762944.3196552,0.0,0,0,0.0,0.0,0.03447488500302926,188,364,201,309,242,238
1776762944.3764842,0.0,0,0,0.0,0.0,0.03447488500302926,188,364,201,309,242,238
1776762944.430111,0.0,0,0,0.0,0.0,0.03447488500302926,188,364,201,309,242,238
1776762944.487222,0.0,0,0,0.0,0.0,0.03447488500302926,188,364,201,309,242,238
1776762944.5447757,0.0,0,0,0.0,0.0,0.03447488500302926,188,364,201,309,242,238
1776762944.6019893,0.0,0,0,0.0,0.0,0.03447488500302926,188,364,201,309,242,238
1776762944.6591809,0.0,0,0,0.0,0.0,0.03447488500302926,188,364,201,309,242,238
1776762944.7168837,0.0,0,0,0.0,0.0,0.03447488500302926,188,364,201,309,242,238
1776762944.7699347,0.0,0,0,0.0,0.0,0.03447488500302926,188,364,201,309,242,238
1776762944.8276663,0.0,0,0,0.0,0.0,0.03447488500302926,188,364,201,309,242,238
1776762944.8847196,0.0,0,0,0.0,0.0,0.03447488500302926,188,364,201,309,242,238
1776762944.941886,0.0,0,0,0.0,0.0,0.03447488500302926,188,364,201,309,242,238
1776762944.999154,0.0,0,0,0.0,0.0,0.03447488500302926,188,364,201,309,242,238
1776762945.0533695,0.0,0,0,0.0,0.0,0.03447488500302926,188,364,201,309,242,238
1776762945.1100717,0.0,0,0,0.0,0.0,0.03447488500302926,188,364,201,309,242,238
1776762945.1678574,0.0,0,0,0.0,0.0,0.03447488500302926,188,364,201,309,242,238
1776762945.2249868,0.0,0,0,0.0,0.0,0.03447488500302926,188,364,201,309,242,238
1776762945.281978,0.0,0,0,0.0,0.0,0.03447488500302926,188,364,201,309,242,238
1776762945.3391385,0.0,0,0,0.0,0.0,0.03447488500302926,188,364,201,309,242,238
1776762945.392734,0.0,0,0,0.0,0.0,0.03447488500302926,188,364,201,309,242,238
1776762945.4501832,0.0,0,0,0.0,0.0,0.03447488500302926,188,364,201,309,242,238
1776762945.5076463,0.0,0,0,0.0,0.0,0.03447488500302926,188,364,201,309,242,238
1776762945.564192,0.0,0,0,0.0,0.0,0.03447488500302926,188,364,201,309,242,238
1776762945.621687,0.0,0,0,0.0,0.0,0.03447488500302926,188,364,201,309,242,238
1776762945.674845,0.0,0,0,0.0,0.0,0.03447488500302926,188,364,201,309,242,238
1776762945.732641,0.0,0,0,0.0,0.0,0.03447488500302926,188,364,201,309,242,238
1776762945.7900534,0.0,0,0,0.0,0.0,0.03447488500302926,188,364,201,309,242,238
1776762945.8467371,0.0,0,0,0.0,0.0,0.03447488500302926,188,364,201,309,242,238
1776762945.904336,0.0,0,0,0.0,0.0,0.03447488500302926,188,364,201,309,242,238
1776762945.9615455,0.0,0,0,0.0,0.0,0.03447488500302926,188,364,201,309,242,238
1776762946.0146885,0.0,0,0,0.0,0.0,0.03447488500302926,188,364,201,309,242,238
1776762946.07207,0.0,0,0,0.0,0.0,0.03447488500302926,188,364,201,309,242,238
1776762946.1293023,0.0,0,0,0.0,0.0,0.03447488500302926,188,364,201,309,242,238
1776762946.186767,0.0,0,0,0.0,0.0,0.03447488500302926,188,364,201,309,242,238
1776762946.244162,0.0,0,0,0.0,0.0,0.03447488500302926,188,364,201,309,242,238
1776762946.2983217,0.0,0,0,0.0,0.0,0.03447488500302926,188,364,201,309,242,238
1776762946.3555453,0.0,0,0,0.0,0.0,0.03447488500302926,188,364,201,309,242,238
1776762946.411953,0.0,0,0,0.0,0.0,0.03447488500302926,188,364,201,309,242,238
1776762946.4693887,0.0,0,0,0.0,0.0,0.03447488500302926,188,364,201,309,242,238
1776762946.5274734,0.0,0,0,0.0,0.0,0.03447488500302926,188,364,201,309,242,238
1776762946.584246,0.0,0,0,0.0,0.0,0.03447488500302926,188,364,201,309,242,238
1776762946.6376154,0.0,0,0,0.0,0.0,0.03447488500302926,188,364,201,309,242,238
1776762946.694506,0.0,0,0,0.0,0.0,0.03447488500302926,188,364,201,309,242,238
1776762946.7524512,0.0,0,0,0.0,0.0,0.03447488500302926,188,364,201,309,242,238
1776762946.8094218,0.0,0,0,0.0,0.0,0.03447488500302926,188,364,201,309,242,238
1776762946.8665237,0.0,0,0,0.0,0.0,0.03447488500302926,188,364,201,309,242,238
1776762946.9242053,0.0,0,0,0.0,0.0,0.03447488500302926,188,364,201,309,242,238
1776762946.9784527,0.0,0,0,0.0,0.0,0.03447488500302926,188,364,201,309,242,238
1776762947.0352616,0.0,0,0,0.0,0.0,0.03447488500302926,188,364,201,309,242,238
1776762947.092452,0.0,0,0,0.0,0.0,0.03447488500302926,188,364,201,309,242,238
1776762947.1496387,0.0,0,0,0.0,0.0,0.03447488500302926,188,364,201,309,242,238
1776762947.207024,0.0,0,0,0.0,0.0,0.03447488500302926,188,364,201,309,242,238
1776762947.2607787,0.0,0,0,0.0,0.0,0.03447488500302926,188,364,201,309,242,238
1776762947.3177621,0.0,0,0,0.0,0.0,0.03447488500302926,188,364,201,309,242,238
1776762947.3747518,0.0,0,0,0.0,0.0,0.03447488500302926,188,364,201,309,242,238
1776762947.432507,0.0,0,0,0.0,0.0,0.03447488500302926,188,364,201,309,242,238
1776762947.4890456,0.0,0,0,0.0,0.0,0.03447488500302926,188,364,201,309,242,238
1776762947.5467007,0.0,0,0,0.0,0.0,0.03447488500302926,188,364,201,309,242,238
1776762947.6000278,0.0,0,0,0.0,0.0,0.03447488500302926,188,364,201,309,242,238
1776762947.6575587,0.0,0,0,0.0,0.0,0.03447488500302926,188,364,201,309,242,238
1776762947.7148755,0.0,0,0,0.0,0.0,0.03447488500302926,188,364,201,309,242,238
1776762947.7723453,0.0,0,0,0.0,0.0,0.03447488500302926,188,364,201,309,242,238
1776762947.8294287,0.0,0,0,0.0,0.0,0.03447488500302926,188,364,201,309,242,238
1776762947.882667,0.0,0,0,0.0,0.0,0.03447488500302926,188,364,201,309,242,238
1776762947.9404864,0.0,0,0,0.0,0.0,0.03447488500302926,188,364,201,309,242,238
1776762947.9975235,0.0,0,0,0.0,0.0,0.03447488500302926,188,364,201,309,242,238
1776762948.054393,0.0,0,0,0.0,0.0,0.03447488500302926,188,364,201,309,242,238
1776762948.1121507,0.0,0,0,0.0,0.0,0.03447488500302926,188,364,201,309,242,238
1776762948.1691704,0.0,0,0,0.0,0.0,0.03447488500302926,188,364,201,309,242,238
1776762948.2225602,0.0,0,0,0.0,0.0,0.03447488500302926,188,364,201,309,242,238
1776762948.2796335,0.0,0,0,0.0,0.0,0.03447488500302926,188,364,201,309,242,238
1776762948.3369834,0.0,0,0,0.0,0.0,0.03447488500302926,188,364,201,309,242,238
1776762948.3954275,0.0,0,0,0.0,0.0,0.03447488500302926,188,364,201,309,242,238
1776762948.4517493,0.0,0,0,0.0,0.0,0.03447488500302926,188,364,201,309,242,238
1776762948.5055318,0.0,0,0,0.0,0.0,0.03447488500302926,188,364,201,309,242,238
1776762948.5628247,0.0,0,0,0.0,0.0,0.03447488500302926,188,364,201,309,242,238
1776762948.6196127,0.0,0,0,0.0,0.0,0.03447488500302926,188,364,201,309,242,238
1776762948.6772287,0.0,0,0,0.0,0.0,0.03447488500302926,188,364,201,309,242,238
1776762948.7347083,0.0,0,0,0.0,0.0,0.03447488500302926,188,364,201,309,242,238
1776762948.7920523,0.0,0,0,0.0,0.0,0.03447488500302926,188,364,201,309,242,238
1776762948.8450146,0.0,0,0,0.0,0.0,0.03447488500302926,188,364,201,309,242,238
1776762948.90332,0.0,0,0,0.0,0.0,0.03447488500302926,188,364,201,309,242,238
1776762948.9595666,0.0,0,0,0.0,0.0,0.03447488500302926,188,364,201,309,242,238
1776762949.0173755,0.0,0,0,0.0,0.0,0.03447488500302926,188,364,201,309,242,238
1776762949.0748901,0.0,0,0,0.0,0.0,0.03447488500302926,188,364,201,309,242,238
1776762949.128103,0.0,0,0,0.0,0.0,0.03447488500302926,188,364,201,309,242,238
1776762949.1848128,0.0,0,0,0.0,0.0,0.03447488500302926,188,364,201,309,242,238
1776762949.2424686,0.0,0,0,0.0,0.0,0.03447488500302926,188,364,201,309,242,238
1776762949.299549,0.0,0,0,0.0,0.0,0.03447488500302926,188,364,201,309,242,238
1776762949.3572266,0.0,0,0,0.0,0.0,0.03447488500302926,188,364,201,309,242,238
1776762949.4145756,0.0,0,0,0.0,0.0,0.03447488500302926,188,364,201,309,242,238
1776762949.468023,0.0,0,0,0.0,0.0,0.03447488500302926,188,364,201,309,242,238
1776762949.5255566,0.0,0,0,0.0,0.0,0.03447488500302926,188,364,201,309,242,238
1776762949.5824695,0.0,0,0,0.0,0.0,0.03447488500302926,188,364,201,309,242,238
1776762949.6395488,0.0,0,0,0.0,0.0,0.03447488500302926,188,364,201,309,242,238
1776762949.6973891,0.0,0,0,0.0,0.0,0.03447488500302926,188,364,201,309,242,238
1776762949.7510495,0.0,0,0,0.0,0.0,0.03447488500302926,188,364,201,309,242,238
1776762949.8082137,0.0,0,0,0.0,0.0,0.03447488500302926,188,364,201,309,242,238
1776762949.8654652,0.0,0,0,0.0,0.0,0.03447488500302926,188,364,201,309,242,238
1776762949.9228818,0.0,0,0,0.0,0.0,0.03447488500302926,188,364,201,309,242,238
1776762949.9801383,0.0,0,0,0.0,0.0,0.03447488500302926,188,364,201,309,242,238
1776762950.0378532,0.0,0,0,0.0,0.0,0.03447488500302926,188,364,201,309,242,238
1776762950.0909886,0.0,0,0,0.0,0.0,0.03447488500302926,188,364,201,309,242,238
1776762950.1475585,0.0,0,0,0.0,0.0,0.03447488500302926,188,364,201,309,242,238
1776762950.2047977,0.0,0,0,0.0,0.0,0.03447488500302926,188,364,201,309,242,238
1776762950.2626977,0.0,0,0,0.0,0.0,0.03447488500302926,188,364,201,309,242,238
1776762950.3198876,0.0,0,0,0.0,0.0,0.03447488500302926,188,364,201,309,242,238
1776762950.3731346,0.0,0,0,0.0,0.0,0.03447488500302926,188,364,201,309,242,238
1776762950.430227,0.0,0,0,0.0,0.0,0.03447488500302926,188,364,201,309,242,238
1776762950.4872499,0.0,0,0,0.0,0.0,0.03447488500302926,188,364,201,309,242,238
1776762950.5445762,0.0,0,0,0.0,0.0,0.03447488500302926,188,364,201,309,242,238
1776762950.602182,0.0,0,0,0.0,0.0,0.03447488500302926,188,364,201,309,242,238
1776762950.659772,0.0,0,0,0.0,0.0,0.03447488500302926,188,364,201,309,242,238
1776762950.7130005,0.0,0,0,0.0,0.0,0.03447488500302926,188,364,201,309,242,238
1776762950.7704558,0.0,0,0,0.0,0.0,0.03447488500302926,188,364,201,309,242,238
1776762950.8286335,0.0,0,0,0.0,0.0,0.03447488500302926,188,364,201,309,242,238
1776762950.8850508,0.0,0,0,0.0,0.0,0.03447488500302926,188,364,201,309,242,238
1776762950.9423423,0.0,0,0,0.0,0.0,0.03447488500302926,188,364,201,309,242,238
1776762950.9957225,0.0,0,0,0.0,0.0,0.03447488500302926,188,364,201,309,242,238
1776762951.053119,0.0,0,0,0.0,0.0,0.03447488500302926,188,364,201,309,242,238
1776762951.1111403,0.0,0,0,0.0,0.0,0.03447488500302926,188,364,201,309,242,238
1776762951.1706314,0.0,0,0,0.0,0.0,0.03447488500302926,188,364,201,309,242,238
1776762951.2249675,0.0,0,0,0.0,0.0,0.03447488500302926,188,364,201,309,242,238
1776762951.2823925,0.0,0,0,0.0,0.0,0.03447488500302926,188,364,201,309,242,238
1776762951.335691,0.0,0,0,0.0,0.0,0.03447488500302926,188,364,201,309,242,238
1776762951.3931184,0.0,0,0,0.0,0.0,0.03447488500302926,188,364,201,309,242,238
1776762951.4503016,0.0,0,0,0.0,0.0,0.03447488500302926,188,364,201,309,242,238
1776762951.5076525,0.0,0,0,0.0,0.0,0.03447488500302926,188,364,201,309,242,238
1776762951.5649626,0.0,0,0,0.0,0.0,0.03447488500302926,188,364,201,309,242,238
1776762951.6178968,0.0,0,0,0.0,0.0,0.03447488500302926,188,364,201,309,242,238
1776762951.675762,0.0,0,0,0.0,0.0,0.03447488500302926,188,364,201,309,242,238
1776762951.7333066,0.0,0,0,0.0,0.0,0.03447488500302926,188,364,201,309,242,238
1776762951.7903426,0.0,0,0,0.0,0.0,0.03447488500302926,188,364,201,309,242,238
1776762951.8473299,0.0,0,0,0.0,0.0,0.03447488500302926,188,364,201,309,242,238
1776762951.904936,0.0,0,0,0.0,0.0,0.03447488500302926,188,364,201,309,242,238
1776762951.95875,0.0,0,0,0.0,0.0,0.03447488500302926,188,364,201,309,242,238
1776762952.0150576,0.0,0,0,0.0,0.0,0.03447488500302926,188,364,201,309,242,238
1776762952.0725567,0.0,0,0,0.0,0.0,0.03447488500302926,188,364,201,309,242,238
1776762952.130252,0.0,0,0,0.0,0.0,0.03447488500302926,188,364,201,309,242,238
1776762952.1875966,0.0,0,0,0.0,0.0,0.03447488500302926,188,364,201,309,242,238
1776762952.2409894,0.0,0,0,0.0,0.0,0.03447488500302926,188,364,201,309,242,238
1776762952.2983618,0.0,0,0,0.0,0.0,0.03447488500302926,188,364,201,309,242,238
1776762952.3556027,0.0,0,0,0.0,0.0,0.03447488500302926,188,364,201,309,242,238
1776762952.4134927,0.0,0,0,0.0,0.0,0.03447488500302926,188,364,201,309,242,238
1776762952.4706929,0.0,0,0,0.0,0.0,0.03447488500302926,188,364,201,309,242,238
1776762952.52762,0.0,0,0,0.0,0.0,0.03447488500302926,188,364,201,309,242,238
1776762952.5808842,0.0,0,0,0.0,0.0,0.03447488500302926,188,364,201,309,242,238
1776762952.6381018,0.0,0,0,0.0,0.0,0.03447488500302926,188,364,201,309,242,238
1776762952.6952698,0.0,0,0,0.0,0.0,0.03447488500302926,188,364,201,309,242,238
1776762952.752288,0.0,0,0,0.0,0.0,0.03447488500302926,188,364,201,309,242,238
1776762952.8101323,0.0,0,0,0.0,0.0,0.03447488500302926,188,364,201,309,242,238
1776762952.8631456,0.0,0,0,0.0,0.0,0.03447488500302926,188,364,201,309,242,238
1776762952.920444,0.0,0,0,0.0,0.0,0.03447488500302926,188,364,201,309,242,238
1776762952.9781647,0.0,0,0,0.0,0.0,0.03447488500302926,188,364,201,309,242,238
1776762953.0356245,0.0,0,0,0.0,0.0,0.03447488500302926,188,364,201,309,242,238
1776762953.0929317,0.0,0,0,0.0,0.0,0.03447488500302926,188,364,201,309,242,238
1776762953.1500704,0.0,0,0,0.0,0.0,0.03447488500302926,188,364,201,309,242,238
1776762953.2036078,0.0,0,0,0.0,0.0,0.03447488500302926,188,364,201,309,242,238
1776762953.260268,0.0,0,0,0.0,0.0,0.03447488500302926,188,364,201,309,242,238
1776762953.317934,0.0,0,0,0.0,0.0,0.03447488500302926,188,364,201,309,242,238
1776762953.3760314,0.0,0,0,0.0,0.0,0.03447488500302926,188,364,201,309,242,238
1776762953.4331667,0.0,0,0,0.0,0.0,0.03447488500302926,188,364,201,309,242,238
1776762953.4858742,0.0,0,0,0.0,0.0,0.03447488500302926,188,364,201,309,242,238
1776762953.5429542,0.0,0,0,0.0,0.0,0.03447488500302926,188,364,201,309,242,238
1776762953.6003017,0.0,0,0,0.0,0.0,0.03447488500302926,188,364,201,309,242,238
1776762953.657849,0.0,0,0,0.0,0.0,0.03447488500302926,188,364,201,309,242,238
1776762953.7152445,0.0,0,0,0.0,0.0,0.03447488500302926,188,364,201,309,242,238
1776762953.7728057,0.0,0,0,0.0,0.0,0.03447488500302926,188,364,201,309,242,238
1776762953.8262818,0.0,0,0,0.0,0.0,0.03447488500302926,188,364,201,309,242,238
1776762953.8831663,0.0,0,0,0.0,0.0,0.03447488500302926,188,364,201,309,242,238
1776762953.9409106,0.0,0,0,0.0,0.0,0.03447488500302926,188,364,201,309,242,238
1776762953.9976401,0.0,0,0,0.0,0.0,0.03447488500302926,188,364,201,309,242,238
1776762954.0549514,0.0,0,0,0.0,0.0,0.03447488500302926,188,364,201,309,242,238
1776762954.1091304,0.0,0,0,0.0,0.0,0.03447488500302926,188,364,201,309,242,238
1776762954.166286,0.0,0,0,0.0,0.0,0.03447488500302926,188,364,201,309,242,238
1776762954.223469,0.0,0,0,0.0,0.0,0.03447488500302926,188,364,201,309,242,238
1776762954.2802074,0.0,0,0,0.0,0.0,0.03447488500302926,188,364,201,309,242,238
1776762954.3378756,0.0,0,0,0.0,0.0,0.03447488500302926,188,364,201,309,242,238
1776762954.3958535,0.0,0,0,0.0,0.0,0.03447488500302926,188,364,201,309,242,238
1776762954.44859,0.0,0,0,0.0,0.0,0.03447488500302926,188,364,201,309,242,238
1776762954.506057,0.0,0,0,0.0,0.0,0.03447488500302926,188,364,201,309,242,238
1776762954.5633438,0.0,0,0,0.0,0.0,0.03447488500302926,188,364,201,309,242,238
1776762954.6204176,0.0,0,0,0.0,0.0,0.03447488500302926,188,364,201,309,242,238
1776762954.6778479,0.0,0,0,0.0,0.0,0.03447488500302926,188,364,201,309,242,238
1776762954.731195,0.0,0,0,0.0,0.0,0.03447488500302926,188,364,201,309,242,238
1776762954.7888775,0.0,0,0,0.0,0.0,0.03447488500302926,188,364,201,309,242,238
1776762954.8453407,0.0,0,0,0.0,0.0,0.03447488500302926,188,364,201,309,242,238
1776762954.9027681,0.0,0,0,0.0,0.0,0.03447488500302926,188,364,201,309,242,238
1776762954.9603765,0.0,0,0,0.0,0.0,0.03447488500302926,188,364,201,309,242,238
1776762955.0172362,0.0,0,0,0.0,0.0,0.03447488500302926,188,364,201,309,242,238
1776762955.0710714,0.0,0,0,0.0,0.0,0.03447488500302926,188,364,201,309,242,238
1776762955.1284006,0.0,0,0,0.0,0.0,0.03447488500302926,188,364,201,309,242,238
1776762955.1853547,0.0,0,0,0.0,0.0,0.03447488500302926,188,364,201,309,242,238
1776762955.2429605,0.0,0,0,0.0,0.0,0.03447488500302926,188,364,201,309,242,238
1776762955.3001053,0.0,0,0,0.0,0.0,0.03447488500302926,188,364,201,309,242,238
1776762955.353819,0.0,0,0,0.0,0.0,0.03447488500302926,188,364,201,309,242,238
1776762955.411289,0.0,0,0,0.0,0.0,0.03447488500302926,188,364,201,309,242,238
1776762955.4691043,0.0,0,0,0.0,0.0,0.03447488500302926,188,364,201,309,242,238
1776762955.5258832,0.0,0,0,0.0,0.0,0.03447488500302926,188,364,201,309,242,238
1776762955.582862,0.0,0,0,0.0,0.0,0.03447488500302926,188,364,201,309,242,238
1776762955.640421,0.0,0,0,0.0,0.0,0.03447488500302926,188,364,201,309,242,238
1776762955.6932087,0.0,0,0,0.0,0.0,0.03447488500302926,188,364,201,309,242,238
1776762955.7505023,0.0,0,0,0.0,0.0,0.03447488500302926,188,364,201,309,242,238
1776762955.8078897,0.0,0,0,0.0,0.0,0.03447488500302926,188,364,201,309,242,238
1776762955.8655856,0.0,0,0,0.0,0.0,0.03447488500302926,188,364,201,309,242,238
1776762955.9224384,0.0,0,0,0.0,0.0,0.03447488500302926,188,364,201,309,242,238
1776762955.975951,0.0,0,0,0.0,0.0,0.03447488500302926,188,364,201,309,242,238
1776762956.033145,0.0,0,0,0.0,0.0,0.03447488500302926,188,364,201,309,242,238
1776762956.0906007,0.0,0,0,0.0,0.0,0.03447488500302926,188,364,201,309,242,238
1776762956.1484027,0.0,0,0,0.0,0.0,0.03447488500302926,188,364,201,309,242,238
1776762956.205149,0.0,0,0,0.0,0.0,0.03447488500302926,188,364,201,309,242,238
1776762956.2623634,0.0,0,0,0.0,0.0,0.03447488500302926,188,364,201,309,242,238
1776762956.3159258,0.0,0,0,0.0,0.0,0.03447488500302926,188,364,201,309,242,238
1776762956.3732207,0.0,0,0,0.0,0.0,0.03447488500302926,188,364,201,309,242,238
1776762956.431043,0.0,0,0,0.0,0.0,0.03447488500302926,188,364,201,309,242,238
1776762956.4884362,0.0,0,0,0.0,0.0,0.03447488500302926,188,364,201,309,242,238
1776762956.5449486,0.0,0,0,0.0,0.0,0.03447488500302926,188,364,201,309,242,238
1776762956.5983362,0.0,0,0,0.0,0.0,0.03447488500302926,188,364,201,309,242,238
1776762956.6558678,0.0,0,0,0.0,0.0,0.03447488500302926,188,364,201,309,242,238
1776762956.7130291,0.0,0,0,0.0,0.0,0.03447488500302926,188,364,201,309,242,238
1776762956.770301,0.0,0,0,0.0,0.0,0.03447488500302926,188,364,201,309,242,238
1776762956.8279574,0.0,0,0,0.0,0.0,0.03447488500302926,188,364,201,309,242,238
1776762956.884987,0.0,0,0,0.0,0.0,0.03447488500302926,188,364,201,309,242,238
1776762956.9391592,0.0,0,0,0.0,0.0,0.03447488500302926,188,364,201,309,242,238
1776762956.996182,0.0,0,0,0.0,0.0,0.03447488500302926,188,364,201,309,242,238
1776762957.0529914,0.0,0,0,0.0,0.0,0.03447488500302926,188,364,201,309,242,238
1776762957.1102922,0.0,0,0,0.0,0.0,0.03447488500302926,188,364,201,309,242,238
1776762957.167659,0.0,0,0,0.0,0.0,0.03447488500302926,188,364,201,309,242,238
1776762957.2209873,0.0,0,0,0.0,0.0,0.03447488500302926,188,364,201,309,242,238
1776762957.278563,0.0,0,0,0.0,0.0,0.03447488500302926,188,364,201,309,242,238
1776762957.3356128,0.0,0,0,0.0,0.0,0.03447488500302926,188,364,201,309,242,238
1776762957.39342,0.0,0,0,0.0,0.0,0.03447488500302926,188,364,201,309,242,238
1776762957.4503818,0.0,0,0,0.0,0.0,0.03447488500302926,188,364,201,309,242,238
1776762957.5075152,0.0,0,0,0.0,0.0,0.03447488500302926,188,364,201,309,242,238
1776762957.5609858,0.0,0,0,0.0,0.0,0.03447488500302926,188,364,201,309,242,238
1776762957.6183374,0.0,0,0,0.0,0.0,0.03447488500302926,188,364,201,309,242,238
1776762957.6757798,0.0,0,0,0.0,0.0,0.03447488500302926,188,364,201,309,242,238
1776762957.7332468,0.0,0,0,0.0,0.0,0.03447488500302926,188,364,201,309,242,238
1776762957.7901986,0.0,0,0,0.0,0.0,0.03447488500302926,188,364,201,309,242,238
1776762957.8434846,0.0,0,0,0.0,0.0,0.03447488500302926,188,364,201,309,242,238
1776762957.9008374,0.0,0,0,0.0,0.0,0.03447488500302926,188,364,201,309,242,238
1776762957.9582107,0.0,0,0,0.0,0.0,0.03447488500302926,188,364,201,309,242,238
1776762958.015657,0.0,0,0,0.0,0.0,0.03447488500302926,188,364,201,309,242,238
1776762958.0735948,0.0,0,0,0.0,0.0,0.03447488500302926,188,364,201,309,242,238
1776762958.1307082,0.0,0,0,0.0,0.0,0.03447488500302926,188,364,201,309,242,238
1776762958.1835163,0.0,0,0,0.0,0.0,0.03447488500302926,188,364,201,309,242,238
1776762958.2408519,0.0,0,0,0.0,0.0,0.03447488500302926,188,364,201,309,242,238
1776762958.298136,0.0,0,0,0.0,0.0,0.03447488500302926,188,364,201,309,242,238
1776762958.3554442,0.0,0,0,0.0,0.0,0.03447488500302926,188,364,201,309,242,238
1776762958.4127152,0.0,0,0,0.0,0.0,0.03447488500302926,188,364,201,309,242,238
1776762958.4661458,0.0,0,0,0.0,0.0,0.03447488500302926,188,364,201,309,242,238
1776762958.5234728,0.0,0,0,0.0,0.0,0.03447488500302926,188,364,201,309,242,238
1776762958.5824113,0.0,0,0,0.0,0.0,0.03447488500302926,188,364,201,309,242,238
1776762958.6340127,2.0999999999999996,0,0,0.0,0.0,0.035640752447359744,188,364,201,308,242,238
1776762958.6912985,4.199999999999999,0,0,0.0,0.0,0.03470139037647383,188,364,201,308,242,237
1776762958.7487094,6.299999999999999,0,0,0.0,0.0,0.03470139037647383,188,364,201,308,242,237
1776762958.8061767,8.399999999999999,0,0,0.0,0.0,0.03470139037647383,188,364,201,308,242,237
1776762958.8637636,10.499999999999998,0,0,0.0,0.0,0.03470139037647383,188,364,201,308,242,237
1776762958.9211307,12.599999999999998,0,0,0.0,0.0,0.03470139037647383,188,364,201,308,242,237
1776762958.9779048,14.699999999999998,0,0,0.0,0.0,0.03470139037647383,188,364,201,308,242,237
1776762959.0313525,16.799999999999997,0,0,0.0,0.0,0.03470139037647383,188,364,201,308,242,237
1776762959.088656,18.9,0,0,0.0,0.0,0.03470139037647383,188,364,201,308,242,237
1776762959.1465063,19.669999999999998,0,-2,2.0,0.24330900243309,0.033787500440835144,188,364,201,308,242,236
1776762959.2038445,19.901,0,-2,2.0,0.24330900243309,0.033787500440835144,188,364,201,308,242,236
1776762959.260824,19.9703,0,-2,2.0,0.24330900243309,0.033787500440835144,188,364,201,308,242,236
1776762959.3138962,19.99109,0,-3,3.0,0.36496350364963503,0.035074007111021224,188,364,201,307,243,235
1776762959.3716083,19.997327,0,-3,3.0,0.36496350364963503,0.035074007111021224,188,364,201,307,243,235
1776762959.4285796,19.9991981,0,-4,4.0,0.48661800486618,0.034179797559337866,188,364,201,307,243,234
1776762959.4860177,19.99975943,2,-4,4.47213595499958,0.544055468978051,0.03521911820564096,188,364,201,307,244,234
1776762959.5431452,19.999927829,2,-5,5.385164807134504,0.6551295385808398,0.03433924492718236,188,364,201,307,244,233
1776762959.6004605,19.9999783487,3,-6,6.708203932499369,0.8160832034670765,0.035526928436248974,188,364,201,306,245,232
1776762959.6541865,19.99999350461,3,-6,6.708203932499369,0.8160832034670765,0.035526928436248974,188,364,201,306,245,232
1776762959.7117453,19.999998051383,3,-7,7.615773105863909,0.9264930785722516,0.03466605893764875,188,364,201,306,245,231
1776762959.7685087,19.999999415414898,3,-7,7.615773105863909,0.9264930785722516,0.03466605893764875,188,364,201,306,245,231
1776762959.8258584,19.999999824624467,4,-8,8.94427190999916,1.088110937956102,0.0347866097582135,188,364,201,306,246,230
1776762959.883141,19.99999994738734,4,-8,8.94427190999916,1.088110937956102,0.0347866097582135,188,364,201,306,246,230
1776762959.9366376,19.999999984216203,4,-8,8.94427190999916,1.088110937956102,0.0347866097582135,188,364,201,306,246,230
1776762959.9944997,19.99999999526486,4,-8,8.94427190999916,1.088110937956102,0.0347866097582135,188,364,201,306,246,230
1776762960.051125,19.999999998579458,4,-8,8.94427190999916,1.088110937956102,0.0347866097582135,188,364,201,306,246,230
1776762960.1084392,19.999999999573838,4,-9,9.848857801796104,1.198157883430183,0.03396072726960216,188,364,201,306,246,229
1776762960.673763,19.999999999573838,4,-9,9.848857801796104,1.198157883430183,0.03396072726960216,188,364,201,306,246,229
1776762960.7312803,19.999999999573838,4,-9,9.848857801796104,1.198157883430183,0.03495421705054786,188,364,201,305,246,229
1776762960.7889955,19.999999999573838,5,-10,11.180339887498949,1.3601386724451274,0.03505625470437957,188,364,201,305,247,228
1776762960.8460476,19.999999999573838,5,-10,11.180339887498949,1.3601386724451274,0.03505625470437957,188,364,201,305,247,228
1776762960.903393,19.999999999573838,5,-10,11.180339887498949,1.3601386724451274,0.03505625470437957,188,364,201,305,247,228
1776762960.961021,19.999999999573838,5,-11,12.083045973594572,1.4699569310942302,0.034247775542775166,188,364,201,305,247,227
1776762961.0145028,19.999999999573838,6,-11,12.529964086141668,1.5243265311607868,0.03514326464695223,188,364,201,305,248,227
1776762961.0716643,19.999999999573838,6,-11,12.529964086141668,1.5243265311607868,0.03514326464695223,188,364,201,305,248,227
1776762961.1284378,19.999999999573838,6,-12,13.416407864998739,1.632166406934153,0.03434746524555461,188,364,201,305,248,226
1776762961.1859305,19.999999999573838,6,-12,13.416407864998739,1.632166406934153,0.03434746524555461,188,364,201,305,248,226
1776762961.2436411,19.999999999573838,7,-12,13.892443989449804,1.6900783442153045,0.03521621903171677,188,364,201,305,249,226
1776762961.296691,19.999999999573838,7,-12,13.892443989449804,1.6900783442153045,0.03521621903171677,188,364,201,305,249,226
1776762961.354299,19.999999999573838,7,-13,14.7648230602334,1.796207184943236,0.03536291394030349,188,364,201,304,249,225
1776762961.4114413,19.999999999573838,7,-13,14.7648230602334,1.796207184943236,0.03536291394030349,188,364,201,304,249,225
1776762961.4688268,19.999999999573838,7,-13,14.7648230602334,1.796207184943236,0.03536291394030349,188,364,201,304,249,225
1776762961.5269847,19.999999999573838,8,-14,16.1245154965971,1.9616198900969704,0.03542097232037617,188,364,201,304,250,224
1776762961.5834124,19.999999999573838,8,-14,16.1245154965971,1.9616198900969704,0.03542097232037617,188,364,201,304,250,224
1776762961.6368105,19.999999999573838,8,-14,16.1245154965971,1.9616198900969704,0.03542097232037617,188,364,201,304,250,224
1776762961.694027,19.999999999573838,8,-14,16.1245154965971,1.9616198900969704,0.03542097232037617,188,364,201,304,250,224
1776762961.750944,19.999999999573838,8,-15,17.0,2.068126520681265,0.03465413511081688,188,364,201,304,250,223
1776762961.808289,19.999999999573838,8,-15,17.0,2.068126520681265,0.03465413511081688,188,364,201,304,250,223
1776762961.8655028,19.999999999573838,8,-15,17.0,2.068126520681265,0.03465413511081688,188,364,201,304,250,223
1776762961.9232845,19.999999999573838,8,-15,17.0,2.068126520681265,0.03465413511081688,188,364,201,304,250,223
1776762961.9762893,19.999999999573838,9,-15,17.4928556845359,2.128084633155219,0.035466835376329955,188,364,201,304,251,223
1776762962.0341127,19.999999999573838,9,-15,17.4928556845359,2.128084633155219,0.035466835376329955,188,364,201,304,251,223
1776762962.092395,19.999999999573838,9,-16,18.35755975068582,2.2332797750226057,0.034712021861330794,188,364,201,304,251,222
1776762962.1486237,19.999999999573838,9,-16,18.35755975068582,2.2332797750226057,0.034712021861330794,188,364,201,304,251,222
1776762962.2059693,19.999999999573838,9,-16,18.35755975068582,2.2332797750226057,0.034712021861330794,188,364,201,304,251,222
1776762962.2629437,19.999999999573838,9,-16,18.35755975068582,2.2332797750226057,0.034712021861330794,188,364,201,304,251,222
1776762962.3162823,19.999999999573838,9,-16,18.35755975068582,2.2332797750226057,0.034712021861330794,188,364,201,304,251,222
1776762962.3745134,19.999999999573838,9,-16,18.35755975068582,2.2332797750226057,0.03222215805761705,188,364,202,304,251,222
1776762962.4309824,19.999999999573838,9,-17,19.235384061671343,2.340071053731307,0.03239718938537637,188,364,202,303,251,221
1776762962.4886434,19.999999999573838,10,-17,19.72308292331602,2.399401815488567,0.03320430348824726,188,364,202,303,252,221
1776762962.546076,19.999999999573838,10,-17,19.72308292331602,2.399401815488567,0.03320430348824726,188,364,202,303,252,221
1776762962.59906,19.999999999573838,10,-18,20.591260281974,2.505019499023601,0.03247966177350522,188,364,202,303,252,220
1776762962.6572092,19.999999999573838,10,-18,20.591260281974,2.505019499023601,0.03247966177350522,188,364,202,303,252,220
1776762962.713686,19.999999999573838,10,-18,20.591260281974,2.505019499023601,0.03247966177350522,188,364,202,303,252,220
1776762962.7715018,19.999999999573838,11,-19,21.95449840010015,2.670863552323619,0.03255023960961327,188,364,202,303,253,219
1776762962.82838,19.999999999573838,11,-19,21.95449840010015,2.670863552323619,0.03255023960961327,188,364,202,303,253,219
1776762962.8859277,19.999999999573838,11,-20,22.825424421026653,2.776815622995943,0.03185261290980173,188,364,202,303,253,218
1776762962.9395707,19.999999999573838,11,-20,22.825424421026653,2.776815622995943,0.03185261290980173,188,364,202,303,253,218
1776762962.9962668,19.999999999573838,12,-20,23.323807579381203,2.837446177540292,0.03260964494276323,188,364,202,303,254,218
1776762963.0540104,19.999999999573838,12,-20,23.323807579381203,2.837446177540292,0.03260964494276323,188,364,202,303,254,218
1776762963.110986,19.999999999573838,12,-21,24.186773244895647,2.9424298351454556,0.03192238059471444,188,364,202,303,254,217
1776762963.1686196,19.999999999573838,12,-21,24.186773244895647,2.9424298351454556,0.03276537632763584,188,364,202,302,254,217
1776762963.2256794,19.999999999573838,12,-21,24.186773244895647,2.9424298351454556,0.03276537632763584,188,364,202,302,254,217
1776762963.2790043,19.999999999573838,12,-21,24.186773244895647,2.9424298351454556,0.03276537632763584,188,364,202,302,254,217
1776762963.3365986,19.999999999573838,13,-22,25.553864678361276,3.108742661601128,0.03281262478957034,188,364,202,302,255,216
1776762963.394298,19.999999999573838,13,-22,25.553864678361276,3.108742661601128,0.03281262478957034,188,364,202,302,255,216
1776762963.4515762,19.999999999573838,13,-22,25.553864678361276,3.108742661601128,0.03281262478957034,188,364,202,302,255,216
1776762963.508506,19.999999999573838,13,-22,25.553864678361276,3.108742661601128,0.03281262478957034,188,364,202,302,255,216
1776762963.5657525,19.999999999573838,13,-22,25.553864678361276,3.108742661601128,0.03281262478957034,188,364,202,302,255,216
1776762963.6191719,19.999999999573838,13,-23,26.419689627245813,3.214074163898517,0.032138865712265305,188,364,202,302,255,215
1776762963.6761277,19.999999999573838,13,-23,26.419689627245813,3.214074163898517,0.032138865712265305,188,364,202,302,255,215
1776762963.7339087,19.999999999573838,13,-23,26.419689627245813,3.214074163898517,0.032138865712265305,188,364,202,302,255,215
1776762963.7927458,19.999999999573838,13,-23,26.419689627245813,3.214074163898517,0.032138865712265305,188,364,202,302,255,215
1776762963.8487713,19.999999999573838,14,-24,27.784887978899608,3.380156688430609,0.03299026917852076,188,364,202,301,256,214
1776762963.9062452,19.999999999573838,14,-24,27.784887978899608,3.380156688430609,0.03299026917852076,188,364,202,301,256,214
1776762963.9586945,19.999999999573838,14,-24,27.784887978899608,3.380156688430609,0.03077548088010495,188,364,203,301,256,214
1776762964.0159667,19.999999999573838,14,-24,27.784887978899608,3.380156688430609,0.03077548088010495,188,364,203,301,256,214
1776762964.0733461,19.999999999573838,14,-24,27.784887978899608,3.380156688430609,0.03077548088010495,188,364,203,301,256,214
1776762964.1308632,19.999999999573838,14,-25,28.653097563788805,3.485778292431728,0.030293690869650433,188,365,203,301,256,213
1776762964.188056,19.999999999573838,14,-25,28.653097563788805,3.485778292431728,0.030293690869650433,188,365,203,301,256,213
1776762964.2418458,19.999999999573838,15,-26,30.01666203960727,3.6516620486140225,0.031145398840419943,188,365,203,300,257,212
1776762964.2989593,19.999999999573838,15,-26,30.01666203960727,3.6516620486140225,0.031145398840419943,188,365,203,300,257,212
1776762964.3568313,19.999999999573838,15,-26,30.01666203960727,3.6516620486140225,0.031145398840419943,188,365,203,300,257,212
1776762964.4137135,19.999999999573838,15,-27,30.886890422961002,3.7575292485354015,0.03051261397730033,188,365,203,300,257,211
1776762964.47105,19.999999999573838,15,-27,30.886890422961002,3.7575292485354015,0.03051261397730033,188,365,203,300,257,211
1776762964.5285497,19.999999999573838,15,-27,30.886890422961002,3.7575292485354015,0.03051261397730033,188,365,203,300,257,211
1776762964.5817542,19.999999999573838,16,-27,31.38470965295043,3.81809119865577,0.031191599119169786,188,365,203,300,258,211
1776762964.6390812,19.999999999573838,16,-27,31.38470965295043,3.81809119865577,0.031191599119169786,188,365,203,300,258,211
1776762964.6963081,19.999999999573838,16,-28,32.2490309931942,3.9232397801939407,0.030567866599631965,188,365,203,300,258,210
1776762964.7542098,19.999999999573838,16,-28,32.2490309931942,3.9232397801939407,0.030567866599631965,188,365,203,300,258,210
1776762964.8130908,19.999999999573838,16,-28,32.2490309931942,3.9232397801939407,0.030567866599631965,188,365,203,300,258,210
1776762964.8680515,19.999999999573838,16,-28,32.2490309931942,3.9232397801939407,0.030567866599631965,188,365,203,300,258,210
1776762964.921247,19.999999999573838,16,-29,33.12099032335839,4.029317557586179,0.03070771688374855,188,365,203,299,258,209
1776762964.9784985,19.999999999573838,16,-29,33.12099032335839,4.029317557586179,0.03070771688374855,188,365,203,299,258,209
1776762965.0367093,19.999999999573838,16,-29,33.12099032335839,4.029317557586179,0.03070771688374855,188,365,203,299,258,209
1776762965.0941935,19.999999999573838,16,-29,33.12099032335839,4.029317557586179,0.03070771688374855,188,365,203,299,258,209
1776762965.1511905,19.999999999573838,17,-29,33.61547262794322,4.089473555710853,0.03136462419001656,188,365,203,299,259,209
1776762965.2082403,19.999999999573838,17,-29,33.61547262794322,4.089473555710853,0.03136462419001656,188,365,203,299,259,209
1776762965.261354,19.999999999573838,17,-30,34.48187929913333,4.194875827145174,0.02872480666317493,188,365,204,299,259,208
1776762965.3187914,19.999999999573838,17,-30,34.48187929913333,4.194875827145174,0.02948118537180388,188,365,204,298,259,208
1776762965.3764706,19.999999999573838,17,-31,35.35533905932738,4.301136138604304,0.028883011102586606,188,365,204,298,259,207
1776762965.4334857,19.999999999573838,17,-31,35.35533905932738,4.301136138604304,0.028883011102586606,188,365,204,298,259,207
1776762965.4911397,19.999999999573838,18,-31,35.84689665786984,4.360936333074189,0.029535908553357693,188,365,204,298,260,207
1776762965.5490484,19.999999999573838,18,-32,36.71511950137164,4.466559550045211,0.028946027207304863,188,365,204,298,260,206
1776762965.6015797,19.999999999573838,18,-32,36.71511950137164,4.466559550045211,0.028946027207304863,188,365,204,298,260,206
1776762965.6587093,19.999999999573838,18,-32,36.71511950137164,4.466559550045211,0.028946027207304863,188,365,204,298,260,206
1776762965.716268,19.999999999573838,18,-32,36.71511950137164,4.466559550045211,0.028946027207304863,188,365,204,298,260,206
1776762965.7734528,19.999999999573838,18,-33,37.589892258425,4.57297959348236,0.02836826718984902,188,365,204,298,260,205
1776762965.8307061,19.999999999573838,18,-33,37.589892258425,4.57297959348236,0.02836826718984902,188,365,204,298,260,205
1776762965.884372,19.999999999573838,19,-33,38.07886552931954,4.632465392861258,0.029000538135383478,188,365,204,298,261,205
1776762965.9416118,19.999999999573838,19,-33,38.07886552931954,4.632465392861258,0.029000538135383478,188,365,204,298,261,205
1776762965.998873,19.999999999573838,19,-34,38.948684188300895,4.738282747968478,0.028430622049363256,188,365,204,298,261,204
1776762966.055806,19.999999999573838,19,-34,38.948684188300895,4.738282747968478,0.029145011534000655,188,365,204,297,261,204
1776762966.1136482,19.999999999573838,19,-34,38.948684188300895,4.738282747968478,0.029145011534000655,188,365,204,297,261,204
1776762966.1704798,19.999999999573838,19,-34,38.948684188300895,4.738282747968478,0.029145011534000655,188,365,204,297,261,204
1776762966.2246413,19.999999999573838,19,-35,39.824615503479755,4.844843735216515,0.028577572467968673,188,365,204,297,261,203
1776762966.2809887,19.999999999573838,19,-35,39.824615503479755,4.844843735216515,0.028577572467968673,188,365,204,297,261,203
1776762966.338345,19.999999999573838,20,-35,40.311288741492746,4.904049725242426,0.029891844075218856,188,365,204,296,262,203
1776762966.3959084,19.999999999573838,20,-36,41.182520563948,5.010038998047202,0.027449822703355026,188,365,205,296,262,202
1776762966.4530158,19.999999999573838,20,-36,41.182520563948,5.010038998047202,0.027449822703355026,188,365,205,296,262,202
1776762966.510718,19.999999999573838,20,-36,41.182520563948,5.010038998047202,0.027449822703355026,188,365,205,296,262,202
1776762966.564383,19.999999999573838,20,-36,41.182520563948,5.010038998047202,0.027449822703355026,188,365,205,296,262,202
1776762966.6210573,19.999999999573838,20,-36,41.182520563948,5.010038998047202,0.027449822703355026,188,365,205,296,262,202
1776762966.678544,19.999999999573838,20,-37,42.05948168962618,5.11672526637788,0.026902443652784533,188,365,205,296,262,201
1776762966.7362306,19.999999999573838,20,-37,42.05948168962618,5.11672526637788,0.02760025280051857,188,365,205,295,262,201
1776762966.7929246,19.999999999573838,20,-37,42.05948168962618,5.11672526637788,0.02760025280051857,188,365,205,295,262,201
1776762966.8502629,19.999999999573838,21,-37,42.5440947723653,5.17568062924152,0.028208900918846914,188,365,205,295,263,201
1776762966.9041584,19.999999999573838,21,-38,43.41658669218482,5.28182319856263,0.027660054271308125,188,365,205,295,263,200
1776762966.9608908,19.999999999573838,21,-38,43.41658669218482,5.28182319856263,0.027660054271308125,188,365,205,295,263,200
1776762967.0205026,19.999999999573838,21,-38,43.41658669218482,5.28182319856263,0.027660054271308125,188,365,205,295,263,200
1776762967.0762491,19.999999999573838,21,-38,43.41658669218482,5.28182319856263,0.027660054271308125,188,365,205,295,263,200
1776762967.1332154,19.999999999573838,21,-39,44.294469180700204,5.388621554829708,0.027122118207391466,188,365,205,295,263,199
1776762967.1868732,19.999999999573838,21,-39,44.294469180700204,5.388621554829708,0.027122118207391466,188,365,205,295,263,199
1776762967.2456012,19.999999999573838,21,-39,44.294469180700204,5.388621554829708,0.027122118207391466,188,365,205,295,263,199
1776762967.3015802,19.999999999573838,21,-39,44.294469180700204,5.388621554829708,0.027122118207391466,188,365,205,295,263,199
1776762967.358817,19.999999999573838,21,-40,45.17742799230607,5.496037468650373,0.026594853326624954,188,365,205,295,263,198
1776762967.4155436,19.999999999573838,21,-40,45.17742799230607,5.496037468650373,0.026594853326624954,188,365,205,295,263,198
1776762967.4735405,19.999999999573838,22,-40,45.65084884205331,5.553631245991886,0.02718134695020059,188,365,205,295,264,198
1776762967.52702,19.999999999573838,22,-40,45.65084884205331,5.553631245991886,0.02718134695020059,188,365,205,295,264,198
1776762967.5841672,19.999999999573838,22,-41,46.52956049652737,5.660530474030093,0.02666087258402595,188,365,205,295,264,197
1776762967.6412446,19.999999999573838,22,-41,46.52956049652737,5.660530474030093,0.02666087258402595,188,365,205,295,264,197
1776762967.6986754,19.999999999573838,22,-41,46.52956049652737,5.660530474030093,0.02666087258402595,188,365,205,295,264,197
1776762967.7557447,19.999999999573838,22,-41,46.52956049652737,5.660530474030093,0.02666087258402595,188,365,205,295,264,197
1776762967.81304,19.999999999573838,22,-42,47.41307836451879,5.7680143995764945,0.026150562501147296,188,365,205,295,264,196
1776762967.8662133,19.999999999573838,22,-42,47.41307836451879,5.7680143995764945,0.026150562501147296,188,365,205,295,264,196
1776762967.92409,19.999999999573838,22,-42,47.41307836451879,5.7680143995764945,0.026150562501147296,188,365,205,295,264,196
1776762967.980918,19.999999999573838,22,-42,47.41307836451879,5.7680143995764945,0.026803247799162395,188,365,205,294,264,196
1776762968.0387013,19.999999999573838,22,-42,47.41307836451879,5.7680143995764945,0.025038351582905453,188,365,206,294,264,196
1776762968.0959616,19.999999999573838,23,-42,47.885279575251516,5.825459802342033,0.025620950200220784,188,365,206,294,265,196
1776762968.1533716,19.999999999573838,23,-43,48.76474136094644,5.932450287219761,0.0251183321923018,188,365,206,294,265,195
1776762968.2067125,19.999999999573838,23,-43,48.76474136094644,5.932450287219761,0.02577502366973186,188,365,206,293,265,195
1776762968.2635636,19.999999999573838,23,-43,48.76474136094644,5.932450287219761,0.02577502366973186,188,365,206,293,265,195
1776762968.3213274,19.999999999573838,23,-43,48.76474136094644,5.932450287219761,0.02577502366973186,188,365,206,293,265,195
1776762968.3784494,19.999999999573838,23,-44,49.64876634922564,6.039995906231829,0.02527435013046039,188,365,206,293,265,194
1776762968.435619,19.999999999573838,23,-44,49.64876634922564,6.039995906231829,0.02527435013046039,188,365,206,293,265,194
1776762968.4930809,19.999999999573838,23,-44,49.64876634922564,6.039995906231829,0.02527435013046039,188,365,206,293,265,194
1776762968.5459673,19.999999999573838,23,-44,49.64876634922564,6.039995906231829,0.025920037946763515,188,365,206,292,265,194
1776762968.6034043,19.999999999573838,23,-45,50.53711507397311,6.148067527247337,0.02542133093361292,188,365,206,292,265,193
1776762968.6609595,19.999999999573838,23,-45,50.53711507397311,6.148067527247337,0.02542133093361292,188,365,206,292,265,193
1776762968.7183657,19.999999999573838,23,-45,50.53711507397311,6.148067527247337,0.02542133093361292,188,365,206,292,265,193
1776762968.7756474,19.999999999573838,24,-45,51.0,6.204379562043795,0.02598325075920799,188,365,206,292,266,193
1776762968.8290899,19.999999999573838,24,-46,51.884487084291386,6.31198139711574,0.02549076808277426,188,365,206,292,266,192
1776762968.8863642,19.999999999573838,24,-46,51.884487084291386,6.31198139711574,0.024449611978781347,188,365,207,291,266,192
1776762968.9433982,19.999999999573838,24,-46,51.884487084291386,6.31198139711574,0.024449611978781347,188,365,207,291,266,192
1776762969.000639,19.999999999573838,24,-46,51.884487084291386,6.31198139711574,0.024449611978781347,188,365,207,291,266,192
1776762969.0583808,19.999999999573838,24,-46,51.884487084291386,6.31198139711574,0.024449611978781347,188,365,207,291,266,192
1776762969.1159322,19.999999999573838,24,-47,52.773099207835045,6.420085061780418,0.023967737921096254,188,365,207,291,266,191
1776762969.169063,19.999999999573838,24,-47,52.773099207835045,6.420085061780418,0.024598401660272724,188,365,207,290,266,191
1776762969.2266903,19.999999999573838,24,-47,52.773099207835045,6.420085061780418,0.024598401660272724,188,365,207,290,266,191
1776762969.2839088,19.999999999573838,24,-48,53.665631459994955,6.528665627736612,0.02411834527077683,188,365,207,290,266,190
1776762969.3412032,19.999999999573838,24,-48,53.665631459994955,6.528665627736612,0.02411834527077683,188,365,207,290,266,190
1776762969.3985527,19.999999999573838,24,-48,53.665631459994955,6.528665627736612,0.02411834527077683,188,365,207,290,266,190
1776762969.4556496,19.999999999573838,25,-48,54.120236510939236,6.58397037845976,0.025293844959998483,188,365,207,289,267,190
1776762969.50919,19.999999999573838,25,-49,55.00909015790027,6.692103425535312,0.024812198835680033,188,365,207,289,267,189
1776762969.5663342,19.999999999573838,25,-49,55.00909015790027,6.692103425535312,0.024812198835680033,188,365,207,289,267,189
1776762969.623906,19.999999999573838,25,-49,55.00909015790027,6.692103425535312,0.024812198835680033,188,365,207,289,267,189
1776762969.6810465,19.999999999573838,25,-49,55.00909015790027,6.692103425535312,0.025423142861098067,188,365,207,288,267,189
1776762969.7578008,19.999999999573838,25,-50,55.90169943749474,6.800693362225637,0.02335064996564048,188,365,208,288,267,188
1776762969.8365214,19.999999999573838,25,-50,55.90169943749474,6.800693362225637,0.02335064996564048,188,365,208,288,267,188
1776762969.9166133,19.999999999573838,25,-50,55.90169943749474,6.800693362225637,0.02335064996564048,188,365,208,288,267,188
1776762970.011931,19.999999999573838,26,-51,57.245087125446844,6.9641225213438975,0.023435868751800894,188,365,208,288,268,187
1776762970.0926793,19.999999999573838,26,-51,57.245087125446844,6.9641225213438975,0.02404220919613098,188,365,208,287,268,187
1776762970.1737142,19.999999999573838,26,-51,57.245087125446844,6.9641225213438975,0.02404220919613098,188,365,208,287,268,187
1776762970.2527509,19.999999999573838,26,-52,58.137767414994535,7.072721096714663,0.023578128507221085,188,365,208,287,268,186
1776762970.349791,19.999999999573838,26,-52,58.137767414994535,7.072721096714663,0.023578128507221085,188,365,208,287,268,186
1776762970.4305627,19.999999999573838,26,-52,58.137767414994535,7.072721096714663,0.024175131400269553,188,365,208,286,268,186
1776762970.5101302,19.999999999573838,26,-53,59.033888572581766,7.1817382691705305,0.023712799891963662,188,365,208,286,268,185
1776762970.590848,19.999999999573838,26,-53,59.033888572581766,7.1817382691705305,0.023712799891963662,188,365,208,286,268,185
1776762970.6855133,19.999999999573838,27,-53,59.481089431852205,7.236142266648686,0.02483315588964309,188,365,208,285,269,185
1776762970.7659302,19.999999999573838,27,-54,60.37383539249432,7.344748831203688,0.02285818031195571,188,365,209,285,269,184
1776762970.8597755,19.999999999573838,27,-54,60.37383539249432,7.344748831203688,0.02285818031195571,188,365,209,285,269,184
1776762970.9401429,19.999999999573838,27,-55,61.26989472816156,7.453758482744715,0.0229939891440267,188,365,209,284,269,183
1776762971.0060406,19.999999999573838,27,-55,61.26989472816156,7.453758482744715,0.0229939891440267,188,365,209,284,269,183
1776762971.0852127,19.999999999573838,27,-56,62.16912416947821,7.563153791907324,0.023122781544879734,188,365,209,283,269,182
1776762971.1660154,19.999999999573838,27,-56,62.16912416947821,7.563153791907324,0.023122781544879734,188,365,209,283,269,182
1776762971.2446249,19.999999999573838,27,-57,63.071388124885914,7.672918263368115,0.02267868500945557,188,365,209,283,269,181
1776762971.3270144,19.999999999573838,27,-57,63.071388124885914,7.672918263368115,0.02324484561757648,188,365,209,282,269,181
1776762971.4034395,19.999999999573838,27,-57,63.071388124885914,7.672918263368115,0.02324484561757648,188,365,209,282,269,181
1776762971.4859188,19.999999999573838,28,-58,64.40496875241847,7.835154349442636,0.023321984606850504,188,365,209,282,270,180
1776762971.5656676,19.999999999573838,28,-58,64.40496875241847,7.835154349442636,0.023321984606850504,188,365,209,282,270,180
1776762971.6592171,19.999999999573838,28,-59,65.30696746902278,7.944886553409097,0.0234364221535798,188,365,209,281,270,179
1776762971.7379227,19.999999999573838,28,-59,65.30696746902278,7.944886553409097,0.022006303582810034,188,365,210,281,270,179
1776762971.8046658,19.999999999573838,28,-60,66.2117814289874,8.054961244402358,0.021577904518457692,188,365,210,281,270,178
1776762971.884358,19.999999999573838,28,-60,66.2117814289874,8.054961244402358,0.022131118804799486,188,365,210,280,270,178
1776762971.9640174,19.999999999573838,28,-61,67.11929677819934,8.165364571557097,0.021704258162705086,188,365,210,280,270,177
1776762972.028506,19.999999999573838,28,-61,67.11929677819934,8.165364571557097,0.022249704140229823,188,365,210,279,270,177
1776762972.109599,19.999999999573838,28,-61,67.11929677819934,8.165364571557097,0.022249704140229823,188,365,210,279,270,177
1776762972.189482,19.999999999573838,28,-62,68.0294054067798,8.276083382819927,0.022362305205745118,188,365,210,278,270,176
1776762972.2660952,19.999999999573838,28,-62,68.0294054067798,8.276083382819927,0.022362305205745118,188,365,210,278,270,176
1776762972.348163,19.999999999573838,28,-63,68.94200461257273,8.387105184011281,0.022469156682304772,188,365,210,277,270,175
1776762972.431084,19.999999999573838,28,-63,68.94200461257273,8.387105184011281,0.022469156682304772,188,365,210,277,270,175
1776762972.5077116,19.999999999573838,28,-63,68.94200461257273,8.387105184011281,0.022469156682304772,188,365,210,277,270,175
1776762972.5892367,19.999999999573838,28,-64,69.85699678629192,8.49841810052213,0.022570482876637047,188,365,210,276,270,174
1776762972.6678088,19.999999999573838,28,-64,69.85699678629192,8.49841810052213,0.022570482876637047,188,365,210,276,270,174
1776762972.7515202,19.999999999573838,28,-64,69.85699678629192,8.49841810052213,0.022570482876637047,188,365,210,276,270,174
1776762972.8287795,19.999999999573838,28,-65,70.77428911688199,8.610010841469828,0.021322757356495258,188,365,211,275,270,173
1776762972.910026,19.999999999573838,28,-65,70.77428911688199,8.610010841469828,0.021322757356495258,188,365,211,275,270,173
1776762972.9907143,19.999999999573838,28,-66,71.69379331573968,8.721872666148379,0.02142821603696143,188,365,211,274,270,172
1776762973.080583,19.999999999573838,28,-66,71.69379331573968,8.721872666148379,0.02142821603696143,188,365,211,274,270,172
1776762973.1621985,19.999999999573838,29,-66,72.09022125087424,8.770099908865479,0.021938154516646657,188,365,211,274,271,172
1776762973.243992,19.999999999573838,29,-67,73.00684899377592,8.88161179972943,0.022035779795629644,188,365,211,273,271,171
1776762973.404943,19.999999999573838,29,-67,73.00684899377592,8.88161179972943,0.022035779795629644,188,365,211,273,271,171
1776762973.487607,19.999999999573838,29,-68,73.92563831310488,8.993386656095485,0.02162346537586581,188,365,211,273,271,170
1776762973.564786,19.999999999573838,29,-68,73.92563831310488,8.993386656095485,0.022128444351096285,188,365,211,272,271,170
1776762973.6443489,19.999999999573838,29,-68,73.92563831310488,8.993386656095485,0.022128444351096285,188,365,211,272,271,170
1776762973.7259908,19.999999999573838,29,-68,73.92563831310488,8.993386656095485,0.022128444351096285,188,365,211,272,271,170
1776762973.806428,19.999999999573838,29,-69,74.84650960465692,9.105414793753882,0.021717671893025696,188,365,211,272,271,169
1776762973.885046,19.999999999573838,29,-69,74.84650960465692,9.105414793753882,0.022216334143122934,188,365,211,271,271,169
1776762973.9646804,19.999999999573838,29,-69,74.84650960465692,9.105414793753882,0.022216334143122934,188,365,211,271,271,169
1776762974.045745,19.999999999573838,29,-70,75.76938695805846,9.217686977865991,0.021807109920544628,188,365,211,271,271,168
1776762974.1241684,19.999999999573838,29,-70,75.76938695805846,9.217686977865991,0.021807109920544628,188,365,211,271,271,168
1776762974.2210608,19.999999999573838,29,-70,75.76938695805846,9.217686977865991,0.022299627334228224,188,365,211,270,271,168
1776762974.300849,19.999999999573838,29,-70,75.76938695805846,9.217686977865991,0.022299627334228224,188,365,211,270,271,168
1776762974.3797386,19.999999999573838,29,-70,75.76938695805846,9.217686977865991,0.022299627334228224,188,365,211,270,271,168
1776762974.4613729,19.999999999573838,29,-71,76.69419795525604,9.33019439844964,0.02189195680514388,188,365,211,270,271,167
1776762974.50158,19.999999999573838,29,-71,76.69419795525604,9.33019439844964,0.022378494665611096,188,365,211,269,271,167
1776762974.5592039,19.999999999573838,29,-71,76.69419795525604,9.33019439844964,0.022378494665611096,188,365,211,269,271,167
1776762974.6163912,19.999999999573838,29,-71,76.69419795525604,9.33019439844964,0.022378494665611096,188,365,211,269,271,167
1776762974.673846,19.999999999573838,29,-72,77.62087348130012,9.442928647360112,0.021972382516585728,188,365,211,269,271,166
1776762974.7314606,19.999999999573838,29,-72,77.62087348130012,9.442928647360112,0.021972382516585728,188,365,211,269,271,166
1776762974.7845626,19.999999999573838,29,-72,77.62087348130012,9.442928647360112,0.021972382516585728,188,365,211,269,271,166
1776762974.8414788,19.999999999573838,29,-72,77.62087348130012,9.442928647360112,0.022453099812797733,188,365,211,268,271,166
1776762974.8992062,19.999999999573838,29,-72,77.62087348130012,9.442928647360112,0.022453099812797733,188,365,211,268,271,166
1776762974.9565306,19.999999999573838,29,-72,77.62087348130012,9.442928647360112,0.022453099812797733,188,365,211,268,271,166
1776762975.0136678,19.999999999573838,29,-73,78.54934754662193,9.555881696669333,0.022048550000902063,188,365,211,268,271,165
1776762975.0671408,19.999999999573838,29,-73,78.54934754662193,9.555881696669333,0.022048550000902063,188,365,211,268,271,165
1776762975.1241124,19.999999999573838,29,-73,78.54934754662193,9.555881696669333,0.020809122470448665,188,365,212,268,271,165
1776762975.1814067,19.999999999573838,29,-73,78.54934754662193,9.555881696669333,0.020809122470448665,188,365,212,268,271,165
1776762975.2385595,19.999999999573838,29,-73,78.54934754662193,9.555881696669333,0.020809122470448665,188,365,212,268,271,165
1776762975.295846,19.999999999573838,29,-73,78.54934754662193,9.555881696669333,0.020809122470448665,188,365,212,268,271,165
1776762975.353195,19.999999999573838,29,-73,78.54934754662193,9.555881696669333,0.021290462326293093,188,365,212,267,271,165
1776762975.4065564,19.999999999573838,29,-73,78.54934754662193,9.555881696669333,0.021290462326293093,188,365,212,267,271,165
1776762975.4653747,19.999999999573838,29,-74,79.47955712005447,9.669045878352124,0.0208937197140597,188,365,212,267,271,164
1776762975.5225806,19.999999999573838,29,-74,79.47955712005447,9.669045878352124,0.0208937197140597,188,365,212,267,271,164
1776762975.6376133,19.999999999573838,29,-74,79.47955712005447,9.669045878352124,0.0208937197140597,188,365,212,267,271,164
1776762975.6947632,19.999999999573838,29,-74,79.47955712005447,9.669045878352124,0.0208937197140597,188,365,212,267,271,164
1776762975.7478278,19.999999999573838,29,-74,79.47955712005447,9.669045878352124,0.0208937197140597,188,365,212,267,271,164
1776762975.8044288,19.999999999573838,29,-74,79.47955712005447,9.669045878352124,0.0208937197140597,188,365,212,267,271,164
1776762975.8614144,19.999999999573838,29,-74,79.47955712005447,9.669045878352124,0.0208937197140597,188,365,212,267,271,164
1776762975.9190528,19.999999999573838,29,-74,79.47955712005447,9.669045878352124,0.021369391980248433,188,365,212,266,271,164
1776762975.9757965,19.999999999573838,29,-74,79.47955712005447,9.669045878352124,0.021369391980248433,188,365,212,266,271,164
1776762976.0336382,19.999999999573838,29,-75,80.4114419718985,9.782413865194464,0.020974136909570038,188,365,212,266,271,163
1776762976.0866892,19.999999999573838,29,-75,80.4114419718985,9.782413865194464,0.020974136909570038,188,365,212,266,271,163
1776762976.1442447,19.999999999573838,29,-75,80.4114419718985,9.782413865194464,0.020974136909570038,188,365,212,266,271,163
1776762976.2014394,19.999999999573838,29,-75,80.4114419718985,9.782413865194464,0.020974136909570038,188,365,212,266,271,163
1776762976.2589743,19.999999999573838,29,-75,80.4114419718985,9.782413865194464,0.020974136909570038,188,365,212,266,271,163
1776762976.3164506,19.999999999573838,29,-75,80.4114419718985,9.782413865194464,0.020974136909570038,188,365,212,266,271,163
1776762976.373163,19.999999999573838,29,-75,80.4114419718985,9.782413865194464,0.020974136909570038,188,365,212,266,271,163
1776762976.4272268,19.999999999573838,29,-75,80.4114419718985,9.782413865194464,0.020974136909570038,188,365,212,266,271,163
1776762976.484528,19.999999999573838,29,-75,80.4114419718985,9.782413865194464,0.020974136909570038,188,365,212,266,271,163
1776762976.542036,19.999999999573838,29,-75,80.4114419718985,9.782413865194464,0.020974136909570038,188,365,212,266,271,163
1776762976.5984719,19.999999999573838,29,-76,81.34494452638098,9.895978652844402,0.02105052345924666,188,365,212,265,271,162
1776762976.656223,19.999999999573838,29,-76,81.34494452638098,9.895978652844402,0.02105052345924666,188,365,212,265,271,162
1776762976.7098222,19.999999999573838,29,-76,81.34494452638098,9.895978652844402,0.02105052345924666,188,365,212,265,271,162
1776762976.7669928,19.999999999573838,29,-76,81.34494452638098,9.895978652844402,0.02105052345924666,188,365,212,265,271,162
1776762976.8244019,19.999999999573838,29,-76,81.34494452638098,9.895978652844402,0.02105052345924666,188,365,212,265,271,162
1776762976.8819835,19.999999999573838,29,-76,81.34494452638098,9.895978652844402,0.02105052345924666,188,365,212,265,271,162
1776762976.939233,19.999999999573838,29,-76,81.34494452638098,9.895978652844402,0.02105052345924666,188,365,212,265,271,162
1776762976.995809,19.999999999573838,29,-76,81.34494452638098,9.895978652844402,0.02105052345924666,188,365,212,265,271,162
1776762977.0496018,19.999999999573838,29,-76,81.34494452638098,9.895978652844402,0.02105052345924666,188,365,212,265,271,162
1776762977.1069133,19.999999999573838,29,-76,81.34494452638098,9.895978652844402,0.02105052345924666,188,365,212,265,271,162
1776762977.163843,19.999999999573838,29,-76,81.34494452638098,9.895978652844402,0.02176873365809022,189,365,212,265,271,162
1776762977.2217603,19.999999999573838,29,-76,81.34494452638098,9.895978652844402,0.02176873365809022,189,365,212,265,271,162
1776762977.2785542,19.999999999573838,29,-77,82.28000972289685,10.009733542931489,0.02066402556658884,188,365,212,265,271,161
1776762977.3358414,19.999999999573838,29,-77,82.28000972289685,10.009733542931489,0.02066402556658884,188,365,212,265,271,161
1776762977.3893504,19.999999999573838,29,-77,82.28000972289685,10.009733542931489,0.02066402556658884,188,365,212,265,271,161
1776762977.4476478,19.999999999573838,29,-77,82.28000972289685,10.009733542931489,0.021123022815772483,188,365,212,264,271,161
1776762977.5044909,19.999999999573838,29,-77,82.28000972289685,10.009733542931489,0.021123022815772483,188,365,212,264,271,161
1776762977.5614095,19.999999999573838,29,-77,82.28000972289685,10.009733542931489,0.021123022815772483,188,365,212,264,271,161
1776762977.618151,19.999999999573838,29,-77,82.28000972289685,10.009733542931489,0.021123022815772483,188,365,212,264,271,161
1776762977.6755342,19.999999999573838,29,-77,82.28000972289685,10.009733542931489,0.021123022815772483,188,365,212,264,271,161
1776762977.7293663,19.999999999573838,29,-77,82.28000972289685,10.009733542931489,0.021123022815772483,188,365,212,264,271,161
1776762977.7873116,19.999999999573838,29,-77,82.28000972289685,10.009733542931489,0.021123022815772483,188,365,212,264,271,161
1776762977.8440197,19.999999999573838,29,-77,82.28000972289685,10.009733542931489,0.021123022815772483,188,365,212,264,271,161
1776762977.9012516,19.999999999573838,30,-77,82.63776376451628,10.053255932422903,0.02160647666056272,188,365,212,264,272,161
1776762977.9583259,19.999999999573838,30,-77,82.63776376451628,10.053255932422903,0.02160647666056272,188,365,212,264,272,161
1776762978.0159934,19.999999999573838,30,-78,83.57032966310472,10.16670677166724,0.0212183436534068,188,365,212,264,272,160
1776762978.0697918,19.999999999573838,30,-78,83.57032966310472,10.16670677166724,0.0212183436534068,188,365,212,264,272,160
1776762978.1267982,19.999999999573838,30,-78,83.57032966310472,10.16670677166724,0.0212183436534068,188,365,212,264,272,160
1776762978.1839054,19.999999999573838,30,-78,83.57032966310472,10.16670677166724,0.0212183436534068,188,365,212,264,272,160
1776762978.2417543,19.999999999573838,30,-78,83.57032966310472,10.16670677166724,0.0212183436534068,188,365,212,264,272,160
1776762978.2989633,19.999999999573838,30,-78,83.57032966310472,10.16670677166724,0.0212183436534068,188,365,212,264,272,160
1776762978.3515928,19.999999999573838,30,-78,83.57032966310472,10.16670677166724,0.02167289936143331,188,365,212,263,272,160
1776762978.4095342,19.999999999573838,30,-78,83.57032966310472,10.16670677166724,0.02167289936143331,188,365,212,263,272,160
1776762978.4669359,19.999999999573838,30,-78,83.57032966310472,10.16670677166724,0.02167289936143331,188,365,212,263,272,160
1776762978.5243945,19.999999999573838,30,-78,83.57032966310472,10.16670677166724,0.02167289936143331,188,365,212,263,272,160
1776762978.5814085,19.999999999573838,30,-78,83.57032966310472,10.16670677166724,0.02167289936143331,188,365,212,263,272,160
1776762978.638398,19.999999999573838,30,-78,83.57032966310472,10.16670677166724,0.02167289936143331,188,365,212,263,272,160
1776762978.6918814,19.999999999573838,30,-78,83.57032966310472,10.16670677166724,0.02167289936143331,188,365,212,263,272,160
1776762978.749305,19.999999999573838,30,-78,83.57032966310472,10.16670677166724,0.02167289936143331,188,365,212,263,272,160
1776762978.8064802,19.999999999573838,30,-78,83.57032966310472,10.16670677166724,0.02167289936143331,188,365,212,263,272,160
1776762978.8640788,19.999999999573838,30,-78,83.57032966310472,10.16670677166724,0.02167289936143331,188,365,212,263,272,160
1776762978.9213812,19.999999999573838,30,-78,83.57032966310472,10.16670677166724,0.02167289936143331,188,365,212,263,272,160
1776762978.978526,19.999999999573838,30,-78,83.57032966310472,10.16670677166724,0.02167289936143331,188,365,212,263,272,160
1776762979.0317683,19.999999999573838,30,-79,84.50443775329198,10.28034522546131,0.021286239448229896,188,365,212,263,272,159
1776762979.0889106,19.999999999573838,30,-79,84.50443775329198,10.28034522546131,0.021286239448229896,188,365,212,263,272,159
1776762979.147082,19.999999999573838,30,-79,84.50443775329198,10.28034522546131,0.021286239448229896,188,365,212,263,272,159
1776762979.2038605,19.999999999573838,30,-79,84.50443775329198,10.28034522546131,0.021286239448229896,188,365,212,263,272,159
1776762979.2610657,19.999999999573838,30,-79,84.50443775329198,10.28034522546131,0.021286239448229896,188,365,212,263,272,159
1776762979.31847,19.999999999573838,30,-79,84.50443775329198,10.28034522546131,0.021286239448229896,188,365,212,263,272,159
1776762979.3725235,19.999999999573838,30,-79,84.50443775329198,10.28034522546131,0.021286239448229896,188,365,212,263,272,159
1776762979.429421,19.999999999573838,30,-79,84.50443775329198,10.28034522546131,0.021735732729783394,188,365,212,262,272,159
1776762979.4862356,19.999999999573838,30,-79,84.50443775329198,10.28034522546131,0.021735732729783394,188,365,212,262,272,159
1776762979.54343,19.999999999573838,30,-79,84.50443775329198,10.28034522546131,0.021735732729783394,188,365,212,262,272,159
1776762979.6015215,19.999999999573838,30,-79,84.50443775329198,10.28034522546131,0.021735732729783394,188,365,212,262,272,159
1776762979.6587265,19.999999999573838,30,-79,84.50443775329198,10.28034522546131,0.021735732729783394,188,365,212,262,272,159
1776762979.7119055,19.999999999573838,30,-79,84.50443775329198,10.28034522546131,0.021735732729783394,188,365,212,262,272,159
1776762979.76909,19.999999999573838,30,-79,84.50443775329198,10.28034522546131,0.021735732729783394,188,365,212,262,272,159
1776762979.8262231,19.999999999573838,30,-79,84.50443775329198,10.28034522546131,0.021735732729783394,188,365,212,262,272,159
1776762979.8834925,19.999999999573838,30,-79,84.50443775329198,10.28034522546131,0.021735732729783394,188,365,212,262,272,159
1776762979.9407175,19.999999999573838,30,-79,84.50443775329198,10.28034522546131,0.021735732729783394,188,365,212,262,272,159
1776762979.9946241,19.999999999573838,30,-79,84.50443775329198,10.28034522546131,0.021735732729783394,188,365,212,262,272,159
1776762980.051904,19.999999999573838,30,-79,84.50443775329198,10.28034522546131,0.021735732729783394,188,365,212,262,272,159
1776762980.1086674,19.999999999573838,30,-79,84.50443775329198,10.28034522546131,0.021735732729783394,188,365,212,262,272,159
1776762980.1667292,19.999999999573838,30,-80,85.44003745317531,10.394165140288965,0.021350547866480368,188,365,212,262,272,158
1776762980.2240489,19.999999999573838,30,-80,85.44003745317531,10.394165140288965,0.021350547866480368,188,365,212,262,272,158
1776762980.280993,19.999999999573838,30,-80,85.44003745317531,10.394165140288965,0.021350547866480368,188,365,212,262,272,158
1776762980.3344119,19.999999999573838,30,-80,85.44003745317531,10.394165140288965,0.021350547866480368,188,365,212,262,272,158
1776762980.391644,19.999999999573838,30,-80,85.44003745317531,10.394165140288965,0.021350547866480368,188,365,212,262,272,158
1776762980.4490838,19.999999999573838,30,-80,85.44003745317531,10.394165140288965,0.021350547866480368,188,365,212,262,272,158
1776762980.505866,19.999999999573838,30,-80,85.44003745317531,10.394165140288965,0.021350547866480368,188,365,212,262,272,158
1776762980.5634718,19.999999999573838,30,-80,85.44003745317531,10.394165140288965,0.021795103317498468,188,365,212,261,272,158
1776762980.6207263,19.999999999573838,30,-80,85.44003745317531,10.394165140288965,0.021795103317498468,188,365,212,261,272,158
1776762980.6746,19.999999999573838,30,-80,85.44003745317531,10.394165140288965,0.021795103317498468,188,365,212,261,272,158
1776762980.7320375,19.999999999573838,30,-80,85.44003745317531,10.394165140288965,0.021795103317498468,188,365,212,261,272,158
1776762980.7888603,19.999999999573838,30,-80,85.44003745317531,10.394165140288965,0.021795103317498468,188,365,212,261,272,158
1776762980.8464375,19.999999999573838,30,-80,85.44003745317531,10.394165140288965,0.021795103317498468,188,365,212,261,272,158
1776762980.9042594,19.999999999573838,30,-80,85.44003745317531,10.394165140288965,0.021795103317498468,188,365,212,261,272,158
1776762980.9605312,19.999999999573838,30,-80,85.44003745317531,10.394165140288965,0.021795103317498468,188,365,212,261,272,158
1776762981.0150626,19.999999999573838,30,-80,85.44003745317531,10.394165140288965,0.021795103317498468,188,365,212,261,272,158
1776762981.0716207,19.999999999573838,30,-80,85.44003745317531,10.394165140288965,0.021795103317498468,188,365,212,261,272,158
1776762981.1294584,19.999999999573838,30,-80,85.44003745317531,10.394165140288965,0.021795103317498468,188,365,212,261,272,158
1776762981.1867428,19.999999999573838,30,-80,85.44003745317531,10.394165140288965,0.021795103317498468,188,365,212,261,272,158
1776762981.2432878,19.999999999573838,30,-81,86.37708029332781,10.508160619626253,0.02141139493196773,188,365,212,261,272,157
1776762981.300961,19.999999999573838,30,-81,86.37708029332781,10.508160619626253,0.02141139493196773,188,365,212,261,272,157
1776762981.3549702,19.999999999573838,30,-81,86.37708029332781,10.508160619626253,0.02141139493196773,188,365,212,261,272,157
1776762981.4119818,19.999999999573838,30,-81,86.37708029332781,10.508160619626253,0.02141139493196773,188,365,212,261,272,157
1776762981.4689095,19.999999999573838,30,-81,86.37708029332781,10.508160619626253,0.02141139493196773,188,365,212,261,272,157
1776762981.526429,19.999999999573838,30,-81,86.37708029332781,10.508160619626253,0.02141139493196773,188,365,212,261,272,157
1776762981.5834222,19.999999999573838,30,-81,86.37708029332781,10.508160619626253,0.02141139493196773,188,365,212,261,272,157
1776762981.636853,19.999999999573838,30,-81,86.37708029332781,10.508160619626253,0.02141139493196773,188,365,212,261,272,157
1776762981.6940875,19.999999999573838,30,-81,86.37708029332781,10.508160619626253,0.02141139493196773,188,365,212,261,272,157
1776762981.75119,19.999999999573838,30,-81,86.37708029332781,10.508160619626253,0.02141139493196773,188,365,212,261,272,157
1776762981.8089452,19.999999999573838,30,-81,86.37708029332781,10.508160619626253,0.02141139493196773,188,365,212,261,272,157
1776762981.8661916,19.999999999573838,30,-81,86.37708029332781,10.508160619626253,0.02141139493196773,188,365,212,261,272,157
1776762981.923505,19.999999999573838,30,-81,86.37708029332781,10.508160619626253,0.02141139493196773,188,365,212,261,272,157
1776762981.9766088,19.999999999573838,30,-81,86.37708029332781,10.508160619626253,0.02141139493196773,188,365,212,261,272,157
1776762982.03424,19.999999999573838,30,-81,86.37708029332781,10.508160619626253,0.02141139493196773,188,365,212,261,272,157
1776762982.0920734,19.999999999573838,30,-81,86.37708029332781,10.508160619626253,0.02141139493196773,188,365,212,261,272,157
1776762982.1482596,19.999999999573838,30,-81,86.37708029332781,10.508160619626253,0.02185113275515702,188,365,212,260,272,157
1776762982.2057867,19.999999999573838,30,-81,86.37708029332781,10.508160619626253,0.02185113275515702,188,365,212,260,272,157
1776762982.2632523,19.999999999573838,30,-81,86.37708029332781,10.508160619626253,0.02185113275515702,188,365,212,260,272,157
1776762982.3174288,19.999999999573838,30,-81,86.37708029332781,10.508160619626253,0.02185113275515702,188,365,212,260,272,157
1776762982.3736858,19.999999999573838,30,-81,86.37708029332781,10.508160619626253,0.02185113275515702,188,365,212,260,272,157
1776762982.4316182,19.999999999573838,30,-81,86.37708029332781,10.508160619626253,0.02185113275515702,188,365,212,260,272,157
1776762982.488726,19.999999999573838,30,-81,86.37708029332781,10.508160619626253,0.02185113275515702,188,365,212,260,272,157
1776762982.5468278,19.999999999573838,30,-81,86.37708029332781,10.508160619626253,0.02185113275515702,188,365,212,260,272,157
1776762982.6029515,19.999999999573838,30,-82,87.31551981177229,10.622326011164512,0.021468901775233654,188,365,212,260,272,156
1776762982.6566896,19.999999999573838,30,-82,87.31551981177229,10.622326011164512,0.022137130385030002,189,365,212,260,272,156
1776762982.7137418,19.999999999573838,30,-82,87.31551981177229,10.622326011164512,0.022137130385030002,189,365,212,260,272,156
1776762982.7712812,19.999999999573838,30,-82,87.31551981177229,10.622326011164512,0.022137130385030002,189,365,212,260,272,156
1776762982.8285265,19.999999999573838,30,-82,87.31551981177229,10.622326011164512,0.022137130385030002,189,365,212,260,272,156
1776762982.886156,19.999999999573838,30,-82,87.31551981177229,10.622326011164512,0.022137130385030002,189,365,212,260,272,156
1776762982.9433324,19.999999999573838,30,-82,87.31551981177229,10.622326011164512,0.022137130385030002,189,365,212,260,272,156
1776762982.9967391,19.999999999573838,30,-82,87.31551981177229,10.622326011164512,0.022137130385030002,189,365,212,260,272,156
1776762983.0535674,19.999999999573838,30,-82,87.31551981177229,10.622326011164512,0.022137130385030002,189,365,212,260,272,156
1776762983.111445,19.999999999573838,30,-82,87.31551981177229,10.622326011164512,0.022137130385030002,189,365,212,260,272,156
1776762983.1689715,19.999999999573838,30,-82,87.31551981177229,10.622326011164512,0.022137130385030002,189,365,212,260,272,156
1776762983.2258902,19.999999999573838,30,-82,87.31551981177229,10.622326011164512,0.022137130385030002,189,365,212,260,272,156
1776762983.2832694,19.999999999573838,30,-82,87.31551981177229,10.622326011164512,0.022137130385030002,189,365,212,260,272,156
1776762983.3368793,19.999999999573838,30,-82,87.31551981177229,10.622326011164512,0.022137130385030002,189,365,212,260,272,156
1776762983.3941789,19.999999999573838,30,-82,87.31551981177229,10.622326011164512,0.022137130385030002,189,365,212,260,272,156
1776762983.4511607,19.999999999573838,30,-82,87.31551981177229,10.622326011164512,0.022137130385030002,189,365,212,260,272,156
1776762983.5085788,19.999999999573838,30,-82,87.31551981177229,10.622326011164512,0.022137130385030002,189,365,212,260,272,156
1776762983.5659013,19.999999999573838,30,-82,87.31551981177229,10.622326011164512,0.022137130385030002,189,365,212,260,272,156
1776762983.6193202,19.999999999573838,30,-82,87.31551981177229,10.622326011164512,0.022137130385030002,189,365,212,260,272,156
1776762983.6764596,19.999999999573838,30,-82,87.31551981177229,10.622326011164512,0.02256624720073338,189,365,212,259,272,156
1776762983.7343967,19.999999999573838,30,-82,87.31551981177229,10.622326011164512,0.02256624720073338,189,365,212,259,272,156
1776762983.7907596,19.999999999573838,31,-82,87.66413177577246,10.664736225763072,0.02302959624400462,189,365,212,259,273,156
1776762983.8482199,19.999999999573838,31,-82,87.66413177577246,10.664736225763072,0.02302959624400462,189,365,212,259,273,156
1776762983.9060037,19.999999999573838,31,-82,87.66413177577246,10.664736225763072,0.02302959624400462,189,365,212,259,273,156
1776762983.9591308,19.999999999573838,31,-82,87.66413177577246,10.664736225763072,0.02302959624400462,189,365,212,259,273,156
1776762984.01652,19.999999999573838,31,-82,87.66413177577246,10.664736225763072,0.02302959624400462,189,365,212,259,273,156
1776762984.074202,19.999999999573838,31,-82,87.66413177577246,10.664736225763072,0.02302959624400462,189,365,212,259,273,156
1776762984.1314228,19.999999999573838,31,-82,87.66413177577246,10.664736225763072,0.02302959624400462,189,365,212,259,273,156
1776762984.1883404,19.999999999573838,31,-82,87.66413177577246,10.664736225763072,0.02302959624400462,189,365,212,259,273,156
1776762984.2460892,19.999999999573838,31,-83,88.60022573334675,10.778616269263594,0.02264337648684263,189,365,212,259,273,155
1776762984.2994218,19.999999999573838,31,-83,88.60022573334675,10.778616269263594,0.02264337648684263,189,365,212,259,273,155
1776762984.3565695,19.999999999573838,31,-83,88.60022573334675,10.778616269263594,0.02264337648684263,189,365,212,259,273,155
1776762984.4133084,19.999999999573838,31,-83,88.60022573334675,10.778616269263594,0.02264337648684263,189,365,212,259,273,155
1776762984.4706676,19.999999999573838,31,-83,88.60022573334675,10.778616269263594,0.02264337648684263,189,365,212,259,273,155
1776762984.52877,19.999999999573838,31,-83,88.60022573334675,10.778616269263594,0.02264337648684263,189,365,212,259,273,155
1776762984.585223,19.999999999573838,31,-83,88.60022573334675,10.778616269263594,0.02264337648684263,189,365,212,259,273,155
1776762984.6387804,19.999999999573838,31,-83,88.60022573334675,10.778616269263594,0.02264337648684263,189,365,212,259,273,155
1776762984.6962795,19.999999999573838,31,-83,88.60022573334675,10.778616269263594,0.02264337648684263,189,365,212,259,273,155
1776762984.754238,19.999999999573838,31,-83,88.60022573334675,10.778616269263594,0.02264337648684263,189,365,212,259,273,155
1776762984.8113332,19.999999999573838,31,-83,88.60022573334675,10.778616269263594,0.021523184851681212,189,365,213,259,273,155
1776762984.868981,19.999999999573838,31,-83,88.60022573334675,10.778616269263594,0.021523184851681212,189,365,213,259,273,155
1776762984.92215,19.999999999573838,31,-83,88.60022573334675,10.778616269263594,0.021523184851681212,189,365,213,259,273,155
1776762984.9787657,19.999999999573838,31,-83,88.60022573334675,10.778616269263594,0.021523184851681212,189,365,213,259,273,155
1776762985.0361383,19.999999999573838,31,-83,88.60022573334675,10.778616269263594,0.021523184851681212,189,365,213,259,273,155
1776762985.093934,19.999999999573838,31,-83,88.60022573334675,10.778616269263594,0.021523184851681212,189,365,213,259,273,155
1776762985.1511722,19.999999999573838,31,-83,88.60022573334675,10.778616269263594,0.020866141076881513,188,365,213,259,273,155
1776762985.2079678,19.999999999573838,31,-83,88.60022573334675,10.778616269263594,0.020866141076881513,188,365,213,259,273,155
1776762985.2617044,19.999999999573838,31,-83,88.60022573334675,10.778616269263594,0.020866141076881513,188,365,213,259,273,155
1776762985.318631,19.999999999573838,31,-83,88.60022573334675,10.778616269263594,0.020866141076881513,188,365,213,259,273,155
1776762985.3761957,19.999999999573838,31,-83,88.60022573334675,10.778616269263594,0.020866141076881513,188,365,213,259,273,155
1776762985.43396,19.999999999573838,31,-83,88.60022573334675,10.778616269263594,0.020866141076881513,188,365,213,259,273,155
1776762985.490536,19.999999999573838,31,-83,88.60022573334675,10.778616269263594,0.020866141076881513,188,365,213,259,273,155
1776762985.5478246,19.999999999573838,31,-83,88.60022573334675,10.778616269263594,0.020866141076881513,188,365,213,259,273,155
1776762985.6019585,19.999999999573838,31,-83,88.60022573334675,10.778616269263594,0.020866141076881513,188,365,213,259,273,155
1776762985.659093,19.999999999573838,31,-83,88.60022573334675,10.778616269263594,0.020866141076881513,188,365,213,259,273,155
1776762985.7166877,19.999999999573838,31,-83,88.60022573334675,10.778616269263594,0.020866141076881513,188,365,213,259,273,155
1776762985.77389,19.999999999573838,31,-83,88.60022573334675,10.778616269263594,0.020866141076881513,188,365,213,259,273,155
1776762985.8309095,19.999999999573838,31,-84,89.5377015563835,10.892664422917699,0.02049488269574811,188,365,213,259,273,154
1776762985.888529,19.999999999573838,31,-84,89.5377015563835,10.892664422917699,0.020925642982939304,188,365,213,258,273,154
1776762985.9417312,19.999999999573838,31,-84,89.5377015563835,10.892664422917699,0.020925642982939304,188,365,213,258,273,154
1776762985.998677,19.999999999573838,31,-84,89.5377015563835,10.892664422917699,0.020925642982939304,188,365,213,258,273,154
1776762986.0561774,19.999999999573838,31,-84,89.5377015563835,10.892664422917699,0.020925642982939304,188,365,213,258,273,154
1776762986.113819,19.999999999573838,31,-84,89.5377015563835,10.892664422917699,0.020925642982939304,188,365,213,258,273,154
1776762986.1718712,19.999999999573838,31,-84,89.5377015563835,10.892664422917699,0.020925642982939304,188,365,213,258,273,154
1776762986.228389,19.999999999573838,31,-84,89.5377015563835,10.892664422917699,0.020925642982939304,188,365,213,258,273,154
1776762986.281873,19.999999999573838,31,-84,89.5377015563835,10.892664422917699,0.020925642982939304,188,365,213,258,273,154
1776762986.338478,19.999999999573838,31,-84,89.5377015563835,10.892664422917699,0.020925642982939304,188,365,213,258,273,154
1776762986.396695,19.999999999573838,31,-84,89.5377015563835,10.892664422917699,0.020925642982939304,188,365,213,258,273,154
1776762986.4540703,19.999999999573838,31,-84,89.5377015563835,10.892664422917699,0.020925642982939304,188,365,213,258,273,154
1776762986.5108821,19.999999999573838,31,-84,89.5377015563835,10.892664422917699,0.020925642982939304,188,365,213,258,273,154
1776762986.564402,19.999999999573838,31,-84,89.5377015563835,10.892664422917699,0.020925642982939304,188,365,213,258,273,154
1776762986.6211565,19.999999999573838,31,-84,89.5377015563835,10.892664422917699,0.020925642982939304,188,365,213,258,273,154
1776762986.6789713,19.999999999573838,31,-84,89.5377015563835,10.892664422917699,0.020925642982939304,188,365,213,258,273,154
1776762986.7356813,19.999999999573838,31,-84,89.5377015563835,10.892664422917699,0.020925642982939304,188,365,213,258,273,154
1776762986.793136,19.999999999573838,31,-84,89.5377015563835,10.892664422917699,0.020925642982939304,188,365,213,258,273,154
1776762986.8513,19.999999999573838,31,-84,89.5377015563835,10.892664422917699,0.020925642982939304,188,365,213,258,273,154
1776762986.9049966,19.999999999573838,31,-84,89.5377015563835,10.892664422917699,0.020925642982939304,188,365,213,258,273,154
1776762986.9615629,19.999999999573838,31,-84,89.5377015563835,10.892664422917699,0.020925642982939304,188,365,213,258,273,154
1776762987.019137,19.999999999573838,31,-84,89.5377015563835,10.892664422917699,0.020925642982939304,188,365,213,258,273,154
1776762987.0765097,19.999999999573838,31,-84,89.5377015563835,10.892664422917699,0.020925642982939304,188,365,213,258,273,154
1776762987.1344733,19.999999999573838,31,-84,89.5377015563835,10.892664422917699,0.020925642982939304,188,365,213,258,273,154
1776762987.1906574,19.999999999573838,31,-84,89.5377015563835,10.892664422917699,0.020925642982939304,188,365,213,258,273,154
1776762987.2441688,19.999999999573838,31,-84,89.5377015563835,10.892664422917699,0.020925642982939304,188,365,213,258,273,154
1776762987.3014958,19.999999999573838,31,-84,89.5377015563835,10.892664422917699,0.020925642982939304,188,365,213,258,273,154
1776762987.358654,19.999999999573838,31,-84,89.5377015563835,10.892664422917699,0.020925642982939304,188,365,213,258,273,154
1776762987.4156487,19.999999999573838,31,-84,89.5377015563835,10.892664422917699,0.020925642982939304,188,365,213,258,273,154
1776762987.473446,19.999999999573838,31,-84,89.5377015563835,10.892664422917699,0.020925642982939304,188,365,213,258,273,154
1776762987.5307508,19.999999999573838,31,-84,89.5377015563835,10.892664422917699,0.020925642982939304,188,365,213,258,273,154
1776762987.583777,19.999999999573838,31,-84,89.5377015563835,10.892664422917699,0.020925642982939304,188,365,213,258,273,154
1776762987.6413558,19.999999999573838,31,-84,89.5377015563835,10.892664422917699,0.020925642982939304,188,365,213,258,273,154
1776762987.698851,19.999999999573838,31,-84,89.5377015563835,10.892664422917699,0.020925642982939304,188,365,213,258,273,154
1776762987.7559192,19.999999999573838,31,-84,89.5377015563835,10.892664422917699,0.020925642982939304,188,365,213,258,273,154
1776762987.8139226,19.999999999573838,31,-84,89.5377015563835,10.892664422917699,0.020925642982939304,188,365,213,258,273,154
1776762987.8706841,19.999999999573838,31,-84,89.5377015563835,10.892664422917699,0.020925642982939304,188,365,213,258,273,154
1776762987.924433,19.999999999573838,31,-84,89.5377015563835,10.892664422917699,0.020925642982939304,188,365,213,258,273,154
1776762987.9812472,19.999999999573838,31,-84,89.5377015563835,10.892664422917699,0.020925642982939304,188,365,213,258,273,154
1776762988.0387943,19.999999999573838,31,-84,89.5377015563835,10.892664422917699,0.021357205677563985,188,365,213,257,273,154
1776762988.0955884,19.999999999573838,31,-84,89.5377015563835,10.892664422917699,0.021357205677563985,188,365,213,257,273,154
1776762988.1529129,19.999999999573838,31,-84,89.5377015563835,10.892664422917699,0.021357205677563985,188,365,213,257,273,154
1776762988.206468,19.999999999573838,31,-84,89.5377015563835,10.892664422917699,0.021357205677563985,188,365,213,257,273,154
1776762988.263977,19.999999999573838,31,-84,89.5377015563835,10.892664422917699,0.021357205677563985,188,365,213,257,273,154
1776762988.321436,19.999999999573838,31,-84,89.5377015563835,10.892664422917699,0.021357205677563985,188,365,213,257,273,154
1776762988.3786788,19.999999999573838,31,-84,89.5377015563835,10.892664422917699,0.021357205677563985,188,365,213,257,273,154
1776762988.4358616,19.999999999573838,31,-84,89.5377015563835,10.892664422917699,0.021357205677563985,188,365,213,257,273,154
1776762988.4928298,19.999999999573838,31,-85,90.47651629014017,11.006875461087612,0.020981987494471787,188,365,213,257,273,153
1776762988.546299,19.999999999573838,31,-85,90.47651629014017,11.006875461087612,0.020981987494471787,188,365,213,257,273,153
1776762988.6043608,19.999999999573838,31,-85,90.47651629014017,11.006875461087612,0.020981987494471787,188,365,213,257,273,153
1776762988.661333,19.999999999573838,31,-85,90.47651629014017,11.006875461087612,0.020981987494471787,188,365,213,257,273,153
1776762988.7183707,19.999999999573838,31,-85,90.47651629014017,11.006875461087612,0.020981987494471787,188,365,213,257,273,153
1776762988.775533,19.999999999573838,31,-85,90.47651629014017,11.006875461087612,0.020981987494471787,188,365,213,257,273,153
1776762988.8333447,19.999999999573838,31,-85,90.47651629014017,11.006875461087612,0.020981987494471787,188,365,213,257,273,153
1776762988.8865728,19.999999999573838,31,-85,90.47651629014017,11.006875461087612,0.020981987494471787,188,365,213,257,273,153
1776762988.9432697,19.999999999573838,31,-85,90.47651629014017,11.006875461087612,0.020981987494471787,188,365,213,257,273,153
1776762989.0007167,19.999999999573838,31,-85,90.47651629014017,11.006875461087612,0.020981987494471787,188,365,213,257,273,153
1776762989.0578964,19.999999999573838,31,-85,90.47651629014017,11.006875461087612,0.020981987494471787,188,365,213,257,273,153
1776762989.1157632,19.999999999573838,31,-85,90.47651629014017,11.006875461087612,0.020981987494471787,188,365,213,257,273,153
1776762989.1731095,19.999999999573838,31,-85,90.47651629014017,11.006875461087612,0.020981987494471787,188,365,213,257,273,153
1776762989.22661,19.999999999573838,31,-85,90.47651629014017,11.006875461087612,0.020981987494471787,188,365,213,257,273,153
1776762989.2843003,19.999999999573838,31,-85,90.47651629014017,11.006875461087612,0.020981987494471787,188,365,213,257,273,153
1776762989.3416476,19.999999999573838,31,-85,90.47651629014017,11.006875461087612,0.020981987494471787,188,365,213,257,273,153
1776762989.3984067,19.999999999573838,31,-85,90.47651629014017,11.006875461087612,0.020981987494471787,188,365,213,257,273,153
1776762989.4556112,19.999999999573838,31,-85,90.47651629014017,11.006875461087612,0.020981987494471787,188,365,213,257,273,153
1776762989.5129704,19.999999999573838,31,-85,90.47651629014017,11.006875461087612,0.020981987494471787,188,365,213,257,273,153
