time,pressure_kPa,dx_px,dy_px,tip_disp_px,tip_disp_mm,curvature_1_per_mm,base_x,base_y,mid_x,mid_y,tip_x,tip_y
1776754108.59419,15.7,0,0,0.0,0.0,0.031855705295127254,188,368,214,286,288,198
1776754108.650639,15.7,0,0,0.0,0.0,0.031855705295127254,188,368,214,286,288,198
1776754108.7038982,15.7,0,0,0.0,0.0,0.031855705295127254,188,368,214,286,288,198
1776754108.7612066,15.7,0,0,0.0,0.0,0.031855705295127254,188,368,214,286,288,198
1776754108.8187625,15.7,0,0,0.0,0.0,0.031855705295127254,188,368,214,286,288,198
1776754108.8762517,15.7,0,0,0.0,0.0,0.031855705295127254,188,368,214,286,288,198
1776754108.9334645,15.7,0,0,0.0,0.0,0.031855705295127254,188,368,214,286,288,198
1776754108.990523,15.7,0,0,0.0,0.0,0.031855705295127254,188,368,214,286,288,198
1776754109.0440745,15.7,0,0,0.0,0.0,0.031855705295127254,188,368,214,286,288,198
1776754109.1011324,15.7,0,0,0.0,0.0,0.031855705295127254,188,368,214,286,288,198
1776754109.1588805,15.7,0,0,0.0,0.0,0.031855705295127254,188,368,214,286,288,198
1776754109.2160373,15.7,0,0,0.0,0.0,0.031855705295127254,188,368,214,286,288,198
1776754109.2730317,15.7,0,0,0.0,0.0,0.031855705295127254,188,368,214,286,288,198
1776754109.3276925,15.7,0,0,0.0,0.0,0.031855705295127254,188,368,214,286,288,198
1776754109.3836172,15.7,0,0,0.0,0.0,0.031855705295127254,188,368,214,286,288,198
1776754109.4412992,15.7,0,0,0.0,0.0,0.031855705295127254,188,368,214,286,288,198
1776754109.4984517,15.7,0,0,0.0,0.0,0.031855705295127254,188,368,214,286,288,198
1776754109.5560088,15.7,0,0,0.0,0.0,0.031855705295127254,188,368,214,286,288,198
1776754109.612971,15.7,0,0,0.0,0.0,0.031855705295127254,188,368,214,286,288,198
1776754109.6666205,15.7,0,0,0.0,0.0,0.031855705295127254,188,368,214,286,288,198
1776754109.7239969,15.7,0,0,0.0,0.0,0.031855705295127254,188,368,214,286,288,198
1776754109.7810378,15.7,0,0,0.0,0.0,0.031855705295127254,188,368,214,286,288,198
1776754109.8385332,15.7,0,0,0.0,0.0,0.031855705295127254,188,368,214,286,288,198
1776754109.8954556,15.7,0,0,0.0,0.0,0.031855705295127254,188,368,214,286,288,198
1776754109.9493241,15.7,0,0,0.0,0.0,0.031855705295127254,188,368,214,286,288,198
1776754110.0066438,15.7,0,0,0.0,0.0,0.031855705295127254,188,368,214,286,288,198
1776754110.063872,15.7,0,0,0.0,0.0,0.031855705295127254,188,368,214,286,288,198
1776754110.1212206,15.7,0,0,0.0,0.0,0.03243086643630878,188,368,214,286,288,199
1776754110.1814952,15.7,0,0,0.0,0.0,0.03243086643630878,188,368,214,286,288,199
1776754110.2316706,15.7,0,0,0.0,0.0,0.03243086643630878,188,368,214,286,288,199
1776754110.2891047,15.7,0,0,0.0,0.0,0.03243086643630878,188,368,214,286,288,199
1776754110.3467083,15.7,0,0,0.0,0.0,0.03243086643630878,188,368,214,286,288,199
1776754110.403952,15.7,0,0,0.0,0.0,0.03243086643630878,188,368,214,286,288,199
1776754110.460714,15.7,0,0,0.0,0.0,0.03243086643630878,188,368,214,286,288,199
1776754110.5179608,15.7,0,0,0.0,0.0,0.03243086643630878,188,368,214,286,288,199
1776754110.5714185,15.7,0,0,0.0,0.0,0.03243086643630878,188,368,214,286,288,199
1776754110.6286597,15.7,0,0,0.0,0.0,0.03243086643630878,188,368,214,286,288,199
1776754110.686587,15.7,0,0,0.0,0.0,0.033373321406857386,189,368,214,286,288,199
1776754110.7433617,15.7,0,0,0.0,0.0,0.033373321406857386,189,368,214,286,288,199
1776754110.8010437,15.7,0,0,0.0,0.0,0.033373321406857386,189,368,214,286,288,199
1776754110.8545601,15.7,0,0,0.0,0.0,0.033373321406857386,189,368,214,286,288,199
1776754110.9117548,15.7,0,0,0.0,0.0,0.033373321406857386,189,368,214,286,288,199
1776754110.9696362,15.7,0,0,0.0,0.0,0.033373321406857386,189,368,214,286,288,199
1776754111.0271194,15.7,0,0,0.0,0.0,0.033373321406857386,189,368,214,286,288,199
1776754111.0837162,15.7,0,0,0.0,0.0,0.033373321406857386,189,368,214,286,288,199
1776754111.1406274,15.7,0,0,0.0,0.0,0.033373321406857386,189,368,214,286,288,199
1776754111.1940238,15.7,0,0,0.0,0.0,0.033373321406857386,189,368,214,286,288,199
1776754111.2522826,15.7,0,0,0.0,0.0,0.033373321406857386,189,368,214,286,288,199
1776754111.3091698,15.7,0,0,0.0,0.0,0.033373321406857386,189,368,214,286,288,199
1776754111.3659117,15.7,0,0,0.0,0.0,0.033373321406857386,189,368,214,286,288,199
1776754111.4232912,15.7,0,0,0.0,0.0,0.033373321406857386,189,368,214,286,288,199
1776754111.4769776,15.7,0,0,0.0,0.0,0.033373321406857386,189,368,214,286,288,199
1776754111.534367,15.7,0,0,0.0,0.0,0.033373321406857386,189,368,214,286,288,199
1776754111.5917633,15.7,0,0,0.0,0.0,0.033373321406857386,189,368,214,286,288,199
1776754111.648845,15.7,0,0,0.0,0.0,0.033373321406857386,189,368,214,286,288,199
1776754111.7062962,15.7,0,0,0.0,0.0,0.033373321406857386,189,368,214,286,288,199
1776754111.7601428,15.7,0,0,0.0,0.0,0.033373321406857386,189,368,214,286,288,199
1776754111.817327,15.7,0,0,0.0,0.0,0.033373321406857386,189,368,214,286,288,199
1776754111.8747468,15.7,0,0,0.0,0.0,0.033373321406857386,189,368,214,286,288,199
1776754111.9316444,15.7,0,0,0.0,0.0,0.03279422211942508,189,368,214,286,288,198
1776754111.9888837,15.7,0,0,0.0,0.0,0.03279422211942508,189,368,214,286,288,198
1776754112.0468109,15.7,0,0,0.0,0.0,0.03279422211942508,189,368,214,286,288,198
1776754112.099871,15.7,0,0,0.0,0.0,0.03279422211942508,189,368,214,286,288,198
1776754112.1573377,15.7,0,0,0.0,0.0,0.03279422211942508,189,368,214,286,288,198
1776754112.214241,15.7,0,0,0.0,0.0,0.03279422211942508,189,368,214,286,288,198
1776754112.2711332,15.7,0,0,0.0,0.0,0.03279422211942508,189,368,214,286,288,198
1776754112.3293328,15.7,0,0,0.0,0.0,0.03279422211942508,189,368,214,286,288,198
1776754112.3824663,15.7,0,0,0.0,0.0,0.03279422211942508,189,368,214,286,288,198
1776754112.4395506,15.7,0,0,0.0,0.0,0.03279422211942508,189,368,214,286,288,198
1776754112.4967866,15.7,0,0,0.0,0.0,0.03279422211942508,189,368,214,286,288,198
1776754112.5539775,15.7,0,0,0.0,0.0,0.03279422211942508,189,368,214,286,288,198
1776754112.611428,15.7,0,0,0.0,0.0,0.03279422211942508,189,368,214,286,288,198
1776754112.6685047,15.7,0,0,0.0,0.0,0.03279422211942508,189,368,214,286,288,198
1776754112.7222407,15.7,0,0,0.0,0.0,0.03279422211942508,189,368,214,286,288,198
1776754112.779535,15.7,0,0,0.0,0.0,0.03279422211942508,189,368,214,286,288,198
1776754112.8362064,15.7,0,0,0.0,0.0,0.03279422211942508,189,368,214,286,288,198
1776754112.8936968,15.7,0,0,0.0,0.0,0.03279422211942508,189,368,214,286,288,198
1776754112.9518673,15.7,0,0,0.0,0.0,0.03279422211942508,189,368,214,286,288,198
1776754113.004814,15.7,0,0,0.0,0.0,0.03279422211942508,189,368,214,286,288,198
1776754113.06223,15.7,0,0,0.0,0.0,0.03279422211942508,189,368,214,286,288,198
1776754113.119265,12.2,0,0,0.0,0.0,0.03279422211942508,189,368,214,286,288,198
1776754113.176383,8.7,0,0,0.0,0.0,0.03279422211942508,189,368,214,286,288,198
1776754113.2338972,5.199999999999999,0,0,0.0,0.0,0.03279422211942508,189,368,214,286,288,198
1776754113.2880738,1.6999999999999993,0,0,0.0,0.0,0.03279422211942508,189,368,214,286,288,198
1776754113.3447263,-1.8000000000000007,0,0,0.0,0.0,0.03279422211942508,189,368,214,286,288,198
1776754113.40181,-5.3,0,0,0.0,0.0,0.03279422211942508,189,368,214,286,288,198
1776754113.458959,-7.427999999999999,0,0,0.0,0.0,0.03279422211942508,189,368,214,286,288,198
1776754113.5169425,-7.912399999999999,0,0,0.0,0.0,0.03279422211942508,189,368,214,286,288,198
1776754113.5695276,-7.62372,0,0,0.0,0.0,0.03279422211942508,189,368,214,286,288,198
1776754113.6276395,-6.872116,0,0,0.0,0.0,0.03279422211942508,189,368,214,286,288,198
1776754113.6847022,-5.9326348,0,0,0.0,0.0,0.03279422211942508,189,368,214,286,288,198
1776754113.742545,-4.83179044,0,0,0.0,0.0,0.03279422211942508,189,368,214,286,288,198
1776754113.7993429,-3.5845371319999995,0,0,0.0,0.0,0.03279422211942508,189,368,214,286,288,198
1776754113.8526318,-2.3493611396,0,0,0.0,0.0,0.03279422211942508,189,368,214,286,288,198
1776754113.909916,-0.99880834188,0,0,0.0,0.0,0.03279422211942508,189,368,214,286,288,198
1776754113.9672935,0.5753574974360001,0,0,0.0,0.0,0.03279422211942508,189,368,214,286,288,198
1776754114.0250916,2.2236072492308003,0,0,0.0,0.0,0.03279422211942508,189,368,214,286,288,198
1776754114.0777972,3.93608217476924,0,0,0.0,0.0,0.03279422211942508,189,368,214,286,288,198
1776754114.1352692,5.758824652430771,0,0,0.0,0.0,0.03279422211942508,189,368,214,286,288,198
1776754114.1921892,7.84564739572923,0,0,0.0,0.0,0.03279422211942508,189,368,214,286,288,198
1776754114.2496674,9.997694218718769,0,0,0.0,0.0,0.03279422211942508,189,368,214,286,288,198
1776754114.3073611,12.155308265615629,0,0,0.0,0.0,0.03279422211942508,189,368,214,286,288,198
1776754114.36448,14.321592479684687,0,0,0.0,0.0,0.03279422211942508,189,368,214,286,288,198
1776754114.4223037,16.819477743905406,0,0,0.0,0.0,0.03279422211942508,189,368,214,286,288,198
1776754114.4753227,19.18584332317162,0,0,0.0,0.0,0.03279422211942508,189,368,214,286,288,198
1776754114.5322583,21.477752996951487,0,0,0.0,0.0,0.03279422211942508,189,368,214,286,288,198
1776754114.5909925,23.712325899085442,0,0,0.0,0.0,0.03279422211942508,189,368,214,286,288,198
1776754114.647242,25.85969776972563,0,0,0.0,0.0,0.03279422211942508,189,368,214,286,288,198
1776754114.704343,28.085909330917687,0,0,0.0,0.0,0.03279422211942508,189,368,214,286,288,198
1776754114.7581632,30.279772799275307,0,0,0.0,0.0,0.03279422211942508,189,368,214,286,288,198
1776754114.81556,32.33793183978259,0,0,0.0,0.0,0.03279422211942508,189,368,214,286,288,198
1776754114.8725772,34.306379551934775,0,0,0.0,0.0,0.03279422211942508,189,368,214,286,288,198
1776754114.9296844,36.184913865580434,0,0,0.0,0.0,0.03279422211942508,189,368,214,286,288,198
1776754114.9870431,38.02947415967413,0,0,0.0,0.0,0.03279422211942508,189,368,214,286,288,198
1776754115.0439088,39.793842247902234,0,0,0.0,0.0,0.03279422211942508,189,368,214,286,288,198
1776754115.0978262,41.35215267437067,0,0,0.0,0.0,0.03279422211942508,189,368,214,286,288,198
1776754115.1546862,42.7926458023112,0,0,0.0,0.0,0.03279422211942508,189,368,214,286,288,198
1776754115.2121632,44.127793740693356,0,0,0.0,0.0,0.03279422211942508,189,368,214,286,288,198
1776754115.2700222,45.354338122208006,0,0,0.0,0.0,0.03279422211942508,189,368,214,286,288,198
1776754115.3265781,46.4713014366624,0,0,0.0,0.0,0.03279422211942508,189,368,214,286,288,198
1776754115.3803697,47.54139043099872,0,0,0.0,0.0,0.03279422211942508,189,368,214,286,288,198
1776754115.4374115,48.506417129299614,0,0,0.0,0.0,0.03279422211942508,189,368,214,286,288,198
1776754115.4954226,49.39092513878988,0,0,0.0,0.0,0.03279422211942508,189,368,214,286,288,198
1776754115.5524025,50.13227754163696,0,0,0.0,0.0,0.03279422211942508,189,368,214,286,288,198
1776754115.609176,50.82368326249109,0,0,0.0,0.0,0.03279422211942508,189,368,214,286,288,198
1776754115.6670055,51.409104978747315,0,0,0.0,0.0,0.03279422211942508,189,368,214,286,288,198
1776754115.7204573,51.92073149362419,0,0,0.0,0.0,0.03279422211942508,189,368,214,286,288,198
1776754115.778351,52.34021944808726,0,0,0.0,0.0,0.03279422211942508,189,368,214,286,288,198
1776754115.834646,52.627065834426176,0,0,0.0,0.0,0.03279422211942508,189,368,214,286,288,198
1776754115.8921564,52.86011975032785,0,0,0.0,0.0,0.03279422211942508,189,368,214,286,288,198
1776754115.9509277,53.04203592509835,0,0,0.0,0.0,0.03279422211942508,189,368,214,286,288,198
1776754116.0027804,53.1666107775295,0,0,0.0,0.0,0.03279422211942508,189,368,214,286,288,198
1776754116.060417,53.23898323325885,0,0,0.0,0.0,0.03279422211942508,189,368,214,286,288,198
1776754116.1176443,53.29569496997765,0,0,0.0,0.0,0.03279422211942508,189,368,214,286,288,198
1776754116.1749876,53.37570849099329,0,0,0.0,0.0,0.03279422211942508,189,368,214,286,288,198
1776754116.2328794,53.455712547297985,0,0,0.0,0.0,0.03279422211942508,189,368,214,286,288,198
1776754116.2893522,53.57771376418939,0,0,0.0,0.0,0.03279422211942508,189,368,214,286,288,198
1776754116.3431134,53.768314129256815,0,0,0.0,0.0,0.03279422211942508,189,368,214,286,288,198
1776754116.400146,54.091494238777045,0,0,0.0,0.0,0.03279422211942508,189,368,214,286,288,198
1776754116.4580057,54.5804482716331,0,0,0.0,0.0,0.03279422211942508,189,368,214,286,288,198
1776754116.514884,55.21013448148993,0,0,0.0,0.0,0.03279422211942508,189,368,214,286,288,198
1776754116.572165,56.00804034444698,0,0,0.0,0.0,0.03279422211942508,189,368,214,286,288,198
1776754116.6255202,57.0034121033341,0,0,0.0,0.0,0.03279422211942508,189,368,214,286,288,198
1776754116.6827648,58.30302363100023,0,0,0.0,0.0,0.03279422211942508,189,368,214,286,288,198
1776754116.7404778,59.707907089300065,0,0,0.0,0.0,0.03279422211942508,189,368,214,286,288,198
1776754116.7983255,61.032372126790015,0,0,0.0,0.0,0.03279422211942508,189,368,214,286,288,198
1776754116.8549795,62.199711638037,0,0,0.0,0.0,0.03279422211942508,189,368,214,286,288,198
1776754116.9081192,63.1589134914111,0,0,0.0,0.0,0.03279422211942508,189,368,214,286,288,198
1776754116.9655867,63.92267404742333,0,0,0.0,0.0,0.03279422211942508,189,368,214,286,288,198
1776754117.023319,64.522802214227,0,0,0.0,0.0,0.03279422211942508,189,368,214,286,288,198
1776754117.0801594,64.94784066426809,0,0,0.0,0.0,0.03279422211942508,189,368,214,286,288,198
1776754117.1375213,65.28535219928042,0,0,0.0,0.0,0.03279422211942508,189,368,214,286,288,198
1776754117.1947427,65.54060565978412,0,0,0.0,0.0,0.03279422211942508,189,368,214,286,288,198
1776754117.2480931,65.71518169793524,0,0,0.0,0.0,0.03279422211942508,189,368,214,286,288,198
1776754117.30592,65.84455450938057,0,0,0.0,0.0,0.03279422211942508,189,368,214,286,288,198
1776754117.3621726,65.92536635281417,0,0,0.0,0.0,0.03279422211942508,189,368,214,286,288,198
1776754117.4196658,65.97060990584424,0,0,0.0,0.0,0.03279422211942508,189,368,214,286,288,198
1776754117.4773574,65.99118297175326,0,0,0.0,0.0,0.03279422211942508,189,368,214,286,288,198
1776754117.530648,66.01835489152597,0,0,0.0,0.0,0.03279422211942508,189,368,214,286,288,198
1776754117.5876005,66.00550646745779,0,0,0.0,0.0,0.03279422211942508,189,368,214,286,288,198
1776754117.6455233,66.00165194023734,0,0,0.0,0.0,0.03279422211942508,189,368,214,286,288,198
1776754117.7027283,66.0004955820712,0,0,0.0,0.0,0.03279422211942508,189,368,214,286,288,198
1776754117.7597322,65.97214867462135,0,0,0.0,0.0,0.03279422211942508,189,368,214,286,288,198
1776754117.817542,65.9356446023864,0,0,0.0,0.0,0.03279422211942508,189,368,214,286,288,198
1776754117.871128,65.87569338071592,0,0,0.0,0.0,0.03279422211942508,189,368,214,286,288,198
1776754117.927925,65.76670801421477,0,0,0.0,0.0,0.03279422211942508,189,368,214,286,288,198
1776754117.9852064,65.67101240426443,0,0,0.0,0.0,0.03279422211942508,189,368,214,286,288,198
1776754118.0422513,65.55130372127933,0,0,0.0,0.0,0.03279422211942508,189,368,214,286,288,198
1776754118.0998366,65.4593911163838,0,0,0.0,0.0,0.03279422211942508,189,368,214,286,288,198
1776754118.1533313,65.34081733491514,0,0,0.0,0.0,0.031855705295127254,188,368,214,286,288,198
1776754118.2106607,65.22824520047455,0,0,0.0,0.0,0.031855705295127254,188,368,214,286,288,198
1776754118.26767,65.10347356014236,0,0,0.0,0.0,0.031855705295127254,188,368,214,286,288,198
1776754118.3249636,64.9470420680427,0,0,0.0,0.0,0.031855705295127254,188,368,214,286,288,198
1776754118.3821933,64.8231126204128,0,0,0.0,0.0,0.031855705295127254,188,368,214,286,288,198
1776754118.4400542,64.68093378612384,0,0,0.0,0.0,0.031855705295127254,188,368,214,286,288,198
1776754118.4936857,64.52628013583714,0,0,0.0,0.0,0.031855705295127254,188,368,214,286,288,198
1776754118.5507426,64.36788404075114,0,0,0.0,0.0,0.031855705295127254,188,368,214,286,288,198
1776754118.6083894,64.19436521222534,0,0,0.0,0.0,0.031855705295127254,188,368,214,286,288,198
1776754118.6657724,64.0513095636676,0,0,0.0,0.0,0.031855705295127254,188,368,214,286,288,198
1776754118.7226741,63.882392869100286,0,0,0.0,0.0,0.031855705295127254,188,368,214,286,288,198
1776754118.7762508,63.70571786073008,0,0,0.0,0.0,0.031855705295127254,188,368,214,286,288,198
1776754118.833291,63.54071535821902,0,0,0.0,0.0,0.031855705295127254,188,368,214,286,288,198
1776754118.8907278,63.3442146074657,0,0,0.0,0.0,0.031855705295127254,188,368,214,286,288,198
1776754118.9478753,63.17326438223971,0,0,0.0,0.0,0.031855705295127254,188,368,214,286,288,198
1776754119.004661,62.98897931467191,0,0,0.0,0.0,0.031855705295127254,188,368,214,286,288,198
1776754119.0624917,62.807693794401565,0,0,0.0,0.0,0.031855705295127254,188,368,214,286,288,198
1776754119.1157343,62.61330813832047,0,0,0.0,0.0,0.031855705295127254,188,368,214,286,288,198
1776754119.1729524,62.41499244149613,0,0,0.0,0.0,0.031855705295127254,188,368,214,286,288,198
1776754119.230749,62.222497732448836,0,0,0.0,0.0,0.031855705295127254,188,368,214,286,288,198
1776754119.2878752,62.04574931973465,0,0,0.0,0.0,0.031855705295127254,188,368,214,286,288,198
1776754119.3450627,61.86672479592039,0,0,0.0,0.0,0.031855705295127254,188,368,214,286,288,198
1776754119.3987508,61.64501743877611,0,0,0.0,0.0,0.03255608923816229,188,368,214,285,288,198
1776754119.456399,61.37550523163283,0,0,0.0,0.0,0.03255608923816229,188,368,214,285,288,198
1776754119.5144358,61.11265156948984,0,0,0.0,0.0,0.03297913399349221,188,368,214,285,289,198
1776754119.5700786,60.88679547084695,0,0,0.0,0.0,0.03297913399349221,188,368,214,285,289,198
1776754119.6272051,60.70703864125409,0,0,0.0,0.0,0.03297913399349221,188,368,214,285,289,198
1776754119.681172,60.53411159237622,0,0,0.0,0.0,0.03297913399349221,188,368,214,285,289,198
1776754119.7379375,60.38423347771286,0,0,0.0,0.0,0.03297913399349221,188,368,214,285,289,198
1776754119.7960904,60.241270043313854,0,0,0.0,0.0,0.03297913399349221,188,368,214,285,289,198
1776754119.8533986,60.09338101299416,0,0,0.0,0.0,0.03297913399349221,188,368,214,285,289,198
1776754119.9097798,59.88101430389824,0,0,0.0,0.0,0.03297913399349221,188,368,214,285,289,198
1776754119.9671772,59.68430429116947,0,0,0.0,0.0,0.03297913399349221,188,368,214,285,289,198
1776754120.0217628,59.520291287350844,0,0,0.0,0.0,0.03297913399349221,188,368,214,285,289,198
1776754120.078806,59.35908738620525,0,0,0.0,0.0,0.03297913399349221,188,368,214,285,289,198
1776754120.1352508,59.226726215861575,0,0,0.0,0.0,0.03297913399349221,188,368,214,285,289,198
1776754120.1924965,59.110017864758476,0,0,0.0,0.0,0.03297913399349221,188,368,214,285,289,198
1776754120.2499342,59.00500535942754,0,0,0.0,0.0,0.03297913399349221,188,368,214,285,289,198
1776754120.3043826,58.87550160782826,0,0,0.0,0.0,0.03297913399349221,188,368,214,285,289,198
1776754120.3623893,58.68265048234848,0,0,0.0,0.0,0.03297913399349221,188,368,214,285,289,198
1776754120.4184575,58.47079514470454,0,0,0.0,0.0,0.03297913399349221,188,368,214,285,289,198
1776754120.4750857,58.24623854341136,0,0,0.0,0.0,0.03297913399349221,188,368,214,285,289,198
1776754120.5323699,58.0318715630234,0,0,0.0,0.0,0.03297913399349221,188,368,214,285,289,198
1776754120.58985,57.80656146890702,0,0,0.0,0.0,0.03297913399349221,188,368,214,285,289,198
1776754120.6434467,57.6199684406721,0,0,0.0,0.0,0.03297913399349221,188,368,214,285,289,198
1776754120.7009633,57.409990532201626,0,0,0.0,0.0,0.03297913399349221,188,368,214,285,289,198
1776754120.7582474,57.220997159660484,0,0,0.0,0.0,0.03297913399349221,188,368,214,285,289,198
1776754120.8150873,57.06629914789814,0,0,0.0,0.0,0.03297913399349221,188,368,214,285,289,198
1776754120.8723376,56.92188974436944,0,0,0.0,0.0,0.03297913399349221,188,368,214,285,289,198
1776754120.9257123,56.78056692331083,0,0,0.0,0.0,0.03297913399349221,188,368,214,285,289,198
1776754120.9835026,56.661170076993244,0,0,0.0,0.0,0.03297913399349221,188,368,214,285,289,198
1776754121.04057,56.52035102309797,0,0,0.0,0.0,0.03297913399349221,188,368,214,285,289,198
1776754121.0979476,56.380105306929394,0,0,0.0,0.0,0.03297913399349221,188,368,214,285,289,198
1776754121.155335,56.24703159207881,0,0,0.0,0.0,0.03297913399349221,188,368,214,285,289,198
1776754121.2122781,56.12310947762364,0,0,0.0,0.0,0.03297913399349221,188,368,214,285,289,198
1776754121.2656634,56.008932843287084,0,0,0.0,0.0,0.03297913399349221,188,368,214,285,289,198
1776754121.3230066,55.91167985298612,0,0,0.0,0.0,0.03297913399349221,188,368,214,285,289,198
1776754121.3804164,55.80550395589583,0,0,0.0,0.0,0.03297913399349221,188,368,214,285,289,198
1776754121.4393067,55.69665118676875,0,0,0.0,0.0,0.03297913399349221,188,368,214,285,289,198
1776754121.4955502,55.60799535603063,0,0,0.0,0.0,0.03297913399349221,188,368,214,285,289,198
1776754121.5489962,55.539398606809186,0,0,0.0,0.0,0.03297913399349221,188,368,214,285,289,198
1776754121.6061025,55.469819582042746,0,0,0.0,0.0,0.03297913399349221,188,368,214,285,289,198
1776754121.662924,55.41394587461282,2,0,2.0,0.24330900243309,0.033392240591837374,188,368,214,285,290,198
1776754121.720198,55.30618376238384,2,0,2.0,0.24330900243309,0.033392240591837374,188,368,214,285,290,198
1776754121.7775521,55.21085512871515,2,0,2.0,0.24330900243309,0.033392240591837374,188,368,214,285,290,198
1776754121.8349082,55.12625653861455,2,0,2.0,0.24330900243309,0.033392240591837374,188,368,214,285,290,198
1776754121.8882039,55.05187696158437,2,0,2.0,0.24330900243309,0.033392240591837374,188,368,214,285,290,198
1776754121.9455922,54.98056308847531,2,0,2.0,0.24330900243309,0.033392240591837374,188,368,214,285,290,198
1776754122.003575,54.90316892654259,2,0,2.0,0.24330900243309,0.033392240591837374,188,368,214,285,290,198
1776754122.0602844,54.83095067796277,2,0,2.0,0.24330900243309,0.033392240591837374,188,368,214,285,290,198
1776754122.1174643,54.788285203388824,2,0,2.0,0.24330900243309,0.033392240591837374,188,368,214,285,290,198
1776754122.17087,54.76148556101664,2,0,2.0,0.24330900243309,0.033392240591837374,188,368,214,285,290,198
1776754122.2281208,54.683445668304984,2,0,2.0,0.24330900243309,0.033392240591837374,188,368,214,285,290,198
1776754122.2855885,54.618033700491495,2,0,2.0,0.24330900243309,0.03282017128140838,188,368,214,285,290,197
1776754122.3429813,54.57041011014744,2,0,2.0,0.24330900243309,0.03282017128140838,188,368,214,285,290,197
1776754122.4006486,54.53512303304423,2,0,2.0,0.24330900243309,0.03282017128140838,188,368,214,285,290,197
1776754122.45407,54.51753690991326,2,0,2.0,0.24330900243309,0.03282017128140838,188,368,214,285,290,197
1776754122.511633,54.47026107297398,2,0,2.0,0.24330900243309,0.03373873868709121,189,368,214,285,290,197
1776754122.569105,54.41407832189219,2,0,2.0,0.24330900243309,0.03373873868709121,189,368,214,285,290,197
1776754122.625944,54.369223496567656,2,0,2.0,0.24330900243309,0.03373873868709121,189,368,214,285,290,197
1776754122.6827233,54.33476704897029,2,0,2.0,0.24330900243309,0.03373873868709121,189,368,214,285,290,197
1776754122.7400038,54.275430114691076,2,0,2.0,0.24330900243309,0.03373873868709121,189,368,214,285,290,197
1776754122.7934425,54.208629034407316,2,0,2.0,0.24330900243309,0.03373873868709121,189,368,214,285,290,197
1776754122.8512638,54.18858871032219,2,0,2.0,0.24330900243309,0.03373873868709121,189,368,214,285,290,197
1776754122.9089403,54.161576613096656,2,0,2.0,0.24330900243309,0.03373873868709121,189,368,214,285,290,197
1776754122.966382,54.097472983928995,2,0,2.0,0.24330900243309,0.03373873868709121,189,368,214,285,290,197
1776754123.0228503,54.0502418951787,2,0,2.0,0.24330900243309,0.03373873868709121,189,368,214,285,290,197
1776754123.0766318,54.022072568553604,2,0,2.0,0.24330900243309,0.03373873868709121,189,368,214,285,290,197
1776754123.135026,53.95762177056608,2,0,2.0,0.24330900243309,0.03373873868709121,189,368,214,285,290,197
1776754123.191209,53.93828653116982,2,0,2.0,0.24330900243309,0.03373873868709121,189,368,214,285,290,197
1776754123.2480216,53.897485959350945,2,0,2.0,0.24330900243309,0.03373873868709121,189,368,214,285,290,197
1776754123.305265,53.83624578780528,2,0,2.0,0.24330900243309,0.03373873868709121,189,368,214,285,290,197
1776754123.3626063,53.79687373634158,2,0,2.0,0.24330900243309,0.03441383744400054,189,368,214,284,290,197
1776754123.4165263,53.74306212090247,2,0,2.0,0.24330900243309,0.03441383744400054,189,368,214,284,290,197
1776754123.4737933,53.70591863627074,2,0,2.0,0.24330900243309,0.03441383744400054,189,368,214,284,290,197
1776754123.5305548,53.67377559088122,2,0,2.0,0.24330900243309,0.03441383744400054,189,368,214,284,290,197
1776754123.5884373,53.62213267726436,2,0,2.0,0.24330900243309,0.03441383744400054,189,368,214,284,290,197
1776754123.6452446,53.585639803179305,2,0,2.0,0.24330900243309,0.03441383744400054,189,368,214,284,290,197
1776754123.698768,53.56769194095379,2,0,2.0,0.24330900243309,0.03441383744400054,189,368,214,284,290,197
1776754123.7563915,53.54130758228614,2,0,2.0,0.24330900243309,0.03441383744400054,189,368,214,284,290,197
1776754123.8132443,53.50539227468584,2,0,2.0,0.24330900243309,0.03441383744400054,189,368,214,284,290,197
1776754123.8709626,53.466617682405754,2,0,2.0,0.24330900243309,0.03441383744400054,189,368,214,284,290,197
1776754123.9279442,53.44798530472172,2,0,2.0,0.24330900243309,0.03441383744400054,189,368,214,284,290,197
1776754123.9856777,53.44239559141651,2,0,2.0,0.24330900243309,0.03441383744400054,189,368,214,284,290,197
1776754124.0389585,53.41271867742495,2,0,2.0,0.24330900243309,0.03441383744400054,189,368,214,284,290,197
1776754124.0959656,53.38981560322748,2,0,2.0,0.24330900243309,0.03441383744400054,189,368,214,284,290,197
1776754124.1533499,53.382944680968244,2,0,2.0,0.24330900243309,0.03441383744400054,189,368,214,284,290,197
1776754124.2104566,53.36688340429047,2,0,2.0,0.24330900243309,0.03441383744400054,189,368,214,284,290,197
1776754124.2685225,53.34806502128714,2,0,2.0,0.24330900243309,0.03441383744400054,189,368,214,284,290,197
1776754124.3222978,53.32141950638614,2,0,2.0,0.24330900243309,0.03441383744400054,189,368,214,284,290,197
1776754124.3787982,53.285425851915846,2,0,2.0,0.24330900243309,0.03441383744400054,189,368,214,284,290,197
1776754124.4367247,53.24662775557475,2,0,2.0,0.24330900243309,0.03441383744400054,189,368,214,284,290,197
1776754124.493262,53.199988326672425,3,0,3.0,0.36496350364963503,0.03481167306126736,189,368,214,284,291,197
1776754124.5504038,53.171996498001725,3,0,3.0,0.36496350364963503,0.03390597864167093,188,368,214,284,291,197
1776754124.6078296,53.15659894940052,3,0,3.0,0.36496350364963503,0.03390597864167093,188,368,214,284,291,197
1776754124.661757,53.130979684820154,3,0,3.0,0.36496350364963503,0.03390597864167093,188,368,214,284,291,197
1776754124.7188296,53.11629390544604,3,0,3.0,0.36496350364963503,0.03390597864167093,188,368,214,284,291,197
1776754124.7758522,53.10488817163382,3,0,3.0,0.36496350364963503,0.03390597864167093,188,368,214,284,291,197
1776754124.8335533,53.09446645149014,3,0,3.0,0.36496350364963503,0.03390597864167093,188,368,214,284,291,197
1776754124.8907948,53.07733993544704,3,0,3.0,0.36496350364963503,0.03390597864167093,188,368,214,284,291,197
1776754124.9438848,53.03720198063411,3,0,3.0,0.36496350364963503,0.03390597864167093,188,368,214,284,291,197
1776754125.0015786,53.039160594190236,3,0,3.0,0.36496350364963503,0.03390597864167093,188,368,214,284,291,197
1776754125.0588343,53.032748178257066,3,0,3.0,0.36496350364963503,0.03390597864167093,188,368,214,284,291,197
1776754125.1162243,53.02382445347712,3,0,3.0,0.36496350364963503,0.03390597864167093,188,368,214,284,291,197
1776754125.1735206,53.01414733604314,3,0,3.0,0.36496350364963503,0.03390597864167093,188,368,214,284,291,197
1776754125.2268796,52.98324420081293,3,0,3.0,0.36496350364963503,0.03390597864167093,188,368,214,284,291,197
1776754125.2844405,52.98097326024388,3,0,3.0,0.36496350364963503,0.03390597864167093,188,368,214,284,291,197
1776754125.341044,52.973291978073156,3,0,3.0,0.36496350364963503,0.03390597864167093,188,368,214,284,291,197
1776754125.3987987,52.96398759342194,3,0,3.0,0.36496350364963503,0.03390597864167093,188,368,214,284,291,197
1776754125.456102,52.96119627802658,3,0,3.0,0.36496350364963503,0.03390597864167093,188,368,214,284,291,197
1776754125.513553,52.98135888340797,3,0,3.0,0.36496350364963503,0.03390597864167093,188,368,214,284,291,197
1776754125.5673494,52.973407665022386,3,0,3.0,0.36496350364963503,0.03390597864167093,188,368,214,284,291,197
1776754125.6241162,52.95702229950671,3,0,3.0,0.36496350364963503,0.03390597864167093,188,368,214,284,291,197
1776754125.6812587,52.93110668985201,3,0,3.0,0.36496350364963503,0.03390597864167093,188,368,214,284,291,197
1776754125.739093,52.91633200695559,3,0,3.0,0.36496350364963503,0.03390597864167093,188,368,214,284,291,197
1776754125.7962718,52.918899602086675,3,0,3.0,0.36496350364963503,0.03390597864167093,188,368,214,284,291,197
1776754125.8493004,52.926669880625994,3,0,3.0,0.36496350364963503,0.03390597864167093,188,368,214,284,291,197
1776754125.9072192,52.91500096418779,3,0,3.0,0.36496350364963503,0.03390597864167093,188,368,214,284,291,197
1776754125.964331,52.911500289256324,3,0,3.0,0.36496350364963503,0.03390597864167093,188,368,214,284,291,197
1776754126.0213099,52.91045008677689,3,0,3.0,0.36496350364963503,0.03390597864167093,188,368,214,284,291,197
1776754126.0783033,52.896135026033065,3,0,3.0,0.36496350364963503,0.03390597864167093,188,368,214,284,291,197
1776754126.1360772,52.90584050780991,3,0,3.0,0.36496350364963503,0.03390597864167093,188,368,214,284,291,197
1776754126.1891823,52.90875215234296,3,0,3.0,0.36496350364963503,0.03390597864167093,188,368,214,284,291,197
1776754126.247243,52.88862564570289,3,0,3.0,0.36496350364963503,0.03390597864167093,188,368,214,284,291,197
1776754126.3048527,52.868587693710865,3,0,3.0,0.36496350364963503,0.03390597864167093,188,368,214,284,291,197
1776754126.3616152,52.84857630811326,3,0,3.0,0.36496350364963503,0.03390597864167093,188,368,214,284,291,197
1776754126.4181504,52.828572892433975,3,0,3.0,0.36496350364963503,0.03390597864167093,188,368,214,284,291,197
1776754126.4719002,52.82957186773019,3,0,3.0,0.36496350364963503,0.03390597864167093,188,368,214,284,291,197
1776754126.5289693,52.84387156031905,3,0,3.0,0.36496350364963503,0.03390597864167093,188,368,214,284,291,197
1776754126.5863497,52.83416146809571,3,0,3.0,0.36496350364963503,0.03390597864167093,188,368,214,284,291,197
1776754126.6436958,52.838248440428714,3,0,3.0,0.36496350364963503,0.03390597864167093,188,368,214,284,291,197
1776754126.7012758,52.83947453212861,3,0,3.0,0.36496350364963503,0.03390597864167093,188,368,214,284,291,197
1776754126.7586856,52.832842359638576,3,0,3.0,0.36496350364963503,0.03390597864167093,188,368,214,284,291,197
1776754126.8117008,52.78885270789157,3,0,3.0,0.36496350364963503,0.03390597864167093,188,368,214,284,291,197
1776754126.869143,52.754655812367474,3,0,3.0,0.36496350364963503,0.03390597864167093,188,368,214,284,291,197
1776754126.9271216,52.758396743710236,3,0,3.0,0.36496350364963503,0.03390597864167093,188,368,214,284,291,197
1776754126.98373,52.738519023113064,4,0,4.0,0.48661800486618,0.03429729961517865,188,368,214,284,292,197
1776754127.0411649,52.74655570693392,4,0,4.0,0.48661800486618,0.03429729961517865,188,368,214,284,292,197
1776754127.0941477,52.748966712080176,4,0,4.0,0.48661800486618,0.03429729961517865,188,368,214,284,292,197
1776754127.151465,52.756690013624045,4,0,4.0,0.48661800486618,0.03429729961517865,188,368,214,284,292,197
1776754127.2095628,52.75200700408721,4,0,4.0,0.48661800486618,0.034973305258714685,188,368,214,283,292,197
1776754127.2664464,52.71560210122617,4,0,4.0,0.48661800486618,0.034973305258714685,188,368,214,283,292,197
1776754127.3241272,52.69768063036784,4,0,4.0,0.48661800486618,0.034973305258714685,188,368,214,283,292,197
1776754127.3811903,52.69930418911035,4,0,4.0,0.48661800486618,0.034973305258714685,188,368,214,283,292,197
1776754127.4345548,52.69979125673311,4,0,4.0,0.48661800486618,0.034973305258714685,188,368,214,283,292,197
1776754127.4920356,52.678937377019935,4,0,4.0,0.48661800486618,0.034973305258714685,188,368,214,283,292,197
1776754127.5492637,52.66568121310598,4,0,4.0,0.48661800486618,0.034973305258714685,188,368,214,283,292,197
1776754127.6066134,52.675704363931786,4,0,4.0,0.48661800486618,0.034973305258714685,188,368,214,283,292,197
1776754127.6634543,52.67871130917953,4,0,4.0,0.48661800486618,0.03369436547425392,188,368,215,283,292,197
1776754127.7172806,52.67261339275386,4,0,4.0,0.48661800486618,0.03369436547425392,188,368,215,283,292,197
1776754127.7750442,52.656784017826155,4,0,4.0,0.48661800486618,0.03369436547425392,188,368,215,283,292,197
1776754127.8321297,52.645035205347845,4,0,4.0,0.48661800486618,0.03369436547425392,188,368,215,283,292,197
1776754127.8889856,52.63451056160436,4,0,4.0,0.48661800486618,0.03369436547425392,188,368,215,283,292,197
1776754127.9458663,52.63135316848131,4,0,4.0,0.48661800486618,0.03369436547425392,188,368,215,283,292,197
1776754128.0036452,52.62340595054439,4,0,4.0,0.48661800486618,0.03369436547425392,188,368,215,283,292,197
1776754128.0579498,52.60702178516331,4,0,4.0,0.48661800486618,0.03369436547425392,188,368,215,283,292,197
1776754128.1144123,52.60910653554899,4,0,4.0,0.48661800486618,0.03369436547425392,188,368,215,283,292,197
1776754128.1714356,52.609731960664696,4,0,4.0,0.48661800486618,0.03369436547425392,188,368,215,283,292,197
1776754128.2291923,52.59591958819941,4,0,4.0,0.48661800486618,0.03369436547425392,188,368,215,283,292,197
1776754128.2862542,52.598775876459825,4,0,4.0,0.48661800486618,0.03369436547425392,188,368,215,283,292,197
1776754128.3398352,52.58563276293795,4,0,4.0,0.48661800486618,0.03369436547425392,188,368,215,283,292,197
1776754128.3971329,52.567689828881385,4,0,4.0,0.48661800486618,0.03369436547425392,188,368,215,283,292,197
1776754128.454464,52.54830694866441,4,0,4.0,0.48661800486618,0.03369436547425392,188,368,215,283,292,197
1776754128.511338,52.55649208459933,4,0,4.0,0.48661800486618,0.03369436547425392,188,368,215,283,292,197
1776754128.5688121,52.5659476253798,4,0,4.0,0.48661800486618,0.03369436547425392,188,368,215,283,292,197
1776754128.6262577,52.56878428761394,4,0,4.0,0.48661800486618,0.03369436547425392,188,368,215,283,292,197
1776754128.6790578,52.562635286284184,4,0,4.0,0.48661800486618,0.03369436547425392,188,368,215,283,292,197
1776754128.7367425,52.53979058588526,4,0,4.0,0.48661800486618,0.03369436547425392,188,368,215,283,292,197
1776754128.7940242,52.511937175765574,4,0,4.0,0.48661800486618,0.03369436547425392,188,368,215,283,292,197
1776754128.8516617,52.48258115272967,4,0,4.0,0.48661800486618,0.03369436547425392,188,368,215,283,292,197
1776754128.9088826,52.4807743458189,4,0,4.0,0.48661800486618,0.03369436547425392,188,368,215,283,292,197
1776754128.9626415,52.50123230374567,4,0,4.0,0.48661800486618,0.03369436547425392,188,368,215,283,292,197
1776754129.0195827,52.5003696911237,4,0,4.0,0.48661800486618,0.03369436547425392,188,368,215,283,292,197
1776754129.0772188,52.50711090733711,4,0,4.0,0.48661800486618,0.03369436547425392,188,368,215,283,292,197
1776754129.134211,52.502133272201135,5,0,5.0,0.608272506082725,0.03408556708577857,188,368,215,283,293,197
1776754129.1914358,52.514639981660345,5,0,5.0,0.608272506082725,0.03408556708577857,188,368,215,283,293,197
1776754129.2487504,52.483391994498106,5,0,5.0,0.608272506082725,0.03408556708577857,188,368,215,283,293,197
1776754129.3020058,52.460017598349424,5,0,5.0,0.608272506082725,0.03408556708577857,188,368,215,283,293,197
1776754129.3595226,52.43200527950482,5,0,5.0,0.608272506082725,0.03408556708577857,188,368,215,283,293,197
1776754129.4173567,52.42360158385144,5,0,5.0,0.608272506082725,0.03408556708577857,188,368,215,283,293,197
1776754129.4744678,52.39308047515543,5,0,5.0,0.608272506082725,0.03408556708577857,188,368,215,283,293,197
1776754129.5313962,52.39092414254662,5,0,5.0,0.608272506082725,0.03408556708577857,188,368,215,283,293,197
1776754129.584773,52.397277242763984,5,0,5.0,0.608272506082725,0.03408556708577857,188,368,215,283,293,197
1776754129.6420658,52.38518317282919,5,0,5.0,0.608272506082725,0.03408556708577857,188,368,215,283,293,197
1776754129.6990259,52.38855495184875,5,0,5.0,0.608272506082725,0.03408556708577857,188,368,215,283,293,197
1776754129.7569623,52.39656648555462,5,0,5.0,0.608272506082725,0.03408556708577857,188,368,215,283,293,197
1776754129.8142095,52.37096994566638,5,0,5.0,0.608272506082725,0.03408556708577857,188,368,215,283,293,197
1776754129.8677692,52.35629098369991,5,0,5.0,0.608272506082725,0.03408556708577857,188,368,215,283,293,197
1776754129.9252708,52.33088729510997,5,0,5.0,0.608272506082725,0.03408556708577857,188,368,215,283,293,197
1776754129.9819944,52.30926618853298,5,0,5.0,0.608272506082725,0.03408556708577857,188,368,215,283,293,197
1776754130.0396187,52.32377985655989,5,0,5.0,0.608272506082725,0.03408556708577857,188,368,215,283,293,197
1776754130.0968525,52.32813395696796,5,0,5.0,0.608272506082725,0.03408556708577857,188,368,215,283,293,197
1776754130.153513,52.32244018709038,5,0,5.0,0.608272506082725,0.03408556708577857,188,368,215,283,293,197
1776754130.2069173,52.34173205612711,5,0,5.0,0.608272506082725,0.03408556708577857,188,368,215,283,293,197
1776754130.2647817,52.36851961683813,5,0,5.0,0.608272506082725,0.03408556708577857,188,368,215,283,293,197
1776754130.322142,52.362555885051435,5,0,5.0,0.608272506082725,0.03408556708577857,188,368,215,283,293,197
1776754130.3792,52.353766765515424,5,0,5.0,0.608272506082725,0.03408556708577857,188,368,215,283,293,197
1776754130.436402,52.33713002965462,5,0,5.0,0.608272506082725,0.03408556708577857,188,368,215,283,293,197
1776754130.4895585,52.311139008896376,5,0,5.0,0.608272506082725,0.03408556708577857,188,368,215,283,293,197
1776754130.5473735,52.268341702668906,5,0,5.0,0.608272506082725,0.03408556708577857,188,368,215,283,293,197
1776754130.6051462,52.283502510800666,5,0,5.0,0.608272506082725,0.03408556708577857,188,368,215,283,293,197
1776754130.6620007,52.26705075324019,5,0,5.0,0.608272506082725,0.03408556708577857,188,368,215,283,293,197
1776754130.7191286,52.25511522597205,5,0,5.0,0.608272506082725,0.03476819131249809,188,368,215,282,293,197
1776754130.7768893,52.25853456779161,5,-2,5.385164807134504,0.6551295385808398,0.03419028036443062,188,368,215,282,293,196
1776754130.8301039,52.24556037033748,5,-2,5.385164807134504,0.6551295385808398,0.03419028036443062,188,368,215,282,293,196
1776754130.8867586,52.21366811110124,5,-2,5.385164807134504,0.6551295385808398,0.03419028036443062,188,368,215,282,293,196
1776754130.9441805,52.17610043333036,5,-2,5.385164807134504,0.6551295385808398,0.03419028036443062,188,368,215,282,293,196
1776754131.001448,52.10183012999911,5,-2,5.385164807134504,0.6551295385808398,0.03419028036443062,188,368,215,282,293,196
1776754131.0592225,52.05154903899973,5,-2,5.385164807134504,0.6551295385808398,0.03419028036443062,188,368,215,282,293,196
1776754131.1126769,51.99446471169992,5,-2,5.385164807134504,0.6551295385808398,0.03419028036443062,188,368,215,282,293,196
1776754131.1697605,51.928339413509974,5,-2,5.385164807134504,0.6551295385808398,0.03419028036443062,188,368,215,282,293,196
1776754131.2272973,51.873501824052994,5,-2,5.385164807134504,0.6551295385808398,0.03419028036443062,188,368,215,282,293,196
1776754131.2841587,51.822050547215895,5,-2,5.385164807134504,0.6551295385808398,0.03419028036443062,188,368,215,282,293,196
1776754131.3421729,51.75761516416477,5,-2,5.385164807134504,0.6551295385808398,0.03419028036443062,188,368,215,282,293,196
1776754131.3992536,51.75928454924943,6,-2,6.324555320336759,0.7694106229120145,0.0345697312124421,188,368,215,282,294,196
1776754131.4526966,51.794785364774825,6,-2,6.324555320336759,0.7694106229120145,0.0345697312124421,188,368,215,282,294,196
1776754131.509656,51.875435609432444,6,-2,6.324555320336759,0.7694106229120145,0.0345697312124421,188,368,215,282,294,196
1776754131.567229,51.94863068282973,6,-2,6.324555320336759,0.7694106229120145,0.0345697312124421,188,368,215,282,294,196
1776754131.62459,52.01958920484891,6,-2,6.324555320336759,0.7694106229120145,0.0345697312124421,188,368,215,282,294,196
1776754131.6817336,52.11087676145467,6,-2,6.324555320336759,0.7694106229120145,0.0345697312124421,188,368,215,282,294,196
1776754131.7350075,52.3202630284364,6,-2,6.324555320336759,0.7694106229120145,0.0345697312124421,188,368,215,282,294,196
1776754131.792684,52.57907890853092,6,-2,6.324555320336759,0.7694106229120145,0.0345697312124421,188,368,215,282,294,196
1776754131.8498917,52.97172367255928,6,-2,6.324555320336759,0.7694106229120145,0.0345697312124421,188,368,215,282,294,196
1776754131.9072883,53.46051710176778,6,-2,6.324555320336759,0.7694106229120145,0.0345697312124421,188,368,215,282,294,196
1776754131.9645402,54.16015513053033,6,-2,6.324555320336759,0.7694106229120145,0.0345697312124421,188,368,215,282,294,196
1776754132.02119,55.0140465391591,6,-2,6.324555320336759,0.7694106229120145,0.0345697312124421,188,368,215,282,294,196
1776754132.0751827,56.019213961747724,6,-2,6.324555320336759,0.7694106229120145,0.0345697312124421,188,368,215,282,294,196
1776754132.132442,57.20976418852432,6,-2,6.324555320336759,0.7694106229120145,0.0345697312124421,188,368,215,282,294,196
1776754132.1894898,58.60292925655729,6,-2,6.324555320336759,0.7694106229120145,0.0345697312124421,188,368,215,282,294,196
1776754132.2473903,60.22487877696719,6,-2,6.324555320336759,0.7694106229120145,0.0345697312124421,188,368,215,282,294,196
1776754132.3052201,62.27946363309015,6,-2,6.324555320336759,0.7694106229120145,0.0345697312124421,188,368,215,282,294,196
1776754132.357895,64.75783908992703,6,-2,6.324555320336759,0.7694106229120145,0.0345697312124421,188,368,215,282,294,196
1776754132.4151187,67.58035172697811,6,-2,6.324555320336759,0.7694106229120145,0.0345697312124421,188,368,215,282,294,196
1776754132.4727428,70.59710551809343,6,-2,6.324555320336759,0.7694106229120145,0.0345697312124421,188,368,215,282,294,196
1776754132.5297177,73.91013165542802,6,-2,6.324555320336759,0.7694106229120145,0.0345697312124421,188,368,215,282,294,196
1776754132.5865717,77.4100394966284,6,-2,6.324555320336759,0.7694106229120145,0.0345697312124421,188,368,215,282,294,196
1776754132.6444867,80.9100394966284,6,-2,6.324555320336759,0.7694106229120145,0.0345697312124421,188,368,215,282,294,196
1776754132.697264,84.4100394966284,6,-2,6.324555320336759,0.7694106229120145,0.0345697312124421,188,368,215,282,294,196
1776754132.7553728,87.9100394966284,6,-2,6.324555320336759,0.7694106229120145,0.0345697312124421,188,368,215,282,294,196
1776754132.812736,91.4100394966284,6,-2,6.324555320336759,0.7694106229120145,0.0345697312124421,188,368,215,282,294,196
1776754132.8696737,94.9100394966284,6,-2,6.324555320336759,0.7694106229120145,0.0345697312124421,188,368,215,282,294,196
1776754132.9270473,94.9100394966284,6,-2,6.324555320336759,0.7694106229120145,0.0345697312124421,188,368,215,282,294,196
1776754132.9840899,94.9100394966284,6,-2,6.324555320336759,0.7694106229120145,0.0345697312124421,188,368,215,282,294,196
1776754133.041786,94.9100394966284,6,-2,6.324555320336759,0.7694106229120145,0.0345697312124421,188,368,215,282,294,196
1776754133.095263,94.9100394966284,6,-2,6.324555320336759,0.7694106229120145,0.0345697312124421,188,368,215,282,294,196
1776754133.1521316,94.9100394966284,6,-2,6.324555320336759,0.7694106229120145,0.0345697312124421,188,368,215,282,294,196
1776754133.2090995,94.9100394966284,6,-2,6.324555320336759,0.7694106229120145,0.0345697312124421,188,368,215,282,294,196
1776754133.2665343,94.9100394966284,6,-2,6.324555320336759,0.7694106229120145,0.0345697312124421,188,368,215,282,294,196
1776754133.3239694,94.9100394966284,6,-2,6.324555320336759,0.7694106229120145,0.0345697312124421,188,368,215,282,294,196
1776754133.3774357,94.9100394966284,6,-2,6.324555320336759,0.7694106229120145,0.0345697312124421,188,368,215,282,294,196
1776754133.4349663,94.9100394966284,6,-2,6.324555320336759,0.7694106229120145,0.0345697312124421,188,368,215,282,294,196
1776754133.4924002,94.9100394966284,6,-2,6.324555320336759,0.7694106229120145,0.0345697312124421,188,368,215,282,294,196
1776754133.5497081,94.9100394966284,6,-2,6.324555320336759,0.7694106229120145,0.0345697312124421,188,368,215,282,294,196
1776754133.6064308,94.9100394966284,6,-2,6.324555320336759,0.7694106229120145,0.0345697312124421,188,368,215,282,294,196
1776754133.6637633,94.9100394966284,6,-2,6.324555320336759,0.7694106229120145,0.0345697312124421,188,368,215,282,294,196
1776754133.7173898,94.9100394966284,6,-2,6.324555320336759,0.7694106229120145,0.0345697312124421,188,368,215,282,294,196
1776754133.7747648,94.9100394966284,6,-2,6.324555320336759,0.7694106229120145,0.0345697312124421,188,368,215,282,294,196
1776754133.832273,94.9100394966284,6,-2,6.324555320336759,0.7694106229120145,0.0345697312124421,188,368,215,282,294,196
1776754133.8891969,94.9100394966284,6,-2,6.324555320336759,0.7694106229120145,0.0345697312124421,188,368,215,282,294,196
1776754133.946795,94.9100394966284,6,-2,6.324555320336759,0.7694106229120145,0.0345697312124421,188,368,215,282,294,196
1776754134.0041776,94.9100394966284,6,-2,6.324555320336759,0.7694106229120145,0.0345697312124421,188,368,215,282,294,196
1776754134.0574903,94.9100394966284,6,-2,6.324555320336759,0.7694106229120145,0.0345697312124421,188,368,215,282,294,196
1776754134.115101,94.9100394966284,6,-2,6.324555320336759,0.7694106229120145,0.0345697312124421,188,368,215,282,294,196
1776754134.1723597,94.9100394966284,6,-2,6.324555320336759,0.7694106229120145,0.0345697312124421,188,368,215,282,294,196
1776754134.2294362,94.9100394966284,6,-2,6.324555320336759,0.7694106229120145,0.0345697312124421,188,368,215,282,294,196
1776754134.2866218,94.9100394966284,6,-2,6.324555320336759,0.7694106229120145,0.0345697312124421,188,368,215,282,294,196
1776754134.3442502,94.9100394966284,6,-2,6.324555320336759,0.7694106229120145,0.0345697312124421,188,368,215,282,294,196
1776754134.397706,94.9100394966284,6,-2,6.324555320336759,0.7694106229120145,0.0345697312124421,188,368,215,282,294,196
1776754134.4546883,94.9100394966284,6,-2,6.324555320336759,0.7694106229120145,0.0345697312124421,188,368,215,282,294,196
1776754134.511992,94.9100394966284,6,-2,6.324555320336759,0.7694106229120145,0.0345697312124421,188,368,215,282,294,196
1776754134.5699723,94.9100394966284,6,-2,6.324555320336759,0.7694106229120145,0.0345697312124421,188,368,215,282,294,196
1776754134.6268976,94.9100394966284,6,-2,6.324555320336759,0.7694106229120145,0.0345697312124421,188,368,215,282,294,196
1776754134.6801054,94.9100394966284,6,-2,6.324555320336759,0.7694106229120145,0.0345697312124421,188,368,215,282,294,196
1776754134.7377214,94.9100394966284,6,-2,6.324555320336759,0.7694106229120145,0.0345697312124421,188,368,215,282,294,196
1776754134.7947724,94.9100394966284,6,-2,6.324555320336759,0.7694106229120145,0.0345697312124421,188,368,215,282,294,196
1776754134.8524027,94.9100394966284,6,-2,6.324555320336759,0.7694106229120145,0.0345697312124421,188,368,215,282,294,196
1776754134.9097056,94.9100394966284,6,-2,6.324555320336759,0.7694106229120145,0.0345697312124421,188,368,215,282,294,196
1776754134.9667933,94.9100394966284,6,-2,6.324555320336759,0.7694106229120145,0.0345697312124421,188,368,215,282,294,196
1776754135.01997,94.9100394966284,6,-2,6.324555320336759,0.7694106229120145,0.0345697312124421,188,368,215,282,294,196
1776754135.077366,94.9100394966284,6,-2,6.324555320336759,0.7694106229120145,0.03332055071017125,188,368,216,282,294,196
1776754135.1349976,94.9100394966284,6,-2,6.324555320336759,0.7694106229120145,0.03332055071017125,188,368,216,282,294,196
1776754135.1923501,94.9100394966284,6,-2,6.324555320336759,0.7694106229120145,0.03332055071017125,188,368,216,282,294,196
1776754135.2552762,94.9100394966284,6,-2,6.324555320336759,0.7694106229120145,0.03332055071017125,188,368,216,282,294,196
1776754135.3065073,94.9100394966284,6,-2,6.324555320336759,0.7694106229120145,0.03332055071017125,188,368,216,282,294,196
1776754135.3596165,94.9100394966284,6,-2,6.324555320336759,0.7694106229120145,0.03332055071017125,188,368,216,282,294,196
1776754135.4167757,94.9100394966284,6,-2,6.324555320336759,0.7694106229120145,0.03332055071017125,188,368,216,282,294,196
1776754135.4741516,94.9100394966284,6,-2,6.324555320336759,0.7694106229120145,0.03332055071017125,188,368,216,282,294,196
1776754135.5314527,94.9100394966284,6,-2,6.324555320336759,0.7694106229120145,0.03332055071017125,188,368,216,282,294,196
1776754135.5887032,94.9100394966284,6,-2,6.324555320336759,0.7694106229120145,0.03332055071017125,188,368,216,282,294,196
1776754135.6466799,94.9100394966284,6,-2,6.324555320336759,0.7694106229120145,0.03332055071017125,188,368,216,282,294,196
1776754135.6997805,94.9100394966284,6,-2,6.324555320336759,0.7694106229120145,0.03332055071017125,188,368,216,282,294,196
1776754135.7583323,94.9100394966284,6,-2,6.324555320336759,0.7694106229120145,0.03332055071017125,188,368,216,282,294,196
1776754135.814922,94.9100394966284,6,-2,6.324555320336759,0.7694106229120145,0.03332055071017125,188,368,216,282,294,196
1776754135.8718224,94.9100394966284,6,-2,6.324555320336759,0.7694106229120145,0.03332055071017125,188,368,216,282,294,196
1776754135.9297047,94.9100394966284,6,-2,6.324555320336759,0.7694106229120145,0.03332055071017125,188,368,216,282,294,196
1776754135.9870427,94.9100394966284,6,-2,6.324555320336759,0.7694106229120145,0.03332055071017125,188,368,216,282,294,196
1776754136.0400538,94.9100394966284,6,-2,6.324555320336759,0.7694106229120145,0.03332055071017125,188,368,216,282,294,196
1776754136.0969508,94.9100394966284,6,-2,6.324555320336759,0.7694106229120145,0.03332055071017125,188,368,216,282,294,196
1776754136.1546302,94.9100394966284,6,-2,6.324555320336759,0.7694106229120145,0.03332055071017125,188,368,216,282,294,196
1776754136.212342,94.9100394966284,6,-2,6.324555320336759,0.7694106229120145,0.03332055071017125,188,368,216,282,294,196
1776754136.2691514,94.9100394966284,6,-2,6.324555320336759,0.7694106229120145,0.03332055071017125,188,368,216,282,294,196
1776754136.3220015,94.9100394966284,6,-2,6.324555320336759,0.7694106229120145,0.03332055071017125,188,368,216,282,294,196
1776754136.3798022,94.9100394966284,6,-2,6.324555320336759,0.7694106229120145,0.03332055071017125,188,368,216,282,294,196
1776754136.4372022,94.9100394966284,6,-2,6.324555320336759,0.7694106229120145,0.03332055071017125,188,368,216,282,294,196
1776754136.4948077,94.9100394966284,6,-2,6.324555320336759,0.7694106229120145,0.03332055071017125,188,368,216,282,294,196
1776754136.5517955,94.9100394966284,6,-2,6.324555320336759,0.7694106229120145,0.03332055071017125,188,368,216,282,294,196
1776754136.6089296,94.9100394966284,6,-2,6.324555320336759,0.7694106229120145,0.03332055071017125,188,368,216,282,294,196
1776754136.6627607,94.9100394966284,6,-2,6.324555320336759,0.7694106229120145,0.03332055071017125,188,368,216,282,294,196
1776754136.719843,94.9100394966284,6,-2,6.324555320336759,0.7694106229120145,0.03332055071017125,188,368,216,282,294,196
1776754136.7775667,94.9100394966284,6,-2,6.324555320336759,0.7694106229120145,0.03332055071017125,188,368,216,282,294,196
1776754136.8345041,94.9100394966284,6,-2,6.324555320336759,0.7694106229120145,0.03332055071017125,188,368,216,282,294,196
1776754136.891667,94.9100394966284,6,-2,6.324555320336759,0.7694106229120145,0.03332055071017125,188,368,216,282,294,196
1776754136.94896,94.9100394966284,6,-2,6.324555320336759,0.7694106229120145,0.03332055071017125,188,368,216,282,294,196
1776754137.0026248,94.9100394966284,6,-2,6.324555320336759,0.7694106229120145,0.03332055071017125,188,368,216,282,294,196
1776754137.0599093,94.9100394966284,6,-2,6.324555320336759,0.7694106229120145,0.03332055071017125,188,368,216,282,294,196
1776754137.1173022,94.9100394966284,6,-2,6.324555320336759,0.7694106229120145,0.03332055071017125,188,368,216,282,294,196
1776754137.1743817,94.9100394966284,6,-2,6.324555320336759,0.7694106229120145,0.03332055071017125,188,368,216,282,294,196
1776754137.2314003,94.9100394966284,6,-2,6.324555320336759,0.7694106229120145,0.03332055071017125,188,368,216,282,294,196
1776754137.2890525,94.9100394966284,6,-2,6.324555320336759,0.7694106229120145,0.03332055071017125,188,368,216,282,294,196
1776754137.3429525,94.9100394966284,6,-2,6.324555320336759,0.7694106229120145,0.03332055071017125,188,368,216,282,294,196
1776754137.3998315,94.9100394966284,6,-2,6.324555320336759,0.7694106229120145,0.03332055071017125,188,368,216,282,294,196
1776754137.4568207,94.9100394966284,6,-2,6.324555320336759,0.7694106229120145,0.03332055071017125,188,368,216,282,294,196
1776754137.5142183,94.9100394966284,6,-2,6.324555320336759,0.7694106229120145,0.03332055071017125,188,368,216,282,294,196
1776754137.5716386,94.9100394966284,6,-2,6.324555320336759,0.7694106229120145,0.03332055071017125,188,368,216,282,294,196
1776754137.6251988,94.9100394966284,6,-2,6.324555320336759,0.7694106229120145,0.03332055071017125,188,368,216,282,294,196
1776754137.6818485,94.9100394966284,6,-2,6.324555320336759,0.7694106229120145,0.03332055071017125,188,368,216,282,294,196
1776754137.739043,94.9100394966284,6,-2,6.324555320336759,0.7694106229120145,0.03332055071017125,188,368,216,282,294,196
1776754137.7965343,94.9100394966284,6,-2,6.324555320336759,0.7694106229120145,0.03332055071017125,188,368,216,282,294,196
1776754137.8540888,94.9100394966284,6,-2,6.324555320336759,0.7694106229120145,0.03332055071017125,188,368,216,282,294,196
1776754137.9111145,94.9100394966284,6,-2,6.324555320336759,0.7694106229120145,0.03332055071017125,188,368,216,282,294,196
1776754137.9645555,94.9100394966284,6,-2,6.324555320336759,0.7694106229120145,0.03332055071017125,188,368,216,282,294,196
1776754138.02228,94.9100394966284,6,-2,6.324555320336759,0.7694106229120145,0.03332055071017125,188,368,216,282,294,196
1776754138.0794485,94.9100394966284,6,-2,6.324555320336759,0.7694106229120145,0.03332055071017125,188,368,216,282,294,196
1776754138.1375139,94.9100394966284,6,-2,6.324555320336759,0.7694106229120145,0.03332055071017125,188,368,216,282,294,196
1776754138.194442,94.9100394966284,6,-2,6.324555320336759,0.7694106229120145,0.03332055071017125,188,368,216,282,294,196
1776754138.2514348,94.9100394966284,6,-2,6.324555320336759,0.7694106229120145,0.03332055071017125,188,368,216,282,294,196
1776754138.3047912,94.9100394966284,7,-2,7.280109889280518,0.8856581373820581,0.03370293581929261,188,368,216,282,295,196
1776754138.3617852,94.9100394966284,7,-2,7.280109889280518,0.8856581373820581,0.03370293581929261,188,368,216,282,295,196
1776754138.420091,94.9100394966284,7,-2,7.280109889280518,0.8856581373820581,0.03370293581929261,188,368,216,282,295,196
1776754138.476846,94.9100394966284,7,-2,7.280109889280518,0.8856581373820581,0.03370293581929261,188,368,216,282,295,196
1776754138.5341032,94.9100394966284,7,-2,7.280109889280518,0.8856581373820581,0.03370293581929261,188,368,216,282,295,196
1776754138.591028,94.9100394966284,7,-2,7.280109889280518,0.8856581373820581,0.03370293581929261,188,368,216,282,295,196
1776754138.644362,94.9100394966284,7,-2,7.280109889280518,0.8856581373820581,0.03370293581929261,188,368,216,282,295,196
1776754138.701749,94.9100394966284,7,-2,7.280109889280518,0.8856581373820581,0.03438199326570722,188,368,216,281,295,196
1776754138.758937,94.9100394966284,7,-2,7.280109889280518,0.8856581373820581,0.03438199326570722,188,368,216,281,295,196
1776754138.8163226,94.9100394966284,7,-2,7.280109889280518,0.8856581373820581,0.03438199326570722,188,368,216,281,295,196
1776754138.8735955,94.9100394966284,7,-2,7.280109889280518,0.8856581373820581,0.03438199326570722,188,368,216,281,295,196
1776754138.9309456,94.9100394966284,7,-2,7.280109889280518,0.8856581373820581,0.03438199326570722,188,368,216,281,295,196
1776754138.9844928,94.9100394966284,7,-2,7.280109889280518,0.8856581373820581,0.03438199326570722,188,368,216,281,295,196
1776754139.0416303,94.9100394966284,7,-2,7.280109889280518,0.8856581373820581,0.03438199326570722,188,368,216,281,295,196
1776754139.0990305,94.9100394966284,7,-2,7.280109889280518,0.8856581373820581,0.03438199326570722,188,368,216,281,295,196
1776754139.1572506,94.9100394966284,7,-2,7.280109889280518,0.8856581373820581,0.03438199326570722,188,368,216,281,295,196
1776754139.2145083,94.9100394966284,7,-2,7.280109889280518,0.8856581373820581,0.03438199326570722,188,368,216,281,295,196
1776754139.2673454,94.9100394966284,7,-2,7.280109889280518,0.8856581373820581,0.03438199326570722,188,368,216,281,295,196
1776754139.3245955,94.9100394966284,7,-2,7.280109889280518,0.8856581373820581,0.03438199326570722,188,368,216,281,295,196
1776754139.3815658,94.9100394966284,7,-2,7.280109889280518,0.8856581373820581,0.03438199326570722,188,368,216,281,295,196
1776754139.4394999,94.9100394966284,7,-2,7.280109889280518,0.8856581373820581,0.03438199326570722,188,368,216,281,295,196
1776754139.4978542,94.9100394966284,7,-2,7.280109889280518,0.8856581373820581,0.03438199326570722,188,368,216,281,295,196
1776754139.5540695,94.9100394966284,7,-2,7.280109889280518,0.8856581373820581,0.03438199326570722,188,368,216,281,295,196
1776754139.6072261,94.9100394966284,7,-2,7.280109889280518,0.8856581373820581,0.03438199326570722,188,368,216,281,295,196
1776754139.6643727,94.9100394966284,7,-2,7.280109889280518,0.8856581373820581,0.03438199326570722,188,368,216,281,295,196
1776754139.7215354,94.9100394966284,7,-2,7.280109889280518,0.8856581373820581,0.03438199326570722,188,368,216,281,295,196
1776754139.7788138,94.9100394966284,7,-2,7.280109889280518,0.8856581373820581,0.03438199326570722,188,368,216,281,295,196
1776754139.8362482,94.9100394966284,7,-2,7.280109889280518,0.8856581373820581,0.03438199326570722,188,368,216,281,295,196
1776754139.8934872,94.9100394966284,7,-2,7.280109889280518,0.8856581373820581,0.03438199326570722,188,368,216,281,295,196
1776754139.9468687,94.9100394966284,7,-2,7.280109889280518,0.8856581373820581,0.03438199326570722,188,368,216,281,295,196
1776754140.0042176,94.9100394966284,7,-2,7.280109889280518,0.8856581373820581,0.03438199326570722,188,368,216,281,295,196
1776754140.0615184,94.9100394966284,7,-2,7.280109889280518,0.8856581373820581,0.03438199326570722,188,368,216,281,295,196
1776754140.1187904,94.9100394966284,7,-2,7.280109889280518,0.8856581373820581,0.03438199326570722,188,368,216,281,295,196
1776754140.1761537,94.9100394966284,7,-2,7.280109889280518,0.8856581373820581,0.03438199326570722,188,368,216,281,295,196
1776754140.2334814,94.9100394966284,7,-2,7.280109889280518,0.8856581373820581,0.033147343892590796,188,368,217,281,295,196
1776754140.2874014,94.9100394966284,7,-2,7.280109889280518,0.8856581373820581,0.033147343892590796,188,368,217,281,295,196
1776754140.3446977,94.9100394966284,7,-2,7.280109889280518,0.8856581373820581,0.033147343892590796,188,368,217,281,295,196
1776754140.4021335,94.9100394966284,7,-2,7.280109889280518,0.8856581373820581,0.033147343892590796,188,368,217,281,295,196
1776754140.4596038,94.9100394966284,7,-2,7.280109889280518,0.8856581373820581,0.033147343892590796,188,368,217,281,295,196
1776754140.516858,94.9100394966284,7,-2,7.280109889280518,0.8856581373820581,0.033147343892590796,188,368,217,281,295,196
1776754140.5735185,94.9100394966284,7,-2,7.280109889280518,0.8856581373820581,0.033147343892590796,188,368,217,281,295,196
1776754140.6268213,94.9100394966284,7,-2,7.280109889280518,0.8856581373820581,0.033147343892590796,188,368,217,281,295,196
1776754140.6845937,94.9100394966284,7,-2,7.280109889280518,0.8856581373820581,0.033147343892590796,188,368,217,281,295,196
1776754140.7420306,94.9100394966284,7,-2,7.280109889280518,0.8856581373820581,0.033147343892590796,188,368,217,281,295,196
1776754140.7999814,94.9100394966284,7,-2,7.280109889280518,0.8856581373820581,0.033147343892590796,188,368,217,281,295,196
1776754140.856233,94.9100394966284,7,-2,7.280109889280518,0.8856581373820581,0.033147343892590796,188,368,217,281,295,196
1776754140.9101772,94.9100394966284,7,-2,7.280109889280518,0.8856581373820581,0.033147343892590796,188,368,217,281,295,196
1776754140.967448,94.9100394966284,7,-2,7.280109889280518,0.8856581373820581,0.033147343892590796,188,368,217,281,295,196
1776754141.0245397,94.9100394966284,7,-2,7.280109889280518,0.8856581373820581,0.033147343892590796,188,368,217,281,295,196
1776754141.0816054,94.9100394966284,7,-2,7.280109889280518,0.8856581373820581,0.033147343892590796,188,368,217,281,295,196
1776754141.1392355,94.9100394966284,7,-2,7.280109889280518,0.8856581373820581,0.033147343892590796,188,368,217,281,295,196
1776754141.1964085,94.9100394966284,7,-2,7.280109889280518,0.8856581373820581,0.033147343892590796,188,368,217,281,295,196
1776754141.2500365,94.9100394966284,7,-2,7.280109889280518,0.8856581373820581,0.033147343892590796,188,368,217,281,295,196
1776754141.3073153,94.9100394966284,7,-2,7.280109889280518,0.8856581373820581,0.033147343892590796,188,368,217,281,295,196
1776754141.364533,94.9100394966284,7,-2,7.280109889280518,0.8856581373820581,0.033147343892590796,188,368,217,281,295,196
1776754141.4222238,94.9100394966284,7,-2,7.280109889280518,0.8856581373820581,0.033147343892590796,188,368,217,281,295,196
1776754141.4791162,94.9100394966284,7,-2,7.280109889280518,0.8856581373820581,0.033147343892590796,188,368,217,281,295,196
1776754141.5363426,94.9100394966284,7,-2,7.280109889280518,0.8856581373820581,0.033147343892590796,188,368,217,281,295,196
1776754141.589422,94.9100394966284,7,-2,7.280109889280518,0.8856581373820581,0.033147343892590796,188,368,217,281,295,196
1776754141.646809,94.9100394966284,7,-2,7.280109889280518,0.8856581373820581,0.033147343892590796,188,368,217,281,295,196
1776754141.7046185,94.9100394966284,7,-2,7.280109889280518,0.8856581373820581,0.033147343892590796,188,368,217,281,295,196
1776754141.761773,94.9100394966284,7,-2,7.280109889280518,0.8856581373820581,0.033147343892590796,188,368,217,281,295,196
1776754141.8190236,94.9100394966284,7,-2,7.280109889280518,0.8856581373820581,0.033147343892590796,188,368,217,281,295,196
1776754141.8765965,94.9100394966284,7,-2,7.280109889280518,0.8856581373820581,0.033147343892590796,188,368,217,281,295,196
1776754141.9295375,94.9100394966284,7,-2,7.280109889280518,0.8856581373820581,0.033147343892590796,188,368,217,281,295,196
1776754141.987106,94.9100394966284,7,-2,7.280109889280518,0.8856581373820581,0.033147343892590796,188,368,217,281,295,196
1776754142.0438838,94.9100394966284,7,-2,7.280109889280518,0.8856581373820581,0.033147343892590796,188,368,217,281,295,196
1776754142.101644,94.9100394966284,7,-2,7.280109889280518,0.8856581373820581,0.033147343892590796,188,368,217,281,295,196
1776754142.1601517,94.9100394966284,7,-2,7.280109889280518,0.8856581373820581,0.033147343892590796,188,368,217,281,295,196
1776754142.2123985,94.9100394966284,7,-2,7.280109889280518,0.8856581373820581,0.033147343892590796,188,368,217,281,295,196
1776754142.2694395,94.9100394966284,7,-2,7.280109889280518,0.8856581373820581,0.033147343892590796,188,368,217,281,295,196
1776754142.3266613,94.9100394966284,7,-2,7.280109889280518,0.8856581373820581,0.033147343892590796,188,368,217,281,295,196
1776754142.3838532,94.9100394966284,7,-2,7.280109889280518,0.8856581373820581,0.033147343892590796,188,368,217,281,295,196
1776754142.4419909,94.9100394966284,7,-2,7.280109889280518,0.8856581373820581,0.033147343892590796,188,368,217,281,295,196
1776754142.4988701,94.9100394966284,7,-2,7.280109889280518,0.8856581373820581,0.033147343892590796,188,368,217,281,295,196
1776754142.5525284,94.9100394966284,7,-2,7.280109889280518,0.8856581373820581,0.033147343892590796,188,368,217,281,295,196
1776754142.6095932,94.9100394966284,7,-2,7.280109889280518,0.8856581373820581,0.033147343892590796,188,368,217,281,295,196
1776754142.6665092,94.9100394966284,7,-2,7.280109889280518,0.8856581373820581,0.033147343892590796,188,368,217,281,295,196
1776754142.7243142,94.9100394966284,8,-2,8.246211251235321,1.0031887166952944,0.0335293124763844,188,368,217,281,296,196
1776754142.781911,94.9100394966284,8,-2,8.246211251235321,1.0031887166952944,0.0335293124763844,188,368,217,281,296,196
1776754142.8388228,94.9100394966284,8,-2,8.246211251235321,1.0031887166952944,0.0335293124763844,188,368,217,281,296,196
1776754142.8923283,94.9100394966284,8,-2,8.246211251235321,1.0031887166952944,0.0335293124763844,188,368,217,281,296,196
1776754142.949733,94.9100394966284,8,-2,8.246211251235321,1.0031887166952944,0.0335293124763844,188,368,217,281,296,196
1776754143.0068243,94.9100394966284,8,-2,8.246211251235321,1.0031887166952944,0.0335293124763844,188,368,217,281,296,196
1776754143.0642893,94.9100394966284,8,-2,8.246211251235321,1.0031887166952944,0.0335293124763844,188,368,217,281,296,196
1776754143.1220672,94.9100394966284,8,-2,8.246211251235321,1.0031887166952944,0.0335293124763844,188,368,217,281,296,196
1776754143.1786,94.9100394966284,8,-2,8.246211251235321,1.0031887166952944,0.0335293124763844,188,368,217,281,296,196
1776754143.232035,94.9100394966284,8,-2,8.246211251235321,1.0031887166952944,0.0335293124763844,188,368,217,281,296,196
1776754143.2891688,94.9100394966284,8,-2,8.246211251235321,1.0031887166952944,0.0335293124763844,188,368,217,281,296,196
1776754143.3469255,94.9100394966284,8,-2,8.246211251235321,1.0031887166952944,0.0335293124763844,188,368,217,281,296,196
1776754143.4041834,94.9100394966284,8,-2,8.246211251235321,1.0031887166952944,0.0335293124763844,188,368,217,281,296,196
1776754143.4618292,94.9100394966284,8,-2,8.246211251235321,1.0031887166952944,0.0335293124763844,188,368,217,281,296,196
1776754143.5191922,94.9100394966284,8,-2,8.246211251235321,1.0031887166952944,0.0335293124763844,188,368,217,281,296,196
1776754143.572536,94.9100394966284,8,-2,8.246211251235321,1.0031887166952944,0.0335293124763844,188,368,217,281,296,196
1776754143.62989,94.9100394966284,8,-2,8.246211251235321,1.0031887166952944,0.0335293124763844,188,368,217,281,296,196
1776754143.6872768,94.9100394966284,8,-2,8.246211251235321,1.0031887166952944,0.0335293124763844,188,368,217,281,296,196
1776754143.7440996,94.9100394966284,8,-2,8.246211251235321,1.0031887166952944,0.0335293124763844,188,368,217,281,296,196
1776754143.8010697,94.9100394966284,8,-2,8.246211251235321,1.0031887166952944,0.0335293124763844,188,368,217,281,296,196
1776754143.8548632,94.9100394966284,8,-2,8.246211251235321,1.0031887166952944,0.0335293124763844,188,368,217,281,296,196
1776754143.9120605,94.9100394966284,8,-2,8.246211251235321,1.0031887166952944,0.0335293124763844,188,368,217,281,296,196
1776754143.969302,94.9100394966284,8,-2,8.246211251235321,1.0031887166952944,0.0335293124763844,188,368,217,281,296,196
1776754144.0263062,94.9100394966284,8,-2,8.246211251235321,1.0031887166952944,0.0335293124763844,188,368,217,281,296,196
1776754144.0842495,94.9100394966284,8,-2,8.246211251235321,1.0031887166952944,0.0335293124763844,188,368,217,281,296,196
1776754144.1409867,94.9100394966284,8,-2,8.246211251235321,1.0031887166952944,0.0335293124763844,188,368,217,281,296,196
1776754144.194906,94.9100394966284,8,-2,8.246211251235321,1.0031887166952944,0.0335293124763844,188,368,217,281,296,196
1776754144.2526195,94.9100394966284,8,-2,8.246211251235321,1.0031887166952944,0.0335293124763844,188,368,217,281,296,196
1776754144.3096826,94.9100394966284,8,-2,8.246211251235321,1.0031887166952944,0.0335293124763844,188,368,217,281,296,196
1776754144.3667645,94.9100394966284,8,-3,8.54400374531753,1.0394165140288965,0.03296167076918841,188,368,217,281,296,195
1776754144.4241054,94.9100394966284,8,-3,8.54400374531753,1.0394165140288965,0.03296167076918841,188,368,217,281,296,195
1776754144.4808571,94.9100394966284,8,-3,8.54400374531753,1.0394165140288965,0.03296167076918841,188,368,217,281,296,195
1776754144.534292,94.9100394966284,8,-3,8.54400374531753,1.0394165140288965,0.03296167076918841,188,368,217,281,296,195
1776754144.591872,94.9100394966284,8,-3,8.54400374531753,1.0394165140288965,0.03296167076918841,188,368,217,281,296,195
1776754144.6498013,94.9100394966284,8,-3,8.54400374531753,1.0394165140288965,0.03296167076918841,188,368,217,281,296,195
1776754144.7062032,94.9100394966284,8,-3,8.54400374531753,1.0394165140288965,0.03296167076918841,188,368,217,281,296,195
1776754144.763951,94.9100394966284,8,-3,8.54400374531753,1.0394165140288965,0.03296167076918841,188,368,217,281,296,195
1776754144.820942,94.9100394966284,8,-3,8.54400374531753,1.0394165140288965,0.03296167076918841,188,368,217,281,296,195
1776754144.8747296,94.9100394966284,8,-3,8.54400374531753,1.0394165140288965,0.03381098848672903,189,368,217,281,296,195
1776754144.9320426,94.9100394966284,8,-3,8.54400374531753,1.0394165140288965,0.03381098848672903,189,368,217,281,296,195
1776754144.989755,94.9100394966284,8,-3,8.54400374531753,1.0394165140288965,0.03381098848672903,189,368,217,281,296,195
1776754145.046685,94.9100394966284,8,-3,8.54400374531753,1.0394165140288965,0.03381098848672903,189,368,217,281,296,195
1776754145.1038485,94.9100394966284,8,-3,8.54400374531753,1.0394165140288965,0.03381098848672903,189,368,217,281,296,195
1776754145.1611643,94.9100394966284,8,-3,8.54400374531753,1.0394165140288965,0.03381098848672903,189,368,217,281,296,195
1776754145.2150464,94.9100394966284,8,-3,8.54400374531753,1.0394165140288965,0.03381098848672903,189,368,217,281,296,195
1776754145.2720902,94.9100394966284,8,-3,8.54400374531753,1.0394165140288965,0.03381098848672903,189,368,217,281,296,195
1776754145.329214,94.9100394966284,9,-3,9.486832980505138,1.1541159343680216,0.03418189297132953,189,368,217,281,297,195
1776754145.386635,94.9100394966284,9,-3,9.486832980505138,1.1541159343680216,0.03418189297132953,189,368,217,281,297,195
1776754145.4439843,94.9100394966284,9,-3,9.486832980505138,1.1541159343680216,0.03418189297132953,189,368,217,281,297,195
1776754145.4973857,94.9100394966284,9,-3,9.486832980505138,1.1541159343680216,0.03418189297132953,189,368,217,281,297,195
1776754145.554524,94.9100394966284,9,-3,9.486832980505138,1.1541159343680216,0.03418189297132953,189,368,217,281,297,195
1776754145.6115084,94.9100394966284,9,-3,9.486832980505138,1.1541159343680216,0.03418189297132953,189,368,217,281,297,195
1776754145.6691751,94.9100394966284,9,-3,9.486832980505138,1.1541159343680216,0.03418189297132953,189,368,217,281,297,195
1776754145.7265928,94.9100394966284,9,-3,9.486832980505138,1.1541159343680216,0.03418189297132953,189,368,217,281,297,195
1776754145.783833,94.9100394966284,9,-3,9.486832980505138,1.1541159343680216,0.03418189297132953,189,368,217,281,297,195
1776754145.8383477,94.9100394966284,9,-3,9.486832980505138,1.1541159343680216,0.03418189297132953,189,368,217,281,297,195
1776754145.8942468,94.9100394966284,9,-3,9.486832980505138,1.1541159343680216,0.03484863370203741,189,368,217,280,297,195
1776754145.951723,94.9100394966284,9,-3,9.486832980505138,1.1541159343680216,0.03484863370203741,189,368,217,280,297,195
1776754146.0100121,94.9100394966284,9,-3,9.486832980505138,1.1541159343680216,0.03484863370203741,189,368,217,280,297,195
1776754146.0660625,94.9100394966284,9,-3,9.486832980505138,1.1541159343680216,0.03484863370203741,189,368,217,280,297,195
1776754146.1233928,94.9100394966284,9,-3,9.486832980505138,1.1541159343680216,0.03484863370203741,189,368,217,280,297,195
1776754146.1766534,94.9100394966284,9,-3,9.486832980505138,1.1541159343680216,0.03484863370203741,189,368,217,280,297,195
1776754146.2341948,94.9100394966284,9,-3,9.486832980505138,1.1541159343680216,0.03484863370203741,189,368,217,280,297,195
1776754146.2920384,94.9100394966284,9,-3,9.486832980505138,1.1541159343680216,0.03484863370203741,189,368,217,280,297,195
1776754146.349579,94.9100394966284,9,-3,9.486832980505138,1.1541159343680216,0.03484863370203741,189,368,217,280,297,195
1776754146.406386,94.9100394966284,9,-3,9.486832980505138,1.1541159343680216,0.03484863370203741,189,368,217,280,297,195
1776754146.4639227,94.9100394966284,9,-3,9.486832980505138,1.1541159343680216,0.03484863370203741,189,368,217,280,297,195
1776754146.5172448,94.9100394966284,9,-3,9.486832980505138,1.1541159343680216,0.03484863370203741,189,368,217,280,297,195
1776754146.574426,94.9100394966284,9,-3,9.486832980505138,1.1541159343680216,0.03484863370203741,189,368,217,280,297,195
1776754146.631707,94.9100394966284,9,-3,9.486832980505138,1.1541159343680216,0.03484863370203741,189,368,217,280,297,195
1776754146.688593,94.9100394966284,9,-3,9.486832980505138,1.1541159343680216,0.03484863370203741,189,368,217,280,297,195
1776754146.7457945,94.9100394966284,9,-3,9.486832980505138,1.1541159343680216,0.03484863370203741,189,368,217,280,297,195
1776754146.8031335,94.9100394966284,9,-3,9.486832980505138,1.1541159343680216,0.03484863370203741,189,368,217,280,297,195
1776754146.8573217,94.9100394966284,9,-3,9.486832980505138,1.1541159343680216,0.03484863370203741,189,368,217,280,297,195
1776754146.9143448,94.9100394966284,9,-3,9.486832980505138,1.1541159343680216,0.03484863370203741,189,368,217,280,297,195
1776754146.9715397,94.9100394966284,9,-3,9.486832980505138,1.1541159343680216,0.03484863370203741,189,368,217,280,297,195
1776754147.0289402,94.9100394966284,9,-3,9.486832980505138,1.1541159343680216,0.03484863370203741,189,368,217,280,297,195
1776754147.086584,94.9100394966284,9,-3,9.486832980505138,1.1541159343680216,0.03484863370203741,189,368,217,280,297,195
1776754147.1436534,94.9100394966284,9,-3,9.486832980505138,1.1541159343680216,0.03484863370203741,189,368,217,280,297,195
1776754147.1970835,94.9100394966284,9,-3,9.486832980505138,1.1541159343680216,0.03484863370203741,189,368,217,280,297,195
1776754147.2539396,94.9100394966284,9,-3,9.486832980505138,1.1541159343680216,0.03484863370203741,189,368,217,280,297,195
1776754147.3113663,94.9100394966284,9,-3,9.486832980505138,1.1541159343680216,0.03484863370203741,189,368,217,280,297,195
1776754147.3689065,94.9100394966284,9,-3,9.486832980505138,1.1541159343680216,0.03484863370203741,189,368,217,280,297,195
1776754147.4258187,94.9100394966284,9,-3,9.486832980505138,1.1541159343680216,0.03484863370203741,189,368,217,280,297,195
1776754147.479621,94.9100394966284,9,-3,9.486832980505138,1.1541159343680216,0.03484863370203741,189,368,217,280,297,195
1776754147.536855,94.9100394966284,9,-3,9.486832980505138,1.1541159343680216,0.03484863370203741,189,368,217,280,297,195
1776754147.594112,94.9100394966284,9,-3,9.486832980505138,1.1541159343680216,0.03484863370203741,189,368,217,280,297,195
1776754147.651142,94.9100394966284,9,-3,9.486832980505138,1.1541159343680216,0.03484863370203741,189,368,217,280,297,195
1776754147.7084687,94.9100394966284,9,-3,9.486832980505138,1.1541159343680216,0.03484863370203741,189,368,217,280,297,195
1776754147.7663324,94.9100394966284,9,-3,9.486832980505138,1.1541159343680216,0.03484863370203741,189,368,217,280,297,195
1776754147.8197737,94.9100394966284,9,-3,9.486832980505138,1.1541159343680216,0.03484863370203741,189,368,217,280,297,195
1776754147.87696,94.9100394966284,9,-3,9.486832980505138,1.1541159343680216,0.03484863370203741,189,368,217,280,297,195
1776754147.9351566,94.9100394966284,9,-3,9.486832980505138,1.1541159343680216,0.03484863370203741,189,368,217,280,297,195
1776754147.9917393,94.9100394966284,9,-3,9.486832980505138,1.1541159343680216,0.03484863370203741,189,368,217,280,297,195
1776754148.04907,94.9100394966284,9,-3,9.486832980505138,1.1541159343680216,0.03484863370203741,189,368,217,280,297,195
1776754148.105708,94.9100394966284,9,-3,9.486832980505138,1.1541159343680216,0.03484863370203741,189,368,217,280,297,195
1776754148.1595438,94.9100394966284,9,-3,9.486832980505138,1.1541159343680216,0.03484863370203741,189,368,217,280,297,195
1776754148.2171662,94.9100394966284,9,-3,9.486832980505138,1.1541159343680216,0.03484863370203741,189,368,217,280,297,195
1776754148.2742014,94.9100394966284,9,-3,9.486832980505138,1.1541159343680216,0.03484863370203741,189,368,217,280,297,195
1776754148.3310435,94.9100394966284,9,-3,9.486832980505138,1.1541159343680216,0.03484863370203741,189,368,217,280,297,195
1776754148.388791,94.9100394966284,9,-3,9.486832980505138,1.1541159343680216,0.03484863370203741,189,368,217,280,297,195
1776754148.4460955,94.9100394966284,9,-3,9.486832980505138,1.1541159343680216,0.03484863370203741,189,368,217,280,297,195
1776754148.4995558,94.9100394966284,9,-3,9.486832980505138,1.1541159343680216,0.03484863370203741,189,368,217,280,297,195
1776754148.5568888,94.9100394966284,9,-3,9.486832980505138,1.1541159343680216,0.03484863370203741,189,368,217,280,297,195
1776754148.614298,94.9100394966284,9,-3,9.486832980505138,1.1541159343680216,0.03484863370203741,189,368,217,280,297,195
1776754148.6716516,94.9100394966284,10,-3,10.44030650891055,1.2701102808893614,0.03520705565418344,189,368,217,280,298,195
1776754148.7291484,94.9100394966284,10,-3,10.44030650891055,1.2701102808893614,0.03520705565418344,189,368,217,280,298,195
1776754148.7860363,94.9100394966284,10,-3,10.44030650891055,1.2701102808893614,0.03520705565418344,189,368,217,280,298,195
1776754148.8398976,94.9100394966284,10,-3,10.44030650891055,1.2701102808893614,0.03520705565418344,189,368,217,280,298,195
1776754148.8967063,94.9100394966284,10,-3,10.44030650891055,1.2701102808893614,0.03520705565418344,189,368,217,280,298,195
1776754148.955778,94.9100394966284,10,-3,10.44030650891055,1.2701102808893614,0.03520705565418344,189,368,217,280,298,195
1776754149.0108967,94.9100394966284,10,-3,10.44030650891055,1.2701102808893614,0.03520705565418344,189,368,217,280,298,195
1776754149.0681095,94.9100394966284,10,-3,10.44030650891055,1.2701102808893614,0.03520705565418344,189,368,217,280,298,195
1776754149.1216784,94.9100394966284,10,-3,10.44030650891055,1.2701102808893614,0.03520705565418344,189,368,217,280,298,195
1776754149.1793303,94.9100394966284,10,-3,10.44030650891055,1.2701102808893614,0.03520705565418344,189,368,217,280,298,195
1776754149.2363632,94.9100394966284,10,-3,10.44030650891055,1.2701102808893614,0.03520705565418344,189,368,217,280,298,195
1776754149.2942634,94.9100394966284,10,-3,10.44030650891055,1.2701102808893614,0.03520705565418344,189,368,217,280,298,195
1776754149.3515446,94.9100394966284,10,-3,10.44030650891055,1.2701102808893614,0.03520705565418344,189,368,217,280,298,195
1776754149.4090726,94.9100394966284,10,-3,10.44030650891055,1.2701102808893614,0.03520705565418344,189,368,217,280,298,195
1776754149.4620268,94.9100394966284,10,-3,10.44030650891055,1.2701102808893614,0.03520705565418344,189,368,217,280,298,195
1776754149.5193334,94.9100394966284,10,-3,10.44030650891055,1.2701102808893614,0.03520705565418344,189,368,217,280,298,195
1776754149.5769038,94.9100394966284,10,-3,10.44030650891055,1.2701102808893614,0.03520705565418344,189,368,217,280,298,195
1776754149.6334896,94.9100394966284,10,-3,10.44030650891055,1.2701102808893614,0.03520705565418344,189,368,217,280,298,195
1776754149.691271,94.9100394966284,10,-3,10.44030650891055,1.2701102808893614,0.03520705565418344,189,368,217,280,298,195
1776754149.748622,94.9100394966284,10,-3,10.44030650891055,1.2701102808893614,0.03520705565418344,189,368,217,280,298,195
1776754149.8016577,94.9100394966284,10,-3,10.44030650891055,1.2701102808893614,0.03520705565418344,189,368,217,280,298,195
1776754149.8599,94.9100394966284,10,-3,10.44030650891055,1.2701102808893614,0.03520705565418344,189,368,217,280,298,195
1776754149.9172266,94.9100394966284,10,-3,10.44030650891055,1.2701102808893614,0.03520705565418344,189,368,217,280,298,195
1776754149.974546,94.9100394966284,10,-3,10.44030650891055,1.2701102808893614,0.03520705565418344,189,368,217,280,298,195
1776754150.0307515,94.9100394966284,10,-3,10.44030650891055,1.2701102808893614,0.03520705565418344,189,368,217,280,298,195
1776754150.088592,94.9100394966284,10,-3,10.44030650891055,1.2701102808893614,0.03520705565418344,189,368,217,280,298,195
1776754150.1417437,94.9100394966284,10,-3,10.44030650891055,1.2701102808893614,0.03520705565418344,189,368,217,280,298,195
1776754150.1999702,94.9100394966284,10,-3,10.44030650891055,1.2701102808893614,0.03520705565418344,189,368,217,280,298,195
1776754150.2568977,94.9100394966284,10,-3,10.44030650891055,1.2701102808893614,0.03520705565418344,189,368,217,280,298,195
1776754150.313625,94.9100394966284,10,-3,10.44030650891055,1.2701102808893614,0.03520705565418344,189,368,217,280,298,195
1776754150.371147,94.9100394966284,10,-3,10.44030650891055,1.2701102808893614,0.03520705565418344,189,368,217,280,298,195
1776754150.4284182,94.9100394966284,10,-3,10.44030650891055,1.2701102808893614,0.03520705565418344,189,368,217,280,298,195
1776754150.4819145,94.9100394966284,10,-3,10.44030650891055,1.2701102808893614,0.03520705565418344,189,368,217,280,298,195
1776754150.538764,94.9100394966284,10,-3,10.44030650891055,1.2701102808893614,0.03520705565418344,189,368,217,280,298,195
1776754150.5965302,94.9100394966284,10,-3,10.44030650891055,1.2701102808893614,0.03520705565418344,189,368,217,280,298,195
1776754150.6541824,94.9100394966284,10,-3,10.44030650891055,1.2701102808893614,0.03520705565418344,189,368,217,280,298,195
1776754150.7106502,94.9100394966284,10,-3,10.44030650891055,1.2701102808893614,0.03520705565418344,189,368,217,280,298,195
1776754150.7647245,94.9100394966284,10,-3,10.44030650891055,1.2701102808893614,0.03520705565418344,189,368,217,280,298,195
1776754150.8218355,94.9100394966284,10,-3,10.44030650891055,1.2701102808893614,0.03520705565418344,189,368,217,280,298,195
1776754150.8789768,94.9100394966284,10,-3,10.44030650891055,1.2701102808893614,0.03520705565418344,189,368,217,280,298,195
1776754150.9364195,94.9100394966284,10,-3,10.44030650891055,1.2701102808893614,0.03520705565418344,189,368,217,280,298,195
1776754150.9938495,94.9100394966284,10,-3,10.44030650891055,1.2701102808893614,0.03520705565418344,189,368,217,280,298,195
1776754151.0512278,94.9100394966284,10,-3,10.44030650891055,1.2701102808893614,0.03520705565418344,189,368,217,280,298,195
1776754151.1042979,94.9100394966284,10,-3,10.44030650891055,1.2701102808893614,0.03520705565418344,189,368,217,280,298,195
1776754151.1616428,94.9100394966284,10,-3,10.44030650891055,1.2701102808893614,0.03520705565418344,189,368,217,280,298,195
1776754151.2191608,94.9100394966284,10,-3,10.44030650891055,1.2701102808893614,0.03520705565418344,189,368,217,280,298,195
1776754151.2758377,94.9100394966284,10,-3,10.44030650891055,1.2701102808893614,0.03520705565418344,189,368,217,280,298,195
1776754151.3332884,94.9100394966284,11,-3,11.40175425099138,1.387074726397978,0.03555645409294939,189,368,217,280,299,195
1776754151.390521,94.9100394966284,11,-3,11.40175425099138,1.387074726397978,0.03555645409294939,189,368,217,280,299,195
1776754151.4439802,94.9100394966284,11,-3,11.40175425099138,1.387074726397978,0.03555645409294939,189,368,217,280,299,195
1776754151.5015,94.9100394966284,11,-3,11.40175425099138,1.387074726397978,0.03555645409294939,189,368,217,280,299,195
1776754151.558606,94.9100394966284,11,-3,11.40175425099138,1.387074726397978,0.03555645409294939,189,368,217,280,299,195
1776754151.6159601,94.9100394966284,11,-3,11.40175425099138,1.387074726397978,0.03555645409294939,189,368,217,280,299,195
1776754151.6731858,94.9100394966284,11,-3,11.40175425099138,1.387074726397978,0.03555645409294939,189,368,217,280,299,195
1776754151.7306955,94.9100394966284,11,-3,11.40175425099138,1.387074726397978,0.03555645409294939,189,368,217,280,299,195
1776754151.784657,94.9100394966284,11,-3,11.40175425099138,1.387074726397978,0.03555645409294939,189,368,217,280,299,195
1776754151.8415284,94.9100394966284,11,-3,11.40175425099138,1.387074726397978,0.03555645409294939,189,368,217,280,299,195
1776754151.8991017,94.9100394966284,11,-3,11.40175425099138,1.387074726397978,0.03555645409294939,189,368,217,280,299,195
1776754151.9567168,94.9100394966284,11,-3,11.40175425099138,1.387074726397978,0.03555645409294939,189,368,217,280,299,195
1776754152.013598,94.9100394966284,11,-3,11.40175425099138,1.387074726397978,0.036213658370129326,189,368,217,279,299,195
1776754152.070864,94.9100394966284,11,-3,11.40175425099138,1.387074726397978,0.036213658370129326,189,368,217,279,299,195
1776754152.1238158,94.9100394966284,11,-3,11.40175425099138,1.387074726397978,0.036213658370129326,189,368,217,279,299,195
1776754152.1810617,94.9100394966284,11,-3,11.40175425099138,1.387074726397978,0.036213658370129326,189,368,217,279,299,195
1776754152.2384782,94.9100394966284,11,-3,11.40175425099138,1.387074726397978,0.036213658370129326,189,368,217,279,299,195
1776754152.295761,94.9100394966284,11,-3,11.40175425099138,1.387074726397978,0.036213658370129326,189,368,217,279,299,195
1776754152.353027,94.9100394966284,11,-3,11.40175425099138,1.387074726397978,0.036213658370129326,189,368,217,279,299,195
1776754152.4103885,94.9100394966284,11,-3,11.40175425099138,1.387074726397978,0.036213658370129326,189,368,217,279,299,195
1776754152.4641411,94.9100394966284,11,-3,11.40175425099138,1.387074726397978,0.036213658370129326,189,368,217,279,299,195
1776754152.5210674,94.9100394966284,11,-3,11.40175425099138,1.387074726397978,0.036213658370129326,189,368,217,279,299,195
1776754152.5783465,94.9100394966284,11,-3,11.40175425099138,1.387074726397978,0.036213658370129326,189,368,217,279,299,195
1776754152.6358407,94.9100394966284,11,-3,11.40175425099138,1.387074726397978,0.036213658370129326,189,368,217,279,299,195
1776754152.6930192,94.9100394966284,11,-3,11.40175425099138,1.387074726397978,0.036213658370129326,189,368,217,279,299,195
1776754152.7464674,94.9100394966284,11,-3,11.40175425099138,1.387074726397978,0.036213658370129326,189,368,217,279,299,195
1776754152.8037605,94.9100394966284,11,-3,11.40175425099138,1.387074726397978,0.036213658370129326,189,368,217,279,299,195
1776754152.8610406,94.9100394966284,11,-3,11.40175425099138,1.387074726397978,0.036213658370129326,189,368,217,279,299,195
1776754152.9183118,94.9100394966284,11,-3,11.40175425099138,1.387074726397978,0.036213658370129326,189,368,217,279,299,195
1776754152.9757447,94.9100394966284,11,-3,11.40175425099138,1.387074726397978,0.036213658370129326,189,368,217,279,299,195
1776754153.0329568,94.9100394966284,11,-3,11.40175425099138,1.387074726397978,0.036213658370129326,189,368,217,279,299,195
1776754153.086308,94.9100394966284,11,-3,11.40175425099138,1.387074726397978,0.036213658370129326,189,368,217,279,299,195
1776754153.1437933,94.9100394966284,11,-3,11.40175425099138,1.387074726397978,0.036213658370129326,189,368,217,279,299,195
1776754153.2009308,94.9100394966284,11,-3,11.40175425099138,1.387074726397978,0.036213658370129326,189,368,217,279,299,195
1776754153.2586021,94.9100394966284,11,-3,11.40175425099138,1.387074726397978,0.036213658370129326,189,368,217,279,299,195
1776754153.3163366,94.9100394966284,11,-3,11.40175425099138,1.387074726397978,0.036213658370129326,189,368,217,279,299,195
1776754153.373223,94.9100394966284,11,-3,11.40175425099138,1.387074726397978,0.036213658370129326,189,368,217,279,299,195
1776754153.4293666,94.9100394966284,11,-3,11.40175425099138,1.387074726397978,0.036213658370129326,189,368,217,279,299,195
1776754153.4836636,94.9100394966284,11,-3,11.40175425099138,1.387074726397978,0.036213658370129326,189,368,217,279,299,195
1776754153.54097,94.9100394966284,11,-3,11.40175425099138,1.387074726397978,0.036213658370129326,189,368,217,279,299,195
1776754153.5982494,94.9100394966284,11,-3,11.40175425099138,1.387074726397978,0.036213658370129326,189,368,217,279,299,195
1776754153.656005,94.9100394966284,11,-3,11.40175425099138,1.387074726397978,0.036213658370129326,189,368,217,279,299,195
1776754153.7132537,94.9100394966284,11,-3,11.40175425099138,1.387074726397978,0.036213658370129326,189,368,217,279,299,195
1776754153.7667532,94.9100394966284,12,-3,12.36931687685298,1.5047830750429416,0.03655058096841868,189,368,217,279,300,195
1776754153.8236406,94.9100394966284,12,-3,12.36931687685298,1.5047830750429416,0.03655058096841868,189,368,217,279,300,195
1776754153.8811283,94.9100394966284,12,-3,12.36931687685298,1.5047830750429416,0.03655058096841868,189,368,217,279,300,195
1776754153.938737,94.9100394966284,12,-3,12.36931687685298,1.5047830750429416,0.03655058096841868,189,368,217,279,300,195
1776754153.996145,94.9100394966284,12,-3,12.36931687685298,1.5047830750429416,0.03655058096841868,189,368,217,279,300,195
1776754154.053488,94.9100394966284,12,-3,12.36931687685298,1.5047830750429416,0.03655058096841868,189,368,217,279,300,195
1776754154.106611,94.9100394966284,12,-3,12.36931687685298,1.5047830750429416,0.03655058096841868,189,368,217,279,300,195
1776754154.163782,94.9100394966284,12,-3,12.36931687685298,1.5047830750429416,0.0353897241808095,189,368,218,279,300,195
1776754154.2215304,94.9100394966284,12,-3,12.36931687685298,1.5047830750429416,0.0353897241808095,189,368,218,279,300,195
1776754154.2789435,94.9100394966284,12,-3,12.36931687685298,1.5047830750429416,0.0353897241808095,189,368,218,279,300,195
1776754154.3358796,94.9100394966284,12,-3,12.36931687685298,1.5047830750429416,0.0353897241808095,189,368,218,279,300,195
1776754154.3893578,94.9100394966284,12,-3,12.36931687685298,1.5047830750429416,0.0353897241808095,189,368,218,279,300,195
1776754154.4464638,94.9100394966284,12,-3,12.36931687685298,1.5047830750429416,0.0353897241808095,189,368,218,279,300,195
1776754154.5038195,94.9100394966284,12,-3,12.36931687685298,1.5047830750429416,0.0353897241808095,189,368,218,279,300,195
1776754154.5610118,94.9100394966284,12,-3,12.36931687685298,1.5047830750429416,0.0353897241808095,189,368,218,279,300,195
1776754154.6184998,94.9100394966284,12,-3,12.36931687685298,1.5047830750429416,0.0353897241808095,189,368,218,279,300,195
1776754154.6779912,94.9100394966284,12,-3,12.36931687685298,1.5047830750429416,0.0353897241808095,189,368,218,279,300,195
1776754154.7289205,94.9100394966284,12,-3,12.36931687685298,1.5047830750429416,0.0353897241808095,189,368,218,279,300,195
1776754154.7867575,94.9100394966284,12,-3,12.36931687685298,1.5047830750429416,0.0353897241808095,189,368,218,279,300,195
1776754154.8439133,94.9100394966284,12,-4,12.649110640673518,1.538821245824029,0.034822178695003765,189,368,218,279,300,194
1776754154.9016376,94.9100394966284,12,-4,12.649110640673518,1.538821245824029,0.034822178695003765,189,368,218,279,300,194
1776754154.9589481,94.9100394966284,12,-4,12.649110640673518,1.538821245824029,0.034822178695003765,189,368,218,279,300,194
1776754155.0158656,94.9100394966284,12,-4,12.649110640673518,1.538821245824029,0.034822178695003765,189,368,218,279,300,194
1776754155.0696163,94.9100394966284,12,-4,12.649110640673518,1.538821245824029,0.034822178695003765,189,368,218,279,300,194
1776754155.126706,94.9100394966284,12,-4,12.649110640673518,1.538821245824029,0.034822178695003765,189,368,218,279,300,194
1776754155.18378,94.9100394966284,12,-4,12.649110640673518,1.538821245824029,0.03547914228255987,189,368,218,278,300,194
1776754155.2412267,94.9100394966284,12,-4,12.649110640673518,1.538821245824029,0.03547914228255987,189,368,218,278,300,194
1776754155.2981737,94.9100394966284,12,-4,12.649110640673518,1.538821245824029,0.03547914228255987,189,368,218,278,300,194
1776754155.3559093,94.9100394966284,12,-4,12.649110640673518,1.538821245824029,0.03547914228255987,189,368,218,278,300,194
1776754155.4093337,94.9100394966284,12,-4,12.649110640673518,1.538821245824029,0.03547914228255987,189,368,218,278,300,194
1776754155.4667153,94.9100394966284,12,-4,12.649110640673518,1.538821245824029,0.03547914228255987,189,368,218,278,300,194
1776754155.5234513,94.9100394966284,12,-4,12.649110640673518,1.538821245824029,0.03547914228255987,189,368,218,278,300,194
1776754155.5816033,94.9100394966284,12,-4,12.649110640673518,1.538821245824029,0.03547914228255987,189,368,218,278,300,194
1776754155.6384592,94.9100394966284,12,-4,12.649110640673518,1.538821245824029,0.03547914228255987,189,368,218,278,300,194
1776754155.695431,94.9100394966284,12,-4,12.649110640673518,1.538821245824029,0.03547914228255987,189,368,218,278,300,194
1776754155.749244,94.9100394966284,12,-4,12.649110640673518,1.538821245824029,0.03547914228255987,189,368,218,278,300,194
1776754155.8064356,94.9100394966284,12,-4,12.649110640673518,1.538821245824029,0.03547914228255987,189,368,218,278,300,194
1776754155.8633244,94.9100394966284,12,-4,12.649110640673518,1.538821245824029,0.03547914228255987,189,368,218,278,300,194
1776754155.9210386,94.9100394966284,12,-4,12.649110640673518,1.538821245824029,0.03547914228255987,189,368,218,278,300,194
1776754155.9781442,94.9100394966284,12,-4,12.649110640673518,1.538821245824029,0.03547914228255987,189,368,218,278,300,194
1776754156.0364866,94.9100394966284,13,-4,13.601470508735444,1.654680110551757,0.03581701478539606,189,368,218,278,301,194
1776754156.0892358,94.9100394966284,13,-4,13.601470508735444,1.654680110551757,0.03581701478539606,189,368,218,278,301,194
1776754156.1465657,94.9100394966284,13,-4,13.601470508735444,1.654680110551757,0.03581701478539606,189,368,218,278,301,194
1776754156.203265,94.9100394966284,13,-4,13.601470508735444,1.654680110551757,0.03581701478539606,189,368,218,278,301,194
1776754156.261501,94.9100394966284,13,-4,13.601470508735444,1.654680110551757,0.03581701478539606,189,368,218,278,301,194
1776754156.3190534,94.9100394966284,13,-4,13.601470508735444,1.654680110551757,0.03581701478539606,189,368,218,278,301,194
1776754156.3718894,94.9100394966284,13,-4,13.601470508735444,1.654680110551757,0.03581701478539606,189,368,218,278,301,194
1776754156.4293072,94.9100394966284,13,-4,13.601470508735444,1.654680110551757,0.03581701478539606,189,368,218,278,301,194
1776754156.4866898,94.9100394966284,13,-4,13.601470508735444,1.654680110551757,0.03581701478539606,189,368,218,278,301,194
1776754156.5433767,94.9100394966284,13,-4,13.601470508735444,1.654680110551757,0.03581701478539606,189,368,218,278,301,194
1776754156.6019127,94.9100394966284,13,-4,13.601470508735444,1.654680110551757,0.03581701478539606,189,368,218,278,301,194
1776754156.6582112,94.9100394966284,13,-4,13.601470508735444,1.654680110551757,0.03581701478539606,189,368,218,278,301,194
1776754156.7117312,94.9100394966284,13,-4,13.601470508735444,1.654680110551757,0.03581701478539606,189,368,218,278,301,194
1776754156.7689173,94.9100394966284,13,-4,13.601470508735444,1.654680110551757,0.03581701478539606,189,368,218,278,301,194
1776754156.8264675,94.9100394966284,13,-4,13.601470508735444,1.654680110551757,0.03581701478539606,189,368,218,278,301,194
1776754156.8837924,94.9100394966284,13,-4,13.601470508735444,1.654680110551757,0.03581701478539606,189,368,218,278,301,194
1776754156.9404671,94.9100394966284,13,-4,13.601470508735444,1.654680110551757,0.03581701478539606,189,368,218,278,301,194
1776754156.9978132,94.9100394966284,13,-4,13.601470508735444,1.654680110551757,0.03581701478539606,189,368,218,278,301,194
1776754157.051698,94.9100394966284,13,-4,13.601470508735444,1.654680110551757,0.03581701478539606,189,368,218,278,301,194
1776754157.1090238,94.9100394966284,13,-4,13.601470508735444,1.654680110551757,0.03581701478539606,189,368,218,278,301,194
1776754157.1669812,94.9100394966284,13,-4,13.601470508735444,1.654680110551757,0.03581701478539606,189,368,218,278,301,194
1776754157.223311,94.9100394966284,13,-4,13.601470508735444,1.654680110551757,0.03581701478539606,189,368,218,278,301,194
1776754157.2808635,94.9100394966284,13,-4,13.601470508735444,1.654680110551757,0.03581701478539606,189,368,218,278,301,194
1776754157.337846,94.9100394966284,13,-4,13.601470508735444,1.654680110551757,0.03581701478539606,189,368,218,278,301,194
1776754157.3912668,94.9100394966284,13,-4,13.601470508735444,1.654680110551757,0.03581701478539606,189,368,218,278,301,194
1776754157.4492173,94.9100394966284,13,-4,13.601470508735444,1.654680110551757,0.03581701478539606,189,368,218,278,301,194
1776754157.5091126,94.9100394966284,13,-4,13.601470508735444,1.654680110551757,0.03581701478539606,189,368,218,278,301,194
1776754157.5636714,94.9100394966284,13,-4,13.601470508735444,1.654680110551757,0.03581701478539606,189,368,218,278,301,194
1776754157.6209524,94.9100394966284,13,-4,13.601470508735444,1.654680110551757,0.03581701478539606,189,368,218,278,301,194
1776754157.6779206,94.9100394966284,13,-4,13.601470508735444,1.654680110551757,0.03467120113844236,189,368,219,278,301,194
1776754157.7315292,94.9100394966284,13,-4,13.601470508735444,1.654680110551757,0.03467120113844236,189,368,219,278,301,194
1776754157.7889848,94.9100394966284,13,-4,13.601470508735444,1.654680110551757,0.03467120113844236,189,368,219,278,301,194
1776754157.8463771,94.9100394966284,13,-4,13.601470508735444,1.654680110551757,0.03467120113844236,189,368,219,278,301,194
1776754157.9033275,94.9100394966284,13,-4,13.601470508735444,1.654680110551757,0.03467120113844236,189,368,219,278,301,194
1776754157.9610252,94.9100394966284,13,-4,13.601470508735444,1.654680110551757,0.03467120113844236,189,368,219,278,301,194
1776754158.0138204,94.9100394966284,14,-4,14.560219778561036,1.7713162747641162,0.03501185668100717,189,368,219,278,302,194
1776754158.071073,94.9100394966284,14,-4,14.560219778561036,1.7713162747641162,0.03501185668100717,189,368,219,278,302,194
1776754158.1283572,94.9100394966284,14,-4,14.560219778561036,1.7713162747641162,0.03501185668100717,189,368,219,278,302,194
1776754158.1857064,94.9100394966284,14,-4,14.560219778561036,1.7713162747641162,0.03501185668100717,189,368,219,278,302,194
1776754158.243333,94.9100394966284,14,-4,14.560219778561036,1.7713162747641162,0.03501185668100717,189,368,219,278,302,194
1776754158.3011227,94.9100394966284,14,-4,14.560219778561036,1.7713162747641162,0.03501185668100717,189,368,219,278,302,194
1776754158.354372,94.9100394966284,14,-4,14.560219778561036,1.7713162747641162,0.03501185668100717,189,368,219,278,302,194
1776754158.4110858,94.9100394966284,14,-4,14.560219778561036,1.7713162747641162,0.03501185668100717,189,368,219,278,302,194
1776754158.4689782,94.9100394966284,14,-4,14.560219778561036,1.7713162747641162,0.03501185668100717,189,368,219,278,302,194
1776754158.5267434,94.9100394966284,14,-4,14.560219778561036,1.7713162747641162,0.03501185668100717,189,368,219,278,302,194
1776754158.5833883,94.9100394966284,14,-4,14.560219778561036,1.7713162747641162,0.03501185668100717,189,368,219,278,302,194
1776754158.6404967,94.9100394966284,14,-4,14.560219778561036,1.7713162747641162,0.03501185668100717,189,368,219,278,302,194
1776754158.6940413,94.9100394966284,14,-4,14.560219778561036,1.7713162747641162,0.03501185668100717,189,368,219,278,302,194
1776754158.7513533,94.9100394966284,14,-4,14.560219778561036,1.7713162747641162,0.03501185668100717,189,368,219,278,302,194
1776754158.8087626,94.9100394966284,14,-4,14.560219778561036,1.7713162747641162,0.03501185668100717,189,368,219,278,302,194
1776754158.8660634,94.9100394966284,14,-4,14.560219778561036,1.7713162747641162,0.03501185668100717,189,368,219,278,302,194
1776754158.9231732,94.9100394966284,14,-4,14.560219778561036,1.7713162747641162,0.03501185668100717,189,368,219,278,302,194
1776754158.9807813,94.9100394966284,14,-4,14.560219778561036,1.7713162747641162,0.03567059064711417,189,368,219,277,302,194
1776754159.034017,94.9100394966284,14,-4,14.560219778561036,1.7713162747641162,0.03567059064711417,189,368,219,277,302,194
1776754159.0915747,94.9100394966284,14,-4,14.560219778561036,1.7713162747641162,0.03567059064711417,189,368,219,277,302,194
1776754159.14887,94.9100394966284,14,-4,14.560219778561036,1.7713162747641162,0.03567059064711417,189,368,219,277,302,194
1776754159.205844,94.9100394966284,14,-4,14.560219778561036,1.7713162747641162,0.03567059064711417,189,368,219,277,302,194
1776754159.263047,94.9100394966284,14,-4,14.560219778561036,1.7713162747641162,0.03567059064711417,189,368,219,277,302,194
1776754159.3168302,94.9100394966284,14,-4,14.560219778561036,1.7713162747641162,0.03567059064711417,189,368,219,277,302,194
1776754159.3747597,94.9100394966284,14,-4,14.560219778561036,1.7713162747641162,0.03567059064711417,189,368,219,277,302,194
1776754159.431249,94.9100394966284,14,-4,14.560219778561036,1.7713162747641162,0.03567059064711417,189,368,219,277,302,194
1776754159.4882221,94.9100394966284,14,-4,14.560219778561036,1.7713162747641162,0.03567059064711417,189,368,219,277,302,194
1776754159.5457206,94.9100394966284,14,-4,14.560219778561036,1.7713162747641162,0.03567059064711417,189,368,219,277,302,194
1776754159.6029387,94.9100394966284,14,-4,14.560219778561036,1.7713162747641162,0.03567059064711417,189,368,219,277,302,194
1776754159.656458,94.9100394966284,14,-4,14.560219778561036,1.7713162747641162,0.03567059064711417,189,368,219,277,302,194
1776754159.7133882,94.9100394966284,14,-4,14.560219778561036,1.7713162747641162,0.03567059064711417,189,368,219,277,302,194
1776754159.7713735,94.9100394966284,14,-4,14.560219778561036,1.7713162747641162,0.03567059064711417,189,368,219,277,302,194
1776754159.8285947,94.9100394966284,14,-4,14.560219778561036,1.7713162747641162,0.03567059064711417,189,368,219,277,302,194
1776754159.8859138,94.9100394966284,14,-4,14.560219778561036,1.7713162747641162,0.03567059064711417,189,368,219,277,302,194
1776754159.9433286,94.9100394966284,14,-4,14.560219778561036,1.7713162747641162,0.03567059064711417,189,368,219,277,302,194
1776754159.9967923,94.9100394966284,14,-4,14.560219778561036,1.7713162747641162,0.03567059064711417,189,368,219,277,302,194
1776754160.0540118,94.9100394966284,14,-4,14.560219778561036,1.7713162747641162,0.03567059064711417,189,368,219,277,302,194
1776754160.111801,94.9100394966284,14,-4,14.560219778561036,1.7713162747641162,0.03567059064711417,189,368,219,277,302,194
1776754160.1683733,94.9100394966284,14,-4,14.560219778561036,1.7713162747641162,0.03567059064711417,189,368,219,277,302,194
1776754160.225751,94.9100394966284,14,-4,14.560219778561036,1.7713162747641162,0.03567059064711417,189,368,219,277,302,194
1776754160.2826042,94.9100394966284,14,-4,14.560219778561036,1.7713162747641162,0.03567059064711417,189,368,219,277,302,194
1776754160.3360107,94.9100394966284,14,-4,14.560219778561036,1.7713162747641162,0.03567059064711417,189,368,219,277,302,194
1776754160.3934104,94.9100394966284,14,-4,14.560219778561036,1.7713162747641162,0.03567059064711417,189,368,219,277,302,194
1776754160.451217,94.9100394966284,15,-4,15.524174696260024,1.8885857294720223,0.03599883864030456,189,368,219,277,303,194
1776754160.5083823,94.9100394966284,15,-4,15.524174696260024,1.8885857294720223,0.03599883864030456,189,368,219,277,303,194
1776754160.5656035,94.9100394966284,15,-4,15.524174696260024,1.8885857294720223,0.03599883864030456,189,368,219,277,303,194
1776754160.6227198,94.9100394966284,15,-4,15.524174696260024,1.8885857294720223,0.03599883864030456,189,368,219,277,303,194
1776754160.6766107,94.9100394966284,15,-4,15.524174696260024,1.8885857294720223,0.03599883864030456,189,368,219,277,303,194
1776754160.7342865,94.9100394966284,15,-4,15.524174696260024,1.8885857294720223,0.03599883864030456,189,368,219,277,303,194
1776754160.7907422,94.9100394966284,15,-4,15.524174696260024,1.8885857294720223,0.03599883864030456,189,368,219,277,303,194
1776754160.848325,94.9100394966284,15,-4,15.524174696260024,1.8885857294720223,0.03599883864030456,189,368,219,277,303,194
1776754160.9055665,94.9100394966284,15,-5,15.811388300841896,1.923526557280036,0.03543429920153611,189,368,219,277,303,193
1776754160.963562,94.9100394966284,15,-5,15.811388300841896,1.923526557280036,0.03543429920153611,189,368,219,277,303,193
1776754161.016969,94.9100394966284,15,-5,15.811388300841896,1.923526557280036,0.03543429920153611,189,368,219,277,303,193
1776754161.073824,94.9100394966284,15,-5,15.811388300841896,1.923526557280036,0.03543429920153611,189,368,219,277,303,193
1776754161.1310194,94.9100394966284,15,-5,15.811388300841896,1.923526557280036,0.03543429920153611,189,368,219,277,303,193
1776754161.1881142,94.9100394966284,15,-5,15.811388300841896,1.923526557280036,0.03543429920153611,189,368,219,277,303,193
1776754161.2459555,94.9100394966284,15,-5,15.811388300841896,1.923526557280036,0.03543429920153611,189,368,219,277,303,193
1776754161.2990174,94.9100394966284,15,-5,15.811388300841896,1.923526557280036,0.03543429920153611,189,368,219,277,303,193
1776754161.3562899,94.9100394966284,15,-5,15.811388300841896,1.923526557280036,0.03543429920153611,189,368,219,277,303,193
1776754161.414131,94.9100394966284,15,-5,15.811388300841896,1.923526557280036,0.03543429920153611,189,368,219,277,303,193
1776754161.4712377,94.9100394966284,15,-5,15.811388300841896,1.923526557280036,0.03543429920153611,189,368,219,277,303,193
1776754161.5285423,94.9100394966284,15,-5,15.811388300841896,1.923526557280036,0.03543429920153611,189,368,219,277,303,193
1776754161.5856428,94.9100394966284,15,-5,15.811388300841896,1.923526557280036,0.03543429920153611,189,368,219,277,303,193
1776754161.6388474,94.9100394966284,15,-5,15.811388300841896,1.923526557280036,0.03543429920153611,189,368,219,277,303,193
1776754161.6976724,94.9100394966284,15,-5,15.811388300841896,1.923526557280036,0.03608108067600841,189,368,219,276,303,193
1776754161.7532625,94.9100394966284,15,-5,15.811388300841896,1.923526557280036,0.03608108067600841,189,368,219,276,303,193
1776754161.8110285,94.9100394966284,15,-5,15.811388300841896,1.923526557280036,0.03608108067600841,189,368,219,276,303,193
1776754161.8684413,94.9100394966284,15,-5,15.811388300841896,1.923526557280036,0.03608108067600841,189,368,219,276,303,193
1776754161.9256938,94.9100394966284,15,-5,15.811388300841896,1.923526557280036,0.03608108067600841,189,368,219,276,303,193
1776754161.9786477,94.9100394966284,15,-5,15.811388300841896,1.923526557280036,0.03608108067600841,189,368,219,276,303,193
1776754162.0363607,94.9100394966284,15,-5,15.811388300841896,1.923526557280036,0.03608108067600841,189,368,219,276,303,193
1776754162.0934494,94.9100394966284,15,-5,15.811388300841896,1.923526557280036,0.03608108067600841,189,368,219,276,303,193
1776754162.1515274,94.9100394966284,16,-5,16.76305461424021,2.039301047961096,0.0363989171940531,189,368,219,276,304,193
1776754162.20771,94.9100394966284,16,-5,16.76305461424021,2.039301047961096,0.0363989171940531,189,368,219,276,304,193
1776754162.264977,94.9100394966284,16,-5,16.76305461424021,2.039301047961096,0.0363989171940531,189,368,219,276,304,193
1776754162.318527,94.9100394966284,16,-5,16.76305461424021,2.039301047961096,0.0363989171940531,189,368,219,276,304,193
1776754162.3758817,94.9100394966284,16,-5,16.76305461424021,2.039301047961096,0.0363989171940531,189,368,219,276,304,193
1776754162.433133,94.9100394966284,16,-5,16.76305461424021,2.039301047961096,0.0363989171940531,189,368,219,276,304,193
1776754162.4909308,94.9100394966284,16,-5,16.76305461424021,2.039301047961096,0.0363989171940531,189,368,219,276,304,193
1776754162.54764,94.9100394966284,16,-5,16.76305461424021,2.039301047961096,0.0363989171940531,189,368,219,276,304,193
1776754162.6050875,94.9100394966284,16,-5,16.76305461424021,2.039301047961096,0.0363989171940531,189,368,219,276,304,193
1776754162.6585598,94.9100394966284,16,-5,16.76305461424021,2.039301047961096,0.0363989171940531,189,368,219,276,304,193
1776754162.7162304,94.9100394966284,16,-5,16.76305461424021,2.039301047961096,0.0363989171940531,189,368,219,276,304,193
1776754162.7735245,94.9100394966284,16,-5,16.76305461424021,2.039301047961096,0.0363989171940531,189,368,219,276,304,193
1776754162.8313665,94.9100394966284,16,-5,16.76305461424021,2.039301047961096,0.0363989171940531,189,368,219,276,304,193
1776754162.8882108,94.9100394966284,16,-5,16.76305461424021,2.039301047961096,0.0363989171940531,189,368,219,276,304,193
1776754162.9416575,94.9100394966284,16,-5,16.76305461424021,2.039301047961096,0.0363989171940531,189,368,219,276,304,193
1776754162.9988227,94.9100394966284,16,-5,16.76305461424021,2.039301047961096,0.0363989171940531,189,368,219,276,304,193
1776754163.0557883,94.9100394966284,16,-5,16.76305461424021,2.039301047961096,0.0363989171940531,189,368,219,276,304,193
1776754163.113394,94.9100394966284,16,-5,16.76305461424021,2.039301047961096,0.0363989171940531,189,368,219,276,304,193
1776754163.170731,94.9100394966284,16,-5,16.76305461424021,2.039301047961096,0.0363989171940531,189,368,219,276,304,193
1776754163.2280264,94.9100394966284,16,-5,16.76305461424021,2.039301047961096,0.0363989171940531,189,368,219,276,304,193
1776754163.2812686,94.9100394966284,16,-5,16.76305461424021,2.039301047961096,0.0363989171940531,189,368,219,276,304,193
1776754163.3387516,94.9100394966284,16,-5,16.76305461424021,2.039301047961096,0.0363989171940531,189,368,219,276,304,193
1776754163.3961065,94.9100394966284,16,-5,16.76305461424021,2.039301047961096,0.0363989171940531,189,368,219,276,304,193
1776754163.453001,94.9100394966284,16,-5,16.76305461424021,2.039301047961096,0.0363989171940531,189,368,219,276,304,193
1776754163.5107107,94.9100394966284,16,-5,16.76305461424021,2.039301047961096,0.0363989171940531,189,368,219,276,304,193
1776754163.567612,94.9100394966284,16,-5,16.76305461424021,2.039301047961096,0.0363989171940531,189,368,219,276,304,193
1776754163.6209466,94.9100394966284,17,-5,17.72004514666935,2.155723253852719,0.0367083431214381,189,368,219,276,305,193
1776754163.6787584,94.9100394966284,17,-5,17.72004514666935,2.155723253852719,0.0367083431214381,189,368,219,276,305,193
1776754163.736116,94.9100394966284,17,-5,17.72004514666935,2.155723253852719,0.0367083431214381,189,368,219,276,305,193
1776754163.7932715,94.9100394966284,17,-5,17.72004514666935,2.155723253852719,0.0367083431214381,189,368,219,276,305,193
1776754163.8501387,94.9100394966284,17,-5,17.72004514666935,2.155723253852719,0.0367083431214381,189,368,219,276,305,193
1776754163.9075541,94.9100394966284,17,-5,17.72004514666935,2.155723253852719,0.0367083431214381,189,368,219,276,305,193
1776754163.961232,94.9100394966284,17,-5,17.72004514666935,2.155723253852719,0.03562225616030306,189,368,220,276,305,193
1776754164.0186725,94.9100394966284,17,-5,17.72004514666935,2.155723253852719,0.03562225616030306,189,368,220,276,305,193
1776754164.0763204,94.9100394966284,17,-5,17.72004514666935,2.155723253852719,0.03562225616030306,189,368,220,276,305,193
1776754164.1335316,94.9100394966284,17,-5,17.72004514666935,2.155723253852719,0.03562225616030306,189,368,220,276,305,193
1776754164.1906068,94.9100394966284,17,-5,17.72004514666935,2.155723253852719,0.03562225616030306,189,368,220,276,305,193
1776754164.2484927,94.9100394966284,17,-5,17.72004514666935,2.155723253852719,0.03562225616030306,189,368,220,276,305,193
1776754164.301263,94.9100394966284,17,-5,17.72004514666935,2.155723253852719,0.03562225616030306,189,368,220,276,305,193
1776754164.3586156,94.9100394966284,17,-5,17.72004514666935,2.155723253852719,0.03562225616030306,189,368,220,276,305,193
1776754164.4173028,94.9100394966284,17,-5,17.72004514666935,2.155723253852719,0.03562225616030306,189,368,220,276,305,193
1776754164.4736998,94.9100394966284,17,-5,17.72004514666935,2.155723253852719,0.03562225616030306,189,368,220,276,305,193
1776754164.5305407,94.9100394966284,17,-5,17.72004514666935,2.155723253852719,0.03562225616030306,189,368,220,276,305,193
1776754164.583994,94.9100394966284,17,-5,17.72004514666935,2.155723253852719,0.03562225616030306,189,368,220,276,305,193
1776754164.6412742,94.9100394966284,17,-5,17.72004514666935,2.155723253852719,0.03562225616030306,189,368,220,276,305,193
1776754164.6984794,94.9100394966284,17,-5,17.72004514666935,2.155723253852719,0.03562225616030306,189,368,220,276,305,193
1776754164.7559388,94.9100394966284,17,-5,17.72004514666935,2.155723253852719,0.03562225616030306,189,368,220,276,305,193
1776754164.8126354,94.9100394966284,17,-5,17.72004514666935,2.155723253852719,0.036270259276026395,189,368,220,275,305,193
1776754164.8699849,94.9100394966284,17,-5,17.72004514666935,2.155723253852719,0.036270259276026395,189,368,220,275,305,193
1776754164.9237323,94.9100394966284,17,-5,17.72004514666935,2.155723253852719,0.036270259276026395,189,368,220,275,305,193
1776754164.9813027,94.9100394966284,17,-5,17.72004514666935,2.155723253852719,0.036270259276026395,189,368,220,275,305,193
1776754165.0392487,94.9100394966284,17,-5,17.72004514666935,2.155723253852719,0.036270259276026395,189,368,220,275,305,193
1776754165.0961099,94.9100394966284,17,-5,17.72004514666935,2.155723253852719,0.036270259276026395,189,368,220,275,305,193
1776754165.1529963,94.9100394966284,17,-5,17.72004514666935,2.155723253852719,0.036270259276026395,189,368,220,275,305,193
1776754165.210396,94.9100394966284,17,-5,17.72004514666935,2.155723253852719,0.036270259276026395,189,368,220,275,305,193
1776754165.2635894,94.9100394966284,17,-5,17.72004514666935,2.155723253852719,0.036270259276026395,189,368,220,275,305,193
1776754165.3209453,94.9100394966284,17,-5,17.72004514666935,2.155723253852719,0.036270259276026395,189,368,220,275,305,193
1776754165.378229,94.9100394966284,17,-5,17.72004514666935,2.155723253852719,0.036270259276026395,189,368,220,275,305,193
1776754165.4359016,94.9100394966284,17,-5,17.72004514666935,2.155723253852719,0.036270259276026395,189,368,220,275,305,193
1776754165.4929245,94.9100394966284,17,-5,17.72004514666935,2.155723253852719,0.036270259276026395,189,368,220,275,305,193
1776754165.5503066,94.9100394966284,18,-5,18.681541692269406,2.2726936365291244,0.03657856433879732,189,368,220,275,306,193
1776754165.603828,94.9100394966284,18,-5,18.681541692269406,2.2726936365291244,0.03657856433879732,189,368,220,275,306,193
1776754165.660917,94.9100394966284,18,-5,18.681541692269406,2.2726936365291244,0.03657856433879732,189,368,220,275,306,193
1776754165.71874,94.9100394966284,18,-5,18.681541692269406,2.2726936365291244,0.03657856433879732,189,368,220,275,306,193
1776754165.7753096,94.9100394966284,18,-5,18.681541692269406,2.2726936365291244,0.03657856433879732,189,368,220,275,306,193
1776754165.8332999,94.9100394966284,18,-5,18.681541692269406,2.2726936365291244,0.03657856433879732,189,368,220,275,306,193
1776754165.8904257,94.9100394966284,18,-5,18.681541692269406,2.2726936365291244,0.03657856433879732,189,368,220,275,306,193
1776754165.9437733,94.9100394966284,18,-5,18.681541692269406,2.2726936365291244,0.03657856433879732,189,368,220,275,306,193
1776754166.0012887,94.9100394966284,18,-5,18.681541692269406,2.2726936365291244,0.03657856433879732,189,368,220,275,306,193
1776754166.058461,94.9100394966284,18,-5,18.681541692269406,2.2726936365291244,0.03657856433879732,189,368,220,275,306,193
1776754166.116106,94.9100394966284,18,-5,18.681541692269406,2.2726936365291244,0.03657856433879732,189,368,220,275,306,193
1776754166.1733341,94.9100394966284,18,-5,18.681541692269406,2.2726936365291244,0.03657856433879732,189,368,220,275,306,193
1776754166.2303271,94.9100394966284,18,-5,18.681541692269406,2.2726936365291244,0.03657856433879732,189,368,220,275,306,193
1776754166.2836342,94.9100394966284,18,-5,18.681541692269406,2.2726936365291244,0.03657856433879732,189,368,220,275,306,193
1776754166.3410163,94.9100394966284,18,-5,18.681541692269406,2.2726936365291244,0.03657856433879732,189,368,220,275,306,193
1776754166.3982313,94.9100394966284,18,-5,18.681541692269406,2.2726936365291244,0.03657856433879732,189,368,220,275,306,193
1776754166.4559522,94.9100394966284,18,-5,18.681541692269406,2.2726936365291244,0.03657856433879732,189,368,220,275,306,193
1776754166.5126936,94.9100394966284,18,-5,18.681541692269406,2.2726936365291244,0.03657856433879732,189,368,220,275,306,193
1776754166.5676322,94.9100394966284,18,-5,18.681541692269406,2.2726936365291244,0.03657856433879732,189,368,220,275,306,193
1776754166.6237643,94.9100394966284,18,-5,18.681541692269406,2.2726936365291244,0.03657856433879732,189,368,220,275,306,193
1776754166.681425,94.9100394966284,18,-5,18.681541692269406,2.2726936365291244,0.03657856433879732,189,368,220,275,306,193
1776754166.7381814,94.9100394966284,18,-5,18.681541692269406,2.2726936365291244,0.03657856433879732,189,368,220,275,306,193
1776754166.7954798,94.9100394966284,18,-5,18.681541692269406,2.2726936365291244,0.03657856433879732,189,368,220,275,306,193
1776754166.8529482,94.9100394966284,18,-5,18.681541692269406,2.2726936365291244,0.03657856433879732,189,368,220,275,306,193
1776754166.9063435,94.9100394966284,18,-5,18.681541692269406,2.2726936365291244,0.03657856433879732,189,368,220,275,306,193
1776754166.9638894,94.9100394966284,18,-5,18.681541692269406,2.2726936365291244,0.03657856433879732,189,368,220,275,306,193
1776754167.020502,94.9100394966284,18,-5,18.681541692269406,2.2726936365291244,0.03657856433879732,189,368,220,275,306,193
1776754167.0777738,94.9100394966284,18,-5,18.681541692269406,2.2726936365291244,0.03657856433879732,189,368,220,275,306,193
1776754167.135108,94.9100394966284,18,-5,18.681541692269406,2.2726936365291244,0.03657856433879732,189,368,220,275,306,193
1776754167.1929832,94.9100394966284,18,-6,18.973665961010276,2.3082318687360432,0.036017707792139635,189,368,220,275,306,192
1776754167.2458112,94.9100394966284,18,-6,18.973665961010276,2.3082318687360432,0.036017707792139635,189,368,220,275,306,192
1776754167.3034747,94.9100394966284,18,-6,18.973665961010276,2.3082318687360432,0.036017707792139635,189,368,220,275,306,192
1776754167.36079,94.9100394966284,18,-6,18.973665961010276,2.3082318687360432,0.036017707792139635,189,368,220,275,306,192
1776754167.4178526,94.9100394966284,18,-6,18.973665961010276,2.3082318687360432,0.036017707792139635,189,368,220,275,306,192
1776754167.4772086,94.9100394966284,18,-6,18.973665961010276,2.3082318687360432,0.036017707792139635,189,368,220,275,306,192
1776754167.5328836,94.9100394966284,19,-6,19.924858845171276,2.4239487646193765,0.03631989085953906,189,368,220,275,307,192
1776754167.5861762,94.9100394966284,19,-6,19.924858845171276,2.4239487646193765,0.03631989085953906,189,368,220,275,307,192
1776754167.6435978,94.9100394966284,19,-6,19.924858845171276,2.4239487646193765,0.03631989085953906,189,368,220,275,307,192
1776754167.701315,94.9100394966284,19,-6,19.924858845171276,2.4239487646193765,0.03631989085953906,189,368,220,275,307,192
1776754167.8078277,94.9100394966284,19,-6,19.924858845171276,2.4239487646193765,0.03631989085953906,189,368,220,275,307,192
1776754167.8723786,94.9100394966284,19,-6,19.924858845171276,2.4239487646193765,0.03631989085953906,189,368,220,275,307,192
1776754167.9261713,94.9100394966284,19,-6,19.924858845171276,2.4239487646193765,0.03631989085953906,189,368,220,275,307,192
1776754167.9835124,94.9100394966284,19,-6,19.924858845171276,2.4239487646193765,0.03631989085953906,189,368,220,275,307,192
1776754168.041266,94.9100394966284,19,-6,19.924858845171276,2.4239487646193765,0.03631989085953906,189,368,220,275,307,192
1776754168.0985122,94.9100394966284,19,-6,19.924858845171276,2.4239487646193765,0.03631989085953906,189,368,220,275,307,192
1776754168.1550577,94.9100394966284,19,-6,19.924858845171276,2.4239487646193765,0.03631989085953906,189,368,220,275,307,192
1776754168.2130377,94.9100394966284,19,-6,19.924858845171276,2.4239487646193765,0.03695229158969234,189,368,220,274,307,192
1776754168.266117,94.9100394966284,19,-6,19.924858845171276,2.4239487646193765,0.03695229158969234,189,368,220,274,307,192
1776754168.323998,94.9100394966284,19,-6,19.924858845171276,2.4239487646193765,0.03695229158969234,189,368,220,274,307,192
1776754168.380937,94.9100394966284,19,-6,19.924858845171276,2.4239487646193765,0.03695229158969234,189,368,220,274,307,192
1776754168.4381182,94.9100394966284,19,-6,19.924858845171276,2.4239487646193765,0.03695229158969234,189,368,220,274,307,192
1776754168.4948905,94.9100394966284,19,-6,19.924858845171276,2.4239487646193765,0.03695229158969234,189,368,220,274,307,192
1776754168.5488975,94.9100394966284,19,-6,19.924858845171276,2.4239487646193765,0.03695229158969234,189,368,220,274,307,192
1776754168.606336,94.9100394966284,19,-6,19.924858845171276,2.4239487646193765,0.035901738523566776,189,368,221,274,307,192
1776754168.6637294,94.9100394966284,19,-6,19.924858845171276,2.4239487646193765,0.035901738523566776,189,368,221,274,307,192
1776754168.7209184,94.9100394966284,19,-6,19.924858845171276,2.4239487646193765,0.035901738523566776,189,368,221,274,307,192
1776754168.7780833,94.9100394966284,19,-6,19.924858845171276,2.4239487646193765,0.035901738523566776,189,368,221,274,307,192
1776754168.8350794,94.9100394966284,19,-6,19.924858845171276,2.4239487646193765,0.035901738523566776,189,368,221,274,307,192
1776754168.8888955,94.9100394966284,19,-6,19.924858845171276,2.4239487646193765,0.035901738523566776,189,368,221,274,307,192
1776754168.9460444,94.9100394966284,19,-6,19.924858845171276,2.4239487646193765,0.035901738523566776,189,368,221,274,307,192
1776754169.0031888,94.9100394966284,19,-6,19.924858845171276,2.4239487646193765,0.035901738523566776,189,368,221,274,307,192
1776754169.0607133,94.9100394966284,19,-6,19.924858845171276,2.4239487646193765,0.035901738523566776,189,368,221,274,307,192
1776754169.1176612,94.9100394966284,19,-6,19.924858845171276,2.4239487646193765,0.035901738523566776,189,368,221,274,307,192
1776754169.1755083,94.9100394966284,20,-6,20.8806130178211,2.540220561778723,0.03620271896689207,189,368,221,274,308,192
1776754169.2288606,94.9100394966284,20,-6,20.8806130178211,2.540220561778723,0.03620271896689207,189,368,221,274,308,192
1776754169.285658,94.9100394966284,20,-6,20.8806130178211,2.540220561778723,0.03620271896689207,189,368,221,274,308,192
1776754169.3427796,94.9100394966284,20,-6,20.8806130178211,2.540220561778723,0.03620271896689207,189,368,221,274,308,192
1776754169.4003458,94.9100394966284,20,-6,20.8806130178211,2.540220561778723,0.03620271896689207,189,368,221,274,308,192
1776754169.457797,94.9100394966284,20,-6,20.8806130178211,2.540220561778723,0.03620271896689207,189,368,221,274,308,192
1776754169.5153308,94.9100394966284,20,-6,20.8806130178211,2.540220561778723,0.03620271896689207,189,368,221,274,308,192
1776754169.5684314,94.9100394966284,20,-6,20.8806130178211,2.540220561778723,0.03620271896689207,189,368,221,274,308,192
1776754169.6257784,94.9100394966284,20,-6,20.8806130178211,2.540220561778723,0.03620271896689207,189,368,221,274,308,192
1776754169.6835537,94.9100394966284,20,-6,20.8806130178211,2.540220561778723,0.03620271896689207,189,368,221,274,308,192
1776754169.7401254,94.9100394966284,20,-6,20.8806130178211,2.540220561778723,0.03620271896689207,189,368,221,274,308,192
1776754169.7978628,94.9100394966284,20,-6,20.8806130178211,2.540220561778723,0.03620271896689207,189,368,221,274,308,192
1776754169.854767,94.9100394966284,20,-6,20.8806130178211,2.540220561778723,0.03620271896689207,189,368,221,274,308,192
1776754169.9085593,94.9100394966284,20,-6,20.8806130178211,2.540220561778723,0.03620271896689207,189,368,221,274,308,192
1776754169.9654164,94.9100394966284,20,-6,20.8806130178211,2.540220561778723,0.03620271896689207,189,368,221,274,308,192
1776754170.0232096,94.9100394966284,20,-6,20.8806130178211,2.540220561778723,0.03620271896689207,189,368,221,274,308,192
1776754170.0799668,94.9100394966284,20,-6,20.8806130178211,2.540220561778723,0.03620271896689207,189,368,221,274,308,192
1776754170.137293,94.9100394966284,20,-6,20.8806130178211,2.540220561778723,0.03620271896689207,189,368,221,274,308,192
1776754170.1907938,94.9100394966284,20,-6,20.8806130178211,2.540220561778723,0.03620271896689207,189,368,221,274,308,192
1776754170.2480292,94.9100394966284,20,-6,20.8806130178211,2.540220561778723,0.03620271896689207,189,368,221,274,308,192
1776754170.3053966,94.9100394966284,20,-6,20.8806130178211,2.540220561778723,0.03620271896689207,189,368,221,274,308,192
1776754170.3626258,94.9100394966284,20,-6,20.8806130178211,2.540220561778723,0.03620271896689207,189,368,221,274,308,192
1776754170.419978,94.9100394966284,20,-6,20.8806130178211,2.540220561778723,0.03620271896689207,189,368,221,274,308,192
1776754170.4780526,94.9100394966284,20,-6,20.8806130178211,2.540220561778723,0.03620271896689207,189,368,221,274,308,192
1776754170.530741,94.9100394966284,20,-6,20.8806130178211,2.540220561778723,0.03620271896689207,189,368,221,274,308,192
1776754170.588365,94.9100394966284,20,-6,20.8806130178211,2.540220561778723,0.03620271896689207,189,368,221,274,308,192
1776754170.6458228,94.9100394966284,20,-6,20.8806130178211,2.540220561778723,0.03620271896689207,189,368,221,274,308,192
1776754170.7032475,94.9100394966284,20,-6,20.8806130178211,2.540220561778723,0.03620271896689207,189,368,221,274,308,192
1776754170.7609248,94.9100394966284,20,-6,20.8806130178211,2.540220561778723,0.036839671372295685,189,368,221,273,308,192
1776754170.8175912,94.9100394966284,21,-6,21.840329667841555,2.6569744121461745,0.0371286027751363,189,368,221,273,309,192
1776754170.8711064,94.9100394966284,21,-6,21.840329667841555,2.6569744121461745,0.0371286027751363,189,368,221,273,309,192
1776754170.9278948,94.9100394966284,21,-6,21.840329667841555,2.6569744121461745,0.0371286027751363,189,368,221,273,309,192
1776754170.9852295,94.9100394966284,21,-6,21.840329667841555,2.6569744121461745,0.0371286027751363,189,368,221,273,309,192
1776754171.0429852,94.9100394966284,21,-6,21.840329667841555,2.6569744121461745,0.0371286027751363,189,368,221,273,309,192
1776754171.1002367,94.9100394966284,21,-6,21.840329667841555,2.6569744121461745,0.0371286027751363,189,368,221,273,309,192
1776754171.157898,94.9100394966284,21,-6,21.840329667841555,2.6569744121461745,0.0371286027751363,189,368,221,273,309,192
1776754171.2114546,94.9100394966284,21,-6,21.840329667841555,2.6569744121461745,0.0371286027751363,189,368,221,273,309,192
1776754171.2681837,94.9100394966284,21,-6,21.840329667841555,2.6569744121461745,0.0371286027751363,189,368,221,273,309,192
1776754171.3257525,94.9100394966284,21,-6,21.840329667841555,2.6569744121461745,0.0371286027751363,189,368,221,273,309,192
1776754171.3830037,94.9100394966284,21,-6,21.840329667841555,2.6569744121461745,0.0371286027751363,189,368,221,273,309,192
1776754171.4397986,94.9100394966284,21,-6,21.840329667841555,2.6569744121461745,0.0371286027751363,189,368,221,273,309,192
1776754171.4974003,94.9100394966284,21,-6,21.840329667841555,2.6569744121461745,0.0371286027751363,189,368,221,273,309,192
1776754171.5504205,94.9100394966284,21,-6,21.840329667841555,2.6569744121461745,0.0371286027751363,189,368,221,273,309,192
1776754171.6077876,94.9100394966284,21,-6,21.840329667841555,2.6569744121461745,0.0371286027751363,189,368,221,273,309,192
1776754171.6651645,94.9100394966284,21,-6,21.840329667841555,2.6569744121461745,0.0371286027751363,189,368,221,273,309,192
1776754171.7224753,94.9100394966284,21,-6,21.840329667841555,2.6569744121461745,0.0371286027751363,189,368,221,273,309,192
1776754171.7803392,94.9100394966284,21,-6,21.840329667841555,2.6569744121461745,0.0371286027751363,189,368,221,273,309,192
1776754171.8331428,94.9100394966284,21,-6,21.840329667841555,2.6569744121461745,0.0371286027751363,189,368,221,273,309,192
1776754171.8904164,94.9100394966284,21,-6,21.840329667841555,2.6569744121461745,0.0371286027751363,189,368,221,273,309,192
1776754171.9482806,94.9100394966284,21,-6,21.840329667841555,2.6569744121461745,0.0371286027751363,189,368,221,273,309,192
1776754172.005632,94.9100394966284,21,-6,21.840329667841555,2.6569744121461745,0.0371286027751363,189,368,221,273,309,192
1776754172.0645819,94.9100394966284,21,-6,21.840329667841555,2.6569744121461745,0.0371286027751363,189,368,221,273,309,192
1776754172.1205657,94.9100394966284,21,-6,21.840329667841555,2.6569744121461745,0.03610133946408122,189,368,222,273,309,192
1776754172.1738548,94.9100394966284,21,-6,21.840329667841555,2.6569744121461745,0.03610133946408122,189,368,222,273,309,192
1776754172.2309322,94.9100394966284,21,-6,21.840329667841555,2.6569744121461745,0.03610133946408122,189,368,222,273,309,192
1776754172.2880943,94.9100394966284,21,-6,21.840329667841555,2.6569744121461745,0.03610133946408122,189,368,222,273,309,192
1776754172.3452017,94.9100394966284,21,-6,21.840329667841555,2.6569744121461745,0.03610133946408122,189,368,222,273,309,192
1776754172.4032462,94.9100394966284,21,-6,21.840329667841555,2.6569744121461745,0.03610133946408122,189,368,222,273,309,192
1776754172.4600337,94.9100394966284,21,-6,21.840329667841555,2.6569744121461745,0.03610133946408122,189,368,222,273,309,192
1776754172.514047,94.9100394966284,21,-6,21.840329667841555,2.6569744121461745,0.03610133946408122,189,368,222,273,309,192
1776754172.5710053,94.9100394966284,22,-6,22.80350850198276,2.774149452795956,0.03639286743421286,189,368,222,273,310,192
1776754172.628289,94.9100394966284,22,-6,22.80350850198276,2.774149452795956,0.03639286743421286,189,368,222,273,310,192
1776754172.6860948,94.9100394966284,22,-6,22.80350850198276,2.774149452795956,0.03639286743421286,189,368,222,273,310,192
1776754172.742973,94.9100394966284,22,-6,22.80350850198276,2.774149452795956,0.03639286743421286,189,368,222,273,310,192
1776754172.7999215,94.9100394966284,22,-6,22.80350850198276,2.774149452795956,0.03639286743421286,189,368,222,273,310,192
1776754172.8532486,94.9100394966284,22,-6,22.80350850198276,2.774149452795956,0.03639286743421286,189,368,222,273,310,192
1776754172.9113245,94.9100394966284,22,-6,22.80350850198276,2.774149452795956,0.03639286743421286,189,368,222,273,310,192
1776754172.9680488,94.9100394966284,22,-6,22.80350850198276,2.774149452795956,0.03639286743421286,189,368,222,273,310,192
1776754173.0258155,94.9100394966284,22,-6,22.80350850198276,2.774149452795956,0.03639286743421286,189,368,222,273,310,192
1776754173.082769,94.9100394966284,22,-6,22.80350850198276,2.774149452795956,0.03639286743421286,189,368,222,273,310,192
1776754173.1401215,94.9100394966284,22,-6,22.80350850198276,2.774149452795956,0.03639286743421286,189,368,222,273,310,192
1776754173.193054,94.9100394966284,22,-6,22.80350850198276,2.774149452795956,0.03639286743421286,189,368,222,273,310,192
1776754173.2508342,94.9100394966284,22,-6,22.80350850198276,2.774149452795956,0.03639286743421286,189,368,222,273,310,192
1776754173.3082788,94.9100394966284,22,-6,22.80350850198276,2.774149452795956,0.03639286743421286,189,368,222,273,310,192
1776754173.3652253,94.9100394966284,22,-6,22.80350850198276,2.774149452795956,0.03639286743421286,189,368,222,273,310,192
1776754173.4225757,94.9100394966284,22,-6,22.80350850198276,2.774149452795956,0.03639286743421286,189,368,222,273,310,192
1776754173.4801588,94.9100394966284,22,-6,22.80350850198276,2.774149452795956,0.03639286743421286,189,368,222,273,310,192
1776754173.5340471,94.9100394966284,22,-6,22.80350850198276,2.774149452795956,0.03639286743421286,189,368,222,273,310,192
1776754173.5908778,94.9100394966284,22,-6,22.80350850198276,2.774149452795956,0.03639286743421286,189,368,222,273,310,192
1776754173.6483161,94.9100394966284,22,-6,22.80350850198276,2.774149452795956,0.03639286743421286,189,368,222,273,310,192
1776754173.7048507,94.9100394966284,22,-6,22.80350850198276,2.774149452795956,0.03639286743421286,189,368,222,273,310,192
1776754173.7626095,94.9100394966284,22,-6,22.80350850198276,2.774149452795956,0.03639286743421286,189,368,222,273,310,192
1776754173.8154593,94.9100394966284,22,-7,23.08679276123039,2.808612258057225,0.03583889747107024,189,368,222,273,310,191
1776754173.8728273,94.9100394966284,22,-7,23.08679276123039,2.808612258057225,0.03583889747107024,189,368,222,273,310,191
1776754173.930596,94.9100394966284,22,-7,23.08679276123039,2.808612258057225,0.03583889747107024,189,368,222,273,310,191
1776754173.9875696,94.9100394966284,22,-7,23.08679276123039,2.808612258057225,0.03583889747107024,189,368,222,273,310,191
1776754174.045987,94.9100394966284,22,-7,23.08679276123039,2.808612258057225,0.03583889747107024,189,368,222,273,310,191
1776754174.1026573,94.9100394966284,22,-7,23.08679276123039,2.808612258057225,0.03583889747107024,189,368,222,273,310,191
1776754174.1560395,94.9100394966284,22,-7,23.08679276123039,2.808612258057225,0.03583889747107024,189,368,222,273,310,191
1776754174.213405,94.9100394966284,22,-7,23.08679276123039,2.808612258057225,0.03583889747107024,189,368,222,273,310,191
1776754174.2710462,94.9100394966284,22,-7,23.08679276123039,2.808612258057225,0.03583889747107024,189,368,222,273,310,191
1776754174.3281944,94.9100394966284,22,-7,23.08679276123039,2.808612258057225,0.03583889747107024,189,368,222,273,310,191
1776754174.3851995,94.9100394966284,22,-7,23.08679276123039,2.808612258057225,0.03647107972401098,189,368,222,272,310,191
1776754174.442491,94.9100394966284,22,-7,23.08679276123039,2.808612258057225,0.03647107972401098,189,368,222,272,310,191
1776754174.4954944,94.9100394966284,23,-7,24.041630560342615,2.9247725742509263,0.036753063313442434,189,368,222,272,311,191
1776754174.5531657,94.9100394966284,23,-7,24.041630560342615,2.9247725742509263,0.036753063313442434,189,368,222,272,311,191
1776754174.61055,94.9100394966284,23,-7,24.041630560342615,2.9247725742509263,0.036753063313442434,189,368,222,272,311,191
1776754174.667838,94.9100394966284,23,-7,24.041630560342615,2.9247725742509263,0.036753063313442434,189,368,222,272,311,191
1776754174.7253625,94.9100394966284,23,-7,24.041630560342615,2.9247725742509263,0.036753063313442434,189,368,222,272,311,191
1776754174.7828655,94.9100394966284,23,-7,24.041630560342615,2.9247725742509263,0.036753063313442434,189,368,222,272,311,191
1776754174.8359926,94.9100394966284,23,-7,24.041630560342615,2.9247725742509263,0.036753063313442434,189,368,222,272,311,191
1776754174.8926697,94.9100394966284,23,-7,24.041630560342615,2.9247725742509263,0.036753063313442434,189,368,222,272,311,191
1776754174.9511034,94.9100394966284,23,-7,24.041630560342615,2.9247725742509263,0.036753063313442434,189,368,222,272,311,191
1776754175.007654,94.9100394966284,23,-7,24.041630560342615,2.9247725742509263,0.036753063313442434,189,368,222,272,311,191
1776754175.0654035,94.9100394966284,23,-7,24.041630560342615,2.9247725742509263,0.036753063313442434,189,368,222,272,311,191
1776754175.1189187,94.9100394966284,23,-7,24.041630560342615,2.9247725742509263,0.036753063313442434,189,368,222,272,311,191
1776754175.1758966,94.9100394966284,23,-7,24.041630560342615,2.9247725742509263,0.036753063313442434,189,368,222,272,311,191
1776754175.2332137,94.9100394966284,23,-7,24.041630560342615,2.9247725742509263,0.036753063313442434,189,368,222,272,311,191
1776754175.2902267,94.9100394966284,23,-7,24.041630560342615,2.9247725742509263,0.036753063313442434,189,368,222,272,311,191
1776754175.3480134,94.9100394966284,23,-7,24.041630560342615,2.9247725742509263,0.036753063313442434,189,368,222,272,311,191
1776754175.4056249,94.9100394966284,23,-7,24.041630560342615,2.9247725742509263,0.03603334638061326,188,368,222,272,311,191
1776754175.45856,94.9100394966284,23,-7,24.041630560342615,2.9247725742509263,0.03603334638061326,188,368,222,272,311,191
1776754175.5159323,94.9100394966284,23,-7,24.041630560342615,2.9247725742509263,0.03603334638061326,188,368,222,272,311,191
1776754175.5732458,94.9100394966284,23,-7,24.041630560342615,2.9247725742509263,0.03603334638061326,188,368,222,272,311,191
1776754175.6303735,94.9100394966284,23,-7,24.041630560342615,2.9247725742509263,0.03603334638061326,188,368,222,272,311,191
1776754175.687723,94.9100394966284,23,-7,24.041630560342615,2.9247725742509263,0.03603334638061326,188,368,222,272,311,191
1776754175.7445302,94.9100394966284,23,-7,24.041630560342615,2.9247725742509263,0.03603334638061326,188,368,222,272,311,191
1776754175.797921,94.9100394966284,24,-7,25.0,3.041362530413625,0.03631009054002234,188,368,222,272,312,191
1776754175.8555038,94.9100394966284,24,-7,25.0,3.041362530413625,0.03631009054002234,188,368,222,272,312,191
1776754175.9133053,94.9100394966284,24,-7,25.0,3.041362530413625,0.03631009054002234,188,368,222,272,312,191
1776754175.9702997,94.9100394966284,24,-7,25.0,3.041362530413625,0.03631009054002234,188,368,222,272,312,191
1776754176.027383,94.9100394966284,24,-7,25.0,3.041362530413625,0.03631009054002234,188,368,222,272,312,191
1776754176.084406,94.9100394966284,24,-7,25.0,3.041362530413625,0.03631009054002234,188,368,222,272,312,191
1776754176.137885,94.9100394966284,24,-7,25.0,3.041362530413625,0.03631009054002234,188,368,222,272,312,191
1776754176.195327,94.9100394966284,24,-7,25.0,3.041362530413625,0.03631009054002234,188,368,222,272,312,191
1776754176.2530324,94.9100394966284,24,-7,25.0,3.041362530413625,0.03631009054002234,188,368,222,272,312,191
1776754176.3103058,94.9100394966284,24,-7,25.0,3.041362530413625,0.03631009054002234,188,368,222,272,312,191
1776754176.367459,94.9100394966284,24,-7,25.0,3.041362530413625,0.03631009054002234,188,368,222,272,312,191
1776754176.4251142,94.9100394966284,24,-7,25.0,3.041362530413625,0.03631009054002234,188,368,222,272,312,191
1776754176.4796937,94.9100394966284,24,-7,25.0,3.041362530413625,0.03631009054002234,188,368,222,272,312,191
1776754176.5358603,94.9100394966284,24,-7,25.0,3.041362530413625,0.03631009054002234,188,368,222,272,312,191
1776754176.5928931,94.9100394966284,24,-7,25.0,3.041362530413625,0.03631009054002234,188,368,222,272,312,191
1776754176.650083,94.9100394966284,24,-7,25.0,3.041362530413625,0.03631009054002234,188,368,222,272,312,191
1776754176.708424,94.9100394966284,24,-7,25.0,3.041362530413625,0.03631009054002234,188,368,222,272,312,191
1776754176.765002,94.9100394966284,24,-7,25.0,3.041362530413625,0.03631009054002234,188,368,222,272,312,191
1776754176.8184545,94.9100394966284,24,-7,25.0,3.041362530413625,0.03631009054002234,188,368,222,272,312,191
1776754176.8757238,94.9100394966284,24,-7,25.0,3.041362530413625,0.03631009054002234,188,368,222,272,312,191
1776754176.9326277,94.9100394966284,24,-7,25.0,3.041362530413625,0.03631009054002234,188,368,222,272,312,191
1776754176.9904056,94.9100394966284,24,-7,25.0,3.041362530413625,0.03631009054002234,188,368,222,272,312,191
1776754177.04705,94.9100394966284,24,-7,25.0,3.041362530413625,0.03631009054002234,188,368,222,272,312,191
1776754177.1005855,94.9100394966284,24,-7,25.0,3.041362530413625,0.03631009054002234,188,368,222,272,312,191
1776754177.1586404,94.9100394966284,24,-7,25.0,3.041362530413625,0.03631009054002234,188,368,222,272,312,191
1776754177.2155228,94.9100394966284,24,-7,25.0,3.041362530413625,0.03693820993043607,188,368,222,271,312,191
1776754177.2735708,94.9100394966284,24,-7,25.0,3.041362530413625,0.03693820993043607,188,368,222,271,312,191
1776754177.3300157,94.9100394966284,24,-7,25.0,3.041362530413625,0.03693820993043607,188,368,222,271,312,191
1776754177.3873816,94.9100394966284,24,-7,25.0,3.041362530413625,0.03693820993043607,188,368,222,271,312,191
1776754177.4408278,94.9100394966284,24,-7,25.0,3.041362530413625,0.03693820993043607,188,368,222,271,312,191
1776754177.497776,94.9100394966284,24,-7,25.0,3.041362530413625,0.03693820993043607,188,368,222,271,312,191
1776754177.555498,94.9100394966284,24,-7,25.0,3.041362530413625,0.03693820993043607,188,368,222,271,312,191
1776754177.6128762,94.9100394966284,24,-7,25.0,3.041362530413625,0.03693820993043607,188,368,222,271,312,191
1776754177.6702747,94.9100394966284,24,-7,25.0,3.041362530413625,0.03595647434286756,188,368,223,271,312,191
1776754177.727168,94.9100394966284,25,-7,25.96150997149434,3.1583345464105035,0.03623163058399199,188,368,223,271,313,191
1776754177.7806544,94.9100394966284,25,-7,25.96150997149434,3.1583345464105035,0.03623163058399199,188,368,223,271,313,191
1776754177.838781,94.9100394966284,25,-7,25.96150997149434,3.1583345464105035,0.03623163058399199,188,368,223,271,313,191
1776754177.8954191,94.9100394966284,25,-7,25.96150997149434,3.1583345464105035,0.03623163058399199,188,368,223,271,313,191
1776754177.9528189,94.9100394966284,25,-7,25.96150997149434,3.1583345464105035,0.03623163058399199,188,368,223,271,313,191
1776754178.0098362,94.9100394966284,25,-7,25.96150997149434,3.1583345464105035,0.03623163058399199,188,368,223,271,313,191
1776754178.0673892,94.9100394966284,25,-7,25.96150997149434,3.1583345464105035,0.03693820993043607,189,368,223,271,313,191
1776754178.1215198,94.9100394966284,25,-7,25.96150997149434,3.1583345464105035,0.03693820993043607,189,368,223,271,313,191
1776754178.1777363,94.9100394966284,25,-7,25.96150997149434,3.1583345464105035,0.03693820993043607,189,368,223,271,313,191
1776754178.235277,94.9100394966284,25,-7,25.96150997149434,3.1583345464105035,0.03693820993043607,189,368,223,271,313,191
1776754178.2925084,94.9100394966284,25,-7,25.96150997149434,3.1583345464105035,0.03693820993043607,189,368,223,271,313,191
1776754178.3495185,94.9100394966284,25,-7,25.96150997149434,3.1583345464105035,0.03693820993043607,189,368,223,271,313,191
1776754178.4069228,94.9100394966284,25,-7,25.96150997149434,3.1583345464105035,0.03693820993043607,189,368,223,271,313,191
1776754178.4605172,94.9100394966284,25,-7,25.96150997149434,3.1583345464105035,0.03693820993043607,189,368,223,271,313,191
1776754178.5180619,94.9100394966284,25,-7,25.96150997149434,3.1583345464105035,0.03693820993043607,189,368,223,271,313,191
1776754178.5750651,94.9100394966284,25,-7,25.96150997149434,3.1583345464105035,0.03693820993043607,189,368,223,271,313,191
1776754178.6326814,94.9100394966284,25,-7,25.96150997149434,3.1583345464105035,0.03693820993043607,189,368,223,271,313,191
1776754178.6895359,94.9100394966284,25,-7,25.96150997149434,3.1583345464105035,0.03693820993043607,189,368,223,271,313,191
1776754178.7432888,94.9100394966284,25,-7,25.96150997149434,3.1583345464105035,0.03693820993043607,189,368,223,271,313,191
1776754178.8005471,94.9100394966284,25,-7,25.96150997149434,3.1583345464105035,0.03693820993043607,189,368,223,271,313,191
1776754178.8578212,94.9100394966284,25,-7,25.96150997149434,3.1583345464105035,0.03693820993043607,189,368,223,271,313,191
1776754178.9151964,94.9100394966284,25,-7,25.96150997149434,3.1583345464105035,0.03693820993043607,189,368,223,271,313,191
1776754178.972249,94.9100394966284,25,-7,25.96150997149434,3.1583345464105035,0.03693820993043607,189,368,223,271,313,191
1776754179.0295498,94.9100394966284,26,-7,26.92582403567252,3.275647692904199,0.03720324869310278,189,368,223,271,314,191
1776754179.0832303,94.9100394966284,26,-7,26.92582403567252,3.275647692904199,0.03720324869310278,189,368,223,271,314,191
1776754179.1410751,94.9100394966284,26,-7,26.92582403567252,3.275647692904199,0.03720324869310278,189,368,223,271,314,191
1776754179.197932,94.9100394966284,26,-7,26.92582403567252,3.275647692904199,0.03720324869310278,189,368,223,271,314,191
1776754179.2553,94.9100394966284,26,-7,26.92582403567252,3.275647692904199,0.03720324869310278,189,368,223,271,314,191
1776754179.3123555,94.9100394966284,26,-7,26.92582403567252,3.275647692904199,0.03720324869310278,189,368,223,271,314,191
1776754179.3696697,94.9100394966284,26,-7,26.92582403567252,3.275647692904199,0.03720324869310278,189,368,223,271,314,191
1776754179.424578,94.9100394966284,26,-7,26.92582403567252,3.275647692904199,0.03720324869310278,189,368,223,271,314,191
1776754179.4803746,94.9100394966284,26,-7,26.92582403567252,3.275647692904199,0.03720324869310278,189,368,223,271,314,191
1776754179.5377395,94.9100394966284,26,-7,26.92582403567252,3.275647692904199,0.03720324869310278,189,368,223,271,314,191
1776754179.5948446,94.9100394966284,26,-7,26.92582403567252,3.275647692904199,0.03720324869310278,189,368,223,271,314,191
1776754179.652589,94.9100394966284,26,-7,26.92582403567252,3.275647692904199,0.03720324869310278,189,368,223,271,314,191
1776754179.7096248,94.9100394966284,26,-7,26.92582403567252,3.275647692904199,0.03720324869310278,189,368,223,271,314,191
1776754179.7630005,94.9100394966284,26,-7,26.92582403567252,3.275647692904199,0.03720324869310278,189,368,223,271,314,191
1776754179.8207664,94.9100394966284,26,-7,26.92582403567252,3.275647692904199,0.037824535914517794,189,368,223,270,314,191
1776754179.87741,94.9100394966284,26,-7,26.92582403567252,3.275647692904199,0.03712678424662208,188,368,223,270,314,191
1776754179.934687,94.9100394966284,26,-7,26.92582403567252,3.275647692904199,0.03712678424662208,188,368,223,270,314,191
1776754179.9924667,94.9100394966284,26,-7,26.92582403567252,3.275647692904199,0.03712678424662208,188,368,223,270,314,191
1776754180.0493557,94.9100394966284,26,-7,26.92582403567252,3.275647692904199,0.03712678424662208,188,368,223,270,314,191
1776754180.1033568,94.9100394966284,26,-7,26.92582403567252,3.275647692904199,0.03712678424662208,188,368,223,270,314,191
1776754180.160493,94.9100394966284,26,-7,26.92582403567252,3.275647692904199,0.03712678424662208,188,368,223,270,314,191
1776754180.2176168,94.9100394966284,26,-7,26.92582403567252,3.275647692904199,0.03712678424662208,188,368,223,270,314,191
1776754180.2751374,94.9100394966284,26,-7,26.92582403567252,3.275647692904199,0.03712678424662208,188,368,223,270,314,191
1776754180.3325672,94.9100394966284,26,-8,27.202941017470888,3.309360221103514,0.0365778661778891,188,368,223,270,314,190
1776754180.3899927,94.9100394966284,26,-8,27.202941017470888,3.309360221103514,0.0365778661778891,188,368,223,270,314,190
1776754180.4429727,94.9100394966284,26,-8,27.202941017470888,3.309360221103514,0.0365778661778891,188,368,223,270,314,190
1776754180.5007234,94.9100394966284,26,-8,27.202941017470888,3.309360221103514,0.0365778661778891,188,368,223,270,314,190
1776754180.5580435,94.9100394966284,26,-8,27.202941017470888,3.309360221103514,0.0365778661778891,188,368,223,270,314,190
1776754180.6145751,94.9100394966284,26,-8,27.202941017470888,3.309360221103514,0.0365778661778891,188,368,223,270,314,190
1776754180.6718695,94.9100394966284,26,-8,27.202941017470888,3.309360221103514,0.0365778661778891,188,368,223,270,314,190
1776754180.7253373,94.9100394966284,26,-8,27.202941017470888,3.309360221103514,0.0365778661778891,188,368,223,270,314,190
1776754180.7825952,94.9100394966284,27,-8,28.160255680657446,3.4258218589607594,0.036836452291475724,188,368,223,270,315,190
1776754180.8404477,94.9100394966284,27,-8,28.160255680657446,3.4258218589607594,0.036836452291475724,188,368,223,270,315,190
1776754180.89746,94.9100394966284,27,-8,28.160255680657446,3.4258218589607594,0.036836452291475724,188,368,223,270,315,190
1776754180.9552252,94.9100394966284,27,-8,28.160255680657446,3.4258218589607594,0.036836452291475724,188,368,223,270,315,190
1776754181.0119503,94.9100394966284,27,-8,28.160255680657446,3.4258218589607594,0.03588647956909762,188,368,224,270,315,190
1776754181.065296,94.9100394966284,27,-8,28.160255680657446,3.4258218589607594,0.03588647956909762,188,368,224,270,315,190
1776754181.1230109,94.9100394966284,27,-8,28.160255680657446,3.4258218589607594,0.03588647956909762,188,368,224,270,315,190
1776754181.1801844,94.9100394966284,27,-8,28.160255680657446,3.4258218589607594,0.03588647956909762,188,368,224,270,315,190
1776754181.2377048,94.9100394966284,27,-8,28.160255680657446,3.4258218589607594,0.03588647956909762,188,368,224,270,315,190
1776754181.2954276,94.9100394966284,27,-8,28.160255680657446,3.4258218589607594,0.03588647956909762,188,368,224,270,315,190
1776754181.3518312,94.9100394966284,27,-8,28.160255680657446,3.4258218589607594,0.03588647956909762,188,368,224,270,315,190
1776754181.405792,94.9100394966284,27,-8,28.160255680657446,3.4258218589607594,0.03588647956909762,188,368,224,270,315,190
1776754181.462696,94.9100394966284,27,-8,28.160255680657446,3.4258218589607594,0.03588647956909762,188,368,224,270,315,190
1776754181.520284,94.9100394966284,27,-8,28.160255680657446,3.4258218589607594,0.03588647956909762,188,368,224,270,315,190
1776754181.5772889,94.9100394966284,27,-8,28.160255680657446,3.4258218589607594,0.03588647956909762,188,368,224,270,315,190
1776754181.6349025,94.9100394966284,27,-8,28.160255680657446,3.4258218589607594,0.03588647956909762,188,368,224,270,315,190
1776754181.6922176,94.9100394966284,27,-8,28.160255680657446,3.4258218589607594,0.03588647956909762,188,368,224,270,315,190
1776754181.7452326,94.9100394966284,27,-8,28.160255680657446,3.4258218589607594,0.03588647956909762,188,368,224,270,315,190
1776754181.8024473,94.9100394966284,27,-8,28.160255680657446,3.4258218589607594,0.03588647956909762,188,368,224,270,315,190
1776754181.8598654,94.9100394966284,27,-8,28.160255680657446,3.4258218589607594,0.03588647956909762,188,368,224,270,315,190
1776754181.91849,94.9100394966284,27,-8,28.160255680657446,3.4258218589607594,0.03588647956909762,188,368,224,270,315,190
1776754181.9749563,94.9100394966284,27,-8,28.160255680657446,3.4258218589607594,0.03588647956909762,188,368,224,270,315,190
1776754182.0319412,94.9100394966284,27,-8,28.160255680657446,3.4258218589607594,0.03588647956909762,188,368,224,270,315,190
1776754182.085511,94.9100394966284,27,-8,28.160255680657446,3.4258218589607594,0.03588647956909762,188,368,224,270,315,190
1776754182.1423817,94.9100394966284,27,-8,28.160255680657446,3.4258218589607594,0.03588647956909762,188,368,224,270,315,190
1776754182.2002256,94.9100394966284,27,-8,28.160255680657446,3.4258218589607594,0.03588647956909762,188,368,224,270,315,190
1776754182.2574332,94.9100394966284,28,-8,29.120439557122072,3.5426325495282325,0.036147481206417045,188,368,224,270,316,190
1776754182.3147676,94.9100394966284,28,-8,29.120439557122072,3.5426325495282325,0.036147481206417045,188,368,224,270,316,190
1776754182.3682086,94.9100394966284,28,-8,29.120439557122072,3.5426325495282325,0.036147481206417045,188,368,224,270,316,190
1776754182.4250684,94.9100394966284,28,-8,29.120439557122072,3.5426325495282325,0.036147481206417045,188,368,224,270,316,190
1776754182.482825,94.9100394966284,28,-8,29.120439557122072,3.5426325495282325,0.036147481206417045,188,368,224,270,316,190
1776754182.540185,94.9100394966284,28,-8,29.120439557122072,3.5426325495282325,0.036836452291475724,189,368,224,270,316,190
1776754182.5973923,94.9100394966284,28,-8,29.120439557122072,3.5426325495282325,0.036836452291475724,189,368,224,270,316,190
1776754182.6543067,94.9100394966284,28,-8,29.120439557122072,3.5426325495282325,0.036836452291475724,189,368,224,270,316,190
1776754182.7081041,94.9100394966284,28,-8,29.120439557122072,3.5426325495282325,0.036836452291475724,189,368,224,270,316,190
1776754182.765592,94.9100394966284,28,-8,29.120439557122072,3.5426325495282325,0.036836452291475724,189,368,224,270,316,190
1776754182.822981,94.9100394966284,28,-8,29.120439557122072,3.5426325495282325,0.036836452291475724,189,368,224,270,316,190
1776754182.8795075,94.9100394966284,28,-8,29.120439557122072,3.5426325495282325,0.036836452291475724,189,368,224,270,316,190
1776754182.9368896,94.9100394966284,28,-8,29.120439557122072,3.5426325495282325,0.036836452291475724,189,368,224,270,316,190
1776754182.9966962,94.9100394966284,28,-8,29.120439557122072,3.5426325495282325,0.036836452291475724,189,368,224,270,316,190
1776754183.0484838,94.9100394966284,28,-8,29.120439557122072,3.5426325495282325,0.036836452291475724,189,368,224,270,316,190
1776754183.1053646,94.9100394966284,28,-8,29.120439557122072,3.5426325495282325,0.036836452291475724,189,368,224,270,316,190
1776754183.162747,94.9100394966284,28,-8,29.120439557122072,3.5426325495282325,0.036836452291475724,189,368,224,270,316,190
1776754183.220542,94.9100394966284,28,-8,29.120439557122072,3.5426325495282325,0.036836452291475724,189,368,224,270,316,190
1776754183.2778373,94.9100394966284,28,-8,29.120439557122072,3.5426325495282325,0.036836452291475724,189,368,224,270,316,190
1776754183.3350239,94.9100394966284,28,-8,29.120439557122072,3.5426325495282325,0.036836452291475724,189,368,224,270,316,190
1776754183.3885674,94.9100394966284,28,-8,29.120439557122072,3.5426325495282325,0.036836452291475724,189,368,224,270,316,190
1776754183.4452026,94.9100394966284,28,-8,29.120439557122072,3.5426325495282325,0.036836452291475724,189,368,224,270,316,190
1776754183.502408,94.9100394966284,28,-8,29.120439557122072,3.5426325495282325,0.036836452291475724,189,368,224,270,316,190
1776754183.5608683,94.9100394966284,28,-8,29.120439557122072,3.5426325495282325,0.036836452291475724,189,368,224,270,316,190
1776754183.6173105,94.9100394966284,28,-8,29.120439557122072,3.5426325495282325,0.036836452291475724,189,368,224,270,316,190
1776754183.6744094,94.9100394966284,28,-8,29.120439557122072,3.5426325495282325,0.036836452291475724,189,368,224,270,316,190
1776754183.7289176,94.9100394966284,28,-8,29.120439557122072,3.5426325495282325,0.036836452291475724,189,368,224,270,316,190
1776754183.785548,94.9100394966284,28,-8,29.120439557122072,3.5426325495282325,0.036836452291475724,189,368,224,270,316,190
1776754183.8426573,94.9100394966284,28,-8,29.120439557122072,3.5426325495282325,0.036836452291475724,189,368,224,270,316,190
1776754183.899896,94.9100394966284,28,-8,29.120439557122072,3.5426325495282325,0.036836452291475724,189,368,224,270,316,190
1776754183.9574509,94.9100394966284,29,-8,30.083217912982647,3.659758870192536,0.037087739730221864,189,368,224,270,317,190
1776754184.0149043,94.9100394966284,29,-8,30.083217912982647,3.659758870192536,0.037087739730221864,189,368,224,270,317,190
1776754184.067809,94.9100394966284,29,-8,30.083217912982647,3.659758870192536,0.037087739730221864,189,368,224,270,317,190
1776754184.1252203,94.9100394966284,29,-8,30.083217912982647,3.659758870192536,0.037087739730221864,189,368,224,270,317,190
1776754184.182592,94.9100394966284,29,-8,30.083217912982647,3.659758870192536,0.037087739730221864,189,368,224,270,317,190
1776754184.2394803,94.9100394966284,29,-8,30.083217912982647,3.659758870192536,0.037087739730221864,189,368,224,270,317,190
1776754184.2970774,94.9100394966284,29,-8,30.083217912982647,3.659758870192536,0.036401192365393284,188,368,224,270,317,190
1776754184.3501155,94.9100394966284,29,-8,30.083217912982647,3.659758870192536,0.036401192365393284,188,368,224,270,317,190
1776754184.4079359,94.9100394966284,29,-8,30.083217912982647,3.659758870192536,0.036401192365393284,188,368,224,270,317,190
1776754184.4649572,94.9100394966284,29,-8,30.083217912982647,3.659758870192536,0.036401192365393284,188,368,224,270,317,190
1776754184.522538,94.9100394966284,29,-8,30.083217912982647,3.659758870192536,0.036401192365393284,188,368,224,270,317,190
1776754184.5800984,94.9100394966284,29,-8,30.083217912982647,3.659758870192536,0.0370192540385985,188,368,224,269,317,190
1776754184.6367333,94.9100394966284,29,-8,30.083217912982647,3.659758870192536,0.0370192540385985,188,368,224,269,317,190
1776754184.6904728,94.9100394966284,29,-8,30.083217912982647,3.659758870192536,0.0370192540385985,188,368,224,269,317,190
1776754184.7479146,94.9100394966284,29,-8,30.083217912982647,3.659758870192536,0.0370192540385985,188,368,224,269,317,190
1776754184.80522,94.9100394966284,29,-8,30.083217912982647,3.659758870192536,0.0370192540385985,188,368,224,269,317,190
1776754184.8625085,94.9100394966284,29,-8,30.083217912982647,3.659758870192536,0.0370192540385985,188,368,224,269,317,190
1776754184.9202223,94.9100394966284,29,-8,30.083217912982647,3.659758870192536,0.0370192540385985,188,368,224,269,317,190
1776754184.9772222,94.9100394966284,29,-8,30.083217912982647,3.659758870192536,0.0370192540385985,188,368,224,269,317,190
1776754185.030531,94.9100394966284,29,-8,30.083217912982647,3.659758870192536,0.0370192540385985,188,368,224,269,317,190
1776754185.0873284,94.9100394966284,29,-8,30.083217912982647,3.659758870192536,0.0370192540385985,188,368,224,269,317,190
1776754185.144612,94.9100394966284,29,-8,30.083217912982647,3.659758870192536,0.0370192540385985,188,368,224,269,317,190
1776754185.2019565,94.9100394966284,30,-8,31.04834939252005,3.7771714589440446,0.037261632001113015,188,368,224,269,318,190
1776754185.2594106,94.9100394966284,30,-8,31.04834939252005,3.7771714589440446,0.037261632001113015,188,368,224,269,318,190
1776754185.3171875,94.9100394966284,30,-8,31.04834939252005,3.7771714589440446,0.037261632001113015,188,368,224,269,318,190
1776754185.3700109,94.9100394966284,30,-8,31.04834939252005,3.7771714589440446,0.037261632001113015,188,368,224,269,318,190
1776754185.427514,94.9100394966284,30,-8,31.04834939252005,3.7771714589440446,0.03634271932793948,188,368,225,269,318,190
1776754185.4854097,94.9100394966284,30,-8,31.04834939252005,3.7771714589440446,0.03634271932793948,188,368,225,269,318,190
1776754185.5418766,94.9100394966284,30,-8,31.04834939252005,3.7771714589440446,0.03634271932793948,188,368,225,269,318,190
1776754185.5991473,94.9100394966284,30,-8,31.04834939252005,3.7771714589440446,0.03634271932793948,188,368,225,269,318,190
1776754185.6564734,94.9100394966284,30,-8,31.04834939252005,3.7771714589440446,0.03634271932793948,188,368,225,269,318,190
1776754185.7100616,94.9100394966284,30,-8,31.04834939252005,3.7771714589440446,0.03634271932793948,188,368,225,269,318,190
1776754185.7671547,94.9100394966284,30,-8,31.04834939252005,3.7771714589440446,0.03696386769242411,188,368,225,268,318,190
1776754185.8245564,94.9100394966284,30,-8,31.04834939252005,3.7771714589440446,0.03696386769242411,188,368,225,268,318,190
1776754185.8818266,94.9100394966284,30,-8,31.04834939252005,3.7771714589440446,0.03696386769242411,188,368,225,268,318,190
1776754185.9393573,94.9100394966284,30,-8,31.04834939252005,3.7771714589440446,0.03696386769242411,188,368,225,268,318,190
1776754185.993113,94.9100394966284,30,-8,31.04834939252005,3.7771714589440446,0.03696386769242411,188,368,225,268,318,190
1776754186.0507436,94.9100394966284,30,-8,31.04834939252005,3.7771714589440446,0.03696386769242411,188,368,225,268,318,190
1776754186.1072297,94.9100394966284,30,-8,31.04834939252005,3.7771714589440446,0.03696386769242411,188,368,225,268,318,190
1776754186.16442,94.9100394966284,30,-8,31.04834939252005,3.7771714589440446,0.03696386769242411,188,368,225,268,318,190
1776754186.2221935,94.9100394966284,30,-8,31.04834939252005,3.7771714589440446,0.03696386769242411,188,368,225,268,318,190
1776754186.2795265,94.9100394966284,30,-8,31.04834939252005,3.7771714589440446,0.03696386769242411,188,368,225,268,318,190
1776754186.333672,94.9100394966284,30,-8,31.04834939252005,3.7771714589440446,0.03696386769242411,188,368,225,268,318,190
1776754186.3898094,94.9100394966284,30,-8,31.04834939252005,3.7771714589440446,0.03696386769242411,188,368,225,268,318,190
1776754186.4471154,94.9100394966284,30,-8,31.04834939252005,3.7771714589440446,0.03696386769242411,188,368,225,268,318,190
1776754186.504542,94.9100394966284,30,-8,31.04834939252005,3.7771714589440446,0.03696386769242411,188,368,225,268,318,190
1776754186.5618968,94.9100394966284,30,-8,31.04834939252005,3.7771714589440446,0.03696386769242411,188,368,225,268,318,190
1776754186.6190352,94.9100394966284,31,-9,32.28002478313795,3.9270103142503583,0.03666618549991919,188,368,225,268,319,189
1776754186.6724477,94.9100394966284,31,-9,32.28002478313795,3.9270103142503583,0.03666618549991919,188,368,225,268,319,189
1776754186.729673,94.9100394966284,31,-9,32.28002478313795,3.9270103142503583,0.03666618549991919,188,368,225,268,319,189
1776754186.7870288,94.9100394966284,31,-9,32.28002478313795,3.9270103142503583,0.03666618549991919,188,368,225,268,319,189
1776754186.844511,94.9100394966284,31,-9,32.28002478313795,3.9270103142503583,0.03666618549991919,188,368,225,268,319,189
1776754186.9016516,94.9100394966284,31,-9,32.28002478313795,3.9270103142503583,0.03666618549991919,188,368,225,268,319,189
1776754186.9590836,94.9100394966284,31,-9,32.28002478313795,3.9270103142503583,0.03666618549991919,188,368,225,268,319,189
1776754187.0128865,94.9100394966284,31,-9,32.28002478313795,3.9270103142503583,0.03666618549991919,188,368,225,268,319,189
1776754187.070329,94.9100394966284,31,-9,32.28002478313795,3.9270103142503583,0.03666618549991919,188,368,225,268,319,189
1776754187.1269388,94.9100394966284,31,-9,32.28002478313795,3.9270103142503583,0.03666618549991919,188,368,225,268,319,189
1776754187.184347,94.9100394966284,31,-9,32.28002478313795,3.9270103142503583,0.03666618549991919,188,368,225,268,319,189
1776754187.2419062,94.9100394966284,31,-9,32.28002478313795,3.9270103142503583,0.03666618549991919,188,368,225,268,319,189
1776754187.2995448,94.9100394966284,31,-9,32.28002478313795,3.9270103142503583,0.03666618549991919,188,368,225,268,319,189
1776754187.3530948,94.9100394966284,31,-9,32.28002478313795,3.9270103142503583,0.03666618549991919,188,368,225,268,319,189
1776754187.4096308,94.9100394966284,31,-9,32.28002478313795,3.9270103142503583,0.03666618549991919,188,368,225,268,319,189
1776754187.4669967,94.9100394966284,31,-9,32.28002478313795,3.9270103142503583,0.03666618549991919,188,368,225,268,319,189
1776754187.5248182,94.9100394966284,31,-9,32.28002478313795,3.9270103142503583,0.03666618549991919,188,368,225,268,319,189
1776754187.5817754,94.9100394966284,31,-9,32.28002478313795,3.9270103142503583,0.0372760064444428,188,368,225,267,319,189
1776754187.6388795,94.9100394966284,31,-9,32.28002478313795,3.9270103142503583,0.0372760064444428,188,368,225,267,319,189
1776754187.692297,94.9100394966284,31,-9,32.28002478313795,3.9270103142503583,0.0372760064444428,188,368,225,267,319,189
1776754187.7496688,94.9100394966284,32,-9,33.24154027718932,4.043983002091158,0.03750818576907862,188,368,225,267,320,189
1776754187.8068364,94.9100394966284,32,-9,33.24154027718932,4.043983002091158,0.03750818576907862,188,368,225,267,320,189
1776754187.8653276,94.9100394966284,32,-9,33.24154027718932,4.043983002091158,0.03750818576907862,188,368,225,267,320,189
1776754187.9217377,94.9100394966284,32,-9,33.24154027718932,4.043983002091158,0.03750818576907862,188,368,225,267,320,189
1776754187.9756415,94.9100394966284,32,-9,33.24154027718932,4.043983002091158,0.03750818576907862,188,368,225,267,320,189
1776754188.032591,94.9100394966284,32,-9,33.24154027718932,4.043983002091158,0.03750818576907862,188,368,225,267,320,189
1776754188.0895317,94.9100394966284,32,-9,33.24154027718932,4.043983002091158,0.03750818576907862,188,368,225,267,320,189
1776754188.1468258,94.9100394966284,32,-9,33.24154027718932,4.043983002091158,0.03750818576907862,188,368,225,267,320,189
1776754188.2040997,94.9100394966284,32,-9,33.24154027718932,4.043983002091158,0.03750818576907862,188,368,225,267,320,189
1776754188.261942,94.9100394966284,32,-9,33.24154027718932,4.043983002091158,0.03750818576907862,188,368,225,267,320,189
1776754188.3148758,94.9100394966284,32,-9,33.24154027718932,4.043983002091158,0.03750818576907862,188,368,225,267,320,189
1776754188.3726308,94.9100394966284,32,-9,33.24154027718932,4.043983002091158,0.03750818576907862,188,368,225,267,320,189
1776754188.430176,94.9100394966284,32,-9,33.24154027718932,4.043983002091158,0.03750818576907862,188,368,225,267,320,189
1776754188.4877036,94.9100394966284,32,-9,33.24154027718932,4.043983002091158,0.03750818576907862,188,368,225,267,320,189
1776754188.544587,94.9100394966284,32,-9,33.24154027718932,4.043983002091158,0.03750818576907862,188,368,225,267,320,189
1776754188.6017537,94.9100394966284,32,-9,33.24154027718932,4.043983002091158,0.03750818576907862,188,368,225,267,320,189
1776754188.654793,94.9100394966284,32,-9,33.24154027718932,4.043983002091158,0.03750818576907862,188,368,225,267,320,189
1776754188.712086,94.9100394966284,32,-9,33.24154027718932,4.043983002091158,0.036619451059970165,188,368,226,267,320,189
1776754188.7701101,94.9100394966284,32,-9,33.24154027718932,4.043983002091158,0.036619451059970165,188,368,226,267,320,189
1776754188.8271441,94.9100394966284,32,-9,33.24154027718932,4.043983002091158,0.036619451059970165,188,368,226,267,320,189
1776754188.8840704,94.9100394966284,32,-9,33.24154027718932,4.043983002091158,0.036619451059970165,188,368,226,267,320,189
1776754188.941656,94.9100394966284,32,-9,33.24154027718932,4.043983002091158,0.036619451059970165,188,368,226,267,320,189
1776754188.994735,94.9100394966284,32,-9,33.24154027718932,4.043983002091158,0.036619451059970165,188,368,226,267,320,189
1776754189.0521016,94.9100394966284,32,-9,33.24154027718932,4.043983002091158,0.036619451059970165,188,368,226,267,320,189
1776754189.1093605,94.9100394966284,32,-9,33.24154027718932,4.043983002091158,0.036619451059970165,188,368,226,267,320,189
1776754189.166729,94.9100394966284,32,-9,33.24154027718932,4.043983002091158,0.036619451059970165,188,368,226,267,320,189
1776754189.2239883,94.9100394966284,32,-9,33.24154027718932,4.043983002091158,0.036619451059970165,188,368,226,267,320,189
1776754189.2814054,94.9100394966284,32,-9,33.24154027718932,4.043983002091158,0.036619451059970165,188,368,226,267,320,189
1776754189.3352818,94.9100394966284,32,-9,33.24154027718932,4.043983002091158,0.036619451059970165,188,368,226,267,320,189
1776754189.3923821,94.9100394966284,33,-9,34.20526275297414,4.161224179193934,0.03685394678960066,188,368,226,267,321,189
1776754189.4493463,94.9100394966284,33,-9,34.20526275297414,4.161224179193934,0.03685394678960066,188,368,226,267,321,189
1776754189.50663,94.9100394966284,33,-9,34.20526275297414,4.161224179193934,0.03685394678960066,188,368,226,267,321,189
1776754189.5639188,94.9100394966284,33,-9,34.20526275297414,4.161224179193934,0.03685394678960066,188,368,226,267,321,189
1776754189.6212096,94.9100394966284,33,-9,34.20526275297414,4.161224179193934,0.03685394678960066,188,368,226,267,321,189
1776754189.6747243,94.9100394966284,33,-9,34.20526275297414,4.161224179193934,0.03685394678960066,188,368,226,267,321,189
1776754189.7320507,94.9100394966284,33,-9,34.20526275297414,4.161224179193934,0.03685394678960066,188,368,226,267,321,189
1776754189.7899492,94.9100394966284,33,-9,34.20526275297414,4.161224179193934,0.03685394678960066,188,368,226,267,321,189
1776754189.8465602,94.9100394966284,33,-9,34.20526275297414,4.161224179193934,0.03685394678960066,188,368,226,267,321,189
1776754189.9039035,94.9100394966284,33,-9,34.20526275297414,4.161224179193934,0.03685394678960066,188,368,226,267,321,189
1776754189.9577105,94.9100394966284,33,-9,34.20526275297414,4.161224179193934,0.03685394678960066,188,368,226,267,321,189
1776754190.014943,94.9100394966284,33,-9,34.20526275297414,4.161224179193934,0.03685394678960066,188,368,226,267,321,189
1776754190.0720901,94.9100394966284,33,-9,34.20526275297414,4.161224179193934,0.03685394678960066,188,368,226,267,321,189
1776754190.1298344,94.9100394966284,33,-9,34.20526275297414,4.161224179193934,0.03685394678960066,188,368,226,267,321,189
1776754190.187164,94.9100394966284,33,-9,34.20526275297414,4.161224179193934,0.03685394678960066,188,368,226,267,321,189
1776754190.2438793,94.9100394966284,33,-9,34.20526275297414,4.161224179193934,0.03685394678960066,188,368,226,267,321,189
1776754190.297208,94.9100394966284,33,-9,34.20526275297414,4.161224179193934,0.03750818576907862,189,368,226,267,321,189
1776754190.3545625,94.9100394966284,33,-9,34.20526275297414,4.161224179193934,0.03750818576907862,189,368,226,267,321,189
1776754190.413411,94.9100394966284,33,-9,34.20526275297414,4.161224179193934,0.03750818576907862,189,368,226,267,321,189
1776754190.4699943,94.9100394966284,33,-9,34.20526275297414,4.161224179193934,0.03811098177532046,189,368,226,266,321,189
1776754190.5271075,94.9100394966284,33,-9,34.20526275297414,4.161224179193934,0.03811098177532046,189,368,226,266,321,189
1776754190.5843651,94.9100394966284,33,-9,34.20526275297414,4.161224179193934,0.03811098177532046,189,368,226,266,321,189
1776754190.638226,94.9100394966284,33,-9,34.20526275297414,4.161224179193934,0.03811098177532046,189,368,226,266,321,189
1776754190.6950016,94.9100394966284,33,-9,34.20526275297414,4.161224179193934,0.03811098177532046,189,368,226,266,321,189
1776754190.7523384,94.9100394966284,33,-9,34.20526275297414,4.161224179193934,0.03811098177532046,189,368,226,266,321,189
1776754190.8092983,94.9100394966284,34,-9,35.17101079013795,4.278711774955955,0.038332005165535164,189,368,226,266,322,189
1776754190.8666613,94.9100394966284,34,-9,35.17101079013795,4.278711774955955,0.038332005165535164,189,368,226,266,322,189
1776754190.9243476,94.9100394966284,34,-9,35.17101079013795,4.278711774955955,0.038332005165535164,189,368,226,266,322,189
1776754190.977586,94.9100394966284,34,-9,35.17101079013795,4.278711774955955,0.038332005165535164,189,368,226,266,322,189
1776754191.0350888,94.9100394966284,34,-9,35.17101079013795,4.278711774955955,0.038332005165535164,189,368,226,266,322,189
1776754191.0920584,94.9100394966284,34,-9,35.17101079013795,4.278711774955955,0.03768569055843108,188,368,226,266,322,189
1776754191.149548,94.9100394966284,34,-9,35.17101079013795,4.278711774955955,0.03768569055843108,188,368,226,266,322,189
1776754191.2064137,94.9100394966284,34,-9,35.17101079013795,4.278711774955955,0.03768569055843108,188,368,226,266,322,189
1776754191.2640371,94.9100394966284,34,-9,35.17101079013795,4.278711774955955,0.03768569055843108,188,368,226,266,322,189
1776754191.317609,94.9100394966284,34,-9,35.17101079013795,4.278711774955955,0.03768569055843108,188,368,226,266,322,189
1776754191.3748803,94.9100394966284,34,-9,35.17101079013795,4.278711774955955,0.03768569055843108,188,368,226,266,322,189
1776754191.4322345,94.9100394966284,34,-9,35.17101079013795,4.278711774955955,0.03768569055843108,188,368,226,266,322,189
1776754191.4896178,94.9100394966284,34,-9,35.17101079013795,4.278711774955955,0.03768569055843108,188,368,226,266,322,189
1776754191.5466046,94.9100394966284,34,-9,35.17101079013795,4.278711774955955,0.03768569055843108,188,368,226,266,322,189
1776754191.6002705,94.9100394966284,34,-9,35.17101079013795,4.278711774955955,0.03768569055843108,188,368,226,266,322,189
1776754191.6571164,94.9100394966284,34,-9,35.17101079013795,4.278711774955955,0.03768569055843108,188,368,226,266,322,189
1776754191.7148128,94.9100394966284,34,-9,35.17101079013795,4.278711774955955,0.03768569055843108,188,368,226,266,322,189
1776754191.7722654,94.9100394966284,34,-9,35.17101079013795,4.278711774955955,0.03768569055843108,188,368,226,266,322,189
1776754191.829618,94.9100394966284,34,-9,35.17101079013795,4.278711774955955,0.03768569055843108,188,368,226,266,322,189
1776754191.8865454,94.9100394966284,34,-9,35.17101079013795,4.278711774955955,0.03768569055843108,188,368,226,266,322,189
1776754191.9396098,94.9100394966284,34,-9,35.17101079013795,4.278711774955955,0.03768569055843108,188,368,226,266,322,189
1776754191.9975333,94.9100394966284,34,-9,35.17101079013795,4.278711774955955,0.03768569055843108,188,368,226,266,322,189
1776754192.0551932,94.9100394966284,34,-9,35.17101079013795,4.278711774955955,0.03681741403428128,188,368,227,266,322,189
1776754192.1117153,94.9100394966284,34,-9,35.17101079013795,4.278711774955955,0.03681741403428128,188,368,227,266,322,189
1776754192.1689281,94.9100394966284,35,-9,36.138621999185304,4.396426033964149,0.03704304043927053,188,368,227,266,323,189
1776754192.226705,94.9100394966284,35,-9,36.138621999185304,4.396426033964149,0.03704304043927053,188,368,227,266,323,189
1776754192.2806501,94.9100394966284,35,-9,36.138621999185304,4.396426033964149,0.03704304043927053,188,368,227,266,323,189
1776754192.3371007,94.9100394966284,35,-9,36.138621999185304,4.396426033964149,0.03704304043927053,188,368,227,266,323,189
1776754192.3948128,94.9100394966284,35,-9,36.138621999185304,4.396426033964149,0.03704304043927053,188,368,227,266,323,189
1776754192.452154,94.9100394966284,35,-9,36.138621999185304,4.396426033964149,0.03704304043927053,188,368,227,266,323,189
1776754192.5092983,94.9100394966284,35,-9,36.138621999185304,4.396426033964149,0.03704304043927053,188,368,227,266,323,189
1776754192.5668938,94.9100394966284,35,-9,36.138621999185304,4.396426033964149,0.03704304043927053,188,368,227,266,323,189
1776754192.6203141,94.9100394966284,35,-9,36.138621999185304,4.396426033964149,0.03704304043927053,188,368,227,266,323,189
1776754192.6772795,94.9100394966284,35,-9,36.138621999185304,4.396426033964149,0.03704304043927053,188,368,227,266,323,189
1776754192.7344797,94.9100394966284,35,-9,36.138621999185304,4.396426033964149,0.03704304043927053,188,368,227,266,323,189
1776754192.7923164,94.9100394966284,35,-9,36.138621999185304,4.396426033964149,0.03704304043927053,188,368,227,266,323,189
1776754192.8492415,94.9100394966284,35,-9,36.138621999185304,4.396426033964149,0.03704304043927053,188,368,227,266,323,189
1776754192.906282,94.9100394966284,35,-9,36.138621999185304,4.396426033964149,0.03704304043927053,188,368,227,266,323,189
1776754192.9598591,94.9100394966284,35,-9,36.138621999185304,4.396426033964149,0.037649700151021315,188,368,227,265,323,189
1776754193.0200572,94.9100394966284,35,-9,36.138621999185304,4.396426033964149,0.037649700151021315,188,368,227,265,323,189
1776754193.07449,94.9100394966284,35,-10,36.40054944640259,4.428290686910291,0.03711574654972588,188,368,227,265,323,188
1776754193.1319516,94.9100394966284,35,-10,36.40054944640259,4.428290686910291,0.03711574654972588,188,368,227,265,323,188
1776754193.189356,94.9100394966284,35,-10,36.40054944640259,4.428290686910291,0.03711574654972588,188,368,227,265,323,188
1776754193.247279,94.9100394966284,36,-10,37.36308338453881,4.545387273058249,0.037333449257665546,188,368,227,265,324,188
1776754193.3003278,94.9100394966284,36,-10,37.36308338453881,4.545387273058249,0.037333449257665546,188,368,227,265,324,188
1776754193.357086,94.9100394966284,36,-10,37.36308338453881,4.545387273058249,0.037333449257665546,188,368,227,265,324,188
1776754193.4147723,94.9100394966284,36,-10,37.36308338453881,4.545387273058249,0.037333449257665546,188,368,227,265,324,188
1776754193.4718742,94.9100394966284,36,-10,37.36308338453881,4.545387273058249,0.037333449257665546,188,368,227,265,324,188
1776754193.528959,94.9100394966284,36,-10,37.36308338453881,4.545387273058249,0.037333449257665546,188,368,227,265,324,188
1776754193.583777,94.9100394966284,36,-10,37.36308338453881,4.545387273058249,0.037333449257665546,188,368,227,265,324,188
1776754193.6402707,94.9100394966284,36,-10,37.36308338453881,4.545387273058249,0.037333449257665546,188,368,227,265,324,188
1776754193.6972277,94.9100394966284,36,-10,37.36308338453881,4.545387273058249,0.037333449257665546,188,368,227,265,324,188
1776754193.7543275,94.9100394966284,36,-10,37.36308338453881,4.545387273058249,0.037333449257665546,188,368,227,265,324,188
1776754193.811929,94.9100394966284,36,-10,37.36308338453881,4.545387273058249,0.037333449257665546,188,368,227,265,324,188
1776754193.8693147,94.9100394966284,36,-10,37.36308338453881,4.545387273058249,0.037333449257665546,188,368,227,265,324,188
1776754193.9225526,94.9100394966284,36,-10,37.36308338453881,4.545387273058249,0.037333449257665546,188,368,227,265,324,188
1776754193.9798512,94.9100394966284,36,-10,37.36308338453881,4.545387273058249,0.037333449257665546,188,368,227,265,324,188
1776754194.037731,94.9100394966284,36,-10,37.36308338453881,4.545387273058249,0.037333449257665546,188,368,227,265,324,188
1776754194.0954428,94.9100394966284,36,-10,37.36308338453881,4.545387273058249,0.037333449257665546,188,368,227,265,324,188
1776754194.1512349,94.9100394966284,36,-10,37.36308338453881,4.545387273058249,0.037333449257665546,188,368,227,265,324,188
1776754194.2086337,94.9100394966284,36,-10,37.36308338453881,4.545387273058249,0.037333449257665546,188,368,227,265,324,188
1776754194.2620654,94.9100394966284,36,-10,37.36308338453881,4.545387273058249,0.037333449257665546,188,368,227,265,324,188
1776754194.3192909,94.9100394966284,36,-10,37.36308338453881,4.545387273058249,0.037333449257665546,188,368,227,265,324,188
1776754194.3767889,94.9100394966284,36,-10,37.36308338453881,4.545387273058249,0.037333449257665546,188,368,227,265,324,188
1776754194.4344296,94.9100394966284,36,-10,37.36308338453881,4.545387273058249,0.037333449257665546,188,368,227,265,324,188
1776754194.4916897,94.9100394966284,36,-10,37.36308338453881,4.545387273058249,0.037333449257665546,188,368,227,265,324,188
1776754194.5504954,94.9100394966284,36,-10,37.36308338453881,4.545387273058249,0.037333449257665546,188,368,227,265,324,188
1776754194.60278,94.9100394966284,36,-10,37.36308338453881,4.545387273058249,0.037333449257665546,188,368,227,265,324,188
1776754194.6597095,94.9100394966284,36,-10,37.36308338453881,4.545387273058249,0.037333449257665546,188,368,227,265,324,188
1776754194.7166743,94.9100394966284,36,-10,37.36308338453881,4.545387273058249,0.037333449257665546,188,368,227,265,324,188
1776754194.7740705,94.9100394966284,36,-10,37.36308338453881,4.545387273058249,0.037333449257665546,188,368,227,265,324,188
1776754194.8312116,94.9100394966284,36,-10,37.36308338453881,4.545387273058249,0.037333449257665546,188,368,227,265,324,188
1776754194.889668,94.9100394966284,37,-10,38.3275357934736,4.662717249814306,0.037544624249479006,188,368,227,265,325,188
1776754194.9434404,94.9100394966284,37,-10,38.3275357934736,4.662717249814306,0.037544624249479006,188,368,227,265,325,188
1776754195.0002058,94.9100394966284,37,-10,38.3275357934736,4.662717249814306,0.037544624249479006,188,368,227,265,325,188
1776754195.0569541,94.9100394966284,37,-10,38.3275357934736,4.662717249814306,0.037544624249479006,188,368,227,265,325,188
1776754195.1139846,94.9100394966284,37,-10,38.3275357934736,4.662717249814306,0.037544624249479006,188,368,227,265,325,188
1776754195.1718328,94.9100394966284,37,-10,38.3275357934736,4.662717249814306,0.037544624249479006,188,368,227,265,325,188
1776754195.2291505,94.9100394966284,37,-10,38.3275357934736,4.662717249814306,0.037544624249479006,188,368,227,265,325,188
1776754195.2822657,94.9100394966284,37,-10,38.3275357934736,4.662717249814306,0.037544624249479006,188,368,227,265,325,188
1776754195.3397524,94.9100394966284,37,-10,38.3275357934736,4.662717249814306,0.037544624249479006,188,368,227,265,325,188
1776754195.3970227,94.9100394966284,37,-10,38.3275357934736,4.662717249814306,0.037544624249479006,188,368,227,265,325,188
1776754195.4544923,94.9100394966284,37,-10,38.3275357934736,4.662717249814306,0.037544624249479006,188,368,227,265,325,188
1776754195.5117507,94.9100394966284,37,-10,38.3275357934736,4.662717249814306,0.037544624249479006,188,368,227,265,325,188
1776754195.5649633,94.9100394966284,37,-10,38.3275357934736,4.662717249814306,0.037544624249479006,188,368,227,265,325,188
1776754195.621903,94.9100394966284,37,-10,38.3275357934736,4.662717249814306,0.037544624249479006,188,368,227,265,325,188
1776754195.6790974,94.9100394966284,37,-10,38.3275357934736,4.662717249814306,0.037544624249479006,188,368,227,265,325,188
1776754195.7369387,94.9100394966284,37,-10,38.3275357934736,4.662717249814306,0.037544624249479006,188,368,227,265,325,188
1776754195.794752,94.9100394966284,37,-10,38.3275357934736,4.662717249814306,0.037544624249479006,188,368,227,265,325,188
1776754195.8515635,94.9100394966284,37,-10,38.3275357934736,4.662717249814306,0.037544624249479006,188,368,227,265,325,188
1776754195.9053347,94.9100394966284,37,-10,38.3275357934736,4.662717249814306,0.037544624249479006,188,368,227,265,325,188
1776754195.9623375,94.9100394966284,37,-10,38.3275357934736,4.662717249814306,0.037544624249479006,188,368,227,265,325,188
1776754196.0196037,94.9100394966284,37,-10,38.3275357934736,4.662717249814306,0.037544624249479006,188,368,227,265,325,188
1776754196.0768163,94.9100394966284,37,-10,38.3275357934736,4.662717249814306,0.037544624249479006,188,368,227,265,325,188
1776754196.1342537,94.9100394966284,37,-10,38.3275357934736,4.662717249814306,0.037544624249479006,188,368,227,265,325,188
1776754196.1924822,94.9100394966284,37,-10,38.3275357934736,4.662717249814306,0.037544624249479006,188,368,227,265,325,188
1776754196.2453656,94.9100394966284,38,-10,39.293765408777,4.780263431724696,0.0377494058190159,188,368,227,265,326,188
1776754196.3033552,94.9100394966284,38,-10,39.293765408777,4.780263431724696,0.0377494058190159,188,368,227,265,326,188
1776754196.3597894,94.9100394966284,38,-10,39.293765408777,4.780263431724696,0.03833630154007681,188,368,227,264,326,188
1776754196.4163756,94.9100394966284,38,-10,39.293765408777,4.780263431724696,0.03833630154007681,188,368,227,264,326,188
1776754196.4736817,94.9100394966284,38,-10,39.293765408777,4.780263431724696,0.03833630154007681,188,368,227,264,326,188
1776754196.5309691,94.9100394966284,38,-10,39.293765408777,4.780263431724696,0.03833630154007681,188,368,227,264,326,188
1776754196.585099,94.9100394966284,38,-10,39.293765408777,4.780263431724696,0.037513962031764644,188,368,228,264,326,188
1776754196.6423995,94.9100394966284,38,-10,39.293765408777,4.780263431724696,0.037513962031764644,188,368,228,264,326,188
1776754196.699024,94.9100394966284,38,-10,39.293765408777,4.780263431724696,0.037513962031764644,188,368,228,264,326,188
1776754196.7566755,94.9100394966284,38,-10,39.293765408777,4.780263431724696,0.037513962031764644,188,368,228,264,326,188
1776754196.8139179,94.9100394966284,38,-10,39.293765408777,4.780263431724696,0.037513962031764644,188,368,228,264,326,188
1776754196.8715956,94.9100394966284,38,-10,39.293765408777,4.780263431724696,0.037513962031764644,188,368,228,264,326,188
1776754196.925623,94.9100394966284,38,-10,39.293765408777,4.780263431724696,0.037513962031764644,188,368,228,264,326,188
1776754196.9823546,94.9100394966284,38,-10,39.293765408777,4.780263431724696,0.037513962031764644,188,368,228,264,326,188
1776754197.0394256,94.9100394966284,38,-10,39.293765408777,4.780263431724696,0.037513962031764644,188,368,228,264,326,188
1776754197.097309,94.9100394966284,38,-10,39.293765408777,4.780263431724696,0.037513962031764644,188,368,228,264,326,188
1776754197.1542294,94.9100394966284,38,-10,39.293765408777,4.780263431724696,0.037513962031764644,188,368,228,264,326,188
1776754197.2076252,94.9100394966284,38,-10,39.293765408777,4.780263431724696,0.037513962031764644,188,368,228,264,326,188
1776754197.2653267,94.9100394966284,38,-10,39.293765408777,4.780263431724696,0.037513962031764644,188,368,228,264,326,188
1776754197.3216221,94.9100394966284,38,-10,39.293765408777,4.780263431724696,0.037513962031764644,188,368,228,264,326,188
1776754197.379883,94.9100394966284,38,-10,39.293765408777,4.780263431724696,0.037513962031764644,188,368,228,264,326,188
1776754197.4367418,94.9100394966284,38,-10,39.293765408777,4.780263431724696,0.037513962031764644,188,368,228,264,326,188
1776754197.4947023,94.9100394966284,38,-10,39.293765408777,4.780263431724696,0.037513962031764644,188,368,228,264,326,188
1776754197.5470333,94.9100394966284,38,-10,39.293765408777,4.780263431724696,0.037513962031764644,188,368,228,264,326,188
1776754197.6051364,94.9100394966284,38,-10,39.293765408777,4.780263431724696,0.037513962031764644,188,368,228,264,326,188
1776754197.663047,94.9100394966284,38,-10,39.293765408777,4.780263431724696,0.037513962031764644,188,368,228,264,326,188
1776754197.719677,94.9100394966284,39,-10,40.26164427839479,4.898010252846081,0.0377166289058679,188,368,228,264,327,188
1776754197.7767656,94.9100394966284,39,-10,40.26164427839479,4.898010252846081,0.0377166289058679,188,368,228,264,327,188
1776754197.8340912,94.9100394966284,39,-10,40.26164427839479,4.898010252846081,0.0377166289058679,188,368,228,264,327,188
1776754197.8868809,94.9100394966284,39,-10,40.26164427839479,4.898010252846081,0.0377166289058679,188,368,228,264,327,188
1776754197.945612,94.9100394966284,39,-10,40.26164427839479,4.898010252846081,0.0377166289058679,188,368,228,264,327,188
1776754198.0020406,94.9100394966284,39,-10,40.26164427839479,4.898010252846081,0.0377166289058679,188,368,228,264,327,188
1776754198.0589476,94.9100394966284,39,-10,40.26164427839479,4.898010252846081,0.0377166289058679,188,368,228,264,327,188
1776754198.1164978,94.9100394966284,39,-10,40.26164427839479,4.898010252846081,0.0377166289058679,188,368,228,264,327,188
1776754198.1738179,94.9100394966284,39,-10,40.26164427839479,4.898010252846081,0.0377166289058679,188,368,228,264,327,188
1776754198.227258,94.9100394966284,39,-10,40.26164427839479,4.898010252846081,0.0377166289058679,188,368,228,264,327,188
1776754198.2846055,94.9100394966284,39,-10,40.26164427839479,4.898010252846081,0.0377166289058679,188,368,228,264,327,188
1776754198.3419623,94.9100394966284,39,-10,40.26164427839479,4.898010252846081,0.0377166289058679,188,368,228,264,327,188
1776754198.3992398,94.9100394966284,39,-10,40.26164427839479,4.898010252846081,0.0377166289058679,188,368,228,264,327,188
1776754198.4565232,94.9100394966284,39,-10,40.26164427839479,4.898010252846081,0.0377166289058679,188,368,228,264,327,188
1776754198.5142312,94.9100394966284,39,-10,40.26164427839479,4.898010252846081,0.0377166289058679,188,368,228,264,327,188
1776754198.5678322,94.9100394966284,39,-10,40.26164427839479,4.898010252846081,0.0377166289058679,188,368,228,264,327,188
1776754198.6243212,94.9100394966284,39,-10,40.26164427839479,4.898010252846081,0.0377166289058679,188,368,228,264,327,188
1776754198.6813943,94.9100394966284,39,-10,40.26164427839479,4.898010252846081,0.0377166289058679,188,368,228,264,327,188
1776754198.7387147,94.9100394966284,39,-10,40.26164427839479,4.898010252846081,0.0377166289058679,188,368,228,264,327,188
1776754198.7963903,94.9100394966284,39,-10,40.26164427839479,4.898010252846081,0.0377166289058679,188,368,228,264,327,188
1776754198.8540735,94.9100394966284,39,-10,40.26164427839479,4.898010252846081,0.0377166289058679,188,368,228,264,327,188
1776754198.907143,94.9100394966284,39,-10,40.26164427839479,4.898010252846081,0.03830576835536815,188,368,228,263,327,188
1776754198.9645681,94.9100394966284,39,-10,40.26164427839479,4.898010252846081,0.03830576835536815,188,368,228,263,327,188
1776754199.0219188,94.9100394966284,40,-10,41.23105625617661,5.0159435834764725,0.03849778106581758,188,368,228,263,328,188
1776754199.0793138,94.9100394966284,40,-10,41.23105625617661,5.0159435834764725,0.03849778106581758,188,368,228,263,328,188
1776754199.1361468,94.9100394966284,40,-10,41.23105625617661,5.0159435834764725,0.03849778106581758,188,368,228,263,328,188
1776754199.1895163,94.9100394966284,40,-10,41.23105625617661,5.0159435834764725,0.03849778106581758,188,368,228,263,328,188
1776754199.2471223,94.9100394966284,40,-10,41.23105625617661,5.0159435834764725,0.03849778106581758,188,368,228,263,328,188
1776754199.3044636,94.9100394966284,40,-10,41.23105625617661,5.0159435834764725,0.03849778106581758,188,368,228,263,328,188
1776754199.361869,94.9100394966284,40,-10,41.23105625617661,5.0159435834764725,0.03849778106581758,188,368,228,263,328,188
1776754199.4188056,94.9100394966284,40,-10,41.23105625617661,5.0159435834764725,0.03849778106581758,188,368,228,263,328,188
1776754199.4765663,94.9100394966284,40,-10,41.23105625617661,5.0159435834764725,0.03849778106581758,188,368,228,263,328,188
1776754199.5296848,94.9100394966284,40,-10,41.23105625617661,5.0159435834764725,0.03849778106581758,188,368,228,263,328,188
1776754199.5872352,94.9100394966284,40,-10,41.23105625617661,5.0159435834764725,0.03849778106581758,188,368,228,263,328,188
1776754199.64451,94.9100394966284,40,-10,41.23105625617661,5.0159435834764725,0.03769468630200258,188,368,229,263,328,188
1776754199.7018201,94.9100394966284,40,-10,41.23105625617661,5.0159435834764725,0.03769468630200258,188,368,229,263,328,188
1776754199.758747,94.9100394966284,40,-10,41.23105625617661,5.0159435834764725,0.03769468630200258,188,368,229,263,328,188
1776754199.8164482,94.9100394966284,40,-10,41.23105625617661,5.0159435834764725,0.03769468630200258,188,368,229,263,328,188
1776754199.8699148,94.9100394966284,40,-10,41.23105625617661,5.0159435834764725,0.03769468630200258,188,368,229,263,328,188
1776754199.927056,94.9100394966284,40,-10,41.23105625617661,5.0159435834764725,0.03769468630200258,188,368,229,263,328,188
1776754199.9842598,94.9100394966284,40,-10,41.23105625617661,5.0159435834764725,0.03769468630200258,188,368,229,263,328,188
1776754200.0414286,94.9100394966284,40,-10,41.23105625617661,5.0159435834764725,0.03769468630200258,188,368,229,263,328,188
1776754200.0989237,94.9100394966284,40,-10,41.23105625617661,5.0159435834764725,0.03769468630200258,188,368,229,263,328,188
1776754200.1560714,94.9100394966284,40,-10,41.23105625617661,5.0159435834764725,0.03769468630200258,188,368,229,263,328,188
1776754200.2096038,94.9100394966284,40,-10,41.23105625617661,5.0159435834764725,0.03769468630200258,188,368,229,263,328,188
1776754200.2668908,94.9100394966284,40,-10,41.23105625617661,5.0159435834764725,0.03769468630200258,188,368,229,263,328,188
1776754200.3248613,94.9100394966284,40,-10,41.23105625617661,5.0159435834764725,0.03769468630200258,188,368,229,263,328,188
1776754200.3830435,94.9100394966284,40,-10,41.23105625617661,5.0159435834764725,0.03769468630200258,188,368,229,263,328,188
1776754200.4387925,94.9100394966284,41,-10,42.20189569201838,5.134050570805155,0.03788889064897397,188,368,229,263,329,188
1776754200.4963086,94.9100394966284,41,-10,42.20189569201838,5.134050570805155,0.03788889064897397,188,368,229,263,329,188
1776754200.550172,94.9100394966284,41,-10,42.20189569201838,5.134050570805155,0.03788889064897397,188,368,229,263,329,188
1776754200.607595,94.9100394966284,41,-10,42.20189569201838,5.134050570805155,0.03788889064897397,188,368,229,263,329,188
1776754200.6640124,94.9100394966284,41,-10,42.20189569201838,5.134050570805155,0.03788889064897397,188,368,229,263,329,188
1776754200.7215488,94.9100394966284,41,-10,42.20189569201838,5.134050570805155,0.03788889064897397,188,368,229,263,329,188
1776754200.7787533,94.9100394966284,41,-10,42.20189569201838,5.134050570805155,0.03788889064897397,188,368,229,263,329,188
1776754200.8321192,94.9100394966284,41,-10,42.20189569201838,5.134050570805155,0.03788889064897397,188,368,229,263,329,188
1776754200.8892086,94.9100394966284,41,-10,42.20189569201838,5.134050570805155,0.03788889064897397,188,368,229,263,329,188
1776754200.9464018,94.9100394966284,41,-10,42.20189569201838,5.134050570805155,0.03788889064897397,188,368,229,263,329,188
1776754201.0037189,94.9100394966284,41,-10,42.20189569201838,5.134050570805155,0.03788889064897397,188,368,229,263,329,188
1776754201.0611963,94.9100394966284,41,-10,42.20189569201838,5.134050570805155,0.03788889064897397,188,368,229,263,329,188
1776754201.118442,94.9100394966284,41,-11,42.44997055358225,5.164229994353071,0.03737011518803831,188,368,229,263,329,187
1776754201.1717553,94.9100394966284,41,-11,42.44997055358225,5.164229994353071,0.03737011518803831,188,368,229,263,329,187
1776754201.2299974,94.9100394966284,41,-11,42.44997055358225,5.164229994353071,0.03737011518803831,188,368,229,263,329,187
1776754201.2864509,94.9100394966284,41,-11,42.44997055358225,5.164229994353071,0.03737011518803831,188,368,229,263,329,187
1776754201.3441355,94.9100394966284,41,-11,42.44997055358225,5.164229994353071,0.03737011518803831,188,368,229,263,329,187
1776754201.4012904,94.9100394966284,41,-11,42.44997055358225,5.164229994353071,0.03737011518803831,188,368,229,263,329,187
1776754201.4587402,94.9100394966284,41,-11,42.44997055358225,5.164229994353071,0.03737011518803831,188,368,229,263,329,187
1776754201.512139,94.9100394966284,41,-11,42.44997055358225,5.164229994353071,0.037977164205201336,189,368,229,263,329,187
1776754201.569684,94.9100394966284,41,-11,42.44997055358225,5.164229994353071,0.037977164205201336,189,368,229,263,329,187
1776754201.6264613,94.9100394966284,41,-11,42.44997055358225,5.164229994353071,0.037977164205201336,189,368,229,263,329,187
1776754201.683779,94.9100394966284,41,-11,42.44997055358225,5.164229994353071,0.037977164205201336,189,368,229,263,329,187
1776754201.7420912,94.9100394966284,41,-11,42.44997055358225,5.164229994353071,0.037977164205201336,189,368,229,263,329,187
1776754201.7990046,94.9100394966284,41,-11,42.44997055358225,5.164229994353071,0.037977164205201336,189,368,229,263,329,187
1776754201.8518994,94.9100394966284,42,-11,43.41658669218482,5.28182319856263,0.037561520763481064,188,368,229,263,330,187
1776754201.9094326,94.9100394966284,42,-11,43.41658669218482,5.28182319856263,0.037561520763481064,188,368,229,263,330,187
1776754201.9666593,94.9100394966284,42,-11,43.41658669218482,5.28182319856263,0.037561520763481064,188,368,229,263,330,187
1776754202.0243766,94.9100394966284,42,-11,43.41658669218482,5.28182319856263,0.03814050358578411,188,368,229,262,330,187
1776754202.0815308,94.9100394966284,42,-11,43.41658669218482,5.28182319856263,0.03814050358578411,188,368,229,262,330,187
1776754202.1388721,94.9100394966284,42,-11,43.41658669218482,5.28182319856263,0.03814050358578411,188,368,229,262,330,187
1776754202.1919236,94.9100394966284,42,-11,43.41658669218482,5.28182319856263,0.03814050358578411,188,368,229,262,330,187
1776754202.2494311,94.9100394966284,42,-11,43.41658669218482,5.28182319856263,0.03814050358578411,188,368,229,262,330,187
1776754202.306999,94.9100394966284,42,-11,43.41658669218482,5.28182319856263,0.03814050358578411,188,368,229,262,330,187
1776754202.36424,94.9100394966284,42,-11,43.41658669218482,5.28182319856263,0.03814050358578411,188,368,229,262,330,187
1776754202.4212544,94.9100394966284,42,-11,43.41658669218482,5.28182319856263,0.03814050358578411,188,368,229,262,330,187
1776754202.479374,94.9100394966284,42,-11,43.41658669218482,5.28182319856263,0.03814050358578411,188,368,229,262,330,187
1776754202.5319912,94.9100394966284,42,-11,43.41658669218482,5.28182319856263,0.03814050358578411,188,368,229,262,330,187
1776754202.588882,94.9100394966284,42,-11,43.41658669218482,5.28182319856263,0.03814050358578411,188,368,229,262,330,187
1776754202.6472409,94.9100394966284,42,-11,43.41658669218482,5.28182319856263,0.03814050358578411,188,368,229,262,330,187
1776754202.704198,94.9100394966284,42,-11,43.41658669218482,5.28182319856263,0.03814050358578411,188,368,229,262,330,187
1776754202.761029,94.9100394966284,42,-11,43.41658669218482,5.28182319856263,0.03814050358578411,188,368,229,262,330,187
1776754202.8187084,94.9100394966284,42,-11,43.41658669218482,5.28182319856263,0.03814050358578411,188,368,229,262,330,187
1776754202.8719869,94.9100394966284,42,-11,43.41658669218482,5.28182319856263,0.03814050358578411,188,368,229,262,330,187
1776754202.9293325,94.9100394966284,42,-11,43.41658669218482,5.28182319856263,0.03814050358578411,188,368,229,262,330,187
1776754202.9864378,94.9100394966284,42,-11,43.41658669218482,5.28182319856263,0.03814050358578411,188,368,229,262,330,187
1776754203.0442283,94.9100394966284,42,-11,43.41658669218482,5.28182319856263,0.03814050358578411,188,368,229,262,330,187
1776754203.1024418,94.9100394966284,42,-11,43.41658669218482,5.28182319856263,0.0373547611166722,188,368,230,262,330,187
1776754203.1540928,94.9100394966284,42,-11,43.41658669218482,5.28182319856263,0.0373547611166722,188,368,230,262,330,187
1776754203.21138,94.9100394966284,42,-11,43.41658669218482,5.28182319856263,0.0373547611166722,188,368,230,262,330,187
1776754203.268722,94.9100394966284,42,-11,43.41658669218482,5.28182319856263,0.0373547611166722,188,368,230,262,330,187
1776754203.3262737,94.9100394966284,42,-11,43.41658669218482,5.28182319856263,0.0373547611166722,188,368,230,262,330,187
1776754203.3839226,94.9100394966284,42,-11,43.41658669218482,5.28182319856263,0.0373547611166722,188,368,230,262,330,187
1776754203.4409683,94.9100394966284,42,-11,43.41658669218482,5.28182319856263,0.0373547611166722,188,368,230,262,330,187
1776754203.4949064,94.9100394966284,42,-11,43.41658669218482,5.28182319856263,0.0373547611166722,188,368,230,262,330,187
1776754203.5514913,94.9100394966284,42,-11,43.41658669218482,5.28182319856263,0.0373547611166722,188,368,230,262,330,187
1776754203.609281,94.9100394966284,42,-11,43.41658669218482,5.28182319856263,0.0373547611166722,188,368,230,262,330,187
1776754203.6666555,94.9100394966284,43,-11,44.384682042344295,5.399596355516337,0.03754394250658312,188,368,230,262,331,187
1776754203.7235167,94.9100394966284,43,-11,44.384682042344295,5.399596355516337,0.03754394250658312,188,368,230,262,331,187
1776754203.7811177,94.9100394966284,43,-11,44.384682042344295,5.399596355516337,0.03754394250658312,188,368,230,262,331,187
1776754203.8344562,94.9100394966284,43,-11,44.384682042344295,5.399596355516337,0.03754394250658312,188,368,230,262,331,187
1776754203.892425,94.9100394966284,43,-11,44.384682042344295,5.399596355516337,0.03754394250658312,188,368,230,262,331,187
1776754203.9493425,94.9100394966284,43,-11,44.384682042344295,5.399596355516337,0.03754394250658312,188,368,230,262,331,187
1776754204.005998,94.9100394966284,43,-11,44.384682042344295,5.399596355516337,0.03754394250658312,188,368,230,262,331,187
1776754204.0634928,94.9100394966284,43,-11,44.384682042344295,5.399596355516337,0.03754394250658312,188,368,230,262,331,187
1776754204.1213243,94.9100394966284,43,-11,44.384682042344295,5.399596355516337,0.03754394250658312,188,368,230,262,331,187
1776754204.174622,94.9100394966284,43,-11,44.384682042344295,5.399596355516337,0.03754394250658312,188,368,230,262,331,187
1776754204.231742,94.9100394966284,43,-11,44.384682042344295,5.399596355516337,0.03754394250658312,188,368,230,262,331,187
1776754204.2887666,94.9100394966284,43,-11,44.384682042344295,5.399596355516337,0.03754394250658312,188,368,230,262,331,187
1776754204.346336,94.9100394966284,43,-11,44.384682042344295,5.399596355516337,0.03754394250658312,188,368,230,262,331,187
1776754204.4037635,94.9100394966284,43,-11,44.384682042344295,5.399596355516337,0.03754394250658312,188,368,230,262,331,187
1776754204.460814,94.9100394966284,43,-11,44.384682042344295,5.399596355516337,0.03754394250658312,188,368,230,262,331,187
1776754204.5144498,94.9100394966284,43,-11,44.384682042344295,5.399596355516337,0.03754394250658312,188,368,230,262,331,187
1776754204.571659,94.9100394966284,43,-11,44.384682042344295,5.399596355516337,0.03754394250658312,188,368,230,262,331,187
1776754204.6290562,94.9100394966284,43,-11,44.384682042344295,5.399596355516337,0.03754394250658312,188,368,230,262,331,187
1776754204.686356,94.9100394966284,43,-11,44.384682042344295,5.399596355516337,0.03754394250658312,188,368,230,262,331,187
1776754204.7438018,94.9100394966284,43,-11,44.384682042344295,5.399596355516337,0.03754394250658312,188,368,230,262,331,187
1776754204.7971818,94.9100394966284,43,-11,44.384682042344295,5.399596355516337,0.03754394250658312,188,368,230,262,331,187
1776754204.8543599,94.9100394966284,43,-11,44.384682042344295,5.399596355516337,0.03754394250658312,188,368,230,262,331,187
1776754204.9118657,94.9100394966284,43,-11,44.384682042344295,5.399596355516337,0.03754394250658312,188,368,230,262,331,187
1776754204.96884,94.9100394966284,43,-11,44.384682042344295,5.399596355516337,0.03754394250658312,188,368,230,262,331,187
1776754205.0260653,94.9100394966284,43,-11,44.384682042344295,5.399596355516337,0.03754394250658312,188,368,230,262,331,187
1776754205.0836744,94.9100394966284,44,-11,45.35416188179427,5.51753794182412,0.03772718103618677,188,368,230,262,332,187
1776754205.1369944,94.9100394966284,44,-11,45.35416188179427,5.51753794182412,0.03772718103618677,188,368,230,262,332,187
1776754205.1941242,94.9100394966284,44,-11,45.35416188179427,5.51753794182412,0.03772718103618677,188,368,230,262,332,187
1776754205.2514508,94.9100394966284,44,-11,45.35416188179427,5.51753794182412,0.03830360758115944,188,368,230,261,332,187
1776754205.3092308,94.9100394966284,44,-11,45.35416188179427,5.51753794182412,0.03830360758115944,188,368,230,261,332,187
1776754205.3665063,94.9100394966284,44,-11,45.35416188179427,5.51753794182412,0.03830360758115944,188,368,230,261,332,187
1776754205.4243915,94.9100394966284,44,-11,45.35416188179427,5.51753794182412,0.03830360758115944,188,368,230,261,332,187
1776754205.476408,94.9100394966284,44,-11,45.35416188179427,5.51753794182412,0.03830360758115944,188,368,230,261,332,187
1776754205.5338817,94.9100394966284,44,-11,45.35416188179427,5.51753794182412,0.03830360758115944,188,368,230,261,332,187
1776754205.5912344,94.9100394966284,44,-11,45.35416188179427,5.51753794182412,0.03830360758115944,188,368,230,261,332,187
1776754205.648913,94.9100394966284,44,-11,45.35416188179427,5.51753794182412,0.03830360758115944,188,368,230,261,332,187
1776754205.7057672,94.9100394966284,44,-11,45.35416188179427,5.51753794182412,0.03830360758115944,188,368,230,261,332,187
1776754205.763253,94.9100394966284,44,-11,45.35416188179427,5.51753794182412,0.03830360758115944,188,368,230,261,332,187
1776754205.8173592,94.9100394966284,44,-11,45.35416188179427,5.51753794182412,0.03830360758115944,188,368,230,261,332,187
1776754205.8743231,94.9100394966284,44,-11,45.35416188179427,5.51753794182412,0.03830360758115944,188,368,230,261,332,187
1776754205.9315057,94.9100394966284,44,-11,45.35416188179427,5.51753794182412,0.03830360758115944,188,368,230,261,332,187
1776754205.9890318,94.9100394966284,44,-11,45.35416188179427,5.51753794182412,0.03830360758115944,188,368,230,261,332,187
1776754206.0464406,94.9100394966284,44,-11,45.35416188179427,5.51753794182412,0.03830360758115944,188,368,230,261,332,187
1776754206.1035297,94.9100394966284,44,-11,45.35416188179427,5.51753794182412,0.03830360758115944,188,368,230,261,332,187
1776754206.1566567,94.9100394966284,44,-11,45.35416188179427,5.51753794182412,0.03830360758115944,188,368,230,261,332,187
1776754206.214309,94.9100394966284,44,-11,45.35416188179427,5.51753794182412,0.03830360758115944,188,368,230,261,332,187
1776754206.2711816,94.9100394966284,44,-11,45.35416188179427,5.51753794182412,0.03830360758115944,188,368,230,261,332,187
1776754206.3294797,94.9100394966284,44,-11,45.35416188179427,5.51753794182412,0.03830360758115944,188,368,230,261,332,187
1776754206.386511,94.9100394966284,44,-11,45.35416188179427,5.51753794182412,0.03830360758115944,188,368,230,261,332,187
1776754206.4438417,94.9100394966284,44,-11,45.35416188179427,5.51753794182412,0.03830360758115944,188,368,230,261,332,187
1776754206.4967117,94.9100394966284,44,-11,45.35416188179427,5.51753794182412,0.03830360758115944,188,368,230,261,332,187
1776754206.553671,94.9100394966284,44,-11,45.35416188179427,5.51753794182412,0.03830360758115944,188,368,230,261,332,187
1776754206.6110606,94.9100394966284,44,-11,45.35416188179427,5.51753794182412,0.03830360758115944,188,368,230,261,332,187
1776754206.6685526,94.9100394966284,44,-11,45.35416188179427,5.51753794182412,0.03830360758115944,188,368,230,261,332,187
1776754206.7262259,94.9100394966284,44,-11,45.35416188179427,5.51753794182412,0.03830360758115944,188,368,230,261,332,187
1776754206.783573,94.9100394966284,44,-11,45.35416188179427,5.51753794182412,0.03830360758115944,188,368,230,261,332,187
1776754206.837719,94.9100394966284,45,-11,46.32493928760188,5.635637382919936,0.038476636908753116,188,368,230,261,333,187
1776754206.894376,94.9100394966284,45,-11,46.32493928760188,5.635637382919936,0.038476636908753116,188,368,230,261,333,187
1776754206.9516747,94.9100394966284,45,-11,46.32493928760188,5.635637382919936,0.038476636908753116,188,368,230,261,333,187
1776754207.0089266,94.9100394966284,45,-11,46.32493928760188,5.635637382919936,0.038476636908753116,188,368,230,261,333,187
1776754207.0657105,94.9100394966284,45,-11,46.32493928760188,5.635637382919936,0.037717302198848716,188,368,231,261,333,187
1776754207.1192334,94.9100394966284,45,-11,46.32493928760188,5.635637382919936,0.037717302198848716,188,368,231,261,333,187
1776754207.1773376,94.9100394966284,45,-11,46.32493928760188,5.635637382919936,0.037717302198848716,188,368,231,261,333,187
1776754207.2336137,94.9100394966284,45,-11,46.32493928760188,5.635637382919936,0.037717302198848716,188,368,231,261,333,187
1776754207.2913766,94.9100394966284,45,-11,46.32493928760188,5.635637382919936,0.037717302198848716,188,368,231,261,333,187
1776754207.3490775,94.9100394966284,45,-11,46.32493928760188,5.635637382919936,0.037717302198848716,188,368,231,261,333,187
1776754207.4062154,94.9100394966284,45,-11,46.32493928760188,5.635637382919936,0.037717302198848716,188,368,231,261,333,187
1776754207.4597673,94.9100394966284,45,-11,46.32493928760188,5.635637382919936,0.037717302198848716,188,368,231,261,333,187
1776754207.51704,94.9100394966284,45,-11,46.32493928760188,5.635637382919936,0.037717302198848716,188,368,231,261,333,187
1776754207.5744216,94.9100394966284,45,-11,46.32493928760188,5.635637382919936,0.037717302198848716,188,368,231,261,333,187
1776754207.6309166,94.9100394966284,45,-11,46.32493928760188,5.635637382919936,0.037717302198848716,188,368,231,261,333,187
1776754207.6889236,94.9100394966284,45,-11,46.32493928760188,5.635637382919936,0.037717302198848716,188,368,231,261,333,187
1776754207.745411,94.9100394966284,45,-11,46.32493928760188,5.635637382919936,0.037717302198848716,188,368,231,261,333,187
1776754207.7987614,94.9100394966284,45,-11,46.32493928760188,5.635637382919936,0.037717302198848716,188,368,231,261,333,187
1776754207.8562071,94.9100394966284,45,-11,46.32493928760188,5.635637382919936,0.037717302198848716,188,368,231,261,333,187
1776754207.9137454,94.9100394966284,45,-11,46.32493928760188,5.635637382919936,0.037717302198848716,188,368,231,261,333,187
1776754207.9712265,94.9100394966284,45,-11,46.32493928760188,5.635637382919936,0.037717302198848716,188,368,231,261,333,187
1776754208.0281413,94.9100394966284,45,-11,46.32493928760188,5.635637382919936,0.037717302198848716,188,368,231,261,333,187
1776754208.0854266,94.9100394966284,45,-11,46.32493928760188,5.635637382919936,0.037717302198848716,188,368,231,261,333,187
1776754208.1390905,94.9100394966284,45,-11,46.32493928760188,5.635637382919936,0.037717302198848716,188,368,231,261,333,187
1776754208.1969676,94.9100394966284,45,-11,46.32493928760188,5.635637382919936,0.037717302198848716,188,368,231,261,333,187
1776754208.2547383,94.9100394966284,45,-11,46.32493928760188,5.635637382919936,0.037717302198848716,188,368,231,261,333,187
1776754208.3114126,94.9100394966284,45,-11,46.32493928760188,5.635637382919936,0.037717302198848716,188,368,231,261,333,187
1776754208.368456,94.9100394966284,45,-11,46.32493928760188,5.635637382919936,0.037717302198848716,188,368,231,261,333,187
1776754208.4254603,94.9100394966284,45,-11,46.32493928760188,5.635637382919936,0.037717302198848716,188,368,231,261,333,187
1776754208.4787269,94.9100394966284,46,-11,47.29693436154187,5.7538849588250445,0.03789243248527919,188,368,231,261,334,187
1776754208.5365784,94.9100394966284,46,-11,47.29693436154187,5.7538849588250445,0.03789243248527919,188,368,231,261,334,187
1776754208.5947094,94.9100394966284,46,-11,47.29693436154187,5.7538849588250445,0.0384660541649951,188,368,231,260,334,187
1776754208.6510286,94.9100394966284,46,-11,47.29693436154187,5.7538849588250445,0.0384660541649951,188,368,231,260,334,187
1776754208.7084634,94.9100394966284,46,-11,47.29693436154187,5.7538849588250445,0.0384660541649951,188,368,231,260,334,187
1776754208.7614365,94.9100394966284,46,-11,47.29693436154187,5.7538849588250445,0.0384660541649951,188,368,231,260,334,187
1776754208.8191757,94.9100394966284,46,-11,47.29693436154187,5.7538849588250445,0.0384660541649951,188,368,231,260,334,187
1776754208.8766031,94.9100394966284,46,-11,47.29693436154187,5.7538849588250445,0.0384660541649951,188,368,231,260,334,187
1776754208.9333887,94.9100394966284,46,-11,47.29693436154187,5.7538849588250445,0.0384660541649951,188,368,231,260,334,187
1776754208.9907386,94.9100394966284,46,-11,47.29693436154187,5.7538849588250445,0.0384660541649951,188,368,231,260,334,187
1776754209.0484002,94.9100394966284,46,-11,47.29693436154187,5.7538849588250445,0.0384660541649951,188,368,231,260,334,187
1776754209.1017163,94.9100394966284,46,-11,47.29693436154187,5.7538849588250445,0.0384660541649951,188,368,231,260,334,187
1776754209.1593301,94.9100394966284,46,-11,47.29693436154187,5.7538849588250445,0.0384660541649951,188,368,231,260,334,187
1776754209.21595,94.9100394966284,46,-11,47.29693436154187,5.7538849588250445,0.0384660541649951,188,368,231,260,334,187
1776754209.273509,94.9100394966284,46,-11,47.29693436154187,5.7538849588250445,0.0384660541649951,188,368,231,260,334,187
1776754209.3310487,94.9100394966284,46,-11,47.29693436154187,5.7538849588250445,0.0384660541649951,188,368,231,260,334,187
1776754209.3887262,94.9100394966284,46,-11,47.29693436154187,5.7538849588250445,0.0384660541649951,188,368,231,260,334,187
1776754209.4416873,94.9100394966284,46,-11,47.29693436154187,5.7538849588250445,0.0384660541649951,188,368,231,260,334,187
1776754209.498687,94.9100394966284,46,-11,47.29693436154187,5.7538849588250445,0.0384660541649951,188,368,231,260,334,187
1776754209.5564969,94.9100394966284,46,-11,47.29693436154187,5.7538849588250445,0.0384660541649951,188,368,231,260,334,187
1776754209.6145163,94.9100394966284,46,-11,47.29693436154187,5.7538849588250445,0.0384660541649951,188,368,231,260,334,187
1776754209.6709354,94.9100394966284,46,-11,47.29693436154187,5.7538849588250445,0.0384660541649951,188,368,231,260,334,187
1776754209.7282238,94.9100394966284,46,-11,47.29693436154187,5.7538849588250445,0.0384660541649951,188,368,231,260,334,187
1776754209.782538,94.9100394966284,46,-11,47.29693436154187,5.7538849588250445,0.0384660541649951,188,368,231,260,334,187
1776754209.8385084,94.9100394966284,46,-11,47.29693436154187,5.7538849588250445,0.0384660541649951,188,368,231,260,334,187
1776754209.896229,94.9100394966284,47,-11,48.27007354458868,5.872271720752881,0.03863107326225059,188,368,231,260,335,187
1776754209.953312,94.9100394966284,47,-11,48.27007354458868,5.872271720752881,0.03863107326225059,188,368,231,260,335,187
1776754210.0104487,94.9100394966284,47,-11,48.27007354458868,5.872271720752881,0.03863107326225059,188,368,231,260,335,187
1776754210.0677269,94.9100394966284,47,-11,48.27007354458868,5.872271720752881,0.03863107326225059,188,368,231,260,335,187
1776754210.121393,94.9100394966284,47,-11,48.27007354458868,5.872271720752881,0.03863107326225059,188,368,231,260,335,187
1776754210.1794996,94.9100394966284,47,-11,48.27007354458868,5.872271720752881,0.03863107326225059,188,368,231,260,335,187
1776754210.2359686,94.9100394966284,47,-11,48.27007354458868,5.872271720752881,0.03863107326225059,188,368,231,260,335,187
1776754210.293703,94.9100394966284,47,-11,48.27007354458868,5.872271720752881,0.03863107326225059,188,368,231,260,335,187
1776754210.3505502,94.9100394966284,47,-11,48.27007354458868,5.872271720752881,0.03863107326225059,188,368,231,260,335,187
1776754210.40819,94.9100394966284,47,-11,48.27007354458868,5.872271720752881,0.03788977792627365,188,368,232,260,335,187
1776754210.4614027,94.9100394966284,47,-11,48.27007354458868,5.872271720752881,0.03788977792627365,188,368,232,260,335,187
1776754210.5197382,94.9100394966284,47,-11,48.27007354458868,5.872271720752881,0.03788977792627365,188,368,232,260,335,187
1776754210.576266,94.9100394966284,47,-11,48.27007354458868,5.872271720752881,0.03788977792627365,188,368,232,260,335,187
1776754210.6333332,94.9100394966284,47,-11,48.27007354458868,5.872271720752881,0.03788977792627365,188,368,232,260,335,187
1776754210.6903844,94.9100394966284,47,-11,48.27007354458868,5.872271720752881,0.03788977792627365,188,368,232,260,335,187
1776754210.744245,94.9100394966284,47,-11,48.27007354458868,5.872271720752881,0.03788977792627365,188,368,232,260,335,187
1776754210.80159,94.9100394966284,47,-11,48.27007354458868,5.872271720752881,0.03788977792627365,188,368,232,260,335,187
1776754210.8585472,94.9100394966284,47,-11,48.27007354458868,5.872271720752881,0.03788977792627365,188,368,232,260,335,187
1776754210.9158049,94.9100394966284,47,-11,48.27007354458868,5.872271720752881,0.03788977792627365,188,368,232,260,335,187
1776754210.9731572,94.9100394966284,47,-11,48.27007354458868,5.872271720752881,0.03788977792627365,188,368,232,260,335,187
1776754211.0307605,94.9100394966284,47,-11,48.27007354458868,5.872271720752881,0.03788977792627365,188,368,232,260,335,187
1776754211.08456,94.9100394966284,47,-11,48.27007354458868,5.872271720752881,0.03788977792627365,188,368,232,260,335,187
1776754211.141547,94.9100394966284,47,-12,48.507731342539614,5.901183861622823,0.03738191546767753,188,368,232,260,335,186
1776754211.1995387,94.9100394966284,47,-12,48.507731342539614,5.901183861622823,0.03738191546767753,188,368,232,260,335,186
1776754211.2564044,94.9100394966284,47,-12,48.507731342539614,5.901183861622823,0.03738191546767753,188,368,232,260,335,186
1776754211.3135562,94.9100394966284,47,-12,48.507731342539614,5.901183861622823,0.03738191546767753,188,368,232,260,335,186
1776754211.3701837,94.9100394966284,47,-12,48.507731342539614,5.901183861622823,0.03738191546767753,188,368,232,260,335,186
1776754211.4241314,94.9100394966284,47,-12,48.507731342539614,5.901183861622823,0.03738191546767753,188,368,232,260,335,186
1776754211.4810653,94.9100394966284,48,-12,49.47726750741192,6.0191323001717665,0.03755246407448324,188,368,232,260,336,186
1776754211.5390828,94.9100394966284,48,-12,49.47726750741192,6.0191323001717665,0.03755246407448324,188,368,232,260,336,186
1776754211.5959876,94.9100394966284,48,-12,49.47726750741192,6.0191323001717665,0.03755246407448324,188,368,232,260,336,186
1776754211.6534636,94.9100394966284,48,-12,49.47726750741192,6.0191323001717665,0.03755246407448324,188,368,232,260,336,186
1776754211.7102196,94.9100394966284,48,-12,49.47726750741192,6.0191323001717665,0.03755246407448324,188,368,232,260,336,186
1776754211.7641897,94.9100394966284,48,-12,49.47726750741192,6.0191323001717665,0.03755246407448324,188,368,232,260,336,186
1776754211.8214962,94.9100394966284,48,-12,49.47726750741192,6.0191323001717665,0.03755246407448324,188,368,232,260,336,186
1776754211.8787317,94.9100394966284,48,-12,49.47726750741192,6.0191323001717665,0.03755246407448324,188,368,232,260,336,186
1776754211.9358919,94.9100394966284,48,-12,49.47726750741192,6.0191323001717665,0.03755246407448324,188,368,232,260,336,186
1776754211.99312,94.9100394966284,48,-12,49.47726750741192,6.0191323001717665,0.03755246407448324,188,368,232,260,336,186
1776754212.0508535,94.9100394966284,48,-12,49.47726750741192,6.0191323001717665,0.03755246407448324,188,368,232,260,336,186
1776754212.1041257,94.9100394966284,48,-12,49.47726750741192,6.0191323001717665,0.03755246407448324,188,368,232,260,336,186
1776754212.161213,94.9100394966284,48,-12,49.47726750741192,6.0191323001717665,0.03755246407448324,188,368,232,260,336,186
1776754212.2185936,94.9100394966284,48,-12,49.47726750741192,6.0191323001717665,0.03755246407448324,188,368,232,260,336,186
1776754212.2755241,94.9100394966284,48,-12,49.47726750741192,6.0191323001717665,0.03755246407448324,188,368,232,260,336,186
1776754212.3330793,94.9100394966284,48,-12,49.47726750741192,6.0191323001717665,0.03755246407448324,188,368,232,260,336,186
1776754212.390312,94.9100394966284,48,-12,49.47726750741192,6.0191323001717665,0.03755246407448324,188,368,232,260,336,186
1776754212.4440622,94.9100394966284,48,-12,49.47726750741192,6.0191323001717665,0.03755246407448324,188,368,232,260,336,186
1776754212.5013523,94.9100394966284,48,-12,49.47726750741192,6.0191323001717665,0.03755246407448324,188,368,232,260,336,186
1776754212.5585232,94.9100394966284,48,-12,49.47726750741192,6.0191323001717665,0.03755246407448324,188,368,232,260,336,186
1776754212.6160343,94.9100394966284,48,-12,49.47726750741192,6.0191323001717665,0.03755246407448324,188,368,232,260,336,186
1776754212.6728978,94.9100394966284,48,-12,49.47726750741192,6.0191323001717665,0.03755246407448324,188,368,232,260,336,186
1776754212.7266684,94.9100394966284,48,-12,49.47726750741192,6.0191323001717665,0.03755246407448324,188,368,232,260,336,186
1776754212.783689,94.9100394966284,48,-12,49.47726750741192,6.0191323001717665,0.03755246407448324,188,368,232,260,336,186
1776754212.8409486,94.9100394966284,48,-12,49.47726750741192,6.0191323001717665,0.03755246407448324,188,368,232,260,336,186
1776754212.8980854,94.9100394966284,48,-12,49.47726750741192,6.0191323001717665,0.03812009376042866,188,368,232,259,336,186
1776754212.9559886,94.9100394966284,48,-12,49.47726750741192,6.0191323001717665,0.03812009376042866,188,368,232,259,336,186
1776754213.0133517,94.9100394966284,48,-12,49.47726750741192,6.0191323001717665,0.03812009376042866,188,368,232,259,336,186
1776754213.0664666,94.9100394966284,48,-12,49.47726750741192,6.0191323001717665,0.03812009376042866,188,368,232,259,336,186
1776754213.123714,94.9100394966284,49,-12,50.44799302251776,6.13722542853014,0.03828074152810206,188,368,232,259,337,186
1776754213.1812932,94.9100394966284,49,-12,50.44799302251776,6.13722542853014,0.03828074152810206,188,368,232,259,337,186
1776754213.2385342,94.9100394966284,49,-12,50.44799302251776,6.13722542853014,0.03828074152810206,188,368,232,259,337,186
1776754213.2957087,94.9100394966284,49,-12,50.44799302251776,6.13722542853014,0.03828074152810206,188,368,232,259,337,186
1776754213.3529115,94.9100394966284,49,-12,50.44799302251776,6.13722542853014,0.03828074152810206,188,368,232,259,337,186
1776754213.4062877,94.9100394966284,49,-12,50.44799302251776,6.13722542853014,0.03828074152810206,188,368,232,259,337,186
1776754213.4640357,94.9100394966284,49,-12,50.44799302251776,6.13722542853014,0.03828074152810206,188,368,232,259,337,186
1776754213.5208464,94.9100394966284,49,-12,50.44799302251776,6.13722542853014,0.03828074152810206,188,368,232,259,337,186
1776754213.578302,94.9100394966284,49,-12,50.44799302251776,6.13722542853014,0.03828074152810206,188,368,232,259,337,186
1776754213.6357098,94.9100394966284,49,-12,50.44799302251776,6.13722542853014,0.03828074152810206,188,368,232,259,337,186
1776754213.693578,94.9100394966284,49,-12,50.44799302251776,6.13722542853014,0.03828074152810206,188,368,232,259,337,186
1776754213.7465646,94.9100394966284,49,-12,50.44799302251776,6.13722542853014,0.03828074152810206,188,368,232,259,337,186
1776754213.8038237,94.9100394966284,49,-12,50.44799302251776,6.13722542853014,0.03828074152810206,188,368,232,259,337,186
1776754213.8608954,94.9100394966284,49,-12,50.44799302251776,6.13722542853014,0.03828074152810206,188,368,232,259,337,186
1776754213.9190881,94.9100394966284,49,-12,50.44799302251776,6.13722542853014,0.03884674281481788,189,368,232,259,337,186
1776754213.9757864,94.9100394966284,49,-12,50.44799302251776,6.13722542853014,0.03884674281481788,189,368,232,259,337,186
1776754214.0330462,94.9100394966284,49,-12,50.44799302251776,6.13722542853014,0.03884674281481788,189,368,232,259,337,186
1776754214.0867476,94.9100394966284,49,-12,50.44799302251776,6.13722542853014,0.03884674281481788,189,368,232,259,337,186
1776754214.1437628,94.9100394966284,49,-12,50.44799302251776,6.13722542853014,0.03884674281481788,189,368,232,259,337,186
1776754214.2009902,94.9100394966284,49,-12,50.44799302251776,6.13722542853014,0.03884674281481788,189,368,232,259,337,186
1776754214.2585578,94.9100394966284,49,-12,50.44799302251776,6.13722542853014,0.03884674281481788,189,368,232,259,337,186
1776754214.3156946,94.9100394966284,49,-12,50.44799302251776,6.13722542853014,0.03884674281481788,189,368,232,259,337,186
1776754214.3731403,94.9100394966284,49,-12,50.44799302251776,6.13722542853014,0.03884674281481788,189,368,232,259,337,186
1776754214.4263124,94.9100394966284,49,-12,50.44799302251776,6.13722542853014,0.03884674281481788,189,368,232,259,337,186
1776754214.4832702,94.9100394966284,50,-12,51.419840528729765,6.255455052156905,0.038999966456028594,189,368,232,259,338,186
1776754214.541273,94.9100394966284,50,-12,51.419840528729765,6.255455052156905,0.038999966456028594,189,368,232,259,338,186
1776754214.5978906,94.9100394966284,50,-12,51.419840528729765,6.255455052156905,0.038999966456028594,189,368,232,259,338,186
1776754214.6554625,94.9100394966284,50,-12,51.419840528729765,6.255455052156905,0.038999966456028594,189,368,232,259,338,186
1776754214.7091124,94.9100394966284,50,-12,51.419840528729765,6.255455052156905,0.038999966456028594,189,368,232,259,338,186
1776754214.766178,94.9100394966284,50,-12,51.419840528729765,6.255455052156905,0.03843600946168675,188,368,232,259,338,186
1776754214.82368,94.9100394966284,50,-12,51.419840528729765,6.255455052156905,0.03843600946168675,188,368,232,259,338,186
1776754214.880534,94.9100394966284,50,-12,51.419840528729765,6.255455052156905,0.03843600946168675,188,368,232,259,338,186
1776754214.9381158,94.9100394966284,50,-12,51.419840528729765,6.255455052156905,0.03843600946168675,188,368,232,259,338,186
1776754214.995878,94.9100394966284,50,-12,51.419840528729765,6.255455052156905,0.03843600946168675,188,368,232,259,338,186
1776754215.049131,94.9100394966284,50,-12,51.419840528729765,6.255455052156905,0.03843600946168675,188,368,232,259,338,186
1776754215.1065278,94.9100394966284,50,-12,51.419840528729765,6.255455052156905,0.03843600946168675,188,368,232,259,338,186
1776754215.1635113,94.9100394966284,50,-12,51.419840528729765,6.255455052156905,0.03843600946168675,188,368,232,259,338,186
1776754215.2220361,94.9100394966284,50,-12,51.419840528729765,6.255455052156905,0.03843600946168675,188,368,232,259,338,186
1776754215.2778194,94.9100394966284,50,-12,51.419840528729765,6.255455052156905,0.03843600946168675,188,368,232,259,338,186
1776754215.3357093,94.9100394966284,50,-12,51.419840528729765,6.255455052156905,0.03843600946168675,188,368,232,259,338,186
1776754215.3894815,94.9100394966284,50,-12,51.419840528729765,6.255455052156905,0.03843600946168675,188,368,232,259,338,186
1776754215.4464138,94.9100394966284,50,-12,51.419840528729765,6.255455052156905,0.03843600946168675,188,368,232,259,338,186
1776754215.503301,94.9100394966284,50,-12,51.419840528729765,6.255455052156905,0.03843600946168675,188,368,232,259,338,186
1776754215.5611508,94.9100394966284,50,-12,51.419840528729765,6.255455052156905,0.03843600946168675,188,368,232,259,338,186
1776754215.6182709,94.9100394966284,50,-12,51.419840528729765,6.255455052156905,0.03843600946168675,188,368,232,259,338,186
1776754215.6754675,94.9100394966284,50,-12,51.419840528729765,6.255455052156905,0.03843600946168675,188,368,232,259,338,186
1776754215.7283216,94.9100394966284,50,-12,51.419840528729765,6.255455052156905,0.03843600946168675,188,368,232,259,338,186
1776754215.786058,94.9100394966284,50,-12,51.419840528729765,6.255455052156905,0.03843600946168675,188,368,232,259,338,186
1776754215.8436303,94.9100394966284,50,-12,51.419840528729765,6.255455052156905,0.03843600946168675,188,368,232,259,338,186
1776754215.9010217,94.9100394966284,50,-12,51.419840528729765,6.255455052156905,0.03843600946168675,188,368,232,259,338,186
1776754215.9583662,94.9100394966284,50,-12,51.419840528729765,6.255455052156905,0.03899172369611336,188,368,232,258,338,186
1776754216.0154545,94.9100394966284,50,-12,51.419840528729765,6.255455052156905,0.03899172369611336,188,368,232,258,338,186
1776754216.0691211,94.9100394966284,51,-12,52.392747589718944,6.3738135753915985,0.03843528481807865,188,368,233,258,339,186
1776754216.1271517,94.9100394966284,51,-12,52.392747589718944,6.3738135753915985,0.03843528481807865,188,368,233,258,339,186
1776754216.1834786,94.9100394966284,51,-12,52.392747589718944,6.3738135753915985,0.03843528481807865,188,368,233,258,339,186
1776754216.2407477,94.9100394966284,51,-12,52.392747589718944,6.3738135753915985,0.03843528481807865,188,368,233,258,339,186
1776754216.2976742,94.9100394966284,51,-12,52.392747589718944,6.3738135753915985,0.03843528481807865,188,368,233,258,339,186
1776754216.3555243,94.9100394966284,51,-12,52.392747589718944,6.3738135753915985,0.03843528481807865,188,368,233,258,339,186
1776754216.4091973,94.9100394966284,51,-12,52.392747589718944,6.3738135753915985,0.03843528481807865,188,368,233,258,339,186
1776754216.4691875,94.9100394966284,51,-12,52.392747589718944,6.3738135753915985,0.03843528481807865,188,368,233,258,339,186
1776754216.5233755,94.9100394966284,51,-12,52.392747589718944,6.3738135753915985,0.03843528481807865,188,368,233,258,339,186
1776754216.5806806,94.9100394966284,51,-12,52.392747589718944,6.3738135753915985,0.03843528481807865,188,368,233,258,339,186
1776754216.6383445,94.9100394966284,51,-12,52.392747589718944,6.3738135753915985,0.03843528481807865,188,368,233,258,339,186
1776754216.6915295,94.9100394966284,51,-12,52.392747589718944,6.3738135753915985,0.03843528481807865,188,368,233,258,339,186
1776754216.7484338,94.9100394966284,51,-12,52.392747589718944,6.3738135753915985,0.03843528481807865,188,368,233,258,339,186
1776754216.8055305,94.9100394966284,51,-12,52.392747589718944,6.3738135753915985,0.03843528481807865,188,368,233,258,339,186
1776754216.8629084,94.9100394966284,51,-12,52.392747589718944,6.3738135753915985,0.03843528481807865,188,368,233,258,339,186
1776754216.9205225,94.9100394966284,51,-12,52.392747589718944,6.3738135753915985,0.03843528481807865,188,368,233,258,339,186
1776754216.977932,94.9100394966284,51,-12,52.392747589718944,6.3738135753915985,0.03843528481807865,188,368,233,258,339,186
1776754217.031307,94.9100394966284,51,-12,52.392747589718944,6.3738135753915985,0.03843528481807865,188,368,233,258,339,186
1776754217.088913,94.9100394966284,51,-12,52.392747589718944,6.3738135753915985,0.03843528481807865,188,368,233,258,339,186
1776754217.1459572,94.9100394966284,51,-12,52.392747589718944,6.3738135753915985,0.03843528481807865,188,368,233,258,339,186
1776754217.2038116,94.9100394966284,51,-12,52.392747589718944,6.3738135753915985,0.03843528481807865,188,368,233,258,339,186
1776754217.2618527,94.9100394966284,51,-12,52.392747589718944,6.3738135753915985,0.03843528481807865,188,368,233,258,339,186
1776754217.3179553,94.9100394966284,52,-12,53.36665625650534,6.4922939484799675,0.038582912166495426,188,368,233,258,340,186
1776754217.3709898,94.9100394966284,52,-12,53.36665625650534,6.4922939484799675,0.038582912166495426,188,368,233,258,340,186
1776754217.4289267,94.9100394966284,52,-12,53.36665625650534,6.4922939484799675,0.038582912166495426,188,368,233,258,340,186
1776754217.4865973,94.9100394966284,52,-12,53.36665625650534,6.4922939484799675,0.038582912166495426,188,368,233,258,340,186
1776754217.5433426,94.9100394966284,52,-12,53.36665625650534,6.4922939484799675,0.038582912166495426,188,368,233,258,340,186
1776754217.600668,94.9100394966284,52,-12,53.36665625650534,6.4922939484799675,0.038582912166495426,188,368,233,258,340,186
1776754217.657955,94.9100394966284,52,-12,53.36665625650534,6.4922939484799675,0.038582912166495426,188,368,233,258,340,186
1776754217.710767,94.9100394966284,52,-12,53.36665625650534,6.4922939484799675,0.038582912166495426,188,368,233,258,340,186
1776754217.7689123,94.9100394966284,52,-12,53.36665625650534,6.4922939484799675,0.038582912166495426,188,368,233,258,340,186
1776754217.8258448,94.9100394966284,52,-12,53.36665625650534,6.4922939484799675,0.038582912166495426,188,368,233,258,340,186
1776754217.8832781,94.9100394966284,52,-12,53.36665625650534,6.4922939484799675,0.038582912166495426,188,368,233,258,340,186
1776754217.9405668,94.9100394966284,52,-12,53.36665625650534,6.4922939484799675,0.038582912166495426,188,368,233,258,340,186
1776754217.997954,94.9100394966284,52,-12,53.36665625650534,6.4922939484799675,0.038582912166495426,188,368,233,258,340,186
1776754218.0512705,94.9100394966284,52,-12,53.36665625650534,6.4922939484799675,0.038582912166495426,188,368,233,258,340,186
1776754218.1085002,94.9100394966284,52,-12,53.36665625650534,6.4922939484799675,0.038582912166495426,188,368,233,258,340,186
1776754218.1664577,94.9100394966284,52,-12,53.36665625650534,6.4922939484799675,0.038582912166495426,188,368,233,258,340,186
1776754218.2227821,94.9100394966284,52,-12,53.36665625650534,6.4922939484799675,0.038582912166495426,188,368,233,258,340,186
1776754218.2811563,94.9100394966284,52,-12,53.36665625650534,6.4922939484799675,0.03913537823640051,188,368,233,257,340,186
1776754218.3378706,94.9100394966284,52,-12,53.36665625650534,6.4922939484799675,0.03913537823640051,188,368,233,257,340,186
1776754218.3914945,94.9100394966284,52,-12,53.36665625650534,6.4922939484799675,0.03913537823640051,188,368,233,257,340,186
1776754218.4484708,94.9100394966284,52,-12,53.36665625650534,6.4922939484799675,0.03913537823640051,188,368,233,257,340,186
1776754218.505633,94.9100394966284,53,-12,54.3415126767741,6.61088962004551,0.03927346474649007,188,368,233,257,341,186
1776754218.5632439,94.9100394966284,53,-12,54.3415126767741,6.61088962004551,0.03927346474649007,188,368,233,257,341,186
1776754218.620699,94.9100394966284,53,-12,54.3415126767741,6.61088962004551,0.03927346474649007,188,368,233,257,341,186
1776754218.6739302,94.9100394966284,53,-12,54.3415126767741,6.61088962004551,0.03927346474649007,188,368,233,257,341,186
1776754218.7309482,94.9100394966284,53,-12,54.3415126767741,6.61088962004551,0.03927346474649007,188,368,233,257,341,186
1776754218.7884483,94.9100394966284,53,-12,54.3415126767741,6.61088962004551,0.03927346474649007,188,368,233,257,341,186
1776754218.845616,94.9100394966284,53,-12,54.3415126767741,6.61088962004551,0.038588294126276776,188,368,234,257,341,186
1776754218.9033458,94.9100394966284,53,-12,54.3415126767741,6.61088962004551,0.038588294126276776,188,368,234,257,341,186
1776754218.9605381,94.9100394966284,53,-12,54.3415126767741,6.61088962004551,0.038588294126276776,188,368,234,257,341,186
1776754219.0139036,94.9100394966284,53,-12,54.3415126767741,6.61088962004551,0.038588294126276776,188,368,234,257,341,186
1776754219.070527,94.9100394966284,53,-12,54.3415126767741,6.61088962004551,0.038588294126276776,188,368,234,257,341,186
1776754219.1280584,94.9100394966284,53,-12,54.3415126767741,6.61088962004551,0.038588294126276776,188,368,234,257,341,186
1776754219.1856818,94.9100394966284,53,-12,54.3415126767741,6.61088962004551,0.038588294126276776,188,368,234,257,341,186
1776754219.2428308,94.9100394966284,53,-12,54.3415126767741,6.61088962004551,0.038588294126276776,188,368,234,257,341,186
1776754219.300331,94.9100394966284,53,-12,54.3415126767741,6.61088962004551,0.038588294126276776,188,368,234,257,341,186
1776754219.353469,94.9100394966284,53,-12,54.3415126767741,6.61088962004551,0.038588294126276776,188,368,234,257,341,186
1776754219.41108,94.9100394966284,53,-12,54.3415126767741,6.61088962004551,0.038588294126276776,188,368,234,257,341,186
1776754219.4693208,94.9100394966284,53,-12,54.3415126767741,6.61088962004551,0.038588294126276776,188,368,234,257,341,186
1776754219.5256622,94.9100394966284,53,-12,54.3415126767741,6.61088962004551,0.038588294126276776,188,368,234,257,341,186
1776754219.5827785,94.9100394966284,53,-12,54.3415126767741,6.61088962004551,0.038588294126276776,188,368,234,257,341,186
1776754219.640353,94.9100394966284,53,-12,54.3415126767741,6.61088962004551,0.038588294126276776,188,368,234,257,341,186
1776754219.6932595,94.9100394966284,53,-12,54.3415126767741,6.61088962004551,0.038588294126276776,188,368,234,257,341,186
1776754219.7510118,94.9100394966284,53,-12,54.3415126767741,6.61088962004551,0.038588294126276776,188,368,234,257,341,186
1776754219.8078809,94.9100394966284,54,-12,55.31726674375732,6.7295944943743695,0.03872836321456077,188,368,234,257,342,186
1776754219.865163,94.9100394966284,54,-12,55.31726674375732,6.7295944943743695,0.03872836321456077,188,368,234,257,342,186
1776754219.9231234,94.9100394966284,54,-12,55.31726674375732,6.7295944943743695,0.03872836321456077,188,368,234,257,342,186
1776754219.979873,94.9100394966284,54,-12,55.31726674375732,6.7295944943743695,0.03872836321456077,188,368,234,257,342,186
1776754220.0333936,94.9100394966284,54,-12,55.31726674375732,6.7295944943743695,0.03872836321456077,188,368,234,257,342,186
1776754220.0909324,94.9100394966284,54,-12,55.31726674375732,6.7295944943743695,0.03872836321456077,188,368,234,257,342,186
1776754220.148426,94.9100394966284,54,-12,55.31726674375732,6.7295944943743695,0.03872836321456077,188,368,234,257,342,186
1776754220.205775,94.9100394966284,54,-12,55.31726674375732,6.7295944943743695,0.03872836321456077,188,368,234,257,342,186
1776754220.2628577,94.9100394966284,54,-12,55.31726674375732,6.7295944943743695,0.03872836321456077,188,368,234,257,342,186
1776754220.3160908,94.9100394966284,54,-12,55.31726674375732,6.7295944943743695,0.03872836321456077,188,368,234,257,342,186
1776754220.3736138,94.9100394966284,54,-12,55.31726674375732,6.7295944943743695,0.03872836321456077,188,368,234,257,342,186
1776754220.4312124,94.9100394966284,54,-12,55.31726674375732,6.7295944943743695,0.03872836321456077,188,368,234,257,342,186
1776754220.4884076,94.9100394966284,54,-12,55.31726674375732,6.7295944943743695,0.03872836321456077,188,368,234,257,342,186
1776754220.545048,94.9100394966284,54,-12,55.31726674375732,6.7295944943743695,0.03872836321456077,188,368,234,257,342,186
1776754220.6022925,94.9100394966284,54,-12,55.31726674375732,6.7295944943743695,0.03872836321456077,188,368,234,257,342,186
1776754220.6560726,94.9100394966284,54,-12,55.31726674375732,6.7295944943743695,0.03872836321456077,188,368,234,257,342,186
1776754220.7133133,94.9100394966284,54,-12,55.31726674375732,6.7295944943743695,0.03872836321456077,188,368,234,257,342,186
1776754220.7712128,94.9100394966284,54,-12,55.31726674375732,6.7295944943743695,0.03872836321456077,188,368,234,257,342,186
1776754220.8276675,94.9100394966284,54,-12,55.31726674375732,6.7295944943743695,0.03872836321456077,188,368,234,257,342,186
1776754220.8854985,94.9100394966284,54,-12,55.31726674375732,6.7295944943743695,0.03872836321456077,188,368,234,257,342,186
1776754220.94223,94.9100394966284,54,-12,55.31726674375732,6.7295944943743695,0.03872836321456077,188,368,234,257,342,186
1776754220.9956458,94.9100394966284,54,-12,55.31726674375732,6.7295944943743695,0.03872836321456077,188,368,234,257,342,186
1776754221.0543537,94.9100394966284,54,-12,55.31726674375732,6.7295944943743695,0.03872836321456077,188,368,234,257,342,186
1776754221.1110394,94.9100394966284,54,-12,55.31726674375732,6.7295944943743695,0.03872836321456077,188,368,234,257,342,186
1776754221.1680424,94.9100394966284,54,-12,55.31726674375732,6.7295944943743695,0.03872836321456077,188,368,234,257,342,186
1776754221.2249858,94.9100394966284,54,-12,55.31726674375732,6.7295944943743695,0.03872836321456077,188,368,234,257,342,186
1776754221.2824976,94.9100394966284,54,-12,55.31726674375732,6.7295944943743695,0.039277376891329215,188,368,234,256,342,186
1776754221.3357885,94.9100394966284,54,-12,55.31726674375732,6.7295944943743695,0.039277376891329215,188,368,234,256,342,186
1776754221.3930483,94.9100394966284,55,-12,56.293871780150276,6.84840289296232,0.03940802367191032,188,368,234,256,343,186
1776754221.450279,94.9100394966284,55,-12,56.293871780150276,6.84840289296232,0.03940802367191032,188,368,234,256,343,186
1776754221.5083556,94.9100394966284,55,-12,56.293871780150276,6.84840289296232,0.03940802367191032,188,368,234,256,343,186
1776754221.5653145,94.9100394966284,55,-12,56.293871780150276,6.84840289296232,0.03940802367191032,188,368,234,256,343,186
1776754221.6223063,94.9100394966284,55,-12,56.293871780150276,6.84840289296232,0.03940802367191032,188,368,234,256,343,186
1776754221.6758459,94.9100394966284,55,-12,56.293871780150276,6.84840289296232,0.03940802367191032,188,368,234,256,343,186
1776754221.7331467,94.9100394966284,55,-12,56.293871780150276,6.84840289296232,0.03940802367191032,188,368,234,256,343,186
1776754221.7902837,94.9100394966284,55,-12,56.293871780150276,6.84840289296232,0.03940802367191032,188,368,234,256,343,186
1776754221.8476508,94.9100394966284,55,-12,56.293871780150276,6.84840289296232,0.03940802367191032,188,368,234,256,343,186
1776754221.9048522,94.9100394966284,55,-12,56.293871780150276,6.84840289296232,0.03940802367191032,188,368,234,256,343,186
1776754221.9623926,94.9100394966284,55,-12,56.293871780150276,6.84840289296232,0.03940802367191032,188,368,234,256,343,186
1776754222.015569,94.9100394966284,55,-12,56.293871780150276,6.84840289296232,0.03940802367191032,188,368,234,256,343,186
1776754222.0728157,94.9100394966284,55,-12,56.293871780150276,6.84840289296232,0.03940802367191032,188,368,234,256,343,186
1776754222.1301827,94.9100394966284,55,-12,56.293871780150276,6.84840289296232,0.03940802367191032,188,368,234,256,343,186
1776754222.188836,94.9100394966284,55,-12,56.293871780150276,6.84840289296232,0.03940802367191032,188,368,234,256,343,186
1776754222.2447731,94.9100394966284,55,-12,56.293871780150276,6.84840289296232,0.03940802367191032,188,368,234,256,343,186
1776754222.2994766,94.9100394966284,55,-12,56.293871780150276,6.84840289296232,0.038739444996410084,188,368,235,256,343,186
1776754222.355794,94.9100394966284,55,-12,56.293871780150276,6.84840289296232,0.038739444996410084,188,368,235,256,343,186
1776754222.4134197,94.9100394966284,55,-12,56.293871780150276,6.84840289296232,0.038739444996410084,188,368,235,256,343,186
1776754222.470689,94.9100394966284,56,-12,57.271284253105414,6.967309519842507,0.038872044254552755,188,368,235,256,344,186
1776754222.5277634,94.9100394966284,56,-12,57.271284253105414,6.967309519842507,0.038872044254552755,188,368,235,256,344,186
1776754222.58479,94.9100394966284,56,-12,57.271284253105414,6.967309519842507,0.038872044254552755,188,368,235,256,344,186
1776754222.6381667,94.9100394966284,56,-12,57.271284253105414,6.967309519842507,0.038872044254552755,188,368,235,256,344,186
1776754222.695504,94.9100394966284,56,-12,57.271284253105414,6.967309519842507,0.038872044254552755,188,368,235,256,344,186
1776754222.7531781,94.9100394966284,56,-12,57.271284253105414,6.967309519842507,0.038872044254552755,188,368,235,256,344,186
1776754222.810089,94.9100394966284,56,-12,57.271284253105414,6.967309519842507,0.038872044254552755,188,368,235,256,344,186
1776754222.8677752,94.9100394966284,56,-12,57.271284253105414,6.967309519842507,0.038872044254552755,188,368,235,256,344,186
1776754222.9251986,94.9100394966284,56,-12,57.271284253105414,6.967309519842507,0.038872044254552755,188,368,235,256,344,186
1776754222.978778,94.9100394966284,56,-12,57.271284253105414,6.967309519842507,0.038872044254552755,188,368,235,256,344,186
1776754223.035924,94.9100394966284,56,-12,57.271284253105414,6.967309519842507,0.038872044254552755,188,368,235,256,344,186
1776754223.093285,94.9100394966284,56,-12,57.271284253105414,6.967309519842507,0.038872044254552755,188,368,235,256,344,186
1776754223.1502426,94.9100394966284,56,-12,57.271284253105414,6.967309519842507,0.038872044254552755,188,368,235,256,344,186
1776754223.2085347,94.9100394966284,56,-12,57.271284253105414,6.967309519842507,0.038872044254552755,188,368,235,256,344,186
1776754223.2652984,94.9100394966284,56,-12,57.271284253105414,6.967309519842507,0.038872044254552755,188,368,235,256,344,186
1776754223.3185651,94.9100394966284,56,-12,57.271284253105414,6.967309519842507,0.038872044254552755,188,368,235,256,344,186
1776754223.3758075,94.9100394966284,56,-12,57.271284253105414,6.967309519842507,0.038872044254552755,188,368,235,256,344,186
1776754223.4329333,94.9100394966284,56,-12,57.271284253105414,6.967309519842507,0.038872044254552755,188,368,235,256,344,186
1776754223.490543,94.9100394966284,56,-12,57.271284253105414,6.967309519842507,0.038872044254552755,188,368,235,256,344,186
1776754223.5475018,94.9100394966284,56,-12,57.271284253105414,6.967309519842507,0.038872044254552755,188,368,235,256,344,186
1776754223.6045895,94.9100394966284,56,-13,57.48912940721924,6.993811363408666,0.03838402868370576,188,368,235,256,344,185
1776754223.6579704,94.9100394966284,56,-13,57.48912940721924,6.993811363408666,0.03838402868370576,188,368,235,256,344,185
1776754223.7158518,94.9100394966284,56,-13,57.48912940721924,6.993811363408666,0.03838402868370576,188,368,235,256,344,185
1776754223.772789,94.9100394966284,57,-13,58.463663928973865,7.11236787457103,0.03851544504046698,188,368,235,256,345,185
1776754223.8305013,94.9100394966284,57,-13,58.463663928973865,7.11236787457103,0.03851544504046698,188,368,235,256,345,185
1776754223.8875663,94.9100394966284,57,-13,58.463663928973865,7.11236787457103,0.03851544504046698,188,368,235,256,345,185
1776754223.9446511,94.9100394966284,57,-13,58.463663928973865,7.11236787457103,0.03851544504046698,188,368,235,256,345,185
1776754223.9980044,94.9100394966284,57,-13,58.463663928973865,7.11236787457103,0.03851544504046698,188,368,235,256,345,185
1776754224.0563304,94.9100394966284,57,-13,58.463663928973865,7.11236787457103,0.03851544504046698,188,368,235,256,345,185
1776754224.1130042,94.9100394966284,57,-13,58.463663928973865,7.11236787457103,0.03851544504046698,188,368,235,256,345,185
1776754224.1705408,94.9100394966284,57,-13,58.463663928973865,7.11236787457103,0.03851544504046698,188,368,235,256,345,185
1776754224.2276468,94.9100394966284,57,-13,58.463663928973865,7.11236787457103,0.03851544504046698,188,368,235,256,345,185
1776754224.2812924,94.9100394966284,57,-13,58.463663928973865,7.11236787457103,0.03851544504046698,188,368,235,256,345,185
1776754224.3385284,94.9100394966284,57,-13,58.463663928973865,7.11236787457103,0.03851544504046698,188,368,235,256,345,185
1776754224.3956015,94.9100394966284,57,-13,58.463663928973865,7.11236787457103,0.03851544504046698,188,368,235,256,345,185
1776754224.4529653,94.9100394966284,57,-13,58.463663928973865,7.11236787457103,0.03851544504046698,188,368,235,256,345,185
1776754224.5103977,94.9100394966284,57,-13,58.463663928973865,7.11236787457103,0.03851544504046698,188,368,235,256,345,185
1776754224.567749,94.9100394966284,57,-13,58.463663928973865,7.11236787457103,0.03905409616739247,188,368,235,255,345,185
1776754224.6220653,94.9100394966284,57,-13,58.463663928973865,7.11236787457103,0.03905409616739247,188,368,235,255,345,185
1776754224.6784823,94.9100394966284,57,-13,58.463663928973865,7.11236787457103,0.03905409616739247,188,368,235,255,345,185
1776754224.7353594,94.9100394966284,57,-13,58.463663928973865,7.11236787457103,0.03905409616739247,188,368,235,255,345,185
1776754224.7928898,94.9100394966284,57,-13,58.463663928973865,7.11236787457103,0.03905409616739247,188,368,235,255,345,185
1776754224.8502853,94.9100394966284,57,-13,58.463663928973865,7.11236787457103,0.03905409616739247,188,368,235,255,345,185
1776754224.9074612,94.9100394966284,57,-13,58.463663928973865,7.11236787457103,0.03905409616739247,188,368,235,255,345,185
1776754224.960808,94.9100394966284,58,-13,59.43904440685432,7.231027300103931,0.03852843665406132,188,368,236,255,346,185
1776754225.0178993,94.9100394966284,58,-13,59.43904440685432,7.231027300103931,0.03852843665406132,188,368,236,255,346,185
1776754225.0754619,94.9100394966284,58,-13,59.43904440685432,7.231027300103931,0.03852843665406132,188,368,236,255,346,185
1776754225.1334276,94.9100394966284,58,-13,59.43904440685432,7.231027300103931,0.03852843665406132,188,368,236,255,346,185
1776754225.1903021,94.9100394966284,59,-13,60.41522986797286,7.349784655471151,0.0386526718056429,188,368,236,255,347,185
1776754225.2473907,94.9100394966284,59,-13,60.41522986797286,7.349784655471151,0.0386526718056429,188,368,236,255,347,185
1776754225.3012207,94.9100394966284,59,-13,60.41522986797286,7.349784655471151,0.0386526718056429,188,368,236,255,347,185
1776754225.3585293,94.9100394966284,59,-13,60.41522986797286,7.349784655471151,0.0386526718056429,188,368,236,255,347,185
1776754225.415617,94.9100394966284,59,-13,60.41522986797286,7.349784655471151,0.0386526718056429,188,368,236,255,347,185
1776754225.4724774,94.9100394966284,59,-13,60.41522986797286,7.349784655471151,0.0386526718056429,188,368,236,255,347,185
1776754225.5300186,94.9100394966284,59,-13,60.41522986797286,7.349784655471151,0.0386526718056429,188,368,236,255,347,185
1776754225.5881932,94.9100394966284,59,-13,60.41522986797286,7.349784655471151,0.0386526718056429,188,368,236,255,347,185
1776754225.641155,94.9100394966284,59,-13,60.41522986797286,7.349784655471151,0.0386526718056429,188,368,236,255,347,185
1776754225.698144,94.9100394966284,59,-13,60.41522986797286,7.349784655471151,0.0386526718056429,188,368,236,255,347,185
1776754225.755223,94.9100394966284,59,-13,60.41522986797286,7.349784655471151,0.0386526718056429,188,368,236,255,347,185
1776754225.8123744,94.9100394966284,59,-13,60.41522986797286,7.349784655471151,0.0386526718056429,188,368,236,255,347,185
1776754225.869591,94.9100394966284,59,-13,60.41522986797286,7.349784655471151,0.0386526718056429,188,368,236,255,347,185
1776754225.9269779,94.9100394966284,59,-13,60.41522986797286,7.349784655471151,0.0386526718056429,188,368,236,255,347,185
1776754225.9820013,94.9100394966284,60,-13,61.39218191268331,7.468635269182884,0.03877231385112239,188,368,236,255,348,185
1776754226.0385835,94.9100394966284,60,-13,61.39218191268331,7.468635269182884,0.03877231385112239,188,368,236,255,348,185
1776754226.0949228,94.9100394966284,60,-13,61.39218191268331,7.468635269182884,0.03877231385112239,188,368,236,255,348,185
1776754226.1529393,94.9100394966284,60,-13,61.39218191268331,7.468635269182884,0.03877231385112239,188,368,236,255,348,185
1776754226.2098746,94.9100394966284,60,-13,61.39218191268331,7.468635269182884,0.03877231385112239,188,368,236,255,348,185
1776754226.2636178,94.9100394966284,60,-13,61.39218191268331,7.468635269182884,0.03930288579593756,188,368,236,254,348,185
1776754226.3208106,94.9100394966284,60,-13,61.39218191268331,7.468635269182884,0.03930288579593756,188,368,236,254,348,185
1776754226.3778224,94.9100394966284,60,-13,61.39218191268331,7.468635269182884,0.03982079609239298,189,368,236,254,348,185
1776754226.435153,94.9100394966284,60,-13,61.39218191268331,7.468635269182884,0.03982079609239298,189,368,236,254,348,185
1776754226.4925163,94.9100394966284,60,-13,61.39218191268331,7.468635269182884,0.03982079609239298,189,368,236,254,348,185
1776754226.549557,94.9100394966284,60,-13,61.39218191268331,7.468635269182884,0.03982079609239298,189,368,236,254,348,185
1776754226.6034322,94.9100394966284,60,-13,61.39218191268331,7.468635269182884,0.03982079609239298,189,368,236,254,348,185
1776754226.6607263,94.9100394966284,60,-13,61.39218191268331,7.468635269182884,0.03982079609239298,189,368,236,254,348,185
1776754226.7176304,94.9100394966284,60,-13,61.39218191268331,7.468635269182884,0.03982079609239298,189,368,236,254,348,185
1776754226.774949,94.9100394966284,60,-13,61.39218191268331,7.468635269182884,0.03982079609239298,189,368,236,254,348,185
1776754226.8325458,94.9100394966284,60,-13,61.39218191268331,7.468635269182884,0.03982079609239298,189,368,236,254,348,185
1776754226.8897939,94.9100394966284,60,-13,61.39218191268331,7.468635269182884,0.03982079609239298,189,368,236,254,348,185
1776754226.943219,94.9100394966284,60,-13,61.39218191268331,7.468635269182884,0.03982079609239298,189,368,236,254,348,185
1776754227.0009823,94.9100394966284,61,-13,62.369864518050704,7.587574758886946,0.03992972352068659,189,368,236,254,349,185
1776754227.058089,94.9100394966284,61,-13,62.369864518050704,7.587574758886946,0.03992972352068659,189,368,236,254,349,185
1776754227.1151354,94.9100394966284,61,-13,62.369864518050704,7.587574758886946,0.03992972352068659,189,368,236,254,349,185
1776754227.1727202,94.9100394966284,61,-13,62.369864518050704,7.587574758886946,0.03992972352068659,189,368,236,254,349,185
1776754227.2300715,94.9100394966284,61,-13,62.369864518050704,7.587574758886946,0.03992972352068659,189,368,236,254,349,185
1776754227.283049,94.9100394966284,61,-13,62.369864518050704,7.587574758886946,0.03992972352068659,189,368,236,254,349,185
1776754227.340746,94.9100394966284,61,-13,62.369864518050704,7.587574758886946,0.03992972352068659,189,368,236,254,349,185
1776754227.3980446,94.9100394966284,61,-13,62.369864518050704,7.587574758886946,0.03992972352068659,189,368,236,254,349,185
1776754227.4548106,94.9100394966284,61,-13,62.369864518050704,7.587574758886946,0.03992972352068659,189,368,236,254,349,185
1776754227.513538,94.9100394966284,61,-13,62.369864518050704,7.587574758886946,0.039413708597451295,188,368,236,254,349,185
1776754227.56986,94.9100394966284,61,-13,62.369864518050704,7.587574758886946,0.039413708597451295,188,368,236,254,349,185
1776754227.6236987,94.9100394966284,61,-13,62.369864518050704,7.587574758886946,0.039413708597451295,188,368,236,254,349,185
1776754227.6805696,94.9100394966284,61,-13,62.369864518050704,7.587574758886946,0.039413708597451295,188,368,236,254,349,185
1776754227.738126,94.9100394966284,61,-13,62.369864518050704,7.587574758886946,0.039413708597451295,188,368,236,254,349,185
1776754227.7953753,94.9100394966284,61,-13,62.369864518050704,7.587574758886946,0.03878778665418573,188,368,237,254,349,185
1776754227.8528059,94.9100394966284,61,-13,62.369864518050704,7.587574758886946,0.03878778665418573,188,368,237,254,349,185
1776754227.9098752,94.9100394966284,61,-13,62.369864518050704,7.587574758886946,0.03878778665418573,188,368,237,254,349,185
1776754227.9631531,94.9100394966284,61,-13,62.369864518050704,7.587574758886946,0.03878778665418573,188,368,237,254,349,185
1776754228.0205722,94.9100394966284,61,-13,62.369864518050704,7.587574758886946,0.03878778665418573,188,368,237,254,349,185
1776754228.0776634,94.9100394966284,61,-13,62.369864518050704,7.587574758886946,0.03878778665418573,188,368,237,254,349,185
1776754228.1347373,94.9100394966284,61,-13,62.369864518050704,7.587574758886946,0.03878778665418573,188,368,237,254,349,185
1776754228.1919386,94.9100394966284,61,-13,62.369864518050704,7.587574758886946,0.03878778665418573,188,368,237,254,349,185
1776754228.2459831,94.9100394966284,61,-13,62.369864518050704,7.587574758886946,0.03878778665418573,188,368,237,254,349,185
1776754228.3028014,94.9100394966284,61,-13,62.369864518050704,7.587574758886946,0.03878778665418573,188,368,237,254,349,185
1776754228.3604555,94.9100394966284,61,-13,62.369864518050704,7.587574758886946,0.03878778665418573,188,368,237,254,349,185
1776754228.4178758,94.9100394966284,61,-13,62.369864518050704,7.587574758886946,0.03878778665418573,188,368,237,254,349,185
1776754228.4745939,94.9100394966284,61,-13,62.369864518050704,7.587574758886946,0.03878778665418573,188,368,237,254,349,185
1776754228.532404,94.9100394966284,62,-13,63.34824385884742,7.706599009592143,0.03890047951854267,188,368,237,254,350,185
1776754228.585375,94.9100394966284,62,-13,63.34824385884742,7.706599009592143,0.03890047951854267,188,368,237,254,350,185
1776754228.6430173,94.9100394966284,62,-13,63.34824385884742,7.706599009592143,0.03890047951854267,188,368,237,254,350,185
1776754228.6999686,94.9100394966284,62,-13,63.34824385884742,7.706599009592143,0.03890047951854267,188,368,237,254,350,185
1776754228.75755,94.9100394966284,62,-13,63.34824385884742,7.706599009592143,0.03890047951854267,188,368,237,254,350,185
1776754228.815312,94.9100394966284,62,-13,63.34824385884742,7.706599009592143,0.03890047951854267,188,368,237,254,350,185
1776754228.8725688,94.9100394966284,62,-13,63.34824385884742,7.706599009592143,0.03890047951854267,188,368,237,254,350,185
1776754228.926288,94.9100394966284,62,-13,63.34824385884742,7.706599009592143,0.03890047951854267,188,368,237,254,350,185
1776754228.9835188,94.9100394966284,62,-13,63.34824385884742,7.706599009592143,0.03890047951854267,188,368,237,254,350,185
1776754229.040149,94.9100394966284,62,-13,63.34824385884742,7.706599009592143,0.03890047951854267,188,368,237,254,350,185
1776754229.0974882,94.9100394966284,62,-13,63.34824385884742,7.706599009592143,0.03890047951854267,188,368,237,254,350,185
1776754229.1549945,94.9100394966284,62,-13,63.34824385884742,7.706599009592143,0.03890047951854267,188,368,237,254,350,185
1776754229.2127686,94.9100394966284,62,-13,63.34824385884742,7.706599009592143,0.03890047951854267,188,368,237,254,350,185
1776754229.2657745,94.9100394966284,62,-13,63.34824385884742,7.706599009592143,0.03890047951854267,188,368,237,254,350,185
1776754229.3227658,94.9100394966284,62,-13,63.34824385884742,7.706599009592143,0.03890047951854267,188,368,237,254,350,185
1776754229.3805199,94.9100394966284,62,-13,63.34824385884742,7.706599009592143,0.03890047951854267,188,368,237,254,350,185
1776754229.439059,94.9100394966284,62,-13,63.34824385884742,7.706599009592143,0.03890047951854267,188,368,237,254,350,185
1776754229.4944777,94.9100394966284,62,-13,63.34824385884742,7.706599009592143,0.03890047951854267,188,368,237,254,350,185
1776754229.5521634,94.9100394966284,62,-13,63.34824385884742,7.706599009592143,0.03890047951854267,188,368,237,254,350,185
1776754229.6059816,94.9100394966284,62,-13,63.34824385884742,7.706599009592143,0.03890047951854267,188,368,237,254,350,185
1776754229.66289,94.9100394966284,62,-13,63.34824385884742,7.706599009592143,0.039427157771038016,188,368,237,253,350,185
1776754229.7203615,94.9100394966284,62,-13,63.34824385884742,7.706599009592143,0.039427157771038016,188,368,237,253,350,185
1776754229.7772248,94.9100394966284,62,-13,63.34824385884742,7.706599009592143,0.039427157771038016,188,368,237,253,350,185
1776754229.8349197,94.9100394966284,62,-13,63.34824385884742,7.706599009592143,0.039427157771038016,188,368,237,253,350,185
1776754229.892189,94.9100394966284,63,-13,64.32728814430156,7.825704153807975,0.03953115935054614,188,368,237,253,351,185
1776754229.9452672,94.9100394966284,63,-13,64.32728814430156,7.825704153807975,0.03953115935054614,188,368,237,253,351,185
1776754230.0029454,94.9100394966284,63,-13,64.32728814430156,7.825704153807975,0.03953115935054614,188,368,237,253,351,185
1776754230.0598485,94.9100394966284,63,-13,64.32728814430156,7.825704153807975,0.03953115935054614,188,368,237,253,351,185
1776754230.1174078,94.9100394966284,63,-13,64.32728814430156,7.825704153807975,0.03953115935054614,188,368,237,253,351,185
1776754230.1743498,94.9100394966284,63,-13,64.32728814430156,7.825704153807975,0.03953115935054614,188,368,237,253,351,185
1776754230.229227,94.9100394966284,63,-13,64.32728814430156,7.825704153807975,0.03953115935054614,188,368,237,253,351,185
1776754230.286327,94.9100394966284,63,-13,64.32728814430156,7.825704153807975,0.03953115935054614,188,368,237,253,351,185
1776754230.3423128,94.9100394966284,63,-13,64.32728814430156,7.825704153807975,0.03953115935054614,188,368,237,253,351,185
1776754230.3997712,94.9100394966284,63,-13,64.32728814430156,7.825704153807975,0.03953115935054614,188,368,237,253,351,185
1776754230.4570122,94.9100394966284,63,-13,64.32728814430156,7.825704153807975,0.03953115935054614,188,368,237,253,351,185
1776754230.5144272,94.9100394966284,63,-13,64.32728814430156,7.825704153807975,0.03953115935054614,188,368,237,253,351,185
1776754230.5681665,94.9100394966284,63,-13,64.32728814430156,7.825704153807975,0.03953115935054614,188,368,237,253,351,185
1776754230.625514,94.9100394966284,63,-13,64.32728814430156,7.825704153807975,0.03953115935054614,188,368,237,253,351,185
1776754230.6829133,94.9100394966284,63,-13,64.32728814430156,7.825704153807975,0.03953115935054614,188,368,237,253,351,185
1776754230.7403347,94.9100394966284,63,-13,64.32728814430156,7.825704153807975,0.03953115935054614,188,368,237,253,351,185
1776754230.797514,94.9100394966284,63,-13,64.32728814430156,7.825704153807975,0.03953115935054614,188,368,237,253,351,185
1776754230.8547246,94.9100394966284,64,-13,65.30696746902278,7.944886553409097,0.039630945364445294,188,368,237,253,352,185
1776754230.907976,94.9100394966284,64,-13,65.30696746902278,7.944886553409097,0.039630945364445294,188,368,237,253,352,185
1776754230.9656627,94.9100394966284,64,-13,65.30696746902278,7.944886553409097,0.039630945364445294,188,368,237,253,352,185
1776754231.0224295,94.9100394966284,64,-13,65.30696746902278,7.944886553409097,0.039630945364445294,188,368,237,253,352,185
1776754231.080145,94.9100394966284,64,-13,65.30696746902278,7.944886553409097,0.039630945364445294,188,368,237,253,352,185
1776754231.137152,94.9100394966284,64,-13,65.30696746902278,7.944886553409097,0.039630945364445294,188,368,237,253,352,185
1776754231.2006419,94.9100394966284,64,-13,65.30696746902278,7.944886553409097,0.039630945364445294,188,368,237,253,352,185
1776754231.248022,94.9100394966284,64,-13,65.30696746902278,7.944886553409097,0.03902637638177282,188,368,238,253,352,185
1776754231.3050828,94.9100394966284,64,-13,65.30696746902278,7.944886553409097,0.03902637638177282,188,368,238,253,352,185
1776754231.3630142,94.9100394966284,64,-13,65.30696746902278,7.944886553409097,0.03902637638177282,188,368,238,253,352,185
1776754231.4198968,94.9100394966284,64,-13,65.30696746902278,7.944886553409097,0.03902637638177282,188,368,238,253,352,185
1776754231.4771235,94.9100394966284,64,-13,65.30696746902278,7.944886553409097,0.03902637638177282,188,368,238,253,352,185
1776754231.5341744,94.9100394966284,64,-13,65.30696746902278,7.944886553409097,0.03902637638177282,188,368,238,253,352,185
1776754231.5875788,94.9100394966284,64,-13,65.30696746902278,7.944886553409097,0.03902637638177282,188,368,238,253,352,185
1776754231.645375,94.9100394966284,64,-13,65.30696746902278,7.944886553409097,0.03902637638177282,188,368,238,253,352,185
1776754231.702735,94.9100394966284,64,-13,65.30696746902278,7.944886553409097,0.03902637638177282,188,368,238,253,352,185
1776754231.760229,94.9100394966284,64,-13,65.30696746902278,7.944886553409097,0.03902637638177282,188,368,238,253,352,185
1776754231.8167267,94.9100394966284,64,-13,65.30696746902278,7.944886553409097,0.03902637638177282,188,368,238,253,352,185
1776754231.8701584,94.9100394966284,64,-13,65.30696746902278,7.944886553409097,0.03902637638177282,188,368,238,253,352,185
1776754231.9279842,94.9100394966284,64,-13,65.30696746902278,7.944886553409097,0.03902637638177282,188,368,238,253,352,185
1776754231.9851317,94.9100394966284,64,-13,65.30696746902278,7.944886553409097,0.03902637638177282,188,368,238,253,352,185
1776754232.0427458,94.9100394966284,64,-13,65.30696746902278,7.944886553409097,0.03902637638177282,188,368,238,253,352,185
1776754232.099803,94.9100394966284,64,-13,65.30696746902278,7.944886553409097,0.03902637638177282,188,368,238,253,352,185
1776754232.1573632,94.9100394966284,65,-13,66.2872536767062,8.064142783054281,0.03912800247416505,188,368,238,253,353,185
1776754232.2101583,94.9100394966284,65,-13,66.2872536767062,8.064142783054281,0.03912800247416505,188,368,238,253,353,185
1776754232.2680018,94.9100394966284,65,-13,66.2872536767062,8.064142783054281,0.03912800247416505,188,368,238,253,353,185
1776754232.3253267,94.9100394966284,65,-13,66.2872536767062,8.064142783054281,0.03912800247416505,188,368,238,253,353,185
1776754232.3827689,94.9100394966284,65,-13,66.2872536767062,8.064142783054281,0.03912800247416505,188,368,238,253,353,185
1776754232.4396765,94.9100394966284,65,-13,66.2872536767062,8.064142783054281,0.03912800247416505,188,368,238,253,353,185
1776754232.4972353,94.9100394966284,65,-13,66.2872536767062,8.064142783054281,0.039646289171383624,188,368,238,252,353,185
1776754232.5503988,94.9100394966284,65,-13,66.2872536767062,8.064142783054281,0.039646289171383624,188,368,238,252,353,185
1776754232.6073537,94.9100394966284,65,-13,66.2872536767062,8.064142783054281,0.039646289171383624,188,368,238,252,353,185
1776754232.6648157,94.9100394966284,65,-13,66.2872536767062,8.064142783054281,0.039646289171383624,188,368,238,252,353,185
1776754232.722425,94.9100394966284,65,-13,66.2872536767062,8.064142783054281,0.039646289171383624,188,368,238,252,353,185
1776754232.7797716,94.9100394966284,65,-13,66.2872536767062,8.064142783054281,0.039646289171383624,188,368,238,252,353,185
1776754232.8367817,94.9100394966284,65,-13,66.2872536767062,8.064142783054281,0.039646289171383624,188,368,238,252,353,185
1776754232.890128,94.9100394966284,65,-13,66.2872536767062,8.064142783054281,0.039646289171383624,188,368,238,252,353,185
1776754232.9481113,94.9100394966284,65,-13,66.2872536767062,8.064142783054281,0.039646289171383624,188,368,238,252,353,185
1776754233.0055516,94.9100394966284,65,-13,66.2872536767062,8.064142783054281,0.039646289171383624,188,368,238,252,353,185
1776754233.0627472,94.9100394966284,65,-13,66.2872536767062,8.064142783054281,0.039646289171383624,188,368,238,252,353,185
1776754233.1196136,94.9100394966284,65,-13,66.2872536767062,8.064142783054281,0.039646289171383624,188,368,238,252,353,185
1776754233.1771934,94.9100394966284,65,-13,66.2872536767062,8.064142783054281,0.039646289171383624,188,368,238,252,353,185
1776754233.2307694,94.9100394966284,65,-13,66.2872536767062,8.064142783054281,0.039646289171383624,188,368,238,252,353,185
1776754233.2894366,94.9100394966284,65,-14,66.49060083951716,8.088880880719849,0.03918015679993246,188,368,238,252,353,184
1776754233.34521,94.9100394966284,65,-14,66.49060083951716,8.088880880719849,0.03918015679993246,188,368,238,252,353,184
1776754233.4022748,94.9100394966284,65,-14,66.49060083951716,8.088880880719849,0.03918015679993246,188,368,238,252,353,184
1776754233.4597425,94.9100394966284,66,-14,67.468511173732,8.207848074663259,0.03927708335299075,188,368,238,252,354,184
1776754233.516901,94.9100394966284,66,-14,67.468511173732,8.207848074663259,0.03927708335299075,188,368,238,252,354,184
1776754233.5704234,94.9100394966284,66,-14,67.468511173732,8.207848074663259,0.03927708335299075,188,368,238,252,354,184
1776754233.6278274,94.9100394966284,66,-14,67.468511173732,8.207848074663259,0.03927708335299075,188,368,238,252,354,184
1776754233.6851323,94.9100394966284,66,-14,67.468511173732,8.207848074663259,0.03927708335299075,188,368,238,252,354,184
1776754233.742427,94.9100394966284,66,-14,67.468511173732,8.207848074663259,0.03927708335299075,188,368,238,252,354,184
1776754233.79973,94.9100394966284,66,-14,67.468511173732,8.207848074663259,0.03927708335299075,188,368,238,252,354,184
1776754233.8540576,94.9100394966284,66,-14,67.468511173732,8.207848074663259,0.03927708335299075,188,368,238,252,354,184
1776754233.910718,94.9100394966284,66,-14,67.468511173732,8.207848074663259,0.03927708335299075,188,368,238,252,354,184
1776754233.9676619,94.9100394966284,66,-14,67.468511173732,8.207848074663259,0.03927708335299075,188,368,238,252,354,184
1776754234.0249543,94.9100394966284,66,-14,67.468511173732,8.207848074663259,0.03927708335299075,188,368,238,252,354,184
1776754234.0830946,94.9100394966284,66,-14,67.468511173732,8.207848074663259,0.03927708335299075,188,368,238,252,354,184
1776754234.1395373,94.9100394966284,66,-14,67.468511173732,8.207848074663259,0.03927708335299075,188,368,238,252,354,184
1776754234.192949,94.9100394966284,66,-14,67.468511173732,8.207848074663259,0.03927708335299075,188,368,238,252,354,184
1776754234.2499259,94.9100394966284,66,-14,67.468511173732,8.207848074663259,0.03927708335299075,188,368,238,252,354,184
1776754234.3076115,94.9100394966284,66,-14,67.468511173732,8.207848074663259,0.03927708335299075,188,368,238,252,354,184
1776754234.3645613,94.9100394966284,66,-14,67.468511173732,8.207848074663259,0.03927708335299075,188,368,238,252,354,184
1776754234.4220629,94.9100394966284,66,-14,67.468511173732,8.207848074663259,0.03927708335299075,188,368,238,252,354,184
1776754234.4799302,94.9100394966284,66,-14,67.468511173732,8.207848074663259,0.038684874369696705,188,368,239,252,354,184
1776754234.5332685,94.9100394966284,66,-14,67.468511173732,8.207848074663259,0.038684874369696705,188,368,239,252,354,184
1776754234.590192,94.9100394966284,66,-14,67.468511173732,8.207848074663259,0.038684874369696705,188,368,239,252,354,184
1776754234.6478674,94.9100394966284,67,-14,68.4470598345904,8.326892923916107,0.038783592286859424,188,368,239,252,355,184
1776754234.7054925,94.9100394966284,67,-14,68.4470598345904,8.326892923916107,0.038783592286859424,188,368,239,252,355,184
1776754234.7618024,94.9100394966284,67,-14,68.4470598345904,8.326892923916107,0.038783592286859424,188,368,239,252,355,184
1776754234.819203,94.9100394966284,67,-14,68.4470598345904,8.326892923916107,0.038783592286859424,188,368,239,252,355,184
1776754234.8725865,94.9100394966284,67,-14,68.4470598345904,8.326892923916107,0.038783592286859424,188,368,239,252,355,184
1776754234.9297733,94.9100394966284,67,-14,68.4470598345904,8.326892923916107,0.038783592286859424,188,368,239,252,355,184
1776754234.9876778,94.9100394966284,67,-14,68.4470598345904,8.326892923916107,0.038783592286859424,188,368,239,252,355,184
1776754235.0451884,94.9100394966284,67,-14,68.4470598345904,8.326892923916107,0.038783592286859424,188,368,239,252,355,184
1776754235.1029284,94.9100394966284,67,-14,68.4470598345904,8.326892923916107,0.038783592286859424,188,368,239,252,355,184
1776754235.1596642,94.9100394966284,67,-14,68.4470598345904,8.326892923916107,0.038783592286859424,188,368,239,252,355,184
1776754235.2129612,94.9100394966284,67,-14,68.4470598345904,8.326892923916107,0.038783592286859424,188,368,239,252,355,184
1776754235.2703576,94.9100394966284,67,-14,68.4470598345904,8.326892923916107,0.038783592286859424,188,368,239,252,355,184
1776754235.3272657,94.9100394966284,67,-14,68.4470598345904,8.326892923916107,0.038783592286859424,188,368,239,252,355,184
1776754235.3849673,94.9100394966284,67,-14,68.4470598345904,8.326892923916107,0.038783592286859424,188,368,239,252,355,184
1776754235.4420185,94.9100394966284,67,-14,68.4470598345904,8.326892923916107,0.038783592286859424,188,368,239,252,355,184
1776754235.4995358,94.9100394966284,67,-14,68.4470598345904,8.326892923916107,0.038783592286859424,188,368,239,252,355,184
1776754235.552798,94.9100394966284,67,-14,68.4470598345904,8.326892923916107,0.038783592286859424,188,368,239,252,355,184
1776754235.6100137,94.9100394966284,67,-14,68.4470598345904,8.326892923916107,0.038783592286859424,188,368,239,252,355,184
1776754235.667539,94.9100394966284,67,-14,68.4470598345904,8.326892923916107,0.038783592286859424,188,368,239,252,355,184
1776754235.7244427,94.9100394966284,67,-14,68.4470598345904,8.326892923916107,0.038783592286859424,188,368,239,252,355,184
1776754235.782663,94.9100394966284,67,-14,68.4470598345904,8.326892923916107,0.038783592286859424,188,368,239,252,355,184
1776754235.8355758,94.9100394966284,67,-14,68.4470598345904,8.326892923916107,0.038783592286859424,188,368,239,252,355,184
1776754235.8928833,94.9100394966284,68,-14,69.42621983083913,8.44601214487094,0.03887830703736803,188,368,239,252,356,184
1776754235.950304,94.9100394966284,68,-14,69.42621983083913,8.44601214487094,0.03938649893571135,188,368,239,251,356,184
1776754236.0072877,94.9100394966284,68,-14,69.42621983083913,8.44601214487094,0.03938649893571135,188,368,239,251,356,184
1776754236.0648885,94.9100394966284,68,-14,69.42621983083913,8.44601214487094,0.03938649893571135,188,368,239,251,356,184
1776754236.1218326,94.9100394966284,68,-14,69.42621983083913,8.44601214487094,0.03938649893571135,188,368,239,251,356,184
1776754236.1753478,94.9100394966284,68,-14,69.42621983083913,8.44601214487094,0.03938649893571135,188,368,239,251,356,184
1776754236.2328253,94.9100394966284,68,-14,69.42621983083913,8.44601214487094,0.03938649893571135,188,368,239,251,356,184
1776754236.2900848,94.9100394966284,68,-14,69.42621983083913,8.44601214487094,0.03938649893571135,188,368,239,251,356,184
1776754236.3478353,94.9100394966284,68,-14,69.42621983083913,8.44601214487094,0.03938649893571135,188,368,239,251,356,184
1776754236.4043515,94.9100394966284,68,-14,69.42621983083913,8.44601214487094,0.03938649893571135,188,368,239,251,356,184
1776754236.4619484,94.9100394966284,68,-14,69.42621983083913,8.44601214487094,0.03938649893571135,188,368,239,251,356,184
1776754236.5148287,94.9100394966284,68,-14,69.42621983083913,8.44601214487094,0.03938649893571135,188,368,239,251,356,184
1776754236.572219,94.9100394966284,68,-14,69.42621983083913,8.44601214487094,0.03938649893571135,188,368,239,251,356,184
1776754236.629997,94.9100394966284,68,-14,69.42621983083913,8.44601214487094,0.03938649893571135,188,368,239,251,356,184
1776754236.6879342,94.9100394966284,68,-14,69.42621983083913,8.44601214487094,0.03938649893571135,188,368,239,251,356,184
1776754236.7452638,94.9100394966284,68,-14,69.42621983083913,8.44601214487094,0.03938649893571135,188,368,239,251,356,184
1776754236.8018665,94.9100394966284,68,-14,69.42621983083913,8.44601214487094,0.03938649893571135,188,368,239,251,356,184
1776754236.8547847,94.9100394966284,68,-14,69.42621983083913,8.44601214487094,0.03938649893571135,188,368,239,251,356,184
1776754236.912717,94.9100394966284,68,-14,69.42621983083913,8.44601214487094,0.03938649893571135,188,368,239,251,356,184
1776754236.9699647,94.9100394966284,68,-14,69.42621983083913,8.44601214487094,0.03938649893571135,188,368,239,251,356,184
1776754237.0275507,94.9100394966284,68,-14,69.42621983083913,8.44601214487094,0.03938649893571135,188,368,239,251,356,184
1776754237.0842817,94.9100394966284,68,-14,69.42621983083913,8.44601214487094,0.03938649893571135,188,368,239,251,356,184
1776754237.1414459,94.9100394966284,68,-14,69.42621983083913,8.44601214487094,0.03938649893571135,188,368,239,251,356,184
1776754237.1948547,94.9100394966284,68,-14,69.42621983083913,8.44601214487094,0.03938649893571135,188,368,239,251,356,184
1776754237.2526402,94.9100394966284,69,-14,70.40596565632774,8.565202634589749,0.03947310549146391,188,368,239,251,357,184
1776754237.3095975,94.9100394966284,69,-14,70.40596565632774,8.565202634589749,0.03947310549146391,188,368,239,251,357,184
1776754237.3672318,94.9100394966284,69,-14,70.40596565632774,8.565202634589749,0.03947310549146391,188,368,239,251,357,184
1776754237.424486,94.9100394966284,69,-14,70.40596565632774,8.565202634589749,0.03947310549146391,188,368,239,251,357,184
1776754237.4783242,94.9100394966284,69,-14,70.40596565632774,8.565202634589749,0.03947310549146391,188,368,239,251,357,184
1776754237.5350728,94.9100394966284,69,-14,70.40596565632774,8.565202634589749,0.03947310549146391,188,368,239,251,357,184
1776754237.593196,94.9100394966284,69,-14,70.40596565632774,8.565202634589749,0.03947310549146391,188,368,239,251,357,184
1776754237.6500547,94.9100394966284,69,-14,70.40596565632774,8.565202634589749,0.03947310549146391,188,368,239,251,357,184
1776754237.706921,94.9100394966284,69,-14,70.40596565632774,8.565202634589749,0.03947310549146391,188,368,239,251,357,184
1776754237.764479,94.9100394966284,69,-14,70.40596565632774,8.565202634589749,0.03995942640432929,189,368,239,251,357,184
1776754237.8175838,94.9100394966284,69,-14,70.40596565632774,8.565202634589749,0.03995942640432929,189,368,239,251,357,184
1776754237.8756132,94.9100394966284,69,-14,70.40596565632774,8.565202634589749,0.03995942640432929,189,368,239,251,357,184
1776754237.9322927,94.9100394966284,69,-14,70.40596565632774,8.565202634589749,0.03938649893571135,189,368,240,251,357,184
1776754237.9898741,94.9100394966284,69,-14,70.40596565632774,8.565202634589749,0.03938649893571135,189,368,240,251,357,184
1776754238.0474868,94.9100394966284,69,-14,70.40596565632774,8.565202634589749,0.03938649893571135,189,368,240,251,357,184
1776754238.104683,94.9100394966284,69,-14,70.40596565632774,8.565202634589749,0.03938649893571135,189,368,240,251,357,184
1776754238.157528,94.9100394966284,69,-14,70.40596565632774,8.565202634589749,0.03938649893571135,189,368,240,251,357,184
1776754238.2148776,94.9100394966284,69,-14,70.40596565632774,8.565202634589749,0.03938649893571135,189,368,240,251,357,184
1776754238.2724624,94.9100394966284,69,-14,70.40596565632774,8.565202634589749,0.03938649893571135,189,368,240,251,357,184
1776754238.3295162,94.9100394966284,70,-14,71.386273190299,8.684461458673843,0.03947310549146391,189,368,240,251,358,184
1776754238.3868454,94.9100394966284,70,-14,71.386273190299,8.684461458673843,0.03947310549146391,189,368,240,251,358,184
1776754238.444731,94.9100394966284,70,-14,71.386273190299,8.684461458673843,0.03947310549146391,189,368,240,251,358,184
1776754238.4975812,94.9100394966284,70,-14,71.386273190299,8.684461458673843,0.03947310549146391,189,368,240,251,358,184
1776754238.5545335,94.9100394966284,70,-14,71.386273190299,8.684461458673843,0.03947310549146391,189,368,240,251,358,184
1776754238.613113,94.9100394966284,70,-14,71.386273190299,8.684461458673843,0.03947310549146391,189,368,240,251,358,184
1776754238.6696987,94.9100394966284,70,-14,71.386273190299,8.684461458673843,0.03947310549146391,189,368,240,251,358,184
1776754238.7272155,94.9100394966284,70,-14,71.386273190299,8.684461458673843,0.03947310549146391,189,368,240,251,358,184
1776754238.7844858,94.9100394966284,70,-14,71.386273190299,8.684461458673843,0.03947310549146391,189,368,240,251,358,184
1776754238.8384042,94.9100394966284,70,-14,71.386273190299,8.684461458673843,0.03947310549146391,189,368,240,251,358,184
1776754238.8952785,94.9100394966284,70,-14,71.386273190299,8.684461458673843,0.03997359385750298,189,368,240,250,358,184
1776754238.9526923,94.9100394966284,70,-14,71.386273190299,8.684461458673843,0.03997359385750298,189,368,240,250,358,184
1776754239.009689,94.9100394966284,70,-14,71.386273190299,8.684461458673843,0.03997359385750298,189,368,240,250,358,184
1776754239.0667872,94.9100394966284,70,-14,71.386273190299,8.684461458673843,0.03997359385750298,189,368,240,250,358,184
1776754239.12423,94.9100394966284,70,-14,71.386273190299,8.684461458673843,0.03997359385750298,189,368,240,250,358,184
1776754239.1774604,94.9100394966284,70,-14,71.386273190299,8.684461458673843,0.03997359385750298,189,368,240,250,358,184
1776754239.2349713,94.9100394966284,70,-14,71.386273190299,8.684461458673843,0.03997359385750298,189,368,240,250,358,184
1776754239.2918172,94.9100394966284,70,-14,71.386273190299,8.684461458673843,0.03997359385750298,189,368,240,250,358,184
1776754239.3490794,94.9100394966284,70,-14,71.386273190299,8.684461458673843,0.03997359385750298,189,368,240,250,358,184
1776754239.4063625,94.9100394966284,71,-14,72.3671196055225,8.803785840087896,0.040052230216904385,189,368,240,250,359,184
1776754239.4597225,94.9100394966284,71,-14,72.3671196055225,8.803785840087896,0.040052230216904385,189,368,240,250,359,184
1776754239.5177388,94.9100394966284,71,-14,72.3671196055225,8.803785840087896,0.040052230216904385,189,368,240,250,359,184
1776754239.5744617,94.9100394966284,71,-14,72.3671196055225,8.803785840087896,0.040052230216904385,189,368,240,250,359,184
1776754239.63194,94.9100394966284,71,-14,72.3671196055225,8.803785840087896,0.040052230216904385,189,368,240,250,359,184
1776754239.6892207,94.9100394966284,71,-14,72.3671196055225,8.803785840087896,0.040052230216904385,189,368,240,250,359,184
1776754239.7468128,94.9100394966284,71,-14,72.3671196055225,8.803785840087896,0.040052230216904385,189,368,240,250,359,184
1776754239.800242,94.9100394966284,71,-14,72.3671196055225,8.803785840087896,0.040052230216904385,189,368,240,250,359,184
1776754239.8577259,94.9100394966284,71,-14,72.3671196055225,8.803785840087896,0.040052230216904385,189,368,240,250,359,184
1776754239.9150643,94.9100394966284,71,-14,72.3671196055225,8.803785840087896,0.040052230216904385,189,368,240,250,359,184
1776754239.9723687,94.9100394966284,71,-14,72.3671196055225,8.803785840087896,0.040052230216904385,189,368,240,250,359,184
1776754240.0299263,94.9100394966284,71,-14,72.3671196055225,8.803785840087896,0.040052230216904385,189,368,240,250,359,184
1776754240.0867639,94.9100394966284,71,-14,72.3671196055225,8.803785840087896,0.040052230216904385,189,368,240,250,359,184
1776754240.1403224,94.9100394966284,71,-14,72.3671196055225,8.803785840087896,0.040052230216904385,189,368,240,250,359,184
1776754240.1983964,94.9100394966284,71,-14,72.3671196055225,8.803785840087896,0.040052230216904385,189,368,240,250,359,184
1776754240.2547913,94.9100394966284,71,-14,72.3671196055225,8.803785840087896,0.040052230216904385,189,368,240,250,359,184
1776754240.3121076,94.9100394966284,71,-14,72.3671196055225,8.803785840087896,0.040052230216904385,189,368,240,250,359,184
1776754240.3689165,94.9100394966284,71,-14,72.3671196055225,8.803785840087896,0.040052230216904385,189,368,240,250,359,184
1776754240.4265509,94.9100394966284,71,-14,72.3671196055225,8.803785840087896,0.040052230216904385,189,368,240,250,359,184
1776754240.4799051,94.9100394966284,71,-14,72.3671196055225,8.803785840087896,0.040052230216904385,189,368,240,250,359,184
1776754240.537237,94.9100394966284,72,-14,73.348483283569,8.923173148852674,0.040127215601770155,189,368,240,250,360,184
1776754240.5948458,94.9100394966284,72,-14,73.348483283569,8.923173148852674,0.040127215601770155,189,368,240,250,360,184
1776754240.652353,94.9100394966284,72,-14,73.348483283569,8.923173148852674,0.0395737786685419,189,368,241,250,360,184
1776754240.7093532,94.9100394966284,72,-14,73.348483283569,8.923173148852674,0.0395737786685419,189,368,241,250,360,184
1776754240.7661755,94.9100394966284,72,-14,73.348483283569,8.923173148852674,0.0395737786685419,189,368,241,250,360,184
1776754240.820074,94.9100394966284,72,-14,73.348483283569,8.923173148852674,0.0395737786685419,189,368,241,250,360,184
1776754240.8780575,94.9100394966284,72,-14,73.348483283569,8.923173148852674,0.0395737786685419,189,368,241,250,360,184
1776754240.9348428,94.9100394966284,73,-14,74.33034373659252,9.042620892529504,0.0396505185082428,189,368,241,250,361,184
1776754240.9924138,94.9100394966284,73,-14,74.33034373659252,9.042620892529504,0.0396505185082428,189,368,241,250,361,184
1776754241.048991,94.9100394966284,73,-14,74.33034373659252,9.042620892529504,0.0396505185082428,189,368,241,250,361,184
1776754241.102417,94.9100394966284,73,-14,74.33034373659252,9.042620892529504,0.0396505185082428,189,368,241,250,361,184
1776754241.1601841,94.9100394966284,73,-14,74.33034373659252,9.042620892529504,0.040142591920793565,189,368,241,249,361,184
1776754241.2172515,94.9100394966284,73,-14,74.33034373659252,9.042620892529504,0.040142591920793565,189,368,241,249,361,184
1776754241.2746546,94.9100394966284,73,-14,74.33034373659252,9.042620892529504,0.040142591920793565,189,368,241,249,361,184
1776754241.3319592,94.9100394966284,73,-14,74.33034373659252,9.042620892529504,0.040142591920793565,189,368,241,249,361,184
1776754241.389595,94.9100394966284,73,-14,74.33034373659252,9.042620892529504,0.040142591920793565,189,368,241,249,361,184
1776754241.44305,94.9100394966284,73,-14,74.33034373659252,9.042620892529504,0.0396718439572227,188,368,241,249,361,184
1776754241.4997644,94.9100394966284,73,-14,74.33034373659252,9.042620892529504,0.0396718439572227,188,368,241,249,361,184
1776754241.5570974,94.9100394966284,73,-14,74.33034373659252,9.042620892529504,0.0396718439572227,188,368,241,249,361,184
1776754241.6143017,94.9100394966284,73,-14,74.33034373659252,9.042620892529504,0.0396718439572227,188,368,241,249,361,184
1776754241.6716895,94.9100394966284,73,-14,74.33034373659252,9.042620892529504,0.0396718439572227,188,368,241,249,361,184
1776754241.7287512,94.9100394966284,73,-14,74.33034373659252,9.042620892529504,0.0396718439572227,188,368,241,249,361,184
1776754241.782232,94.9100394966284,73,-14,74.33034373659252,9.042620892529504,0.0396718439572227,188,368,241,249,361,184
1776754241.8395932,94.9100394966284,73,-14,74.33034373659252,9.042620892529504,0.0396718439572227,188,368,241,249,361,184
1776754241.896804,94.9100394966284,73,-14,74.33034373659252,9.042620892529504,0.0396718439572227,188,368,241,249,361,184
1776754241.9547038,94.9100394966284,74,-14,75.31268153505093,9.16212670742712,0.03974260420606647,188,368,241,249,362,184
1776754242.0119922,94.9100394966284,74,-14,75.31268153505093,9.16212670742712,0.03974260420606647,188,368,241,249,362,184
1776754242.0691338,94.9100394966284,74,-14,75.31268153505093,9.16212670742712,0.03974260420606647,188,368,241,249,362,184
1776754242.122164,94.9100394966284,74,-14,75.31268153505093,9.16212670742712,0.03974260420606647,188,368,241,249,362,184
1776754242.1797411,94.9100394966284,74,-14,75.31268153505093,9.16212670742712,0.03974260420606647,188,368,241,249,362,184
1776754242.2366393,94.9100394966284,74,-14,75.31268153505093,9.16212670742712,0.03974260420606647,188,368,241,249,362,184
1776754242.294088,94.9100394966284,74,-14,75.31268153505093,9.16212670742712,0.03974260420606647,188,368,241,249,362,184
1776754242.351303,94.9100394966284,74,-14,75.31268153505093,9.16212670742712,0.03974260420606647,188,368,241,249,362,184
1776754242.4086561,94.9100394966284,74,-14,75.31268153505093,9.16212670742712,0.03974260420606647,188,368,241,249,362,184
1776754242.462681,94.9100394966284,74,-14,75.31268153505093,9.16212670742712,0.03974260420606647,188,368,241,249,362,184
1776754242.5197701,94.9100394966284,74,-14,75.31268153505093,9.16212670742712,0.03974260420606647,188,368,241,249,362,184
1776754242.57713,94.9100394966284,74,-14,75.31268153505093,9.16212670742712,0.03974260420606647,188,368,241,249,362,184
1776754242.634101,94.9100394966284,74,-14,75.31268153505093,9.16212670742712,0.03974260420606647,188,368,241,249,362,184
1776754242.691723,94.9100394966284,74,-14,75.31268153505093,9.16212670742712,0.03974260420606647,188,368,241,249,362,184
1776754242.7495794,94.9100394966284,74,-14,75.31268153505093,9.16212670742712,0.03974260420606647,188,368,241,249,362,184
1776754242.8024094,94.9100394966284,74,-14,75.31268153505093,9.16212670742712,0.03974260420606647,188,368,241,249,362,184
1776754242.8596742,94.9100394966284,74,-14,75.31268153505093,9.16212670742712,0.03974260420606647,188,368,241,249,362,184
1776754242.9175062,94.9100394966284,74,-14,75.31268153505093,9.16212670742712,0.03974260420606647,188,368,241,249,362,184
1776754242.9739277,94.9100394966284,74,-14,75.31268153505093,9.16212670742712,0.03974260420606647,188,368,241,249,362,184
1776754243.0321634,94.9100394966284,74,-14,75.31268153505093,9.16212670742712,0.03974260420606647,188,368,241,249,362,184
1776754243.0848403,94.9100394966284,74,-14,75.31268153505093,9.16212670742712,0.03974260420606647,188,368,241,249,362,184
1776754243.1425996,94.9100394966284,74,-14,75.31268153505093,9.16212670742712,0.03974260420606647,188,368,241,249,362,184
1776754243.1995556,94.9100394966284,74,-14,75.31268153505093,9.16212670742712,0.03974260420606647,188,368,241,249,362,184
1776754243.2570267,94.9100394966284,75,-14,76.2954782408499,9.281688350468357,0.03980992227856198,188,368,241,249,363,184
1776754243.3141837,94.9100394966284,75,-14,76.2954782408499,9.281688350468357,0.03980992227856198,188,368,241,249,363,184
1776754243.3717973,94.9100394966284,75,-14,76.2954782408499,9.281688350468357,0.03980992227856198,188,368,241,249,363,184
1776754243.4250977,94.9100394966284,75,-14,76.2954782408499,9.281688350468357,0.03980992227856198,188,368,241,249,363,184
1776754243.4824882,94.9100394966284,75,-14,76.2954782408499,9.281688350468357,0.03980992227856198,188,368,241,249,363,184
1776754243.5394986,94.9100394966284,75,-14,76.2954782408499,9.281688350468357,0.03980992227856198,188,368,241,249,363,184
1776754243.596993,94.9100394966284,75,-14,76.2954782408499,9.281688350468357,0.039276088026573966,188,368,242,249,363,184
1776754243.6545818,94.9100394966284,75,-14,76.2954782408499,9.281688350468357,0.039276088026573966,188,368,242,249,363,184
1776754243.7111824,94.9100394966284,75,-14,76.2954782408499,9.281688350468357,0.039276088026573966,188,368,242,249,363,184
1776754243.7646039,94.9100394966284,75,-14,76.2954782408499,9.281688350468357,0.039276088026573966,188,368,242,249,363,184
1776754243.8223746,94.9100394966284,75,-14,76.2954782408499,9.281688350468357,0.039276088026573966,188,368,242,249,363,184
1776754243.8791256,94.9100394966284,75,-14,76.2954782408499,9.281688350468357,0.039276088026573966,188,368,242,249,363,184
1776754243.9365106,94.9100394966284,75,-14,76.2954782408499,9.281688350468357,0.039276088026573966,188,368,242,249,363,184
1776754243.9937701,94.9100394966284,75,-14,76.2954782408499,9.281688350468357,0.039276088026573966,188,368,242,249,363,184
1776754244.0512497,94.9100394966284,75,-14,76.2954782408499,9.281688350468357,0.039276088026573966,188,368,242,249,363,184
1776754244.1047878,94.9100394966284,75,-14,76.2954782408499,9.281688350468357,0.039276088026573966,188,368,242,249,363,184
1776754244.1627312,94.9100394966284,75,-14,76.2954782408499,9.281688350468357,0.039276088026573966,188,368,242,249,363,184
1776754244.2191637,94.9100394966284,75,-14,76.2954782408499,9.281688350468357,0.039276088026573966,188,368,242,249,363,184
1776754244.2769492,94.9100394966284,75,-14,76.2954782408499,9.281688350468357,0.039767132956085166,188,368,242,248,363,184
1776754244.3347683,94.9100394966284,75,-14,76.2954782408499,9.281688350468357,0.039767132956085166,188,368,242,248,363,184
1776754244.3920264,94.9100394966284,75,-14,76.2954782408499,9.281688350468357,0.039767132956085166,188,368,242,248,363,184
1776754244.4452424,94.9100394966284,75,-14,76.2954782408499,9.281688350468357,0.039767132956085166,188,368,242,248,363,184
1776754244.5026102,94.9100394966284,76,-14,77.27871634544663,9.401303691660173,0.039832023484030345,188,368,242,248,364,184
1776754244.5596113,94.9100394966284,76,-14,77.27871634544663,9.401303691660173,0.039832023484030345,188,368,242,248,364,184
1776754244.6168869,94.9100394966284,76,-14,77.27871634544663,9.401303691660173,0.039832023484030345,188,368,242,248,364,184
1776754244.6741745,94.9100394966284,76,-14,77.27871634544663,9.401303691660173,0.039832023484030345,188,368,242,248,364,184
1776754244.7314177,94.9100394966284,76,-14,77.27871634544663,9.401303691660173,0.039832023484030345,188,368,242,248,364,184
1776754244.7843814,94.9100394966284,76,-14,77.27871634544663,9.401303691660173,0.039832023484030345,188,368,242,248,364,184
1776754244.8418322,94.9100394966284,76,-14,77.27871634544663,9.401303691660173,0.039832023484030345,188,368,242,248,364,184
1776754244.9004765,94.9100394966284,76,-14,77.27871634544663,9.401303691660173,0.039832023484030345,188,368,242,248,364,184
1776754245.0142412,94.9100394966284,76,-14,77.27871634544663,9.401303691660173,0.039832023484030345,188,368,242,248,364,184
1776754245.067321,94.9100394966284,76,-14,77.27871634544663,9.401303691660173,0.039832023484030345,188,368,242,248,364,184
1776754245.125052,94.9100394966284,76,-14,77.27871634544663,9.401303691660173,0.039832023484030345,188,368,242,248,364,184
1776754245.1833763,94.9100394966284,76,-14,77.27871634544663,9.401303691660173,0.039832023484030345,188,368,242,248,364,184
1776754245.239621,94.9100394966284,76,-14,77.27871634544663,9.401303691660173,0.039832023484030345,188,368,242,248,364,184
1776754245.2966764,94.9100394966284,76,-14,77.27871634544663,9.401303691660173,0.039832023484030345,188,368,242,248,364,184
1776754245.3539188,94.9100394966284,76,-14,77.27871634544663,9.401303691660173,0.039832023484030345,188,368,242,248,364,184
1776754245.407334,94.9100394966284,77,-14,78.26237921249263,9.520970707115891,0.03989359407302991,188,368,242,248,365,184
1776754245.4649124,94.9100394966284,77,-14,78.26237921249263,9.520970707115891,0.03989359407302991,188,368,242,248,365,184
1776754245.5216525,94.9100394966284,77,-14,78.26237921249263,9.520970707115891,0.03989359407302991,188,368,242,248,365,184
1776754245.5792027,94.9100394966284,77,-14,78.26237921249263,9.520970707115891,0.03989359407302991,188,368,242,248,365,184
1776754245.6366997,94.9100394966284,77,-14,78.26237921249263,9.520970707115891,0.03989359407302991,188,368,242,248,365,184
1776754245.6942623,94.9100394966284,77,-14,78.26237921249263,9.520970707115891,0.03989359407302991,188,368,242,248,365,184
1776754245.7474523,94.9100394966284,77,-14,78.26237921249263,9.520970707115891,0.03989359407302991,188,368,242,248,365,184
1776754245.8045251,94.9100394966284,77,-14,78.26237921249263,9.520970707115891,0.03989359407302991,188,368,242,248,365,184
1776754245.862346,94.9100394966284,77,-14,78.26237921249263,9.520970707115891,0.03989359407302991,188,368,242,248,365,184
1776754245.919151,94.9100394966284,77,-14,78.26237921249263,9.520970707115891,0.03989359407302991,188,368,242,248,365,184
1776754245.9770093,94.9100394966284,77,-14,78.26237921249263,9.520970707115891,0.03989359407302991,188,368,242,248,365,184
1776754246.033957,94.9100394966284,77,-14,78.26237921249263,9.520970707115891,0.03989359407302991,188,368,242,248,365,184
1776754246.0876205,94.9100394966284,77,-14,78.26237921249263,9.520970707115891,0.03989359407302991,188,368,242,248,365,184
1776754246.144082,94.9100394966284,77,-14,78.26237921249263,9.520970707115891,0.03989359407302991,188,368,242,248,365,184
1776754246.2015784,94.9100394966284,77,-14,78.26237921249263,9.520970707115891,0.03989359407302991,188,368,242,248,365,184
1776754246.2590044,94.9100394966284,77,-14,78.26237921249263,9.520970707115891,0.03989359407302991,188,368,242,248,365,184
1776754246.3162177,94.9100394966284,77,-14,78.26237921249263,9.520970707115891,0.03989359407302991,188,368,242,248,365,184
1776754246.3739588,94.9100394966284,77,-14,78.26237921249263,9.520970707115891,0.03989359407302991,188,368,242,248,365,184
1776754246.4271514,94.9100394966284,77,-14,78.26237921249263,9.520970707115891,0.03989359407302991,188,368,242,248,365,184
1776754246.484929,94.9100394966284,77,-14,78.26237921249263,9.520970707115891,0.03989359407302991,188,368,242,248,365,184
1776754246.5427756,94.9100394966284,77,-14,78.26237921249263,9.520970707115891,0.03989359407302991,188,368,242,248,365,184
1776754246.5993218,94.9100394966284,78,-14,79.2464510246358,9.64068747258343,0.03995192595427539,188,368,242,248,366,184
1776754246.656075,94.9100394966284,78,-14,79.2464510246358,9.64068747258343,0.03995192595427539,188,368,242,248,366,184
1776754246.7094712,94.9100394966284,78,-14,79.2464510246358,9.64068747258343,0.03995192595427539,188,368,242,248,366,184
1776754246.7667832,94.9100394966284,78,-14,79.2464510246358,9.64068747258343,0.03995192595427539,188,368,242,248,366,184
1776754246.8249638,94.9100394966284,78,-14,79.2464510246358,9.64068747258343,0.03995192595427539,188,368,242,248,366,184
1776754246.8821323,94.9100394966284,78,-14,79.2464510246358,9.64068747258343,0.03943622522821139,188,368,243,248,366,184
1776754246.939248,94.9100394966284,78,-14,79.2464510246358,9.64068747258343,0.03943622522821139,188,368,243,248,366,184
1776754246.996693,94.9100394966284,78,-14,79.2464510246358,9.64068747258343,0.03943622522821139,188,368,243,248,366,184
1776754247.0496814,94.9100394966284,78,-14,79.2464510246358,9.64068747258343,0.03943622522821139,188,368,243,248,366,184
1776754247.1082366,94.9100394966284,78,-14,79.2464510246358,9.64068747258343,0.03943622522821139,188,368,243,248,366,184
1776754247.1653948,94.9100394966284,78,-14,79.2464510246358,9.64068747258343,0.03943622522821139,188,368,243,248,366,184
1776754247.221572,94.9100394966284,78,-14,79.2464510246358,9.64068747258343,0.03943622522821139,188,368,243,248,366,184
1776754247.2792284,94.9100394966284,78,-14,79.2464510246358,9.64068747258343,0.03943622522821139,188,368,243,248,366,184
1776754247.3370857,94.9100394966284,78,-14,79.2464510246358,9.64068747258343,0.03943622522821139,188,368,243,248,366,184
1776754247.39024,94.9100394966284,78,-14,79.2464510246358,9.64068747258343,0.03943622522821139,188,368,243,248,366,184
1776754247.4472902,94.9100394966284,78,-14,79.2464510246358,9.64068747258343,0.03943622522821139,188,368,243,248,366,184
1776754247.504075,94.9100394966284,78,-14,79.2464510246358,9.64068747258343,0.03943622522821139,188,368,243,248,366,184
1776754247.561266,94.9100394966284,78,-14,79.2464510246358,9.64068747258343,0.03943622522821139,188,368,243,248,366,184
1776754247.6186457,94.9100394966284,78,-14,79.2464510246358,9.64068747258343,0.03943622522821139,188,368,243,248,366,184
1776754247.676057,94.9100394966284,78,-14,79.2464510246358,9.64068747258343,0.03943622522821139,188,368,243,248,366,184
1776754247.7298071,94.9100394966284,78,-14,79.2464510246358,9.64068747258343,0.03943622522821139,188,368,243,248,366,184
1776754247.78717,94.9100394966284,78,-14,79.2464510246358,9.64068747258343,0.03943622522821139,188,368,243,248,366,184
1776754247.8444588,94.9100394966284,78,-14,79.2464510246358,9.64068747258343,0.03943622522821139,188,368,243,248,366,184
1776754247.9027188,94.9100394966284,78,-14,79.2464510246358,9.64068747258343,0.03943622522821139,188,368,243,248,366,184
1776754247.959462,94.9100394966284,79,-14,80.23091673413684,9.760452157437571,0.03997455931395293,188,368,243,247,367,184
1776754248.0162363,94.9100394966284,79,-14,80.23091673413684,9.760452157437571,0.03997455931395293,188,368,243,247,367,184
1776754248.0700045,94.9100394966284,79,-14,80.23091673413684,9.760452157437571,0.03997455931395293,188,368,243,247,367,184
1776754248.1265862,94.9100394966284,79,-14,80.23091673413684,9.760452157437571,0.03997455931395293,188,368,243,247,367,184
1776754248.184378,94.9100394966284,79,-14,80.23091673413684,9.760452157437571,0.03997455931395293,188,368,243,247,367,184
1776754248.2418914,94.9100394966284,79,-14,80.23091673413684,9.760452157437571,0.03997455931395293,188,368,243,247,367,184
1776754248.298738,94.9100394966284,79,-14,80.23091673413684,9.760452157437571,0.03997455931395293,188,368,243,247,367,184
1776754248.3560636,94.9100394966284,79,-14,80.23091673413684,9.760452157437571,0.03997455931395293,188,368,243,247,367,184
1776754248.4092238,94.9100394966284,79,-14,80.23091673413684,9.760452157437571,0.03997455931395293,188,368,243,247,367,184
1776754248.4666462,94.9100394966284,79,-14,80.23091673413684,9.760452157437571,0.03997455931395293,188,368,243,247,367,184
1776754248.5244002,94.9100394966284,79,-14,80.23091673413684,9.760452157437571,0.03997455931395293,188,368,243,247,367,184
1776754248.5818014,94.9100394966284,79,-14,80.23091673413684,9.760452157437571,0.03997455931395293,188,368,243,247,367,184
1776754248.6386929,94.9100394966284,79,-14,80.23091673413684,9.760452157437571,0.03997455931395293,188,368,243,247,367,184
1776754248.6959991,94.9100394966284,79,-14,80.23091673413684,9.760452157437571,0.03997455931395293,188,368,243,247,367,184
1776754248.749142,94.9100394966284,79,-14,80.23091673413684,9.760452157437571,0.03997455931395293,188,368,243,247,367,184
1776754248.8070579,94.9100394966284,79,-14,80.23091673413684,9.760452157437571,0.03997455931395293,188,368,243,247,367,184
1776754248.8645308,94.9100394966284,79,-14,80.23091673413684,9.760452157437571,0.03997455931395293,188,368,243,247,367,184
1776754248.9213862,94.9100394966284,79,-14,80.23091673413684,9.760452157437571,0.03997455931395293,188,368,243,247,367,184
1776754248.9788992,94.9100394966284,80,-14,81.21576201698781,9.880263019098273,0.04002737335811673,188,368,243,247,368,184
1776754249.0322042,94.9100394966284,80,-14,81.21576201698781,9.880263019098273,0.04002737335811673,188,368,243,247,368,184
1776754249.0898635,94.9100394966284,80,-14,81.21576201698781,9.880263019098273,0.04002737335811673,188,368,243,247,368,184
1776754249.1470947,94.9100394966284,80,-14,81.21576201698781,9.880263019098273,0.04002737335811673,188,368,243,247,368,184
1776754249.205419,94.9100394966284,80,-14,81.21576201698781,9.880263019098273,0.04002737335811673,188,368,243,247,368,184
1776754249.262642,94.9100394966284,80,-14,81.21576201698781,9.880263019098273,0.04002737335811673,188,368,243,247,368,184
1776754249.318815,94.9100394966284,80,-14,81.21576201698781,9.880263019098273,0.04002737335811673,188,368,243,247,368,184
1776754249.372255,94.9100394966284,80,-14,81.21576201698781,9.880263019098273,0.04002737335811673,188,368,243,247,368,184
1776754249.4295347,94.9100394966284,80,-14,81.21576201698781,9.880263019098273,0.04002737335811673,188,368,243,247,368,184
1776754249.4865766,94.9100394966284,80,-14,81.21576201698781,9.880263019098273,0.04002737335811673,188,368,243,247,368,184
1776754249.5442002,94.9100394966284,80,-14,81.21576201698781,9.880263019098273,0.04002737335811673,188,368,243,247,368,184
1776754249.6011631,94.9100394966284,80,-14,81.21576201698781,9.880263019098273,0.04002737335811673,188,368,243,247,368,184
1776754249.6587381,94.9100394966284,80,-14,81.21576201698781,9.880263019098273,0.04002737335811673,188,368,243,247,368,184
1776754249.7121646,94.9100394966284,80,-14,81.21576201698781,9.880263019098273,0.04002737335811673,188,368,243,247,368,184
1776754249.769095,94.9100394966284,80,-14,81.21576201698781,9.880263019098273,0.04002737335811673,188,368,243,247,368,184
1776754249.8267894,94.9100394966284,80,-14,81.21576201698781,9.880263019098273,0.04002737335811673,188,368,243,247,368,184
1776754249.8842,94.9100394966284,80,-14,81.21576201698781,9.880263019098273,0.04002737335811673,188,368,243,247,368,184
1776754249.9422767,94.9100394966284,80,-14,81.21576201698781,9.880263019098273,0.04002737335811673,188,368,243,247,368,184
1776754249.9986634,94.9100394966284,80,-14,81.21576201698781,9.880263019098273,0.04002737335811673,188,368,243,247,368,184
1776754250.0522106,94.9100394966284,80,-14,81.21576201698781,9.880263019098273,0.04002737335811673,188,368,243,247,368,184
1776754250.1095178,94.9100394966284,81,-14,82.20097323024831,10.000118397840426,0.03957893890897647,188,368,244,247,369,184
1776754250.1672652,94.9100394966284,81,-14,82.20097323024831,10.000118397840426,0.03957893890897647,188,368,244,247,369,184
1776754250.2239995,94.9100394966284,81,-14,82.20097323024831,10.000118397840426,0.03957893890897647,188,368,244,247,369,184
1776754250.281486,94.9100394966284,81,-14,82.20097323024831,10.000118397840426,0.03957893890897647,188,368,244,247,369,184
1776754250.3387122,94.9100394966284,81,-14,82.20097323024831,10.000118397840426,0.03957893890897647,188,368,244,247,369,184
1776754250.3922698,94.9100394966284,81,-14,82.20097323024831,10.000118397840426,0.03957893890897647,188,368,244,247,369,184
1776754250.4495385,94.9100394966284,81,-14,82.20097323024831,10.000118397840426,0.03957893890897647,188,368,244,247,369,184
1776754250.5068524,94.9100394966284,81,-14,82.20097323024831,10.000118397840426,0.03957893890897647,188,368,244,247,369,184
1776754250.5641482,94.9100394966284,81,-14,82.20097323024831,10.000118397840426,0.03957893890897647,188,368,244,247,369,184
1776754250.622295,94.9100394966284,81,-14,82.20097323024831,10.000118397840426,0.03957893890897647,188,368,244,247,369,184
1776754250.6742473,94.9100394966284,81,-14,82.20097323024831,10.000118397840426,0.03957893890897647,188,368,244,247,369,184
1776754250.731644,94.9100394966284,81,-14,82.20097323024831,10.000118397840426,0.03957893890897647,188,368,244,247,369,184
1776754250.789022,94.9100394966284,81,-14,82.20097323024831,10.000118397840426,0.03957893890897647,188,368,244,247,369,184
1776754250.8465219,94.9100394966284,81,-14,82.20097323024831,10.000118397840426,0.03957893890897647,188,368,244,247,369,184
1776754250.9042137,94.9100394966284,81,-14,82.20097323024831,10.000118397840426,0.03957893890897647,188,368,244,247,369,184
1776754250.9615624,94.9100394966284,81,-14,82.20097323024831,10.000118397840426,0.04005268285608116,188,368,244,246,369,184
1776754251.0145245,94.9100394966284,81,-14,82.20097323024831,10.000118397840426,0.04005268285608116,188,368,244,246,369,184
1776754251.0718372,94.9100394966284,81,-14,82.20097323024831,10.000118397840426,0.04005268285608116,188,368,244,246,369,184
1776754251.1294036,94.9100394966284,81,-14,82.20097323024831,10.000118397840426,0.04005268285608116,188,368,244,246,369,184
1776754251.1867707,94.9100394966284,82,-14,83.18653737234169,10.120016711963709,0.04010009064870653,188,368,244,246,370,184
1776754251.244314,94.9100394966284,82,-14,83.18653737234169,10.120016711963709,0.04010009064870653,188,368,244,246,370,184
1776754251.3007402,94.9100394966284,82,-14,83.18653737234169,10.120016711963709,0.04010009064870653,188,368,244,246,370,184
1776754251.3541799,94.9100394966284,82,-14,83.18653737234169,10.120016711963709,0.04010009064870653,188,368,244,246,370,184
1776754251.411472,94.9100394966284,82,-14,83.18653737234169,10.120016711963709,0.04010009064870653,188,368,244,246,370,184
1776754251.4694912,94.9100394966284,82,-14,83.18653737234169,10.120016711963709,0.04010009064870653,188,368,244,246,370,184
1776754251.5260584,94.9100394966284,82,-14,83.18653737234169,10.120016711963709,0.04010009064870653,188,368,244,246,370,184
1776754251.5833738,94.9100394966284,82,-14,83.18653737234169,10.120016711963709,0.04010009064870653,188,368,244,246,370,184
1776754251.6406796,94.9100394966284,82,-14,83.18653737234169,10.120016711963709,0.04010009064870653,188,368,244,246,370,184
1776754251.69423,94.9100394966284,82,-14,83.18653737234169,10.120016711963709,0.04010009064870653,188,368,244,246,370,184
1776754251.7520027,94.9100394966284,82,-14,83.18653737234169,10.120016711963709,0.04010009064870653,188,368,244,246,370,184
1776754251.8087163,94.9100394966284,82,-14,83.18653737234169,10.120016711963709,0.04010009064870653,188,368,244,246,370,184
1776754251.8659813,94.9100394966284,82,-14,83.18653737234169,10.120016711963709,0.04010009064870653,188,368,244,246,370,184
1776754251.9233763,94.9100394966284,82,-14,83.18653737234169,10.120016711963709,0.04010009064870653,188,368,244,246,370,184
1776754251.9809382,94.9100394966284,82,-14,83.18653737234169,10.120016711963709,0.04010009064870653,188,368,244,246,370,184
1776754252.034166,94.9100394966284,82,-14,83.18653737234169,10.120016711963709,0.04010009064870653,188,368,244,246,370,184
1776754252.0913243,94.9100394966284,82,-14,83.18653737234169,10.120016711963709,0.04010009064870653,188,368,244,246,370,184
1776754252.1486897,94.9100394966284,82,-14,83.18653737234169,10.120016711963709,0.04010009064870653,188,368,244,246,370,184
1776754252.206105,94.9100394966284,82,-14,83.18653737234169,10.120016711963709,0.04010009064870653,188,368,244,246,370,184
1776754252.2636008,94.9100394966284,82,-14,83.18653737234169,10.120016711963709,0.04010009064870653,188,368,244,246,370,184
1776754252.3211126,94.9100394966284,83,-14,84.17244204607586,10.2399564532939,0.04014457032002406,188,368,244,246,371,184
1776754252.3745642,94.9100394966284,83,-14,84.17244204607586,10.2399564532939,0.04014457032002406,188,368,244,246,371,184
1776754252.431298,94.9100394966284,83,-14,84.17244204607586,10.2399564532939,0.04014457032002406,188,368,244,246,371,184
1776754252.4885924,94.9100394966284,83,-14,84.17244204607586,10.2399564532939,0.04014457032002406,188,368,244,246,371,184
1776754252.54601,94.9100394966284,83,-14,84.17244204607586,10.2399564532939,0.04014457032002406,188,368,244,246,371,184
1776754252.6037693,94.9100394966284,83,-14,84.17244204607586,10.2399564532939,0.04014457032002406,188,368,244,246,371,184
1776754252.6566062,94.9100394966284,83,-14,84.17244204607586,10.2399564532939,0.04014457032002406,188,368,244,246,371,184
1776754252.7143319,94.9100394966284,83,-14,84.17244204607586,10.2399564532939,0.04014457032002406,188,368,244,246,371,184
1776754252.7718575,94.9100394966284,83,-14,84.17244204607586,10.2399564532939,0.04014457032002406,188,368,244,246,371,184
1776754252.8285394,94.9100394966284,83,-14,84.17244204607586,10.2399564532939,0.04014457032002406,188,368,244,246,371,184
1776754252.8858922,94.9100394966284,83,-14,84.17244204607586,10.2399564532939,0.04014457032002406,188,368,244,246,371,184
1776754252.9432826,94.9100394966284,83,-14,84.17244204607586,10.2399564532939,0.039658764842142265,188,368,245,246,371,184
1776754252.9967895,94.9100394966284,83,-14,84.17244204607586,10.2399564532939,0.039658764842142265,188,368,245,246,371,184
1776754253.05478,94.9100394966284,83,-14,84.17244204607586,10.2399564532939,0.039658764842142265,188,368,245,246,371,184
1776754253.1115754,94.9100394966284,83,-14,84.17244204607586,10.2399564532939,0.039658764842142265,188,368,245,246,371,184
1776754253.1691098,94.9100394966284,84,-14,85.15867542417507,10.359936182989667,0.03970486193877091,188,368,245,246,372,184
1776754253.2266266,94.9100394966284,84,-14,85.15867542417507,10.359936182989667,0.03970486193877091,188,368,245,246,372,184
1776754253.2831616,94.9100394966284,84,-14,85.15867542417507,10.359936182989667,0.03970486193877091,188,368,245,246,372,184
1776754253.33655,94.9100394966284,84,-14,85.15867542417507,10.359936182989667,0.03970486193877091,188,368,245,246,372,184
1776754253.393866,94.9100394966284,84,-14,85.15867542417507,10.359936182989667,0.03970486193877091,188,368,245,246,372,184
1776754253.4513032,94.9100394966284,84,-14,85.15867542417507,10.359936182989667,0.03970486193877091,188,368,245,246,372,184
1776754253.5089478,94.9100394966284,84,-14,85.15867542417507,10.359936182989667,0.03970486193877091,188,368,245,246,372,184
1776754253.565778,94.9100394966284,84,-14,85.15867542417507,10.359936182989667,0.03970486193877091,188,368,245,246,372,184
1776754253.623598,94.9100394966284,84,-14,85.15867542417507,10.359936182989667,0.03970486193877091,188,368,245,246,372,184
1776754253.676793,94.9100394966284,84,-14,85.15867542417507,10.359936182989667,0.03970486193877091,188,368,245,246,372,184
1776754253.7340672,94.9100394966284,84,-14,85.15867542417507,10.359936182989667,0.03970486193877091,188,368,245,246,372,184
1776754253.7911468,94.9100394966284,84,-14,85.15867542417507,10.359936182989667,0.03970486193877091,188,368,245,246,372,184
1776754253.848792,94.9100394966284,84,-14,85.15867542417507,10.359936182989667,0.03970486193877091,188,368,245,246,372,184
1776754253.905765,94.9100394966284,84,-14,85.15867542417507,10.359936182989667,0.03970486193877091,188,368,245,246,372,184
1776754253.964179,94.9100394966284,84,-14,85.15867542417507,10.359936182989667,0.03970486193877091,188,368,245,246,372,184
1776754254.0164707,94.9100394966284,84,-14,85.15867542417507,10.359936182989667,0.03970486193877091,188,368,245,246,372,184
1776754254.0738657,94.9100394966284,84,-14,85.15867542417507,10.359936182989667,0.03970486193877091,188,368,245,246,372,184
1776754254.1311536,94.9100394966284,85,-14,86.14522621712709,10.479954527631032,0.039748100409230123,188,368,245,246,373,184
1776754254.1890757,94.9100394966284,85,-14,86.14522621712709,10.479954527631032,0.039748100409230123,188,368,245,246,373,184
1776754254.246031,94.9100394966284,85,-14,86.14522621712709,10.479954527631032,0.039748100409230123,188,368,245,246,373,184
1776754254.3030927,94.9100394966284,85,-14,86.14522621712709,10.479954527631032,0.04020925745550637,188,368,245,245,373,184
1776754254.3563747,94.9100394966284,85,-14,86.14522621712709,10.479954527631032,0.04020925745550637,188,368,245,245,373,184
1776754254.4137497,94.9100394966284,85,-14,86.14522621712709,10.479954527631032,0.04020925745550637,188,368,245,245,373,184
1776754254.472045,94.9100394966284,85,-14,86.14522621712709,10.479954527631032,0.04020925745550637,188,368,245,245,373,184
1776754254.5291224,94.9100394966284,85,-14,86.14522621712709,10.479954527631032,0.04020925745550637,188,368,245,245,373,184
1776754254.5860097,94.9100394966284,85,-14,86.14522621712709,10.479954527631032,0.04020925745550637,188,368,245,245,373,184
1776754254.6391344,94.9100394966284,85,-14,86.14522621712709,10.479954527631032,0.04020925745550637,188,368,245,245,373,184
1776754254.6964111,94.9100394966284,85,-14,86.14522621712709,10.479954527631032,0.04020925745550637,188,368,245,245,373,184
1776754254.7536645,94.9100394966284,85,-14,86.14522621712709,10.479954527631032,0.04020925745550637,188,368,245,245,373,184
1776754254.8114836,94.9100394966284,85,-14,86.14522621712709,10.479954527631032,0.04020925745550637,188,368,245,245,373,184
1776754254.868876,94.9100394966284,85,-14,86.14522621712709,10.479954527631032,0.04020925745550637,188,368,245,245,373,184
1776754254.9267082,94.9100394966284,85,-14,86.14522621712709,10.479954527631032,0.04020925745550637,188,368,245,245,373,184
1776754254.9790118,94.9100394966284,85,-14,86.14522621712709,10.479954527631032,0.04020925745550637,188,368,245,245,373,184
1776754255.0363393,94.9100394966284,85,-14,86.14522621712709,10.479954527631032,0.04020925745550637,188,368,245,245,373,184
1776754255.093805,94.9100394966284,85,-14,86.14522621712709,10.479954527631032,0.04020925745550637,188,368,245,245,373,184
1776754255.1510577,94.9100394966284,85,-14,86.14522621712709,10.479954527631032,0.04020925745550637,188,368,245,245,373,184
1776754255.2088737,94.9100394966284,85,-14,86.14522621712709,10.479954527631032,0.04020925745550637,188,368,245,245,373,184
1776754255.2656202,94.9100394966284,85,-14,86.14522621712709,10.479954527631032,0.04020925745550637,188,368,245,245,373,184
1776754255.3191347,94.9100394966284,86,-14,87.13208364316786,10.600010175567865,0.04024581333854012,188,368,245,245,374,184
1776754255.376283,94.9100394966284,86,-14,87.13208364316786,10.600010175567865,0.04024581333854012,188,368,245,245,374,184
1776754255.4335923,94.9100394966284,86,-14,87.13208364316786,10.600010175567865,0.04024581333854012,188,368,245,245,374,184
1776754255.4909225,94.9100394966284,86,-14,87.13208364316786,10.600010175567865,0.04024581333854012,188,368,245,245,374,184
1776754255.548288,94.9100394966284,86,-14,87.13208364316786,10.600010175567865,0.04024581333854012,188,368,245,245,374,184
1776754255.6060288,94.9100394966284,86,-14,87.13208364316786,10.600010175567865,0.04024581333854012,188,368,245,245,374,184
1776754255.6592941,94.9100394966284,86,-14,87.13208364316786,10.600010175567865,0.04024581333854012,188,368,245,245,374,184
1776754255.7168324,94.9100394966284,86,-14,87.13208364316786,10.600010175567865,0.04024581333854012,188,368,245,245,374,184
1776754255.7738595,94.9100394966284,86,-14,87.13208364316786,10.600010175567865,0.04024581333854012,188,368,245,245,374,184
1776754255.8308294,94.9100394966284,86,-14,87.13208364316786,10.600010175567865,0.04024581333854012,188,368,245,245,374,184
1776754255.8880801,94.9100394966284,86,-14,87.13208364316786,10.600010175567865,0.04024581333854012,188,368,245,245,374,184
1776754255.945552,94.9100394966284,86,-14,87.13208364316786,10.600010175567865,0.039776483354107564,188,368,246,245,374,184
1776754255.9993188,94.9100394966284,86,-14,87.13208364316786,10.600010175567865,0.039776483354107564,188,368,246,245,374,184
1776754256.0569284,94.9100394966284,86,-14,87.13208364316786,10.600010175567865,0.039776483354107564,188,368,246,245,374,184
1776754256.1140203,94.9100394966284,86,-14,87.13208364316786,10.600010175567865,0.039776483354107564,188,368,246,245,374,184
1776754256.1709864,94.9100394966284,86,-14,87.13208364316786,10.600010175567865,0.039776483354107564,188,368,246,245,374,184
1776754256.2285495,94.9100394966284,86,-14,87.13208364316786,10.600010175567865,0.039776483354107564,188,368,246,245,374,184
1776754256.281563,94.9100394966284,86,-14,87.13208364316786,10.600010175567865,0.039776483354107564,188,368,246,245,374,184
1776754256.341894,94.9100394966284,86,-14,87.13208364316786,10.600010175567865,0.039776483354107564,188,368,246,245,374,184
1776754256.3966694,94.9100394966284,87,-14,88.11923740024082,10.720101873508614,0.039814627269159034,188,368,246,245,375,184
1776754256.4539354,94.9100394966284,87,-14,88.11923740024082,10.720101873508614,0.039814627269159034,188,368,246,245,375,184
1776754256.5109715,94.9100394966284,87,-14,88.11923740024082,10.720101873508614,0.039814627269159034,188,368,246,245,375,184
1776754256.5689309,94.9100394966284,87,-14,88.11923740024082,10.720101873508614,0.039814627269159034,188,368,246,245,375,184
1776754256.6218843,94.9100394966284,87,-14,88.11923740024082,10.720101873508614,0.039814627269159034,188,368,246,245,375,184
1776754256.6787777,94.9100394966284,87,-14,88.11923740024082,10.720101873508614,0.039814627269159034,188,368,246,245,375,184
1776754256.7361228,94.9100394966284,87,-14,88.11923740024082,10.720101873508614,0.039814627269159034,188,368,246,245,375,184
1776754256.7937405,94.9100394966284,87,-14,88.11923740024082,10.720101873508614,0.039814627269159034,188,368,246,245,375,184
1776754256.8514981,94.9100394966284,87,-14,88.11923740024082,10.720101873508614,0.039814627269159034,188,368,246,245,375,184
1776754256.9086235,94.9100394966284,87,-14,88.11923740024082,10.720101873508614,0.039814627269159034,188,368,246,245,375,184
1776754256.9617517,94.9100394966284,87,-14,88.11923740024082,10.720101873508614,0.039814627269159034,188,368,246,245,375,184
1776754257.019918,94.9100394966284,87,-14,88.11923740024082,10.720101873508614,0.039814627269159034,188,368,246,245,375,184
1776754257.0765276,94.9100394966284,87,-14,88.11923740024082,10.720101873508614,0.039814627269159034,188,368,246,245,375,184
1776754257.133834,94.9100394966284,87,-14,88.11923740024082,10.720101873508614,0.039814627269159034,188,368,246,245,375,184
1776754257.1914709,94.9100394966284,87,-14,88.11923740024082,10.720101873508614,0.039814627269159034,188,368,246,245,375,184
1776754257.2484193,94.9100394966284,87,-14,88.11923740024082,10.720101873508614,0.039814627269159034,188,368,246,245,375,184
1776754257.302017,94.9100394966284,87,-14,88.11923740024082,10.720101873508614,0.039814627269159034,188,368,246,245,375,184
1776754257.3595579,94.9100394966284,87,-14,88.11923740024082,10.720101873508614,0.039814627269159034,188,368,246,245,375,184
1776754257.4162238,94.9100394966284,87,-14,88.11923740024082,10.720101873508614,0.04027109902301103,188,368,246,244,375,184
1776754257.4733212,94.9100394966284,87,-14,88.11923740024082,10.720101873508614,0.04027109902301103,188,368,246,244,375,184
1776754257.5306752,94.9100394966284,87,-14,88.11923740024082,10.720101873508614,0.04027109902301103,188,368,246,244,375,184
1776754257.588047,94.9100394966284,87,-14,88.11923740024082,10.720101873508614,0.04027109902301103,188,368,246,244,375,184
1776754257.6412942,94.9100394966284,87,-14,88.11923740024082,10.720101873508614,0.04027109902301103,188,368,246,244,375,184
1776754257.6990492,94.9100394966284,88,-14,89.10667763978185,10.840228423331125,0.04030269761495353,188,368,246,244,376,184
1776754257.7559783,94.9100394966284,88,-14,89.10667763978185,10.840228423331125,0.04030269761495353,188,368,246,244,376,184
1776754257.81327,94.9100394966284,88,-14,89.10667763978185,10.840228423331125,0.04030269761495353,188,368,246,244,376,184
1776754257.8707268,94.9100394966284,88,-14,89.10667763978185,10.840228423331125,0.04030269761495353,188,368,246,244,376,184
1776754257.9283702,94.9100394966284,88,-14,89.10667763978185,10.840228423331125,0.04030269761495353,188,368,246,244,376,184
1776754257.98201,94.9100394966284,88,-14,89.10667763978185,10.840228423331125,0.04030269761495353,188,368,246,244,376,184
1776754258.0391088,94.9100394966284,88,-14,89.10667763978185,10.840228423331125,0.04030269761495353,188,368,246,244,376,184
1776754258.0964067,94.9100394966284,88,-14,89.10667763978185,10.840228423331125,0.04030269761495353,188,368,246,244,376,184
1776754258.1536925,94.9100394966284,88,-14,89.10667763978185,10.840228423331125,0.04030269761495353,188,368,246,244,376,184
1776754258.2113674,94.9100394966284,88,-14,89.10667763978185,10.840228423331125,0.04030269761495353,188,368,246,244,376,184
1776754258.2645817,94.9100394966284,88,-14,89.10667763978185,10.840228423331125,0.04030269761495353,188,368,246,244,376,184
1776754258.3217294,94.9100394966284,88,-14,89.10667763978185,10.840228423331125,0.04030269761495353,188,368,246,244,376,184
1776754258.3786314,94.9100394966284,88,-14,89.10667763978185,10.840228423331125,0.04030269761495353,188,368,246,244,376,184
1776754258.4365664,94.9100394966284,88,-14,89.10667763978185,10.840228423331125,0.04030269761495353,188,368,246,244,376,184
1776754258.4938178,94.9100394966284,88,-14,89.10667763978185,10.840228423331125,0.04030269761495353,188,368,246,244,376,184
1776754258.551047,94.9100394966284,88,-14,89.10667763978185,10.840228423331125,0.04030269761495353,188,368,246,244,376,184
1776754258.6044462,94.9100394966284,88,-14,89.10667763978185,10.840228423331125,0.04030269761495353,188,368,246,244,376,184
1776754258.6611836,94.9100394966284,88,-14,89.10667763978185,10.840228423331125,0.04030269761495353,188,368,246,244,376,184
1776754258.7185004,94.9100394966284,89,-14,90.09439494219383,10.960388679099005,0.04033172819443623,188,368,246,244,377,184
1776754258.7762718,94.9100394966284,89,-14,90.09439494219383,10.960388679099005,0.04033172819443623,188,368,246,244,377,184
1776754258.8340185,94.9100394966284,89,-14,90.09439494219383,10.960388679099005,0.04033172819443623,188,368,246,244,377,184
1776754258.891177,94.9100394966284,89,-14,90.09439494219383,10.960388679099005,0.04033172819443623,188,368,246,244,377,184
1776754258.9448,94.9100394966284,89,-14,90.09439494219383,10.960388679099005,0.04033172819443623,188,368,246,244,377,184
1776754259.0018213,94.9100394966284,89,-14,90.09439494219383,10.960388679099005,0.04033172819443623,188,368,246,244,377,184
1776754259.0593286,94.9100394966284,89,-14,90.09439494219383,10.960388679099005,0.04033172819443623,188,368,246,244,377,184
1776754259.116645,94.9100394966284,89,-14,90.09439494219383,10.960388679099005,0.04033172819443623,188,368,246,244,377,184
1776754259.1739767,94.9100394966284,89,-14,90.09439494219383,10.960388679099005,0.03987827590024385,188,368,247,244,377,184
1776754259.2304878,94.9100394966284,89,-14,90.09439494219383,10.960388679099005,0.03987827590024385,188,368,247,244,377,184
1776754259.2838597,94.9100394966284,89,-14,90.09439494219383,10.960388679099005,0.03987827590024385,188,368,247,244,377,184
1776754259.3418968,94.9100394966284,89,-14,90.09439494219383,10.960388679099005,0.03987827590024385,188,368,247,244,377,184
1776754259.399119,94.9100394966284,89,-14,90.09439494219383,10.960388679099005,0.03987827590024385,188,368,247,244,377,184
1776754259.456184,94.9100394966284,89,-14,90.09439494219383,10.960388679099005,0.03987827590024385,188,368,247,244,377,184
1776754259.513185,94.9100394966284,89,-14,90.09439494219383,10.960388679099005,0.03987827590024385,188,368,247,244,377,184
1776754259.5708873,94.9100394966284,89,-14,90.09439494219383,10.960388679099005,0.03987827590024385,188,368,247,244,377,184
1776754259.624367,94.9100394966284,89,-14,90.09439494219383,10.960388679099005,0.03987827590024385,188,368,247,244,377,184
1776754259.6809866,94.9100394966284,89,-14,90.09439494219383,10.960388679099005,0.03987827590024385,188,368,247,244,377,184
1776754259.738308,94.9100394966284,90,-14,91.0823802938856,11.080581544268322,0.03990886520921371,188,368,247,244,378,184
1776754259.7957337,94.9100394966284,90,-14,91.0823802938856,11.080581544268322,0.03990886520921371,188,368,247,244,378,184
1776754259.8538702,94.9100394966284,90,-14,91.0823802938856,11.080581544268322,0.03990886520921371,188,368,247,244,378,184
1776754259.9065301,94.9100394966284,90,-14,91.0823802938856,11.080581544268322,0.03990886520921371,188,368,247,244,378,184
1776754259.9642787,94.9100394966284,90,-14,91.0823802938856,11.080581544268322,0.03990886520921371,188,368,247,244,378,184
1776754260.021583,94.9100394966284,90,-14,91.0823802938856,11.080581544268322,0.03990886520921371,188,368,247,244,378,184
1776754260.0783017,94.9100394966284,90,-14,91.0823802938856,11.080581544268322,0.03990886520921371,188,368,247,244,378,184
1776754260.136192,94.9100394966284,90,-14,91.0823802938856,11.080581544268322,0.03990886520921371,188,368,247,244,378,184
1776754260.1935341,94.9100394966284,90,-14,91.0823802938856,11.080581544268322,0.03990886520921371,188,368,247,244,378,184
1776754260.2469916,94.9100394966284,90,-14,91.0823802938856,11.080581544268322,0.03990886520921371,188,368,247,244,378,184
1776754260.3045306,94.9100394966284,90,-14,91.0823802938856,11.080581544268322,0.03990886520921371,188,368,247,244,378,184
1776754260.361248,94.9100394966284,90,-14,91.0823802938856,11.080581544268322,0.03990886520921371,188,368,247,244,378,184
1776754260.4187212,94.9100394966284,90,-14,91.0823802938856,11.080581544268322,0.03990886520921371,188,368,247,244,378,184
1776754260.476569,94.9100394966284,90,-14,91.0823802938856,11.080581544268322,0.03990886520921371,188,368,247,244,378,184
1776754260.533384,94.9100394966284,90,-14,91.0823802938856,11.080581544268322,0.03990886520921371,188,368,247,244,378,184
1776754260.5861712,94.9100394966284,90,-14,91.0823802938856,11.080581544268322,0.03990886520921371,188,368,247,244,378,184
1776754260.6437378,94.9100394966284,90,-14,91.0823802938856,11.080581544268322,0.03990886520921371,188,368,247,244,378,184
1776754260.7022667,94.9100394966284,90,-14,91.0823802938856,11.080581544268322,0.03990886520921371,188,368,247,244,378,184
1776754260.7589657,94.9100394966284,90,-14,91.0823802938856,11.080581544268322,0.03990886520921371,188,368,247,244,378,184
1776754260.8158646,94.9100394966284,90,-14,91.0823802938856,11.080581544268322,0.03990886520921371,188,368,247,244,378,184
1776754260.8732097,94.9100394966284,90,-14,91.0823802938856,11.080581544268322,0.03990886520921371,188,368,247,244,378,184
1776754260.9273133,94.9100394966284,90,-14,91.0823802938856,11.080581544268322,0.03990886520921371,188,368,247,244,378,184
1776754260.983943,94.9100394966284,90,-14,91.0823802938856,11.080581544268322,0.03990886520921371,188,368,247,244,378,184
1776754261.041075,94.9100394966284,90,-14,91.0823802938856,11.080581544268322,0.03990886520921371,188,368,247,244,378,184
1776754261.0987167,94.9100394966284,90,-14,91.0823802938856,11.080581544268322,0.03990886520921371,188,368,247,244,378,184
1776754261.1562662,94.9100394966284,91,-14,92.07062506576133,11.200805969070721,0.039936947696689644,188,368,247,244,379,184
1776754261.2134936,94.9100394966284,91,-14,92.07062506576133,11.200805969070721,0.039936947696689644,188,368,247,244,379,184
1776754261.266605,94.9100394966284,91,-14,92.07062506576133,11.200805969070721,0.040381044391579066,188,368,247,243,379,184
1776754261.324194,94.9100394966284,91,-14,92.07062506576133,11.200805969070721,0.040381044391579066,188,368,247,243,379,184
1776754261.3814464,94.9100394966284,91,-14,92.07062506576133,11.200805969070721,0.040381044391579066,188,368,247,243,379,184
1776754261.4385872,94.9100394966284,91,-14,92.07062506576133,11.200805969070721,0.040381044391579066,188,368,247,243,379,184
1776754261.4958591,94.9100394966284,91,-14,92.07062506576133,11.200805969070721,0.03993895566698908,188,368,248,243,379,184
1776754261.5488777,94.9100394966284,91,-14,92.07062506576133,11.200805969070721,0.03993895566698908,188,368,248,243,379,184
1776754261.606611,94.9100394966284,92,-14,93.05912099305473,11.321060948060186,0.03996478018113249,188,368,248,243,380,184
1776754261.6634274,94.9100394966284,92,-14,93.05912099305473,11.321060948060186,0.03996478018113249,188,368,248,243,380,184
1776754261.7207181,94.9100394966284,92,-14,93.05912099305473,11.321060948060186,0.03996478018113249,188,368,248,243,380,184
1776754261.778101,94.9100394966284,92,-14,93.05912099305473,11.321060948060186,0.03996478018113249,188,368,248,243,380,184
1776754261.835827,94.9100394966284,92,-14,93.05912099305473,11.321060948060186,0.03996478018113249,188,368,248,243,380,184
1776754261.8890958,94.9100394966284,92,-14,93.05912099305473,11.321060948060186,0.03996478018113249,188,368,248,243,380,184
1776754261.9460561,94.9100394966284,92,-14,93.05912099305473,11.321060948060186,0.03996478018113249,188,368,248,243,380,184
1776754262.0033457,94.9100394966284,92,-14,93.05912099305473,11.321060948060186,0.03996478018113249,188,368,248,243,380,184
1776754262.0607643,94.9100394966284,92,-14,93.05912099305473,11.321060948060186,0.03996478018113249,188,368,248,243,380,184
1776754262.1185005,94.9100394966284,92,-14,93.05912099305473,11.321060948060186,0.03996478018113249,188,368,248,243,380,184
1776754262.1759956,94.9100394966284,92,-14,93.05912099305473,11.321060948060186,0.03996478018113249,188,368,248,243,380,184
1776754262.2291286,94.9100394966284,92,-14,93.05912099305473,11.321060948060186,0.03996478018113249,188,368,248,243,380,184
1776754262.2862377,94.9100394966284,92,-14,93.05912099305473,11.321060948060186,0.03996478018113249,188,368,248,243,380,184
1776754262.3436923,94.9100394966284,93,-14,94.04786015641186,11.44134551781166,0.039988201012771715,188,368,248,243,381,184
1776754262.4011726,94.9100394966284,93,-14,94.04786015641186,11.44134551781166,0.039988201012771715,188,368,248,243,381,184
1776754262.458431,94.9100394966284,93,-14,94.04786015641186,11.44134551781166,0.039988201012771715,188,368,248,243,381,184
1776754262.5158138,94.9100394966284,93,-14,94.04786015641186,11.44134551781166,0.039988201012771715,188,368,248,243,381,184
1776754262.5690148,94.9100394966284,93,-14,94.04786015641186,11.44134551781166,0.039988201012771715,188,368,248,243,381,184
1776754262.6262188,94.9100394966284,93,-14,94.04786015641186,11.44134551781166,0.039988201012771715,188,368,248,243,381,184
1776754262.6834984,94.9100394966284,93,-14,94.04786015641186,11.44134551781166,0.039988201012771715,188,368,248,243,381,184
1776754262.7410007,94.9100394966284,93,-14,94.04786015641186,11.44134551781166,0.039988201012771715,188,368,248,243,381,184
1776754262.7978113,94.9100394966284,93,-14,94.04786015641186,11.44134551781166,0.039988201012771715,188,368,248,243,381,184
1776754262.8557062,94.9100394966284,93,-14,94.04786015641186,11.44134551781166,0.039988201012771715,188,368,248,243,381,184
1776754262.9090893,94.9100394966284,93,-14,94.04786015641186,11.44134551781166,0.039988201012771715,188,368,248,243,381,184
1776754262.9662552,94.9100394966284,93,-14,94.04786015641186,11.44134551781166,0.039988201012771715,188,368,248,243,381,184
1776754263.0236073,94.9100394966284,93,-14,94.04786015641186,11.44134551781166,0.039988201012771715,188,368,248,243,381,184
1776754263.0810165,94.9100394966284,93,-14,94.04786015641186,11.44134551781166,0.039988201012771715,188,368,248,243,381,184
1776754263.1384864,94.9100394966284,93,-14,94.04786015641186,11.44134551781166,0.039988201012771715,188,368,248,243,381,184
1776754263.195766,94.9100394966284,93,-14,94.04786015641186,11.44134551781166,0.039988201012771715,188,368,248,243,381,184
1776754263.249291,94.9100394966284,93,-14,94.04786015641186,11.44134551781166,0.039988201012771715,188,368,248,243,381,184
1776754263.3065205,94.9100394966284,93,-14,94.04786015641186,11.44134551781166,0.039988201012771715,188,368,248,243,381,184
1776754263.363776,94.9100394966284,94,-14,95.03683496413377,11.5616587547608,0.04000927938256956,188,368,248,243,382,184
1776754263.4210207,94.9100394966284,94,-14,95.03683496413377,11.5616587547608,0.04000927938256956,188,368,248,243,382,184
1776754263.4780846,94.9100394966284,94,-14,95.03683496413377,11.5616587547608,0.04000927938256956,188,368,248,243,382,184
1776754263.5315924,94.9100394966284,94,-14,95.03683496413377,11.5616587547608,0.04000927938256956,188,368,248,243,382,184
1776754263.588891,94.9100394966284,94,-14,95.03683496413377,11.5616587547608,0.04000927938256956,188,368,248,243,382,184
1776754263.6468258,94.9100394966284,94,-14,95.03683496413377,11.5616587547608,0.04000927938256956,188,368,248,243,382,184
1776754263.7035441,94.9100394966284,94,-14,95.03683496413377,11.5616587547608,0.04000927938256956,188,368,248,243,382,184
1776754263.7604501,94.9100394966284,94,-14,95.03683496413377,11.5616587547608,0.04000927938256956,188,368,248,243,382,184
1776754263.8178606,94.9100394966284,94,-14,95.03683496413377,11.5616587547608,0.04000927938256956,188,368,248,243,382,184
1776754263.8720913,94.9100394966284,94,-14,95.03683496413377,11.5616587547608,0.04000927938256956,188,368,248,243,382,184
1776754263.929444,94.9100394966284,94,-14,95.03683496413377,11.5616587547608,0.04000927938256956,188,368,248,243,382,184
1776754263.9864953,94.9100394966284,94,-14,95.03683496413377,11.5616587547608,0.04044492420820918,188,368,248,242,382,184
1776754264.0434089,94.9100394966284,94,-14,95.03683496413377,11.5616587547608,0.04044492420820918,188,368,248,242,382,184
1776754264.1009357,94.9100394966284,94,-13,94.89467845985885,11.544364776138545,0.04084094242917536,188,368,248,242,382,185
1776754264.158343,94.9100394966284,94,-13,94.89467845985885,11.544364776138545,0.04084094242917536,188,368,248,242,382,185
1776754264.2113767,94.9100394966284,94,-13,94.89467845985885,11.544364776138545,0.04084094242917536,188,368,248,242,382,185
1776754264.2683494,94.9100394966284,94,-13,94.89467845985885,11.544364776138545,0.04084094242917536,188,368,248,242,382,185
1776754264.3257258,94.9100394966284,94,-13,94.89467845985885,11.544364776138545,0.04084094242917536,188,368,248,242,382,185
1776754264.3882828,94.9100394966284,95,-13,95.88534820294495,11.664884209604008,0.04043188159977732,188,368,249,242,383,185
1776754264.440602,94.9100394966284,95,-13,95.88534820294495,11.664884209604008,0.04043188159977732,188,368,249,242,383,185
1776754264.4980361,94.9100394966284,95,-13,95.88534820294495,11.664884209604008,0.04043188159977732,188,368,249,242,383,185
1776754264.5514967,94.9100394966284,95,-13,95.88534820294495,11.664884209604008,0.04043188159977732,188,368,249,242,383,185
1776754264.608431,94.9100394966284,95,-13,95.88534820294495,11.664884209604008,0.04043188159977732,188,368,249,242,383,185
1776754264.6661608,94.9100394966284,95,-13,95.88534820294495,11.664884209604008,0.04043188159977732,188,368,249,242,383,185
1776754264.7237651,94.9100394966284,95,-13,95.88534820294495,11.664884209604008,0.04043188159977732,188,368,249,242,383,185
1776754264.780382,94.9100394966284,95,-13,95.88534820294495,11.664884209604008,0.04043188159977732,188,368,249,242,383,185
1776754264.8380544,94.9100394966284,95,-13,95.88534820294495,11.664884209604008,0.04043188159977732,188,368,249,242,383,185
1776754264.8915088,94.9100394966284,95,-13,95.88534820294495,11.664884209604008,0.04043188159977732,188,368,249,242,383,185
1776754264.948865,94.9100394966284,95,-13,95.88534820294495,11.664884209604008,0.04043188159977732,188,368,249,242,383,185
1776754265.006183,94.9100394966284,95,-13,95.88534820294495,11.664884209604008,0.04043188159977732,188,368,249,242,383,185
1776754265.0637093,94.9100394966284,95,-13,95.88534820294495,11.664884209604008,0.04043188159977732,188,368,249,242,383,185
1776754265.120686,94.9100394966284,95,-13,95.88534820294495,11.664884209604008,0.04043188159977732,188,368,249,242,383,185
1776754265.1784453,94.9100394966284,95,-13,95.88534820294495,11.664884209604008,0.04043188159977732,188,368,249,242,383,185
1776754265.2317955,94.9100394966284,95,-13,95.88534820294495,11.664884209604008,0.04043188159977732,188,368,249,242,383,185
1776754265.2887063,94.9100394966284,95,-13,95.88534820294495,11.664884209604008,0.04043188159977732,188,368,249,242,383,185
1776754265.345931,94.9100394966284,95,-13,95.88534820294495,11.664884209604008,0.04043188159977732,188,368,249,242,383,185
1776754265.4030917,94.9100394966284,95,-13,95.88534820294495,11.664884209604008,0.04043188159977732,188,368,249,242,383,185
1776754265.4608502,94.9100394966284,95,-13,95.88534820294495,11.664884209604008,0.04043188159977732,188,368,249,242,383,185
1776754265.513845,94.9100394966284,96,-13,96.87620966986684,11.785426967137084,0.040445022281963644,188,368,249,242,384,185
1776754265.5716636,94.9100394966284,96,-13,96.87620966986684,11.785426967137084,0.040445022281963644,188,368,249,242,384,185
1776754265.6287112,94.9100394966284,96,-13,96.87620966986684,11.785426967137084,0.040445022281963644,188,368,249,242,384,185
1776754265.6862607,94.9100394966284,96,-13,96.87620966986684,11.785426967137084,0.040445022281963644,188,368,249,242,384,185
1776754265.7435842,94.9100394966284,96,-13,96.87620966986684,11.785426967137084,0.040445022281963644,188,368,249,242,384,185
1776754265.8011222,94.9100394966284,96,-13,96.87620966986684,11.785426967137084,0.040445022281963644,188,368,249,242,384,185
1776754265.853504,94.9100394966284,96,-13,96.87620966986684,11.785426967137084,0.040445022281963644,188,368,249,242,384,185
1776754265.910805,94.9100394966284,96,-13,96.87620966986684,11.785426967137084,0.040445022281963644,188,368,249,242,384,185
1776754265.968145,94.9100394966284,96,-13,96.87620966986684,11.785426967137084,0.040445022281963644,188,368,249,242,384,185
1776754266.0254464,94.9100394966284,96,-13,96.87620966986684,11.785426967137084,0.040445022281963644,188,368,249,242,384,185
1776754266.0828173,94.9100394966284,96,-13,96.87620966986684,11.785426967137084,0.040445022281963644,188,368,249,242,384,185
1776754266.1401236,94.9100394966284,96,-13,96.87620966986684,11.785426967137084,0.040445022281963644,188,368,249,242,384,185
1776754266.1934717,94.9100394966284,96,-13,96.87620966986684,11.785426967137084,0.040445022281963644,188,368,249,242,384,185
1776754266.250805,94.9100394966284,96,-13,96.87620966986684,11.785426967137084,0.040445022281963644,188,368,249,242,384,185
1776754266.3081625,94.9100394966284,96,-13,96.87620966986684,11.785426967137084,0.040445022281963644,188,368,249,242,384,185
1776754266.3653917,94.9100394966284,96,-13,96.87620966986684,11.785426967137084,0.040445022281963644,188,368,249,242,384,185
1776754266.4226105,94.9100394966284,96,-13,96.87620966986684,11.785426967137084,0.040445022281963644,188,368,249,242,384,185
1776754266.479977,94.9100394966284,96,-13,96.87620966986684,11.785426967137084,0.040445022281963644,188,368,249,242,384,185
1776754266.533382,94.9100394966284,96,-13,96.87620966986684,11.785426967137084,0.040445022281963644,188,368,249,242,384,185
1776754266.5910795,94.9100394966284,96,-13,96.87620966986684,11.785426967137084,0.040445022281963644,188,368,249,242,384,185
1776754266.6481626,94.9100394966284,96,-13,96.87620966986684,11.785426967137084,0.040445022281963644,188,368,249,242,384,185
1776754266.7052398,94.9100394966284,97,-13,97.86725703727473,11.905992340301061,0.04045601244250801,188,368,249,242,385,185
1776754266.762769,94.9100394966284,97,-13,97.86725703727473,11.905992340301061,0.04045601244250801,188,368,249,242,385,185
1776754266.819953,94.9100394966284,97,-13,97.86725703727473,11.905992340301061,0.04045601244250801,188,368,249,242,385,185
1776754266.8734112,94.9100394966284,97,-13,97.86725703727473,11.905992340301061,0.04045601244250801,188,368,249,242,385,185
1776754266.9308367,94.9100394966284,97,-13,97.86725703727473,11.905992340301061,0.04045601244250801,188,368,249,242,385,185
1776754266.9880157,94.9100394966284,97,-13,97.86725703727473,11.905992340301061,0.04045601244250801,188,368,249,242,385,185
1776754267.0452769,94.9100394966284,97,-13,97.86725703727473,11.905992340301061,0.04045601244250801,188,368,249,242,385,185
1776754267.1025584,94.9100394966284,97,-13,97.86725703727473,11.905992340301061,0.04045601244250801,188,368,249,242,385,185
1776754267.161147,94.9100394966284,97,-13,97.86725703727473,11.905992340301061,0.04045601244250801,188,368,249,242,385,185
1776754267.2143006,94.9100394966284,97,-13,97.86725703727473,11.905992340301061,0.04045601244250801,188,368,249,242,385,185
1776754267.27123,94.9100394966284,97,-13,97.86725703727473,11.905992340301061,0.04088348919207905,188,368,249,241,385,185
1776754267.3284671,94.9100394966284,97,-13,97.86725703727473,11.905992340301061,0.04088348919207905,188,368,249,241,385,185
1776754267.3859658,94.9100394966284,97,-13,97.86725703727473,11.905992340301061,0.04088348919207905,188,368,249,241,385,185
1776754267.4430735,94.9100394966284,97,-13,97.86725703727473,11.905992340301061,0.04047343309213536,188,368,250,241,385,185
1776754267.496952,94.9100394966284,97,-13,97.86725703727473,11.905992340301061,0.04047343309213536,188,368,250,241,385,185
1776754267.5538251,94.9100394966284,97,-13,97.86725703727473,11.905992340301061,0.04047343309213536,188,368,250,241,385,185
1776754267.6109626,94.9100394966284,97,-13,97.86725703727473,11.905992340301061,0.04047343309213536,188,368,250,241,385,185
1776754267.6679964,94.9100394966284,97,-13,97.86725703727473,11.905992340301061,0.04047343309213536,188,368,250,241,385,185
1776754267.7258544,94.9100394966284,97,-13,97.86725703727473,11.905992340301061,0.04047343309213536,188,368,250,241,385,185
1776754267.7824225,94.9100394966284,97,-13,97.86725703727473,11.905992340301061,0.04047343309213536,188,368,250,241,385,185
1776754267.8363874,94.9100394966284,97,-13,97.86725703727473,11.905992340301061,0.04047343309213536,188,368,250,241,385,185
1776754267.8936658,94.9100394966284,97,-13,97.86725703727473,11.905992340301061,0.04047343309213536,188,368,250,241,385,185
1776754267.951642,94.9100394966284,98,-13,98.85848471426213,12.026579648936998,0.040482247460702094,188,368,250,241,386,185
1776754268.008949,94.9100394966284,98,-13,98.85848471426213,12.026579648936998,0.040482247460702094,188,368,250,241,386,185
1776754268.065714,94.9100394966284,98,-13,98.85848471426213,12.026579648936998,0.040482247460702094,188,368,250,241,386,185
1776754268.1225076,94.9100394966284,98,-13,98.85848471426213,12.026579648936998,0.040482247460702094,188,368,250,241,386,185
1776754268.1765344,94.9100394966284,98,-13,98.85848471426213,12.026579648936998,0.040482247460702094,188,368,250,241,386,185
1776754268.2337463,94.9100394966284,98,-13,98.85848471426213,12.026579648936998,0.040482247460702094,188,368,250,241,386,185
1776754268.2909973,94.9100394966284,98,-13,98.85848471426213,12.026579648936998,0.040482247460702094,188,368,250,241,386,185
1776754268.3485708,94.9100394966284,98,-13,98.85848471426213,12.026579648936998,0.040482247460702094,188,368,250,241,386,185
1776754268.405821,94.9100394966284,98,-13,98.85848471426213,12.026579648936998,0.040482247460702094,188,368,250,241,386,185
1776754268.4629369,94.9100394966284,98,-13,98.85848471426213,12.026579648936998,0.040482247460702094,188,368,250,241,386,185
1776754268.5165317,94.9100394966284,98,-13,98.85848471426213,12.026579648936998,0.040482247460702094,188,368,250,241,386,185
1776754268.5736055,94.9100394966284,98,-13,98.85848471426213,12.026579648936998,0.040482247460702094,188,368,250,241,386,185
1776754268.6309314,94.9100394966284,98,-13,98.85848471426213,12.026579648936998,0.040482247460702094,188,368,250,241,386,185
1776754268.688196,94.9100394966284,98,-13,98.85848471426213,12.026579648936998,0.040482247460702094,188,368,250,241,386,185
1776754268.7450666,94.9100394966284,98,-13,98.85848471426213,12.026579648936998,0.040482247460702094,188,368,250,241,386,185
1776754268.8024452,94.9100394966284,98,-13,98.85848471426213,12.026579648936998,0.040482247460702094,188,368,250,241,386,185
1776754268.8561015,94.9100394966284,98,-13,98.85848471426213,12.026579648936998,0.040482247460702094,188,368,250,241,386,185
1776754268.9135363,94.9100394966284,98,-13,98.85848471426213,12.026579648936998,0.040482247460702094,188,368,250,241,386,185
1776754268.9707441,94.9100394966284,98,-13,98.85848471426213,12.026579648936998,0.040482247460702094,188,368,250,241,386,185
1776754269.0282404,94.9100394966284,98,-13,98.85848471426213,12.026579648936998,0.040482247460702094,188,368,250,241,386,185
1776754269.0865498,94.9100394966284,98,-13,98.85848471426213,12.026579648936998,0.040482247460702094,188,368,250,241,386,185
1776754269.1963346,94.9100394966284,99,-13,99.84988733093293,12.147188239772861,0.040489007218644305,188,368,250,241,387,185
1776754269.2530162,94.9100394966284,99,-13,99.84988733093293,12.147188239772861,0.040489007218644305,188,368,250,241,387,185
1776754269.3103075,94.9100394966284,99,-13,99.84988733093293,12.147188239772861,0.040489007218644305,188,368,250,241,387,185
1776754269.3682597,94.9100394966284,99,-13,99.84988733093293,12.147188239772861,0.040489007218644305,188,368,250,241,387,185
1776754269.4254434,94.9100394966284,99,-13,99.84988733093293,12.147188239772861,0.040489007218644305,188,368,250,241,387,185
1776754269.4787269,94.9100394966284,99,-13,99.84988733093293,12.147188239772861,0.040489007218644305,188,368,250,241,387,185
1776754269.5359726,94.9100394966284,99,-13,99.84988733093293,12.147188239772861,0.040489007218644305,188,368,250,241,387,185
1776754269.5933442,94.9100394966284,99,-13,99.84988733093293,12.147188239772861,0.040489007218644305,188,368,250,241,387,185
1776754269.6506317,94.9100394966284,99,-13,99.84988733093293,12.147188239772861,0.040489007218644305,188,368,250,241,387,185
1776754269.7083313,94.9100394966284,99,-13,99.84988733093293,12.147188239772861,0.040489007218644305,188,368,250,241,387,185
1776754269.7651029,94.9100394966284,99,-13,99.84988733093293,12.147188239772861,0.040489007218644305,188,368,250,241,387,185
1776754269.8182364,94.9100394966284,99,-13,99.84988733093293,12.147188239772861,0.040489007218644305,188,368,250,241,387,185
1776754269.8761477,94.9100394966284,99,-13,99.84988733093293,12.147188239772861,0.040489007218644305,188,368,250,241,387,185
1776754269.933841,94.9100394966284,99,-13,99.84988733093293,12.147188239772861,0.040489007218644305,188,368,250,241,387,185
1776754269.9908624,94.9100394966284,99,-13,99.84988733093293,12.147188239772861,0.040489007218644305,188,368,250,241,387,185
1776754270.0478578,94.9100394966284,99,-13,99.84988733093293,12.147188239772861,0.040489007218644305,188,368,250,241,387,185
1776754270.1052184,94.9100394966284,99,-13,99.84988733093293,12.147188239772861,0.040489007218644305,188,368,250,241,387,185
1776754270.15889,94.9100394966284,100,-13,100.84145972763385,12.267817485113605,0.04049376625391126,188,368,250,241,388,185
1776754270.2162938,94.9100394966284,100,-13,100.84145972763385,12.267817485113605,0.04049376625391126,188,368,250,241,388,185
1776754270.2733347,94.9100394966284,100,-13,100.84145972763385,12.267817485113605,0.04049376625391126,188,368,250,241,388,185
1776754270.3306267,94.9100394966284,100,-13,100.84145972763385,12.267817485113605,0.04049376625391126,188,368,250,241,388,185
1776754270.387984,94.9100394966284,100,-13,100.84145972763385,12.267817485113605,0.04049376625391126,188,368,250,241,388,185
1776754270.4459207,94.9100394966284,100,-13,100.84145972763385,12.267817485113605,0.04049376625391126,188,368,250,241,388,185
1776754270.4982975,94.9100394966284,100,-13,100.84145972763385,12.267817485113605,0.04049376625391126,188,368,250,241,388,185
1776754270.5556488,94.9100394966284,100,-13,100.84145972763385,12.267817485113605,0.04049376625391126,188,368,250,241,388,185
1776754270.6131608,94.9100394966284,100,-13,100.84145972763385,12.267817485113605,0.040091320996170646,188,368,251,241,388,185
1776754270.6703572,94.9100394966284,100,-13,100.84145972763385,12.267817485113605,0.040091320996170646,188,368,251,241,388,185
1776754270.7274373,94.9100394966284,100,-13,100.84145972763385,12.267817485113605,0.040091320996170646,188,368,251,241,388,185
1776754270.7847264,94.9100394966284,100,-13,100.84145972763385,12.267817485113605,0.040091320996170646,188,368,251,241,388,185
1776754270.838135,94.9100394966284,100,-13,100.84145972763385,12.267817485113605,0.040091320996170646,188,368,251,241,388,185
1776754270.8954148,94.9100394966284,100,-13,100.84145972763385,12.267817485113605,0.040091320996170646,188,368,251,241,388,185
1776754270.9527235,94.9100394966284,100,-13,100.84145972763385,12.267817485113605,0.040091320996170646,188,368,251,241,388,185
1776754271.0100827,94.9100394966284,100,-13,100.84145972763385,12.267817485113605,0.040516592901731305,188,368,251,240,388,185
1776754271.0677893,94.9100394966284,100,-13,100.84145972763385,12.267817485113605,0.040516592901731305,188,368,251,240,388,185
1776754271.120933,94.9100394966284,100,-13,100.84145972763385,12.267817485113605,0.040516592901731305,188,368,251,240,388,185
1776754271.178539,94.9100394966284,100,-13,100.84145972763385,12.267817485113605,0.040516592901731305,188,368,251,240,388,185
1776754271.2359397,94.9100394966284,101,-13,101.83319694480774,12.38846678160678,0.040519231096216954,188,368,251,240,389,185
1776754271.293132,94.9100394966284,101,-13,101.83319694480774,12.38846678160678,0.040519231096216954,188,368,251,240,389,185
1776754271.3506722,94.9100394966284,101,-13,101.83319694480774,12.38846678160678,0.040519231096216954,188,368,251,240,389,185
1776754271.4074059,94.9100394966284,101,-13,101.83319694480774,12.38846678160678,0.040519231096216954,188,368,251,240,389,185
1776754271.4613526,94.9100394966284,101,-13,101.83319694480774,12.38846678160678,0.040519231096216954,188,368,251,240,389,185
1776754271.5182252,94.9100394966284,101,-13,101.83319694480774,12.38846678160678,0.040519231096216954,188,368,251,240,389,185
1776754271.575888,94.9100394966284,101,-13,101.83319694480774,12.38846678160678,0.040519231096216954,188,368,251,240,389,185
1776754271.6333427,94.9100394966284,101,-13,101.83319694480774,12.38846678160678,0.040519231096216954,188,368,251,240,389,185
1776754271.6903043,94.9100394966284,101,-13,101.83319694480774,12.38846678160678,0.040479277895142045,188,367,251,240,389,185
1776754271.7478976,94.9100394966284,101,-13,101.83319694480774,12.38846678160678,0.040479277895142045,188,367,251,240,389,185
1776754271.8009257,94.9100394966284,101,-13,101.83319694480774,12.38846678160678,0.040479277895142045,188,367,251,240,389,185
1776754271.8586538,94.9100394966284,101,-13,101.83319694480774,12.38846678160678,0.040479277895142045,188,367,251,240,389,185
1776754271.9158902,94.9100394966284,101,-13,101.83319694480774,12.38846678160678,0.040479277895142045,188,367,251,240,389,185
1776754271.9729688,94.9100394966284,101,-12,101.71037311896953,12.373524710336925,0.04086242615151613,188,367,251,240,389,186
1776754272.0305078,94.9100394966284,101,-12,101.71037311896953,12.373524710336925,0.04086242615151613,188,367,251,240,389,186
1776754272.087451,94.9100394966284,101,-12,101.71037311896953,12.373524710336925,0.04086242615151613,188,367,251,240,389,186
1776754272.1412528,94.9100394966284,101,-12,101.71037311896953,12.373524710336925,0.04086242615151613,188,367,251,240,389,186
1776754272.197883,94.9100394966284,101,-12,101.71037311896953,12.373524710336925,0.04086242615151613,188,367,251,240,389,186
1776754272.2552924,94.9100394966284,102,-12,102.70345661174214,12.494337787316562,0.04085987320890833,188,367,251,240,390,186
1776754272.31266,94.9100394966284,102,-12,102.70345661174214,12.494337787316562,0.04085987320890833,188,367,251,240,390,186
1776754272.370352,94.9100394966284,102,-12,102.70345661174214,12.494337787316562,0.04085987320890833,188,367,251,240,390,186
1776754272.4278526,94.9100394966284,102,-12,102.70345661174214,12.494337787316562,0.04085987320890833,188,367,251,240,390,186
1776754272.480814,94.9100394966284,102,-12,102.70345661174214,12.494337787316562,0.04085987320890833,188,367,251,240,390,186
1776754272.5379338,94.9100394966284,102,-12,102.70345661174214,12.494337787316562,0.04085987320890833,188,367,251,240,390,186
1776754272.5957162,94.9100394966284,102,-12,102.70345661174214,12.494337787316562,0.04085987320890833,188,367,251,240,390,186
1776754272.654343,94.9100394966284,102,-12,102.70345661174214,12.494337787316562,0.04085987320890833,188,367,251,240,390,186
1776754272.7100768,94.9100394966284,102,-12,102.70345661174214,12.494337787316562,0.04085987320890833,188,367,251,240,390,186
1776754272.7670398,94.9100394966284,102,-12,102.70345661174214,12.494337787316562,0.04085987320890833,188,367,251,240,390,186
1776754272.8205576,94.9100394966284,102,-12,102.70345661174214,12.494337787316562,0.04085987320890833,188,367,251,240,390,186
1776754272.8794637,94.9100394966284,102,-12,102.70345661174214,12.494337787316562,0.04085987320890833,188,367,251,240,390,186
1776754272.9356155,94.9100394966284,102,-12,102.70345661174214,12.494337787316562,0.04085987320890833,188,367,251,240,390,186
1776754272.9928832,94.9100394966284,102,-12,102.70345661174214,12.494337787316562,0.04085987320890833,188,367,251,240,390,186
1776754273.0505612,94.9100394966284,102,-12,102.70345661174214,12.494337787316562,0.04085987320890833,188,367,251,240,390,186
1776754273.1045742,94.9100394966284,102,-12,102.70345661174214,12.494337787316562,0.04046689271086933,188,367,252,240,390,186
1776754273.1609826,94.9100394966284,102,-12,102.70345661174214,12.494337787316562,0.04046689271086933,188,367,252,240,390,186
1776754273.2180092,94.9100394966284,102,-12,102.70345661174214,12.494337787316562,0.04046689271086933,188,367,252,240,390,186
1776754273.275043,94.9100394966284,102,-12,102.70345661174214,12.494337787316562,0.04046689271086933,188,367,252,240,390,186
1776754273.3325305,94.9100394966284,102,-12,102.70345661174214,12.494337787316562,0.04046689271086933,188,367,252,240,390,186
1776754273.3898249,94.9100394966284,102,-12,102.70345661174214,12.494337787316562,0.04046689271086933,188,367,252,240,390,186
1776754273.4436395,94.9100394966284,103,-12,103.69667304209909,12.615167036751714,0.040465808599215475,188,367,252,240,391,186
1776754273.5004756,94.9100394966284,103,-12,103.69667304209909,12.615167036751714,0.040465808599215475,188,367,252,240,391,186
1776754273.5582743,94.9100394966284,103,-12,103.69667304209909,12.615167036751714,0.040465808599215475,188,367,252,240,391,186
1776754273.6154227,94.9100394966284,103,-12,103.69667304209909,12.615167036751714,0.040465808599215475,188,367,252,240,391,186
1776754273.672855,94.9100394966284,103,-12,103.69667304209909,12.615167036751714,0.040465808599215475,188,367,252,240,391,186
1776754273.7303436,94.9100394966284,103,-12,103.69667304209909,12.615167036751714,0.040465808599215475,188,367,252,240,391,186
1776754273.783531,94.9100394966284,103,-12,103.69667304209909,12.615167036751714,0.040465808599215475,188,367,252,240,391,186
1776754273.8407965,94.9100394966284,103,-12,103.69667304209909,12.615167036751714,0.040465808599215475,188,367,252,240,391,186
1776754273.8977888,94.9100394966284,103,-12,103.69667304209909,12.615167036751714,0.040465808599215475,188,367,252,240,391,186
1776754273.9553113,94.9100394966284,103,-12,103.69667304209909,12.615167036751714,0.040465808599215475,188,367,252,240,391,186
1776754274.0129046,94.9100394966284,103,-12,103.69667304209909,12.615167036751714,0.040465808599215475,188,367,252,240,391,186
1776754274.0701678,94.9100394966284,103,-12,103.69667304209909,12.615167036751714,0.040465808599215475,188,367,252,240,391,186
1776754274.1235325,94.9100394966284,103,-12,103.69667304209909,12.615167036751714,0.040465808599215475,188,367,252,240,391,186
1776754274.1809006,94.9100394966284,103,-12,103.69667304209909,12.615167036751714,0.040465808599215475,188,367,252,240,391,186
1776754274.2383084,94.9100394966284,103,-12,103.69667304209909,12.615167036751714,0.040465808599215475,188,367,252,240,391,186
1776754274.2957573,94.9100394966284,103,-12,103.69667304209909,12.615167036751714,0.040465808599215475,188,367,252,240,391,186
1776754274.3531075,94.9100394966284,103,-12,103.69667304209909,12.615167036751714,0.040465808599215475,188,367,252,240,391,186
1776754274.4103131,94.9100394966284,103,-12,103.69667304209909,12.615167036751714,0.040465808599215475,188,367,252,240,391,186
1776754274.4637187,94.9100394966284,103,-12,103.69667304209909,12.615167036751714,0.040465808599215475,188,367,252,240,391,186
1776754274.5214036,94.9100394966284,103,-12,103.69667304209909,12.615167036751714,0.040465808599215475,188,367,252,240,391,186
1776754274.578325,94.9100394966284,103,-12,103.69667304209909,12.615167036751714,0.040465808599215475,188,367,252,240,391,186
1776754274.6353555,94.9100394966284,103,-12,103.69667304209909,12.615167036751714,0.040465808599215475,188,367,252,240,391,186
1776754274.6924977,94.9100394966284,104,-12,104.6900186264192,12.736011998347834,0.040880114297621103,188,367,252,239,392,186
1776754274.749727,94.9100394966284,104,-12,104.6900186264192,12.736011998347834,0.040880114297621103,188,367,252,239,392,186
1776754274.8038738,94.9100394966284,104,-12,104.6900186264192,12.736011998347834,0.040880114297621103,188,367,252,239,392,186
1776754274.8609164,94.9100394966284,104,-12,104.6900186264192,12.736011998347834,0.040880114297621103,188,367,252,239,392,186
1776754274.9179935,94.9100394966284,104,-12,104.6900186264192,12.736011998347834,0.040880114297621103,188,367,252,239,392,186
1776754274.975254,94.9100394966284,104,-12,104.6900186264192,12.736011998347834,0.040880114297621103,188,367,252,239,392,186
1776754275.0325325,94.9100394966284,104,-12,104.6900186264192,12.736011998347834,0.040880114297621103,188,367,252,239,392,186
1776754275.0866902,94.9100394966284,104,-12,104.6900186264192,12.736011998347834,0.040880114297621103,188,367,252,239,392,186
1776754275.1434302,94.9100394966284,104,-12,104.6900186264192,12.736011998347834,0.040880114297621103,188,367,252,239,392,186
1776754275.2007127,94.9100394966284,104,-12,104.6900186264192,12.736011998347834,0.040880114297621103,188,367,252,239,392,186
1776754275.260729,94.9100394966284,104,-12,104.6900186264192,12.736011998347834,0.040880114297621103,188,367,252,239,392,186
1776754275.3156178,94.9100394966284,104,-12,104.6900186264192,12.736011998347834,0.040880114297621103,188,367,252,239,392,186
1776754275.3722708,94.9100394966284,104,-12,104.6900186264192,12.736011998347834,0.040880114297621103,188,367,252,239,392,186
1776754275.4262476,94.9100394966284,104,-11,104.58011283222064,12.7226414637738,0.04125698377355778,188,367,252,239,392,187
1776754275.4837484,94.9100394966284,104,-11,104.58011283222064,12.7226414637738,0.04125698377355778,188,367,252,239,392,187
1776754275.5400147,94.9100394966284,104,-11,104.58011283222064,12.7226414637738,0.04125698377355778,188,367,252,239,392,187
1776754275.5987482,94.9100394966284,104,-11,104.58011283222064,12.7226414637738,0.04125698377355778,188,367,252,239,392,187
1776754275.654866,94.9100394966284,104,-11,104.58011283222064,12.7226414637738,0.04125698377355778,188,367,252,239,392,187
1776754275.7121027,94.9100394966284,104,-11,104.58011283222064,12.7226414637738,0.04125698377355778,188,367,252,239,392,187
1776754275.7654583,94.9100394966284,104,-11,104.58011283222064,12.7226414637738,0.04125698377355778,188,367,252,239,392,187
1776754275.8230984,94.9100394966284,104,-11,104.58011283222064,12.7226414637738,0.04125698377355778,188,367,252,239,392,187
1776754275.8812025,94.9100394966284,104,-11,104.58011283222064,12.7226414637738,0.04125698377355778,188,367,252,239,392,187
1776754275.938079,94.9100394966284,105,-11,105.57461816175325,12.843627513595285,0.04124536753654528,188,367,252,239,393,187
1776754275.9950266,94.9100394966284,105,-11,105.57461816175325,12.843627513595285,0.04124536753654528,188,367,252,239,393,187
1776754276.0521147,94.9100394966284,105,-11,105.57461816175325,12.843627513595285,0.04124536753654528,188,367,252,239,393,187
1776754276.105833,94.9100394966284,105,-11,105.57461816175325,12.843627513595285,0.04124536753654528,188,367,252,239,393,187
1776754276.164945,94.9100394966284,105,-11,105.57461816175325,12.843627513595285,0.04124536753654528,188,367,252,239,393,187
1776754276.2203526,94.9100394966284,105,-11,105.57461816175325,12.843627513595285,0.04124536753654528,188,367,252,239,393,187
1776754276.2773812,94.9100394966284,105,-11,105.57461816175325,12.843627513595285,0.04124536753654528,188,367,252,239,393,187
1776754276.3353665,94.9100394966284,105,-11,105.57461816175325,12.843627513595285,0.04124536753654528,188,367,252,239,393,187
1776754276.392538,94.9100394966284,105,-11,105.57461816175325,12.843627513595285,0.04086833646602032,188,367,253,239,393,187
1776754276.4463575,94.9100394966284,105,-11,105.57461816175325,12.843627513595285,0.04086833646602032,188,367,253,239,393,187
1776754276.503709,94.9100394966284,105,-11,105.57461816175325,12.843627513595285,0.04086833646602032,188,367,253,239,393,187
1776754276.5600312,94.9100394966284,105,-11,105.57461816175325,12.843627513595285,0.04086833646602032,188,367,253,239,393,187
1776754276.6179364,94.9100394966284,105,-11,105.57461816175325,12.843627513595285,0.04086833646602032,188,367,253,239,393,187
1776754276.6749573,94.9100394966284,105,-11,105.57461816175325,12.843627513595285,0.04086833646602032,188,367,253,239,393,187
1776754276.7290483,94.9100394966284,105,-11,105.57461816175325,12.843627513595285,0.04086833646602032,188,367,253,239,393,187
1776754276.785632,94.9100394966284,105,-11,105.57461816175325,12.843627513595285,0.04086833646602032,188,367,253,239,393,187
1776754276.8430545,94.9100394966284,105,-11,105.57461816175325,12.843627513595285,0.04086833646602032,188,367,253,239,393,187
1776754276.9003866,94.9100394966284,105,-11,105.57461816175325,12.843627513595285,0.04086833646602032,188,367,253,239,393,187
1776754276.9581409,94.9100394966284,105,-11,105.57461816175325,12.843627513595285,0.04086833646602032,188,367,253,239,393,187
1776754277.0152209,94.9100394966284,105,-11,105.57461816175325,12.843627513595285,0.04086833646602032,188,367,253,239,393,187
1776754277.068118,94.9100394966284,106,-11,106.56922632730333,12.964626073881183,0.04085817124045195,188,367,253,239,394,187
1776754277.1265364,94.9100394966284,106,-11,106.56922632730333,12.964626073881183,0.04085817124045195,188,367,253,239,394,187
1776754277.1828694,94.9100394966284,106,-11,106.56922632730333,12.964626073881183,0.04085817124045195,188,367,253,239,394,187
1776754277.240248,94.9100394966284,106,-11,106.56922632730333,12.964626073881183,0.04085817124045195,188,367,253,239,394,187
1776754277.297735,94.9100394966284,106,-11,106.56922632730333,12.964626073881183,0.04085817124045195,188,367,253,239,394,187
1776754277.354974,94.9100394966284,106,-11,106.56922632730333,12.964626073881183,0.04085817124045195,188,367,253,239,394,187
1776754277.4083555,94.9100394966284,106,-11,106.56922632730333,12.964626073881183,0.04085817124045195,188,367,253,239,394,187
1776754277.465597,94.9100394966284,106,-11,106.56922632730333,12.964626073881183,0.04085817124045195,188,367,253,239,394,187
1776754277.522941,94.9100394966284,106,-11,106.56922632730333,12.964626073881183,0.04085817124045195,188,367,253,239,394,187
1776754277.5805302,94.9100394966284,106,-11,106.56922632730333,12.964626073881183,0.04085817124045195,188,367,253,239,394,187
1776754277.6371803,94.9100394966284,106,-11,106.56922632730333,12.964626073881183,0.04085817124045195,188,367,253,239,394,187
1776754277.694654,94.9100394966284,106,-11,106.56922632730333,12.964626073881183,0.04085817124045195,188,367,253,239,394,187
1776754277.7484531,94.9100394966284,106,-11,106.56922632730333,12.964626073881183,0.04085817124045195,188,367,253,239,394,187
1776754277.805055,94.9100394966284,106,-11,106.56922632730333,12.964626073881183,0.04085817124045195,188,367,253,239,394,187
1776754277.8624353,94.9100394966284,106,-11,106.56922632730333,12.964626073881183,0.04085817124045195,188,367,253,239,394,187
1776754277.9201677,94.9100394966284,106,-11,106.56922632730333,12.964626073881183,0.04085817124045195,188,367,253,239,394,187
1776754277.9773607,94.9100394966284,106,-11,106.56922632730333,12.964626073881183,0.04085817124045195,188,367,253,239,394,187
1776754278.0349727,94.9100394966284,106,-11,106.56922632730333,12.964626073881183,0.04085817124045195,188,367,253,239,394,187
1776754278.0885217,94.9100394966284,106,-11,106.56922632730333,12.964626073881183,0.04085817124045195,188,367,253,239,394,187
1776754278.1451116,94.9100394966284,106,-11,106.56922632730333,12.964626073881183,0.04085817124045195,188,367,253,239,394,187
1776754278.2025006,94.9100394966284,106,-11,106.56922632730333,12.964626073881183,0.04085817124045195,188,367,253,239,394,187
1776754278.2603986,94.9100394966284,107,-11,107.56393447619885,13.0856367975911,0.040846346581688925,188,367,253,239,395,187
1776754278.3182762,94.9100394966284,107,-11,107.56393447619885,13.0856367975911,0.040846346581688925,188,367,253,239,395,187
1776754278.3751862,94.9100394966284,107,-11,107.56393447619885,13.0856367975911,0.04125495589840138,188,367,253,238,395,187
1776754278.4283037,94.9100394966284,107,-11,107.56393447619885,13.0856367975911,0.04125495589840138,188,367,253,238,395,187
1776754278.4854548,94.9100394966284,107,-11,107.56393447619885,13.0856367975911,0.04125495589840138,188,367,253,238,395,187
1776754278.5429235,94.9100394966284,107,-11,107.56393447619885,13.0856367975911,0.04125495589840138,188,367,253,238,395,187
1776754278.6004612,94.9100394966284,107,-11,107.56393447619885,13.0856367975911,0.04125495589840138,188,367,253,238,395,187
1776754278.657599,94.9100394966284,107,-11,107.56393447619885,13.0856367975911,0.04125495589840138,188,367,253,238,395,187
1776754278.7110782,94.9100394966284,107,-11,107.56393447619885,13.0856367975911,0.04125495589840138,188,367,253,238,395,187
1776754278.7681432,94.9100394966284,107,-11,107.56393447619885,13.0856367975911,0.04125495589840138,188,367,253,238,395,187
1776754278.8251452,94.9100394966284,107,-11,107.56393447619885,13.0856367975911,0.04125495589840138,188,367,253,238,395,187
1776754278.8829315,94.9100394966284,107,-11,107.56393447619885,13.0856367975911,0.04125495589840138,188,367,253,238,395,187
1776754278.9401639,94.9100394966284,107,-11,107.56393447619885,13.0856367975911,0.04125495589840138,188,367,253,238,395,187
1776754278.997792,94.9100394966284,107,-11,107.56393447619885,13.0856367975911,0.04125495589840138,188,367,253,238,395,187
1776754279.0503128,94.9100394966284,107,-11,107.56393447619885,13.0856367975911,0.04125495589840138,188,367,253,238,395,187
1776754279.1082058,94.9100394966284,107,-11,107.56393447619885,13.0856367975911,0.04125495589840138,188,367,253,238,395,187
1776754279.1656337,94.9100394966284,107,-11,107.56393447619885,13.0856367975911,0.04125495589840138,188,367,253,238,395,187
1776754279.222791,94.9100394966284,108,-11,108.55873986004075,13.20665935036992,0.04087370459053247,188,367,254,238,396,187
1776754279.2803757,94.9100394966284,108,-11,108.55873986004075,13.20665935036992,0.04087370459053247,188,367,254,238,396,187
1776754279.3373892,94.9100394966284,108,-11,108.55873986004075,13.20665935036992,0.04087370459053247,188,367,254,238,396,187
1776754279.3916602,94.9100394966284,108,-11,108.55873986004075,13.20665935036992,0.04087370459053247,188,367,254,238,396,187
1776754279.448201,94.9100394966284,108,-11,108.55873986004075,13.20665935036992,0.04087370459053247,188,367,254,238,396,187
1776754279.505569,94.9100394966284,108,-11,108.55873986004075,13.20665935036992,0.04087370459053247,188,367,254,238,396,187
1776754279.562381,94.9100394966284,108,-11,108.55873986004075,13.20665935036992,0.04087370459053247,188,367,254,238,396,187
1776754279.6199977,94.9100394966284,108,-11,108.55873986004075,13.20665935036992,0.04087370459053247,188,367,254,238,396,187
1776754279.6775236,94.9100394966284,108,-11,108.55873986004075,13.20665935036992,0.04087370459053247,188,367,254,238,396,187
1776754279.730714,94.9100394966284,108,-11,108.55873986004075,13.20665935036992,0.04087370459053247,188,367,254,238,396,187
1776754279.788092,94.9100394966284,108,-11,108.55873986004075,13.20665935036992,0.04087370459053247,188,367,254,238,396,187
1776754279.845233,94.9100394966284,109,-11,109.55363982999378,13.327693409974913,0.04085824968066217,188,367,254,238,397,187
1776754279.9023702,94.9100394966284,109,-11,109.55363982999378,13.327693409974913,0.04085824968066217,188,367,254,238,397,187
1776754279.9599938,94.9100394966284,109,-11,109.55363982999378,13.327693409974913,0.04085824968066217,188,367,254,238,397,187
1776754280.0171924,94.9100394966284,109,-11,109.55363982999378,13.327693409974913,0.04085824968066217,188,367,254,238,397,187
1776754280.0701547,94.9100394966284,109,-11,109.55363982999378,13.327693409974913,0.04085824968066217,188,367,254,238,397,187
1776754280.1274474,94.9100394966284,109,-11,109.55363982999378,13.327693409974913,0.04085824968066217,188,367,254,238,397,187
1776754280.1850893,94.9100394966284,109,-11,109.55363982999378,13.327693409974913,0.04085824968066217,188,367,254,238,397,187
1776754280.242677,94.9100394966284,109,-11,109.55363982999378,13.327693409974913,0.04085824968066217,188,367,254,238,397,187
1776754280.299866,94.9100394966284,109,-11,109.55363982999378,13.327693409974913,0.04085824968066217,188,367,254,238,397,187
1776754280.3569129,94.9100394966284,109,-11,109.55363982999378,13.327693409974913,0.04085824968066217,188,367,254,238,397,187
1776754280.4106264,94.9100394966284,109,-11,109.55363982999378,13.327693409974913,0.04085824968066217,188,367,254,238,397,187
1776754280.4686122,94.9100394966284,109,-11,109.55363982999378,13.327693409974913,0.04085824968066217,188,367,254,238,397,187
1776754280.525835,94.9100394966284,109,-11,109.55363982999378,13.327693409974913,0.04085824968066217,188,367,254,238,397,187
1776754280.583719,94.9100394966284,109,-11,109.55363982999378,13.327693409974913,0.04085824968066217,188,367,254,238,397,187
1776754280.6396694,94.9100394966284,109,-11,109.55363982999378,13.327693409974913,0.04085824968066217,188,367,254,238,397,187
1776754280.693091,94.9100394966284,109,-11,109.55363982999378,13.327693409974913,0.04085824968066217,188,367,254,238,397,187
1776754280.7501051,94.9100394966284,109,-11,109.55363982999378,13.327693409974913,0.04085824968066217,188,367,254,238,397,187
1776754280.807902,94.9100394966284,109,-11,109.55363982999378,13.327693409974913,0.04085824968066217,188,367,254,238,397,187
1776754280.865399,94.9100394966284,109,-11,109.55363982999378,13.327693409974913,0.04085824968066217,188,367,254,238,397,187
1776754280.922725,94.9100394966284,109,-11,109.55363982999378,13.327693409974913,0.04085824968066217,188,367,254,238,397,187
1776754280.9801083,94.9100394966284,109,-11,109.55363982999378,13.327693409974913,0.04085824968066217,188,367,254,238,397,187
1776754281.0330002,94.9100394966284,109,-11,109.55363982999378,13.327693409974913,0.04085824968066217,188,367,254,238,397,187
1776754281.090427,94.9100394966284,109,-11,109.55363982999378,13.327693409974913,0.04085824968066217,188,367,254,238,397,187
1776754281.1477177,94.9100394966284,109,-11,109.55363982999378,13.327693409974913,0.04085824968066217,188,367,254,238,397,187
1776754281.2052608,94.9100394966284,109,-11,109.55363982999378,13.327693409974913,0.04085824968066217,188,367,254,238,397,187
1776754281.2627916,94.9100394966284,109,-11,109.55363982999378,13.327693409974913,0.04085824968066217,188,367,254,238,397,187
1776754281.3196769,94.9100394966284,110,-11,110.54863183232979,13.44873866573355,0.040841263794708774,188,367,254,238,398,187
1776754281.3733273,94.9100394966284,110,-11,110.54863183232979,13.44873866573355,0.040841263794708774,188,367,254,238,398,187
1776754281.4305253,94.9100394966284,110,-11,110.54863183232979,13.44873866573355,0.040841263794708774,188,367,254,238,398,187
1776754281.4878354,94.9100394966284,110,-10,110.45361017187261,13.437178853025864,0.041204330948702295,188,367,254,238,398,188
1776754281.5448897,94.9100394966284,110,-10,110.45361017187261,13.437178853025864,0.04160422974693493,188,367,254,237,398,188
1776754281.6019697,94.9100394966284,110,-10,110.45361017187261,13.437178853025864,0.04160422974693493,188,367,254,237,398,188
1776754281.6597412,94.9100394966284,110,-10,110.45361017187261,13.437178853025864,0.0412519293035583,188,367,255,237,398,188
1776754281.7143066,94.9100394966284,110,-10,110.45361017187261,13.437178853025864,0.0412519293035583,188,367,255,237,398,188
1776754281.769917,94.9100394966284,110,-10,110.45361017187261,13.437178853025864,0.0412519293035583,188,367,255,237,398,188
1776754281.827393,94.9100394966284,110,-10,110.45361017187261,13.437178853025864,0.0412519293035583,188,367,255,237,398,188
1776754281.8845706,94.9100394966284,110,-10,110.45361017187261,13.437178853025864,0.0412519293035583,188,367,255,237,398,188
1776754281.9422371,94.9100394966284,110,-10,110.45361017187261,13.437178853025864,0.0412519293035583,188,367,255,237,398,188
1776754281.9993613,94.9100394966284,110,-10,110.45361017187261,13.437178853025864,0.0412519293035583,188,367,255,237,398,188
1776754282.0525029,94.9100394966284,110,-10,110.45361017187261,13.437178853025864,0.0412519293035583,188,367,255,237,398,188
1776754282.1103373,94.9100394966284,110,-10,110.45361017187261,13.437178853025864,0.0412519293035583,188,367,255,237,398,188
1776754282.1675978,94.9100394966284,111,-10,111.44954015158609,13.558338217954512,0.04122961875177991,188,367,255,237,399,188
1776754282.2250843,94.9100394966284,111,-10,111.44954015158609,13.558338217954512,0.04122961875177991,188,367,255,237,399,188
1776754282.282517,94.9100394966284,111,-10,111.44954015158609,13.558338217954512,0.04122961875177991,188,367,255,237,399,188
1776754282.3350968,94.9100394966284,111,-10,111.44954015158609,13.558338217954512,0.04122961875177991,188,367,255,237,399,188
1776754282.3925643,94.9100394966284,111,-10,111.44954015158609,13.558338217954512,0.04122961875177991,188,367,255,237,399,188
1776754282.4498923,94.9100394966284,111,-10,111.44954015158609,13.558338217954512,0.04122961875177991,188,367,255,237,399,188
1776754282.5077493,94.9100394966284,111,-10,111.44954015158609,13.558338217954512,0.04122961875177991,188,367,255,237,399,188
1776754282.5649788,94.9100394966284,111,-10,111.44954015158609,13.558338217954512,0.04122961875177991,188,367,255,237,399,188
1776754282.6225686,94.9100394966284,111,-10,111.44954015158609,13.558338217954512,0.04122961875177991,188,367,255,237,399,188
1776754282.675582,94.9100394966284,111,-10,111.44954015158609,13.558338217954512,0.04122961875177991,188,367,255,237,399,188
1776754282.7335658,94.9100394966284,111,-10,111.44954015158609,13.558338217954512,0.04122961875177991,188,367,255,237,399,188
1776754282.7897298,94.9100394966284,111,-10,111.44954015158609,13.558338217954512,0.04122961875177991,188,367,255,237,399,188
1776754282.8474882,94.9100394966284,111,-10,111.44954015158609,13.558338217954512,0.04122961875177991,188,367,255,237,399,188
1776754282.904573,94.9100394966284,111,-10,111.44954015158609,13.558338217954512,0.04122961875177991,188,367,255,237,399,188
1776754282.9619477,94.9100394966284,111,-10,111.44954015158609,13.558338217954512,0.04122961875177991,188,367,255,237,399,188
1776754283.015596,94.9100394966284,111,-10,111.44954015158609,13.558338217954512,0.04122961875177991,188,367,255,237,399,188
1776754283.07296,94.9100394966284,111,-10,111.44954015158609,13.558338217954512,0.04122961875177991,188,367,255,237,399,188
1776754283.1300879,94.9100394966284,111,-10,111.44954015158609,13.558338217954512,0.04122961875177991,188,367,255,237,399,188
1776754283.1878157,94.9100394966284,111,-10,111.44954015158609,13.558338217954512,0.04122961875177991,188,367,255,237,399,188
1776754283.2448785,94.9100394966284,111,-10,111.44954015158609,13.558338217954512,0.04122961875177991,188,367,255,237,399,188
1776754283.3020444,94.9100394966284,111,-10,111.44954015158609,13.558338217954512,0.04122961875177991,188,367,255,237,399,188
1776754283.3553839,94.9100394966284,111,-10,111.44954015158609,13.558338217954512,0.04122961875177991,188,367,255,237,399,188
1776754283.4128172,94.9100394966284,111,-10,111.44954015158609,13.558338217954512,0.04122961875177991,188,367,255,237,399,188
1776754283.47019,94.9100394966284,111,-10,111.44954015158609,13.558338217954512,0.04122961875177991,188,367,255,237,399,188
1776754283.5277321,94.9100394966284,112,-10,112.44554237496477,13.679506371650215,0.04120589692727998,188,367,255,237,400,188
1776754283.5849097,94.9100394966284,112,-10,112.44554237496477,13.679506371650215,0.04120589692727998,188,367,255,237,400,188
1776754283.641925,94.9100394966284,112,-10,112.44554237496477,13.679506371650215,0.04120589692727998,188,367,255,237,400,188
1776754283.6952968,94.9100394966284,112,-10,112.44554237496477,13.679506371650215,0.04120589692727998,188,367,255,237,400,188
1776754283.7523894,94.9100394966284,112,-10,112.44554237496477,13.679506371650215,0.04120589692727998,188,367,255,237,400,188
1776754283.8101122,94.9100394966284,112,-10,112.44554237496477,13.679506371650215,0.04120589692727998,188,367,255,237,400,188
1776754283.8674045,94.9100394966284,112,-10,112.44554237496477,13.679506371650215,0.04120589692727998,188,367,255,237,400,188
1776754283.924198,94.9100394966284,112,-10,112.44554237496477,13.679506371650215,0.04120589692727998,188,367,255,237,400,188
1776754283.981586,94.9100394966284,112,-10,112.44554237496477,13.679506371650215,0.04085694771275333,188,367,256,237,400,188
1776754284.0360334,94.9100394966284,112,-10,112.44554237496477,13.679506371650215,0.04085694771275333,188,367,256,237,400,188
1776754284.0923407,94.9100394966284,112,-10,112.44554237496477,13.679506371650215,0.04085694771275333,188,367,256,237,400,188
1776754284.1495569,94.9100394966284,112,-10,112.44554237496477,13.679506371650215,0.04085694771275333,188,367,256,237,400,188
1776754284.2069948,94.9100394966284,112,-10,112.44554237496477,13.679506371650215,0.04085694771275333,188,367,256,237,400,188
1776754284.265363,94.9100394966284,112,-10,112.44554237496477,13.679506371650215,0.04085694771275333,188,367,256,237,400,188
1776754284.3193707,94.9100394966284,112,-10,112.44554237496477,13.679506371650215,0.04085694771275333,188,367,256,237,400,188
1776754284.3762949,94.9100394966284,112,-10,112.44554237496477,13.679506371650215,0.04085694771275333,188,367,256,237,400,188
1776754284.433275,94.9100394966284,113,-10,113.44161493913951,13.800683082620377,0.040834615051693855,188,367,256,237,401,188
1776754284.489969,94.9100394966284,113,-10,113.44161493913951,13.800683082620377,0.040834615051693855,188,367,256,237,401,188
1776754284.5476818,94.9100394966284,113,-10,113.44161493913951,13.800683082620377,0.040834615051693855,188,367,256,237,401,188
1776754284.604198,94.9100394966284,113,-10,113.44161493913951,13.800683082620377,0.040834615051693855,188,367,256,237,401,188
1776754284.6575549,94.9100394966284,113,-10,113.44161493913951,13.800683082620377,0.040834615051693855,188,367,256,237,401,188
1776754284.7155137,94.9100394966284,113,-10,113.44161493913951,13.800683082620377,0.040834615051693855,188,367,256,237,401,188
1776754284.7727478,94.9100394966284,113,-10,113.44161493913951,13.800683082620377,0.040834615051693855,188,367,256,237,401,188
1776754284.8303452,94.9100394966284,113,-9,113.35784048754634,13.79049154349712,0.04119382841656577,188,367,256,237,401,189
1776754284.886806,94.9100394966284,113,-9,113.35784048754634,13.79049154349712,0.041590664719257625,188,367,256,236,401,189
1776754284.944489,94.9100394966284,113,-9,113.35784048754634,13.79049154349712,0.041590664719257625,188,367,256,236,401,189
1776754284.9983091,94.9100394966284,113,-9,113.35784048754634,13.79049154349712,0.041590664719257625,188,367,256,236,401,189
1776754285.0557814,94.9100394966284,113,-9,113.35784048754634,13.79049154349712,0.041590664719257625,188,367,256,236,401,189
1776754285.1127033,94.9100394966284,113,-9,113.35784048754634,13.79049154349712,0.041590664719257625,188,367,256,236,401,189
1776754285.169967,94.9100394966284,113,-9,113.35784048754634,13.79049154349712,0.041590664719257625,188,367,256,236,401,189
1776754285.2271507,94.9100394966284,113,-9,113.35784048754634,13.79049154349712,0.041590664719257625,188,367,256,236,401,189
1776754285.2845554,94.9100394966284,113,-9,113.35784048754634,13.79049154349712,0.041590664719257625,188,367,256,236,401,189
1776754285.338007,94.9100394966284,113,-9,113.35784048754634,13.79049154349712,0.041590664719257625,188,367,256,236,401,189
1776754285.395727,94.9100394966284,114,-9,114.35471131527551,13.911765366821838,0.041560348898504476,188,367,256,236,402,189
1776754285.4527175,94.9100394966284,114,-9,114.35471131527551,13.911765366821838,0.041560348898504476,188,367,256,236,402,189
1776754285.5102808,94.9100394966284,114,-9,114.35471131527551,13.911765366821838,0.041560348898504476,188,367,256,236,402,189
1776754285.567204,94.9100394966284,114,-9,114.35471131527551,13.911765366821838,0.041560348898504476,188,367,256,236,402,189
1776754285.624919,94.9100394966284,114,-9,114.35471131527551,13.911765366821838,0.041560348898504476,188,367,256,236,402,189
1776754285.6774957,94.9100394966284,114,-9,114.35471131527551,13.911765366821838,0.041560348898504476,188,367,256,236,402,189
1776754285.7347076,94.9100394966284,114,-9,114.35471131527551,13.911765366821838,0.041560348898504476,188,367,256,236,402,189
1776754285.7923064,94.9100394966284,114,-9,114.35471131527551,13.911765366821838,0.04192842084697512,189,367,256,236,402,189
1776754285.849347,94.9100394966284,114,-9,114.35471131527551,13.911765366821838,0.04192842084697512,189,367,256,236,402,189
1776754285.9071836,94.9100394966284,114,-9,114.35471131527551,13.911765366821838,0.04192842084697512,189,367,256,236,402,189
1776754285.9608605,94.9100394966284,114,-9,114.35471131527551,13.911765366821838,0.041560348898504476,188,367,256,236,402,189
1776754286.0177627,94.9100394966284,114,-9,114.35471131527551,13.911765366821838,0.041560348898504476,188,367,256,236,402,189
1776754286.0749614,94.9100394966284,114,-9,114.35471131527551,13.911765366821838,0.041560348898504476,188,367,256,236,402,189
1776754286.132231,94.9100394966284,114,-9,114.35471131527551,13.911765366821838,0.041560348898504476,188,367,256,236,402,189
1776754286.1908345,94.9100394966284,114,-9,114.35471131527551,13.911765366821838,0.041560348898504476,188,367,256,236,402,189
1776754286.247067,94.9100394966284,114,-9,114.35471131527551,13.911765366821838,0.041560348898504476,188,367,256,236,402,189
1776754286.3003194,94.9100394966284,114,-9,114.35471131527551,13.911765366821838,0.041560348898504476,188,367,256,236,402,189
1776754286.3577912,94.9100394966284,114,-9,114.35471131527551,13.911765366821838,0.041560348898504476,188,367,256,236,402,189
1776754286.4149084,94.9100394966284,114,-9,114.35471131527551,13.911765366821838,0.041560348898504476,188,367,256,236,402,189
1776754286.4725957,94.9100394966284,114,-9,114.35471131527551,13.911765366821838,0.041560348898504476,188,367,256,236,402,189
1776754286.530109,94.9100394966284,114,-9,114.35471131527551,13.911765366821838,0.041560348898504476,188,367,256,236,402,189
1776754286.5874023,94.9100394966284,114,-9,114.35471131527551,13.911765366821838,0.041560348898504476,188,367,256,236,402,189
1776754286.6403046,94.9100394966284,115,-9,115.35163631262454,14.033045780124638,0.04152877806545406,188,367,256,236,403,189
1776754286.6978495,94.9100394966284,115,-9,115.35163631262454,14.033045780124638,0.04152877806545406,188,367,256,236,403,189
1776754286.7551894,94.9100394966284,115,-9,115.35163631262454,14.033045780124638,0.04152877806545406,188,367,256,236,403,189
1776754286.8143601,94.9100394966284,115,-9,115.35163631262454,14.033045780124638,0.04152877806545406,188,367,256,236,403,189
1776754286.8691537,94.9100394966284,115,-9,115.35163631262454,14.033045780124638,0.04152877806545406,188,367,256,236,403,189
1776754286.9264765,94.9100394966284,115,-9,115.35163631262454,14.033045780124638,0.04152877806545406,188,367,256,236,403,189
1776754286.9804454,94.9100394966284,115,-9,115.35163631262454,14.033045780124638,0.04152877806545406,188,367,256,236,403,189
1776754287.0378728,94.9100394966284,115,-9,115.35163631262454,14.033045780124638,0.04152877806545406,188,367,256,236,403,189
1776754287.0950189,94.9100394966284,115,-9,115.35163631262454,14.033045780124638,0.04119415809004567,188,367,257,236,403,189
1776754287.1522613,94.9100394966284,115,-9,115.35163631262454,14.033045780124638,0.04119415809004567,188,367,257,236,403,189
1776754287.209244,94.9100394966284,115,-9,115.35163631262454,14.033045780124638,0.04119415809004567,188,367,257,236,403,189
1776754287.2667394,94.9100394966284,115,-9,115.35163631262454,14.033045780124638,0.04119415809004567,188,367,257,236,403,189
1776754287.320653,94.9100394966284,115,-9,115.35163631262454,14.033045780124638,0.04119415809004567,188,367,257,236,403,189
1776754287.377793,94.9100394966284,115,-9,115.35163631262454,14.033045780124638,0.04119415809004567,188,367,257,236,403,189
1776754287.4346118,94.9100394966284,115,-9,115.35163631262454,14.033045780124638,0.04119415809004567,188,367,257,236,403,189
1776754287.4924896,94.9100394966284,115,-9,115.35163631262454,14.033045780124638,0.04119415809004567,188,367,257,236,403,189
1776754287.549752,94.9100394966284,116,-9,116.3486140871476,14.154332614008222,0.04116395754376821,188,367,257,236,404,189
1776754287.6069524,94.9100394966284,116,-9,116.3486140871476,14.154332614008222,0.04116395754376821,188,367,257,236,404,189
1776754287.6602337,94.9100394966284,116,-9,116.3486140871476,14.154332614008222,0.04116395754376821,188,367,257,236,404,189
1776754287.7176907,94.9100394966284,116,-9,116.3486140871476,14.154332614008222,0.04116395754376821,188,367,257,236,404,189
1776754287.7744014,94.9100394966284,116,-9,116.3486140871476,14.154332614008222,0.04116395754376821,188,367,257,236,404,189
1776754287.8325648,94.9100394966284,116,-9,116.3486140871476,14.154332614008222,0.04116395754376821,188,367,257,236,404,189
1776754287.889524,94.9100394966284,116,-9,116.3486140871476,14.154332614008222,0.04116395754376821,188,367,257,236,404,189
1776754287.94297,94.9100394966284,116,-9,116.3486140871476,14.154332614008222,0.04116395754376821,188,367,257,236,404,189
1776754288.0002944,94.9100394966284,116,-9,116.3486140871476,14.154332614008222,0.04116395754376821,188,367,257,236,404,189
1776754288.0576065,94.9100394966284,116,-9,116.3486140871476,14.154332614008222,0.04116395754376821,188,367,257,236,404,189
1776754288.114631,94.9100394966284,116,-9,116.3486140871476,14.154332614008222,0.04116395754376821,188,367,257,236,404,189
1776754288.1723766,94.9100394966284,116,-9,116.3486140871476,14.154332614008222,0.04116395754376821,188,367,257,236,404,189
1776754288.2292407,94.9100394966284,116,-9,116.3486140871476,14.154332614008222,0.04116395754376821,188,367,257,236,404,189
1776754288.2824807,94.9100394966284,116,-9,116.3486140871476,14.154332614008222,0.04116395754376821,188,367,257,236,404,189
1776754288.3404474,94.9100394966284,116,-9,116.3486140871476,14.154332614008222,0.04116395754376821,188,367,257,236,404,189
1776754288.3981898,94.9100394966284,116,-9,116.3486140871476,14.154332614008222,0.04116395754376821,188,367,257,236,404,189
1776754288.4550698,94.9100394966284,116,-9,116.3486140871476,14.154332614008222,0.04116395754376821,188,367,257,236,404,189
1776754288.5119028,94.9100394966284,117,-9,117.34564329364768,14.275625704823318,0.04151770040930483,188,367,257,235,405,189
1776754288.569389,94.9100394966284,117,-9,117.34564329364768,14.275625704823318,0.04151770040930483,188,367,257,235,405,189
1776754288.6231806,94.9100394966284,117,-9,117.34564329364768,14.275625704823318,0.041878833408076514,189,367,257,235,405,189
1776754288.680356,94.9100394966284,117,-9,117.34564329364768,14.275625704823318,0.041878833408076514,189,367,257,235,405,189
1776754288.738144,94.9100394966284,117,-9,117.34564329364768,14.275625704823318,0.041878833408076514,189,367,257,235,405,189
1776754288.7950268,94.9100394966284,117,-9,117.34564329364768,14.275625704823318,0.041878833408076514,189,367,257,235,405,189
1776754288.8521461,94.9100394966284,117,-9,117.34564329364768,14.275625704823318,0.041878833408076514,189,367,257,235,405,189
1776754288.909632,94.9100394966284,117,-9,117.34564329364768,14.275625704823318,0.041878833408076514,189,367,257,235,405,189
1776754288.962454,94.9100394966284,117,-9,117.34564329364768,14.275625704823318,0.041878833408076514,189,367,257,235,405,189
1776754289.0202312,94.9100394966284,117,-9,117.34564329364768,14.275625704823318,0.041878833408076514,189,367,257,235,405,189
1776754289.077069,94.9100394966284,117,-9,117.34564329364768,14.275625704823318,0.041878833408076514,189,367,257,235,405,189
1776754289.1342025,94.9100394966284,117,-9,117.34564329364768,14.275625704823318,0.041878833408076514,189,367,257,235,405,189
1776754289.1915667,94.9100394966284,117,-9,117.34564329364768,14.275625704823318,0.041878833408076514,189,367,257,235,405,189
1776754289.2489014,94.9100394966284,117,-9,117.34564329364768,14.275625704823318,0.041878833408076514,189,367,257,235,405,189
1776754289.3022597,94.9100394966284,117,-9,117.34564329364768,14.275625704823318,0.041878833408076514,189,367,257,235,405,189
1776754289.359907,94.9100394966284,117,-9,117.34564329364768,14.275625704823318,0.041878833408076514,189,367,257,235,405,189
1776754289.417148,94.9100394966284,117,-9,117.34564329364768,14.275625704823318,0.041878833408076514,189,367,257,235,405,189
1776754289.4749908,94.9100394966284,117,-9,117.34564329364768,14.275625704823318,0.041878833408076514,189,367,257,235,405,189
1776754289.532463,94.9100394966284,117,-9,117.34564329364768,14.275625704823318,0.041552362623515124,189,367,258,235,405,189
1776754289.5856576,94.9100394966284,117,-9,117.34564329364768,14.275625704823318,0.041552362623515124,189,367,258,235,405,189
1776754289.642124,94.9100394966284,117,-9,117.34564329364768,14.275625704823318,0.041552362623515124,189,367,258,235,405,189
1776754289.6995187,94.9100394966284,118,-9,118.3427226321923,14.396924894427286,0.04151770040930483,189,367,258,235,406,189
1776754289.7578254,94.9100394966284,118,-9,118.3427226321923,14.396924894427286,0.04151770040930483,189,367,258,235,406,189
1776754289.8143156,94.9100394966284,118,-9,118.3427226321923,14.396924894427286,0.04151770040930483,189,367,258,235,406,189
1776754289.8714097,94.9100394966284,118,-9,118.3427226321923,14.396924894427286,0.04151770040930483,189,367,258,235,406,189
1776754289.925338,94.9100394966284,118,-9,118.3427226321923,14.396924894427286,0.04151770040930483,189,367,258,235,406,189
1776754289.9824743,94.9100394966284,118,-9,118.3427226321923,14.396924894427286,0.04151770040930483,189,367,258,235,406,189
1776754290.0405612,94.9100394966284,118,-9,118.3427226321923,14.396924894427286,0.04151770040930483,189,367,258,235,406,189
1776754290.097219,94.9100394966284,118,-9,118.3427226321923,14.396924894427286,0.04151770040930483,189,367,258,235,406,189
1776754290.1546502,94.9100394966284,118,-8,118.27087553578015,14.388184371749409,0.04150662023803402,188,367,258,235,406,190
1776754290.2118955,94.9100394966284,118,-8,118.27087553578015,14.388184371749409,0.04150662023803402,188,367,258,235,406,190
1776754290.2650595,94.9100394966284,118,-8,118.27087553578015,14.388184371749409,0.04150662023803402,188,367,258,235,406,190
1776754290.3225904,94.9100394966284,118,-8,118.27087553578015,14.388184371749409,0.04150662023803402,188,367,258,235,406,190
1776754290.3802252,94.9100394966284,118,-8,118.27087553578015,14.388184371749409,0.04150662023803402,188,367,258,235,406,190
1776754290.437527,94.9100394966284,118,-8,118.27087553578015,14.388184371749409,0.04150662023803402,188,367,258,235,406,190
1776754290.4950593,94.9100394966284,118,-8,118.27087553578015,14.388184371749409,0.04150662023803402,188,367,258,235,406,190
1776754290.5520425,94.9100394966284,118,-8,118.27087553578015,14.388184371749409,0.04150662023803402,188,367,258,235,406,190
1776754290.6054695,94.9100394966284,118,-8,118.27087553578015,14.388184371749409,0.04150662023803402,188,367,258,235,406,190
1776754290.662825,94.9100394966284,118,-8,118.27087553578015,14.388184371749409,0.04150662023803402,188,367,258,235,406,190
1776754290.7198057,94.9100394966284,118,-8,118.27087553578015,14.388184371749409,0.04150662023803402,188,367,258,235,406,190
1776754290.776921,94.9100394966284,118,-8,118.27087553578015,14.388184371749409,0.04150662023803402,188,367,258,235,406,190
1776754290.834589,94.9100394966284,118,-8,118.27087553578015,14.388184371749409,0.04150662023803402,188,367,258,235,406,190
1776754290.8919957,94.9100394966284,118,-8,118.27087553578015,14.388184371749409,0.04150662023803402,188,367,258,235,406,190
1776754290.9453409,94.9100394966284,119,-8,119.26860441876563,14.509562581358349,0.041468965620336584,188,367,258,235,407,190
1776754291.0024476,94.9100394966284,119,-8,119.26860441876563,14.509562581358349,0.041468965620336584,188,367,258,235,407,190
1776754291.0598004,94.9100394966284,119,-8,119.26860441876563,14.509562581358349,0.041468965620336584,188,367,258,235,407,190
1776754291.116825,94.9100394966284,119,-8,119.26860441876563,14.509562581358349,0.041468965620336584,188,367,258,235,407,190
1776754291.1743257,94.9100394966284,119,-8,119.26860441876563,14.509562581358349,0.041468965620336584,188,367,258,235,407,190
1776754291.231752,94.9100394966284,119,-8,119.26860441876563,14.509562581358349,0.041468965620336584,188,367,258,235,407,190
1776754291.2852929,94.9100394966284,119,-8,119.26860441876563,14.509562581358349,0.041468965620336584,188,367,258,235,407,190
1776754291.3419442,94.9100394966284,119,-8,119.26860441876563,14.509562581358349,0.041468965620336584,188,367,258,235,407,190
1776754291.3992312,94.9100394966284,119,-8,119.26860441876563,14.509562581358349,0.041468965620336584,188,367,258,235,407,190
1776754291.456597,94.9100394966284,119,-8,119.26860441876563,14.509562581358349,0.041468965620336584,188,367,258,235,407,190
1776754291.5138237,94.9100394966284,119,-8,119.26860441876563,14.509562581358349,0.041468965620336584,188,367,258,235,407,190
1776754291.5672746,94.9100394966284,119,-8,119.26860441876563,14.509562581358349,0.041468965620336584,188,367,258,235,407,190
1776754291.6245522,94.9100394966284,119,-8,119.26860441876563,14.509562581358349,0.041468965620336584,188,367,258,235,407,190
1776754291.6819196,94.9100394966284,119,-8,119.26860441876563,14.509562581358349,0.041468965620336584,188,367,258,235,407,190
1776754291.7392628,94.9100394966284,119,-8,119.26860441876563,14.509562581358349,0.041468965620336584,188,367,258,235,407,190
1776754291.7966473,94.9100394966284,119,-8,119.26860441876563,14.509562581358349,0.041468965620336584,188,367,258,235,407,190
1776754291.8540382,94.9100394966284,119,-8,119.26860441876563,14.509562581358349,0.041468965620336584,188,367,258,235,407,190
1776754291.9072895,94.9100394966284,119,-8,119.26860441876563,14.509562581358349,0.041468965620336584,188,367,258,235,407,190
1776754291.9653258,94.9100394966284,119,-8,119.26860441876563,14.509562581358349,0.041468965620336584,188,367,258,235,407,190
1776754292.0224442,94.9100394966284,119,-8,119.26860441876563,14.509562581358349,0.041468965620336584,188,367,258,235,407,190
1776754292.079476,94.9100394966284,119,-8,119.26860441876563,14.509562581358349,0.041468965620336584,188,367,258,235,407,190
1776754292.137197,94.9100394966284,120,-8,120.26637102698326,14.630945380411589,0.041430233177593125,188,367,258,235,408,190
1776754292.194304,94.9100394966284,120,-8,120.26637102698326,14.630945380411589,0.041112348416753465,188,367,259,235,408,190
1776754292.2471793,94.9100394966284,120,-8,120.26637102698326,14.630945380411589,0.041112348416753465,188,367,259,235,408,190
1776754292.3045568,94.9100394966284,120,-8,120.26637102698326,14.630945380411589,0.041112348416753465,188,367,259,235,408,190
1776754292.361881,94.9100394966284,120,-8,120.26637102698326,14.630945380411589,0.041112348416753465,188,367,259,235,408,190
1776754292.4191077,94.9100394966284,120,-8,120.26637102698326,14.630945380411589,0.04149413207952331,188,367,259,234,408,190
1776754292.4768488,94.9100394966284,120,-8,120.26637102698326,14.630945380411589,0.04149413207952331,188,367,259,234,408,190
1776754292.5344708,94.9100394966284,120,-8,120.26637102698326,14.630945380411589,0.04149413207952331,188,367,259,234,408,190
1776754292.5878701,94.9100394966284,120,-8,120.26637102698326,14.630945380411589,0.04149413207952331,188,367,259,234,408,190
1776754292.6448,94.9100394966284,120,-8,120.26637102698326,14.630945380411589,0.04149413207952331,188,367,259,234,408,190
1776754292.7025628,94.9100394966284,120,-7,120.20399327809372,14.62335684648342,0.04183864417324595,188,367,259,234,408,191
1776754292.7595584,94.9100394966284,120,-7,120.20399327809372,14.62335684648342,0.04183864417324595,188,367,259,234,408,191
1776754292.816865,94.9100394966284,120,-7,120.20399327809372,14.62335684648342,0.04219351064752909,189,367,259,234,408,191
1776754292.8738618,94.9100394966284,120,-7,120.20399327809372,14.62335684648342,0.04219351064752909,189,367,259,234,408,191
1776754292.927249,94.9100394966284,120,-7,120.20399327809372,14.62335684648342,0.04219351064752909,189,367,259,234,408,191
1776754292.9848628,94.9100394966284,120,-7,120.20399327809372,14.62335684648342,0.04219351064752909,189,367,259,234,408,191
1776754293.0426106,94.9100394966284,120,-7,120.20399327809372,14.62335684648342,0.04219351064752909,189,367,259,234,408,191
1776754293.0999458,94.9100394966284,120,-7,120.20399327809372,14.62335684648342,0.04219351064752909,189,367,259,234,408,191
1776754293.1569881,94.9100394966284,120,-7,120.20399327809372,14.62335684648342,0.04219351064752909,189,367,259,234,408,191
1776754293.2102213,94.9100394966284,120,-7,120.20399327809372,14.62335684648342,0.04219351064752909,189,367,259,234,408,191
1776754293.2670639,94.9100394966284,120,-7,120.20399327809372,14.62335684648342,0.04219351064752909,189,367,259,234,408,191
1776754293.324548,94.9100394966284,120,-7,120.20399327809372,14.62335684648342,0.04219351064752909,189,367,259,234,408,191
1776754293.3820956,94.9100394966284,120,-7,120.20399327809372,14.62335684648342,0.04219351064752909,189,367,259,234,408,191
1776754293.4392276,94.9100394966284,121,-7,121.2023102090055,14.744806594769525,0.04214844404425071,189,367,259,234,409,191
1776754293.4964638,94.9100394966284,121,-7,121.2023102090055,14.744806594769525,0.04214844404425071,189,367,259,234,409,191
1776754293.5502024,94.9100394966284,121,-7,121.2023102090055,14.744806594769525,0.04214844404425071,189,367,259,234,409,191
1776754293.6068957,94.9100394966284,121,-7,121.2023102090055,14.744806594769525,0.04214844404425071,189,367,259,234,409,191
1776754293.6642718,94.9100394966284,121,-7,121.2023102090055,14.744806594769525,0.04214844404425071,189,367,259,234,409,191
1776754293.7215533,94.9100394966284,121,-7,121.2023102090055,14.744806594769525,0.04214844404425071,189,367,259,234,409,191
1776754293.778928,94.9100394966284,121,-7,121.2023102090055,14.744806594769525,0.04214844404425071,189,367,259,234,409,191
1776754293.8366284,94.9100394966284,121,-7,121.2023102090055,14.744806594769525,0.04214844404425071,189,367,259,234,409,191
1776754293.8896303,94.9100394966284,121,-7,121.2023102090055,14.744806594769525,0.04214844404425071,189,367,259,234,409,191
1776754293.947434,94.9100394966284,121,-7,121.2023102090055,14.744806594769525,0.04214844404425071,189,367,259,234,409,191
1776754294.0047936,94.9100394966284,121,-7,121.2023102090055,14.744806594769525,0.04214844404425071,189,367,259,234,409,191
1776754294.062303,94.9100394966284,121,-7,121.2023102090055,14.744806594769525,0.04214844404425071,189,367,259,234,409,191
1776754294.119958,94.9100394966284,121,-7,121.2023102090055,14.744806594769525,0.04214844404425071,189,367,259,234,409,191
1776754294.1764905,94.9100394966284,121,-7,121.2023102090055,14.744806594769525,0.04214844404425071,189,367,259,234,409,191
1776754294.23006,94.9100394966284,121,-7,121.2023102090055,14.744806594769525,0.04183864417324595,189,367,260,234,409,191
1776754294.2869534,94.9100394966284,121,-7,121.2023102090055,14.744806594769525,0.04183864417324595,189,367,260,234,409,191
1776754294.3453104,94.9100394966284,121,-7,121.2023102090055,14.744806594769525,0.04183864417324595,189,367,260,234,409,191
1776754294.401932,94.9100394966284,121,-7,121.2023102090055,14.744806594769525,0.04183864417324595,189,367,260,234,409,191
1776754294.459185,94.9100394966284,121,-7,121.2023102090055,14.744806594769525,0.04183864417324595,189,367,260,234,409,191
1776754294.516755,94.9100394966284,121,-7,121.2023102090055,14.744806594769525,0.04183864417324595,189,367,260,234,409,191
1776754294.5701404,94.9100394966284,121,-7,121.2023102090055,14.744806594769525,0.04183864417324595,189,367,260,234,409,191
1776754294.6274474,94.9100394966284,121,-6,121.1486689980538,14.738280900006544,0.04218365895281276,189,367,260,234,409,192
1776754294.6842313,94.9100394966284,121,-6,121.1486689980538,14.738280900006544,0.04218365895281276,189,367,260,234,409,192
1776754294.741999,94.9100394966284,121,-6,121.1486689980538,14.738280900006544,0.04218365895281276,189,367,260,234,409,192
1776754294.7991962,94.9100394966284,122,-6,122.14745187681976,14.859787332946441,0.042136734498482604,189,367,260,234,410,192
1776754294.856506,94.9100394966284,122,-6,122.14745187681976,14.859787332946441,0.042136734498482604,189,367,260,234,410,192
1776754294.9095807,94.9100394966284,122,-6,122.14745187681976,14.859787332946441,0.042136734498482604,189,367,260,234,410,192
1776754294.9672813,94.9100394966284,122,-6,122.14745187681976,14.859787332946441,0.042136734498482604,189,367,260,234,410,192
1776754295.0245707,94.9100394966284,122,-6,122.14745187681976,14.859787332946441,0.042136734498482604,189,367,260,234,410,192
1776754295.0816364,94.9100394966284,122,-6,122.14745187681976,14.859787332946441,0.042136734498482604,189,367,260,234,410,192
1776754295.139333,94.9100394966284,122,-6,122.14745187681976,14.859787332946441,0.042136734498482604,189,367,260,234,410,192
1776754295.1928098,94.9100394966284,122,-6,122.14745187681976,14.859787332946441,0.042136734498482604,189,367,260,234,410,192
1776754295.2500114,94.9100394966284,122,-6,122.14745187681976,14.859787332946441,0.042136734498482604,189,367,260,234,410,192
1776754295.3076992,94.9100394966284,122,-6,122.14745187681976,14.859787332946441,0.042136734498482604,189,367,260,234,410,192
1776754295.364556,94.9100394966284,122,-6,122.14745187681976,14.859787332946441,0.042136734498482604,189,367,260,234,410,192
1776754295.4223535,94.9100394966284,122,-6,122.14745187681976,14.859787332946441,0.042136734498482604,189,367,260,234,410,192
1776754295.4791875,94.9100394966284,122,-6,122.14745187681976,14.859787332946441,0.042136734498482604,189,367,260,234,410,192
1776754295.5327501,94.9100394966284,122,-6,122.14745187681976,14.859787332946441,0.042136734498482604,189,367,260,234,410,192
1776754295.59035,94.9100394966284,122,-6,122.14745187681976,14.859787332946441,0.042136734498482604,189,367,260,234,410,192
1776754295.647098,94.9100394966284,122,-6,122.14745187681976,14.859787332946441,0.042136734498482604,189,367,260,234,410,192
1776754295.7045078,94.9100394966284,122,-6,122.14745187681976,14.859787332946441,0.042136734498482604,189,367,260,234,410,192
1776754295.7613995,94.9100394966284,122,-6,122.14745187681976,14.859787332946441,0.042136734498482604,189,367,260,234,410,192
1776754295.8186214,94.9100394966284,122,-6,122.14745187681976,14.859787332946441,0.042136734498482604,189,367,260,234,410,192
1776754295.8719482,94.9100394966284,122,-6,122.14745187681976,14.859787332946441,0.042136734498482604,189,367,260,234,410,192
1776754295.9292543,94.9100394966284,122,-6,122.14745187681976,14.859787332946441,0.042136734498482604,189,367,260,234,410,192
1776754295.9866502,94.9100394966284,122,-6,122.14745187681976,14.859787332946441,0.042136734498482604,189,367,260,234,410,192
1776754296.044795,94.9100394966284,123,-6,123.14625451064275,14.981296169177948,0.04208888009723297,189,367,260,234,411,192
1776754296.1016233,94.9100394966284,123,-6,123.14625451064275,14.981296169177948,0.04208888009723297,189,367,260,234,411,192
1776754296.1591132,94.9100394966284,123,-6,123.14625451064275,14.981296169177948,0.04208888009723297,189,367,260,234,411,192
1776754296.2122698,94.9100394966284,123,-6,123.14625451064275,14.981296169177948,0.04208888009723297,189,367,260,234,411,192
1776754296.269876,94.9100394966284,123,-6,123.14625451064275,14.981296169177948,0.04208888009723297,189,367,260,234,411,192
1776754296.3271756,94.9100394966284,123,-6,123.14625451064275,14.981296169177948,0.04208888009723297,189,367,260,234,411,192
1776754296.384264,94.9100394966284,123,-6,123.14625451064275,14.981296169177948,0.04208888009723297,189,367,260,234,411,192
1776754296.4415305,94.9100394966284,123,-6,123.14625451064275,14.981296169177948,0.04208888009723297,189,367,260,234,411,192
1776754296.499033,94.9100394966284,123,-6,123.14625451064275,14.981296169177948,0.04208888009723297,189,367,260,234,411,192
1776754296.5531826,94.9100394966284,123,-6,123.14625451064275,14.981296169177948,0.04208888009723297,189,367,260,234,411,192
1776754296.60966,94.9100394966284,123,-6,123.14625451064275,14.981296169177948,0.04208888009723297,189,367,260,234,411,192
1776754296.667198,94.9100394966284,123,-6,123.14625451064275,14.981296169177948,0.04208888009723297,189,367,260,234,411,192
1776754296.724598,94.9100394966284,123,-6,123.14625451064275,14.981296169177948,0.04208888009723297,189,367,260,234,411,192
1776754296.7817621,94.9100394966284,123,-6,123.14625451064275,14.981296169177948,0.04208888009723297,189,367,260,234,411,192
1776754296.8355932,94.9100394966284,123,-6,123.14625451064275,14.981296169177948,0.04208888009723297,189,367,260,234,411,192
1776754296.8933747,94.9100394966284,123,-6,123.14625451064275,14.981296169177948,0.04208888009723297,189,367,260,234,411,192
1776754296.9499195,94.9100394966284,123,-6,123.14625451064275,14.981296169177948,0.04208888009723297,189,367,260,234,411,192
1776754297.0064783,94.9100394966284,123,-6,123.14625451064275,14.981296169177948,0.04208888009723297,189,367,260,234,411,192
1776754297.0645897,94.9100394966284,123,-6,123.14625451064275,14.981296169177948,0.04208888009723297,189,367,260,234,411,192
1776754297.1217334,94.9100394966284,123,-6,123.14625451064275,14.981296169177948,0.04212090639380803,189,368,260,234,411,192
1776754297.1752105,94.9100394966284,123,-6,123.14625451064275,14.981296169177948,0.04212090639380803,189,368,260,234,411,192
1776754297.2323642,94.9100394966284,123,-6,123.14625451064275,14.981296169177948,0.04219097570288369,189,368,261,233,411,192
1776754297.2896285,94.9100394966284,124,-6,124.14507642270796,15.102807350694398,0.042110164653849765,189,367,261,233,412,192
1776754297.3472567,94.9100394966284,124,-6,124.14507642270796,15.102807350694398,0.042110164653849765,189,367,261,233,412,192
1776754297.404762,94.9100394966284,124,-6,124.14507642270796,15.102807350694398,0.042110164653849765,189,367,261,233,412,192
1776754297.4613016,94.9100394966284,124,-5,124.10076550932311,15.097416728628115,0.042448011644289345,189,367,261,233,412,193
1776754297.5144615,94.9100394966284,124,-5,124.10076550932311,15.097416728628115,0.042448011644289345,189,367,261,233,412,193
1776754297.5728226,94.9100394966284,124,-5,124.10076550932311,15.097416728628115,0.042448011644289345,189,367,261,233,412,193
1776754297.6297164,94.9100394966284,124,-5,124.10076550932311,15.097416728628115,0.042448011644289345,189,367,261,233,412,193
1776754297.687215,94.9100394966284,124,-5,124.10076550932311,15.097416728628115,0.042448011644289345,189,367,261,233,412,193
1776754297.7439888,94.9100394966284,124,-5,124.10076550932311,15.097416728628115,0.042448011644289345,189,367,261,233,412,193
1776754297.8012567,94.9100394966284,124,-5,124.10076550932311,15.097416728628115,0.042448011644289345,189,367,261,233,412,193
1776754297.8548896,94.9100394966284,124,-5,124.10076550932311,15.097416728628115,0.042448011644289345,189,367,261,233,412,193
1776754297.912172,94.9100394966284,124,-5,124.10076550932311,15.097416728628115,0.042448011644289345,189,367,261,233,412,193
1776754297.9697723,94.9100394966284,124,-5,124.10076550932311,15.097416728628115,0.042448011644289345,189,367,261,233,412,193
1776754298.0266285,94.9100394966284,124,-5,124.10076550932311,15.097416728628115,0.042448011644289345,189,367,261,233,412,193
1776754298.0841148,94.9100394966284,124,-5,124.10076550932311,15.097416728628115,0.042448011644289345,189,367,261,233,412,193
1776754298.141009,94.9100394966284,124,-5,124.10076550932311,15.097416728628115,0.042448011644289345,189,367,261,233,412,193
1776754298.1943467,94.9100394966284,124,-5,124.10076550932311,15.097416728628115,0.042448011644289345,189,367,261,233,412,193
1776754298.251685,94.9100394966284,124,-5,124.10076550932311,15.097416728628115,0.042448011644289345,189,367,261,233,412,193
1776754298.3095272,94.9100394966284,125,-5,125.09996003196804,15.218973239898787,0.04239437320930698,189,367,261,233,413,193
1776754298.3666036,94.9100394966284,125,-5,125.09996003196804,15.218973239898787,0.04239437320930698,189,367,261,233,413,193
1776754298.4240766,94.9100394966284,125,-5,125.09996003196804,15.218973239898787,0.04239437320930698,189,367,261,233,413,193
1776754298.4770505,94.9100394966284,125,-5,125.09996003196804,15.218973239898787,0.04239437320930698,189,367,261,233,413,193
1776754298.534762,94.9100394966284,125,-5,125.09996003196804,15.218973239898787,0.04239437320930698,189,367,261,233,413,193
1776754298.5922227,94.9100394966284,125,-5,125.09996003196804,15.218973239898787,0.04239437320930698,189,367,261,233,413,193
1776754298.6494439,94.9100394966284,125,-5,125.09996003196804,15.218973239898787,0.04239437320930698,189,367,261,233,413,193
1776754298.7066236,94.9100394966284,125,-5,125.09996003196804,15.218973239898787,0.04239437320930698,189,367,261,233,413,193
1776754298.7649086,94.9100394966284,125,-5,125.09996003196804,15.218973239898787,0.04239437320930698,189,367,261,233,413,193
1776754298.8175929,94.9100394966284,125,-5,125.09996003196804,15.218973239898787,0.04239437320930698,189,367,261,233,413,193
1776754298.8751054,94.9100394966284,125,-5,125.09996003196804,15.218973239898787,0.04239437320930698,189,367,261,233,413,193
1776754298.9320693,94.9100394966284,125,-5,125.09996003196804,15.218973239898787,0.04239437320930698,189,367,261,233,413,193
1776754298.9893088,94.9100394966284,125,-5,125.09996003196804,15.218973239898787,0.04239437320930698,189,367,261,233,413,193
1776754299.0469677,94.9100394966284,125,-5,125.09996003196804,15.218973239898787,0.04239437320930698,189,367,261,233,413,193
1776754299.1040492,94.9100394966284,125,-5,125.09996003196804,15.218973239898787,0.04239437320930698,189,367,261,233,413,193
1776754299.1576686,94.9100394966284,125,-5,125.09996003196804,15.218973239898787,0.04239437320930698,189,367,261,233,413,193
1776754299.2144468,94.9100394966284,125,-5,125.09996003196804,15.218973239898787,0.04239437320930698,189,367,261,233,413,193
1776754299.2720776,94.9100394966284,125,-5,125.09996003196804,15.218973239898787,0.04239437320930698,189,367,261,233,413,193
1776754299.3293514,94.9100394966284,125,-5,125.09996003196804,15.218973239898787,0.04239437320930698,189,367,261,233,413,193
1776754299.3864076,94.9100394966284,125,-5,125.09996003196804,15.218973239898787,0.04239437320930698,189,367,261,233,413,193
1776754299.4438677,94.9100394966284,126,-5,126.09916732476864,15.340531304716379,0.042339938669222456,189,367,261,233,414,193
1776754299.4971602,94.9100394966284,126,-5,126.09916732476864,15.340531304716379,0.042339938669222456,189,367,261,233,414,193
1776754299.55491,94.9100394966284,126,-5,126.09916732476864,15.340531304716379,0.042339938669222456,189,367,261,233,414,193
1776754299.6119866,94.9100394966284,126,-5,126.09916732476864,15.340531304716379,0.042339938669222456,189,367,261,233,414,193
1776754299.6698132,94.9100394966284,126,-5,126.09916732476864,15.340531304716379,0.042339938669222456,189,367,261,233,414,193
1776754299.7262404,94.9100394966284,126,-5,126.09916732476864,15.340531304716379,0.042339938669222456,189,367,261,233,414,193
1776754299.7836447,94.9100394966284,126,-5,126.09916732476864,15.340531304716379,0.042339938669222456,189,367,261,233,414,193
1776754299.837804,94.9100394966284,126,-5,126.09916732476864,15.340531304716379,0.042339938669222456,189,367,261,233,414,193
1776754299.8944821,94.9100394966284,126,-5,126.09916732476864,15.340531304716379,0.042339938669222456,189,367,261,233,414,193
1776754299.951777,94.9100394966284,126,-5,126.09916732476864,15.340531304716379,0.042339938669222456,189,367,261,233,414,193
1776754300.0087543,94.9100394966284,126,-5,126.09916732476864,15.340531304716379,0.042339938669222456,189,367,261,233,414,193
1776754300.0665407,94.9100394966284,126,-5,126.09916732476864,15.340531304716379,0.042339938669222456,189,367,261,233,414,193
1776754300.1240542,94.9100394966284,126,-5,126.09916732476864,15.340531304716379,0.042339938669222456,189,367,261,233,414,193
1776754300.1770477,94.9100394966284,126,-5,126.09916732476864,15.340531304716379,0.042339938669222456,189,367,261,233,414,193
1776754300.2347343,94.9100394966284,126,-5,126.09916732476864,15.340531304716379,0.042339938669222456,189,367,261,233,414,193
1776754300.2921698,94.9100394966284,126,-5,126.09916732476864,15.340531304716379,0.04204833081621999,189,367,262,233,414,193
1776754300.3493931,94.9100394966284,126,-5,126.09916732476864,15.340531304716379,0.04204833081621999,189,367,262,233,414,193
1776754300.4059281,94.9100394966284,126,-5,126.09916732476864,15.340531304716379,0.04204833081621999,189,367,262,233,414,193
1776754300.4593482,94.9100394966284,126,-5,126.09916732476864,15.340531304716379,0.04204833081621999,189,367,262,233,414,193
1776754300.516852,94.9100394966284,126,-5,126.09916732476864,15.340531304716379,0.04204833081621999,189,367,262,233,414,193
1776754300.5741668,94.9100394966284,126,-5,126.09916732476864,15.340531304716379,0.04204833081621999,189,367,262,233,414,193
1776754300.6319084,94.9100394966284,126,-5,126.09916732476864,15.340531304716379,0.04204833081621999,189,367,262,233,414,193
1776754300.689144,94.9100394966284,126,-5,126.09916732476864,15.340531304716379,0.04204833081621999,189,367,262,233,414,193
1776754300.7463334,94.9100394966284,127,-4,127.06297651164952,15.457783030614296,0.04232669527354188,189,367,262,233,415,194
1776754300.7996325,94.9100394966284,127,-4,127.06297651164952,15.457783030614296,0.04232669527354188,189,367,262,233,415,194
1776754300.8567557,94.9100394966284,127,-4,127.06297651164952,15.457783030614296,0.04232669527354188,189,367,262,233,415,194
1776754300.9150352,94.9100394966284,127,-4,127.06297651164952,15.457783030614296,0.04232669527354188,189,367,262,233,415,194
1776754300.9717064,94.9100394966284,127,-4,127.06297651164952,15.457783030614296,0.04232669527354188,189,367,262,233,415,194
1776754301.0290601,94.9100394966284,127,-4,127.06297651164952,15.457783030614296,0.04232669527354188,189,367,262,233,415,194
1776754301.087054,94.9100394966284,127,-4,127.06297651164952,15.457783030614296,0.04232669527354188,189,367,262,233,415,194
1776754301.1401238,94.9100394966284,127,-4,127.06297651164952,15.457783030614296,0.04232669527354188,189,367,262,233,415,194
1776754301.197899,94.9100394966284,127,-4,127.06297651164952,15.457783030614296,0.04232669527354188,189,367,262,233,415,194
1776754301.2543974,94.9100394966284,127,-4,127.06297651164952,15.457783030614296,0.04268899768686908,189,367,262,232,415,194
1776754301.3115482,94.9100394966284,127,-4,127.06297651164952,15.457783030614296,0.04268899768686908,189,367,262,232,415,194
1776754301.3687642,94.9100394966284,127,-4,127.06297651164952,15.457783030614296,0.04268899768686908,189,367,262,232,415,194
1776754301.4262283,94.9100394966284,127,-4,127.06297651164952,15.457783030614296,0.04268899768686908,189,367,262,232,415,194
1776754301.4800057,94.9100394966284,127,-4,127.06297651164952,15.457783030614296,0.04268899768686908,189,367,262,232,415,194
1776754301.5369058,94.9100394966284,127,-4,127.06297651164952,15.457783030614296,0.04268899768686908,189,367,262,232,415,194
1776754301.5938747,94.9100394966284,127,-4,127.06297651164952,15.457783030614296,0.04268899768686908,189,367,262,232,415,194
1776754301.6524134,94.9100394966284,128,-4,128.06248474865697,15.579377706649264,0.04262905066936072,189,367,262,232,416,194
1776754301.7086034,94.9100394966284,128,-4,128.06248474865697,15.579377706649264,0.04262905066936072,189,367,262,232,416,194
1776754301.7663307,94.9100394966284,128,-4,128.06248474865697,15.579377706649264,0.04262905066936072,189,367,262,232,416,194
1776754301.8194928,94.9100394966284,128,-4,128.06248474865697,15.579377706649264,0.04262905066936072,189,367,262,232,416,194
1776754301.8765113,94.9100394966284,128,-4,128.06248474865697,15.579377706649264,0.04262905066936072,189,367,262,232,416,194
1776754301.9345229,94.9100394966284,128,-4,128.06248474865697,15.579377706649264,0.04262905066936072,189,367,262,232,416,194
1776754301.9913692,94.9100394966284,128,-4,128.06248474865697,15.579377706649264,0.04262905066936072,189,367,262,232,416,194
1776754302.0487955,94.9100394966284,128,-4,128.06248474865697,15.579377706649264,0.04262905066936072,189,367,262,232,416,194
1776754302.1065571,94.9100394966284,128,-4,128.06248474865697,15.579377706649264,0.04262905066936072,189,367,262,232,416,194
1776754302.1591454,94.9100394966284,128,-4,128.06248474865697,15.579377706649264,0.04262905066936072,189,367,262,232,416,194
1776754302.2165692,94.9100394966284,128,-4,128.06248474865697,15.579377706649264,0.04262905066936072,189,367,262,232,416,194
1776754302.2741225,94.9100394966284,128,-4,128.06248474865697,15.579377706649264,0.04262905066936072,189,367,262,232,416,194
1776754302.3311594,94.9100394966284,128,-4,128.06248474865697,15.579377706649264,0.04262905066936072,189,367,262,232,416,194
1776754302.3891385,94.9100394966284,128,-4,128.06248474865697,15.579377706649264,0.04262905066936072,189,367,262,232,416,194
1776754302.4421024,94.9100394966284,128,-4,128.06248474865697,15.579377706649264,0.04262905066936072,189,367,262,232,416,194
1776754302.4999223,94.9100394966284,128,-4,128.06248474865697,15.579377706649264,0.04262905066936072,189,367,262,232,416,194
1776754302.55667,94.9100394966284,128,-4,128.06248474865697,15.579377706649264,0.04262905066936072,189,367,262,232,416,194
1776754302.6142638,94.9100394966284,128,-4,128.06248474865697,15.579377706649264,0.04262905066936072,189,367,262,232,416,194
1776754302.6710632,94.9100394966284,128,-4,128.06248474865697,15.579377706649264,0.04262905066936072,189,367,262,232,416,194
1776754302.7283661,94.9100394966284,128,-4,128.06248474865697,15.579377706649264,0.04262905066936072,189,367,262,232,416,194
1776754302.7817516,94.9100394966284,128,-4,128.06248474865697,15.579377706649264,0.04262905066936072,189,367,262,232,416,194
1776754302.8395379,94.9100394966284,128,-4,128.06248474865697,15.579377706649264,0.04262905066936072,189,367,262,232,416,194
1776754302.8968625,94.9100394966284,128,-4,128.06248474865697,15.579377706649264,0.04262905066936072,189,367,262,232,416,194
1776754302.9540238,94.9100394966284,128,-4,128.06248474865697,15.579377706649264,0.04262905066936072,189,367,262,232,416,194
1776754303.011324,94.9100394966284,128,-4,128.06248474865697,15.579377706649264,0.04262905066936072,189,367,262,232,416,194
1776754303.0692327,94.9100394966284,129,-4,129.0620006043607,15.70097330953293,0.04256843382736454,189,367,262,232,417,194
1776754303.1221862,94.9100394966284,129,-4,129.0620006043607,15.70097330953293,0.04256843382736454,189,367,262,232,417,194
1776754303.1796167,94.9100394966284,129,-4,129.0620006043607,15.70097330953293,0.04256843382736454,189,367,262,232,417,194
1776754303.2370331,94.9100394966284,129,-4,129.0620006043607,15.70097330953293,0.0422890685724653,189,367,263,232,417,194
1776754303.294782,94.9100394966284,129,-4,129.0620006043607,15.70097330953293,0.0422890685724653,189,367,263,232,417,194
1776754303.3516579,94.9100394966284,129,-4,129.0620006043607,15.70097330953293,0.0422890685724653,189,367,263,232,417,194
1776754303.4087188,94.9100394966284,129,-4,129.0620006043607,15.70097330953293,0.0422890685724653,189,367,263,232,417,194
1776754303.4621024,94.9100394966284,129,-4,129.0620006043607,15.70097330953293,0.0422890685724653,189,367,263,232,417,194
1776754303.5193133,94.9100394966284,129,-4,129.0620006043607,15.70097330953293,0.0422890685724653,189,367,263,232,417,194
1776754303.5764046,94.9100394966284,129,-4,129.0620006043607,15.70097330953293,0.0422890685724653,189,367,263,232,417,194
1776754303.6342063,94.9100394966284,129,-4,129.0620006043607,15.70097330953293,0.0422890685724653,189,367,263,232,417,194
1776754303.6909854,94.9100394966284,129,-4,129.0620006043607,15.70097330953293,0.0422890685724653,189,367,263,232,417,194
1776754303.7481937,94.9100394966284,129,-4,129.0620006043607,15.70097330953293,0.0422890685724653,189,367,263,232,417,194
1776754303.8019445,94.9100394966284,129,-4,129.0620006043607,15.70097330953293,0.0422890685724653,189,367,263,232,417,194
1776754303.8592942,94.9100394966284,129,-4,129.0620006043607,15.70097330953293,0.0422890685724653,189,367,263,232,417,194
1776754303.9172626,94.9100394966284,129,-4,129.0620006043607,15.70097330953293,0.0422890685724653,189,367,263,232,417,194
1776754303.9742346,94.9100394966284,129,-4,129.0620006043607,15.70097330953293,0.0422890685724653,189,367,263,232,417,194
1776754304.0317159,94.9100394966284,129,-4,129.0620006043607,15.70097330953293,0.0422890685724653,189,367,263,232,417,194
1776754304.0884552,94.9100394966284,130,-4,130.06152390311286,15.82256981789694,0.04222973785232965,189,367,263,232,418,194
1776754304.142261,94.9100394966284,130,-4,130.06152390311286,15.82256981789694,0.04222973785232965,189,367,263,232,418,194
1776754304.1990728,94.9100394966284,130,-4,130.06152390311286,15.82256981789694,0.04222973785232965,189,367,263,232,418,194
1776754304.2567692,94.9100394966284,130,-4,130.06152390311286,15.82256981789694,0.04222973785232965,189,367,263,232,418,194
1776754304.3138857,94.9100394966284,130,-4,130.06152390311286,15.82256981789694,0.04222973785232965,189,367,263,232,418,194
1776754304.3715923,94.9100394966284,130,-4,130.06152390311286,15.82256981789694,0.04222973785232965,189,367,263,232,418,194
1776754304.4248173,94.9100394966284,130,-4,130.06152390311286,15.82256981789694,0.04222973785232965,189,367,263,232,418,194
1776754304.4823706,94.9100394966284,130,-4,130.06152390311286,15.82256981789694,0.04222973785232965,189,367,263,232,418,194
1776754304.5394156,94.9100394966284,130,-3,130.034610777285,15.819295714998173,0.04255404688147789,189,367,263,232,418,195
1776754304.5965889,94.9100394966284,130,-3,130.034610777285,15.819295714998173,0.04255404688147789,189,367,263,232,418,195
1776754304.6542761,94.9100394966284,130,-3,130.034610777285,15.819295714998173,0.04255404688147789,189,367,263,232,418,195
1776754304.7113104,94.9100394966284,130,-3,130.034610777285,15.819295714998173,0.04255404688147789,189,367,263,232,418,195
1776754304.7644055,94.9100394966284,130,-3,130.034610777285,15.819295714998173,0.04255404688147789,189,367,263,232,418,195
1776754304.8221576,94.9100394966284,130,-3,130.034610777285,15.819295714998173,0.04255404688147789,189,367,263,232,418,195
1776754304.8791347,94.9100394966284,130,-3,130.034610777285,15.819295714998173,0.04255404688147789,189,367,263,232,418,195
1776754304.9360783,94.9100394966284,130,-3,130.034610777285,15.819295714998173,0.04255404688147789,189,367,263,232,418,195
1776754304.993704,94.9100394966284,130,-3,130.034610777285,15.819295714998173,0.04255404688147789,189,367,263,232,418,195
1776754305.0508063,94.9100394966284,130,-3,130.034610777285,15.819295714998173,0.04255404688147789,189,367,263,232,418,195
1776754305.1040394,94.9100394966284,130,-3,130.034610777285,15.819295714998173,0.04255404688147789,189,367,263,232,418,195
1776754305.161545,94.9100394966284,130,-3,130.034610777285,15.819295714998173,0.04255404688147789,189,367,263,232,418,195
1776754305.2189226,94.9100394966284,130,-3,130.034610777285,15.819295714998173,0.04255404688147789,189,367,263,232,418,195
1776754305.2766829,94.9100394966284,131,-3,131.03434664239754,15.940918083016731,0.04249107278367444,189,367,263,232,419,195
1776754305.3339396,94.9100394966284,131,-3,131.03434664239754,15.940918083016731,0.04249107278367444,189,367,263,232,419,195
1776754305.3908784,94.9100394966284,131,-3,131.03434664239754,15.940918083016731,0.04284146468963062,189,367,263,231,419,195
1776754305.4446623,94.9100394966284,131,-3,131.03434664239754,15.940918083016731,0.04284146468963062,189,367,263,231,419,195
1776754305.5018013,94.9100394966284,131,-3,131.03434664239754,15.940918083016731,0.04284146468963062,189,367,263,231,419,195
1776754305.5598645,94.9100394966284,131,-3,131.03434664239754,15.940918083016731,0.04284146468963062,189,367,263,231,419,195
1776754305.6163015,94.9100394966284,131,-3,131.03434664239754,15.940918083016731,0.04284146468963062,189,367,263,231,419,195
1776754305.6732845,94.9100394966284,131,-3,131.03434664239754,15.940918083016731,0.04284146468963062,189,367,263,231,419,195
1776754305.731046,94.9100394966284,131,-3,131.03434664239754,15.940918083016731,0.04284146468963062,189,367,263,231,419,195
1776754305.7849355,94.9100394966284,131,-3,131.03434664239754,15.940918083016731,0.04284146468963062,189,367,263,231,419,195
1776754305.8419373,94.9100394966284,131,-3,131.03434664239754,15.940918083016731,0.04257203225386684,189,367,264,231,419,195
1776754305.8987818,94.9100394966284,131,-3,131.03434664239754,15.940918083016731,0.04257203225386684,189,367,264,231,419,195
1776754305.9567058,94.9100394966284,131,-3,131.03434664239754,15.940918083016731,0.04257203225386684,189,367,264,231,419,195
1776754306.0146854,94.9100394966284,131,-3,131.03434664239754,15.940918083016731,0.04257203225386684,189,367,264,231,419,195
1776754306.0710874,94.9100394966284,131,-3,131.03434664239754,15.940918083016731,0.04257203225386684,189,367,264,231,419,195
1776754306.12468,94.9100394966284,131,-3,131.03434664239754,15.940918083016731,0.04257203225386684,189,367,264,231,419,195
1776754306.1818259,94.9100394966284,131,-3,131.03434664239754,15.940918083016731,0.04257203225386684,189,367,264,231,419,195
1776754306.2387707,94.9100394966284,131,-3,131.03434664239754,15.940918083016731,0.04257203225386684,189,367,264,231,419,195
1776754306.2968512,94.9100394966284,131,-3,131.03434664239754,15.940918083016731,0.04257203225386684,189,367,264,231,419,195
1776754306.353829,94.9100394966284,131,-3,131.03434664239754,15.940918083016731,0.04257203225386684,189,367,264,231,419,195
1776754306.4068925,94.9100394966284,131,-3,131.03434664239754,15.940918083016731,0.04257203225386684,189,367,264,231,419,195
1776754306.4642298,94.9100394966284,131,-3,131.03434664239754,15.940918083016731,0.04257203225386684,189,367,264,231,419,195
1776754306.521212,94.9100394966284,132,-3,132.03408650799233,16.06254093771196,0.042507442697328694,189,367,264,231,420,195
1776754306.5785248,94.9100394966284,132,-3,132.03408650799233,16.06254093771196,0.042507442697328694,189,367,264,231,420,195
1776754306.6358628,94.9100394966284,132,-3,132.03408650799233,16.06254093771196,0.042507442697328694,189,367,264,231,420,195
1776754306.6935353,94.9100394966284,132,-3,132.03408650799233,16.06254093771196,0.042507442697328694,189,367,264,231,420,195
1776754306.7465441,94.9100394966284,132,-3,132.03408650799233,16.06254093771196,0.042507442697328694,189,367,264,231,420,195
1776754306.8044188,94.9100394966284,132,-3,132.03408650799233,16.06254093771196,0.042507442697328694,189,367,264,231,420,195
1776754306.8618088,94.9100394966284,132,-3,132.03408650799233,16.06254093771196,0.042507442697328694,189,367,264,231,420,195
1776754306.9192173,94.9100394966284,132,-3,132.03408650799233,16.06254093771196,0.042507442697328694,189,367,264,231,420,195
1776754306.9763246,94.9100394966284,132,-3,132.03408650799233,16.06254093771196,0.042507442697328694,189,367,264,231,420,195
1776754307.0330663,94.9100394966284,132,-3,132.03408650799233,16.06254093771196,0.042507442697328694,189,367,264,231,420,195
1776754307.0864813,94.9100394966284,132,-3,132.03408650799233,16.06254093771196,0.042507442697328694,189,367,264,231,420,195
1776754307.1440108,94.9100394966284,132,-3,132.03408650799233,16.06254093771196,0.042507442697328694,189,367,264,231,420,195
1776754307.201138,94.9100394966284,132,-3,132.03408650799233,16.06254093771196,0.042507442697328694,189,367,264,231,420,195
1776754307.2584655,94.9100394966284,132,-3,132.03408650799233,16.06254093771196,0.042507442697328694,189,367,264,231,420,195
1776754307.31626,94.9100394966284,132,-3,132.03408650799233,16.06254093771196,0.042507442697328694,189,367,264,231,420,195
1776754307.3733199,94.9100394966284,132,-3,132.03408650799233,16.06254093771196,0.042507442697328694,189,367,264,231,420,195
1776754307.4269857,94.9100394966284,132,-3,132.03408650799233,16.06254093771196,0.042507442697328694,189,367,264,231,420,195
1776754307.485018,94.9100394966284,132,-3,132.03408650799233,16.06254093771196,0.042507442697328694,189,367,264,231,420,195
1776754307.5419214,94.9100394966284,132,-3,132.03408650799233,16.06254093771196,0.042507442697328694,189,367,264,231,420,195
1776754307.5983837,94.9100394966284,132,-3,132.03408650799233,16.06254093771196,0.042507442697328694,189,367,264,231,420,195
1776754307.656086,94.9100394966284,132,-3,132.03408650799233,16.06254093771196,0.042507442697328694,189,367,264,231,420,195
1776754307.7139971,94.9100394966284,132,-3,132.03408650799233,16.06254093771196,0.042507442697328694,189,367,264,231,420,195
1776754307.7669663,94.9100394966284,133,-3,133.0338302838793,16.184164268111836,0.04244229643586424,189,367,264,231,421,195
1776754307.8245168,94.9100394966284,133,-3,133.0338302838793,16.184164268111836,0.04244229643586424,189,367,264,231,421,195
1776754307.881261,94.9100394966284,133,-3,133.0338302838793,16.184164268111836,0.04244229643586424,189,367,264,231,421,195
1776754307.9390996,94.9100394966284,133,-3,133.0338302838793,16.184164268111836,0.04244229643586424,189,367,264,231,421,195
1776754307.9962938,94.9100394966284,133,-3,133.0338302838793,16.184164268111836,0.04244229643586424,189,367,264,231,421,195
1776754308.0497463,94.9100394966284,133,-3,133.0338302838793,16.184164268111836,0.04244229643586424,189,367,264,231,421,195
1776754308.1069162,94.9100394966284,133,-3,133.0338302838793,16.184164268111836,0.04244229643586424,189,367,264,231,421,195
1776754308.1644435,94.9100394966284,133,-3,133.0338302838793,16.184164268111836,0.04244229643586424,189,367,264,231,421,195
1776754308.2217526,94.9100394966284,133,-2,133.01503674397117,16.18187794938822,0.04275939460345329,189,367,264,231,421,196
1776754308.2788754,94.9100394966284,133,-2,133.01503674397117,16.18187794938822,0.04275939460345329,189,367,264,231,421,196
1776754308.3356707,94.9100394966284,133,-2,133.01503674397117,16.18187794938822,0.04275939460345329,189,367,264,231,421,196
1776754308.3893452,94.9100394966284,133,-2,133.01503674397117,16.18187794938822,0.04275939460345329,189,367,264,231,421,196
1776754308.4467363,94.9100394966284,133,-2,133.01503674397117,16.18187794938822,0.04275939460345329,189,367,264,231,421,196
1776754308.5043833,94.9100394966284,133,-2,133.01503674397117,16.18187794938822,0.04275939460345329,189,367,264,231,421,196
1776754308.561194,94.9100394966284,133,-2,133.01503674397117,16.18187794938822,0.04275939460345329,189,367,264,231,421,196
1776754308.618838,94.9100394966284,133,-2,133.01503674397117,16.18187794938822,0.042494765838251874,189,367,265,231,421,196
1776754308.675915,94.9100394966284,133,-2,133.01503674397117,16.18187794938822,0.042494765838251874,189,367,265,231,421,196
1776754308.7289815,94.9100394966284,134,-2,134.01492454200763,16.303518800730853,0.042427923412404145,189,367,265,231,422,196
1776754308.7862713,94.9100394966284,134,-2,134.01492454200763,16.303518800730853,0.042427923412404145,189,367,265,231,422,196
1776754308.8441148,94.9100394966284,134,-2,134.01492454200763,16.303518800730853,0.042427923412404145,189,367,265,231,422,196
1776754308.9014606,94.9100394966284,134,-2,134.01492454200763,16.303518800730853,0.042427923412404145,189,367,265,231,422,196
1776754308.9594636,94.9100394966284,134,-2,134.01492454200763,16.303518800730853,0.042427923412404145,189,367,265,231,422,196
1776754309.0162852,94.9100394966284,134,-2,134.01492454200763,16.303518800730853,0.042427923412404145,189,367,265,231,422,196
1776754309.068787,94.9100394966284,134,-2,134.01492454200763,16.303518800730853,0.042427923412404145,189,367,265,231,422,196
1776754309.126586,94.9100394966284,134,-2,134.01492454200763,16.303518800730853,0.042427923412404145,189,367,265,231,422,196
1776754309.1836452,94.9100394966284,134,-2,134.01492454200763,16.303518800730853,0.042427923412404145,189,367,265,231,422,196
1776754309.2411296,94.9100394966284,134,-2,134.01492454200763,16.303518800730853,0.042427923412404145,189,367,265,231,422,196
1776754309.2986343,94.9100394966284,134,-2,134.01492454200763,16.303518800730853,0.042427923412404145,189,367,265,231,422,196
1776754309.3556528,94.9100394966284,134,-2,134.01492454200763,16.303518800730853,0.042427923412404145,189,367,265,231,422,196
1776754309.40884,94.9100394966284,134,-2,134.01492454200763,16.303518800730853,0.042427923412404145,189,367,265,231,422,196
1776754309.4661267,94.9100394966284,134,-2,134.01492454200763,16.303518800730853,0.042774309819184175,189,367,265,230,422,196
1776754309.5234945,94.9100394966284,134,-2,134.01492454200763,16.303518800730853,0.042774309819184175,189,367,265,230,422,196
1776754309.5816555,94.9100394966284,134,-2,134.01492454200763,16.303518800730853,0.042774309819184175,189,367,265,230,422,196
1776754309.638015,94.9100394966284,134,-2,134.01492454200763,16.303518800730853,0.042774309819184175,189,367,265,230,422,196
1776754309.6957426,94.9100394966284,134,-2,134.01492454200763,16.303518800730853,0.042774309819184175,189,367,265,230,422,196
1776754309.749232,94.9100394966284,134,-2,134.01492454200763,16.303518800730853,0.042774309819184175,189,367,265,230,422,196
1776754309.8065186,94.9100394966284,134,-2,134.01492454200763,16.303518800730853,0.042774309819184175,189,367,265,230,422,196
1776754309.8645217,94.9100394966284,134,-2,134.01492454200763,16.303518800730853,0.042774309819184175,189,367,265,230,422,196
1776754309.9215097,94.9100394966284,135,-2,135.0148140020198,16.425159854260315,0.04270417009264818,189,367,265,230,423,196
1776754309.9784296,94.9100394966284,135,-2,135.0148140020198,16.425159854260315,0.04270417009264818,189,367,265,230,423,196
1776754310.0314295,94.9100394966284,135,-2,135.0148140020198,16.425159854260315,0.04270417009264818,189,367,265,230,423,196
1776754310.088753,94.9100394966284,135,-2,135.0148140020198,16.425159854260315,0.04270417009264818,189,367,265,230,423,196
1776754310.1465838,94.9100394966284,135,-2,135.0148140020198,16.425159854260315,0.04270417009264818,189,367,265,230,423,196
1776754310.2046099,94.9100394966284,135,-2,135.0148140020198,16.425159854260315,0.04270417009264818,189,367,265,230,423,196
1776754310.2614276,94.9100394966284,135,-2,135.0148140020198,16.425159854260315,0.04270417009264818,189,367,265,230,423,196
1776754310.3183532,94.9100394966284,135,-2,135.0148140020198,16.425159854260315,0.04270417009264818,189,367,265,230,423,196
1776754310.371619,94.9100394966284,135,-2,135.0148140020198,16.425159854260315,0.04270417009264818,189,367,265,230,423,196
1776754310.4299521,94.9100394966284,135,-2,135.0148140020198,16.425159854260315,0.04270417009264818,189,367,265,230,423,196
1776754310.4867685,94.9100394966284,135,-2,135.0148140020198,16.425159854260315,0.04270417009264818,189,367,265,230,423,196
1776754310.5438383,94.9100394966284,135,-2,135.0148140020198,16.425159854260315,0.04270417009264818,189,367,265,230,423,196
1776754310.6011233,94.9100394966284,135,-2,135.0148140020198,16.425159854260315,0.04270417009264818,189,367,265,230,423,196
1776754310.658847,94.9100394966284,135,-2,135.0148140020198,16.425159854260315,0.04270417009264818,189,367,265,230,423,196
1776754310.7117696,94.9100394966284,135,-2,135.0148140020198,16.425159854260315,0.04270417009264818,189,367,265,230,423,196
1776754310.7688549,94.9100394966284,135,-2,135.0148140020198,16.425159854260315,0.04270417009264818,189,367,265,230,423,196
1776754310.8259695,94.9100394966284,135,-2,135.0148140020198,16.425159854260315,0.04270417009264818,189,367,265,230,423,196
1776754310.8833203,94.9100394966284,135,-2,135.0148140020198,16.425159854260315,0.04270417009264818,189,367,265,230,423,196
1776754310.9406877,94.9100394966284,135,-2,135.0148140020198,16.425159854260315,0.04270417009264818,189,367,265,230,423,196
1776754310.9985435,94.9100394966284,136,-2,136.01470508735443,16.54680110551757,0.04263358506167216,189,367,265,230,424,196
1776754311.0519545,94.9100394966284,136,-2,136.01470508735443,16.54680110551757,0.04263358506167216,189,367,265,230,424,196
1776754311.109291,94.9100394966284,136,-2,136.01470508735443,16.54680110551757,0.04263358506167216,189,367,265,230,424,196
1776754311.1666007,94.9100394966284,136,-2,136.01470508735443,16.54680110551757,0.04263358506167216,189,367,265,230,424,196
1776754311.2237563,94.9100394966284,136,-2,136.01470508735443,16.54680110551757,0.04263358506167216,189,367,265,230,424,196
1776754311.2804766,94.9100394966284,136,-2,136.01470508735443,16.54680110551757,0.04263358506167216,189,367,265,230,424,196
1776754311.3378363,94.9100394966284,136,-2,136.01470508735443,16.54680110551757,0.04263358506167216,189,367,265,230,424,196
1776754311.3914876,94.9100394966284,136,-2,136.01470508735443,16.54680110551757,0.04263358506167216,189,367,265,230,424,196
1776754311.449021,94.9100394966284,136,-2,136.01470508735443,16.54680110551757,0.04263358506167216,189,367,265,230,424,196
1776754311.5067317,94.9100394966284,136,-2,136.01470508735443,16.54680110551757,0.04263358506167216,189,367,265,230,424,196
1776754311.5632493,94.9100394966284,136,0,136.0,16.54501216545012,0.04294346446156531,189,367,265,230,424,197
1776754311.6205597,94.9100394966284,136,0,136.0,16.54501216545012,0.04269003921332873,189,367,266,230,424,197
1776754311.6738548,94.9100394966284,136,0,136.0,16.54501216545012,0.04269003921332873,189,367,266,230,424,197
1776754311.7311432,94.9100394966284,136,0,136.0,16.54501216545012,0.04269003921332873,189,367,266,230,424,197
1776754311.788642,94.9100394966284,136,0,136.0,16.54501216545012,0.04269003921332873,189,367,266,230,424,197
1776754311.8459103,94.9100394966284,136,0,136.0,16.54501216545012,0.04269003921332873,189,367,266,230,424,197
1776754311.9035842,94.9100394966284,136,0,136.0,16.54501216545012,0.04269003921332873,189,367,266,230,424,197
1776754311.960555,94.9100394966284,136,0,136.0,16.54501216545012,0.04269003921332873,189,367,266,230,424,197
1776754312.014705,94.9100394966284,136,0,136.0,16.54501216545012,0.04269003921332873,189,367,266,230,424,197
1776754312.0713477,94.9100394966284,136,0,136.0,16.54501216545012,0.04269003921332873,189,367,266,230,424,197
1776754312.129228,94.9100394966284,136,0,136.0,16.54501216545012,0.04269003921332873,189,367,266,230,424,197
1776754312.1864884,94.9100394966284,136,0,136.0,16.54501216545012,0.04269003921332873,189,367,266,230,424,197
1776754312.243756,94.9100394966284,136,0,136.0,16.54501216545012,0.04269003921332873,189,367,266,230,424,197
1776754312.300824,94.9100394966284,137,0,137.0,16.666666666666664,0.04261781219135954,189,367,266,230,425,197
1776754312.3536408,94.9100394966284,137,0,137.0,16.666666666666664,0.04261781219135954,189,367,266,230,425,197
1776754312.4115365,94.9100394966284,137,0,137.0,16.666666666666664,0.04261781219135954,189,367,266,230,425,197
1776754312.4693089,94.9100394966284,137,0,137.0,16.666666666666664,0.04261781219135954,189,367,266,230,425,197
1776754312.5263634,94.9100394966284,137,0,137.0,16.666666666666664,0.04261781219135954,189,367,266,230,425,197
1776754312.5834024,94.9100394966284,137,0,137.0,16.666666666666664,0.04261781219135954,189,367,266,230,425,197
1776754312.64073,94.9100394966284,137,0,137.0,16.666666666666664,0.04261781219135954,189,367,266,230,425,197
1776754312.6942434,94.9100394966284,137,0,137.0,16.666666666666664,0.04261781219135954,189,367,266,230,425,197
1776754312.7513595,94.9100394966284,137,0,137.0,16.666666666666664,0.04261781219135954,189,367,266,230,425,197
1776754312.808484,94.9100394966284,137,0,137.0,16.666666666666664,0.04261781219135954,189,367,266,230,425,197
1776754312.8666148,94.9100394966284,137,0,137.0,16.666666666666664,0.04261781219135954,189,367,266,230,425,197
1776754312.923709,94.9100394966284,137,0,137.0,16.666666666666664,0.04261781219135954,189,367,266,230,425,197
1776754312.9807882,94.9100394966284,137,0,137.0,16.666666666666664,0.04261781219135954,189,367,266,230,425,197
1776754313.0340497,94.9100394966284,137,0,137.0,16.666666666666664,0.04261781219135954,189,367,266,230,425,197
1776754313.0914283,94.9100394966284,137,0,137.0,16.666666666666664,0.04261781219135954,189,367,266,230,425,197
1776754313.1488404,94.9100394966284,137,0,137.0,16.666666666666664,0.04261781219135954,189,367,266,230,425,197
1776754313.2060254,94.9100394966284,137,0,137.0,16.666666666666664,0.04261781219135954,189,367,266,230,425,197
1776754313.2633185,94.9100394966284,138,0,138.0,16.78832116788321,0.04254519006246876,189,367,266,230,426,197
1776754313.3203387,94.9100394966284,138,0,138.0,16.78832116788321,0.04254519006246876,189,367,266,230,426,197
1776754313.374102,94.9100394966284,138,0,138.0,16.78832116788321,0.04254519006246876,189,367,266,230,426,197
1776754313.431566,94.9100394966284,138,0,138.0,16.78832116788321,0.04254519006246876,189,367,266,230,426,197
1776754313.4893317,94.9100394966284,138,0,138.0,16.78832116788321,0.04254519006246876,189,367,266,230,426,197
1776754313.5459225,94.9100394966284,138,0,138.0,16.78832116788321,0.04254519006246876,189,367,266,230,426,197
1776754313.603154,94.9100394966284,138,0,138.0,16.78832116788321,0.04254519006246876,189,367,266,230,426,197
1776754313.6567261,94.9100394966284,138,0,138.0,16.78832116788321,0.04254519006246876,189,367,266,230,426,197
1776754313.7143388,94.9100394966284,138,0,138.0,16.78832116788321,0.04254519006246876,189,367,266,230,426,197
1776754313.7712822,94.9100394966284,138,0,138.0,16.78832116788321,0.04287998169968888,189,367,266,229,426,197
1776754313.829083,94.9100394966284,138,0,138.0,16.78832116788321,0.04287998169968888,189,367,266,229,426,197
1776754313.8867543,94.9100394966284,138,0,138.0,16.78832116788321,0.04287998169968888,189,367,266,229,426,197
1776754313.9427562,94.9100394966284,138,0,138.0,16.78832116788321,0.04287998169968888,189,367,266,229,426,197
1776754313.9963279,94.9100394966284,138,0,138.0,16.78832116788321,0.04287998169968888,189,367,266,229,426,197
1776754314.0536275,94.9100394966284,138,0,138.0,16.78832116788321,0.04318545716128311,189,367,266,229,426,198
1776754314.1112223,94.9100394966284,138,0,138.0,16.78832116788321,0.04318545716128311,189,367,266,229,426,198
1776754314.1685438,94.9100394966284,138,0,138.0,16.78832116788321,0.04318545716128311,189,367,266,229,426,198
1776754314.226073,94.9100394966284,138,0,138.0,16.78832116788321,0.04318545716128311,189,367,266,229,426,198
1776754314.283339,94.9100394966284,138,0,138.0,16.78832116788321,0.04318545716128311,189,367,266,229,426,198
1776754314.3362362,94.9100394966284,138,0,138.0,16.78832116788321,0.04318545716128311,189,367,266,229,426,198
1776754314.3937545,94.9100394966284,139,0,139.0,16.909975669099754,0.04310699413225321,189,367,266,229,427,198
1776754314.451724,94.9100394966284,139,0,139.0,16.909975669099754,0.04310699413225321,189,367,266,229,427,198
1776754314.508289,94.9100394966284,139,0,139.0,16.909975669099754,0.04310699413225321,189,367,266,229,427,198
1776754314.5661018,94.9100394966284,139,0,139.0,16.909975669099754,0.04310699413225321,189,367,266,229,427,198
1776754314.6230052,94.9100394966284,139,0,139.0,16.909975669099754,0.042864305540515735,189,367,267,229,427,198
1776754314.6766098,94.9100394966284,139,0,139.0,16.909975669099754,0.042864305540515735,189,367,267,229,427,198
1776754314.736252,94.9100394966284,139,0,139.0,16.909975669099754,0.042864305540515735,189,367,267,229,427,198
1776754314.791231,94.9100394966284,139,0,139.0,16.909975669099754,0.042864305540515735,189,367,267,229,427,198
1776754314.8484843,94.9100394966284,139,0,139.0,16.909975669099754,0.042864305540515735,189,367,267,229,427,198
1776754314.9058154,94.9100394966284,139,0,139.0,16.909975669099754,0.042864305540515735,189,367,267,229,427,198
1776754314.9635553,94.9100394966284,139,0,139.0,16.909975669099754,0.042864305540515735,189,367,267,229,427,198
1776754315.0171638,94.9100394966284,139,0,139.0,16.909975669099754,0.042864305540515735,189,367,267,229,427,198
1776754315.0736847,94.9100394966284,139,0,139.0,16.909975669099754,0.042864305540515735,189,367,267,229,427,198
1776754315.1311064,94.9100394966284,139,0,139.0,16.909975669099754,0.042864305540515735,189,367,267,229,427,198
1776754315.188189,94.9100394966284,139,0,139.0,16.909975669099754,0.042864305540515735,189,367,267,229,427,198
1776754315.2461197,94.9100394966284,139,0,139.0,16.909975669099754,0.042864305540515735,189,367,267,229,427,198
1776754315.3028386,94.9100394966284,139,0,139.0,16.909975669099754,0.042864305540515735,189,367,267,229,427,198
1776754315.3573494,94.9100394966284,139,0,139.0,16.909975669099754,0.042864305540515735,189,367,267,229,427,198
1776754315.4140737,94.9100394966284,139,0,139.0,16.909975669099754,0.042864305540515735,189,367,267,229,427,198
1776754315.470639,94.9100394966284,139,0,139.0,16.909975669099754,0.042864305540515735,189,367,267,229,427,198
1776754315.529383,94.9100394966284,139,0,139.0,16.909975669099754,0.042864305540515735,189,367,267,229,427,198
1776754315.5861235,94.9100394966284,139,0,139.0,16.909975669099754,0.042864305540515735,189,367,267,229,427,198
1776754315.639075,94.9100394966284,140,0,140.0,17.0316301703163,0.04278706094909987,189,367,267,229,428,198
1776754315.696648,94.9100394966284,140,0,140.0,17.0316301703163,0.04278706094909987,189,367,267,229,428,198
1776754315.753643,94.9100394966284,140,0,140.0,17.0316301703163,0.04278706094909987,189,367,267,229,428,198
1776754315.811194,94.9100394966284,140,0,140.0,17.0316301703163,0.04278706094909987,189,367,267,229,428,198
1776754315.8684137,94.9100394966284,140,0,140.0,17.0316301703163,0.04278706094909987,189,367,267,229,428,198
1776754315.9256904,94.9100394966284,140,0,140.0,17.0316301703163,0.04278706094909987,189,367,267,229,428,198
1776754315.9789686,94.9100394966284,140,0,140.0,17.0316301703163,0.04278706094909987,189,367,267,229,428,198
1776754316.0364347,94.9100394966284,140,0,140.0,17.0316301703163,0.04278706094909987,189,367,267,229,428,198
1776754316.0941098,94.9100394966284,140,0,140.0,17.0316301703163,0.04278706094909987,189,367,267,229,428,198
1776754316.1511693,94.9100394966284,140,0,140.0,17.0316301703163,0.04278706094909987,189,367,267,229,428,198
1776754316.207766,94.9100394966284,140,0,140.0,17.0316301703163,0.04278706094909987,189,367,267,229,428,198
1776754316.265413,94.9100394966284,140,0,140.0,17.0316301703163,0.04278706094909987,189,367,267,229,428,198
1776754316.3185716,94.9100394966284,140,0,140.0,17.0316301703163,0.04278706094909987,189,367,267,229,428,198
1776754316.376648,94.9100394966284,140,0,140.0,17.0316301703163,0.04278706094909987,189,367,267,229,428,198
1776754316.4336278,94.9100394966284,140,0,140.0,17.0316301703163,0.04278706094909987,189,367,267,229,428,198
1776754316.4909682,94.9100394966284,140,0,140.0,17.0316301703163,0.04278706094909987,189,367,267,229,428,198
1776754316.5482676,94.9100394966284,140,0,140.0,17.0316301703163,0.04278706094909987,189,367,267,229,428,198
1776754316.6055884,94.9100394966284,140,0,140.0,17.0316301703163,0.04278706094909987,189,367,267,229,428,198
1776754316.6592326,94.9100394966284,140,0,140.0,17.0316301703163,0.04278706094909987,189,367,267,229,428,198
1776754316.7163227,94.9100394966284,140,0,140.0,17.0316301703163,0.04278706094909987,189,367,267,229,428,198
1776754316.7735848,94.9100394966284,140,0,140.0,17.0316301703163,0.04254472773234987,189,367,268,229,428,198
1776754316.8307996,94.9100394966284,140,0,140.0,17.0316301703163,0.04254472773234987,189,367,268,229,428,198
1776754316.8883245,94.9100394966284,140,0,140.0,17.0316301703163,0.04254472773234987,189,367,268,229,428,198
1776754316.9450924,94.9100394966284,140,0,140.0,17.0316301703163,0.04254472773234987,189,367,268,229,428,198
1776754316.9984667,94.9100394966284,140,0,140.0,17.0316301703163,0.04254472773234987,189,367,268,229,428,198
1776754317.0558016,94.9100394966284,140,0,140.0,17.0316301703163,0.04254472773234987,189,367,268,229,428,198
1776754317.1132917,94.9100394966284,140,0,140.0,17.0316301703163,0.04254472773234987,189,367,268,229,428,198
1776754317.1703105,94.9100394966284,141,0,141.0,17.153284671532845,0.04246869166257521,189,367,268,229,429,198
1776754317.2276754,94.9100394966284,141,0,141.0,17.153284671532845,0.04246869166257521,189,367,268,229,429,198
1776754317.2809682,94.9100394966284,141,0,141.0,17.153284671532845,0.04246869166257521,189,367,268,229,429,198
1776754317.338519,94.9100394966284,141,0,141.0,17.153284671532845,0.04246869166257521,189,367,268,229,429,198
1776754317.3961692,94.9100394966284,141,0,141.0,17.153284671532845,0.04246869166257521,189,367,268,229,429,198
1776754317.4531758,94.9100394966284,141,0,141.0,17.153284671532845,0.042770588553085104,189,367,268,229,429,199
1776754317.510299,94.9100394966284,141,0,141.0,17.153284671532845,0.042770588553085104,189,367,268,229,429,199
1776754317.567585,94.9100394966284,141,0,141.0,17.153284671532845,0.042770588553085104,189,367,268,229,429,199
1776754317.6218164,94.9100394966284,141,0,141.0,17.153284671532845,0.042770588553085104,189,367,268,229,429,199
1776754317.6786883,94.9100394966284,141,0,141.0,17.153284671532845,0.04310001671155059,189,367,268,228,429,199
1776754317.7359996,94.9100394966284,141,0,141.0,17.153284671532845,0.04310001671155059,189,367,268,228,429,199
1776754317.7929037,94.9100394966284,141,0,141.0,17.153284671532845,0.04310001671155059,189,367,268,228,429,199
1776754317.850292,94.9100394966284,141,0,141.0,17.153284671532845,0.04310001671155059,189,367,268,228,429,199
1776754317.907503,94.9100394966284,141,0,141.0,17.153284671532845,0.04310001671155059,189,367,268,228,429,199
1776754317.961083,94.9100394966284,141,0,141.0,17.153284671532845,0.04310001671155059,189,367,268,228,429,199
1776754318.018351,94.9100394966284,141,0,141.0,17.153284671532845,0.04310001671155059,189,367,268,228,429,199
1776754318.0762227,94.9100394966284,141,0,141.0,17.153284671532845,0.04310001671155059,189,367,268,228,429,199
1776754318.1334689,94.9100394966284,141,0,141.0,17.153284671532845,0.04310001671155059,189,367,268,228,429,199
1776754318.1902845,94.9100394966284,142,0,142.0,17.27493917274939,0.04301832279136841,189,367,268,228,430,199
1776754318.2474906,94.9100394966284,142,0,142.0,17.27493917274939,0.04301832279136841,189,367,268,228,430,199
1776754318.300957,94.9100394966284,142,0,142.0,17.27493917274939,0.04301832279136841,189,367,268,228,430,199
1776754318.3582356,94.9100394966284,142,0,142.0,17.27493917274939,0.04301832279136841,189,367,268,228,430,199
1776754318.415828,94.9100394966284,142,0,142.0,17.27493917274939,0.04301832279136841,189,367,268,228,430,199
1776754318.4728813,94.9100394966284,142,0,142.0,17.27493917274939,0.04301832279136841,189,367,268,228,430,199
1776754318.530089,94.9100394966284,142,0,142.0,17.27493917274939,0.04301832279136841,189,367,268,228,430,199
1776754318.5878963,94.9100394966284,142,0,142.0,17.27493917274939,0.04301832279136841,189,367,268,228,430,199
1776754318.640827,94.9100394966284,142,0,142.0,17.27493917274939,0.04301832279136841,189,367,268,228,430,199
1776754318.698132,94.9100394966284,142,0,142.0,17.27493917274939,0.04301832279136841,189,367,268,228,430,199
1776754318.7554998,94.9100394966284,142,0,142.0,17.27493917274939,0.04301832279136841,189,367,268,228,430,199
1776754318.8133705,94.9100394966284,142,0,142.0,17.27493917274939,0.04301832279136841,189,367,268,228,430,199
1776754318.8700762,94.9100394966284,142,0,142.0,17.27493917274939,0.04301832279136841,189,367,268,228,430,199
1776754318.9236922,94.9100394966284,142,0,142.0,17.27493917274939,0.04301832279136841,189,367,268,228,430,199
1776754318.980787,94.9100394966284,142,0,142.0,17.27493917274939,0.04301832279136841,189,367,268,228,430,199
1776754319.0381472,94.9100394966284,142,0,142.0,17.27493917274939,0.04301832279136841,189,367,268,228,430,199
1776754319.0959926,94.9100394966284,142,0,142.0,17.27493917274939,0.04301832279136841,189,367,268,228,430,199
1776754319.1527388,94.9100394966284,143,0,143.0,17.396593673965935,0.042936414950595844,189,367,268,228,431,199
1776754319.210051,94.9100394966284,143,0,143.0,17.396593673965935,0.042936414950595844,189,367,268,228,431,199
1776754319.26345,94.9100394966284,143,0,143.0,17.396593673965935,0.042936414950595844,189,367,268,228,431,199
1776754319.3208992,94.9100394966284,143,0,143.0,17.396593673965935,0.042936414950595844,189,367,268,228,431,199
1776754319.3785222,94.9100394966284,143,0,143.0,17.396593673965935,0.042936414950595844,189,367,268,228,431,199
1776754319.435657,94.9100394966284,143,0,143.0,17.396593673965935,0.042936414950595844,189,367,268,228,431,199
1776754319.492758,94.9100394966284,143,0,143.0,17.396593673965935,0.042936414950595844,189,367,268,228,431,199
1776754319.5505292,94.9100394966284,143,0,143.0,17.396593673965935,0.042936414950595844,189,367,268,228,431,199
1776754319.603324,94.9100394966284,143,0,143.0,17.396593673965935,0.042936414950595844,189,367,268,228,431,199
1776754319.6608,94.9100394966284,143,0,143.0,17.396593673965935,0.042936414950595844,189,367,268,228,431,199
1776754319.7183907,94.9100394966284,143,0,143.0,17.396593673965935,0.042936414950595844,189,367,268,228,431,199
1776754319.7757723,94.9100394966284,143,0,143.0,17.396593673965935,0.042936414950595844,189,367,268,228,431,199
1776754319.8326097,94.9100394966284,143,0,143.0,17.396593673965935,0.042936414950595844,189,367,268,228,431,199
1776754319.8906496,94.9100394966284,143,0,143.0,17.396593673965935,0.042704338236005175,189,367,269,228,431,199
1776754319.9433522,94.9100394966284,143,0,143.0,17.396593673965935,0.042704338236005175,189,367,269,228,431,199
1776754320.0006483,94.9100394966284,143,0,143.0,17.396593673965935,0.042704338236005175,189,367,269,228,431,199
1776754320.0578933,94.9100394966284,143,0,143.0,17.396593673965935,0.042704338236005175,189,367,269,228,431,199
1776754320.1154532,94.9100394966284,143,0,143.0,17.396593673965935,0.042704338236005175,189,367,269,228,431,199
1776754320.1738367,94.9100394966284,143,0,143.0,17.396593673965935,0.042704338236005175,189,367,269,228,431,199
1776754320.2302597,94.9100394966284,143,0,143.0,17.396593673965935,0.042704338236005175,189,367,269,228,431,199
1776754320.2833793,94.9100394966284,143,0,143.0,17.396593673965935,0.042704338236005175,189,367,269,228,431,199
1776754320.341604,94.9100394966284,143,0,143.0,17.396593673965935,0.042704338236005175,189,367,269,228,431,199
1776754320.397897,94.9100394966284,144,0,144.0,17.51824817518248,0.04262361759624713,189,367,269,228,432,199
1776754320.4551995,94.9100394966284,144,0,144.0,17.51824817518248,0.04262361759624713,189,367,269,228,432,199
1776754320.5125794,94.9100394966284,144,0,144.0,17.51824817518248,0.04262361759624713,189,367,269,228,432,199
1776754320.5698292,94.9100394966284,144,0,144.0,17.51824817518248,0.04262361759624713,189,367,269,228,432,199
1776754320.6235728,94.9100394966284,144,0,144.0,17.51824817518248,0.04262361759624713,189,367,269,228,432,199
1776754320.680973,94.9100394966284,144,0,144.0,17.51824817518248,0.04262361759624713,189,367,269,228,432,199
1776754320.7393775,94.9100394966284,144,0,144.0,17.51824817518248,0.04262361759624713,189,367,269,228,432,199
1776754320.795317,94.9100394966284,144,0,144.0,17.51824817518248,0.04262361759624713,189,367,269,228,432,199
1776754320.8524745,94.9100394966284,144,0,144.0,17.51824817518248,0.04262361759624713,189,367,269,228,432,199
1776754320.9058206,94.9100394966284,144,0,144.0,17.51824817518248,0.04262361759624713,189,367,269,228,432,199
1776754320.9632945,94.9100394966284,144,0,144.0,17.51824817518248,0.04262361759624713,189,367,269,228,432,199
1776754321.0204582,94.9100394966284,144,0,144.0,17.51824817518248,0.04262361759624713,189,367,269,228,432,199
1776754321.07826,94.9100394966284,144,0,144.0,17.51824817518248,0.04262361759624713,189,367,269,228,432,199
1776754321.1352277,94.9100394966284,144,2,144.01388821915754,17.519937739556877,0.04291830008335356,189,367,269,228,432,200
1776754321.1925278,94.9100394966284,144,2,144.01388821915754,17.519937739556877,0.04291830008335356,189,367,269,228,432,200
1776754321.2464345,94.9100394966284,144,2,144.01388821915754,17.519937739556877,0.04291830008335356,189,367,269,228,432,200
1776754321.3037877,94.9100394966284,144,2,144.01388821915754,17.519937739556877,0.04291830008335356,189,367,269,228,432,200
1776754321.3606231,94.9100394966284,144,2,144.01388821915754,17.519937739556877,0.04291830008335356,189,367,269,228,432,200
1776754321.4177992,94.9100394966284,144,2,144.01388821915754,17.519937739556877,0.04291830008335356,189,367,269,228,432,200
1776754321.475111,94.9100394966284,144,2,144.01388821915754,17.519937739556877,0.04291830008335356,189,367,269,228,432,200
1776754321.5324364,94.9100394966284,144,2,144.01388821915754,17.519937739556877,0.04291830008335356,189,367,269,228,432,200
1776754321.5862176,94.9100394966284,144,2,144.01388821915754,17.519937739556877,0.04291830008335356,189,367,269,228,432,200
1776754321.643807,94.9100394966284,144,2,144.01388821915754,17.519937739556877,0.04291830008335356,189,367,269,228,432,200
1776754321.7012322,94.9100394966284,144,2,144.01388821915754,17.519937739556877,0.04291830008335356,189,367,269,228,432,200
1776754321.7577965,94.9100394966284,145,2,145.01379244747721,17.64158058971742,0.04283469058473987,189,367,269,228,433,200
1776754321.8155358,94.9100394966284,145,2,145.01379244747721,17.64158058971742,0.04283469058473987,189,367,269,228,433,200
1776754321.8732383,94.9100394966284,145,2,145.01379244747721,17.64158058971742,0.04283469058473987,189,367,269,228,433,200
1776754321.926315,94.9100394966284,145,2,145.01379244747721,17.64158058971742,0.04283469058473987,189,367,269,228,433,200
1776754321.9833114,94.9100394966284,145,2,145.01379244747721,17.64158058971742,0.04283469058473987,189,367,269,228,433,200
1776754322.0405812,94.9100394966284,145,2,145.01379244747721,17.64158058971742,0.043152852649852476,189,367,269,227,433,200
1776754322.0983405,94.9100394966284,145,2,145.01379244747721,17.64158058971742,0.043152852649852476,189,367,269,227,433,200
1776754322.1554315,94.9100394966284,145,2,145.01379244747721,17.64158058971742,0.043152852649852476,189,367,269,227,433,200
1776754322.2129314,94.9100394966284,145,2,145.01379244747721,17.64158058971742,0.043152852649852476,189,367,269,227,433,200
1776754322.2660484,94.9100394966284,145,2,145.01379244747721,17.64158058971742,0.043152852649852476,189,367,269,227,433,200
1776754322.3237758,94.9100394966284,145,2,145.01379244747721,17.64158058971742,0.043152852649852476,189,367,269,227,433,200
1776754322.3805766,94.9100394966284,145,2,145.01379244747721,17.64158058971742,0.043152852649852476,189,367,269,227,433,200
1776754322.438095,94.9100394966284,145,2,145.01379244747721,17.64158058971742,0.043152852649852476,189,367,269,227,433,200
1776754322.4954197,94.9100394966284,145,2,145.01379244747721,17.64158058971742,0.043152852649852476,189,367,269,227,433,200
1776754322.5526564,94.9100394966284,145,2,145.01379244747721,17.64158058971742,0.043152852649852476,189,367,269,227,433,200
1776754322.6063745,94.9100394966284,145,2,145.01379244747721,17.64158058971742,0.043152852649852476,189,367,269,227,433,200
1776754322.6636946,94.9100394966284,145,2,145.01379244747721,17.64158058971742,0.04292929790340557,189,367,270,227,433,200
1776754322.720806,94.9100394966284,145,2,145.01379244747721,17.64158058971742,0.04292929790340557,189,367,270,227,433,200
1776754322.7776644,94.9100394966284,145,2,145.01379244747721,17.64158058971742,0.04292929790340557,189,367,270,227,433,200
1776754322.83544,94.9100394966284,145,2,145.01379244747721,17.64158058971742,0.04292929790340557,189,367,270,227,433,200
1776754322.8885934,94.9100394966284,145,2,145.01379244747721,17.64158058971742,0.04292929790340557,189,367,270,227,433,200
1776754322.9456148,94.9100394966284,145,2,145.01379244747721,17.64158058971742,0.04292929790340557,189,367,270,227,433,200
1776754323.0033927,94.9100394966284,146,2,146.01369798755184,17.76322359945886,0.04284436399632839,189,367,270,227,434,200
1776754323.060343,94.9100394966284,146,2,146.01369798755184,17.76322359945886,0.04284436399632839,189,367,270,227,434,200
1776754323.1178489,94.9100394966284,146,2,146.01369798755184,17.76322359945886,0.04284436399632839,189,367,270,227,434,200
1776754323.175466,94.9100394966284,146,2,146.01369798755184,17.76322359945886,0.04284436399632839,189,367,270,227,434,200
1776754323.2290218,94.9100394966284,146,2,146.01369798755184,17.76322359945886,0.04284436399632839,189,367,270,227,434,200
1776754323.2863815,94.9100394966284,146,2,146.01369798755184,17.76322359945886,0.04284436399632839,189,367,270,227,434,200
1776754323.3435664,94.9100394966284,146,2,146.01369798755184,17.76322359945886,0.04284436399632839,189,367,270,227,434,200
1776754323.4008033,94.9100394966284,146,2,146.01369798755184,17.76322359945886,0.04284436399632839,189,367,270,227,434,200
1776754323.4581974,94.9100394966284,146,2,146.01369798755184,17.76322359945886,0.04284436399632839,189,367,270,227,434,200
1776754323.5151026,94.9100394966284,146,2,146.01369798755184,17.76322359945886,0.04284436399632839,189,367,270,227,434,200
1776754323.5730593,94.9100394966284,146,2,146.01369798755184,17.76322359945886,0.04284436399632839,189,367,270,227,434,200
1776754323.625882,94.9100394966284,146,2,146.01369798755184,17.76322359945886,0.04284436399632839,189,367,270,227,434,200
1776754323.6834698,94.9100394966284,146,2,146.01369798755184,17.76322359945886,0.04284436399632839,189,367,270,227,434,200
1776754323.740243,94.9100394966284,146,2,146.01369798755184,17.76322359945886,0.04284436399632839,189,367,270,227,434,200
1776754323.7982924,94.9100394966284,146,2,146.01369798755184,17.76322359945886,0.04284436399632839,189,367,270,227,434,200
1776754323.85504,94.9100394966284,146,2,146.01369798755184,17.76322359945886,0.04284436399632839,189,367,270,227,434,200
1776754323.908584,94.9100394966284,146,2,146.01369798755184,17.76322359945886,0.04284436399632839,189,367,270,227,434,200
1776754323.9655604,94.9100394966284,146,2,146.01369798755184,17.76322359945886,0.04284436399632839,189,367,270,227,434,200
1776754324.0233507,94.9100394966284,146,2,146.01369798755184,17.76322359945886,0.04284436399632839,189,367,270,227,434,200
1776754324.1374369,94.9100394966284,146,2,146.01369798755184,17.76322359945886,0.04284436399632839,189,367,270,227,434,200
1776754324.1952055,94.9100394966284,146,3,146.03081866510234,17.765306406946756,0.043134515797124066,189,367,270,227,434,201
1776754324.2486937,94.9100394966284,146,3,146.03081866510234,17.765306406946756,0.043134515797124066,189,367,270,227,434,201
1776754324.305783,94.9100394966284,146,3,146.03081866510234,17.765306406946756,0.043134515797124066,189,367,270,227,434,201
1776754324.3633409,94.9100394966284,146,3,146.03081866510234,17.765306406946756,0.043134515797124066,189,367,270,227,434,201
1776754324.4201372,94.9100394966284,146,3,146.03081866510234,17.765306406946756,0.043134515797124066,189,367,270,227,434,201
1776754324.4775686,94.9100394966284,146,3,146.03081866510234,17.765306406946756,0.043134515797124066,189,367,270,227,434,201
1776754324.5313458,94.9100394966284,146,3,146.03081866510234,17.765306406946756,0.043134515797124066,189,367,270,227,434,201
1776754324.589494,94.9100394966284,146,3,146.03081866510234,17.765306406946756,0.043134515797124066,189,367,270,227,434,201
1776754324.6467917,94.9100394966284,146,3,146.03081866510234,17.765306406946756,0.043134515797124066,189,367,270,227,434,201
1776754324.7039433,94.9100394966284,146,3,146.03081866510234,17.765306406946756,0.043134515797124066,189,367,270,227,434,201
1776754324.7608674,94.9100394966284,146,3,146.03081866510234,17.765306406946756,0.043134515797124066,189,367,270,227,434,201
1776754324.8180282,94.9100394966284,146,3,146.03081866510234,17.765306406946756,0.043134515797124066,189,367,270,227,434,201
1776754324.8710198,94.9100394966284,146,3,146.03081866510234,17.765306406946756,0.043134515797124066,189,367,270,227,434,201
1776754324.92834,94.9100394966284,146,3,146.03081866510234,17.765306406946756,0.043134515797124066,189,367,270,227,434,201
1776754324.985504,94.9100394966284,146,3,146.03081866510234,17.765306406946756,0.043134515797124066,189,367,270,227,434,201
1776754325.0434368,94.9100394966284,146,3,146.03081866510234,17.765306406946756,0.043134515797124066,189,367,270,227,434,201
1776754325.1004984,94.9100394966284,146,3,146.03081866510234,17.765306406946756,0.043134515797124066,189,367,270,227,434,201
1776754325.1579602,94.9100394966284,146,3,146.03081866510234,17.765306406946756,0.043134515797124066,189,367,270,227,434,201
1776754325.2106988,94.9100394966284,146,3,146.03081866510234,17.765306406946756,0.043134515797124066,189,367,270,227,434,201
1776754325.2677913,94.9100394966284,146,3,146.03081866510234,17.765306406946756,0.043134515797124066,189,367,270,227,434,201
1776754325.3252554,94.9100394966284,146,3,146.03081866510234,17.765306406946756,0.043134515797124066,189,367,270,227,434,201
1776754325.3827076,94.9100394966284,146,3,146.03081866510234,17.765306406946756,0.043134515797124066,189,367,270,227,434,201
1776754325.43983,94.9100394966284,146,3,146.03081866510234,17.765306406946756,0.043134515797124066,189,367,270,227,434,201
1776754325.4975295,94.9100394966284,146,3,146.03081866510234,17.765306406946756,0.043134515797124066,189,367,270,227,434,201
1776754325.5506957,94.9100394966284,146,3,146.03081866510234,17.765306406946756,0.043134515797124066,189,367,270,227,434,201
1776754325.6085625,94.9100394966284,146,3,146.03081866510234,17.765306406946756,0.043134515797124066,189,367,270,227,434,201
1776754325.6651218,94.9100394966284,146,3,146.03081866510234,17.765306406946756,0.043134515797124066,189,367,270,227,434,201
1776754325.7229261,94.9100394966284,146,3,146.03081866510234,17.765306406946756,0.043134515797124066,189,367,270,227,434,201
1776754325.7798123,94.9100394966284,146,3,146.03081866510234,17.765306406946756,0.043134515797124066,189,367,270,227,434,201
1776754325.837229,94.9100394966284,146,3,146.03081866510234,17.765306406946756,0.043134515797124066,189,367,270,227,434,201
1776754325.8910491,94.9100394966284,146,3,146.03081866510234,17.765306406946756,0.043134515797124066,189,367,270,227,434,201
1776754325.9483335,94.9100394966284,146,3,146.03081866510234,17.765306406946756,0.043134515797124066,189,367,270,227,434,201
1776754326.0052278,94.9100394966284,146,3,146.03081866510234,17.765306406946756,0.043134515797124066,189,367,270,227,434,201
1776754326.0625658,94.9100394966284,146,3,146.03081866510234,17.765306406946756,0.043134515797124066,189,367,270,227,434,201
1776754326.1204967,94.9100394966284,146,4,146.05478424207814,17.768221927260115,0.04342429587087954,189,367,270,227,434,202
1776754326.1736655,94.9100394966284,146,4,146.05478424207814,17.768221927260115,0.04342429587087954,189,367,270,227,434,202
1776754326.2308588,94.9100394966284,146,4,146.05478424207814,17.768221927260115,0.04342429587087954,189,367,270,227,434,202
1776754326.2881238,94.9100394966284,147,4,147.05441169852742,17.889831106876812,0.04333395584116587,189,367,270,227,435,202
1776754326.3452928,94.9100394966284,147,4,147.05441169852742,17.889831106876812,0.04333395584116587,189,367,270,227,435,202
1776754326.4028885,94.9100394966284,147,4,147.05441169852742,17.889831106876812,0.04333395584116587,189,367,270,227,435,202
1776754326.4601717,94.9100394966284,147,4,147.05441169852742,17.889831106876812,0.04333395584116587,189,367,270,227,435,202
1776754326.5137546,94.9100394966284,147,4,147.05441169852742,17.889831106876812,0.04333395584116587,189,367,270,227,435,202
1776754326.571139,94.9100394966284,147,4,147.05441169852742,17.889831106876812,0.04333395584116587,189,367,270,227,435,202
1776754326.628412,94.9100394966284,147,4,147.05441169852742,17.889831106876812,0.04333395584116587,189,367,270,227,435,202
1776754326.6856668,94.9100394966284,147,4,147.05441169852742,17.889831106876812,0.04333395584116587,189,367,270,227,435,202
1776754326.7435465,94.9100394966284,147,4,147.05441169852742,17.889831106876812,0.04333395584116587,189,367,270,227,435,202
1776754326.799989,94.9100394966284,147,4,147.05441169852742,17.889831106876812,0.04333395584116587,189,367,270,227,435,202
1776754326.8536873,94.9100394966284,147,4,147.05441169852742,17.889831106876812,0.04333395584116587,189,367,270,227,435,202
1776754326.911253,94.9100394966284,147,4,147.05441169852742,17.889831106876812,0.04333395584116587,189,367,270,227,435,202
1776754326.9685385,94.9100394966284,147,4,147.05441169852742,17.889831106876812,0.04333395584116587,189,367,270,227,435,202
1776754327.0254285,94.9100394966284,147,4,147.05441169852742,17.889831106876812,0.04333395584116587,189,367,270,227,435,202
1776754327.0823853,94.9100394966284,147,4,147.05441169852742,17.889831106876812,0.04333395584116587,189,367,270,227,435,202
1776754327.1396577,94.9100394966284,147,4,147.05441169852742,17.889831106876812,0.04333395584116587,189,367,270,227,435,202
1776754327.1929722,94.9100394966284,147,4,147.05441169852742,17.889831106876812,0.04333395584116587,189,367,270,227,435,202
1776754327.2505379,94.9100394966284,147,4,147.05441169852742,17.889831106876812,0.04333395584116587,189,367,270,227,435,202
1776754327.3076973,94.9100394966284,147,4,147.05441169852742,17.889831106876812,0.04333395584116587,189,367,270,227,435,202
1776754327.365009,94.9100394966284,147,4,147.05441169852742,17.889831106876812,0.04333395584116587,189,367,270,227,435,202
1776754327.4222298,94.9100394966284,147,4,147.05441169852742,17.889831106876812,0.04333395584116587,189,367,270,227,435,202
1776754327.479954,94.9100394966284,147,4,147.05441169852742,17.889831106876812,0.04333395584116587,189,367,270,227,435,202
1776754327.5334032,94.9100394966284,147,4,147.05441169852742,17.889831106876812,0.04333395584116587,189,367,270,227,435,202
1776754327.5902538,94.9100394966284,147,4,147.05441169852742,17.889831106876812,0.04333395584116587,189,367,270,227,435,202
1776754327.647642,94.9100394966284,147,4,147.05441169852742,17.889831106876812,0.04333395584116587,189,367,270,227,435,202
1776754327.705194,94.9100394966284,147,4,147.05441169852742,17.889831106876812,0.04333395584116587,189,367,270,227,435,202
1776754327.762717,94.9100394966284,147,4,147.05441169852742,17.889831106876812,0.04333395584116587,189,367,270,227,435,202
1776754327.8160427,94.9100394966284,147,4,147.05441169852742,17.889831106876812,0.04333395584116587,189,367,270,227,435,202
1776754327.8730772,94.9100394966284,147,4,147.05441169852742,17.889831106876812,0.04333395584116587,189,367,270,227,435,202
1776754327.9303243,94.9100394966284,147,4,147.05441169852742,17.889831106876812,0.04333395584116587,189,367,270,227,435,202
1776754327.9881268,94.9100394966284,147,4,147.05441169852742,17.889831106876812,0.04333395584116587,189,367,270,227,435,202
1776754328.0454311,94.9100394966284,147,4,147.05441169852742,17.889831106876812,0.04333395584116587,189,367,270,227,435,202
1776754328.102688,94.9100394966284,147,4,147.05441169852742,17.889831106876812,0.04333395584116587,189,367,270,227,435,202
1776754328.1560862,94.9100394966284,147,4,147.05441169852742,17.889831106876812,0.04333395584116587,189,367,270,227,435,202
1776754328.2132504,94.9100394966284,147,4,147.05441169852742,17.889831106876812,0.04333395584116587,189,367,270,227,435,202
1776754328.2707093,94.9100394966284,147,4,147.05441169852742,17.889831106876812,0.04333395584116587,189,367,270,227,435,202
1776754328.328163,94.9100394966284,147,4,147.05441169852742,17.889831106876812,0.04333395584116587,189,367,270,227,435,202
1776754328.3850627,94.9100394966284,147,4,147.05441169852742,17.889831106876812,0.04333395584116587,189,367,270,227,435,202
1776754328.4420886,94.9100394966284,147,4,147.05441169852742,17.889831106876812,0.04333395584116587,189,367,270,227,435,202
1776754328.4960139,94.9100394966284,147,4,147.05441169852742,17.889831106876812,0.04333395584116587,189,367,270,227,435,202
1776754328.5530589,94.9100394966284,147,4,147.05441169852742,17.889831106876812,0.04333395584116587,189,367,270,227,435,202
1776754328.6108105,94.9100394966284,147,4,147.05441169852742,17.889831106876812,0.04333395584116587,189,367,270,227,435,202
1776754328.668424,94.9100394966284,147,4,147.05441169852742,17.889831106876812,0.04333395584116587,189,367,270,227,435,202
1776754328.7251995,94.9100394966284,147,4,147.05441169852742,17.889831106876812,0.04333395584116587,189,367,270,227,435,202
1776754328.7820415,94.9100394966284,147,4,147.05441169852742,17.889831106876812,0.04333395584116587,189,367,270,227,435,202
1776754328.8361778,94.9100394966284,147,5,147.08500943332058,17.89355345904143,0.04362068323980659,189,367,270,227,435,203
1776754328.8935716,94.9100394966284,147,5,147.08500943332058,17.89355345904143,0.04362068323980659,189,367,270,227,435,203
1776754328.9508996,94.9100394966284,147,5,147.08500943332058,17.89355345904143,0.04362068323980659,189,367,270,227,435,203
1776754329.0078204,94.9100394966284,147,5,147.08500943332058,17.89355345904143,0.04362068323980659,189,367,270,227,435,203
1776754329.064957,94.9100394966284,147,5,147.08500943332058,17.89355345904143,0.04362068323980659,189,367,270,227,435,203
1776754329.1225276,94.9100394966284,147,5,147.08500943332058,17.89355345904143,0.04362068323980659,189,367,270,227,435,203
1776754329.176212,94.9100394966284,147,5,147.08500943332058,17.89355345904143,0.04362068323980659,189,367,270,227,435,203
1776754329.2333772,94.9100394966284,147,5,147.08500943332058,17.89355345904143,0.04362068323980659,189,367,270,227,435,203
1776754329.2903228,94.9100394966284,147,5,147.08500943332058,17.89355345904143,0.04362068323980659,189,367,270,227,435,203
1776754329.3478842,94.9100394966284,147,5,147.08500943332058,17.89355345904143,0.04362068323980659,189,367,270,227,435,203
1776754329.405925,94.9100394966284,147,5,147.08500943332058,17.89355345904143,0.04362068323980659,189,367,270,227,435,203
1776754329.462673,94.9100394966284,147,5,147.08500943332058,17.89355345904143,0.04362068323980659,189,367,270,227,435,203
1776754329.5160306,94.9100394966284,147,5,147.08500943332058,17.89355345904143,0.04362068323980659,189,367,270,227,435,203
1776754329.5729098,94.9100394966284,147,5,147.08500943332058,17.89355345904143,0.04362068323980659,189,367,270,227,435,203
1776754329.6304328,94.9100394966284,147,5,147.08500943332058,17.89355345904143,0.04362068323980659,189,367,270,227,435,203
1776754329.688665,94.9100394966284,147,5,147.08500943332058,17.89355345904143,0.04362068323980659,189,367,270,227,435,203
1776754329.7446418,94.9100394966284,147,5,147.08500943332058,17.89355345904143,0.04362068323980659,189,367,270,227,435,203
1776754329.7979605,94.9100394966284,147,5,147.08500943332058,17.89355345904143,0.04362068323980659,189,367,270,227,435,203
1776754329.8553813,94.9100394966284,147,5,147.08500943332058,17.89355345904143,0.04362068323980659,189,367,270,227,435,203
1776754329.9125955,94.9100394966284,147,5,147.08500943332058,17.89355345904143,0.04362068323980659,189,367,270,227,435,203
1776754329.9700367,94.9100394966284,148,5,148.08443537387717,18.01513812334272,0.04352768674486408,189,367,270,227,436,203
1776754330.0278986,94.9100394966284,148,5,148.08443537387717,18.01513812334272,0.04352768674486408,189,367,270,227,436,203
1776754330.0850985,94.9100394966284,148,5,148.08443537387717,18.01513812334272,0.04352768674486408,189,367,270,227,436,203
1776754330.1385028,94.9100394966284,148,5,148.08443537387717,18.01513812334272,0.04352768674486408,189,367,270,227,436,203
1776754330.195717,94.9100394966284,148,5,148.08443537387717,18.01513812334272,0.04352768674486408,189,367,270,227,436,203
1776754330.2534173,94.9100394966284,148,5,148.08443537387717,18.01513812334272,0.04352768674486408,189,367,270,227,436,203
1776754330.3111334,94.9100394966284,148,5,148.08443537387717,18.01513812334272,0.04352768674486408,189,367,270,227,436,203
1776754330.3681505,94.9100394966284,148,5,148.08443537387717,18.01513812334272,0.04352768674486408,189,367,270,227,436,203
1776754330.4246588,94.9100394966284,148,5,148.08443537387717,18.01513812334272,0.04352768674486408,189,367,270,227,436,203
1776754330.4780202,94.9100394966284,148,5,148.08443537387717,18.01513812334272,0.04352768674486408,189,367,270,227,436,203
1776754330.5360932,94.9100394966284,148,5,148.08443537387717,18.01513812334272,0.04352768674486408,189,367,270,227,436,203
1776754330.5929108,94.9100394966284,148,5,148.08443537387717,18.01513812334272,0.04352768674486408,189,367,270,227,436,203
1776754330.6502411,94.9100394966284,148,5,148.08443537387717,18.01513812334272,0.04352768674486408,189,367,270,227,436,203
1776754330.7078376,94.9100394966284,148,5,148.08443537387717,18.01513812334272,0.04352768674486408,189,367,270,227,436,203
1776754330.7654288,94.9100394966284,148,5,148.08443537387717,18.01513812334272,0.04352768674486408,189,367,270,227,436,203
1776754330.8183026,94.9100394966284,148,5,148.08443537387717,18.01513812334272,0.04352768674486408,189,367,270,227,436,203
1776754330.8765137,94.9100394966284,148,5,148.08443537387717,18.01513812334272,0.04352768674486408,189,367,270,227,436,203
1776754330.9331753,94.9100394966284,148,5,148.08443537387717,18.01513812334272,0.04352768674486408,189,367,270,227,436,203
1776754330.9902523,94.9100394966284,148,5,148.08443537387717,18.01513812334272,0.04352768674486408,189,367,270,227,436,203
1776754331.0476615,94.9100394966284,148,5,148.08443537387717,18.01513812334272,0.04352768674486408,189,367,270,227,436,203
1776754331.1050575,94.9100394966284,148,5,148.08443537387717,18.01513812334272,0.04352768674486408,189,367,270,227,436,203
1776754331.158456,94.9100394966284,148,5,148.08443537387717,18.01513812334272,0.04352768674486408,189,367,270,227,436,203
1776754331.2155757,94.9100394966284,148,5,148.08443537387717,18.01513812334272,0.04352768674486408,189,367,270,227,436,203
1776754331.2723932,94.9100394966284,148,5,148.08443537387717,18.01513812334272,0.04352768674486408,189,367,270,227,436,203
1776754331.3301692,94.9100394966284,148,5,148.08443537387717,18.01513812334272,0.04352768674486408,189,367,270,227,436,203
1776754331.3870783,94.9100394966284,149,5,149.08386901338454,18.136723724256026,0.04343468383506918,189,367,270,227,437,203
1776754331.4411075,94.9100394966284,149,5,149.08386901338454,18.136723724256026,0.04343468383506918,189,367,270,227,437,203
1776754331.4983754,94.9100394966284,149,5,149.08386901338454,18.136723724256026,0.04343468383506918,189,367,270,227,437,203
1776754331.5557497,94.9100394966284,149,5,149.08386901338454,18.136723724256026,0.04343468383506918,189,367,270,227,437,203
1776754331.6128447,94.9100394966284,149,5,149.08386901338454,18.136723724256026,0.04343468383506918,189,367,270,227,437,203
1776754331.6703594,94.9100394966284,149,5,149.08386901338454,18.136723724256026,0.04343468383506918,189,367,270,227,437,203
1776754331.7272584,94.9100394966284,149,6,149.12075643584967,18.141211245237184,0.043715778096571754,189,367,270,227,437,204
1776754331.7805457,94.9100394966284,149,6,149.12075643584967,18.141211245237184,0.043715778096571754,189,367,270,227,437,204
1776754331.8383212,94.9100394966284,149,6,149.12075643584967,18.141211245237184,0.044018912635268005,189,367,270,226,437,204
1776754331.8952162,94.9100394966284,149,6,149.12075643584967,18.141211245237184,0.044018912635268005,189,367,270,226,437,204
1776754331.9528935,94.9100394966284,149,6,149.12075643584967,18.141211245237184,0.044018912635268005,189,367,270,226,437,204
1776754332.009644,94.9100394966284,149,6,149.12075643584967,18.141211245237184,0.04381307588352905,189,367,271,226,437,204
1776754332.0672598,94.9100394966284,149,6,149.12075643584967,18.141211245237184,0.04381307588352905,189,367,271,226,437,204
1776754332.1203306,94.9100394966284,149,6,149.12075643584967,18.141211245237184,0.04381307588352905,189,367,271,226,437,204
1776754332.1781693,94.9100394966284,149,6,149.12075643584967,18.141211245237184,0.04381307588352905,189,367,271,226,437,204
1776754332.2354386,94.9100394966284,149,6,149.12075643584967,18.141211245237184,0.04381307588352905,189,367,271,226,437,204
1776754332.2927716,94.9100394966284,149,6,149.12075643584967,18.141211245237184,0.04381307588352905,189,367,271,226,437,204
1776754332.350093,94.9100394966284,149,6,149.12075643584967,18.141211245237184,0.04381307588352905,189,367,271,226,437,204
1776754332.407303,94.9100394966284,150,6,150.11995203836165,18.262767887878546,0.04371633004195194,189,367,271,226,438,204
1776754332.4603243,94.9100394966284,150,6,150.11995203836165,18.262767887878546,0.04371633004195194,189,367,271,226,438,204
1776754332.5180612,94.9100394966284,150,6,150.11995203836165,18.262767887878546,0.04371633004195194,189,367,271,226,438,204
1776754332.5753815,94.9100394966284,150,6,150.11995203836165,18.262767887878546,0.04371633004195194,189,367,271,226,438,204
1776754332.632491,94.9100394966284,150,6,150.11995203836165,18.262767887878546,0.04371633004195194,189,367,271,226,438,204
1776754332.6900985,94.9100394966284,150,6,150.11995203836165,18.262767887878546,0.04371633004195194,189,367,271,226,438,204
1776754332.7473056,94.9100394966284,150,6,150.11995203836165,18.262767887878546,0.04371633004195194,189,367,271,226,438,204
1776754332.8006098,94.9100394966284,150,6,150.11995203836165,18.262767887878546,0.04371633004195194,189,367,271,226,438,204
1776754332.8578885,94.9100394966284,150,6,150.11995203836165,18.262767887878546,0.04371633004195194,189,367,271,226,438,204
1776754332.9151478,94.9100394966284,150,6,150.11995203836165,18.262767887878546,0.04371633004195194,189,367,271,226,438,204
1776754332.9729939,94.9100394966284,150,6,150.11995203836165,18.262767887878546,0.04371633004195194,189,367,271,226,438,204
1776754333.0298748,94.9100394966284,150,6,150.11995203836165,18.262767887878546,0.04371633004195194,189,367,271,226,438,204
1776754333.0870917,94.9100394966284,150,6,150.11995203836165,18.262767887878546,0.04371633004195194,189,367,271,226,438,204
1776754333.1406772,94.9100394966284,150,6,150.11995203836165,18.262767887878546,0.04371633004195194,189,367,271,226,438,204
1776754333.197696,94.9100394966284,150,6,150.11995203836165,18.262767887878546,0.04371633004195194,189,367,271,226,438,204
1776754333.2561002,94.9100394966284,150,6,150.11995203836165,18.262767887878546,0.04371633004195194,189,367,271,226,438,204
1776754333.3124812,94.9100394966284,150,6,150.11995203836165,18.262767887878546,0.04371633004195194,189,367,271,226,438,204
1776754333.3701499,94.9100394966284,150,6,150.11995203836165,18.262767887878546,0.04371633004195194,189,367,271,226,438,204
1776754333.4228818,94.9100394966284,150,6,150.11995203836165,18.262767887878546,0.04371633004195194,189,367,271,226,438,204
1776754333.480657,94.9100394966284,150,6,150.11995203836165,18.262767887878546,0.04371633004195194,189,367,271,226,438,204
1776754333.5380476,94.9100394966284,150,6,150.11995203836165,18.262767887878546,0.04371633004195194,189,367,271,226,438,204
1776754333.5953586,94.9100394966284,150,6,150.11995203836165,18.262767887878546,0.04371633004195194,189,367,271,226,438,204
1776754333.6525743,94.9100394966284,150,6,150.11995203836165,18.262767887878546,0.04371633004195194,189,367,271,226,438,204
1776754333.7094557,94.9100394966284,150,6,150.11995203836165,18.262767887878546,0.04371633004195194,189,367,271,226,438,204
1776754333.7627087,94.9100394966284,150,6,150.11995203836165,18.262767887878546,0.04371633004195194,189,367,271,226,438,204
1776754333.8200865,94.9100394966284,151,6,151.11915828246265,18.38432582511711,0.04361964539749797,189,367,271,226,439,204
1776754333.87746,94.9100394966284,151,6,151.11915828246265,18.38432582511711,0.04361964539749797,189,367,271,226,439,204
1776754333.9347937,94.9100394966284,151,7,151.16216457830973,18.389557734587555,0.04389607485617881,189,367,271,226,439,205
1776754333.9929986,94.9100394966284,151,7,151.16216457830973,18.389557734587555,0.04389607485617881,189,367,271,226,439,205
1776754334.0500717,94.9100394966284,151,7,151.16216457830973,18.389557734587555,0.04389607485617881,189,367,271,226,439,205
1776754334.103512,94.9100394966284,151,7,151.16216457830973,18.389557734587555,0.04389607485617881,189,367,271,226,439,205
1776754334.1604881,94.9100394966284,151,7,151.16216457830973,18.389557734587555,0.04389607485617881,189,367,271,226,439,205
1776754334.2200873,94.9100394966284,151,7,151.16216457830973,18.389557734587555,0.04389607485617881,189,367,271,226,439,205
1776754334.2746472,94.9100394966284,151,7,151.16216457830973,18.389557734587555,0.04389607485617881,189,367,271,226,439,205
1776754334.3320072,94.9100394966284,151,7,151.16216457830973,18.389557734587555,0.04389607485617881,189,367,271,226,439,205
1776754334.3893936,94.9100394966284,151,7,151.16216457830973,18.389557734587555,0.04389607485617881,189,367,271,226,439,205
1776754334.443246,94.9100394966284,151,7,151.16216457830973,18.389557734587555,0.04389607485617881,189,367,271,226,439,205
1776754334.5004637,94.9100394966284,151,7,151.16216457830973,18.389557734587555,0.04389607485617881,189,367,271,226,439,205
1776754334.5577545,94.9100394966284,151,7,151.16216457830973,18.389557734587555,0.04389607485617881,189,367,271,226,439,205
1776754334.6152425,94.9100394966284,151,7,151.16216457830973,18.389557734587555,0.04389607485617881,189,367,271,226,439,205
1776754334.6720407,94.9100394966284,151,7,151.16216457830973,18.389557734587555,0.04389607485617881,189,367,271,226,439,205
1776754334.7257679,94.9100394966284,151,7,151.16216457830973,18.389557734587555,0.04389607485617881,189,367,271,226,439,205
1776754334.7830853,94.9100394966284,151,7,151.16216457830973,18.389557734587555,0.04389607485617881,189,367,271,226,439,205
1776754334.840786,94.9100394966284,151,7,151.16216457830973,18.389557734587555,0.04369392045565721,189,367,272,226,439,205
1776754334.8975437,94.9100394966284,151,7,151.16216457830973,18.389557734587555,0.04369392045565721,189,367,272,226,439,205
1776754334.9548576,94.9100394966284,151,7,151.16216457830973,18.389557734587555,0.04369392045565721,189,367,272,226,439,205
1776754335.0124779,94.9100394966284,151,7,151.16216457830973,18.389557734587555,0.04369392045565721,189,367,272,226,439,205
1776754335.0658147,94.9100394966284,151,7,151.16216457830973,18.389557734587555,0.04369392045565721,189,367,272,226,439,205
1776754335.1232858,94.9100394966284,152,7,152.16109883935513,18.511082583863153,0.04359586437066572,189,367,272,226,440,205
1776754335.180345,94.9100394966284,152,7,152.16109883935513,18.511082583863153,0.04359586437066572,189,367,272,226,440,205
1776754335.237671,94.9100394966284,152,7,152.16109883935513,18.511082583863153,0.04359586437066572,189,367,272,226,440,205
1776754335.294765,94.9100394966284,152,7,152.16109883935513,18.511082583863153,0.04359586437066572,189,367,272,226,440,205
1776754335.3528826,94.9100394966284,152,7,152.16109883935513,18.511082583863153,0.04359586437066572,189,367,272,226,440,205
1776754335.4059546,94.9100394966284,152,7,152.16109883935513,18.511082583863153,0.04359586437066572,189,367,272,226,440,205
1776754335.4629266,94.9100394966284,152,7,152.16109883935513,18.511082583863153,0.04359586437066572,189,367,272,226,440,205
1776754335.5203435,94.9100394966284,152,7,152.16109883935513,18.511082583863153,0.04359586437066572,189,367,272,226,440,205
1776754335.5774167,94.9100394966284,152,7,152.16109883935513,18.511082583863153,0.04359586437066572,189,367,272,226,440,205
1776754335.6350718,94.9100394966284,152,7,152.16109883935513,18.511082583863153,0.04359586437066572,189,367,272,226,440,205
1776754335.6921866,94.9100394966284,152,7,152.16109883935513,18.511082583863153,0.04359586437066572,189,367,272,226,440,205
1776754335.7454772,94.9100394966284,152,7,152.16109883935513,18.511082583863153,0.04359586437066572,189,367,272,226,440,205
1776754335.8029141,94.9100394966284,152,7,152.16109883935513,18.511082583863153,0.04359586437066572,189,367,272,226,440,205
1776754335.8600059,94.9100394966284,152,7,152.16109883935513,18.511082583863153,0.04359586437066572,189,367,272,226,440,205
1776754335.9176617,94.9100394966284,152,7,152.16109883935513,18.511082583863153,0.04359586437066572,189,367,272,226,440,205
1776754335.9749372,94.9100394966284,152,7,152.16109883935513,18.511082583863153,0.04359586437066572,189,367,272,226,440,205
1776754336.0324597,94.9100394966284,152,7,152.16109883935513,18.511082583863153,0.04359586437066572,189,367,272,226,440,205
1776754336.085362,94.9100394966284,153,7,153.16004700965587,18.63260912526227,0.04349790412573431,189,367,272,226,441,205
1776754336.1428564,94.9100394966284,153,7,153.16004700965587,18.63260912526227,0.04379446417291369,189,367,272,225,441,205
1776754336.2004187,94.9100394966284,153,7,153.16004700965587,18.63260912526227,0.04379446417291369,189,367,272,225,441,205
1776754336.257531,94.9100394966284,153,7,153.16004700965587,18.63260912526227,0.04379446417291369,189,367,272,225,441,205
1776754336.3152301,94.9100394966284,153,7,153.16004700965587,18.63260912526227,0.04379446417291369,189,367,272,225,441,205
1776754336.3722448,94.9100394966284,153,7,153.16004700965587,18.63260912526227,0.04379446417291369,189,367,272,225,441,205
1776754336.4250827,94.9100394966284,153,8,153.20900756809309,18.638565397578233,0.044066183674260566,189,367,272,225,441,206
1776754336.4825792,94.9100394966284,153,8,153.20900756809309,18.638565397578233,0.044066183674260566,189,367,272,225,441,206
1776754336.5395432,94.9100394966284,153,8,153.20900756809309,18.638565397578233,0.044066183674260566,189,367,272,225,441,206
1776754336.596949,94.9100394966284,153,8,153.20900756809309,18.638565397578233,0.044066183674260566,189,367,272,225,441,206
1776754336.6543043,94.9100394966284,153,8,153.20900756809309,18.638565397578233,0.044066183674260566,189,367,272,225,441,206
1776754336.7080386,94.9100394966284,153,8,153.20900756809309,18.638565397578233,0.044066183674260566,189,367,272,225,441,206
1776754336.765325,94.9100394966284,153,8,153.20900756809309,18.638565397578233,0.044066183674260566,189,367,272,225,441,206
1776754336.8229833,94.9100394966284,153,8,153.20900756809309,18.638565397578233,0.044066183674260566,189,367,272,225,441,206
1776754336.88021,94.9100394966284,153,8,153.20900756809309,18.638565397578233,0.044066183674260566,189,367,272,225,441,206
1776754336.938397,94.9100394966284,153,8,153.20900756809309,18.638565397578233,0.044066183674260566,189,367,272,225,441,206
1776754336.9948635,94.9100394966284,153,8,153.20900756809309,18.638565397578233,0.044066183674260566,189,367,272,225,441,206
1776754337.0487542,94.9100394966284,153,8,153.20900756809309,18.638565397578233,0.044066183674260566,189,367,272,225,441,206
1776754337.1056077,94.9100394966284,153,8,153.20900756809309,18.638565397578233,0.044066183674260566,189,367,272,225,441,206
1776754337.1624548,94.9100394966284,153,8,153.20900756809309,18.638565397578233,0.044066183674260566,189,367,272,225,441,206
1776754337.2201228,94.9100394966284,153,8,153.20900756809309,18.638565397578233,0.044066183674260566,189,367,272,225,441,206
1776754337.2776551,94.9100394966284,153,8,153.20900756809309,18.638565397578233,0.044066183674260566,189,367,272,225,441,206
1776754337.334812,94.9100394966284,153,8,153.20900756809309,18.638565397578233,0.044066183674260566,189,367,272,225,441,206
1776754337.3880768,94.9100394966284,153,8,153.20900756809309,18.638565397578233,0.044066183674260566,189,367,272,225,441,206
1776754337.4457734,94.9100394966284,154,8,154.20765220960988,18.760055013334533,0.04396368237646428,189,367,272,225,442,206
1776754337.5029118,94.9100394966284,154,8,154.20765220960988,18.760055013334533,0.04396368237646428,189,367,272,225,442,206
1776754337.5606384,94.9100394966284,154,8,154.20765220960988,18.760055013334533,0.04377015535465439,189,367,273,225,442,206
1776754337.6172755,94.9100394966284,154,8,154.20765220960988,18.760055013334533,0.04377015535465439,189,367,273,225,442,206
1776754337.6745007,94.9100394966284,154,8,154.20765220960988,18.760055013334533,0.04377015535465439,189,367,273,225,442,206
1776754337.727938,94.9100394966284,154,8,154.20765220960988,18.760055013334533,0.04377015535465439,189,367,273,225,442,206
1776754337.7848768,94.9100394966284,154,8,154.20765220960988,18.760055013334533,0.04377015535465439,189,367,273,225,442,206
1776754337.8423324,94.9100394966284,154,8,154.20765220960988,18.760055013334533,0.04377015535465439,189,367,273,225,442,206
1776754337.899947,94.9100394966284,154,8,154.20765220960988,18.760055013334533,0.04377015535465439,189,367,273,225,442,206
1776754337.9572823,94.9100394966284,154,8,154.20765220960988,18.760055013334533,0.04377015535465439,189,367,273,225,442,206
1776754338.014397,94.9100394966284,154,8,154.20765220960988,18.760055013334533,0.04377015535465439,189,367,273,225,442,206
1776754338.0680969,94.9100394966284,154,8,154.20765220960988,18.760055013334533,0.04377015535465439,189,367,273,225,442,206
1776754338.1255603,94.9100394966284,154,8,154.20765220960988,18.760055013334533,0.04377015535465439,189,367,273,225,442,206
1776754338.1826265,94.9100394966284,154,8,154.20765220960988,18.760055013334533,0.04377015535465439,189,367,273,225,442,206
1776754338.2398586,94.9100394966284,154,8,154.20765220960988,18.760055013334533,0.04377015535465439,189,367,273,225,442,206
1776754338.2973824,94.9100394966284,154,8,154.20765220960988,18.760055013334533,0.04377015535465439,189,367,273,225,442,206
1776754338.3508358,94.9100394966284,154,9,154.26276284314372,18.76675946996882,0.04404107972788409,189,367,273,225,442,207
1776754338.408407,94.9100394966284,154,9,154.26276284314372,18.76675946996882,0.04404107972788409,189,367,273,225,442,207
1776754338.4655273,94.9100394966284,154,9,154.26276284314372,18.76675946996882,0.04404107972788409,189,367,273,225,442,207
1776754338.5225577,94.9100394966284,155,9,155.2610704587599,18.888208085007285,0.04393727719409687,189,367,273,225,443,207
1776754338.5804121,94.9100394966284,155,9,155.2610704587599,18.888208085007285,0.04393727719409687,189,367,273,225,443,207
1776754338.6379886,94.9100394966284,155,9,155.2610704587599,18.888208085007285,0.04393727719409687,189,367,273,225,443,207
1776754338.690816,94.9100394966284,155,9,155.2610704587599,18.888208085007285,0.04393727719409687,189,367,273,225,443,207
1776754338.748065,94.9100394966284,155,9,155.2610704587599,18.888208085007285,0.04393727719409687,189,367,273,225,443,207
1776754338.804737,94.9100394966284,155,9,155.2610704587599,18.888208085007285,0.04393727719409687,189,367,273,225,443,207
1776754338.862121,94.9100394966284,155,9,155.2610704587599,18.888208085007285,0.04393727719409687,189,367,273,225,443,207
1776754338.9197059,94.9100394966284,155,9,155.2610704587599,18.888208085007285,0.04393727719409687,189,367,273,225,443,207
1776754338.9767103,94.9100394966284,155,9,155.2610704587599,18.888208085007285,0.04393727719409687,189,367,273,225,443,207
1776754339.0307312,94.9100394966284,155,9,155.2610704587599,18.888208085007285,0.04393727719409687,189,367,273,225,443,207
1776754339.0880375,94.9100394966284,155,9,155.2610704587599,18.888208085007285,0.04393727719409687,189,367,273,225,443,207
1776754339.1450322,94.9100394966284,155,9,155.2610704587599,18.888208085007285,0.04393727719409687,189,367,273,225,443,207
1776754339.2019768,94.9100394966284,155,9,155.2610704587599,18.888208085007285,0.04393727719409687,189,367,273,225,443,207
1776754339.259352,94.9100394966284,155,9,155.2610704587599,18.888208085007285,0.04393727719409687,189,367,273,225,443,207
1776754339.3177247,94.9100394966284,155,9,155.2610704587599,18.888208085007285,0.04393727719409687,189,367,273,225,443,207
1776754339.3705196,94.9100394966284,155,9,155.2610704587599,18.888208085007285,0.04393727719409687,189,367,273,225,443,207
1776754339.4281557,94.9100394966284,155,9,155.2610704587599,18.888208085007285,0.04393727719409687,189,367,273,225,443,207
1776754339.4860117,94.9100394966284,155,9,155.2610704587599,18.888208085007285,0.04393727719409687,189,367,273,225,443,207
1776754339.5421238,94.9100394966284,155,9,155.2610704587599,18.888208085007285,0.04393727719409687,189,367,273,225,443,207
1776754339.599735,94.9100394966284,155,9,155.2610704587599,18.888208085007285,0.04393727719409687,189,367,273,225,443,207
1776754339.6569555,94.9100394966284,155,9,155.2610704587599,18.888208085007285,0.04393727719409687,189,367,273,225,443,207
1776754339.710698,94.9100394966284,155,9,155.2610704587599,18.888208085007285,0.04393727719409687,189,367,273,225,443,207
1776754339.767692,94.9100394966284,155,9,155.2610704587599,18.888208085007285,0.04393727719409687,189,367,273,225,443,207
1776754339.8252077,94.9100394966284,155,9,155.2610704587599,18.888208085007285,0.04393727719409687,189,367,273,225,443,207
1776754339.8827288,94.9100394966284,155,9,155.2610704587599,18.888208085007285,0.04393727719409687,189,367,273,225,443,207
1776754339.9397275,94.9100394966284,155,9,155.2610704587599,18.888208085007285,0.04393727719409687,189,367,273,225,443,207
1776754339.997324,94.9100394966284,155,9,155.2610704587599,18.888208085007285,0.04393727719409687,189,367,273,225,443,207
1776754340.0504675,94.9100394966284,156,9,156.259399717265,19.00965933300061,0.0438336698172441,189,367,273,225,444,207
1776754340.108029,94.9100394966284,156,9,156.259399717265,19.00965933300061,0.0438336698172441,189,367,273,225,444,207
1776754340.1650496,94.9100394966284,156,9,156.259399717265,19.00965933300061,0.0438336698172441,189,367,273,225,444,207
1776754340.2223744,94.9100394966284,156,9,156.259399717265,19.00965933300061,0.04364358808181974,189,367,274,225,444,207
1776754340.2795572,94.9100394966284,156,9,156.259399717265,19.00965933300061,0.04364358808181974,189,367,274,225,444,207
1776754340.3329368,94.9100394966284,156,9,156.259399717265,19.00965933300061,0.04364358808181974,189,367,274,225,444,207
1776754340.3906894,94.9100394966284,156,9,156.259399717265,19.00965933300061,0.04364358808181974,189,367,274,225,444,207
1776754340.4475286,94.9100394966284,156,9,156.259399717265,19.00965933300061,0.04364358808181974,189,367,274,225,444,207
1776754340.5046859,94.9100394966284,156,9,156.259399717265,19.00965933300061,0.04364358808181974,189,367,274,225,444,207
1776754340.5622833,94.9100394966284,156,9,156.259399717265,19.00965933300061,0.04364358808181974,189,367,274,225,444,207
1776754340.619706,94.9100394966284,156,9,156.259399717265,19.00965933300061,0.04364358808181974,189,367,274,225,444,207
1776754340.6727817,94.9100394966284,156,9,156.259399717265,19.00965933300061,0.04364358808181974,189,367,274,225,444,207
1776754340.7297797,94.9100394966284,156,9,156.259399717265,19.00965933300061,0.04364358808181974,189,367,274,225,444,207
1776754340.7875626,94.9100394966284,156,9,156.259399717265,19.00965933300061,0.04364358808181974,189,367,274,225,444,207
1776754340.8458416,94.9100394966284,156,9,156.259399717265,19.00965933300061,0.04364358808181974,189,367,274,225,444,207
1776754340.9025562,94.9100394966284,156,9,156.259399717265,19.00965933300061,0.04364358808181974,189,367,274,225,444,207
1776754340.9594822,94.9100394966284,156,9,156.259399717265,19.00965933300061,0.04364358808181974,189,367,274,225,444,207
1776754341.0127223,94.9100394966284,156,9,156.259399717265,19.00965933300061,0.04364358808181974,189,367,274,225,444,207
1776754341.070001,94.9100394966284,156,9,156.259399717265,19.00965933300061,0.04364358808181974,189,367,274,225,444,207
1776754341.127166,94.9100394966284,157,9,157.25775020646836,19.131113163803935,0.04354109842598417,189,367,274,225,445,207
1776754341.1844127,94.9100394966284,157,10,157.31814898478814,19.138460947054515,0.04380639126579833,189,367,274,225,445,208
1776754341.2419605,94.9100394966284,157,10,157.31814898478814,19.138460947054515,0.04409341141590149,189,367,274,224,445,208
1776754341.2994225,94.9100394966284,157,10,157.31814898478814,19.138460947054515,0.04409341141590149,189,367,274,224,445,208
1776754341.352537,94.9100394966284,157,10,157.31814898478814,19.138460947054515,0.04409341141590149,189,367,274,224,445,208
1776754341.4101126,94.9100394966284,157,10,157.31814898478814,19.138460947054515,0.04409341141590149,189,367,274,224,445,208
1776754341.4672792,94.9100394966284,157,10,157.31814898478814,19.138460947054515,0.04409341141590149,189,367,274,224,445,208
1776754341.5249734,94.9100394966284,157,10,157.31814898478814,19.138460947054515,0.04409341141590149,189,367,274,224,445,208
1776754341.5830524,94.9100394966284,157,10,157.31814898478814,19.138460947054515,0.04409341141590149,189,367,274,224,445,208
1776754341.6393967,94.9100394966284,157,10,157.31814898478814,19.138460947054515,0.04409341141590149,189,367,274,224,445,208
1776754341.6925614,94.9100394966284,157,10,157.31814898478814,19.138460947054515,0.04409341141590149,189,367,274,224,445,208
1776754341.7496307,94.9100394966284,157,10,157.31814898478814,19.138460947054515,0.04409341141590149,189,367,274,224,445,208
1776754341.8071215,94.9100394966284,157,10,157.31814898478814,19.138460947054515,0.04409341141590149,189,367,274,224,445,208
1776754341.864782,94.9100394966284,157,10,157.31814898478814,19.138460947054515,0.04409341141590149,189,367,274,224,445,208
1776754341.9216247,94.9100394966284,157,10,157.31814898478814,19.138460947054515,0.04409341141590149,189,367,274,224,445,208
1776754341.979335,94.9100394966284,157,10,157.31814898478814,19.138460947054515,0.04409341141590149,189,367,274,224,445,208
1776754342.03274,94.9100394966284,157,10,157.31814898478814,19.138460947054515,0.04409341141590149,189,367,274,224,445,208
1776754342.0898523,94.9100394966284,157,10,157.31814898478814,19.138460947054515,0.04409341141590149,189,367,274,224,445,208
1776754342.1474545,94.9100394966284,158,10,158.3161394173064,19.25987097534141,0.04398666892819489,189,367,274,224,446,208
1776754342.2053852,94.9100394966284,158,10,158.3161394173064,19.25987097534141,0.04398666892819489,189,367,274,224,446,208
1776754342.261561,94.9100394966284,158,10,158.3161394173064,19.25987097534141,0.04398666892819489,189,367,274,224,446,208
1776754342.3149123,94.9100394966284,158,10,158.3161394173064,19.25987097534141,0.04398666892819489,189,367,274,224,446,208
1776754342.3722985,94.9100394966284,158,10,158.3161394173064,19.25987097534141,0.04398666892819489,189,367,274,224,446,208
1776754342.429742,94.9100394966284,158,10,158.3161394173064,19.25987097534141,0.04380381128076353,189,367,275,224,446,208
1776754342.4873948,94.9100394966284,158,10,158.3161394173064,19.25987097534141,0.04380381128076353,189,367,275,224,446,208
1776754342.544885,94.9100394966284,158,10,158.3161394173064,19.25987097534141,0.04380381128076353,189,367,275,224,446,208
1776754342.601612,94.9100394966284,158,10,158.3161394173064,19.25987097534141,0.04380381128076353,189,367,275,224,446,208
1776754342.6552758,94.9100394966284,158,10,158.3161394173064,19.25987097534141,0.04380381128076353,189,367,275,224,446,208
1776754342.712555,94.9100394966284,158,10,158.3161394173064,19.25987097534141,0.04380381128076353,189,367,275,224,446,208
1776754342.7700386,94.9100394966284,158,10,158.3161394173064,19.25987097534141,0.04380381128076353,189,367,275,224,446,208
1776754342.827481,94.9100394966284,158,10,158.3161394173064,19.25987097534141,0.04380381128076353,189,367,275,224,446,208
1776754342.8852074,94.9100394966284,158,11,158.38244852255568,19.267937776466624,0.044066717562493855,189,367,275,224,446,209
1776754342.9421852,94.9100394966284,158,11,158.38244852255568,19.267937776466624,0.044066717562493855,189,367,275,224,446,209
1776754342.9955344,94.9100394966284,158,11,158.38244852255568,19.267937776466624,0.044066717562493855,189,367,275,224,446,209
1776754343.0528958,94.9100394966284,158,11,158.38244852255568,19.267937776466624,0.0438854749973213,189,367,276,224,446,209
1776754343.1100545,94.9100394966284,158,11,158.38244852255568,19.267937776466624,0.0438854749973213,189,367,276,224,446,209
1776754343.1671,94.9100394966284,158,11,158.38244852255568,19.267937776466624,0.04417218943362329,189,367,276,223,446,209
1776754343.224112,94.9100394966284,158,11,158.38244852255568,19.267937776466624,0.04417218943362329,189,367,276,223,446,209
1776754343.2819283,94.9100394966284,158,11,158.38244852255568,19.267937776466624,0.04417218943362329,189,367,276,223,446,209
1776754343.3346431,94.9100394966284,158,11,158.38244852255568,19.267937776466624,0.04417218943362329,189,367,276,223,446,209
1776754343.392046,94.9100394966284,158,11,158.38244852255568,19.267937776466624,0.04417218943362329,189,367,276,223,446,209
1776754343.449542,94.9100394966284,159,11,159.38004893963358,19.389300357619657,0.04406296059249465,189,367,276,223,447,209
1776754343.5067468,94.9100394966284,159,12,159.45218719101973,19.398076300610672,0.04432337579233602,189,367,276,223,447,210
1776754343.5641887,94.9100394966284,159,12,159.45218719101973,19.398076300610672,0.04432337579233602,189,367,276,223,447,210
1776754343.6213274,94.9100394966284,159,12,159.45218719101973,19.398076300610672,0.04432337579233602,189,367,276,223,447,210
1776754343.6751468,94.9100394966284,159,12,159.45218719101973,19.398076300610672,0.04432337579233602,189,367,276,223,447,210
1776754343.7321792,94.9100394966284,159,12,159.45218719101973,19.398076300610672,0.04432337579233602,189,367,276,223,447,210
1776754343.789631,94.9100394966284,159,12,159.45218719101973,19.398076300610672,0.04432337579233602,189,367,276,223,447,210
1776754343.8471863,94.9100394966284,159,12,159.45218719101973,19.398076300610672,0.04432337579233602,189,367,276,223,447,210
1776754343.9041986,94.9100394966284,159,12,159.45218719101973,19.398076300610672,0.04432337579233602,189,367,276,223,447,210
1776754343.9578757,94.9100394966284,159,12,159.45218719101973,19.398076300610672,0.04432337579233602,189,367,276,223,447,210
1776754344.0150588,94.9100394966284,159,12,159.45218719101973,19.398076300610672,0.04432337579233602,189,367,276,223,447,210
1776754344.072842,94.9100394966284,159,12,159.45218719101973,19.398076300610672,0.04432337579233602,189,367,276,223,447,210
1776754344.129568,94.9100394966284,159,12,159.45218719101973,19.398076300610672,0.04432337579233602,189,367,276,223,447,210
1776754344.1873965,94.9100394966284,159,12,159.45218719101973,19.398076300610672,0.04432337579233602,189,367,276,223,447,210
1776754344.2443352,94.9100394966284,159,12,159.45218719101973,19.398076300610672,0.04432337579233602,189,367,276,223,447,210
1776754344.2975068,94.9100394966284,159,12,159.45218719101973,19.398076300610672,0.04432337579233602,189,367,276,223,447,210
1776754344.3551745,94.9100394966284,159,12,159.45218719101973,19.398076300610672,0.04432337579233602,189,367,276,223,447,210
1776754344.412419,94.9100394966284,159,12,159.45218719101973,19.398076300610672,0.04432337579233602,189,367,276,223,447,210
1776754344.4702284,94.9100394966284,159,12,159.45218719101973,19.398076300610672,0.04432337579233602,189,367,276,223,447,210
1776754344.5281928,94.9100394966284,159,12,159.45218719101973,19.398076300610672,0.04432337579233602,189,367,276,223,447,210
1776754344.5842216,94.9100394966284,159,12,159.45218719101973,19.398076300610672,0.04432337579233602,189,367,276,223,447,210
1776754344.637739,94.9100394966284,159,12,159.45218719101973,19.398076300610672,0.04432337579233602,189,367,276,223,447,210
1776754344.695133,94.9100394966284,159,12,159.45218719101973,19.398076300610672,0.04432337579233602,189,367,276,223,447,210
1776754344.752353,94.9100394966284,159,12,159.45218719101973,19.398076300610672,0.04432337579233602,189,367,276,223,447,210
1776754344.8096166,94.9100394966284,159,12,159.45218719101973,19.398076300610672,0.04432337579233602,189,367,276,223,447,210
1776754344.8670404,94.9100394966284,159,12,159.45218719101973,19.398076300610672,0.04432337579233602,189,367,276,223,447,210
1776754344.9244545,94.9100394966284,159,12,159.45218719101973,19.398076300610672,0.04432337579233602,189,367,276,223,447,210
1776754344.977675,94.9100394966284,160,12,160.44936896105264,19.519387951466257,0.04421213738790243,189,367,276,223,448,210
1776754345.0348659,94.9100394966284,160,12,160.44936896105264,19.519387951466257,0.04421213738790243,189,367,276,223,448,210
1776754345.0922284,94.9100394966284,160,12,160.44936896105264,19.519387951466257,0.04421213738790243,189,367,276,223,448,210
1776754345.1506102,94.9100394966284,160,12,160.44936896105264,19.519387951466257,0.04421213738790243,189,367,276,223,448,210
1776754345.2064462,94.9100394966284,160,12,160.44936896105264,19.519387951466257,0.04421213738790243,189,367,276,223,448,210
1776754345.267686,94.9100394966284,160,12,160.44936896105264,19.519387951466257,0.04421213738790243,189,367,276,223,448,210
1776754345.3171535,94.9100394966284,160,12,160.44936896105264,19.519387951466257,0.04421213738790243,189,367,276,223,448,210
1776754345.3748221,94.9100394966284,160,12,160.44936896105264,19.519387951466257,0.04421213738790243,189,367,276,223,448,210
1776754345.4335582,94.9100394966284,160,12,160.44936896105264,19.519387951466257,0.04421213738790243,189,367,276,223,448,210
1776754345.489586,94.9100394966284,160,12,160.44936896105264,19.519387951466257,0.04421213738790243,189,367,276,223,448,210
1776754345.5465238,94.9100394966284,160,12,160.44936896105264,19.519387951466257,0.04421213738790243,189,367,276,223,448,210
1776754345.6002803,94.9100394966284,160,12,160.44936896105264,19.519387951466257,0.04403791047967907,189,367,277,223,448,210
1776754345.6571293,94.9100394966284,160,12,160.44936896105264,19.519387951466257,0.04403791047967907,189,367,277,223,448,210
1776754345.7143674,94.9100394966284,160,13,160.52725625263767,19.52886329107514,0.04429739834137403,189,367,277,223,448,211
1776754345.7718775,94.9100394966284,160,13,160.52725625263767,19.52886329107514,0.04429739834137403,189,367,277,223,448,211
1776754345.8296013,94.9100394966284,160,13,160.52725625263767,19.52886329107514,0.04429739834137403,189,367,277,223,448,211
1776754345.8865228,94.9100394966284,160,13,160.52725625263767,19.52886329107514,0.04429739834137403,189,367,277,223,448,211
1776754345.939825,94.9100394966284,160,13,160.52725625263767,19.52886329107514,0.04429739834137403,189,367,277,223,448,211
1776754345.9980218,94.9100394966284,160,13,160.52725625263767,19.52886329107514,0.04429739834137403,189,367,277,223,448,211
1776754346.0550091,94.9100394966284,160,13,160.52725625263767,19.52886329107514,0.04429739834137403,189,367,277,223,448,211
1776754346.112202,94.9100394966284,160,13,160.52725625263767,19.52886329107514,0.04429739834137403,189,367,277,223,448,211
1776754346.1692016,94.9100394966284,160,13,160.52725625263767,19.52886329107514,0.04429739834137403,189,367,277,223,448,211
1776754346.226474,94.9100394966284,160,13,160.52725625263767,19.52886329107514,0.04429739834137403,189,367,277,223,448,211
1776754346.2800796,94.9100394966284,160,13,160.52725625263767,19.52886329107514,0.04429739834137403,189,367,277,223,448,211
1776754346.337616,94.9100394966284,161,13,161.5239920259526,19.650120684422454,0.04418494906695344,189,367,277,223,449,211
1776754346.3944666,94.9100394966284,161,13,161.5239920259526,19.650120684422454,0.04418494906695344,189,367,277,223,449,211
1776754346.4523332,94.9100394966284,161,13,161.5239920259526,19.650120684422454,0.04418494906695344,189,367,277,223,449,211
1776754346.5097413,94.9100394966284,161,13,161.5239920259526,19.650120684422454,0.04418494906695344,189,367,277,223,449,211
1776754346.5669942,94.9100394966284,161,13,161.5239920259526,19.650120684422454,0.04418494906695344,189,367,277,223,449,211
1776754346.6204414,94.9100394966284,161,13,161.5239920259526,19.650120684422454,0.04418494906695344,189,367,277,223,449,211
1776754346.6774993,94.9100394966284,161,13,161.5239920259526,19.650120684422454,0.04418494906695344,189,367,277,223,449,211
1776754346.7344482,94.9100394966284,161,13,161.5239920259526,19.650120684422454,0.04418494906695344,189,367,277,223,449,211
1776754346.7924972,94.9100394966284,161,13,161.5239920259526,19.650120684422454,0.04418494906695344,189,367,277,223,449,211
1776754346.8494291,94.9100394966284,161,13,161.5239920259526,19.650120684422454,0.04418494906695344,189,367,277,223,449,211
1776754346.9064188,94.9100394966284,161,13,161.5239920259526,19.650120684422454,0.04418494906695344,189,367,277,223,449,211
1776754346.959968,94.9100394966284,161,13,161.5239920259526,19.650120684422454,0.04418494906695344,189,367,277,223,449,211
1776754347.0172603,94.9100394966284,161,13,161.5239920259526,19.650120684422454,0.04418494906695344,189,367,277,223,449,211
1776754347.0747674,94.9100394966284,161,13,161.5239920259526,19.650120684422454,0.04418494906695344,189,367,277,223,449,211
1776754347.1318965,94.9100394966284,161,13,161.5239920259526,19.650120684422454,0.04418494906695344,189,367,277,223,449,211
1776754347.1892283,94.9100394966284,161,13,161.5239920259526,19.650120684422454,0.04418494906695344,189,367,277,223,449,211
1776754347.2462695,94.9100394966284,161,13,161.5239920259526,19.650120684422454,0.04418494906695344,189,367,277,223,449,211
1776754347.3000872,94.9100394966284,161,13,161.5239920259526,19.650120684422454,0.04418494906695344,189,367,277,223,449,211
1776754347.3575199,94.9100394966284,162,13,162.5207679036744,19.771382956651387,0.04407285360785521,189,367,277,223,450,211
1776754347.4146693,94.9100394966284,162,13,162.5207679036744,19.771382956651387,0.04407285360785521,189,367,277,223,450,211
1776754347.4717972,94.9100394966284,162,13,162.5207679036744,19.771382956651387,0.04407285360785521,189,367,277,223,450,211
1776754347.5290527,94.9100394966284,162,13,162.5207679036744,19.771382956651387,0.04407285360785521,189,367,277,223,450,211
1776754347.5833166,94.9100394966284,162,13,162.5207679036744,19.771382956651387,0.04407285360785521,189,367,277,223,450,211
1776754347.6402218,94.9100394966284,162,13,162.5207679036744,19.771382956651387,0.04407285360785521,189,367,277,223,450,211
1776754347.697368,94.9100394966284,162,14,162.60381299342276,19.781485765623206,0.04432696967406198,189,367,277,223,450,212
1776754347.7547405,94.9100394966284,162,14,162.60381299342276,19.781485765623206,0.04432696967406198,189,367,277,223,450,212
1776754347.8116658,94.9100394966284,162,14,162.60381299342276,19.781485765623206,0.04432696967406198,189,367,277,223,450,212
1776754347.8687682,94.9100394966284,162,14,162.60381299342276,19.781485765623206,0.04432696967406198,189,367,277,223,450,212
1776754347.922157,94.9100394966284,162,14,162.60381299342276,19.781485765623206,0.04432696967406198,189,367,277,223,450,212
1776754347.9799497,94.9100394966284,162,14,162.60381299342276,19.781485765623206,0.04432696967406198,189,367,277,223,450,212
1776754348.0375896,94.9100394966284,162,14,162.60381299342276,19.781485765623206,0.04432696967406198,189,367,277,223,450,212
1776754348.0952094,94.9100394966284,162,14,162.60381299342276,19.781485765623206,0.04432696967406198,189,367,277,223,450,212
1776754348.1521258,94.9100394966284,162,14,162.60381299342276,19.781485765623206,0.04432696967406198,189,367,277,223,450,212
1776754348.2093163,94.9100394966284,162,14,162.60381299342276,19.781485765623206,0.04432696967406198,189,367,277,223,450,212
1776754348.2626293,94.9100394966284,162,14,162.60381299342276,19.781485765623206,0.04432696967406198,189,367,277,223,450,212
1776754348.3199062,94.9100394966284,162,14,162.60381299342276,19.781485765623206,0.04432696967406198,189,367,277,223,450,212
1776754348.3772924,94.9100394966284,162,14,162.60381299342276,19.781485765623206,0.04432696967406198,189,367,277,223,450,212
1776754348.4345164,94.9100394966284,162,14,162.60381299342276,19.781485765623206,0.04432696967406198,189,367,277,223,450,212
1776754348.4922407,94.9100394966284,162,14,162.60381299342276,19.781485765623206,0.044158022411941944,189,367,278,223,450,212
1776754348.5488107,94.9100394966284,162,14,162.60381299342276,19.781485765623206,0.04443479284343889,189,367,278,222,450,212
1776754348.6022067,94.9100394966284,162,14,162.60381299342276,19.781485765623206,0.04443479284343889,189,367,278,222,450,212
1776754348.6594338,94.9100394966284,162,14,162.60381299342276,19.781485765623206,0.04443479284343889,189,367,278,222,450,212
1776754348.7175195,94.9100394966284,162,14,162.60381299342276,19.781485765623206,0.04443479284343889,189,367,278,222,450,212
1776754348.7748382,94.9100394966284,162,14,162.60381299342276,19.781485765623206,0.04443479284343889,189,367,278,222,450,212
1776754348.831657,94.9100394966284,162,14,162.60381299342276,19.781485765623206,0.04443479284343889,189,367,278,222,450,212
1776754348.8891478,94.9100394966284,162,14,162.60381299342276,19.781485765623206,0.04443479284343889,189,367,278,222,450,212
1776754348.943128,94.9100394966284,162,14,162.60381299342276,19.781485765623206,0.04443479284343889,189,367,278,222,450,212
1776754349.000332,94.9100394966284,163,14,163.6001222493431,19.90269127120962,0.04431956483881898,189,367,278,222,451,212
1776754349.0570633,94.9100394966284,163,14,163.6001222493431,19.90269127120962,0.04431956483881898,189,367,278,222,451,212
1776754349.114454,94.9100394966284,163,14,163.6001222493431,19.90269127120962,0.04431956483881898,189,367,278,222,451,212
1776754349.1714873,94.9100394966284,163,14,163.6001222493431,19.90269127120962,0.04431956483881898,189,367,278,222,451,212
1776754349.2248871,94.9100394966284,163,14,163.6001222493431,19.90269127120962,0.04431956483881898,189,367,278,222,451,212
1776754349.2826135,94.9100394966284,163,14,163.6001222493431,19.90269127120962,0.04431956483881898,189,367,278,222,451,212
1776754349.3397398,94.9100394966284,163,14,163.6001222493431,19.90269127120962,0.04431956483881898,189,367,278,222,451,212
1776754349.3975577,94.9100394966284,163,14,163.6001222493431,19.90269127120962,0.04431956483881898,189,367,278,222,451,212
1776754349.4539766,94.9100394966284,163,14,163.6001222493431,19.90269127120962,0.04431956483881898,189,367,278,222,451,212
1776754349.5116637,94.9100394966284,163,14,163.6001222493431,19.90269127120962,0.04431956483881898,189,367,278,222,451,212
1776754349.5656822,94.9100394966284,163,14,163.6001222493431,19.90269127120962,0.04431956483881898,189,367,278,222,451,212
1776754349.6225414,94.9100394966284,163,14,163.6001222493431,19.90269127120962,0.04431956483881898,189,367,278,222,451,212
1776754349.6792378,94.9100394966284,163,14,163.6001222493431,19.90269127120962,0.04431956483881898,189,367,278,222,451,212
1776754349.737103,94.9100394966284,163,14,163.6001222493431,19.90269127120962,0.04431956483881898,189,367,278,222,451,212
1776754349.7938483,94.9100394966284,163,14,163.6001222493431,19.90269127120962,0.04431956483881898,189,367,278,222,451,212
1776754349.851102,94.9100394966284,163,14,163.6001222493431,19.90269127120962,0.04431956483881898,189,367,278,222,451,212
1776754349.904547,94.9100394966284,163,14,163.6001222493431,19.90269127120962,0.04431956483881898,189,367,278,222,451,212
1776754349.9618428,94.9100394966284,163,14,163.6001222493431,19.90269127120962,0.04431956483881898,189,367,278,222,451,212
1776754350.0191903,94.9100394966284,163,14,163.6001222493431,19.90269127120962,0.04431956483881898,189,367,278,222,451,212
1776754350.077021,94.9100394966284,163,14,163.6001222493431,19.90269127120962,0.04431956483881898,189,367,278,222,451,212
1776754350.1337237,94.9100394966284,163,15,163.68872899500442,19.913470680657472,0.04457104316645377,189,367,278,222,451,213
1776754350.1911745,94.9100394966284,163,15,163.68872899500442,19.913470680657472,0.04457104316645377,189,367,278,222,451,213
1776754350.2444131,94.9100394966284,163,15,163.68872899500442,19.913470680657472,0.04457104316645377,189,367,278,222,451,213
1776754350.3018138,94.9100394966284,163,15,163.68872899500442,19.913470680657472,0.04457104316645377,189,367,278,222,451,213
1776754350.3593285,94.9100394966284,163,15,163.68872899500442,19.913470680657472,0.04457104316645377,189,367,278,222,451,213
1776754350.4164193,94.9100394966284,163,15,163.68872899500442,19.913470680657472,0.04457104316645377,189,367,278,222,451,213
1776754350.473717,94.9100394966284,164,15,164.68454693747074,20.034616415750698,0.044454016442309605,189,367,278,222,452,213
1776754350.531033,94.9100394966284,164,15,164.68454693747074,20.034616415750698,0.044454016442309605,189,367,278,222,452,213
1776754350.5843344,94.9100394966284,164,15,164.68454693747074,20.034616415750698,0.044454016442309605,189,367,278,222,452,213
1776754350.6416712,94.9100394966284,164,15,164.68454693747074,20.034616415750698,0.044454016442309605,189,367,278,222,452,213
1776754350.6991386,94.9100394966284,164,15,164.68454693747074,20.034616415750698,0.044454016442309605,189,367,278,222,452,213
1776754350.7564273,94.9100394966284,164,15,164.68454693747074,20.034616415750698,0.044454016442309605,189,367,278,222,452,213
1776754350.813709,94.9100394966284,164,15,164.68454693747074,20.034616415750698,0.044454016442309605,189,367,278,222,452,213
1776754350.8709846,94.9100394966284,164,15,164.68454693747074,20.034616415750698,0.044454016442309605,189,367,278,222,452,213
1776754350.9243557,94.9100394966284,164,15,164.68454693747074,20.034616415750698,0.044454016442309605,189,367,278,222,452,213
1776754350.981687,94.9100394966284,164,15,164.68454693747074,20.034616415750698,0.044454016442309605,189,367,278,222,452,213
1776754351.0389524,94.9100394966284,164,15,164.68454693747074,20.034616415750698,0.044454016442309605,189,367,278,222,452,213
1776754351.0970619,94.9100394966284,164,15,164.68454693747074,20.034616415750698,0.044454016442309605,189,367,278,222,452,213
1776754351.154218,94.9100394966284,164,15,164.68454693747074,20.034616415750698,0.04429169435834508,189,367,279,222,452,213
1776754351.2075846,94.9100394966284,164,15,164.68454693747074,20.034616415750698,0.04429169435834508,189,367,279,222,452,213
1776754351.2643406,94.9100394966284,164,15,164.68454693747074,20.034616415750698,0.04429169435834508,189,367,279,222,452,213
1776754351.3216233,94.9100394966284,164,15,164.68454693747074,20.034616415750698,0.04429169435834508,189,367,279,222,452,213
1776754351.379429,94.9100394966284,164,15,164.68454693747074,20.034616415750698,0.04429169435834508,189,367,279,222,452,213
1776754351.4369948,94.9100394966284,164,15,164.68454693747074,20.034616415750698,0.04429169435834508,189,367,279,222,452,213
1776754351.4940085,94.9100394966284,164,15,164.68454693747074,20.034616415750698,0.04429169435834508,189,367,279,222,452,213
1776754351.547481,94.9100394966284,164,15,164.68454693747074,20.034616415750698,0.04429169435834508,189,367,279,222,452,213
1776754351.6047575,94.9100394966284,164,15,164.68454693747074,20.034616415750698,0.04429169435834508,189,367,279,222,452,213
1776754351.6618118,94.9100394966284,164,15,164.68454693747074,20.034616415750698,0.04429169435834508,189,367,279,222,452,213
1776754351.7190506,94.9100394966284,164,15,164.68454693747074,20.034616415750698,0.04429169435834508,189,367,279,222,452,213
1776754351.7767515,94.9100394966284,164,15,164.68454693747074,20.034616415750698,0.04429169435834508,189,367,279,222,452,213
1776754351.8338382,94.9100394966284,164,15,164.68454693747074,20.034616415750698,0.04429169435834508,189,367,279,222,452,213
1776754351.8872185,94.9100394966284,165,15,165.6804152578089,20.155768279538794,0.04417573104157644,189,367,279,222,453,213
1776754351.9456203,94.9100394966284,165,15,165.6804152578089,20.155768279538794,0.04417573104157644,189,367,279,222,453,213
1776754352.002313,94.9100394966284,165,15,165.6804152578089,20.155768279538794,0.04417573104157644,189,367,279,222,453,213
1776754352.0599797,94.9100394966284,165,15,165.6804152578089,20.155768279538794,0.04417573104157644,189,367,279,222,453,213
1776754352.1165938,94.9100394966284,165,16,165.77394246382633,20.167146285137022,0.044424021125830646,189,367,279,222,453,214
1776754352.1743374,94.9100394966284,165,16,165.77394246382633,20.167146285137022,0.044424021125830646,189,367,279,222,453,214
1776754352.2276654,94.9100394966284,165,16,165.77394246382633,20.167146285137022,0.044424021125830646,189,367,279,222,453,214
1776754352.2851596,94.9100394966284,165,16,165.77394246382633,20.167146285137022,0.044424021125830646,189,367,279,222,453,214
1776754352.3417065,94.9100394966284,165,16,165.77394246382633,20.167146285137022,0.044424021125830646,189,367,279,222,453,214
1776754352.3989203,94.9100394966284,165,16,165.77394246382633,20.167146285137022,0.044424021125830646,189,367,279,222,453,214
1776754352.4561114,94.9100394966284,165,16,165.77394246382633,20.167146285137022,0.044424021125830646,189,367,279,222,453,214
1776754352.5139766,94.9100394966284,165,16,165.77394246382633,20.167146285137022,0.044424021125830646,189,367,279,222,453,214
1776754352.5673404,94.9100394966284,165,16,165.77394246382633,20.167146285137022,0.044424021125830646,189,367,279,222,453,214
1776754352.6246324,94.9100394966284,165,16,165.77394246382633,20.167146285137022,0.044424021125830646,189,367,279,222,453,214
1776754352.6821249,94.9100394966284,165,16,165.77394246382633,20.167146285137022,0.044424021125830646,189,367,279,222,453,214
1776754352.7390392,94.9100394966284,165,16,165.77394246382633,20.167146285137022,0.044424021125830646,189,367,279,222,453,214
1776754352.796682,94.9100394966284,165,16,165.77394246382633,20.167146285137022,0.044424021125830646,189,367,279,222,453,214
1776754352.8499749,94.9100394966284,165,16,165.77394246382633,20.167146285137022,0.044424021125830646,189,367,279,222,453,214
1776754352.9072022,94.9100394966284,165,16,165.77394246382633,20.167146285137022,0.044424021125830646,189,367,279,222,453,214
1776754352.9650073,94.9100394966284,165,16,165.77394246382633,20.167146285137022,0.044424021125830646,189,367,279,222,453,214
1776754353.0227075,94.9100394966284,165,16,165.77394246382633,20.167146285137022,0.044424021125830646,189,367,279,222,453,214
1776754353.0792778,94.9100394966284,165,16,165.77394246382633,20.167146285137022,0.044424021125830646,189,367,279,222,453,214
1776754353.1365852,94.9100394966284,166,16,166.76930173146374,20.288236220372717,0.04430632166268475,189,367,279,222,454,214
1776754353.1901891,94.9100394966284,166,16,166.76930173146374,20.288236220372717,0.04430632166268475,189,367,279,222,454,214
1776754353.2469733,94.9100394966284,166,16,166.76930173146374,20.288236220372717,0.04430632166268475,189,367,279,222,454,214
1776754353.3045254,94.9100394966284,166,16,166.76930173146374,20.288236220372717,0.04430632166268475,189,367,279,222,454,214
1776754353.362034,94.9100394966284,166,16,166.76930173146374,20.288236220372717,0.04457137662240141,189,367,279,221,454,214
1776754353.4191263,94.9100394966284,166,16,166.76930173146374,20.288236220372717,0.04457137662240141,189,367,279,221,454,214
1776754353.4768288,94.9100394966284,166,16,166.76930173146374,20.288236220372717,0.04457137662240141,189,367,279,221,454,214
1776754353.5297487,94.9100394966284,166,16,166.76930173146374,20.288236220372717,0.04457137662240141,189,367,279,221,454,214
1776754353.5870976,94.9100394966284,166,16,166.76930173146374,20.288236220372717,0.04457137662240141,189,367,279,221,454,214
1776754353.6456437,94.9100394966284,166,16,166.76930173146374,20.288236220372717,0.04457137662240141,189,367,279,221,454,214
1776754353.7016318,94.9100394966284,166,16,166.76930173146374,20.288236220372717,0.04457137662240141,189,367,279,221,454,214
1776754353.7587733,94.9100394966284,166,16,166.76930173146374,20.288236220372717,0.04457137662240141,189,367,279,221,454,214
1776754353.816629,94.9100394966284,166,16,166.76930173146374,20.288236220372717,0.04457137662240141,189,367,279,221,454,214
1776754353.8698356,94.9100394966284,166,16,166.76930173146374,20.288236220372717,0.04457137662240141,189,367,279,221,454,214
1776754353.927408,94.9100394966284,166,16,166.76930173146374,20.288236220372717,0.04457137662240141,189,367,279,221,454,214
1776754353.9846342,94.9100394966284,166,16,166.76930173146374,20.288236220372717,0.04457137662240141,189,367,279,221,454,214
1776754354.0416565,94.9100394966284,166,16,166.76930173146374,20.288236220372717,0.04441546139795719,189,367,280,221,454,214
1776754354.0993109,94.9100394966284,166,16,166.76930173146374,20.288236220372717,0.04441546139795719,189,367,280,221,454,214
1776754354.156572,94.9100394966284,166,16,166.76930173146374,20.288236220372717,0.04441546139795719,189,367,280,221,454,214
1776754354.2098851,94.9100394966284,166,16,166.76930173146374,20.288236220372717,0.04441546139795719,189,367,280,221,454,214
1776754354.2670221,94.9100394966284,166,16,166.76930173146374,20.288236220372717,0.04441546139795719,189,367,280,221,454,214
1776754354.3246112,94.9100394966284,166,16,166.76930173146374,20.288236220372717,0.04441546139795719,189,367,280,221,454,214
1776754354.3821878,94.9100394966284,166,16,166.76930173146374,20.288236220372717,0.04441546139795719,189,367,280,221,454,214
1776754354.4394858,94.9100394966284,166,16,166.76930173146374,20.288236220372717,0.04441546139795719,189,367,280,221,454,214
1776754354.4932034,94.9100394966284,166,16,166.76930173146374,20.288236220372717,0.04441546139795719,189,367,280,221,454,214
1776754354.5497003,94.9100394966284,166,17,166.86821147240718,20.300269035572647,0.04466101081574202,189,367,280,221,454,215
1776754354.606476,94.9100394966284,166,17,166.86821147240718,20.300269035572647,0.04466101081574202,189,367,280,221,454,215
1776754354.663775,94.9100394966284,166,17,166.86821147240718,20.300269035572647,0.04466101081574202,189,367,280,221,454,215
1776754354.72109,94.9100394966284,166,17,166.86821147240718,20.300269035572647,0.04466101081574202,189,367,280,221,454,215
1776754354.778729,94.9100394966284,166,17,166.86821147240718,20.300269035572647,0.04466101081574202,189,367,280,221,454,215
1776754354.831894,94.9100394966284,166,17,166.86821147240718,20.300269035572647,0.04466101081574202,189,367,280,221,454,215
1776754354.8895311,94.9100394966284,166,17,166.86821147240718,20.300269035572647,0.04466101081574202,189,367,280,221,454,215
1776754354.9474273,94.9100394966284,166,17,166.86821147240718,20.300269035572647,0.04466101081574202,189,367,280,221,454,215
1776754355.0044644,94.9100394966284,166,17,166.86821147240718,20.300269035572647,0.04466101081574202,189,367,280,221,454,215
1776754355.0620272,94.9100394966284,166,17,166.86821147240718,20.300269035572647,0.04466101081574202,189,367,280,221,454,215
1776754355.1190548,94.9100394966284,166,17,166.86821147240718,20.300269035572647,0.04466101081574202,189,367,280,221,454,215
1776754355.172548,94.9100394966284,166,17,166.86821147240718,20.300269035572647,0.04466101081574202,189,367,280,221,454,215
1776754355.230349,94.9100394966284,166,17,166.86821147240718,20.300269035572647,0.04466101081574202,189,367,280,221,454,215
1776754355.2870545,94.9100394966284,166,17,166.86821147240718,20.300269035572647,0.04466101081574202,189,367,280,221,454,215
1776754355.3442569,94.9100394966284,166,17,166.86821147240718,20.300269035572647,0.04466101081574202,189,367,280,221,454,215
1776754355.401424,94.9100394966284,166,17,166.86821147240718,20.300269035572647,0.04466101081574202,189,367,280,221,454,215
1776754355.459252,94.9100394966284,166,17,166.86821147240718,20.300269035572647,0.04466101081574202,189,367,280,221,454,215
1776754355.512552,94.9100394966284,167,17,167.86303941010956,20.421294332130117,0.04454039094739076,189,367,280,221,455,215
1776754355.5690842,94.9100394966284,167,17,167.86303941010956,20.421294332130117,0.04454039094739076,189,367,280,221,455,215
1776754355.626922,94.9100394966284,167,17,167.86303941010956,20.421294332130117,0.04454039094739076,189,367,280,221,455,215
1776754355.6846898,94.9100394966284,167,17,167.86303941010956,20.421294332130117,0.04454039094739076,189,367,280,221,455,215
1776754355.7417786,94.9100394966284,167,17,167.86303941010956,20.421294332130117,0.04454039094739076,189,367,280,221,455,215
1776754355.799046,94.9100394966284,167,17,167.86303941010956,20.421294332130117,0.04454039094739076,189,367,280,221,455,215
1776754355.8524592,94.9100394966284,167,17,167.86303941010956,20.421294332130117,0.04454039094739076,189,367,280,221,455,215
1776754355.9094777,94.9100394966284,167,17,167.86303941010956,20.421294332130117,0.04454039094739076,189,367,280,221,455,215
1776754355.9666584,94.9100394966284,167,17,167.86303941010956,20.421294332130117,0.04454039094739076,189,367,280,221,455,215
1776754356.0245857,94.9100394966284,167,17,167.86303941010956,20.421294332130117,0.04454039094739076,189,367,280,221,455,215
1776754356.0812397,94.9100394966284,167,17,167.86303941010956,20.421294332130117,0.04454039094739076,189,367,280,221,455,215
1776754356.1345742,94.9100394966284,167,17,167.86303941010956,20.421294332130117,0.04454039094739076,189,367,280,221,455,215
1776754356.192021,94.9100394966284,167,17,167.86303941010956,20.421294332130117,0.04454039094739076,189,367,280,221,455,215
1776754356.2492754,94.9100394966284,167,17,167.86303941010956,20.421294332130117,0.04454039094739076,189,367,280,221,455,215
1776754356.3063562,94.9100394966284,167,17,167.86303941010956,20.421294332130117,0.04454039094739076,189,367,280,221,455,215
1776754356.3641922,94.9100394966284,167,17,167.86303941010956,20.421294332130117,0.04454039094739076,189,367,280,221,455,215
1776754356.4213467,94.9100394966284,167,17,167.86303941010956,20.421294332130117,0.04454039094739076,189,367,280,221,455,215
1776754356.4747581,94.9100394966284,167,17,167.86303941010956,20.421294332130117,0.04454039094739076,189,367,280,221,455,215
1776754356.5324657,94.9100394966284,167,17,167.86303941010956,20.421294332130117,0.04454039094739076,189,367,280,221,455,215
1776754356.5900557,94.9100394966284,167,17,167.86303941010956,20.421294332130117,0.04454039094739076,189,367,280,221,455,215
1776754356.6468825,94.9100394966284,167,17,167.86303941010956,20.421294332130117,0.04454039094739076,189,367,280,221,455,215
1776754356.7037437,94.9100394966284,167,17,167.86303941010956,20.421294332130117,0.04454039094739076,189,367,280,221,455,215
1776754356.7608025,94.9100394966284,167,17,167.86303941010956,20.421294332130117,0.04454039094739076,189,367,280,221,455,215
1776754356.8142161,94.9100394966284,167,17,167.86303941010956,20.421294332130117,0.04454039094739076,189,367,280,221,455,215
1776754356.8718724,94.9100394966284,167,17,167.86303941010956,20.421294332130117,0.04454039094739076,189,367,280,221,455,215
1776754356.9289243,94.9100394966284,167,17,167.86303941010956,20.421294332130117,0.04454039094739076,189,367,280,221,455,215
1776754356.9863322,94.9100394966284,167,17,167.86303941010956,20.421294332130117,0.04454039094739076,189,367,280,221,455,215
1776754357.0439029,94.9100394966284,167,17,167.86303941010956,20.421294332130117,0.04454039094739076,189,367,280,221,455,215
1776754357.1007955,94.9100394966284,167,17,167.86303941010956,20.421294332130117,0.04454039094739076,189,367,280,221,455,215
1776754357.1547613,94.9100394966284,167,17,167.86303941010956,20.421294332130117,0.04454039094739076,189,367,280,221,455,215
1776754357.2115648,94.9100394966284,167,17,167.86303941010956,20.421294332130117,0.04454039094739076,189,367,280,221,455,215
1776754357.2692244,94.9100394966284,167,17,167.86303941010956,20.421294332130117,0.04454039094739076,189,367,280,221,455,215
1776754357.326858,94.9100394966284,167,17,167.86303941010956,20.421294332130117,0.04454039094739076,189,367,280,221,455,215
1776754357.3840244,94.9100394966284,167,17,167.86303941010956,20.421294332130117,0.04454039094739076,189,367,280,221,455,215
1776754357.4418402,94.9100394966284,167,17,167.86303941010956,20.421294332130117,0.04454039094739076,189,367,280,221,455,215
1776754357.4949737,94.9100394966284,167,17,167.86303941010956,20.421294332130117,0.04454039094739076,189,367,280,221,455,215
1776754357.5518517,94.9100394966284,167,17,167.86303941010956,20.421294332130117,0.044386739088571166,189,367,281,221,455,215
1776754357.6093066,94.9100394966284,167,17,167.86303941010956,20.421294332130117,0.044386739088571166,189,367,281,221,455,215
1776754357.6668174,94.9100394966284,167,17,167.86303941010956,20.421294332130117,0.044386739088571166,189,367,281,221,455,215
1776754357.7239263,94.9100394966284,167,17,167.86303941010956,20.421294332130117,0.044386739088571166,189,367,281,221,455,215
1776754357.7776806,94.9100394966284,167,17,167.86303941010956,20.421294332130117,0.044386739088571166,189,367,281,221,455,215
1776754357.834661,94.9100394966284,167,17,167.86303941010956,20.421294332130117,0.044386739088571166,189,367,281,221,455,215
1776754357.891743,94.9100394966284,167,17,167.86303941010956,20.421294332130117,0.044386739088571166,189,367,281,221,455,215
1776754357.9493876,94.9100394966284,167,18,167.96725871431016,20.433973079599774,0.044631238652388106,189,367,281,221,455,216
1776754358.007071,94.9100394966284,168,18,168.96153408394468,20.55493115376456,0.04450954493837513,189,367,281,221,456,216
1776754358.0639536,94.9100394966284,168,18,168.96153408394468,20.55493115376456,0.04450954493837513,189,367,281,221,456,216
1776754358.1167917,94.9100394966284,168,18,168.96153408394468,20.55493115376456,0.04450954493837513,189,367,281,221,456,216
1776754358.1745894,94.9100394966284,168,18,168.96153408394468,20.55493115376456,0.04450954493837513,189,367,281,221,456,216
1776754358.2324078,94.9100394966284,168,18,168.96153408394468,20.55493115376456,0.04450954493837513,189,367,281,221,456,216
1776754358.2891352,94.9100394966284,168,18,168.96153408394468,20.55493115376456,0.04450954493837513,189,367,281,221,456,216
1776754358.346236,94.9100394966284,168,18,168.96153408394468,20.55493115376456,0.04450954493837513,189,367,281,221,456,216
1776754358.404149,94.9100394966284,168,18,168.96153408394468,20.55493115376456,0.04450954493837513,189,367,281,221,456,216
1776754358.4572735,94.9100394966284,168,18,168.96153408394468,20.55493115376456,0.04450954493837513,189,367,281,221,456,216
1776754358.5144858,94.9100394966284,168,18,168.96153408394468,20.55493115376456,0.04450954493837513,189,367,281,221,456,216
1776754358.5721185,94.9100394966284,168,18,168.96153408394468,20.55493115376456,0.04450954493837513,189,367,281,221,456,216
1776754358.6292262,94.9100394966284,168,18,168.96153408394468,20.55493115376456,0.04450954493837513,189,367,281,221,456,216
1776754358.6861053,94.9100394966284,168,18,168.96153408394468,20.55493115376456,0.04450954493837513,189,367,281,221,456,216
1776754358.7436032,94.9100394966284,168,18,168.96153408394468,20.55493115376456,0.04450954493837513,189,367,281,221,456,216
1776754358.7976568,94.9100394966284,168,18,168.96153408394468,20.55493115376456,0.04450954493837513,189,367,281,221,456,216
1776754358.854609,94.9100394966284,168,18,168.96153408394468,20.55493115376456,0.04450954493837513,189,367,281,221,456,216
1776754358.9112918,94.9100394966284,168,18,168.96153408394468,20.55493115376456,0.04450954493837513,189,367,281,221,456,216
1776754358.9689844,94.9100394966284,168,18,168.96153408394468,20.55493115376456,0.04450954493837513,189,367,281,221,456,216
1776754359.026642,94.9100394966284,168,18,168.96153408394468,20.55493115376456,0.04450954493837513,189,367,281,221,456,216
1776754359.0841548,94.9100394966284,168,18,168.96153408394468,20.55493115376456,0.04450954493837513,189,367,281,221,456,216
1776754359.1366823,94.9100394966284,168,18,168.96153408394468,20.55493115376456,0.04450954493837513,189,367,281,221,456,216
1776754359.1939762,94.9100394966284,168,18,168.96153408394468,20.55493115376456,0.04450954493837513,189,367,281,221,456,216
1776754359.2516644,94.9100394966284,168,18,168.96153408394468,20.55493115376456,0.04450954493837513,189,367,281,221,456,216
1776754359.3089683,94.9100394966284,168,18,168.96153408394468,20.55493115376456,0.04450954493837513,189,367,281,221,456,216
1776754359.3660352,94.9100394966284,168,18,168.96153408394468,20.55493115376456,0.04450954493837513,189,367,281,221,456,216
1776754359.4197035,94.9100394966284,168,18,168.96153408394468,20.55493115376456,0.04450954493837513,189,367,281,221,456,216
1776754359.4773855,94.9100394966284,168,18,168.96153408394468,20.55493115376456,0.04450954493837513,189,367,281,221,456,216
1776754359.5348938,94.9100394966284,168,18,168.96153408394468,20.55493115376456,0.04450954493837513,189,367,281,221,456,216
1776754359.591687,94.9100394966284,168,18,168.96153408394468,20.55493115376456,0.04450954493837513,189,367,281,221,456,216
1776754359.6490247,94.9100394966284,168,18,168.96153408394468,20.55493115376456,0.04450954493837513,189,367,281,221,456,216
1776754359.7059975,94.9100394966284,168,18,168.96153408394468,20.55493115376456,0.04450954493837513,189,367,281,221,456,216
1776754359.759649,94.9100394966284,168,18,168.96153408394468,20.55493115376456,0.04450954493837513,189,367,281,221,456,216
1776754359.816583,94.9100394966284,168,18,168.96153408394468,20.55493115376456,0.04450954493837513,189,367,281,221,456,216
1776754359.874738,94.9100394966284,168,18,168.96153408394468,20.55493115376456,0.04450954493837513,189,367,281,221,456,216
1776754359.9321618,94.9100394966284,168,18,168.96153408394468,20.55493115376456,0.04450954493837513,189,367,281,221,456,216
1776754359.9889407,94.9100394966284,168,18,168.96153408394468,20.55493115376456,0.04450954493837513,189,367,281,221,456,216
1776754360.046497,94.9100394966284,168,18,168.96153408394468,20.55493115376456,0.04450954493837513,189,367,281,221,456,216
1776754360.0995383,94.9100394966284,168,18,168.96153408394468,20.55493115376456,0.04450954493837513,189,367,281,221,456,216
1776754360.1568794,94.9100394966284,168,18,168.96153408394468,20.55493115376456,0.04450954493837513,189,367,281,221,456,216
1776754360.2145169,94.9100394966284,168,18,168.96153408394468,20.55493115376456,0.04450954493837513,189,367,281,221,456,216
1776754360.271707,94.9100394966284,168,18,168.96153408394468,20.55493115376456,0.04450954493837513,189,367,281,221,456,216
1776754360.328506,94.9100394966284,168,18,168.96153408394468,20.55493115376456,0.04450954493837513,189,367,281,221,456,216
1776754360.386417,94.9100394966284,168,18,168.96153408394468,20.55493115376456,0.04450954493837513,189,367,281,221,456,216
1776754360.4401405,94.9100394966284,168,18,168.96153408394468,20.55493115376456,0.04450954493837513,189,367,281,221,456,216
1776754360.4969697,94.9100394966284,168,18,168.96153408394468,20.55493115376456,0.04450954493837513,189,367,281,221,456,216
1776754360.5543625,94.9100394966284,168,18,168.96153408394468,20.55493115376456,0.04450954493837513,189,367,281,221,456,216
1776754360.6120434,94.9100394966284,168,18,168.96153408394468,20.55493115376456,0.04450954493837513,189,367,281,221,456,216
1776754360.6685128,94.9100394966284,168,18,168.96153408394468,20.55493115376456,0.04450954493837513,189,367,281,221,456,216
1776754360.7222035,94.9100394966284,168,18,168.96153408394468,20.55493115376456,0.04450954493837513,189,367,281,221,456,216
1776754360.7792945,94.9100394966284,168,18,168.96153408394468,20.55493115376456,0.04450954493837513,189,367,281,221,456,216
1776754360.836998,94.9100394966284,168,18,168.96153408394468,20.55493115376456,0.04450954493837513,189,367,281,221,456,216
1776754360.8940845,94.9100394966284,168,18,168.96153408394468,20.55493115376456,0.04450954493837513,189,367,281,221,456,216
1776754360.9516044,94.9100394966284,169,18,169.95587662684687,20.675897399859714,0.04438836897535954,189,367,281,221,457,216
1776754361.0090065,94.9100394966284,169,18,169.95587662684687,20.675897399859714,0.04438836897535954,189,367,281,221,457,216
1776754361.0623753,94.9100394966284,169,18,169.95587662684687,20.675897399859714,0.04438836897535954,189,367,281,221,457,216
1776754361.1192408,94.9100394966284,169,18,169.95587662684687,20.675897399859714,0.04438836897535954,189,367,281,221,457,216
1776754361.1765494,94.9100394966284,169,18,169.95587662684687,20.675897399859714,0.04438836897535954,189,367,281,221,457,216
1776754361.233817,94.9100394966284,169,18,169.95587662684687,20.675897399859714,0.04438836897535954,189,367,281,221,457,216
1776754361.2914186,94.9100394966284,169,18,169.95587662684687,20.675897399859714,0.04438836897535954,189,367,281,221,457,216
1776754361.348321,94.9100394966284,169,18,169.95587662684687,20.675897399859714,0.04438836897535954,189,367,281,221,457,216
1776754361.401653,94.9100394966284,169,18,169.95587662684687,20.675897399859714,0.04438836897535954,189,367,281,221,457,216
1776754361.4589934,94.9100394966284,169,18,169.95587662684687,20.675897399859714,0.04438836897535954,189,367,281,221,457,216
1776754361.5167453,94.9100394966284,169,18,169.95587662684687,20.675897399859714,0.04438836897535954,189,367,281,221,457,216
1776754361.5740733,94.9100394966284,169,18,169.95587662684687,20.675897399859714,0.04438836897535954,189,367,281,221,457,216
1776754361.6311212,94.9100394966284,169,18,169.95587662684687,20.675897399859714,0.04438836897535954,189,367,281,221,457,216
1776754361.6882217,94.9100394966284,169,18,169.95587662684687,20.675897399859714,0.04438836897535954,189,367,281,221,457,216
1776754361.7427657,94.9100394966284,169,18,169.95587662684687,20.675897399859714,0.04438836897535954,189,367,281,221,457,216
1776754361.7992246,94.9100394966284,169,18,169.95587662684687,20.675897399859714,0.04438836897535954,189,367,281,221,457,216
1776754361.8567138,94.9100394966284,169,18,169.95587662684687,20.675897399859714,0.04438836897535954,189,367,281,221,457,216
1776754361.9138904,94.9100394966284,169,19,170.06469357276953,20.689135471139842,0.044627695124462775,189,367,281,221,457,217
1776754361.9714632,94.9100394966284,169,19,170.06469357276953,20.689135471139842,0.044627695124462775,189,367,281,221,457,217
1776754362.029348,94.9100394966284,169,19,170.06469357276953,20.689135471139842,0.044627695124462775,189,367,281,221,457,217
1776754362.081704,94.9100394966284,169,19,170.06469357276953,20.689135471139842,0.044627695124462775,189,367,281,221,457,217
1776754362.1388319,94.9100394966284,169,19,170.06469357276953,20.689135471139842,0.044627695124462775,189,367,281,221,457,217
1776754362.1968145,94.9100394966284,169,19,170.06469357276953,20.689135471139842,0.044627695124462775,189,367,281,221,457,217
1776754362.2548525,94.9100394966284,169,19,170.06469357276953,20.689135471139842,0.044627695124462775,189,367,281,221,457,217
1776754362.3125367,94.9100394966284,169,19,170.06469357276953,20.689135471139842,0.044627695124462775,189,367,281,221,457,217
1776754362.3646977,94.9100394966284,169,19,170.06469357276953,20.689135471139842,0.044884736763184385,189,367,281,220,457,217
1776754362.4216075,94.9100394966284,169,19,170.06469357276953,20.689135471139842,0.044884736763184385,189,367,281,220,457,217
1776754362.4792883,94.9100394966284,169,19,170.06469357276953,20.689135471139842,0.044884736763184385,189,367,281,220,457,217
1776754362.5366123,94.9100394966284,169,19,170.06469357276953,20.689135471139842,0.044884736763184385,189,367,281,220,457,217
1776754362.5941827,94.9100394966284,169,19,170.06469357276953,20.689135471139842,0.044884736763184385,189,367,281,220,457,217
1776754362.651159,94.9100394966284,169,19,170.06469357276953,20.689135471139842,0.044884736763184385,189,367,281,220,457,217
1776754362.7044904,94.9100394966284,169,19,170.06469357276953,20.689135471139842,0.044884736763184385,189,367,281,220,457,217
1776754362.7618625,94.9100394966284,169,19,170.06469357276953,20.689135471139842,0.044884736763184385,189,367,281,220,457,217
1776754362.819275,94.9100394966284,169,19,170.06469357276953,20.689135471139842,0.044884736763184385,189,367,281,220,457,217
1776754362.877018,94.9100394966284,169,19,170.06469357276953,20.689135471139842,0.044884736763184385,189,367,281,220,457,217
1776754362.9342418,94.9100394966284,169,19,170.06469357276953,20.689135471139842,0.044884736763184385,189,367,281,220,457,217
1776754362.991031,94.9100394966284,169,19,170.06469357276953,20.689135471139842,0.044884736763184385,189,367,281,220,457,217
1776754363.0449932,94.9100394966284,169,19,170.06469357276953,20.689135471139842,0.044884736763184385,189,367,281,220,457,217
1776754363.102808,94.9100394966284,169,19,170.06469357276953,20.689135471139842,0.044884736763184385,189,367,281,220,457,217
1776754363.1595433,94.9100394966284,169,19,170.06469357276953,20.689135471139842,0.044884736763184385,189,367,281,220,457,217
1776754363.21664,94.9100394966284,169,19,170.06469357276953,20.689135471139842,0.044884736763184385,189,367,281,220,457,217
1776754363.2739215,94.9100394966284,169,19,170.06469357276953,20.689135471139842,0.044884736763184385,189,367,281,220,457,217
1776754363.3309665,94.9100394966284,169,19,170.06469357276953,20.689135471139842,0.044884736763184385,189,367,281,220,457,217
1776754363.3847356,94.9100394966284,169,19,170.06469357276953,20.689135471139842,0.044884736763184385,189,367,281,220,457,217
1776754363.4417083,94.9100394966284,169,19,170.06469357276953,20.689135471139842,0.044884736763184385,189,367,281,220,457,217
1776754363.4994085,94.9100394966284,169,19,170.06469357276953,20.689135471139842,0.044884736763184385,189,367,281,220,457,217
1776754363.5569785,94.9100394966284,169,19,170.06469357276953,20.689135471139842,0.044884736763184385,189,367,281,220,457,217
1776754363.6135888,94.9100394966284,169,19,170.06469357276953,20.689135471139842,0.044884736763184385,189,367,281,220,457,217
1776754363.6705778,94.9100394966284,169,19,170.06469357276953,20.689135471139842,0.044884736763184385,189,367,281,220,457,217
1776754363.7241304,94.9100394966284,169,19,170.06469357276953,20.689135471139842,0.044884736763184385,189,367,281,220,457,217
1776754363.7814753,94.9100394966284,169,19,170.06469357276953,20.689135471139842,0.044884736763184385,189,367,281,220,457,217
1776754363.8389182,94.9100394966284,169,19,170.06469357276953,20.689135471139842,0.044884736763184385,189,367,281,220,457,217
1776754363.8962998,94.9100394966284,169,19,170.06469357276953,20.689135471139842,0.044884736763184385,189,367,281,220,457,217
1776754363.9538565,94.9100394966284,169,19,170.06469357276953,20.689135471139842,0.044884736763184385,189,367,281,220,457,217
1776754364.0108154,94.9100394966284,169,19,170.06469357276953,20.689135471139842,0.044884736763184385,189,367,281,220,457,217
1776754364.064257,94.9100394966284,169,19,170.06469357276953,20.689135471139842,0.044884736763184385,189,367,281,220,457,217
1776754364.1213536,94.9100394966284,169,19,170.06469357276953,20.689135471139842,0.044884736763184385,189,367,281,220,457,217
1776754364.1791883,94.9100394966284,169,19,170.06469357276953,20.689135471139842,0.044884736763184385,189,367,281,220,457,217
1776754364.236904,94.9100394966284,169,19,170.06469357276953,20.689135471139842,0.044884736763184385,189,367,281,220,457,217
1776754364.2936661,94.9100394966284,169,19,170.06469357276953,20.689135471139842,0.044884736763184385,189,367,281,220,457,217
1776754364.346802,94.9100394966284,169,19,170.06469357276953,20.689135471139842,0.044884736763184385,189,367,281,220,457,217
1776754364.404196,94.9100394966284,169,19,170.06469357276953,20.689135471139842,0.044884736763184385,189,367,281,220,457,217
1776754364.4622252,94.9100394966284,169,19,170.06469357276953,20.689135471139842,0.044884736763184385,189,367,281,220,457,217
1776754364.5197847,94.9100394966284,169,19,170.06469357276953,20.689135471139842,0.044884736763184385,189,367,281,220,457,217
1776754364.5763981,94.9100394966284,169,19,170.06469357276953,20.689135471139842,0.044884736763184385,189,367,281,220,457,217
1776754364.6337798,94.9100394966284,170,19,171.05846953600397,20.81003279026812,0.04476031202698293,189,367,281,220,458,217
1776754364.686818,94.9100394966284,170,19,171.05846953600397,20.81003279026812,0.04476031202698293,189,367,281,220,458,217
1776754364.7445526,94.9100394966284,170,19,171.05846953600397,20.81003279026812,0.04476031202698293,189,367,281,220,458,217
1776754364.8012998,94.9100394966284,170,19,171.05846953600397,20.81003279026812,0.04476031202698293,189,367,281,220,458,217
1776754364.8587587,94.9100394966284,170,19,171.05846953600397,20.81003279026812,0.04476031202698293,189,367,281,220,458,217
1776754364.9163485,94.9100394966284,170,19,171.05846953600397,20.81003279026812,0.04476031202698293,189,367,281,220,458,217
1776754364.9740229,94.9100394966284,170,19,171.05846953600397,20.81003279026812,0.04476031202698293,189,367,281,220,458,217
1776754365.0272634,94.9100394966284,170,19,171.05846953600397,20.81003279026812,0.04476031202698293,189,367,281,220,458,217
1776754365.0843875,94.9100394966284,170,19,171.05846953600397,20.81003279026812,0.04476031202698293,189,367,281,220,458,217
1776754365.141542,94.9100394966284,170,19,171.05846953600397,20.81003279026812,0.04476031202698293,189,367,281,220,458,217
1776754365.1983721,94.9100394966284,170,19,171.05846953600397,20.81003279026812,0.04476031202698293,189,367,281,220,458,217
1776754365.2564957,94.9100394966284,170,19,171.05846953600397,20.81003279026812,0.04476031202698293,189,367,281,220,458,217
1776754365.3134549,94.9100394966284,170,19,171.05846953600397,20.81003279026812,0.04476031202698293,189,367,281,220,458,217
1776754365.3669,94.9100394966284,170,19,171.05846953600397,20.81003279026812,0.04476031202698293,189,367,281,220,458,217
1776754365.4240484,94.9100394966284,170,19,171.05846953600397,20.81003279026812,0.0446152469389436,189,367,282,220,458,217
1776754365.4815333,94.9100394966284,170,19,171.05846953600397,20.81003279026812,0.0446152469389436,189,367,282,220,458,217
1776754365.5392876,94.9100394966284,170,19,171.05846953600397,20.81003279026812,0.0446152469389436,189,367,282,220,458,217
1776754365.5965517,94.9100394966284,170,19,171.05846953600397,20.81003279026812,0.0446152469389436,189,367,282,220,458,217
1776754365.6537597,94.9100394966284,170,19,171.05846953600397,20.81003279026812,0.0446152469389436,189,367,282,220,458,217
1776754365.7070246,94.9100394966284,170,19,171.05846953600397,20.81003279026812,0.0446152469389436,189,367,282,220,458,217
1776754365.7639184,94.9100394966284,170,19,171.05846953600397,20.81003279026812,0.0446152469389436,189,367,282,220,458,217
1776754365.8214107,94.9100394966284,170,19,171.05846953600397,20.81003279026812,0.0446152469389436,189,367,282,220,458,217
1776754365.878337,94.9100394966284,170,19,171.05846953600397,20.81003279026812,0.0446152469389436,189,367,282,220,458,217
1776754365.935542,94.9100394966284,170,19,171.05846953600397,20.81003279026812,0.0446152469389436,189,367,282,220,458,217
1776754365.9890416,94.9100394966284,170,19,171.05846953600397,20.81003279026812,0.0446152469389436,189,367,282,220,458,217
1776754366.0463383,94.9100394966284,170,19,171.05846953600397,20.81003279026812,0.0446152469389436,189,367,282,220,458,217
1776754366.1044052,94.9100394966284,170,19,171.05846953600397,20.81003279026812,0.0446152469389436,189,367,282,220,458,217
1776754366.1613543,94.9100394966284,170,19,171.05846953600397,20.81003279026812,0.0446152469389436,189,367,282,220,458,217
1776754366.2184322,94.9100394966284,170,19,171.05846953600397,20.81003279026812,0.0446152469389436,189,367,282,220,458,217
1776754366.2762334,94.9100394966284,170,19,171.05846953600397,20.81003279026812,0.0446152469389436,189,367,282,220,458,217
1776754366.3295288,94.9100394966284,170,19,171.05846953600397,20.81003279026812,0.0446152469389436,189,367,282,220,458,217
1776754366.3869143,94.9100394966284,170,19,171.05846953600397,20.81003279026812,0.0446152469389436,189,367,282,220,458,217
1776754366.4440436,94.9100394966284,170,19,171.05846953600397,20.81003279026812,0.0446152469389436,189,367,282,220,458,217
1776754366.5013163,94.9100394966284,170,19,171.05846953600397,20.81003279026812,0.0446152469389436,189,367,282,220,458,217
1776754366.558781,94.9100394966284,170,19,171.05846953600397,20.81003279026812,0.0446152469389436,189,367,282,220,458,217
1776754366.6168966,94.9100394966284,170,19,171.05846953600397,20.81003279026812,0.0446152469389436,189,367,282,220,458,217
1776754366.6702657,94.9100394966284,170,19,171.05846953600397,20.81003279026812,0.0446152469389436,189,367,282,220,458,217
1776754366.7268534,94.9100394966284,170,19,171.05846953600397,20.81003279026812,0.0446152469389436,189,367,282,220,458,217
1776754366.7836,94.9100394966284,170,19,171.05846953600397,20.81003279026812,0.0446152469389436,189,367,282,220,458,217
1776754366.84113,94.9100394966284,170,19,171.05846953600397,20.81003279026812,0.0446152469389436,189,367,282,220,458,217
1776754366.8984833,94.9100394966284,170,19,171.05846953600397,20.81003279026812,0.0446152469389436,189,367,282,220,458,217
1776754366.9561405,94.9100394966284,170,19,171.05846953600397,20.81003279026812,0.0446152469389436,189,367,282,220,458,217
1776754367.009503,94.9100394966284,170,19,171.05846953600397,20.81003279026812,0.0446152469389436,189,367,282,220,458,217
1776754367.066756,94.9100394966284,170,19,171.05846953600397,20.81003279026812,0.0446152469389436,189,367,282,220,458,217
1776754367.124186,94.9100394966284,170,19,171.05846953600397,20.81003279026812,0.0446152469389436,189,367,282,220,458,217
1776754367.182395,94.9100394966284,170,19,171.05846953600397,20.81003279026812,0.0446152469389436,189,367,282,220,458,217
1776754367.2384758,94.9100394966284,170,19,171.05846953600397,20.81003279026812,0.0446152469389436,189,367,282,220,458,217
1776754367.2958434,94.9100394966284,170,19,171.05846953600397,20.81003279026812,0.0446152469389436,189,367,282,220,458,217
1776754367.3490794,94.9100394966284,170,19,171.05846953600397,20.81003279026812,0.0446152469389436,189,367,282,220,458,217
1776754367.4063191,94.9100394966284,170,19,171.05846953600397,20.81003279026812,0.0446152469389436,189,367,282,220,458,217
1776754367.4636905,94.9100394966284,170,19,171.05846953600397,20.81003279026812,0.0446152469389436,189,367,282,220,458,217
1776754367.5214078,94.9100394966284,170,19,171.05846953600397,20.81003279026812,0.0446152469389436,189,367,282,220,458,217
1776754367.579179,94.9100394966284,170,19,171.05846953600397,20.81003279026812,0.0446152469389436,189,367,282,220,458,217
1776754367.6314692,94.9100394966284,170,19,171.05846953600397,20.81003279026812,0.0446152469389436,189,367,282,220,458,217
1776754367.6889057,94.9100394966284,170,19,171.05846953600397,20.81003279026812,0.0446152469389436,189,367,282,220,458,217
1776754367.7466128,94.9100394966284,170,19,171.05846953600397,20.81003279026812,0.0446152469389436,189,367,282,220,458,217
1776754367.8037267,94.9100394966284,170,19,171.05846953600397,20.81003279026812,0.0446152469389436,189,367,282,220,458,217
1776754367.8611398,94.9100394966284,170,19,171.05846953600397,20.81003279026812,0.0446152469389436,189,367,282,220,458,217
1776754367.9183667,94.9100394966284,170,19,171.05846953600397,20.81003279026812,0.0446152469389436,189,367,282,220,458,217
1776754367.9721277,94.9100394966284,170,19,171.05846953600397,20.81003279026812,0.0446152469389436,189,367,282,220,458,217
1776754368.0293167,94.9100394966284,170,19,171.05846953600397,20.81003279026812,0.0446152469389436,189,367,282,220,458,217
1776754368.0869575,94.9100394966284,170,19,171.05846953600397,20.81003279026812,0.0446152469389436,189,367,282,220,458,217
1776754368.1438172,94.9100394966284,170,19,171.05846953600397,20.81003279026812,0.0446152469389436,189,367,282,220,458,217
1776754368.2006512,94.9100394966284,170,19,171.05846953600397,20.81003279026812,0.0446152469389436,189,367,282,220,458,217
1776754368.2579865,94.9100394966284,170,19,171.05846953600397,20.81003279026812,0.0446152469389436,189,367,282,220,458,217
1776754368.3118417,94.9100394966284,170,19,171.05846953600397,20.81003279026812,0.0446152469389436,189,367,282,220,458,217
1776754368.3691223,94.9100394966284,170,19,171.05846953600397,20.81003279026812,0.0446152469389436,189,367,282,220,458,217
1776754368.4262488,94.9100394966284,170,19,171.05846953600397,20.81003279026812,0.0446152469389436,189,367,282,220,458,217
1776754368.4840178,94.9100394966284,170,19,171.05846953600397,20.81003279026812,0.0446152469389436,189,367,282,220,458,217
1776754368.5412383,94.9100394966284,170,19,171.05846953600397,20.81003279026812,0.0446152469389436,189,367,282,220,458,217
1776754368.5986626,94.9100394966284,170,19,171.05846953600397,20.81003279026812,0.0446152469389436,189,367,282,220,458,217
1776754368.6517487,94.9100394966284,170,19,171.05846953600397,20.81003279026812,0.0446152469389436,189,367,282,220,458,217
1776754368.7095063,94.9100394966284,170,19,171.05846953600397,20.81003279026812,0.0446152469389436,189,367,282,220,458,217
1776754368.766779,94.9100394966284,170,19,171.05846953600397,20.81003279026812,0.04446992926474951,189,367,283,220,458,217
1776754368.8231776,94.9100394966284,170,19,171.05846953600397,20.81003279026812,0.04446992926474951,189,367,283,220,458,217
1776754368.8810198,94.9100394966284,170,19,171.05846953600397,20.81003279026812,0.04446992926474951,189,367,283,220,458,217
1776754368.9383392,94.9100394966284,170,19,171.05846953600397,20.81003279026812,0.04446992926474951,189,367,283,220,458,217
1776754368.991639,94.9100394966284,170,19,171.05846953600397,20.81003279026812,0.04446992926474951,189,367,283,220,458,217
1776754369.048781,94.9100394966284,170,19,171.05846953600397,20.81003279026812,0.04446992926474951,189,367,283,220,458,217
1776754369.1064339,94.9100394966284,170,19,171.05846953600397,20.81003279026812,0.04446992926474951,189,367,283,220,458,217
1776754369.1632068,94.9100394966284,170,19,171.05846953600397,20.81003279026812,0.04446992926474951,189,367,283,220,458,217
1776754369.220722,94.9100394966284,170,19,171.05846953600397,20.81003279026812,0.04446992926474951,189,367,283,220,458,217
1776754369.2743146,94.9100394966284,170,19,171.05846953600397,20.81003279026812,0.04446992926474951,189,367,283,220,458,217
1776754369.3317297,94.9100394966284,170,20,171.1724276862369,20.823896312194268,0.04470838344711958,189,367,283,220,458,218
1776754369.3884673,94.9100394966284,170,20,171.1724276862369,20.823896312194268,0.04470838344711958,189,367,283,220,458,218
1776754369.4460678,94.9100394966284,170,20,171.1724276862369,20.823896312194268,0.04470838344711958,189,367,283,220,458,218
1776754369.5038674,94.9100394966284,170,20,171.1724276862369,20.823896312194268,0.04470838344711958,189,367,283,220,458,218
1776754369.5607722,94.9100394966284,170,20,171.1724276862369,20.823896312194268,0.04470838344711958,189,367,283,220,458,218
1776754369.6143584,94.9100394966284,171,20,172.16561793807728,20.944722376895044,0.04458340527068104,189,367,283,220,459,218
1776754369.6719425,94.9100394966284,171,20,172.16561793807728,20.944722376895044,0.04458340527068104,189,367,283,220,459,218
1776754369.7286248,94.9100394966284,171,20,172.16561793807728,20.944722376895044,0.04458340527068104,189,367,283,220,459,218
1776754369.7857716,94.9100394966284,171,20,172.16561793807728,20.944722376895044,0.04458340527068104,189,367,283,220,459,218
1776754369.8431134,94.9100394966284,171,20,172.16561793807728,20.944722376895044,0.04458340527068104,189,367,283,220,459,218
1776754369.901005,94.9100394966284,171,20,172.16561793807728,20.944722376895044,0.04458340527068104,189,367,283,220,459,218
1776754369.9547563,94.9100394966284,171,20,172.16561793807728,20.944722376895044,0.04458340527068104,189,367,283,220,459,218
1776754370.0115623,94.9100394966284,171,20,172.16561793807728,20.944722376895044,0.04458340527068104,189,367,283,220,459,218
1776754370.0694,94.9100394966284,171,20,172.16561793807728,20.944722376895044,0.04458340527068104,189,367,283,220,459,218
1776754370.1263034,94.9100394966284,171,20,172.16561793807728,20.944722376895044,0.04458340527068104,189,367,283,220,459,218
1776754370.183822,94.9100394966284,171,20,172.16561793807728,20.944722376895044,0.04458340527068104,189,367,283,220,459,218
1776754370.240746,94.9100394966284,171,20,172.16561793807728,20.944722376895044,0.04458340527068104,189,367,283,220,459,218
1776754370.294247,94.9100394966284,171,20,172.16561793807728,20.944722376895044,0.04458340527068104,189,367,283,220,459,218
1776754370.351316,94.9100394966284,171,20,172.16561793807728,20.944722376895044,0.04458340527068104,189,367,283,220,459,218
1776754370.408627,94.9100394966284,171,20,172.16561793807728,20.944722376895044,0.04458340527068104,189,367,283,220,459,218
1776754370.4656348,94.9100394966284,171,20,172.16561793807728,20.944722376895044,0.04458340527068104,189,367,283,220,459,218
1776754370.5230818,94.9100394966284,171,20,172.16561793807728,20.944722376895044,0.04458340527068104,189,367,283,220,459,218
1776754370.580727,94.9100394966284,171,20,172.16561793807728,20.944722376895044,0.04458340527068104,189,367,283,220,459,218
1776754370.634013,94.9100394966284,171,20,172.16561793807728,20.944722376895044,0.04458340527068104,189,367,283,220,459,218
1776754370.6910913,94.9100394966284,171,20,172.16561793807728,20.944722376895044,0.04458340527068104,189,367,283,220,459,218
1776754370.749717,94.9100394966284,171,20,172.16561793807728,20.944722376895044,0.04458340527068104,189,367,283,220,459,218
1776754370.8060558,94.9100394966284,171,20,172.16561793807728,20.944722376895044,0.04458340527068104,189,367,283,220,459,218
1776754370.8632622,94.9100394966284,171,20,172.16561793807728,20.944722376895044,0.04458340527068104,189,367,283,220,459,218
1776754370.91659,94.9100394966284,171,20,172.16561793807728,20.944722376895044,0.04458340527068104,189,367,283,220,459,218
1776754370.9748456,94.9100394966284,171,20,172.16561793807728,20.944722376895044,0.04458340527068104,189,367,283,220,459,218
1776754371.0314662,94.9100394966284,171,20,172.16561793807728,20.944722376895044,0.04458340527068104,189,367,283,220,459,218
1776754371.0885203,94.9100394966284,171,20,172.16561793807728,20.944722376895044,0.04458340527068104,189,367,283,220,459,218
1776754371.1459992,94.9100394966284,171,20,172.16561793807728,20.944722376895044,0.04458340527068104,189,367,283,220,459,218
1776754371.2028894,94.9100394966284,171,20,172.16561793807728,20.944722376895044,0.04458340527068104,189,367,283,220,459,218
1776754371.2562134,94.9100394966284,171,20,172.16561793807728,20.944722376895044,0.04458340527068104,189,367,283,220,459,218
1776754371.3138123,94.9100394966284,171,20,172.16561793807728,20.944722376895044,0.04458340527068104,189,367,283,220,459,218
1776754371.3713596,94.9100394966284,171,20,172.16561793807728,20.944722376895044,0.04458340527068104,189,367,283,220,459,218
1776754371.4282193,94.9100394966284,171,20,172.16561793807728,20.944722376895044,0.04458340527068104,189,367,283,220,459,218
1776754371.4866266,94.9100394966284,171,20,172.16561793807728,20.944722376895044,0.04458340527068104,189,367,283,220,459,218
1776754371.544248,94.9100394966284,171,20,172.16561793807728,20.944722376895044,0.04458340527068104,189,367,283,220,459,218
1776754371.5975175,94.9100394966284,171,20,172.16561793807728,20.944722376895044,0.04458340527068104,189,367,283,220,459,218
1776754371.6539724,94.9100394966284,171,20,172.16561793807728,20.944722376895044,0.04458340527068104,189,367,283,220,459,218
1776754371.7110336,94.9100394966284,171,20,172.16561793807728,20.944722376895044,0.04458340527068104,189,367,283,220,459,218
1776754371.7683828,94.9100394966284,171,20,172.16561793807728,20.944722376895044,0.04458340527068104,189,367,283,220,459,218
1776754371.8258169,94.9100394966284,171,20,172.16561793807728,20.944722376895044,0.04458340527068104,189,367,283,220,459,218
1776754371.8831859,94.9100394966284,171,20,172.16561793807728,20.944722376895044,0.04458340527068104,189,367,283,220,459,218
1776754371.9365118,94.9100394966284,171,20,172.16561793807728,20.944722376895044,0.04458340527068104,189,367,283,220,459,218
1776754371.993735,94.9100394966284,171,20,172.16561793807728,20.944722376895044,0.04458340527068104,189,367,283,220,459,218
1776754372.0515726,94.9100394966284,171,20,172.16561793807728,20.944722376895044,0.04458340527068104,189,367,283,220,459,218
1776754372.109776,94.9100394966284,171,20,172.16561793807728,20.944722376895044,0.04458340527068104,189,367,283,220,459,218
1776754372.1658707,94.9100394966284,171,20,172.16561793807728,20.944722376895044,0.04458340527068104,189,367,283,220,459,218
1776754372.2187538,94.9100394966284,171,20,172.16561793807728,20.944722376895044,0.04458340527068104,189,367,283,220,459,218
1776754372.276725,94.9100394966284,171,20,172.16561793807728,20.944722376895044,0.04458340527068104,189,367,283,220,459,218
1776754372.3338978,94.9100394966284,171,20,172.16561793807728,20.944722376895044,0.04458340527068104,189,367,283,220,459,218
1776754372.3912365,94.9100394966284,171,20,172.16561793807728,20.944722376895044,0.04458340527068104,189,367,283,220,459,218
1776754372.448016,94.9100394966284,171,20,172.16561793807728,20.944722376895044,0.04458340527068104,189,367,283,220,459,218
1776754372.505742,94.9100394966284,171,20,172.16561793807728,20.944722376895044,0.04458340527068104,189,367,283,220,459,218
1776754372.5589387,94.9100394966284,171,20,172.16561793807728,20.944722376895044,0.04458340527068104,189,367,283,220,459,218
1776754372.6168842,94.9100394966284,171,20,172.16561793807728,20.944722376895044,0.04458340527068104,189,367,283,220,459,218
1776754372.6738036,94.9100394966284,171,20,172.16561793807728,20.944722376895044,0.04458340527068104,189,367,283,220,459,218
1776754372.7306578,94.9100394966284,171,20,172.16561793807728,20.944722376895044,0.04458340527068104,189,367,283,220,459,218
1776754372.788019,94.9100394966284,171,20,172.16561793807728,20.944722376895044,0.04458340527068104,189,367,283,220,459,218
1776754372.8453915,94.9100394966284,171,20,172.16561793807728,20.944722376895044,0.04458340527068104,189,367,283,220,459,218
1776754372.8991172,94.9100394966284,171,20,172.16561793807728,20.944722376895044,0.04458340527068104,189,367,283,220,459,218
1776754372.9573982,94.9100394966284,171,20,172.16561793807728,20.944722376895044,0.04458340527068104,189,367,283,220,459,218
1776754373.013993,94.9100394966284,171,20,172.16561793807728,20.944722376895044,0.04458340527068104,189,367,283,220,459,218
1776754373.070848,94.9100394966284,171,20,172.16561793807728,20.944722376895044,0.04458340527068104,189,367,283,220,459,218
1776754373.12867,94.9100394966284,171,20,172.16561793807728,20.944722376895044,0.04458340527068104,189,367,283,220,459,218
1776754373.1858356,94.9100394966284,171,20,172.16561793807728,20.944722376895044,0.04458340527068104,189,367,283,220,459,218
1776754373.239066,94.9100394966284,171,20,172.16561793807728,20.944722376895044,0.04458340527068104,189,367,283,220,459,218
1776754373.2963223,94.9100394966284,171,20,172.16561793807728,20.944722376895044,0.04458340527068104,189,367,283,220,459,218
1776754373.3533702,94.9100394966284,171,20,172.16561793807728,20.944722376895044,0.04458340527068104,189,367,283,220,459,218
1776754373.411088,94.9100394966284,171,20,172.16561793807728,20.944722376895044,0.04458340527068104,189,367,283,220,459,218
1776754373.4688926,94.9100394966284,171,20,172.16561793807728,20.944722376895044,0.04458340527068104,189,367,283,220,459,218
1776754373.5257075,94.9100394966284,171,20,172.16561793807728,20.944722376895044,0.04458340527068104,189,367,283,220,459,218
1776754373.5791352,94.9100394966284,171,20,172.16561793807728,20.944722376895044,0.04458340527068104,189,367,283,220,459,218
1776754373.6364362,94.9100394966284,171,20,172.16561793807728,20.944722376895044,0.04458340527068104,189,367,283,220,459,218
1776754373.693243,94.9100394966284,171,20,172.16561793807728,20.944722376895044,0.04458340527068104,189,367,283,220,459,218
1776754373.7512827,94.9100394966284,171,20,172.16561793807728,20.944722376895044,0.04458340527068104,189,367,283,220,459,218
1776754373.8083465,94.9100394966284,171,20,172.16561793807728,20.944722376895044,0.04458340527068104,189,367,283,220,459,218
1776754373.8617918,94.9100394966284,171,20,172.16561793807728,20.944722376895044,0.04458340527068104,189,367,283,220,459,218
1776754373.9191995,94.9100394966284,171,20,172.16561793807728,20.944722376895044,0.04458340527068104,189,367,283,220,459,218
1776754373.976301,94.9100394966284,171,20,172.16561793807728,20.944722376895044,0.04458340527068104,189,367,283,220,459,218
1776754374.0336618,94.9100394966284,171,20,172.16561793807728,20.944722376895044,0.04458340527068104,189,367,283,220,459,218
1776754374.0907865,94.9100394966284,171,20,172.16561793807728,20.944722376895044,0.04458340527068104,189,367,283,220,459,218
1776754374.1485505,94.9100394966284,171,20,172.16561793807728,20.944722376895044,0.04458340527068104,189,367,283,220,459,218
1776754374.2016559,94.9100394966284,171,20,172.16561793807728,20.944722376895044,0.04458340527068104,189,367,283,220,459,218
1776754374.258516,94.9100394966284,171,20,172.16561793807728,20.944722376895044,0.04458340527068104,189,367,283,220,459,218
1776754374.3158405,94.9100394966284,171,20,172.16561793807728,20.944722376895044,0.04458340527068104,189,367,283,220,459,218
1776754374.3730702,94.9100394966284,171,20,172.16561793807728,20.944722376895044,0.04458340527068104,189,367,283,220,459,218
1776754374.4307592,94.9100394966284,171,20,172.16561793807728,20.944722376895044,0.04458340527068104,189,367,283,220,459,218
1776754374.488368,94.9100394966284,171,20,172.16561793807728,20.944722376895044,0.04458340527068104,189,367,283,220,459,218
1776754374.54175,94.9100394966284,171,20,172.16561793807728,20.944722376895044,0.04458340527068104,189,367,283,220,459,218
1776754374.5983891,94.9100394966284,171,20,172.16561793807728,20.944722376895044,0.04458340527068104,189,367,283,220,459,218
1776754374.656193,94.9100394966284,171,20,172.16561793807728,20.944722376895044,0.04458340527068104,189,367,283,220,459,218
1776754374.7135818,94.9100394966284,171,20,172.16561793807728,20.944722376895044,0.04458340527068104,189,367,283,220,459,218
1776754374.7707632,94.9100394966284,171,20,172.16561793807728,20.944722376895044,0.04458340527068104,189,367,283,220,459,218
1776754374.8284254,94.9100394966284,171,20,172.16561793807728,20.944722376895044,0.04458340527068104,189,367,283,220,459,218
1776754374.8813705,94.9100394966284,171,20,172.16561793807728,20.944722376895044,0.04458340527068104,189,367,283,220,459,218
1776754374.9388325,94.9100394966284,171,20,172.16561793807728,20.944722376895044,0.04458340527068104,189,367,283,220,459,218
1776754374.9957175,94.9100394966284,171,20,172.16561793807728,20.944722376895044,0.04458340527068104,189,367,283,220,459,218
1776754375.0530808,94.9100394966284,171,20,172.16561793807728,20.944722376895044,0.04458340527068104,189,367,283,220,459,218
1776754375.1105983,94.9100394966284,171,20,172.16561793807728,20.944722376895044,0.04458340527068104,189,367,283,220,459,218
1776754375.1652863,94.9100394966284,171,20,172.16561793807728,20.944722376895044,0.04458340527068104,189,367,283,220,459,218
1776754375.2210343,94.9100394966284,171,20,172.16561793807728,20.944722376895044,0.04458340527068104,189,367,283,220,459,218
1776754375.2783535,94.9100394966284,171,21,172.28464818433474,20.959202942133178,0.04481878042635624,189,367,283,220,459,219
1776754375.3361964,94.9100394966284,171,21,172.28464818433474,20.959202942133178,0.04481878042635624,189,367,283,220,459,219
1776754375.393193,94.9100394966284,171,21,172.28464818433474,20.959202942133178,0.04481878042635624,189,367,283,220,459,219
1776754375.4508462,94.9100394966284,171,21,172.28464818433474,20.959202942133178,0.04481878042635624,189,367,283,220,459,219
1776754375.503986,94.9100394966284,171,21,172.28464818433474,20.959202942133178,0.04481878042635624,189,367,283,220,459,219
1776754375.561869,94.9100394966284,171,21,172.28464818433474,20.959202942133178,0.04481878042635624,189,367,283,220,459,219
1776754375.61947,94.9100394966284,171,21,172.28464818433474,20.959202942133178,0.04481878042635624,189,367,283,220,459,219
1776754375.6757567,94.9100394966284,171,21,172.28464818433474,20.959202942133178,0.04481878042635624,189,367,283,220,459,219
1776754375.7330606,94.9100394966284,171,21,172.28464818433474,20.959202942133178,0.04481878042635624,189,367,283,220,459,219
1776754375.7901647,94.9100394966284,171,21,172.28464818433474,20.959202942133178,0.04481878042635624,189,367,283,220,459,219
1776754375.8441448,94.9100394966284,171,21,172.28464818433474,20.959202942133178,0.04481878042635624,189,367,283,220,459,219
1776754375.9016912,94.9100394966284,171,21,172.28464818433474,20.959202942133178,0.04481878042635624,189,367,283,220,459,219
1776754375.9587452,94.9100394966284,171,21,172.28464818433474,20.959202942133178,0.04481878042635624,189,367,283,220,459,219
1776754376.0154948,94.9100394966284,171,21,172.28464818433474,20.959202942133178,0.04481878042635624,189,367,283,220,459,219
1776754376.0736516,94.9100394966284,171,21,172.28464818433474,20.959202942133178,0.04481878042635624,189,367,283,220,459,219
1776754376.1312666,94.9100394966284,171,21,172.28464818433474,20.959202942133178,0.04481878042635624,189,367,283,220,459,219
1776754376.1845362,94.9100394966284,171,21,172.28464818433474,20.959202942133178,0.04481878042635624,189,367,283,220,459,219
1776754376.2416084,94.9100394966284,171,21,172.28464818433474,20.959202942133178,0.04481878042635624,189,367,283,220,459,219
1776754376.2984142,94.9100394966284,171,21,172.28464818433474,20.959202942133178,0.04481878042635624,189,367,283,220,459,219
1776754376.3562102,94.9100394966284,171,21,172.28464818433474,20.959202942133178,0.04481878042635624,189,367,283,220,459,219
1776754376.4139462,94.9100394966284,171,21,172.28464818433474,20.959202942133178,0.04481878042635624,189,367,283,220,459,219
1776754376.4707403,94.9100394966284,171,21,172.28464818433474,20.959202942133178,0.04481878042635624,189,367,283,220,459,219
1776754376.5239768,94.9100394966284,171,21,172.28464818433474,20.959202942133178,0.04481878042635624,189,367,283,220,459,219
1776754376.5814152,94.9100394966284,171,21,172.28464818433474,20.959202942133178,0.04481878042635624,189,367,283,220,459,219
1776754376.638356,94.9100394966284,171,21,172.28464818433474,20.959202942133178,0.04481878042635624,189,367,283,220,459,219
1776754376.6967976,94.9100394966284,171,21,172.28464818433474,20.959202942133178,0.04481878042635624,189,367,283,220,459,219
1776754376.7535186,94.9100394966284,171,21,172.28464818433474,20.959202942133178,0.04481878042635624,189,367,283,220,459,219
1776754376.8068101,94.9100394966284,171,21,172.28464818433474,20.959202942133178,0.04481878042635624,189,367,283,220,459,219
1776754376.8639853,94.9100394966284,171,21,172.28464818433474,20.959202942133178,0.04481878042635624,189,367,283,220,459,219
1776754376.9212575,94.9100394966284,171,21,172.28464818433474,20.959202942133178,0.04481878042635624,189,367,283,220,459,219
1776754376.9785872,94.9100394966284,171,21,172.28464818433474,20.959202942133178,0.04481878042635624,189,367,283,220,459,219
1776754377.0362053,94.9100394966284,171,21,172.28464818433474,20.959202942133178,0.04481878042635624,189,367,283,220,459,219
1776754377.0930414,94.9100394966284,171,21,172.28464818433474,20.959202942133178,0.04481878042635624,189,367,283,220,459,219
1776754377.1465394,94.9100394966284,172,21,173.27723451163456,21.079955536695202,0.04469237458282988,189,367,283,220,460,219
1776754377.203796,94.9100394966284,172,21,173.27723451163456,21.079955536695202,0.04469237458282988,189,367,283,220,460,219
1776754377.2608762,94.9100394966284,172,21,173.27723451163456,21.079955536695202,0.04469237458282988,189,367,283,220,460,219
1776754377.3181453,94.9100394966284,172,21,173.27723451163456,21.079955536695202,0.04469237458282988,189,367,283,220,460,219
1776754377.3756175,94.9100394966284,172,21,173.27723451163456,21.079955536695202,0.04469237458282988,189,367,283,220,460,219
1776754377.4325993,94.9100394966284,172,21,173.27723451163456,21.079955536695202,0.04469237458282988,189,367,283,220,460,219
1776754377.4860954,94.9100394966284,172,21,173.27723451163456,21.079955536695202,0.04469237458282988,189,367,283,220,460,219
1776754377.5439668,94.9100394966284,172,21,173.27723451163456,21.079955536695202,0.04469237458282988,189,367,283,220,460,219
1776754377.6013327,94.9100394966284,172,21,173.27723451163456,21.079955536695202,0.04469237458282988,189,367,283,220,460,219
1776754377.6584797,94.9100394966284,172,21,173.27723451163456,21.079955536695202,0.04469237458282988,189,367,283,220,460,219
1776754377.7738402,94.9100394966284,172,21,173.27723451163456,21.079955536695202,0.04469237458282988,189,367,283,220,460,219
1776754377.82653,94.9100394966284,172,21,173.27723451163456,21.079955536695202,0.04469237458282988,189,367,283,220,460,219
1776754377.883907,94.9100394966284,172,21,173.27723451163456,21.079955536695202,0.04469237458282988,189,367,283,220,460,219
1776754377.941122,94.9100394966284,172,21,173.27723451163456,21.079955536695202,0.04469237458282988,189,367,283,220,460,219
1776754377.9978957,94.9100394966284,172,21,173.27723451163456,21.079955536695202,0.04469237458282988,189,367,283,220,460,219
1776754378.0561035,94.9100394966284,172,21,173.27723451163456,21.079955536695202,0.04469237458282988,189,367,283,220,460,219
1776754378.1133027,94.9100394966284,172,21,173.27723451163456,21.079955536695202,0.04469237458282988,189,367,283,220,460,219
1776754378.1660414,94.9100394966284,172,21,173.27723451163456,21.079955536695202,0.04469237458282988,189,367,283,220,460,219
1776754378.2240436,94.9100394966284,172,21,173.27723451163456,21.079955536695202,0.04469237458282988,189,367,283,220,460,219
1776754378.2811353,94.9100394966284,172,21,173.27723451163456,21.079955536695202,0.04469237458282988,189,367,283,220,460,219
1776754378.3378177,94.9100394966284,172,21,173.27723451163456,21.079955536695202,0.04469237458282988,189,367,283,220,460,219
