time,pressure_kPa,dx_px,dy_px,tip_disp_px,tip_disp_mm,curvature_1_per_mm,base_x,base_y,mid_x,mid_y,tip_x,tip_y
1776768038.3062408,0.968275042989234,0,0,0.0,0.0,0.03714655918689358,189,361,201,309,238,244
1776768038.3633394,0.9624825128967701,0,0,0.0,0.0,0.03714655918689358,189,361,201,309,238,244
1776768038.4206562,0.960744753869031,0,0,0.0,0.0,0.03714655918689358,189,361,201,309,238,244
1776768038.4745698,1.0302234261607093,0,0,0.0,0.0,0.03714655918689358,189,361,201,309,238,244
1776768038.5315332,1.0300670278482127,0,0,0.0,0.0,0.03714655918689358,189,361,201,309,238,244
1776768038.5890667,0.9950201083544638,0,0,0.0,0.0,0.03714655918689358,189,361,201,309,238,244
1776768038.646375,0.977506032506339,0,0,0.0,0.0,0.03714655918689358,189,361,201,309,238,244
1776768038.7038574,1.0772518097519017,0,0,0.0,0.0,0.03714655918689358,189,361,201,309,238,244
1776768038.7570899,1.0651755429255705,0,0,0.0,0.0,0.03714655918689358,189,361,201,309,238,244
1776768038.8138607,1.0825526628776712,0,0,0.0,0.0,0.03714655918689358,189,361,201,309,238,244
1776768038.871677,1.0387657988633012,0,0,0.0,0.0,0.03714655918689358,189,361,201,309,238,244
1776768038.9285107,1.0046297396589903,0,0,0.0,0.0,0.03714655918689358,189,361,201,309,238,244
1776768038.9857655,0.987388921897697,0,0,0.0,0.0,0.03714655918689358,189,361,201,309,238,244
1776768039.039538,0.968216676569309,0,0,0.0,0.0,0.03714655918689358,189,361,201,309,238,244
1776768039.0969265,0.9694650029707926,0,0,0.0,0.0,0.03714655918689358,189,361,201,309,238,244
1776768039.1537454,0.9418395008912378,0,0,0.0,0.0,0.03714655918689358,189,361,201,309,238,244
1776768039.2109435,1.0105518502673714,0,0,0.0,0.0,0.03714655918689358,189,361,201,309,238,244
1776768039.268662,1.0381655550802114,0,0,0.0,0.0,0.03714655918689358,189,361,201,309,238,244
1776768039.3214266,1.0114496665240633,0,0,0.0,0.0,0.03714655918689358,189,361,201,309,238,244
1776768039.3792942,1.003434899957219,0,0,0.0,0.0,0.03714655918689358,189,361,201,309,238,244
1776768039.4367275,0.9730304699871656,0,0,0.0,0.0,0.03714655918689358,189,361,201,309,238,244
1776768039.4935322,0.9779091409961496,0,0,0.0,0.0,0.03714655918689358,189,361,201,309,238,244
1776768039.550935,0.9793727422988447,0,0,0.0,0.0,0.03714655918689358,189,361,201,309,238,244
1776768039.6046844,0.9728118226896534,0,0,0.0,0.0,0.03714655918689358,189,361,201,309,238,244
1776768039.6618495,0.9708435468068959,0,0,0.0,0.0,0.03714655918689358,189,361,201,309,238,244
1776768039.7188122,0.9842530640420687,0,0,0.0,0.0,0.03714655918689358,189,361,201,309,238,244
1776768039.7761426,0.9952759192126206,0,0,0.0,0.0,0.03714655918689358,189,361,201,309,238,244
1776768039.833359,1.005582775763786,0,0,0.0,0.0,0.03714655918689358,189,361,201,309,238,244
1776768039.8868089,0.9876748327291358,0,0,0.0,0.0,0.03714655918689358,189,361,201,309,238,244
1776768039.9447212,1.0803024498187408,0,0,0.0,0.0,0.03714655918689358,189,361,201,309,238,244
1776768040.0024984,1.0800907349456224,0,0,0.0,0.0,0.03714655918689358,189,361,201,309,238,244
1776768040.0592382,1.1640272204836868,0,0,0.0,0.0,0.03714655918689358,189,361,201,309,238,244
1776768040.1164162,1.147208166145106,0,0,0.0,0.0,0.03714655918689358,189,361,201,309,238,244
1776768040.1702943,1.1841624498435317,0,0,0.0,0.0,0.03714655918689358,189,361,201,309,238,244
1776768040.227612,1.1392487349530596,0,0,0.0,0.0,0.03714655918689358,189,361,201,309,238,244
1776768040.284419,1.090774620485918,0,0,0.0,0.0,0.03714655918689358,189,361,201,309,238,244
1776768040.3413382,1.0692323861457753,0,0,0.0,0.0,0.03714655918689358,189,361,201,309,238,244
1776768040.3993866,1.0487697158437326,0,0,0.0,0.0,0.03714655918689358,189,361,201,309,238,244
1776768040.4565616,1.0356309147531197,0,0,0.0,0.0,0.03714655918689358,189,361,201,309,238,244
1776768040.5096726,1.0176892744259358,0,0,0.0,0.0,0.03714655918689358,189,361,201,309,238,244
1776768040.5674243,1.0333067823277808,0,0,0.0,0.0,0.03714655918689358,189,361,201,309,238,244
1776768040.6240683,1.0099920346983342,0,0,0.0,0.0,0.03714655918689358,189,361,201,309,238,244
1776768040.6818168,1.0939976104095002,0,0,0.0,0.0,0.03714655918689358,189,361,201,309,238,244
1776768040.7393296,1.09819928312285,0,0,0.0,0.0,0.03714655918689358,189,361,201,309,238,244
1776768040.7925365,1.064459784936855,0,0,0.0,0.0,0.03714655918689358,189,361,201,309,238,244
1776768040.8506553,1.0473379354810564,0,0,0.0,0.0,0.03714655918689358,189,361,201,309,238,244
1776768040.907184,1.189201380644317,0,0,0.0,0.0,0.03714655918689358,189,361,201,309,238,244
1776768040.9644465,1.1757604141932951,0,0,0.0,0.0,0.03714655918689358,189,361,201,309,238,244
1776768041.022023,1.1367281242579885,0,0,0.0,0.0,0.03714655918689358,189,361,201,309,238,244
1776768041.074692,1.0970184372773966,0,0,0.0,0.0,0.03714655918689358,189,361,201,309,238,244
1776768041.132589,1.0641055311832188,0,0,0.0,0.0,0.03714655918689358,189,361,201,309,238,244
1776768041.1898673,1.0472316593549655,0,0,0.0,0.0,0.03714655918689358,189,361,201,309,238,244
1776768041.247037,1.0491694978064896,0,0,0.0,0.0,0.03714655918689358,189,361,201,309,238,244
1776768041.3042858,1.0637508493419467,0,0,0.0,0.0,0.03714655918689358,189,361,201,309,238,244
1776768041.357952,1.047125254802584,0,0,0.0,0.0,0.03714655918689358,189,361,201,309,238,244
1776768041.4151556,1.0841375764407752,0,0,0.0,0.0,0.03714655918689358,189,361,201,309,238,244
1776768041.4723313,0.6542412729322324,0,0,0.0,0.0,0.03714655918689358,189,361,201,309,238,244
1776768041.5290143,0.7212723818796696,0,0,0.0,0.0,0.03714655918689358,189,361,201,309,238,244
1776768041.5868447,0.8043817145639008,0,0,0.0,0.0,0.03714655918689358,189,361,201,309,238,244
1776768041.6404147,1.0603145143691701,0,0,0.0,0.0,0.03714655918689358,189,361,201,309,238,244
1776768041.6973667,1.123094354310751,0,0,0.0,0.0,0.03714655918689358,189,361,201,309,238,244
1776768041.7549975,1.1069283062932254,0,0,0.0,0.0,0.03714655918689358,189,361,201,309,238,244
1776768041.812138,1.1020784918879676,0,0,0.0,0.0,0.03714655918689358,189,361,201,309,238,244
1776768041.86977,1.0726235475663903,0,0,0.0,0.0,0.03714655918689358,189,361,201,309,238,244
1776768041.922311,1.1057870642699172,0,0,0.0,0.0,0.03714655918689358,189,361,201,309,238,244
1776768041.9796185,1.0877361192809751,0,0,0.0,0.0,0.03714655918689358,189,361,201,309,238,244
1776768042.0374098,1.0963208357842926,0,0,0.0,0.0,0.03714655918689358,189,361,201,309,238,244
1776768042.0943615,1.0988962507352877,0,0,0.0,0.0,0.03714655918689358,189,361,201,309,238,244
1776768042.1517277,1.1416688752205864,0,0,0.0,0.0,0.03714655918689358,189,361,201,309,238,244
1776768042.2059128,1.1405006625661758,0,0,0.0,0.0,0.03714655918689358,189,361,201,309,238,244
1776768042.2630625,1.1891501987698527,0,0,0.0,0.0,0.03714655918689358,189,361,201,309,238,244
1776768042.3199434,1.1687450596309557,0,0,0.0,0.0,0.03714655918689358,189,361,201,309,238,244
1776768042.3776562,1.2816235178892867,0,0,0.0,0.0,0.03714655918689358,189,361,201,309,238,244
1776768042.4348688,1.266487055366786,0,0,0.0,0.0,0.03714655918689358,189,361,201,309,238,244
1776768042.4882042,1.2059461166100358,0,0,0.0,0.0,0.03714655918689358,189,361,201,309,238,244
1776768042.5463808,1.1597838349830107,0,0,0.0,0.0,0.03714655918689358,189,361,201,309,238,244
1776768042.6026397,1.152935150494903,0,0,0.0,0.0,0.03714655918689358,189,361,201,309,238,244
1776768042.6597316,1.1718805451484708,0,0,0.0,0.0,0.03714655918689358,189,361,201,309,238,244
1776768042.7173038,1.1565641635445412,0,0,0.0,0.0,0.03714655918689358,189,361,201,309,238,244
1776768042.7748504,1.1379692490633624,0,0,0.0,0.0,0.03714655918689358,189,361,201,309,238,244
1776768042.829069,1.1253907747190088,0,0,0.0,0.0,0.03714655918689358,189,361,201,309,238,244
1776768042.886987,1.0726172324157026,0,0,0.0,0.0,0.03714655918689358,189,361,201,309,238,244
1776768042.9430258,1.0147851697247108,0,0,0.0,0.0,0.03714655918689358,189,361,201,309,238,244
1776768043.000877,1.0464355509174132,0,0,0.0,0.0,0.03714655918689358,189,361,201,309,238,244
1776768043.05712,1.048930665275224,0,0,0.0,0.0,0.03714655918689358,189,361,201,309,238,244
1776768043.1109834,1.175679199582567,0,0,0.0,0.0,0.03714655918689358,189,361,201,309,238,244
1776768043.167826,1.18570375987477,0,0,0.0,0.0,0.03714655918689358,189,361,201,309,238,244
1776768043.2255387,1.146711127962431,0,0,0.0,0.0,0.03714655918689358,189,361,201,309,238,244
1776768043.2830765,1.1210133383887293,0,0,0.0,0.0,0.03714655918689358,189,361,201,309,238,244
1776768043.3399506,1.1063040015166188,0,0,0.0,0.0,0.03714655918689358,189,361,201,309,238,244
1776768043.3936522,1.1158912004549857,0,0,0.0,0.0,0.03714655918689358,189,361,201,309,238,244
1776768043.4510493,1.1187673601364958,0,0,0.0,0.0,0.03714655918689358,189,361,201,309,238,244
1776768043.5078542,1.1476302080409486,0,0,0.0,0.0,0.03714655918689358,189,361,201,309,238,244
1776768043.5654757,1.1632890624122845,0,0,0.0,0.0,0.03714655918689358,189,361,201,309,238,244
1776768043.6223016,1.2519867187236853,0,0,0.0,0.0,0.03714655918689358,189,361,201,309,238,244
1776768043.6760926,1.2295960156171055,0,0,0.0,0.0,0.03714655918689358,189,361,201,309,238,244
1776768043.7332404,1.2368788046851316,0,0,0.0,0.0,0.03714655918689358,189,361,201,309,238,244
1776768043.7903378,1.2180636414055395,0,0,0.0,0.0,0.03714655918689358,189,361,201,309,238,244
1776768043.8481681,1.3384190924216617,0,0,0.0,0.0,0.03714655918689358,189,361,201,309,238,244
1776768043.9053931,1.2905257277264983,0,0,0.0,0.0,0.03714655918689358,189,361,201,309,238,244
1776768043.9585001,1.8501577183179494,0,0,0.0,0.0,0.03714655918689358,189,361,201,309,238,244
1776768044.0158443,1.8150473154953848,0,0,0.0,0.0,0.03714655918689358,189,361,201,309,238,244
1776768044.0731375,1.6365141946486153,0,0,0.0,0.0,0.03714655918689358,189,361,201,309,238,244
1776768044.1303635,1.5059542583945844,0,0,0.0,0.0,0.03714655918689358,189,361,201,309,238,244
1776768044.187251,1.3757862775183751,0,0,0.0,0.0,0.03714655918689358,189,361,201,309,238,244
1776768044.2407436,1.3717358832555124,0,0,0.0,0.0,0.03714655918689358,189,361,201,309,238,244
1776768044.2985244,1.3215207649766536,0,0,0.0,0.0,0.03714655918689358,189,361,201,309,238,244
1776768044.3558466,1.334456229492996,0,0,0.0,0.0,0.03714655918689358,189,361,201,309,238,244
1776768044.4135878,1.2963368688478987,0,0,0.0,0.0,0.03714655918689358,189,361,201,309,238,244
1776768044.4706397,1.3269010606543694,0,0,0.0,0.0,0.03714655918689358,189,361,201,309,238,244
1776768044.5236635,1.2800703181963107,0,0,0.0,0.0,0.03714655918689358,189,361,201,309,238,244
1776768044.5807211,1.2310210954588932,0,0,0.0,0.0,0.03714655918689358,189,361,201,309,238,244
1776768044.6385422,1.181306328637668,0,0,0.0,0.0,0.03714655918689358,189,361,201,309,238,244
1776768044.695794,1.1453918985913003,0,0,0.0,0.0,0.03714655918689358,189,361,201,309,238,244
1776768044.7543128,1.10661756957739,0,0,0.0,0.0,0.03714655918689358,189,361,201,309,238,244
1776768044.8105135,1.087985270873217,0,0,0.0,0.0,0.03714655918689358,189,361,201,309,238,244
1776768044.8633738,1.096395581261965,0,0,0.0,0.0,0.03714655918689358,189,361,201,309,238,244
1776768044.921371,1.0849186743785895,0,0,0.0,0.0,0.03714655918689358,189,361,201,309,238,244
1776768044.9787357,1.1234756023135768,0,0,0.0,0.0,0.03714655918689358,189,361,201,309,238,244
1776768045.0359056,1.1420426806940729,0,0,0.0,0.0,0.03714655918689358,189,361,201,309,238,244
1776768045.0931516,1.2736128042082218,0,0,0.0,0.0,0.03714655918689358,189,361,201,309,238,244
1776768045.1466925,1.2570838412624665,0,0,0.0,0.0,0.03714655918689358,189,361,201,309,238,244
1776768045.2036452,1.30112515237874,0,0,0.0,0.0,0.03714655918689358,189,361,201,309,238,244
1776768045.2612455,1.2583375457136219,0,0,0.0,0.0,0.03714655918689358,189,361,201,309,238,244
1776768045.318791,1.2175012637140865,0,0,0.0,0.0,0.03714655918689358,189,361,201,309,238,244
1776768045.3760338,1.1842503791142258,0,0,0.0,0.0,0.03714655918689358,189,361,201,309,238,244
1776768045.4287527,1.1462751137342677,0,0,0.0,0.0,0.03714655918689358,189,361,201,309,238,244
1776768045.486071,1.1278825341202803,0,0,0.0,0.0,0.03714655918689358,189,361,201,309,238,244
1776768045.5437825,1.122364760236084,0,0,0.0,0.0,0.03714655918689358,189,361,201,309,238,244
1776768045.6006546,1.1347094280708252,0,0,0.0,0.0,0.03714655918689358,189,361,201,309,238,244
1776768045.6586812,1.1104128284212476,0,0,0.0,0.0,0.03714655918689358,189,361,201,309,238,244
1776768045.71148,1.1451238485263742,0,0,0.0,0.0,0.03714655918689358,189,361,201,309,238,244
1776768045.7689695,1.1415371545579123,0,0,0.0,0.0,0.03714655918689358,189,361,201,309,238,244
1776768045.826331,1.1894611463673737,0,0,0.0,0.0,0.03714655918689358,189,361,201,309,238,244
1776768045.8840294,1.1828383439102121,0,0,0.0,0.0,0.03714655918689358,189,361,201,309,238,244
1776768045.9409997,1.2228515031730636,0,0,0.0,0.0,0.03714655918689358,189,361,201,309,238,244
1776768045.9945595,1.199855450951919,0,0,0.0,0.0,0.03714655918689358,189,361,201,309,238,244
1776768046.0515978,1.1789566352855756,0,0,0.0,0.0,0.03714655918689358,189,361,201,309,238,244
1776768046.1088848,1.1586869905856725,0,0,0.0,0.0,0.03714655918689358,189,361,201,309,238,244
1776768046.1661763,1.1456060971757016,0,0,0.0,0.0,0.03714655918689358,189,361,201,309,238,244
1776768046.2232997,1.1346818291527103,0,0,0.0,0.0,0.03714655918689358,189,361,201,309,238,244
1776768046.2763064,1.103404548745813,0,0,0.0,0.0,0.03714655918689358,189,361,201,309,238,244
1776768046.3336487,1.108021364623744,0,0,0.0,0.0,0.03714655918689358,189,361,201,309,238,244
1776768046.3910005,1.123406409387123,0,0,0.0,0.0,0.03714655918689358,189,361,201,309,238,244
1776768046.449024,1.2260219228161369,0,0,0.0,0.0,0.03714655918689358,189,361,201,309,238,244
1776768046.5058029,1.200806576844841,0,0,0.0,0.0,0.03714655918689358,189,361,201,309,238,244
1776768046.563346,1.2212419730534523,0,0,0.0,0.0,0.03714655918689358,189,361,201,309,238,244
1776768046.6169305,1.2063725919160357,0,0,0.0,0.0,0.03714655918689358,189,361,201,309,238,244
1776768046.6755643,1.2999117775748106,0,0,0.0,0.0,0.03714655918689358,189,361,201,309,238,244
1776768046.7314525,1.257973533272443,0,0,0.0,0.0,0.03714655918689358,189,361,201,309,238,244
1776768046.7882977,1.217392059981733,0,0,0.0,0.0,0.03714655918689358,189,361,201,309,238,244
1776768046.845698,1.1842176179945199,0,0,0.0,0.0,0.03714655918689358,189,361,201,309,238,244
1776768046.8997867,1.146265285398356,0,0,0.0,0.0,0.03714655918689358,189,361,201,309,238,244
1776768046.9566255,1.1348795856195066,0,0,0.0,0.0,0.03714655918689358,189,361,201,309,238,244
1776768047.0142496,1.1384638756858518,0,0,0.0,0.0,0.03714655918689358,189,361,201,309,238,244
1776768047.0715735,1.1395391627057554,0,0,0.0,0.0,0.03714655918689358,189,361,201,309,238,244
1776768047.1287086,1.2238617488117265,0,0,0.0,0.0,0.03714655918689358,189,361,201,309,238,244
1776768047.181913,1.3611585246435178,0,0,0.0,0.0,0.03714655918689358,189,361,201,309,238,244
1776768047.2392433,1.3323475573930552,0,0,0.0,0.0,0.03714655918689358,189,361,201,309,238,244
1776768047.296712,1.3027042672179165,0,0,0.0,0.0,0.03714655918689358,189,361,201,309,238,244
1776768047.3542612,1.244811280165375,0,0,0.0,0.0,0.03714655918689358,189,361,201,309,238,244
1776768047.4110062,1.2554433840496124,0,0,0.0,0.0,0.03714655918689358,189,361,201,309,238,244
1776768047.4646058,1.2096330152148838,0,0,0.0,0.0,0.03714655918689358,189,361,201,309,238,244
1776768047.5221317,1.174889904564465,0,0,0.0,0.0,0.03714655918689358,189,361,201,309,238,244
1776768047.5794358,1.1364669713693396,0,0,0.0,0.0,0.03714655918689358,189,361,201,309,238,244
1776768047.636584,1.152940091410802,0,0,0.0,0.0,0.03714655918689358,189,361,201,309,238,244
1776768047.6941173,1.1578820274232404,0,0,0.0,0.0,0.03714655918689358,189,361,201,309,238,244
1776768047.7470326,1.166364608226972,0,0,0.0,0.0,0.03714655918689358,189,361,201,309,238,244
1776768047.804609,1.1969093824680916,0,0,0.0,0.0,0.03714655918689358,189,361,201,309,238,244
1776768047.8615701,1.1780728147404274,0,0,0.0,0.0,0.03714655918689358,189,361,201,309,238,244
1776768047.9190702,1.242421844422128,0,0,0.0,0.0,0.03714655918689358,189,361,201,309,238,244
1776768047.9765224,1.2267265533266385,0,0,0.0,0.0,0.03714655918689358,189,361,201,309,238,244
1776768048.0350406,1.2570179659979914,0,0,0.0,0.0,0.03714655918689358,189,361,201,309,238,244
1776768048.0873177,1.2241053897993974,0,0,0.0,0.0,0.03714655918689358,189,361,201,309,238,244
1776768048.1447034,1.2492316169398192,0,0,0.0,0.0,0.03714655918689358,189,361,201,309,238,244
1776768048.202046,1.2287694850819457,0,0,0.0,0.0,0.03714655918689358,189,361,201,309,238,244
1776768048.2592738,1.2016308455245837,0,0,0.0,0.0,0.03714655918689358,189,361,201,309,238,244
1776768048.31283,1.200489253657375,0,0,0.0,0.0,0.03714655918689358,189,361,201,309,238,244
1776768048.3698885,1.1581467760972124,0,0,0.0,0.0,0.03714655918689358,189,361,201,309,238,244
1776768048.4277852,1.1454440328291637,0,0,0.0,0.0,0.03714655918689358,189,361,201,309,238,244
1776768048.4838488,1.134633209848749,0,0,0.0,0.0,0.03714655918689358,189,361,201,309,238,244
1776768048.5411234,1.1733899629546247,0,0,0.0,0.0,0.03714655918689358,189,361,201,309,238,244
1776768048.5985312,1.1920169888863874,0,0,0.0,0.0,0.03714655918689358,189,361,201,309,238,244
1776768048.6524105,1.2466050966659161,0,0,0.0,0.0,0.03714655918689358,189,361,201,309,238,244
1776768048.7091274,1.2349815289997748,0,0,0.0,0.0,0.03714655918689358,189,361,201,309,238,244
1776768048.7665186,1.2874944586999324,0,0,0.0,0.0,0.03714655918689358,189,361,201,309,238,244
1776768048.82435,1.2752483376099797,0,0,0.0,0.0,0.03714655918689358,189,361,201,309,238,244
1776768048.881759,1.2715745012829938,0,0,0.0,0.0,0.03714655918689358,189,361,201,309,238,244
1776768048.9350474,1.256472350384898,0,0,0.0,0.0,0.03714655918689358,189,361,201,309,238,244
1776768048.992389,2.686941705115469,0,0,0.0,0.0,0.03714655918689358,189,361,201,309,238,244
1776768049.050165,2.6610825115346404,0,0,0.0,0.0,0.03714655918689358,189,361,201,309,238,244
1776768049.1073205,2.345324753460392,0,0,0.0,0.0,0.03714655918689358,189,361,201,309,238,244
1776768049.1642709,2.0265974260381174,0,0,0.0,0.0,0.03714655918689358,189,361,201,309,238,244
1776768049.2183862,1.7699792278114352,0,0,0.0,0.0,0.03714655918689358,189,361,201,309,238,244
1776768049.274747,1.6089937683434306,0,0,0.0,0.0,0.03714655918689358,189,361,201,309,238,244
1776768049.3322213,1.483698130503029,0,0,0.0,0.0,0.03714655918689358,189,361,201,309,238,244
1776768049.3894,1.4671094391509087,0,0,0.0,0.0,0.03714655918689358,189,361,201,309,238,244
1776768049.4469078,1.3991328317452725,0,0,0.0,0.0,0.03714655918689358,189,361,201,309,238,244
1776768049.5007756,1.4207398495235817,0,0,0.0,0.0,0.03714655918689358,189,361,201,309,238,244
1776768049.5571995,1.3502219548570744,0,0,0.0,0.0,0.03714655918689358,189,361,201,309,238,244
1776768049.6148884,1.2800665864571223,0,0,0.0,0.0,0.03714655918689358,189,361,201,309,238,244
1776768049.6721704,1.2450199759371368,0,0,0.0,0.0,0.03714655918689358,189,361,201,309,238,244
1776768049.729393,1.206505992781141,0,0,0.0,0.0,0.03714655918689358,189,361,201,309,238,244
1776768049.7829506,1.1739517978343423,0,0,0.0,0.0,0.03714655918689358,189,361,201,309,238,244
1776768049.840039,1.1641855393503027,0,0,0.0,0.0,0.03714655918689358,189,361,201,309,238,244
1776768049.8982525,1.1752556618050907,0,0,0.0,0.0,0.03714655918689358,189,361,201,309,238,244
1776768049.9545825,1.1715766985415272,0,0,0.0,0.0,0.03714655918689358,189,361,201,309,238,244
1776768050.012134,1.254473009562458,0,0,0.0,0.0,0.03714655918689358,189,361,201,309,238,244
1776768050.0654883,1.2443419028687375,0,0,0.0,0.0,0.03714655918689358,189,361,201,309,238,244
1776768050.122922,1.262302570860621,0,0,0.0,0.0,0.03714655918689358,189,361,201,309,238,244
1776768050.1803164,1.2256907712581864,0,0,0.0,0.0,0.03714655918689358,189,361,201,309,238,244
1776768050.23774,1.3897072313774559,0,0,0.0,0.0,0.03714655918689358,189,361,201,309,238,244
1776768050.294878,1.3759121694132368,0,0,0.0,0.0,0.03714655918689358,189,361,201,309,238,244
1776768050.3486588,1.322773650823971,0,0,0.0,0.0,0.03714655918689358,189,361,201,309,238,244
1776768050.4055192,1.2718320952471913,0,0,0.0,0.0,0.03714655918689358,189,361,201,309,238,244
1776768050.4623408,1.2495496285741574,0,0,0.0,0.0,0.03714655918689358,189,361,201,309,238,244
1776768050.5199542,1.2148648885722473,0,0,0.0,0.0,0.03714655918689358,189,361,201,309,238,244
1776768050.5774615,1.1834594665716742,0,0,0.0,0.0,0.03714655918689358,189,361,201,309,238,244
1776768050.6348813,1.1740378399715021,0,0,0.0,0.0,0.03714655918689358,189,361,201,309,238,244
1776768050.6878386,1.1642113519914505,0,0,0.0,0.0,0.03714655918689358,189,361,201,309,238,244
1776768050.7451093,1.259263405597435,0,0,0.0,0.0,0.03714655918689358,189,361,201,309,238,244
1776768050.8021386,1.2667790216792305,0,0,0.0,0.0,0.03714655918689358,189,361,201,309,238,244
1776768050.859959,1.290033706503769,0,0,0.0,0.0,0.03714655918689358,189,361,201,309,238,244
1776768050.917474,1.2830101119511306,0,0,0.0,0.0,0.03714655918689358,189,361,201,309,238,244
1776768050.970504,1.3369030335853391,0,0,0.0,0.0,0.03714655918689358,189,361,201,309,238,244
1776768051.0280707,1.3250709100756017,0,0,0.0,0.0,0.03714655918689358,189,361,201,309,238,244
1776768051.0855026,1.2795212730226804,0,0,0.0,0.0,0.03714655918689358,189,361,201,309,238,244
1776768051.1426744,1.237856381906804,0,0,0.0,0.0,0.03714655918689358,189,361,201,309,238,244
1776768051.1998875,1.197356914572041,0,0,0.0,0.0,0.03714655918689358,189,361,201,309,238,244
1776768051.253086,1.1852070743716123,0,0,0.0,0.0,0.03714655918689358,189,361,201,309,238,244
1776768051.310491,1.1815621223114836,0,0,0.0,0.0,0.03714655918689358,189,361,201,309,238,244
1776768051.368256,1.187468636693445,0,0,0.0,0.0,0.03714655918689358,189,361,201,309,238,244
1776768051.425681,1.1892405910080335,0,0,0.0,0.0,0.03714655918689358,189,361,201,309,238,244
1776768051.4828398,1.21777217730241,0,0,0.0,0.0,0.03714655918689358,189,361,201,309,238,244
1776768051.5359206,1.205331653190723,0,0,0.0,0.0,0.03714655918689358,189,361,201,309,238,244
1776768051.5932848,1.2225994959572168,0,0,0.0,0.0,0.03714655918689358,189,361,201,309,238,244
1776768051.6566331,1.234779848787165,0,0,0.0,0.0,0.03714655918689358,189,361,201,309,238,244
1776768051.7079344,1.2804339546361494,0,0,0.0,0.0,0.03714655918689358,189,361,201,309,238,244
1776768051.7646792,1.2731301863908446,0,0,0.0,0.0,0.03714655918689358,189,361,201,309,238,244
1776768051.8184943,1.2429390559172533,0,0,0.0,0.0,0.03714655918689358,189,361,201,309,238,244
1776768051.8756418,1.226881716775176,0,0,0.0,0.0,0.03714655918689358,189,361,201,309,238,244
1776768051.9337285,1.1940645150325526,0,0,0.0,0.0,0.03714655918689358,189,361,201,309,238,244
1776768051.9907653,1.2052193545097658,0,0,0.0,0.0,0.03714655918689358,189,361,201,309,238,244
1776768052.0478308,1.2155658063529298,0,0,0.0,0.0,0.03714655918689358,189,361,201,309,238,244
1776768052.101129,1.2256697419058789,0,0,0.0,0.0,0.03714655918689358,189,361,201,309,238,244
1776768052.1581957,1.2847009225717636,0,0,0.0,0.0,0.03714655918689358,189,361,201,309,238,244
1776768052.2157784,1.498410276771529,0,0,0.0,0.0,0.03714655918689358,189,361,201,309,238,244
1776768052.2729461,1.4785230830314586,0,0,0.0,0.0,0.03714655918689358,189,361,201,309,238,244
1776768052.3303003,1.4865569249094375,0,0,0.0,0.0,0.03714655918689358,189,361,201,309,238,244
1776768052.383705,1.4539670774728313,0,0,0.0,0.0,0.03714655918689358,189,361,201,309,238,244
1776768052.4410853,1.5631901232418492,0,0,0.0,0.0,0.03714655918689358,189,361,201,309,238,244
1776768052.498115,1.5119570369725546,0,0,0.0,0.0,0.03714655918689358,189,361,201,309,238,244
1776768052.5558012,1.4545871110917663,0,0,0.0,0.0,0.03714655918689358,189,361,201,309,238,244
1776768052.6127563,1.3813761333275298,0,0,0.0,0.0,0.03714655918689358,189,361,201,309,238,244
1776768052.6701465,1.3244128399982589,0,0,0.0,0.0,0.03714655918689358,189,361,201,309,238,244
1776768052.7236204,1.2863238519994775,0,0,0.0,0.0,0.03714655918689358,189,361,201,309,238,244
1776768052.781294,1.281897155599843,0,0,0.0,0.0,0.03714655918689358,189,361,201,309,238,244
1776768052.8383622,1.3015691466799528,0,0,0.0,0.0,0.03714655918689358,189,361,201,309,238,244
1776768052.89537,1.2794707440039859,0,0,0.0,0.0,0.03714655918689358,189,361,201,309,238,244
1776768052.9527714,1.3358412232011956,0,0,0.0,0.0,0.03714655918689358,189,361,201,309,238,244
1776768053.005713,1.3457523669603586,0,0,0.0,0.0,0.03714655918689358,189,361,201,309,238,244
1776768053.0631711,1.4117257100881075,0,0,0.0,0.0,0.03714655918689358,189,361,201,309,238,244
1776768053.1211767,1.3965177130264321,0,0,0.0,0.0,0.03714655918689358,189,361,201,309,238,244
1776768053.1783671,1.3569553139079296,0,0,0.0,0.0,0.03714655918689358,189,361,201,309,238,244
1776768053.235484,1.3100865941723787,0,0,0.0,0.0,0.03714655918689358,189,361,201,309,238,244
1776768053.288975,1.2820259782517134,0,0,0.0,0.0,0.03714655918689358,189,361,201,309,238,244
1776768053.3469448,1.259607793475514,0,0,0.0,0.0,0.03714655918689358,189,361,201,309,238,244
1776768053.4033802,1.2388823380426541,0,0,0.0,0.0,0.03714655918689358,189,361,201,309,238,244
1776768053.4603987,1.2256647014127962,0,0,0.0,0.0,0.03714655918689358,189,361,201,309,238,244
1776768053.5180864,1.2636994104238388,0,0,0.0,0.0,0.03714655918689358,189,361,201,309,238,244
1776768053.5721488,1.3591098231271515,0,0,0.0,0.0,0.03714655918689358,189,361,201,309,238,244
1776768053.6300297,1.3527329469381453,0,0,0.0,0.0,0.03714655918689358,189,361,201,309,238,244
1776768053.6862564,1.3788198840814434,0,0,0.0,0.0,0.03714655918689358,189,361,201,309,238,244
1776768053.7435906,1.4076459652244329,0,0,0.0,0.0,0.03714655918689358,189,361,201,309,238,244
1776768053.8012636,1.4442937895673298,0,0,0.0,0.0,0.03714655918689358,189,361,201,309,238,244
1776768053.8537557,1.3992881368701988,0,0,0.0,0.0,0.03714655918689358,189,361,201,309,238,244
1776768053.9115424,1.3717864410610596,0,0,0.0,0.0,0.03714655918689358,189,361,201,309,238,244
1776768053.9684525,1.3495359323183178,0,0,0.0,0.0,0.03714655918689358,189,361,201,309,238,244
1776768054.0262427,1.3288607796954952,0,0,0.0,0.0,0.03714655918689358,189,361,201,309,238,244
1776768054.083082,1.3226582339086486,0,0,0.0,0.0,0.03714655918689358,189,361,201,309,238,244
1776768054.136974,1.3067974701725944,0,0,0.0,0.0,0.03714655918689358,189,361,201,309,238,244
1776768054.1940882,1.2810392410517781,0,0,0.0,0.0,0.03714655918689358,189,361,201,309,238,244
1776768054.250761,1.2733117723155334,0,0,0.0,0.0,0.03714655918689358,189,361,201,309,238,244
1776768054.3080983,1.31299353169466,0,0,0.0,0.0,0.03714655918689358,189,361,201,309,238,244
1776768054.3654003,1.303898059508398,0,0,0.0,0.0,0.03714655918689358,189,361,201,309,238,244
1776768054.4227293,1.3221694178525194,0,0,0.0,0.0,0.03714655918689358,189,361,201,309,238,244
1776768054.4760544,1.2996508253557557,0,0,0.0,0.0,0.03714655918689358,189,361,201,309,238,244
1776768054.534216,1.4048952476067267,0,0,0.0,0.0,0.03714655918689358,189,361,201,309,238,244
1776768054.5913525,1.3874685742820179,0,0,0.0,0.0,0.03714655918689358,189,361,201,309,238,244
1776768054.6487708,1.3472405722846053,0,0,0.0,0.0,0.03714655918689358,189,361,201,309,238,244
1776768054.7056231,1.3211721716853815,0,0,0.0,0.0,0.03714655918689358,189,361,201,309,238,244
1776768054.7595475,2.552351651505614,0,0,0.0,0.0,0.03714655918689358,189,361,201,309,238,244
1776768054.817738,2.522705495451684,0,0,0.0,0.0,0.03714655918689358,189,361,201,309,238,244
1776768054.8739676,2.240811648635505,0,0,0.0,0.0,0.03714655918689358,189,361,201,309,238,244
1776768054.9311378,1.9882434945906513,0,0,0.0,0.0,0.03714655918689358,189,361,201,309,238,244
1776768054.9888601,1.7514730483771952,0,0,0.0,0.0,0.03714655918689358,189,361,201,309,238,244
1776768055.0431345,1.7224419145131584,0,0,0.0,0.0,0.03714655918689358,189,361,201,309,238,244
1776768055.0994203,1.6297325743539475,0,0,0.0,0.0,0.03714655918689358,189,361,201,309,238,244
1776768055.1565533,1.5599197723061842,0,0,0.0,0.0,0.03714655918689358,189,361,201,309,238,244
1776768055.2132783,1.4689759316918551,0,0,0.0,0.0,0.03714655918689358,189,361,201,309,238,244
1776768055.2706828,1.4906927795075564,0,0,0.0,0.0,0.03714655918689358,189,361,201,309,238,244
1776768055.324421,1.4482078338522668,0,0,0.0,0.0,0.03714655918689358,189,361,201,309,238,244
1776768055.3816895,1.4004623501556799,0,0,0.0,0.0,0.03714655918689358,189,361,201,309,238,244
1776768055.4392383,1.372138705046704,0,0,0.0,0.0,0.03714655918689358,189,361,201,309,238,244
1776768055.4970043,1.3426416115140112,0,0,0.0,0.0,0.03714655918689358,189,361,201,309,238,244
1776768055.5537982,1.3197924834542032,0,0,0.0,0.0,0.03714655918689358,189,361,201,309,238,244
1776768055.6070578,1.298937745036261,0,0,0.0,0.0,0.03714655918689358,189,361,201,309,238,244
1776768055.6646702,1.2856813235108782,0,0,0.0,0.0,0.03714655918689358,189,361,201,309,238,244
1776768055.7219937,1.2747043970532634,0,0,0.0,0.0,0.03714655918689358,189,361,201,309,238,244
1776768055.7793145,1.397411319115979,0,0,0.0,0.0,0.03714655918689358,189,361,201,309,238,244
1776768055.8364165,1.3992233957347935,0,0,0.0,0.0,0.03714655918689358,189,361,201,309,238,244
1776768055.8905566,1.3857670187204378,0,0,0.0,0.0,0.03714655918689358,189,361,201,309,238,244
1776768055.947311,1.3607301056161312,0,0,0.0,0.0,0.03714655918689358,189,361,201,309,238,244
1776768056.0039082,1.4092190316848392,0,0,0.0,0.0,0.03714655918689358,189,361,201,309,238,244
1776768056.06156,1.3817657095054516,0,0,0.0,0.0,0.03714655918689358,189,361,201,309,238,244
1776768056.1189415,1.3595297128516355,0,0,0.0,0.0,0.03714655918689358,189,361,201,309,238,244
1776768056.172818,1.3318589138554906,0,0,0.0,0.0,0.03714655918689358,189,361,201,309,238,244
1776768056.2301965,1.3025576741566471,0,0,0.0,0.0,0.03714655918689358,189,361,201,309,238,244
1776768056.2869394,1.286767302246994,0,0,0.0,0.0,0.03714655918689358,189,361,201,309,238,244
1776768056.3445108,1.2610301906740982,0,0,0.0,0.0,0.03714655918689358,189,361,201,309,238,244
1776768056.4016385,1.2953090572022294,0,0,0.0,0.0,0.03714655918689358,189,361,201,309,238,244
1776768056.4591694,1.2845927171606688,0,0,0.0,0.0,0.03714655918689358,189,361,201,309,238,244
1776768056.5122638,1.3863778151482005,0,0,0.0,0.0,0.03714655918689358,189,361,201,309,238,244
1776768056.5699856,1.38191334454446,0,0,0.0,0.0,0.03714655918689358,189,361,201,309,238,244
1776768056.6268198,1.450574003363338,0,0,0.0,0.0,0.03714655918689358,189,361,201,309,238,244
1776768056.684144,1.4081722010090012,0,0,0.0,0.0,0.03714655918689358,189,361,201,309,238,244
1776768056.7416308,1.4234516603027003,0,0,0.0,0.0,0.03714655918689358,189,361,201,309,238,244
1776768056.7944438,1.40703549809081,0,0,0.0,0.0,0.03714655918689358,189,361,201,309,238,244
1776768056.8516526,1.3881106494272428,0,0,0.0,0.0,0.03714655918689358,189,361,201,309,238,244
1776768056.9092379,1.3684331948281727,0,0,0.0,0.0,0.03714655918689358,189,361,201,309,238,244
1776768056.9671478,1.3625299584484518,0,0,0.0,0.0,0.03714655918689358,189,361,201,309,238,244
1776768057.0243993,1.3817589875345355,0,0,0.0,0.0,0.03714655918689358,189,361,201,309,238,244
1776768057.0773768,1.3665276962603605,0,0,0.0,0.0,0.03714655918689358,189,361,201,309,238,244
1776768057.134827,1.368958308878108,0,0,0.0,0.0,0.03714655918689358,189,361,201,309,238,244
1776768057.1931598,1.4116874926634324,0,0,0.0,0.0,0.03714655918689358,189,361,201,309,238,244
1776768057.2502062,1.4665062477990296,0,0,0.0,0.0,0.03714655918689358,189,361,201,309,238,244
1776768057.3064106,1.4549518743397087,0,0,0.0,0.0,0.03714655918689358,189,361,201,309,238,244
1776768057.360368,1.5284855623019125,0,0,0.0,0.0,0.03714655918689358,189,361,201,309,238,244
1776768057.4174852,1.5085456686905736,0,0,0.0,0.0,0.03714655918689358,189,361,201,309,238,244
1776768057.4743779,1.481563700607172,0,0,0.0,0.0,0.03714655918689358,189,361,201,309,238,244
1776768057.5317855,1.4454691101821515,0,0,0.0,0.0,0.03714655918689358,189,361,201,309,238,244
1776768057.5889633,1.4136407330546454,0,0,0.0,0.0,0.03714655918689358,189,361,201,309,238,244
1776768057.642831,1.4110922199163936,0,0,0.0,0.0,0.03714655918689358,189,361,201,309,238,244
1776768057.6999435,1.396327665974918,0,0,0.0,0.0,0.03714655918689358,189,361,201,309,238,244
1776768057.7575445,1.3778982997924754,0,0,0.0,0.0,0.03714655918689358,189,361,201,309,238,244
1776768057.8150911,1.3513694899377424,0,0,0.0,0.0,0.03714655918689358,189,361,201,309,238,244
1776768057.8719397,1.3854108469813227,0,0,0.0,0.0,0.03714655918689358,189,361,201,309,238,244
1776768057.9253373,1.3746232540943968,0,0,0.0,0.0,0.03714655918689358,189,361,201,309,238,244
1776768057.9827638,1.4133869762283189,0,0,0.0,0.0,0.03714655918689358,189,361,201,309,238,244
1776768058.0403566,1.4110160928684956,0,0,0.0,0.0,0.03714655918689358,189,361,201,309,238,244
1776768058.097674,1.4943048278605486,0,0,0.0,0.0,0.03714655918689358,189,361,201,309,238,244
1776768058.154717,1.4772914483581645,0,0,0.0,0.0,0.03714655918689358,189,361,201,309,238,244
1776768058.2079008,1.4581874345074493,0,0,0.0,0.0,0.03714655918689358,189,361,201,309,238,244
1776768058.2656267,1.4384562303522346,0,0,0.0,0.0,0.03714655918689358,189,361,201,309,238,244
1776768058.3233037,1.4325368691056704,0,0,0.0,0.0,0.03714655918689358,189,361,201,309,238,244
1776768058.3801336,1.423761060731701,0,0,0.0,0.0,0.03714655918689358,189,361,201,309,238,244
1776768058.4373872,1.4071283182195102,0,0,0.0,0.0,0.03714655918689358,189,361,201,309,238,244
1776768058.4941242,1.402138495465853,0,0,0.0,0.0,0.03714655918689358,189,361,201,309,238,244
1776768058.5478675,1.3936415486397558,0,0,0.0,0.0,0.03714655918689358,189,361,201,309,238,244
1776768058.6053436,1.4470924645919268,0,0,0.0,0.0,0.03714655918689358,189,361,201,309,238,244
1776768058.6627176,1.4491277393775779,0,0,0.0,0.0,0.03714655918689358,189,361,201,309,238,244
1776768058.720117,1.5407383218132733,0,0,0.0,0.0,0.03714655918689358,189,361,201,309,238,244
1776768058.7774355,1.547221496543982,0,0,0.0,0.0,0.03714655918689358,189,361,201,309,238,244
1776768058.83071,1.6331664489631943,0,0,0.0,0.0,0.03714655918689358,189,361,201,309,238,244
1776768058.8874857,1.609949934688958,0,0,0.0,0.0,0.03714655918689358,189,361,201,309,238,244
1776768058.9450123,1.5819849804066874,0,0,0.0,0.0,0.03714655918689358,189,361,201,309,238,244
1776768059.0019162,1.5315954941220062,0,0,0.0,0.0,0.03714655918689358,189,361,201,309,238,244
1776768059.0596235,1.5024786482366017,0,0,0.0,0.0,0.03714655918689358,189,361,201,309,238,244
1776768059.1133244,1.4867435944709806,0,0,0.0,0.0,0.03714655918689358,189,361,201,309,238,244
1776768059.1715717,1.489023078341294,0,0,0.0,0.0,0.03714655918689358,189,361,201,309,238,244
1776768059.2281258,1.510706923502388,0,0,0.0,0.0,0.03714655918689358,189,361,201,309,238,244
1776768059.2856274,1.5172120770507163,0,0,0.0,0.0,0.03714655918689358,189,361,201,309,238,244
1776768059.3424947,1.6801636231152148,0,0,0.0,0.0,0.03714655918689358,189,361,201,309,238,244
1776768059.395648,1.6940490869345644,0,0,0.0,0.0,0.03714655918689358,189,361,201,309,238,244
1776768059.4532557,1.7052147260803692,0,0,0.0,0.0,0.03714655918689358,189,361,201,309,238,244
1776768059.5107117,1.6945644178241106,0,0,0.0,0.0,0.03714655918689358,189,361,201,309,238,244
1776768059.5681033,1.9083693253472331,0,0,0.0,0.0,0.03714655918689358,189,361,201,309,238,244
1776768059.624923,1.8955107976041699,0,0,0.0,0.0,0.03714655918689358,189,361,201,309,238,244
1776768059.6778905,1.8496532392812508,0,0,0.0,0.0,0.03714655918689358,189,361,201,309,238,244
1776768059.7351768,1.8148959717843751,0,0,0.0,0.0,0.03714655918689358,189,361,201,309,238,244
1776768059.793165,1.8044687915353124,0,0,0.0,0.0,0.03714655918689358,189,361,201,309,238,244
1776768059.8503852,1.8293406374605938,0,0,0.0,0.0,0.03714655918689358,189,361,201,309,238,244
1776768059.9074678,1.843802191238178,0,0,0.0,0.0,0.03714655918689358,189,361,201,309,238,244
1776768059.9611657,1.8271406573714533,0,0,0.0,0.0,0.03714655918689358,189,361,201,309,238,244
1776768060.01782,1.843142197211436,0,0,0.0,0.0,0.03714655918689358,189,361,201,309,238,244
1776768060.0757737,1.9389426591634307,0,0,0.0,0.0,0.03714655918689358,189,361,201,309,238,244
1776768060.1326063,1.9606827977490293,0,0,0.0,0.0,0.03714655918689358,189,361,201,309,238,244
1776768060.1900754,2.009204839324709,0,0,0.0,0.0,0.03714655918689358,189,361,201,309,238,244
1776768060.2438824,2.0167614517974126,0,0,0.0,0.0,0.03714655918689358,189,361,201,309,238,244
1776768060.3010123,2.201028435539224,0,0,0.0,0.0,0.03714655918689358,189,361,201,309,238,244
1776768060.3582854,2.221308530661767,0,0,0.0,0.0,0.03714655918689358,189,361,201,309,238,244
1776768060.4154806,2.22739255919853,0,0,0.0,0.0,0.03714655918689358,189,361,201,309,238,244
1776768060.4734995,2.236217767759559,0,0,0.0,0.0,0.03714655918689358,189,361,201,309,238,244
1776768060.526292,2.2808653303278676,0,0,0.0,0.0,0.03714655918689358,189,361,201,309,238,244
1776768060.5833154,2.3362595990983603,0,0,0.0,0.0,0.03714655918689358,189,361,201,309,238,244
1776768060.640445,2.4438778797295084,0,0,0.0,0.0,0.03714655918689358,189,361,201,309,238,244
1776768060.6984007,2.5671633639188522,0,0,0.0,0.0,0.03714655918689358,189,361,201,309,238,244
1776768060.7555213,2.6881490091756555,0,0,0.0,0.0,0.03714655918689358,189,361,201,309,238,244
1776768060.8134067,2.8014447027526965,0,0,0.0,0.0,0.03714655918689358,189,361,201,309,238,244
1776768060.866716,2.9474334108258087,0,0,0.0,0.0,0.03714655918689358,189,361,201,309,238,244
1776768060.9240499,3.1102300232477424,0,0,0.0,0.0,0.03714655918689358,189,361,201,309,238,244
1776768060.981031,3.2640690069743226,0,0,0.0,0.0,0.03714655918689358,189,361,201,309,238,244
1776768061.037833,3.569220702092297,0,0,0.0,0.0,0.03714655918689358,189,361,201,309,238,244
1776768061.0958126,3.7587662106276887,0,0,0.0,0.0,0.03714655918689358,189,361,201,309,238,244
1776768061.1494644,3.9766298631883066,0,0,0.0,0.0,0.03714655918689358,189,361,201,309,238,244
1776768061.206545,4.237988958956492,0,0,0.0,0.0,0.03714655918689358,189,361,201,309,238,244
1776768061.2637002,4.519396687686947,0,0,0.0,0.0,0.03714655918689358,189,361,201,309,238,244
1776768061.321104,4.841819006306084,0,0,0.0,0.0,0.03714655918689358,189,361,201,309,238,244
1776768061.377745,5.225545701891825,0,0,0.0,0.0,0.03714655918689358,189,361,201,309,238,244
1776768061.4316509,5.627663710567547,0,0,0.0,0.0,0.03714655918689358,189,361,201,309,238,244
1776768061.4889321,6.546299113170264,0,0,0.0,0.0,0.03714655918689358,189,361,201,309,238,244
1776768061.546397,8.646299113170263,0,0,0.0,0.0,0.03714655918689358,189,361,201,309,238,244
1776768061.604234,10.746299113170263,0,0,0.0,0.0,0.03714655918689358,189,361,201,309,238,244
1776768061.661367,12.846299113170263,0,0,0.0,0.0,0.03714655918689358,189,361,201,309,238,244
1776768061.71823,14.946299113170262,0,0,0.0,0.0,0.03714655918689358,189,361,201,309,238,244
1776768061.7752213,17.04629911317026,0,0,0.0,0.0,0.03714655918689358,189,361,201,309,238,244
1776768061.828626,19.113889733951076,0,0,0.0,0.0,0.03714655918689358,189,361,201,309,238,244
1776768061.8854754,19.734166920185324,0,0,0.0,0.0,0.03714655918689358,189,361,201,309,238,244
1776768061.9433756,19.920250076055595,0,0,0.0,0.0,0.03714655918689358,189,361,201,309,238,244
1776768062.0006871,19.97607502281668,0,0,0.0,0.0,0.03714655918689358,189,361,201,309,238,244
1776768062.057487,19.992822506845002,0,0,0.0,0.0,0.03714655918689358,189,361,201,309,238,244
1776768062.1110177,19.9978467520535,0,0,0.0,0.0,0.03714655918689358,189,361,201,309,238,244
1776768062.1684246,19.99935402561605,0,0,0.0,0.0,0.03714655918689358,189,361,201,309,238,244
1776768062.226446,19.999806207684813,0,0,0.0,0.0,0.03714655918689358,189,361,201,309,238,244
1776768062.2833056,19.999941862305445,0,0,0.0,0.0,0.03714655918689358,189,361,201,309,238,244
1776768062.3408415,19.999982558691634,0,0,0.0,0.0,0.03714655918689358,189,361,201,309,238,244
1776768062.394062,19.99999476760749,0,0,0.0,0.0,0.03714655918689358,189,361,201,309,238,244
1776768062.450914,19.999998430282247,0,0,0.0,0.0,0.03714655918689358,189,361,201,309,238,244
1776768062.5089378,19.999999529084675,0,0,0.0,0.0,0.03714655918689358,189,361,201,309,238,244
1776768062.5658782,19.999999858725403,0,0,0.0,0.0,0.03714655918689358,189,361,201,309,238,244
1776768062.6235013,19.99999995761762,0,0,0.0,0.0,0.03714655918689358,189,361,201,309,238,244
1776768062.6807115,19.999999987285285,0,0,0.0,0.0,0.03714655918689358,189,361,201,309,238,244
1776768062.7336967,19.999999996185586,0,0,0.0,0.0,0.03714655918689358,189,361,201,309,238,244
1776768062.79143,19.999999998855674,0,0,0.0,0.0,0.03714655918689358,189,361,201,309,238,244
1776768062.8485074,19.9999999996567,0,0,0.0,0.0,0.03714655918689358,189,361,201,309,238,244
1776768062.9061491,19.99999999989701,0,0,0.0,0.0,0.03714655918689358,189,361,201,309,238,244
1776768062.963679,19.999999999969102,0,0,0.0,0.0,0.03714655918689358,189,361,201,309,238,244
1776768063.0165293,19.99999999999073,0,0,0.0,0.0,0.03714655918689358,189,361,201,309,238,244
1776768063.0742302,19.99999999999722,0,0,0.0,0.0,0.03714655918689358,189,361,201,309,238,244
1776768063.1306236,19.999999999999165,0,0,0.0,0.0,0.03714655918689358,189,361,201,309,238,244
1776768063.1885457,19.99999999999975,0,0,0.0,0.0,0.03714655918689358,189,361,201,309,238,244
1776768063.2456226,19.999999999999925,0,0,0.0,0.0,0.03714655918689358,189,361,201,309,238,244
1776768063.303568,19.99999999999998,0,0,0.0,0.0,0.03714655918689358,189,361,201,309,238,244
1776768063.357087,19.999999999999993,0,0,0.0,0.0,0.03714655918689358,189,361,201,309,238,244
1776768063.4140995,19.999999999999996,0,0,0.0,0.0,0.03714655918689358,189,361,201,309,238,244
1776768063.4713101,20.0,0,0,0.0,0.0,0.03714655918689358,189,361,201,309,238,244
1776768063.5287127,20.0,0,0,0.0,0.0,0.03714655918689358,189,361,201,309,238,244
1776768063.5863607,20.0,0,0,0.0,0.0,0.03714655918689358,189,361,201,309,238,244
1776768063.6392102,20.0,0,0,0.0,0.0,0.03714655918689358,189,361,201,309,238,244
1776768063.6967053,20.0,0,0,0.0,0.0,0.03714655918689358,189,361,201,309,238,244
1776768063.7538705,20.0,0,0,0.0,0.0,0.03714655918689358,189,361,201,309,238,244
1776768063.8148215,20.0,0,0,0.0,0.0,0.03714655918689358,189,361,201,309,238,244
1776768063.8684323,20.0,0,0,0.0,0.0,0.03714655918689358,189,361,201,309,238,244
1776768063.9220583,20.0,0,0,0.0,0.0,0.03714655918689358,189,361,201,309,238,244
1776768063.9793284,20.0,0,0,0.0,0.0,0.03714655918689358,189,361,201,309,238,244
1776768064.0366058,20.0,0,0,0.0,0.0,0.03714655918689358,189,361,201,309,238,244
1776768064.093176,20.0,0,0,0.0,0.0,0.03714655918689358,189,361,201,309,238,244
1776768064.151083,20.0,0,0,0.0,0.0,0.03714655918689358,189,361,201,309,238,244
1776768064.2079954,20.0,0,0,0.0,0.0,0.03714655918689358,189,361,201,309,238,244
1776768064.2614286,20.0,0,0,0.0,0.0,0.03714655918689358,189,361,201,309,238,244
1776768064.318853,20.0,0,0,0.0,0.0,0.03714655918689358,189,361,201,309,238,244
1776768064.3771765,20.0,0,0,0.0,0.0,0.03714655918689358,189,361,201,309,238,244
1776768064.4340782,20.0,0,0,0.0,0.0,0.03714655918689358,189,361,201,309,238,244
1776768064.4917057,20.0,0,0,0.0,0.0,0.03714655918689358,189,361,201,309,238,244
1776768064.5444176,20.0,0,0,0.0,0.0,0.03714655918689358,189,361,201,309,238,244
1776768064.6018445,20.0,0,0,0.0,0.0,0.03714655918689358,189,361,201,309,238,244
1776768064.6597216,20.0,0,0,0.0,0.0,0.03714655918689358,189,361,201,309,238,244
1776768064.7165382,20.0,0,0,0.0,0.0,0.03714655918689358,189,361,201,309,238,244
1776768064.7732646,20.0,0,0,0.0,0.0,0.03714655918689358,189,361,201,309,238,244
1776768064.8308992,20.0,0,0,0.0,0.0,0.03714655918689358,189,361,201,309,238,244
1776768064.884177,20.0,0,0,0.0,0.0,0.03714655918689358,189,361,201,309,238,244
1776768064.9417653,20.0,0,0,0.0,0.0,0.03714655918689358,189,361,201,309,238,244
1776768064.998531,20.0,0,0,0.0,0.0,0.03607147547022213,189,361,201,309,238,243
1776768065.0561895,20.0,0,0,0.0,0.0,0.03607147547022213,189,361,201,309,238,243
1776768065.1137087,20.0,0,0,0.0,0.0,0.03607147547022213,189,361,201,309,238,243
1776768065.1671827,20.0,0,0,0.0,0.0,0.03607147547022213,189,361,201,309,238,243
1776768065.2242894,20.0,0,0,0.0,0.0,0.03607147547022213,189,361,201,309,238,243
1776768065.2813087,20.0,0,0,0.0,0.0,0.03607147547022213,189,361,201,309,238,243
1776768065.339071,20.0,0,0,0.0,0.0,0.03607147547022213,189,361,201,309,238,243
1776768065.3961756,20.0,0,0,0.0,0.0,0.03738799374356613,189,361,201,308,238,243
1776768065.4542775,20.0,0,0,0.0,0.0,0.03868944971525348,189,361,201,308,239,243
1776768065.507495,20.0,0,-2,2.0,0.24330900243309,0.03760769938226014,189,361,201,308,239,242
1776768065.564103,20.0,0,-2,2.0,0.24330900243309,0.03760769938226014,189,361,201,308,239,242
1776768065.621505,20.0,0,-2,2.0,0.24330900243309,0.03760769938226014,189,361,201,308,239,242
1776768065.678477,20.0,0,-2,2.0,0.24330900243309,0.03760769938226014,189,361,201,308,239,242
1776768065.7362344,20.0,0,-2,2.0,0.24330900243309,0.03760769938226014,189,361,201,308,239,242
1776768065.7899485,20.0,0,-2,2.0,0.24330900243309,0.03760769938226014,189,361,201,308,239,242
1776768065.8494136,20.0,0,-2,2.0,0.24330900243309,0.03760769938226014,189,361,201,308,239,242
1776768065.9041011,20.0,0,-2,2.0,0.24330900243309,0.03760769938226014,189,361,201,308,239,242
1776768065.9616077,20.0,0,-2,2.0,0.24330900243309,0.03760769938226014,189,361,201,308,239,242
1776768066.0190196,20.0,0,-2,2.0,0.24330900243309,0.03760769938226014,189,361,201,308,239,242
1776768066.076256,20.0,2,-3,3.605551275463989,0.43863154202724924,0.037800624131524026,189,361,201,308,240,241
1776768066.130447,20.0,2,-3,3.605551275463989,0.43863154202724924,0.037800624131524026,189,361,201,308,240,241
1776768066.1870136,20.0,2,-3,3.605551275463989,0.43863154202724924,0.037800624131524026,189,361,201,308,240,241
1776768066.2439675,20.0,2,-3,3.605551275463989,0.43863154202724924,0.037800624131524026,189,361,201,308,240,241
1776768066.3009393,20.0,2,-3,3.605551275463989,0.43863154202724924,0.037800624131524026,189,361,201,308,240,241
1776768066.3581607,20.0,2,-3,3.605551275463989,0.43863154202724924,0.037800624131524026,189,361,201,308,240,241
1776768066.4121175,20.0,2,-4,4.47213595499958,0.544055468978051,0.03676822252626331,189,361,201,308,240,240
1776768066.4693317,20.0,2,-4,4.47213595499958,0.544055468978051,0.03676822252626331,189,361,201,308,240,240
1776768066.5267127,20.0,3,-4,5.0,0.608272506082725,0.03921395538382068,189,361,201,307,241,240
1776768066.584352,20.0,3,-5,5.830951894845301,0.709361544385073,0.03817660884429574,189,361,201,307,241,239
1776768066.641577,20.0,3,-5,5.830951894845301,0.709361544385073,0.03817660884429574,189,361,201,307,241,239
1776768066.6988962,20.0,3,-6,6.708203932499369,0.8160832034670765,0.037168105246677595,189,361,201,307,241,238
1776768066.751963,20.0,4,-6,7.211102550927978,0.8772630840544985,0.03615523598708637,188,361,201,307,242,238
1776768066.8096006,20.0,4,-7,8.06225774829855,0.9808099450484852,0.03517833486448866,188,361,201,307,242,237
1776768066.8664832,20.0,4,-7,8.06225774829855,0.9808099450484852,0.035419638084785855,188,362,201,307,242,237
1776768066.924153,20.0,5,-8,9.433981132056603,1.1476862691066427,0.03557577441101764,188,362,201,307,243,236
1776768066.9815593,20.0,5,-8,9.433981132056603,1.1476862691066427,0.03557577441101764,188,362,201,307,243,236
1776768067.0351357,20.0,6,-9,10.816653826391969,1.315894626081748,0.03571180246710267,188,362,201,307,244,235
1776768067.0916736,20.0,6,-9,10.816653826391969,1.315894626081748,0.036859413227691984,188,362,201,306,244,235
1776768067.1498747,20.0,6,-10,11.661903789690601,1.418723088770146,0.03592639792834822,188,362,201,306,244,234
1776768067.2066674,20.0,6,-11,12.529964086141668,1.5243265311607868,0.03501784688311947,188,362,201,306,244,233
1776768067.26334,20.0,7,-11,13.038404810405298,1.5861806338692577,0.0362340885595655,188,363,201,306,245,233
1776768067.317137,20.0,7,-12,13.892443989449804,1.6900783442153045,0.035345657588965816,188,363,201,306,245,232
1776768067.3744297,20.0,7,-12,13.892443989449804,1.6900783442153045,0.035345657588965816,188,363,201,306,245,232
1776768067.4318962,20.0,8,-12,14.422205101855956,1.754526168108997,0.03632855641993611,188,363,201,306,246,232
1776768067.4890137,20.0,8,-13,15.264337522473747,1.856975367697536,0.03545486504988513,188,363,201,306,246,231
1776768067.5459359,20.0,8,-13,15.264337522473747,1.856975367697536,0.03545486504988513,188,363,201,306,246,231
1776768067.603391,20.0,8,-14,16.1245154965971,1.9616198900969704,0.03460312671810302,188,363,201,306,246,230
1776768067.657356,20.0,9,-14,16.64331697709324,2.0247344254371336,0.035547893380347244,188,363,201,306,247,230
1776768067.7146087,20.0,9,-14,16.64331697709324,2.0247344254371336,0.035547893380347244,188,363,201,306,247,230
1776768067.77187,20.0,9,-14,16.64331697709324,2.0247344254371336,0.035547893380347244,188,363,201,306,247,230
1776768067.8293314,20.0,9,-15,17.4928556845359,2.128084633155219,0.03470993262485143,188,363,201,306,247,229
1776768067.887328,20.0,9,-15,17.4928556845359,2.128084633155219,0.03470993262485143,188,363,201,306,247,229
1776768067.9392262,20.0,9,-15,17.4928556845359,2.128084633155219,0.03470993262485143,188,363,201,306,247,229
1776768067.9968202,20.0,9,-15,17.4928556845359,2.128084633155219,0.03470993262485143,188,363,201,306,247,229
1776768068.0542262,20.0,9,-15,17.4928556845359,2.128084633155219,0.03470993262485143,188,363,201,306,247,229
1776768068.1112266,20.0,9,-15,17.4928556845359,2.128084633155219,0.03470993262485143,188,363,201,306,247,229
1776768068.168502,20.0,9,-15,17.4928556845359,2.128084633155219,0.03470993262485143,188,363,201,306,247,229
1776768068.2261317,20.0,9,-15,17.4928556845359,2.128084633155219,0.03470993262485143,188,363,201,306,247,229
1776768068.2799964,20.0,9,-15,17.4928556845359,2.128084633155219,0.03470993262485143,188,363,201,306,247,229
1776768068.337156,20.0,9,-15,17.4928556845359,2.128084633155219,0.03470993262485143,188,363,201,306,247,229
1776768068.3942447,20.0,9,-15,17.4928556845359,2.128084633155219,0.03470993262485143,188,363,201,306,247,229
1776768068.4511418,20.0,9,-15,17.4928556845359,2.128084633155219,0.03470993262485143,188,363,201,306,247,229
1776768068.5084877,20.0,9,-16,18.35755975068582,2.2332797750226057,0.03389260911405465,188,363,201,306,247,228
1776768068.5620415,20.0,9,-16,18.35755975068582,2.2332797750226057,0.03389260911405465,188,363,201,306,247,228
1776768068.6197476,20.0,10,-16,18.867962264113206,2.2953725382132855,0.0348014278672725,188,363,201,306,248,228
1776768068.6766448,20.0,10,-16,18.867962264113206,2.2953725382132855,0.034980103610622815,188,364,201,306,248,228
1776768068.7341213,20.0,10,-16,18.867962264113206,2.2953725382132855,0.034980103610622815,188,364,201,306,248,228
1776768068.7919664,20.0,10,-16,18.867962264113206,2.2953725382132855,0.034980103610622815,188,364,201,306,248,228
1776768068.8493505,20.0,10,-16,18.867962264113206,2.2953725382132855,0.034980103610622815,188,364,201,306,248,228
1776768068.902466,20.0,10,-16,18.867962264113206,2.2953725382132855,0.032260364538678435,188,364,202,306,248,228
1776768068.9595797,20.0,10,-16,18.867962264113206,2.2953725382132855,0.032260364538678435,188,364,202,306,248,228
1776768069.017007,20.0,10,-16,18.867962264113206,2.2953725382132855,0.032260364538678435,188,364,202,306,248,228
1776768069.0768151,20.0,10,-16,18.867962264113206,2.2953725382132855,0.032260364538678435,188,364,202,306,248,228
1776768069.1317303,20.0,10,-16,18.867962264113206,2.2953725382132855,0.032260364538678435,188,364,202,306,248,228
1776768069.1849215,20.0,10,-16,18.867962264113206,2.2953725382132855,0.032260364538678435,188,364,202,306,248,228
1776768069.2421331,20.0,10,-16,18.867962264113206,2.2953725382132855,0.032260364538678435,188,364,202,306,248,228
1776768069.299419,20.0,10,-16,18.867962264113206,2.2953725382132855,0.032260364538678435,188,364,202,306,248,228
1776768069.3573601,20.0,10,-16,18.867962264113206,2.2953725382132855,0.032260364538678435,188,364,202,306,248,228
1776768069.4144893,20.0,10,-17,19.72308292331602,2.399401815488567,0.0314781614063009,188,364,202,306,248,227
1776768069.472141,20.0,10,-17,19.72308292331602,2.399401815488567,0.0314781614063009,188,364,202,306,248,227
1776768069.5248709,20.0,10,-17,19.72308292331602,2.399401815488567,0.0314781614063009,188,364,202,306,248,227
1776768069.58189,20.0,10,-17,19.72308292331602,2.399401815488567,0.032469502710007266,188,364,202,305,248,227
1776768069.6392643,20.0,11,-17,20.248456731316587,2.4633159040531125,0.03337122516541944,188,364,202,305,249,227
1776768069.6970453,20.0,11,-18,21.095023109728988,2.5663045145655703,0.032585802150449636,188,364,202,305,249,226
1776768069.75354,20.0,11,-18,21.095023109728988,2.5663045145655703,0.032585802150449636,188,364,202,305,249,226
1776768069.8074074,20.0,11,-18,21.095023109728988,2.5663045145655703,0.032585802150449636,188,364,202,305,249,226
1776768069.864881,20.0,11,-18,21.095023109728988,2.5663045145655703,0.032585802150449636,188,364,202,305,249,226
1776768069.9224598,20.0,11,-19,21.95449840010015,2.670863552323619,0.03181935791842863,188,364,202,305,249,225
1776768069.9798486,20.0,11,-19,21.95449840010015,2.670863552323619,0.03181935791842863,188,364,202,305,249,225
1776768070.0366743,20.0,12,-19,22.47220505424423,2.7338448971100036,0.032687609809357414,188,364,202,305,250,225
1776768070.090326,20.0,12,-20,23.323807579381203,2.837446177540292,0.03193283359557955,188,364,202,305,250,224
1776768070.148349,20.0,12,-20,23.323807579381203,2.837446177540292,0.03193283359557955,188,364,202,305,250,224
1776768070.204794,20.0,12,-20,23.323807579381203,2.837446177540292,0.03287578121572106,188,364,202,304,250,224
1776768070.2615936,20.0,12,-21,24.186773244895647,2.9424298351454556,0.032124802783181014,188,364,202,304,250,223
1776768070.3190923,20.0,12,-21,24.186773244895647,2.9424298351454556,0.032124802783181014,188,364,202,304,250,223
1776768070.3778214,20.0,12,-21,24.186773244895647,2.9424298351454556,0.032124802783181014,188,364,202,304,250,223
1776768070.4298525,20.0,12,-21,24.186773244895647,2.9424298351454556,0.032124802783181014,188,364,202,304,250,223
1776768070.4877515,20.0,12,-22,25.059928172283335,3.0486530623215735,0.03139155523990952,188,364,202,304,250,222
1776768070.5446558,20.0,12,-22,25.059928172283335,3.0486530623215735,0.03139155523990952,188,364,202,304,250,222
1776768070.6024077,20.0,12,-22,25.059928172283335,3.0486530623215735,0.03139155523990952,188,364,202,304,250,222
1776768070.6590734,20.0,12,-22,25.059928172283335,3.0486530623215735,0.03139155523990952,188,364,202,304,250,222
1776768070.7121074,20.0,13,-22,25.553864678361276,3.108742661601128,0.03222215805761705,188,364,202,304,251,222
1776768070.7705257,20.0,13,-22,25.553864678361276,3.108742661601128,0.03222215805761705,188,364,202,304,251,222
1776768070.8274832,20.0,13,-22,25.553864678361276,3.108742661601128,0.03222215805761705,188,364,202,304,251,222
1776768070.8845358,20.0,13,-22,25.553864678361276,3.108742661601128,0.03222215805761705,188,364,202,304,251,222
1776768070.9418035,20.0,13,-22,25.553864678361276,3.108742661601128,0.03222215805761705,188,364,202,304,251,222
1776768070.9997575,20.0,13,-22,25.553864678361276,3.108742661601128,0.03222215805761705,188,364,202,304,251,222
1776768071.053159,20.0,13,-22,25.553864678361276,3.108742661601128,0.03222215805761705,188,364,202,304,251,222
1776768071.110068,20.0,13,-22,25.553864678361276,3.108742661601128,0.03222215805761705,188,364,202,304,251,222
1776768071.1672924,20.0,13,-23,26.419689627245813,3.214074163898517,0.03149978331127452,188,364,202,304,251,221
1776768071.2247849,20.0,13,-23,26.419689627245813,3.214074163898517,0.03149978331127452,188,364,202,304,251,221
1776768071.281973,20.0,13,-23,26.419689627245813,3.214074163898517,0.03149978331127452,188,364,202,304,251,221
1776768071.3354878,20.0,13,-23,26.419689627245813,3.214074163898517,0.03149978331127452,188,364,202,304,251,221
1776768071.3937874,20.0,13,-23,26.419689627245813,3.214074163898517,0.03149978331127452,188,364,202,304,251,221
1776768071.4498136,20.0,13,-23,26.419689627245813,3.214074163898517,0.03149978331127452,188,364,202,304,251,221
1776768071.508973,20.0,13,-23,26.419689627245813,3.214074163898517,0.03149978331127452,188,364,202,304,251,221
1776768071.564451,20.0,13,-23,26.419689627245813,3.214074163898517,0.03149978331127452,188,364,202,304,251,221
1776768071.6219325,20.0,13,-23,26.419689627245813,3.214074163898517,0.03149978331127452,188,364,202,304,251,221
1776768071.674927,20.0,13,-23,26.419689627245813,3.214074163898517,0.03149978331127452,188,364,202,304,251,221
1776768071.7325928,20.0,13,-23,26.419689627245813,3.214074163898517,0.03149978331127452,188,364,202,304,251,221
1776768071.789883,20.0,13,-23,26.419689627245813,3.214074163898517,0.03149978331127452,188,364,202,304,251,221
1776768071.8472412,20.0,13,-23,26.419689627245813,3.214074163898517,0.03149978331127452,188,364,202,304,251,221
1776768071.9048388,20.0,13,-23,26.419689627245813,3.214074163898517,0.03149978331127452,188,364,202,304,251,221
1776768071.9579952,20.0,13,-23,26.419689627245813,3.214074163898517,0.03149978331127452,188,364,202,304,251,221
1776768072.0151653,20.0,13,-23,26.419689627245813,3.214074163898517,0.03149978331127452,188,364,202,304,251,221
1776768072.0731976,20.0,13,-23,26.419689627245813,3.214074163898517,0.03149978331127452,188,364,202,304,251,221
1776768072.1301193,20.0,13,-23,26.419689627245813,3.214074163898517,0.03149978331127452,188,364,202,304,251,221
1776768072.1871753,20.0,13,-23,26.419689627245813,3.214074163898517,0.03149978331127452,188,364,202,304,251,221
1776768072.2407064,20.0,13,-23,26.419689627245813,3.214074163898517,0.03149978331127452,188,364,202,304,251,221
1776768072.2979414,20.0,13,-23,26.419689627245813,3.214074163898517,0.03149978331127452,188,364,202,304,251,221
1776768072.3556345,20.0,13,-24,27.294688127912362,3.320521670062331,0.030794146282828283,188,364,202,304,251,220
1776768072.4124122,20.0,13,-24,27.294688127912362,3.320521670062331,0.030794146282828283,188,364,202,304,251,220
1776768072.4698176,20.0,13,-24,27.294688127912362,3.320521670062331,0.030794146282828283,188,364,202,304,251,220
1776768072.5269957,20.0,13,-24,27.294688127912362,3.320521670062331,0.030794146282828283,188,364,202,304,251,220
1776768072.5803037,20.0,14,-24,27.784887978899608,3.380156688430609,0.031595092050264485,188,364,202,304,252,220
1776768072.6378124,20.0,14,-24,27.784887978899608,3.380156688430609,0.031595092050264485,188,364,202,304,252,220
1776768072.6971414,20.0,14,-24,27.784887978899608,3.380156688430609,0.031595092050264485,188,364,202,304,252,220
1776768072.7527063,20.0,14,-25,28.653097563788805,3.485778292431728,0.030899682674222165,188,364,202,304,252,219
1776768072.8094108,20.0,14,-25,28.653097563788805,3.485778292431728,0.0317715265126688,188,364,202,303,252,219
1776768072.8629,20.0,14,-25,28.653097563788805,3.485778292431728,0.0317715265126688,188,364,202,303,252,219
1776768072.9198208,20.0,14,-25,28.653097563788805,3.485778292431728,0.0317715265126688,188,364,202,303,252,219
1776768072.9770508,20.0,14,-25,28.653097563788805,3.485778292431728,0.0317715265126688,188,364,202,303,252,219
1776768073.035014,20.0,14,-25,28.653097563788805,3.485778292431728,0.0317715265126688,188,364,202,303,252,219
1776768073.0922887,20.0,14,-25,28.653097563788805,3.485778292431728,0.0317715265126688,188,364,202,303,252,219
1776768073.1496599,20.0,14,-25,28.653097563788805,3.485778292431728,0.0317715265126688,188,364,202,303,252,219
1776768073.2037668,20.0,14,-25,28.653097563788805,3.485778292431728,0.0317715265126688,188,364,202,303,252,219
1776768073.2598853,20.0,14,-25,28.653097563788805,3.485778292431728,0.0317715265126688,188,364,202,303,252,219
1776768073.3176863,20.0,14,-26,29.5296461204668,3.592414369886472,0.031079479959758797,188,364,202,303,252,218
1776768073.375167,20.0,14,-26,29.5296461204668,3.592414369886472,0.031079479959758797,188,364,202,303,252,218
1776768073.4324892,20.0,14,-26,29.5296461204668,3.592414369886472,0.031079479959758797,188,364,202,303,252,218
1776768073.4870672,20.0,15,-26,30.01666203960727,3.6516620486140225,0.03185261290980173,188,364,202,303,253,218
1776768073.542925,20.0,15,-26,30.01666203960727,3.6516620486140225,0.03185261290980173,188,364,202,303,253,218
1776768073.600602,20.0,15,-26,30.01666203960727,3.6516620486140225,0.03185261290980173,188,364,202,303,253,218
1776768073.657873,20.0,15,-26,30.01666203960727,3.6516620486140225,0.03185261290980173,188,364,202,303,253,218
1776768073.7156823,20.0,15,-26,30.01666203960727,3.6516620486140225,0.03185261290980173,188,364,202,303,253,218
1776768073.7724729,20.0,15,-26,30.01666203960727,3.6516620486140225,0.03185261290980173,188,364,202,303,253,218
1776768073.8251295,20.0,15,-26,30.01666203960727,3.6516620486140225,0.03185261290980173,188,364,202,303,253,218
1776768073.8828914,20.0,15,-26,30.01666203960727,3.6516620486140225,0.03185261290980173,188,364,202,303,253,218
1776768073.9399977,20.0,15,-26,30.01666203960727,3.6516620486140225,0.03185261290980173,188,364,202,303,253,218
1776768073.9976122,20.0,15,-26,30.01666203960727,3.6516620486140225,0.03185261290980173,188,364,202,303,253,218
1776768074.056622,20.0,15,-26,30.01666203960727,3.6516620486140225,0.03185261290980173,188,364,202,303,253,218
1776768074.1082807,20.0,15,-26,30.01666203960727,3.6516620486140225,0.03185261290980173,188,364,202,303,253,218
1776768074.1655536,20.0,15,-27,30.886890422961002,3.7575292485354015,0.03117059172813338,188,364,202,303,253,217
1776768074.2222812,20.0,15,-27,30.886890422961002,3.7575292485354015,0.03117059172813338,188,364,202,303,253,217
1776768074.280084,20.0,15,-27,30.886890422961002,3.7575292485354015,0.03117059172813338,188,364,202,303,253,217
1776768074.3375022,20.0,15,-27,30.886890422961002,3.7575292485354015,0.03117059172813338,188,364,202,303,253,217
1776768074.3949602,20.0,15,-27,30.886890422961002,3.7575292485354015,0.03117059172813338,188,364,202,303,253,217
1776768074.4542952,20.0,15,-27,30.886890422961002,3.7575292485354015,0.03117059172813338,188,364,202,303,253,217
1776768074.5056791,20.0,15,-27,30.886890422961002,3.7575292485354015,0.03117059172813338,188,364,202,303,253,217
1776768074.5635104,20.0,15,-27,30.886890422961002,3.7575292485354015,0.03117059172813338,188,364,202,303,253,217
1776768074.62043,20.0,15,-27,30.886890422961002,3.7575292485354015,0.03117059172813338,188,364,202,303,253,217
1776768074.677501,20.0,15,-27,30.886890422961002,3.7575292485354015,0.03117059172813338,188,364,202,303,253,217
1776768074.7348661,20.0,16,-28,32.2490309931942,3.9232397801939407,0.03208148422151465,188,364,202,302,254,216
1776768074.7927353,20.0,16,-28,32.2490309931942,3.9232397801939407,0.03208148422151465,188,364,202,302,254,216
1776768074.84587,20.0,16,-28,32.2490309931942,3.9232397801939407,0.03208148422151465,188,364,202,302,254,216
1776768074.902928,20.0,16,-28,32.2490309931942,3.9232397801939407,0.03208148422151465,188,364,202,302,254,216
1776768074.9604406,20.0,16,-28,32.2490309931942,3.9232397801939407,0.03208148422151465,188,364,202,302,254,216
1776768075.017046,20.0,16,-28,32.2490309931942,3.9232397801939407,0.03208148422151465,188,364,202,302,254,216
1776768075.074891,20.0,16,-29,33.12099032335839,4.029317557586179,0.03141260176016725,188,364,202,302,254,215
1776768075.1314154,20.0,16,-29,33.12099032335839,4.029317557586179,0.03141260176016725,188,364,202,302,254,215
1776768075.1856663,20.0,16,-29,33.12099032335839,4.029317557586179,0.03141260176016725,188,364,202,302,254,215
1776768075.2422006,20.0,16,-29,33.12099032335839,4.029317557586179,0.03141260176016725,188,364,202,302,254,215
1776768075.2999585,20.0,16,-29,33.12099032335839,4.029317557586179,0.03141260176016725,188,364,202,302,254,215
1776768075.358059,20.0,17,-30,34.48187929913333,4.194875827145174,0.031479672403613594,188,364,202,302,255,214
1776768075.4170222,20.0,17,-30,34.48187929913333,4.194875827145174,0.031627809116691816,188,365,202,302,255,214
1776768075.4719143,20.0,17,-30,34.48187929913333,4.194875827145174,0.03241700554483329,188,365,202,301,255,214
1776768075.5254982,20.0,17,-30,34.48187929913333,4.194875827145174,0.03241700554483329,188,365,202,301,255,214
1776768075.5827758,20.0,17,-31,35.35533905932738,4.301136138604304,0.03176422606106501,188,365,202,301,255,213
1776768075.6403153,20.0,17,-31,35.35533905932738,4.301136138604304,0.03176422606106501,188,365,202,301,255,213
1776768075.697019,20.0,17,-31,35.35533905932738,4.301136138604304,0.03176422606106501,188,365,202,301,255,213
1776768075.754964,20.0,17,-31,35.35533905932738,4.301136138604304,0.03176422606106501,188,365,202,301,255,213
1776768075.811941,20.0,17,-31,35.35533905932738,4.301136138604304,0.03176422606106501,188,365,202,301,255,213
1776768075.8655536,20.0,17,-31,35.35533905932738,4.301136138604304,0.03176422606106501,188,365,202,301,255,213
1776768075.9228687,20.0,17,-31,35.35533905932738,4.301136138604304,0.03176422606106501,188,365,202,301,255,213
1776768075.9800222,20.0,17,-31,35.35533905932738,4.301136138604304,0.03176422606106501,188,365,202,301,255,213
1776768076.0374355,20.0,17,-31,35.35533905932738,4.301136138604304,0.03176422606106501,188,365,202,301,255,213
1776768076.0943232,20.0,17,-32,36.235341863986875,4.408192440874315,0.031125424143332945,188,365,202,301,255,212
1776768076.147295,20.0,17,-32,36.235341863986875,4.408192440874315,0.031125424143332945,188,365,202,301,255,212
1776768076.2052383,20.0,17,-32,36.235341863986875,4.408192440874315,0.031125424143332945,188,365,202,301,255,212
1776768076.2625794,20.0,17,-32,36.235341863986875,4.408192440874315,0.031125424143332945,188,365,202,301,255,212
1776768076.3196862,20.0,17,-32,36.235341863986875,4.408192440874315,0.031125424143332945,188,365,202,301,255,212
1776768076.377151,20.0,17,-32,36.235341863986875,4.408192440874315,0.031125424143332945,188,365,202,301,255,212
1776768076.4342077,20.0,17,-32,36.235341863986875,4.408192440874315,0.031125424143332945,188,365,202,301,255,212
1776768076.4877074,20.0,17,-32,36.235341863986875,4.408192440874315,0.031125424143332945,188,365,202,301,255,212
1776768076.5454266,20.0,17,-32,36.235341863986875,4.408192440874315,0.031125424143332945,188,365,202,301,255,212
1776768076.603131,20.0,17,-32,36.235341863986875,4.408192440874315,0.031125424143332945,188,365,202,301,255,212
1776768076.6596086,20.0,17,-32,36.235341863986875,4.408192440874315,0.031125424143332945,188,365,202,301,255,212
1776768076.717296,20.0,17,-32,36.235341863986875,4.408192440874315,0.031125424143332945,188,365,202,301,255,212
1776768076.7748191,20.0,17,-32,36.235341863986875,4.408192440874315,0.0289511603281241,188,365,203,301,255,212
1776768076.8277762,20.0,17,-32,36.235341863986875,4.408192440874315,0.0289511603281241,188,365,203,301,255,212
1776768076.8850439,20.0,17,-32,36.235341863986875,4.408192440874315,0.0289511603281241,188,365,203,301,255,212
1776768076.942275,20.0,17,-32,36.235341863986875,4.408192440874315,0.0289511603281241,188,365,203,301,255,212
1776768077.000128,20.0,18,-32,36.71511950137164,4.466559550045211,0.029662607301766515,188,365,203,301,256,212
1776768077.0565217,20.0,18,-32,36.71511950137164,4.466559550045211,0.029662607301766515,188,365,203,301,256,212
1776768077.1104553,20.0,18,-32,36.71511950137164,4.466559550045211,0.029662607301766515,188,365,203,301,256,212
1776768077.1676378,20.0,18,-32,36.71511950137164,4.466559550045211,0.029662607301766515,188,365,203,301,256,212
1776768077.2244437,20.0,18,-32,36.71511950137164,4.466559550045211,0.029662607301766515,188,365,203,301,256,212
1776768077.2831492,20.0,18,-33,37.589892258425,4.57297959348236,0.029045109892055585,188,365,203,301,256,211
1776768077.3391662,20.0,18,-33,37.589892258425,4.57297959348236,0.029045109892055585,188,365,203,301,256,211
1776768077.3969872,20.0,18,-33,37.589892258425,4.57297959348236,0.029045109892055585,188,365,203,301,256,211
1776768077.4504328,20.0,18,-33,37.589892258425,4.57297959348236,0.029045109892055585,188,365,203,301,256,211
1776768077.5075235,20.0,18,-33,37.589892258425,4.57297959348236,0.029045109892055585,188,365,203,301,256,211
1776768077.5654247,20.0,18,-33,37.589892258425,4.57297959348236,0.029045109892055585,188,365,203,301,256,211
1776768077.6221848,20.0,18,-33,37.589892258425,4.57297959348236,0.029045109892055585,188,365,203,301,256,211
1776768077.6796675,20.0,18,-33,37.589892258425,4.57297959348236,0.029819783022383403,188,365,203,300,256,211
1776768077.7371693,20.0,18,-33,37.589892258425,4.57297959348236,0.029819783022383403,188,365,203,300,256,211
1776768077.7903793,20.0,18,-33,37.589892258425,4.57297959348236,0.029819783022383403,188,365,203,300,256,211
1776768077.8481843,20.0,18,-33,37.589892258425,4.57297959348236,0.029819783022383403,188,365,203,300,256,211
1776768077.9048455,20.0,19,-34,38.948684188300895,4.738282747968478,0.02989323626974463,188,365,203,300,257,210
1776768077.9623604,20.0,19,-34,38.948684188300895,4.738282747968478,0.02989323626974463,188,365,203,300,257,210
1776768078.0192714,20.0,19,-34,38.948684188300895,4.738282747968478,0.02989323626974463,188,365,203,300,257,210
1776768078.0769737,20.0,19,-34,38.948684188300895,4.738282747968478,0.02989323626974463,188,365,203,300,257,210
1776768078.1311085,20.0,19,-35,39.824615503479755,4.844843735216515,0.029286950832228636,188,365,203,300,257,209
1776768078.187681,20.0,19,-35,39.824615503479755,4.844843735216515,0.03003746053488779,188,365,203,299,257,209
1776768078.244586,20.0,19,-35,39.824615503479755,4.844843735216515,0.03003746053488779,188,365,203,299,257,209
1776768078.3020737,20.0,19,-35,39.824615503479755,4.844843735216515,0.03003746053488779,188,365,203,299,257,209
1776768078.3589878,20.0,19,-36,40.70626487409524,4.9521003496466225,0.029433949832012644,188,365,203,299,257,208
1776768078.4169152,20.0,19,-36,40.70626487409524,4.9521003496466225,0.029433949832012644,188,365,203,299,257,208
1776768078.47029,20.0,19,-36,40.70626487409524,4.9521003496466225,0.029433949832012644,188,365,203,299,257,208
1776768078.5273454,20.0,19,-36,40.70626487409524,4.9521003496466225,0.029433949832012644,188,365,203,299,257,208
1776768078.5848982,20.0,19,-36,40.70626487409524,4.9521003496466225,0.029433949832012644,188,365,203,299,257,208
1776768078.6421645,20.0,19,-36,40.70626487409524,4.9521003496466225,0.029433949832012644,188,365,203,299,257,208
1776768078.699627,20.0,19,-36,40.70626487409524,4.9521003496466225,0.029433949832012644,188,365,203,299,257,208
1776768078.752885,20.0,19,-37,41.593268686170845,5.0600083559818545,0.02884312012308817,188,365,203,299,257,207
1776768078.810002,20.0,19,-37,41.593268686170845,5.0600083559818545,0.02884312012308817,188,365,203,299,257,207
1776768078.867355,20.0,19,-37,41.593268686170845,5.0600083559818545,0.02884312012308817,188,365,203,299,257,207
1776768078.9244108,20.0,19,-37,41.593268686170845,5.0600083559818545,0.02884312012308817,188,365,203,299,257,207
1776768078.9822347,20.0,19,-37,41.593268686170845,5.0600083559818545,0.02884312012308817,188,365,203,299,257,207
1776768079.0396128,20.0,19,-37,41.593268686170845,5.0600083559818545,0.02884312012308817,188,365,203,299,257,207
1776768079.093163,20.0,19,-37,41.593268686170845,5.0600083559818545,0.02884312012308817,188,365,203,299,257,207
1776768079.1500003,20.0,19,-37,41.593268686170845,5.0600083559818545,0.02884312012308817,188,365,203,299,257,207
1776768079.2074015,20.0,19,-37,41.593268686170845,5.0600083559818545,0.02884312012308817,188,365,203,299,257,207
1776768079.26505,20.0,19,-37,41.593268686170845,5.0600083559818545,0.02884312012308817,188,365,203,299,257,207
1776768079.3221295,20.0,19,-37,41.593268686170845,5.0600083559818545,0.02884312012308817,188,365,203,299,257,207
1776768079.3794806,20.0,19,-37,41.593268686170845,5.0600083559818545,0.02884312012308817,188,365,203,299,257,207
1776768079.4329007,20.0,19,-37,41.593268686170845,5.0600083559818545,0.02884312012308817,188,365,203,299,257,207
1776768079.491203,20.0,19,-37,41.593268686170845,5.0600083559818545,0.02884312012308817,188,365,203,299,257,207
1776768079.5468898,20.0,19,-37,41.593268686170845,5.0600083559818545,0.02884312012308817,188,365,203,299,257,207
1776768079.604658,20.0,19,-37,41.593268686170845,5.0600083559818545,0.02884312012308817,188,365,203,299,257,207
1776768079.6615646,20.0,19,-37,41.593268686170845,5.0600083559818545,0.02884312012308817,188,365,203,299,257,207
1776768079.7194963,20.0,19,-37,41.593268686170845,5.0600083559818545,0.02884312012308817,188,365,203,299,257,207
1776768079.7724822,20.0,19,-36,40.70626487409524,4.9521003496466225,0.029433949832012644,188,365,203,299,257,208
1776768079.8300009,20.0,19,-36,40.70626487409524,4.9521003496466225,0.029433949832012644,188,365,203,299,257,208
1776768079.887406,20.0,19,-36,40.70626487409524,4.9521003496466225,0.029433949832012644,188,365,203,299,257,208
1776768079.9448543,20.0,19,-36,40.70626487409524,4.9521003496466225,0.029433949832012644,188,365,203,299,257,208
1776768080.002151,20.0,19,-36,40.70626487409524,4.9521003496466225,0.029433949832012644,188,365,203,299,257,208
1776768080.055539,20.0,19,-36,40.70626487409524,4.9521003496466225,0.027371564175641697,188,365,204,299,257,208
1776768080.1129792,20.0,19,-36,40.70626487409524,4.9521003496466225,0.027371564175641697,188,365,204,299,257,208
1776768080.1700933,20.0,19,-36,40.70626487409524,4.9521003496466225,0.027371564175641697,188,365,204,299,257,208
1776768080.2271204,20.0,19,-36,40.70626487409524,4.9521003496466225,0.027371564175641697,188,365,204,299,257,208
1776768080.2849257,20.0,19,-36,40.70626487409524,4.9521003496466225,0.027371564175641697,188,365,204,299,257,208
1776768080.3419566,20.0,19,-36,40.70626487409524,4.9521003496466225,0.027371564175641697,188,365,204,299,257,208
1776768080.3955467,20.0,19,-36,40.70626487409524,4.9521003496466225,0.027371564175641697,188,365,204,299,257,208
1776768080.4526274,20.0,19,-36,40.70626487409524,4.9521003496466225,0.027371564175641697,188,365,204,299,257,208
1776768080.5099084,20.0,19,-36,40.70626487409524,4.9521003496466225,0.027371564175641697,188,365,204,299,257,208
1776768080.567676,20.0,20,-36,41.182520563948,5.010038998047202,0.028054694078357742,188,365,204,299,258,208
1776768080.6247923,20.0,20,-37,42.05948168962618,5.11672526637788,0.027470952919400864,188,365,204,299,258,207
1776768080.6822739,20.0,20,-37,42.05948168962618,5.11672526637788,0.027470952919400864,188,365,204,299,258,207
1776768080.73544,20.0,20,-37,42.05948168962618,5.11672526637788,0.027470952919400864,188,365,204,299,258,207
1776768080.793137,20.0,20,-37,42.05948168962618,5.11672526637788,0.028217242262880787,188,365,204,298,258,207
1776768080.8509903,20.0,20,-38,42.941821107167776,5.2240658281226,0.027636018755524627,188,365,204,298,258,206
1776768080.9066932,20.0,20,-38,42.941821107167776,5.2240658281226,0.027636018755524627,188,365,204,298,258,206
1776768080.964513,20.0,20,-38,42.941821107167776,5.2240658281226,0.027636018755524627,188,365,204,298,258,206
1776768081.022163,20.0,20,-38,42.941821107167776,5.2240658281226,0.027636018755524627,188,365,204,298,258,206
1776768081.0747547,20.0,21,-38,43.41658669218482,5.28182319856263,0.028297305423304518,188,365,204,298,259,206
1776768081.1327934,20.0,21,-38,43.41658669218482,5.28182319856263,0.028297305423304518,188,365,204,298,259,206
1776768081.1897643,20.0,21,-38,43.41658669218482,5.28182319856263,0.028297305423304518,188,365,204,298,259,206
1776768081.2474456,20.0,21,-39,44.294469180700204,5.388621554829708,0.027723780380666193,188,365,204,298,259,205
1776768081.3049252,20.0,21,-39,44.294469180700204,5.388621554829708,0.027723780380666193,188,365,204,298,259,205
1776768081.3575585,20.0,21,-39,44.294469180700204,5.388621554829708,0.02844738630011205,188,365,204,297,259,205
1776768081.4155324,20.0,21,-39,44.294469180700204,5.388621554829708,0.02844738630011205,188,365,204,297,259,205
1776768081.4731498,20.0,21,-39,44.294469180700204,5.388621554829708,0.02844738630011205,188,365,204,297,259,205
1776768081.5303683,20.0,21,-40,45.17742799230607,5.496037468650373,0.027876352060431542,188,365,204,297,259,204
1776768081.5876982,20.0,22,-40,45.65084884205331,5.553631245991886,0.028516747540537405,188,365,204,297,260,204
1776768081.6447346,20.0,22,-40,45.65084884205331,5.553631245991886,0.028516747540537405,188,365,204,297,260,204
1776768081.6977367,20.0,22,-40,45.65084884205331,5.553631245991886,0.028516747540537405,188,365,204,297,260,204
1776768081.754594,20.0,22,-41,46.52956049652737,5.660530474030093,0.027953272011997116,188,365,204,297,260,203
1776768081.8119044,20.0,22,-41,46.52956049652737,5.660530474030093,0.027953272011997116,188,365,204,297,260,203
1776768081.8695173,20.0,22,-41,46.52956049652737,5.660530474030093,0.027953272011997116,188,365,204,297,260,203
1776768081.9271724,20.0,22,-41,46.52956049652737,5.660530474030093,0.027953272011997116,188,365,204,297,260,203
1776768081.9846632,20.0,22,-41,46.52956049652737,5.660530474030093,0.027953272011997116,188,365,204,297,260,203
1776768082.0379765,20.0,22,-41,46.52956049652737,5.660530474030093,0.02865517290519017,188,365,204,296,260,203
1776768082.095466,20.0,22,-41,46.52956049652737,5.660530474030093,0.02865517290519017,188,365,204,296,260,203
1776768082.1527967,20.0,22,-41,46.52956049652737,5.660530474030093,0.02865517290519017,188,365,204,296,260,203
1776768082.210075,20.0,22,-42,47.41307836451879,5.7680143995764945,0.02809415860427188,188,365,204,296,260,202
1776768082.2672372,20.0,22,-42,47.41307836451879,5.7680143995764945,0.02809415860427188,188,365,204,296,260,202
1776768082.3242698,20.0,22,-42,47.41307836451879,5.7680143995764945,0.02809415860427188,188,365,204,296,260,202
1776768082.3778183,20.0,22,-42,47.41307836451879,5.7680143995764945,0.02809415860427188,188,365,204,296,260,202
1776768082.4367738,20.0,22,-42,47.41307836451879,5.7680143995764945,0.02809415860427188,188,365,204,296,260,202
1776768082.4929085,20.0,22,-42,47.41307836451879,5.7680143995764945,0.02809415860427188,188,365,204,296,260,202
1776768082.5498142,20.0,22,-42,47.41307836451879,5.7680143995764945,0.02809415860427188,188,365,204,296,260,202
1776768082.6069503,20.0,22,-42,47.41307836451879,5.7680143995764945,0.02809415860427188,188,365,204,296,260,202
1776768082.6644025,20.0,22,-42,47.41307836451879,5.7680143995764945,0.02809415860427188,188,365,204,296,260,202
1776768082.7176893,20.0,22,-42,47.41307836451879,5.7680143995764945,0.02809415860427188,188,365,204,296,260,202
1776768082.7749512,20.0,22,-42,47.41307836451879,5.7680143995764945,0.02809415860427188,188,365,204,296,260,202
1776768082.8324862,20.0,22,-42,47.41307836451879,5.7680143995764945,0.02809415860427188,188,365,204,296,260,202
1776768082.889192,20.0,22,-42,47.41307836451879,5.7680143995764945,0.02809415860427188,188,365,204,296,260,202
1776768082.9465044,20.0,22,-42,47.41307836451879,5.7680143995764945,0.02809415860427188,188,365,204,296,260,202
1776768083.0005875,20.0,22,-42,47.41307836451879,5.7680143995764945,0.02809415860427188,188,365,204,296,260,202
1776768083.0574093,20.0,22,-42,47.41307836451879,5.7680143995764945,0.02809415860427188,188,365,204,296,260,202
1776768083.115298,20.0,23,-42,47.885279575251516,5.825459802342033,0.02871456379500636,188,365,204,296,261,202
1776768083.171959,20.0,23,-42,47.885279575251516,5.825459802342033,0.02871456379500636,188,365,204,296,261,202
1776768083.2290516,20.0,23,-42,47.885279575251516,5.825459802342033,0.02871456379500636,188,365,204,296,261,202
1776768083.286945,20.0,23,-42,47.885279575251516,5.825459802342033,0.02871456379500636,188,365,204,296,261,202
1776768083.340339,20.0,23,-42,47.885279575251516,5.825459802342033,0.02871456379500636,188,365,204,296,261,202
1776768083.3975644,20.0,23,-42,47.885279575251516,5.825459802342033,0.02871456379500636,188,365,204,296,261,202
1776768083.4548779,20.0,23,-42,47.885279575251516,5.825459802342033,0.02871456379500636,188,365,204,296,261,202
1776768083.5122068,20.0,23,-43,48.76474136094644,5.932450287219761,0.028160966899351852,188,365,204,296,261,201
1776768083.5690575,20.0,23,-43,48.76474136094644,5.932450287219761,0.028160966899351852,188,365,204,296,261,201
1776768083.6262646,20.0,23,-43,48.76474136094644,5.932450287219761,0.028160966899351852,188,365,204,296,261,201
1776768083.679715,20.0,23,-43,48.76474136094644,5.932450287219761,0.028160966899351852,188,365,204,296,261,201
1776768083.736899,20.0,23,-43,48.76474136094644,5.932450287219761,0.028160966899351852,188,365,204,296,261,201
1776768083.7944436,20.0,23,-43,48.76474136094644,5.932450287219761,0.028160966899351852,188,365,204,296,261,201
1776768083.8521965,20.0,23,-43,48.76474136094644,5.932450287219761,0.028160966899351852,188,365,204,296,261,201
1776768083.9090934,20.0,23,-43,48.76474136094644,5.932450287219761,0.028160966899351852,188,365,204,296,261,201
1776768083.9662187,20.0,23,-43,48.76474136094644,5.932450287219761,0.028160966899351852,188,365,204,296,261,201
1776768084.0199118,20.0,23,-43,48.76474136094644,5.932450287219761,0.028160966899351852,188,365,204,296,261,201
1776768084.0776846,20.0,23,-43,48.76474136094644,5.932450287219761,0.028160966899351852,188,365,204,296,261,201
1776768084.1348553,20.0,23,-43,48.76474136094644,5.932450287219761,0.028160966899351852,188,365,204,296,261,201
1776768084.1923099,20.0,23,-43,48.76474136094644,5.932450287219761,0.02628236681568052,188,365,205,296,261,201
1776768084.2496018,20.0,23,-43,48.76474136094644,5.932450287219761,0.02628236681568052,188,365,205,296,261,201
1776768084.3071747,20.0,23,-43,48.76474136094644,5.932450287219761,0.02628236681568052,188,365,205,296,261,201
1776768084.3600638,20.0,23,-43,48.76474136094644,5.932450287219761,0.02628236681568052,188,365,205,296,261,201
1776768084.417475,20.0,23,-43,48.76474136094644,5.932450287219761,0.02628236681568052,188,365,205,296,261,201
1776768084.4749284,20.0,23,-43,48.76474136094644,5.932450287219761,0.02628236681568052,188,365,205,296,261,201
1776768084.5320716,20.0,23,-43,48.76474136094644,5.932450287219761,0.02628236681568052,188,365,205,296,261,201
1776768084.589455,20.0,23,-43,48.76474136094644,5.932450287219761,0.02628236681568052,188,365,205,296,261,201
1776768084.6431866,20.0,23,-43,48.76474136094644,5.932450287219761,0.02628236681568052,188,365,205,296,261,201
1776768084.7011309,20.0,23,-43,48.76474136094644,5.932450287219761,0.02628236681568052,188,365,205,296,261,201
1776768084.7577512,20.0,23,-43,48.76474136094644,5.932450287219761,0.026980026764565544,188,365,205,295,261,201
1776768084.8149674,20.0,23,-44,49.64876634922564,6.039995906231829,0.02643894270953033,188,365,205,295,261,200
1776768084.8719983,20.0,23,-44,49.64876634922564,6.039995906231829,0.02643894270953033,188,365,205,295,261,200
1776768084.9296532,20.0,24,-44,50.11985634456667,6.097306124643147,0.027055154324786317,188,365,205,295,262,200
1776768084.9828358,20.0,24,-44,50.11985634456667,6.097306124643147,0.027055154324786317,188,365,205,295,262,200
1776768085.0397596,20.0,24,-45,51.0,6.204379562043795,0.026521018730845315,188,365,205,295,262,199
1776768085.0976021,20.0,24,-45,51.0,6.204379562043795,0.026521018730845315,188,365,205,295,262,199
1776768085.15569,20.0,24,-45,51.0,6.204379562043795,0.027198270258948665,188,365,205,294,262,199
1776768085.2118928,20.0,24,-45,51.0,6.204379562043795,0.027198270258948665,188,365,205,294,262,199
1776768085.2692904,20.0,24,-46,51.884487084291386,6.31198139711574,0.026666353854193244,188,365,205,294,262,198
1776768085.3227844,20.0,24,-46,51.884487084291386,6.31198139711574,0.026666353854193244,188,365,205,294,262,198
1776768085.379744,20.0,24,-46,51.884487084291386,6.31198139711574,0.026666353854193244,188,365,205,294,262,198
1776768085.4374435,20.0,24,-46,51.884487084291386,6.31198139711574,0.026666353854193244,188,365,205,294,262,198
1776768085.4947228,20.0,24,-46,51.884487084291386,6.31198139711574,0.026666353854193244,188,365,205,294,262,198
1776768085.551514,20.0,24,-47,52.773099207835045,6.420085061780418,0.026145074961475955,188,365,205,294,262,197
1776768085.6093674,20.0,24,-47,52.773099207835045,6.420085061780418,0.026145074961475955,188,365,205,294,262,197
1776768085.6622984,20.0,24,-47,52.773099207835045,6.420085061780418,0.026145074961475955,188,365,205,294,262,197
1776768085.7202008,20.0,24,-47,52.773099207835045,6.420085061780418,0.0268025715284225,188,365,205,293,262,197
1776768085.7775738,20.0,25,-47,53.23532661682466,6.476317106669666,0.027396365660470504,188,365,205,293,263,197
1776768085.8345902,20.0,25,-47,53.23532661682466,6.476317106669666,0.027396365660470504,188,365,205,293,263,197
1776768085.8917518,20.0,25,-47,53.23532661682466,6.476317106669666,0.027396365660470504,188,365,205,293,263,197
1776768085.9453156,20.0,25,-47,53.23532661682466,6.476317106669666,0.027396365660470504,188,365,205,293,263,197
1776768086.00209,20.0,25,-47,53.23532661682466,6.476317106669666,0.027396365660470504,188,365,205,293,263,197
1776768086.0591826,20.0,25,-47,53.23532661682466,6.476317106669666,0.027396365660470504,188,365,205,293,263,197
1776768086.1171944,20.0,25,-48,54.120236510939236,6.58397037845976,0.026873468953338274,188,365,205,293,263,196
1776768086.1738877,20.0,25,-48,54.120236510939236,6.58397037845976,0.026873468953338274,188,365,205,293,263,196
1776768086.2318,20.0,25,-48,54.120236510939236,6.58397037845976,0.026873468953338274,188,365,205,293,263,196
1776768086.2848368,20.0,25,-48,54.120236510939236,6.58397037845976,0.026873468953338274,188,365,205,293,263,196
1776768086.3425984,20.0,25,-48,54.120236510939236,6.58397037845976,0.026873468953338274,188,365,205,293,263,196
1776768086.3995633,20.0,25,-48,54.120236510939236,6.58397037845976,0.026873468953338274,188,365,205,293,263,196
1776768086.4572344,20.0,25,-48,54.120236510939236,6.58397037845976,0.026873468953338274,188,365,205,293,263,196
1776768086.5146422,20.0,25,-48,54.120236510939236,6.58397037845976,0.02510972511450003,188,365,206,293,263,196
1776768086.5714083,20.0,25,-48,54.120236510939236,6.58397037845976,0.02510972511450003,188,365,206,293,263,196
1776768086.625225,20.0,25,-48,54.120236510939236,6.58397037845976,0.02510972511450003,188,365,206,293,263,196
1776768086.6825702,20.0,25,-48,54.120236510939236,6.58397037845976,0.02510972511450003,188,365,206,293,263,196
1776768086.7395842,20.0,25,-48,54.120236510939236,6.58397037845976,0.02510972511450003,188,365,206,293,263,196
1776768086.7976348,20.0,25,-48,54.120236510939236,6.58397037845976,0.02510972511450003,188,365,206,293,263,196
1776768086.8538094,20.0,25,-48,54.120236510939236,6.58397037845976,0.02510972511450003,188,365,206,293,263,196
1776768086.9115825,20.0,25,-48,54.120236510939236,6.58397037845976,0.02510972511450003,188,365,206,293,263,196
1776768086.964508,20.0,25,-48,54.120236510939236,6.58397037845976,0.02510972511450003,188,365,206,293,263,196
1776768087.022305,20.0,25,-48,54.120236510939236,6.58397037845976,0.02510972511450003,188,365,206,293,263,196
1776768087.0797565,20.0,25,-48,54.120236510939236,6.58397037845976,0.02510972511450003,188,365,206,293,263,196
1776768087.1369712,20.0,25,-48,54.120236510939236,6.58397037845976,0.02510972511450003,188,365,206,293,263,196
1776768087.194583,20.0,25,-48,54.120236510939236,6.58397037845976,0.02510972511450003,188,365,206,293,263,196
1776768087.2516494,20.0,25,-48,54.120236510939236,6.58397037845976,0.02510972511450003,188,365,206,293,263,196
1776768087.3053288,20.0,25,-48,54.120236510939236,6.58397037845976,0.02510972511450003,188,365,206,293,263,196
1776768087.3632762,20.0,25,-48,54.120236510939236,6.58397037845976,0.02510972511450003,188,365,206,293,263,196
1776768087.4202185,20.0,25,-48,54.120236510939236,6.58397037845976,0.02510972511450003,188,365,206,293,263,196
1776768087.4770577,20.0,25,-48,54.120236510939236,6.58397037845976,0.02510972511450003,188,365,206,293,263,196
1776768087.5341716,20.0,25,-48,54.120236510939236,6.58397037845976,0.02510972511450003,188,365,206,293,263,196
1776768087.5873969,20.0,25,-48,54.120236510939236,6.58397037845976,0.02510972511450003,188,365,206,293,263,196
1776768087.6446965,20.0,25,-48,54.120236510939236,6.58397037845976,0.02510972511450003,188,365,206,293,263,196
1776768087.7023647,20.0,25,-48,54.120236510939236,6.58397037845976,0.02510972511450003,188,365,206,293,263,196
1776768087.7597334,20.0,25,-48,54.120236510939236,6.58397037845976,0.02510972511450003,188,365,206,293,263,196
1776768087.8177414,20.0,25,-48,54.120236510939236,6.58397037845976,0.02510972511450003,188,365,206,293,263,196
1776768087.8743017,20.0,25,-48,54.120236510939236,6.58397037845976,0.02510972511450003,188,365,206,293,263,196
1776768087.9279013,20.0,25,-48,54.120236510939236,6.58397037845976,0.02510972511450003,188,365,206,293,263,196
1776768087.985228,20.0,25,-49,55.00909015790027,6.692103425535312,0.024606599882051588,188,365,206,293,263,195
1776768088.0423212,20.0,25,-49,55.00909015790027,6.692103425535312,0.024606599882051588,188,365,206,293,263,195
1776768088.099349,20.0,25,-49,55.00909015790027,6.692103425535312,0.024606599882051588,188,365,206,293,263,195
1776768088.1563113,20.0,25,-49,55.00909015790027,6.692103425535312,0.024606599882051588,188,365,206,293,263,195
1776768088.2141936,20.0,25,-49,55.00909015790027,6.692103425535312,0.024606599882051588,188,365,206,293,263,195
1776768088.2677226,20.0,25,-49,55.00909015790027,6.692103425535312,0.024606599882051588,188,365,206,293,263,195
1776768088.32508,20.0,25,-49,55.00909015790027,6.692103425535312,0.024606599882051588,188,365,206,293,263,195
1776768088.381624,20.0,25,-49,55.00909015790027,6.692103425535312,0.024606599882051588,188,365,206,293,263,195
1776768088.4392169,20.0,26,-49,55.47071299343465,6.748261921342414,0.02519597407512506,188,365,206,293,264,195
1776768088.4968805,20.0,26,-49,55.47071299343465,6.748261921342414,0.02519597407512506,188,365,206,293,264,195
1776768088.553911,20.0,26,-49,55.47071299343465,6.748261921342414,0.02519597407512506,188,365,206,293,264,195
1776768088.6070852,20.0,26,-49,55.47071299343465,6.748261921342414,0.02519597407512506,188,365,206,293,264,195
1776768088.6648707,20.0,26,-49,55.47071299343465,6.748261921342414,0.02519597407512506,188,365,206,293,264,195
1776768088.722965,20.0,26,-49,55.47071299343465,6.748261921342414,0.02519597407512506,188,365,206,293,264,195
1776768088.779812,20.0,26,-49,55.47071299343465,6.748261921342414,0.02519597407512506,188,365,206,293,264,195
1776768088.8370264,20.0,26,-49,55.47071299343465,6.748261921342414,0.02519597407512506,188,365,206,293,264,195
1776768088.8937361,20.0,26,-49,55.47071299343465,6.748261921342414,0.02519597407512506,188,365,206,293,264,195
1776768088.9469097,20.0,26,-49,55.47071299343465,6.748261921342414,0.02519597407512506,188,365,206,293,264,195
1776768089.0048525,20.0,26,-49,55.47071299343465,6.748261921342414,0.02519597407512506,188,365,206,293,264,195
1776768089.0644796,20.0,26,-49,55.47071299343465,6.748261921342414,0.02519597407512506,188,365,206,293,264,195
1776768089.119415,20.0,26,-49,55.47071299343465,6.748261921342414,0.02519597407512506,188,365,206,293,264,195
1776768089.1767316,20.0,26,-49,55.47071299343465,6.748261921342414,0.02519597407512506,188,365,206,293,264,195
1776768089.2301242,20.0,26,-49,55.47071299343465,6.748261921342414,0.02519597407512506,188,365,206,293,264,195
1776768089.2875974,20.0,26,-49,55.47071299343465,6.748261921342414,0.025344475309296136,188,366,206,293,264,195
1776768089.3451195,20.0,26,-49,55.47071299343465,6.748261921342414,0.025344475309296136,188,366,206,293,264,195
1776768089.4014308,20.0,26,-49,55.47071299343465,6.748261921342414,0.025344475309296136,188,366,206,293,264,195
1776768089.458931,20.0,26,-49,55.47071299343465,6.748261921342414,0.025344475309296136,188,366,206,293,264,195
1776768089.5168269,20.0,26,-49,55.47071299343465,6.748261921342414,0.025344475309296136,188,366,206,293,264,195
1776768089.570167,20.0,26,-49,55.47071299343465,6.748261921342414,0.025344475309296136,188,366,206,293,264,195
1776768089.6279948,20.0,26,-49,55.47071299343465,6.748261921342414,0.025344475309296136,188,366,206,293,264,195
1776768089.684926,20.0,26,-49,55.47071299343465,6.748261921342414,0.025344475309296136,188,366,206,293,264,195
1776768089.7419176,20.0,26,-49,55.47071299343465,6.748261921342414,0.025344475309296136,188,366,206,293,264,195
1776768089.7996092,20.0,26,-49,55.47071299343465,6.748261921342414,0.025344475309296136,188,366,206,293,264,195
1776768089.8568487,20.0,26,-49,55.47071299343465,6.748261921342414,0.025344475309296136,188,366,206,293,264,195
1776768089.910753,20.0,26,-49,55.47071299343465,6.748261921342414,0.025987248035169285,188,366,206,292,264,195
1776768089.9671493,20.0,26,-49,55.47071299343465,6.748261921342414,0.024274403502945553,188,366,207,292,264,195
1776768090.024921,20.0,26,-49,55.47071299343465,6.748261921342414,0.024274403502945553,188,366,207,292,264,195
1776768090.0822556,20.0,26,-49,55.47071299343465,6.748261921342414,0.024274403502945553,188,366,207,292,264,195
1776768090.1394799,20.0,26,-49,55.47071299343465,6.748261921342414,0.024274403502945553,188,366,207,292,264,195
1776768090.1969807,20.0,26,-50,56.356011214421486,6.8559624348444625,0.02378065819400002,188,366,207,292,264,194
1776768090.2505343,20.0,26,-50,56.356011214421486,6.8559624348444625,0.02378065819400002,188,366,207,292,264,194
1776768090.3069046,20.0,26,-50,56.356011214421486,6.8559624348444625,0.02378065819400002,188,366,207,292,264,194
1776768090.3649187,20.0,26,-50,56.356011214421486,6.8559624348444625,0.02378065819400002,188,366,207,292,264,194
1776768090.4248989,20.0,26,-50,56.356011214421486,6.8559624348444625,0.02378065819400002,188,366,207,292,264,194
1776768090.4790494,20.0,26,-50,56.356011214421486,6.8559624348444625,0.02378065819400002,188,366,207,292,264,194
1776768090.5326893,20.0,26,-50,56.356011214421486,6.8559624348444625,0.02378065819400002,188,366,207,292,264,194
1776768090.5893216,20.0,26,-50,56.356011214421486,6.8559624348444625,0.02378065819400002,188,366,207,292,264,194
1776768090.64656,20.0,26,-50,56.356011214421486,6.8559624348444625,0.02378065819400002,188,366,207,292,264,194
1776768090.7039921,20.0,26,-50,56.356011214421486,6.8559624348444625,0.02378065819400002,188,366,207,292,264,194
1776768090.7619586,20.0,26,-50,56.356011214421486,6.8559624348444625,0.02378065819400002,188,366,207,292,264,194
1776768090.8196275,20.0,26,-50,56.356011214421486,6.8559624348444625,0.02378065819400002,188,366,207,292,264,194
1776768090.872599,20.0,26,-50,56.356011214421486,6.8559624348444625,0.02378065819400002,188,366,207,292,264,194
1776768090.9308393,20.0,26,-50,56.356011214421486,6.8559624348444625,0.02378065819400002,188,366,207,292,264,194
1776768090.9874725,20.0,26,-50,56.356011214421486,6.8559624348444625,0.02378065819400002,188,366,207,292,264,194
1776768091.0445302,20.0,26,-50,56.356011214421486,6.8559624348444625,0.02378065819400002,188,366,207,292,264,194
1776768091.1021795,20.0,26,-50,56.356011214421486,6.8559624348444625,0.02378065819400002,188,366,207,292,264,194
1776768091.1586478,20.0,26,-50,56.356011214421486,6.8559624348444625,0.02378065819400002,188,366,207,292,264,194
1776768091.2125762,20.0,26,-50,56.356011214421486,6.8559624348444625,0.02378065819400002,188,366,207,292,264,194
1776768091.269883,20.0,26,-50,56.356011214421486,6.8559624348444625,0.02378065819400002,188,366,207,292,264,194
1776768091.327264,20.0,26,-50,56.356011214421486,6.8559624348444625,0.02378065819400002,188,366,207,292,264,194
1776768091.3849227,20.0,26,-50,56.356011214421486,6.8559624348444625,0.02378065819400002,188,366,207,292,264,194
1776768091.4422147,20.0,26,-50,56.356011214421486,6.8559624348444625,0.02378065819400002,188,366,207,292,264,194
1776768091.4990542,20.0,26,-50,56.356011214421486,6.8559624348444625,0.02378065819400002,188,366,207,292,264,194
1776768091.552395,20.0,27,-50,56.824290580701486,6.912930727579256,0.024365933722048427,188,366,207,292,265,194
1776768091.6101136,20.0,27,-51,57.706152185014034,7.0202131611939205,0.023878152072860613,188,366,207,292,265,193
1776768091.667524,20.0,27,-51,57.706152185014034,7.0202131611939205,0.023878152072860613,188,366,207,292,265,193
1776768091.7246966,20.0,27,-51,57.706152185014034,7.0202131611939205,0.023878152072860613,188,366,207,292,265,193
1776768091.7822673,20.0,27,-51,57.706152185014034,7.0202131611939205,0.023878152072860613,188,366,207,292,265,193
1776768091.838658,20.0,27,-51,57.706152185014034,7.0202131611939205,0.023878152072860613,188,366,207,292,265,193
1776768091.8924708,20.0,27,-51,57.706152185014034,7.0202131611939205,0.023878152072860613,188,366,207,292,265,193
1776768091.950912,20.0,27,-51,57.706152185014034,7.0202131611939205,0.023878152072860613,188,366,207,292,265,193
1776768092.0070288,20.0,27,-51,57.706152185014034,7.0202131611939205,0.023878152072860613,188,366,207,292,265,193
1776768092.064491,20.0,27,-51,57.706152185014034,7.0202131611939205,0.023878152072860613,188,366,207,292,265,193
1776768092.1209595,20.0,27,-51,57.706152185014034,7.0202131611939205,0.023878152072860613,188,366,207,292,265,193
1776768092.1743214,20.0,27,-51,57.706152185014034,7.0202131611939205,0.023878152072860613,188,366,207,292,265,193
1776768092.2316463,20.0,27,-51,57.706152185014034,7.0202131611939205,0.023878152072860613,188,366,207,292,265,193
1776768092.2899554,20.0,27,-51,57.706152185014034,7.0202131611939205,0.024516264635810733,188,366,207,291,265,193
1776768092.3471234,20.0,27,-51,57.706152185014034,7.0202131611939205,0.024516264635810733,188,366,207,291,265,193
1776768092.4037023,20.0,27,-51,57.706152185014034,7.0202131611939205,0.024516264635810733,188,366,207,291,265,193
1776768092.4609244,20.0,27,-51,57.706152185014034,7.0202131611939205,0.024516264635810733,188,366,207,291,265,193
1776768092.514393,20.0,27,-51,57.706152185014034,7.0202131611939205,0.024516264635810733,188,366,207,291,265,193
1776768092.5718608,20.0,27,-51,57.706152185014034,7.0202131611939205,0.024516264635810733,188,366,207,291,265,193
1776768092.6325629,20.0,27,-51,57.706152185014034,7.0202131611939205,0.024516264635810733,188,366,207,291,265,193
1776768092.68684,20.0,27,-51,57.706152185014034,7.0202131611939205,0.024516264635810733,188,366,207,291,265,193
1776768092.7435856,20.0,27,-51,57.706152185014034,7.0202131611939205,0.024516264635810733,188,366,207,291,265,193
1776768092.801088,20.0,27,-51,57.706152185014034,7.0202131611939205,0.024516264635810733,188,366,207,291,265,193
1776768092.8543296,20.0,27,-51,57.706152185014034,7.0202131611939205,0.024516264635810733,188,366,207,291,265,193
1776768092.91198,20.0,27,-51,57.706152185014034,7.0202131611939205,0.024516264635810733,188,366,207,291,265,193
1776768092.9694388,20.0,27,-51,57.706152185014034,7.0202131611939205,0.024516264635810733,188,366,207,291,265,193
1776768093.0265458,20.0,27,-51,57.706152185014034,7.0202131611939205,0.024516264635810733,188,366,207,291,265,193
1776768093.0845435,20.0,27,-51,57.706152185014034,7.0202131611939205,0.024516264635810733,188,366,207,291,265,193
1776768093.1408186,20.0,27,-51,57.706152185014034,7.0202131611939205,0.024516264635810733,188,366,207,291,265,193
1776768093.1941817,20.0,27,-51,57.706152185014034,7.0202131611939205,0.024516264635810733,188,366,207,291,265,193
1776768093.2515223,20.0,27,-51,57.706152185014034,7.0202131611939205,0.024516264635810733,188,366,207,291,265,193
1776768093.310621,20.0,27,-51,57.706152185014034,7.0202131611939205,0.024516264635810733,188,366,207,291,265,193
1776768093.367379,20.0,27,-51,57.706152185014034,7.0202131611939205,0.024516264635810733,188,366,207,291,265,193
1776768093.4246237,20.0,27,-52,58.59180830116101,7.127957214253164,0.024030335776515286,188,366,207,291,265,192
1776768093.4817739,20.0,27,-52,58.59180830116101,7.127957214253164,0.024030335776515286,188,366,207,291,265,192
1776768093.534484,20.0,27,-52,58.59180830116101,7.127957214253164,0.024030335776515286,188,366,207,291,265,192
1776768093.5922098,20.0,27,-52,58.59180830116101,7.127957214253164,0.024030335776515286,188,366,207,291,265,192
1776768093.648751,20.0,27,-52,58.59180830116101,7.127957214253164,0.024030335776515286,188,366,207,291,265,192
1776768093.7061145,20.0,27,-52,58.59180830116101,7.127957214253164,0.024030335776515286,188,366,207,291,265,192
1776768093.7634144,20.0,27,-52,58.59180830116101,7.127957214253164,0.024030335776515286,188,366,207,291,265,192
1776768093.817099,20.0,27,-52,58.59180830116101,7.127957214253164,0.024030335776515286,188,366,207,291,265,192
1776768093.8744192,20.0,27,-52,58.59180830116101,7.127957214253164,0.024030335776515286,188,366,207,291,265,192
1776768093.9322662,20.0,27,-52,58.59180830116101,7.127957214253164,0.024030335776515286,188,366,207,291,265,192
1776768093.989564,20.0,27,-52,58.59180830116101,7.127957214253164,0.024030335776515286,188,366,207,291,265,192
1776768094.0465505,20.0,27,-52,58.59180830116101,7.127957214253164,0.024030335776515286,188,366,207,291,265,192
1776768094.1044486,20.0,27,-52,58.59180830116101,7.127957214253164,0.024030335776515286,188,366,207,291,265,192
1776768094.1580403,20.0,27,-52,58.59180830116101,7.127957214253164,0.024030335776515286,188,366,207,291,265,192
1776768094.2146173,20.0,27,-52,58.59180830116101,7.127957214253164,0.024030335776515286,188,366,207,291,265,192
1776768094.2714028,20.0,27,-52,58.59180830116101,7.127957214253164,0.024030335776515286,188,366,207,291,265,192
1776768094.3286774,20.0,27,-52,58.59180830116101,7.127957214253164,0.024030335776515286,188,366,207,291,265,192
1776768094.3861988,20.0,27,-52,58.59180830116101,7.127957214253164,0.024030335776515286,188,366,207,291,265,192
1776768094.444027,20.0,27,-52,58.59180830116101,7.127957214253164,0.024030335776515286,188,366,207,291,265,192
1776768094.4975433,20.0,27,-52,58.59180830116101,7.127957214253164,0.024030335776515286,188,366,207,291,265,192
1776768094.5546503,20.0,27,-52,58.59180830116101,7.127957214253164,0.024030335776515286,188,366,207,291,265,192
1776768094.611943,20.0,27,-52,58.59180830116101,7.127957214253164,0.024030335776515286,188,366,207,291,265,192
1776768094.669918,20.0,27,-52,58.59180830116101,7.127957214253164,0.024030335776515286,188,366,207,291,265,192
1776768094.7269444,20.0,27,-52,58.59180830116101,7.127957214253164,0.024030335776515286,188,366,207,291,265,192
1776768094.784008,20.0,27,-52,58.59180830116101,7.127957214253164,0.024030335776515286,188,366,207,291,265,192
1776768094.837569,20.0,27,-52,58.59180830116101,7.127957214253164,0.024030335776515286,188,366,207,291,265,192
1776768094.8948026,20.0,27,-52,58.59180830116101,7.127957214253164,0.024030335776515286,188,366,207,291,265,192
1776768094.9512453,20.0,27,-52,58.59180830116101,7.127957214253164,0.024030335776515286,188,366,207,291,265,192
1776768095.009223,20.0,27,-52,58.59180830116101,7.127957214253164,0.024030335776515286,188,366,207,291,265,192
1776768095.0662823,20.0,27,-52,58.59180830116101,7.127957214253164,0.024030335776515286,188,366,207,291,265,192
1776768095.1196513,20.0,27,-52,58.59180830116101,7.127957214253164,0.024030335776515286,188,366,207,291,265,192
1776768095.1773252,20.0,27,-52,58.59180830116101,7.127957214253164,0.024030335776515286,188,366,207,291,265,192
1776768095.234581,20.0,27,-52,58.59180830116101,7.127957214253164,0.024030335776515286,188,366,207,291,265,192
1776768095.2926652,20.0,27,-52,58.59180830116101,7.127957214253164,0.024030335776515286,188,366,207,291,265,192
1776768095.3492372,20.0,27,-52,58.59180830116101,7.127957214253164,0.024030335776515286,188,366,207,291,265,192
1776768095.4060059,20.0,27,-53,59.481089431852205,7.236142266648686,0.02417414418006811,188,366,207,290,265,191
1776768095.459608,20.0,27,-53,59.481089431852205,7.236142266648686,0.02417414418006811,188,366,207,290,265,191
1776768095.517042,20.0,27,-53,59.481089431852205,7.236142266648686,0.02417414418006811,188,366,207,290,265,191
1776768095.5741005,20.0,27,-53,59.481089431852205,7.236142266648686,0.02417414418006811,188,366,207,290,265,191
1776768095.6311142,20.0,27,-53,59.481089431852205,7.236142266648686,0.02417414418006811,188,366,207,290,265,191
1776768095.6885262,20.0,27,-53,59.481089431852205,7.236142266648686,0.02417414418006811,188,366,207,290,265,191
1776768095.7458916,20.0,27,-53,59.481089431852205,7.236142266648686,0.02417414418006811,188,366,207,290,265,191
1776768095.8000717,20.0,27,-53,59.481089431852205,7.236142266648686,0.02417414418006811,188,366,207,290,265,191
1776768095.857535,20.0,27,-53,59.481089431852205,7.236142266648686,0.02417414418006811,188,366,207,290,265,191
1776768095.9152775,20.0,27,-53,59.481089431852205,7.236142266648686,0.02417414418006811,188,366,207,290,265,191
1776768095.9717586,20.0,27,-53,59.481089431852205,7.236142266648686,0.02417414418006811,188,366,207,290,265,191
1776768096.0292401,20.0,27,-53,59.481089431852205,7.236142266648686,0.02417414418006811,188,366,207,290,265,191
1776768096.0864491,20.0,27,-53,59.481089431852205,7.236142266648686,0.02417414418006811,188,366,207,290,265,191
1776768096.1400526,20.0,27,-53,59.481089431852205,7.236142266648686,0.02417414418006811,188,366,207,290,265,191
1776768096.1971548,20.0,27,-53,59.481089431852205,7.236142266648686,0.02417414418006811,188,366,207,290,265,191
1776768096.2543204,20.0,27,-53,59.481089431852205,7.236142266648686,0.02417414418006811,188,366,207,290,265,191
1776768096.3113883,20.0,27,-53,59.481089431852205,7.236142266648686,0.02417414418006811,188,366,207,290,265,191
1776768096.3683622,20.0,28,-53,59.941638282582836,7.292170107370175,0.024738872638793843,188,366,207,290,266,191
1776768096.4257388,20.0,28,-53,59.941638282582836,7.292170107370175,0.024738872638793843,188,366,207,290,266,191
1776768096.4790788,20.0,28,-53,59.941638282582836,7.292170107370175,0.024738872638793843,188,366,207,290,266,191
1776768096.5370257,20.0,28,-53,59.941638282582836,7.292170107370175,0.024738872638793843,188,366,207,290,266,191
1776768096.5942981,20.0,28,-53,59.941638282582836,7.292170107370175,0.024738872638793843,188,366,207,290,266,191
1776768096.6517382,20.0,28,-53,59.941638282582836,7.292170107370175,0.024738872638793843,188,366,207,290,266,191
1776768096.7090595,20.0,28,-53,59.941638282582836,7.292170107370175,0.024738872638793843,188,366,207,290,266,191
1776768096.762696,20.0,28,-53,59.941638282582836,7.292170107370175,0.024738872638793843,188,366,207,290,266,191
1776768096.820574,20.0,28,-53,59.941638282582836,7.292170107370175,0.024738872638793843,188,366,207,290,266,191
1776768096.8771589,20.0,28,-53,59.941638282582836,7.292170107370175,0.024738872638793843,188,366,207,290,266,191
1776768096.9345634,20.0,28,-53,59.941638282582836,7.292170107370175,0.024738872638793843,188,366,207,290,266,191
1776768096.9915848,20.0,28,-53,59.941638282582836,7.292170107370175,0.024738872638793843,188,366,207,290,266,191
1776768097.0490496,20.0,28,-53,59.941638282582836,7.292170107370175,0.024738872638793843,188,366,207,290,266,191
1776768097.1020136,20.0,28,-54,60.8276253029822,7.399954416421192,0.024260653719665244,188,366,207,290,266,190
1776768097.159814,20.0,28,-54,60.8276253029822,7.399954416421192,0.024260653719665244,188,366,207,290,266,190
1776768097.2163892,20.0,28,-54,60.8276253029822,7.399954416421192,0.024260653719665244,188,366,207,290,266,190
1776768097.2737079,20.0,28,-54,60.8276253029822,7.399954416421192,0.024260653719665244,188,366,207,290,266,190
1776768097.3313792,20.0,28,-54,60.8276253029822,7.399954416421192,0.024260653719665244,188,366,207,290,266,190
1776768097.388836,20.0,28,-54,60.8276253029822,7.399954416421192,0.024260653719665244,188,366,207,290,266,190
1776768097.4422805,20.0,28,-54,60.8276253029822,7.399954416421192,0.024260653719665244,188,366,207,290,266,190
1776768097.4993496,20.0,28,-54,60.8276253029822,7.399954416421192,0.024260653719665244,188,366,207,290,266,190
1776768097.556362,20.0,28,-54,60.8276253029822,7.399954416421192,0.024260653719665244,188,366,207,290,266,190
1776768097.6136382,20.0,28,-54,60.8276253029822,7.399954416421192,0.024260653719665244,188,366,207,290,266,190
1776768097.6716857,20.0,28,-54,60.8276253029822,7.399954416421192,0.024260653719665244,188,366,207,290,266,190
1776768097.7291148,20.0,28,-54,60.8276253029822,7.399954416421192,0.024260653719665244,188,366,207,290,266,190
1776768097.7825508,20.0,28,-54,60.8276253029822,7.399954416421192,0.024260653719665244,188,366,207,290,266,190
1776768097.8398767,20.0,28,-54,60.8276253029822,7.399954416421192,0.024260653719665244,188,366,207,290,266,190
1776768097.8972316,20.0,28,-54,60.8276253029822,7.399954416421192,0.024260653719665244,188,366,207,290,266,190
1776768097.9544308,20.0,28,-54,60.8276253029822,7.399954416421192,0.024260653719665244,188,366,207,290,266,190
1776768098.0115426,20.0,28,-54,60.8276253029822,7.399954416421192,0.024260653719665244,188,366,207,290,266,190
1776768098.0653322,20.0,28,-54,60.8276253029822,7.399954416421192,0.024260653719665244,188,366,207,290,266,190
1776768098.1229255,20.0,28,-54,60.8276253029822,7.399954416421192,0.024260653719665244,188,366,207,290,266,190
1776768098.1793115,20.0,28,-54,60.8276253029822,7.399954416421192,0.024260653719665244,188,366,207,290,266,190
1776768098.2369242,20.0,28,-54,60.8276253029822,7.399954416421192,0.024260653719665244,188,366,207,290,266,190
1776768098.2943566,20.0,28,-54,60.8276253029822,7.399954416421192,0.024260653719665244,188,366,207,290,266,190
1776768098.3516033,20.0,28,-54,60.8276253029822,7.399954416421192,0.024871392210151583,188,366,207,289,266,190
1776768098.4049234,20.0,28,-54,60.8276253029822,7.399954416421192,0.024871392210151583,188,366,207,289,266,190
1776768098.46191,20.0,28,-54,60.8276253029822,7.399954416421192,0.024871392210151583,188,366,207,289,266,190
1776768098.518992,20.0,28,-54,60.8276253029822,7.399954416421192,0.024871392210151583,188,366,207,289,266,190
1776768098.57665,20.0,28,-54,60.8276253029822,7.399954416421192,0.024871392210151583,188,366,207,289,266,190
1776768098.6340106,20.0,28,-54,60.8276253029822,7.399954416421192,0.024871392210151583,188,366,207,289,266,190
1776768098.6910229,20.0,28,-54,60.8276253029822,7.399954416421192,0.024871392210151583,188,366,207,289,266,190
1776768098.7452636,20.0,28,-54,60.8276253029822,7.399954416421192,0.024871392210151583,188,366,207,289,266,190
1776768098.8024735,20.0,28,-54,60.8276253029822,7.399954416421192,0.024871392210151583,188,366,207,289,266,190
1776768098.8596852,20.0,28,-54,60.8276253029822,7.399954416421192,0.024871392210151583,188,366,207,289,266,190
1776768098.9166763,20.0,28,-54,60.8276253029822,7.399954416421192,0.024871392210151583,188,366,207,289,266,190
1776768098.9739006,20.0,28,-54,60.8276253029822,7.399954416421192,0.024871392210151583,188,366,207,289,266,190
1776768099.0317087,20.0,28,-54,60.8276253029822,7.399954416421192,0.024871392210151583,188,366,207,289,266,190
1776768099.085411,20.0,28,-54,60.8276253029822,7.399954416421192,0.024871392210151583,188,366,207,289,266,190
1776768099.14219,20.0,28,-54,60.8276253029822,7.399954416421192,0.024871392210151583,188,366,207,289,266,190
1776768099.1992757,20.0,28,-54,60.8276253029822,7.399954416421192,0.024871392210151583,188,366,207,289,266,190
1776768099.2568293,20.0,28,-54,60.8276253029822,7.399954416421192,0.024871392210151583,188,366,207,289,266,190
1776768099.3135395,20.0,28,-54,60.8276253029822,7.399954416421192,0.024871392210151583,188,366,207,289,266,190
1776768099.3670378,20.0,28,-54,60.8276253029822,7.399954416421192,0.024871392210151583,188,366,207,289,266,190
1776768099.4241512,20.0,28,-54,60.8276253029822,7.399954416421192,0.024871392210151583,188,366,207,289,266,190
1776768099.4814327,20.0,28,-54,60.8276253029822,7.399954416421192,0.024871392210151583,188,366,207,289,266,190
1776768099.5388768,20.0,28,-54,60.8276253029822,7.399954416421192,0.024871392210151583,188,366,207,289,266,190
1776768099.5966673,20.0,28,-54,60.8276253029822,7.399954416421192,0.024871392210151583,188,366,207,289,266,190
1776768099.6539807,20.0,28,-54,60.8276253029822,7.399954416421192,0.024871392210151583,188,366,207,289,266,190
1776768099.7071009,20.0,28,-54,60.8276253029822,7.399954416421192,0.024871392210151583,188,366,207,289,266,190
1776768099.7646923,20.0,28,-54,60.8276253029822,7.399954416421192,0.024871392210151583,188,366,207,289,266,190
1776768099.8223577,20.0,28,-54,60.8276253029822,7.399954416421192,0.024871392210151583,188,366,207,289,266,190
1776768099.8797183,20.0,28,-54,60.8276253029822,7.399954416421192,0.024871392210151583,188,366,207,289,266,190
1776768099.9370577,20.0,28,-54,60.8276253029822,7.399954416421192,0.024871392210151583,188,366,207,289,266,190
1776768099.9937398,20.0,28,-54,60.8276253029822,7.399954416421192,0.024871392210151583,188,366,207,289,266,190
1776768100.0470953,20.0,28,-54,60.8276253029822,7.399954416421192,0.024871392210151583,188,366,207,289,266,190
1776768100.105174,20.0,28,-54,60.8276253029822,7.399954416421192,0.024871392210151583,188,366,207,289,266,190
1776768100.1625082,20.0,28,-54,60.8276253029822,7.399954416421192,0.024871392210151583,188,366,207,289,266,190
1776768100.2187815,20.0,28,-54,60.8276253029822,7.399954416421192,0.024871392210151583,188,366,207,289,266,190
1776768100.2765875,20.0,28,-54,60.8276253029822,7.399954416421192,0.024871392210151583,188,366,207,289,266,190
1776768100.333883,20.0,28,-54,60.8276253029822,7.399954416421192,0.024871392210151583,188,366,207,289,266,190
1776768100.3877842,20.0,28,-55,61.71709649683789,7.50816259085619,0.024395028638757744,188,366,207,289,266,189
1776768100.4448566,20.0,28,-55,61.71709649683789,7.50816259085619,0.024395028638757744,188,366,207,289,266,189
1776768100.5021563,20.0,28,-55,61.71709649683789,7.50816259085619,0.024395028638757744,188,366,207,289,266,189
1776768100.559094,20.0,28,-55,61.71709649683789,7.50816259085619,0.024395028638757744,188,366,207,289,266,189
1776768100.6163983,20.0,28,-55,61.71709649683789,7.50816259085619,0.024395028638757744,188,366,207,289,266,189
1776768100.6739073,20.0,28,-55,61.71709649683789,7.50816259085619,0.024395028638757744,188,366,207,289,266,189
1776768100.7276497,20.0,28,-55,61.71709649683789,7.50816259085619,0.024395028638757744,188,366,207,289,266,189
1776768100.7847023,20.0,28,-55,61.71709649683789,7.50816259085619,0.024395028638757744,188,366,207,289,266,189
1776768100.8423376,20.0,28,-55,61.71709649683789,7.50816259085619,0.024395028638757744,188,366,207,289,266,189
1776768100.8991675,20.0,28,-55,61.71709649683789,7.50816259085619,0.024395028638757744,188,366,207,289,266,189
1776768100.956883,20.0,28,-55,61.71709649683789,7.50816259085619,0.024395028638757744,188,366,207,289,266,189
1776768101.0100436,20.0,28,-55,61.71709649683789,7.50816259085619,0.024395028638757744,188,366,207,289,266,189
1776768101.0672748,20.0,28,-55,61.71709649683789,7.50816259085619,0.024395028638757744,188,366,207,289,266,189
1776768101.1243944,20.0,28,-55,61.71709649683789,7.50816259085619,0.024395028638757744,188,366,207,289,266,189
1776768101.1814842,20.0,28,-55,61.71709649683789,7.50816259085619,0.024395028638757744,188,366,207,289,266,189
1776768101.239052,20.0,28,-55,61.71709649683789,7.50816259085619,0.024395028638757744,188,366,207,289,266,189
1776768101.296761,20.0,28,-55,61.71709649683789,7.50816259085619,0.024395028638757744,188,366,207,289,266,189
1776768101.349793,20.0,28,-55,61.71709649683789,7.50816259085619,0.024395028638757744,188,366,207,289,266,189
1776768101.407236,20.0,29,-55,62.177166226839255,7.564132144384337,0.024943382284242373,188,366,207,289,267,189
1776768101.4636688,20.0,29,-55,62.177166226839255,7.564132144384337,0.025544890753518398,188,366,207,288,267,189
1776768101.521807,20.0,29,-55,62.177166226839255,7.564132144384337,0.025544890753518398,188,366,207,288,267,189
1776768101.5791807,20.0,29,-55,62.177166226839255,7.564132144384337,0.025544890753518398,188,366,207,288,267,189
1776768101.635747,20.0,29,-55,62.177166226839255,7.564132144384337,0.025544890753518398,188,366,207,288,267,189
1776768101.6894736,20.0,29,-56,63.06346010171025,7.671953783663047,0.025067031072224258,188,366,207,288,267,188
1776768101.7467422,20.0,29,-56,63.06346010171025,7.671953783663047,0.025067031072224258,188,366,207,288,267,188
1776768101.804447,20.0,29,-56,63.06346010171025,7.671953783663047,0.025067031072224258,188,366,207,288,267,188
1776768101.8618488,20.0,29,-56,63.06346010171025,7.671953783663047,0.025067031072224258,188,366,207,288,267,188
1776768101.9193885,20.0,29,-56,63.06346010171025,7.671953783663047,0.025067031072224258,188,366,207,288,267,188
1776768101.9765906,20.0,29,-56,63.06346010171025,7.671953783663047,0.025067031072224258,188,366,207,288,267,188
1776768102.0300763,20.0,29,-56,63.06346010171025,7.671953783663047,0.025067031072224258,188,366,207,288,267,188
1776768102.0872564,20.0,29,-56,63.06346010171025,7.671953783663047,0.025067031072224258,188,366,207,288,267,188
1776768102.144226,20.0,29,-56,63.06346010171025,7.671953783663047,0.025067031072224258,188,366,207,288,267,188
1776768102.2016,20.0,29,-56,63.06346010171025,7.671953783663047,0.025067031072224258,188,366,207,288,267,188
1776768102.2584739,20.0,29,-56,63.06346010171025,7.671953783663047,0.025067031072224258,188,366,207,288,267,188
1776768102.3163636,20.0,29,-56,63.06346010171025,7.671953783663047,0.025067031072224258,188,366,207,288,267,188
1776768102.3705175,20.0,29,-56,63.06346010171025,7.671953783663047,0.025067031072224258,188,366,207,288,267,188
1776768102.427247,20.0,29,-56,63.06346010171025,7.671953783663047,0.025067031072224258,188,366,207,288,267,188
1776768102.4846067,20.0,29,-56,63.06346010171025,7.671953783663047,0.025067031072224258,188,366,207,288,267,188
1776768102.5418322,20.0,29,-56,63.06346010171025,7.671953783663047,0.025067031072224258,188,366,207,288,267,188
1776768102.599079,20.0,29,-56,63.06346010171025,7.671953783663047,0.025067031072224258,188,366,207,288,267,188
1776768102.6519928,20.0,29,-56,63.06346010171025,7.671953783663047,0.025067031072224258,188,366,207,288,267,188
1776768102.7092423,20.0,29,-56,63.06346010171025,7.671953783663047,0.025067031072224258,188,366,207,288,267,188
1776768102.7667658,20.0,29,-56,63.06346010171025,7.671953783663047,0.025067031072224258,188,366,207,288,267,188
1776768102.8244078,20.0,29,-56,63.06346010171025,7.671953783663047,0.025067031072224258,188,366,207,288,267,188
1776768102.8819463,20.0,29,-56,63.06346010171025,7.671953783663047,0.025067031072224258,188,366,207,288,267,188
1776768102.9392395,20.0,29,-56,63.06346010171025,7.671953783663047,0.025067031072224258,188,366,207,288,267,188
1776768102.9921527,20.0,29,-56,63.06346010171025,7.671953783663047,0.025067031072224258,188,366,207,288,267,188
1776768103.0498075,20.0,29,-56,63.06346010171025,7.671953783663047,0.025067031072224258,188,366,207,288,267,188
1776768103.1071937,20.0,29,-56,63.06346010171025,7.671953783663047,0.025067031072224258,188,366,207,288,267,188
1776768103.163701,20.0,29,-56,63.06346010171025,7.671953783663047,0.025067031072224258,188,366,207,288,267,188
1776768103.221567,20.0,29,-56,63.06346010171025,7.671953783663047,0.025067031072224258,188,366,207,288,267,188
1776768103.2784743,20.0,29,-56,63.06346010171025,7.671953783663047,0.025067031072224258,188,366,207,288,267,188
1776768103.3324492,20.0,29,-56,63.06346010171025,7.671953783663047,0.025067031072224258,188,366,207,288,267,188
1776768103.3903136,20.0,29,-56,63.06346010171025,7.671953783663047,0.025067031072224258,188,366,207,288,267,188
1776768103.4464617,20.0,29,-56,63.06346010171025,7.671953783663047,0.025067031072224258,188,366,207,288,267,188
1776768103.5041227,20.0,29,-57,63.953107821277925,7.780183433245489,0.024598247764268645,188,366,207,288,267,187
1776768103.5615253,20.0,29,-57,63.953107821277925,7.780183433245489,0.024598247764268645,188,366,207,288,267,187
1776768103.6186175,20.0,29,-57,63.953107821277925,7.780183433245489,0.024598247764268645,188,366,207,288,267,187
1776768103.6724954,20.0,29,-57,63.953107821277925,7.780183433245489,0.02518347340954536,188,366,207,287,267,187
1776768103.7292964,20.0,29,-57,63.953107821277925,7.780183433245489,0.02518347340954536,188,366,207,287,267,187
1776768103.7870626,20.0,29,-57,63.953107821277925,7.780183433245489,0.02518347340954536,188,366,207,287,267,187
1776768103.8434749,20.0,29,-57,63.953107821277925,7.780183433245489,0.02518347340954536,188,366,207,287,267,187
1776768103.9013839,20.0,29,-57,63.953107821277925,7.780183433245489,0.02518347340954536,188,366,207,287,267,187
1776768103.958543,20.0,29,-57,63.953107821277925,7.780183433245489,0.02518347340954536,188,366,207,287,267,187
1776768104.0120435,20.0,29,-57,63.953107821277925,7.780183433245489,0.02518347340954536,188,366,207,287,267,187
1776768104.0694697,20.0,29,-57,63.953107821277925,7.780183433245489,0.02518347340954536,188,366,207,287,267,187
1776768104.1263318,20.0,29,-57,63.953107821277925,7.780183433245489,0.02518347340954536,188,366,207,287,267,187
1776768104.1843007,20.0,29,-57,63.953107821277925,7.780183433245489,0.02518347340954536,188,366,207,287,267,187
1776768104.2416148,20.0,29,-57,63.953107821277925,7.780183433245489,0.02518347340954536,188,366,207,287,267,187
1776768104.2949317,20.0,29,-57,63.953107821277925,7.780183433245489,0.02518347340954536,188,366,207,287,267,187
1776768104.351899,20.0,29,-57,63.953107821277925,7.780183433245489,0.02518347340954536,188,366,207,287,267,187
1776768104.4097664,20.0,29,-57,63.953107821277925,7.780183433245489,0.02518347340954536,188,366,207,287,267,187
1776768104.467391,20.0,29,-57,63.953107821277925,7.780183433245489,0.02518347340954536,188,366,207,287,267,187
1776768104.524409,20.0,29,-57,63.953107821277925,7.780183433245489,0.02518347340954536,188,366,207,287,267,187
1776768104.5816915,20.0,30,-57,64.41273166075166,7.8360987421839,0.025716267084180233,188,366,207,287,268,187
1776768104.634938,20.0,30,-57,64.41273166075166,7.8360987421839,0.025716267084180233,188,366,207,287,268,187
1776768104.6918411,20.0,30,-57,64.41273166075166,7.8360987421839,0.025716267084180233,188,366,207,287,268,187
1776768104.7495365,20.0,30,-57,64.41273166075166,7.8360987421839,0.025716267084180233,188,366,207,287,268,187
1776768104.806587,20.0,30,-57,64.41273166075166,7.8360987421839,0.025716267084180233,188,366,207,287,268,187
1776768104.8641582,20.0,30,-57,64.41273166075166,7.8360987421839,0.025716267084180233,188,366,207,287,268,187
1776768104.9746757,20.0,30,-57,64.41273166075166,7.8360987421839,0.025716267084180233,188,366,207,287,268,187
1776768105.0313087,20.0,30,-57,64.41273166075166,7.8360987421839,0.025716267084180233,188,366,207,287,268,187
1776768105.088582,20.0,30,-57,64.41273166075166,7.8360987421839,0.025716267084180233,188,366,207,287,268,187
1776768105.1459281,20.0,30,-57,64.41273166075166,7.8360987421839,0.024175131400269553,188,366,208,287,268,187
1776768105.203234,20.0,30,-57,64.41273166075166,7.8360987421839,0.024175131400269553,188,366,208,287,268,187
1776768105.2605667,20.0,30,-58,65.29931086925804,7.943955093583702,0.023712799891963662,188,366,208,287,268,186
1776768105.3140078,20.0,30,-58,65.29931086925804,7.943955093583702,0.023712799891963662,188,366,208,287,268,186
1776768105.3730538,20.0,30,-58,65.29931086925804,7.943955093583702,0.023712799891963662,188,366,208,287,268,186
1776768105.4287698,20.0,30,-58,65.29931086925804,7.943955093583702,0.023712799891963662,188,366,208,287,268,186
1776768105.4863155,20.0,30,-58,65.29931086925804,7.943955093583702,0.023712799891963662,188,366,208,287,268,186
1776768105.544026,20.0,30,-58,65.29931086925804,7.943955093583702,0.023712799891963662,188,366,208,287,268,186
1776768105.6014607,20.0,30,-58,65.29931086925804,7.943955093583702,0.023712799891963662,188,366,208,287,268,186
1776768105.654554,20.0,30,-58,65.29931086925804,7.943955093583702,0.023712799891963662,188,366,208,287,268,186
1776768105.7118812,20.0,30,-58,65.29931086925804,7.943955093583702,0.023712799891963662,188,366,208,287,268,186
1776768105.769394,20.0,30,-58,65.29931086925804,7.943955093583702,0.023712799891963662,188,366,208,287,268,186
1776768105.8268223,20.0,30,-58,65.29931086925804,7.943955093583702,0.023712799891963662,188,366,208,287,268,186
1776768105.8840253,20.0,30,-58,65.29931086925804,7.943955093583702,0.023712799891963662,188,366,208,287,268,186
1776768105.94123,20.0,30,-58,65.29931086925804,7.943955093583702,0.023712799891963662,188,366,208,287,268,186
1776768105.994448,20.0,30,-58,65.29931086925804,7.943955093583702,0.023712799891963662,188,366,208,287,268,186
1776768106.0511596,20.0,30,-58,65.29931086925804,7.943955093583702,0.023712799891963662,188,366,208,287,268,186
1776768106.1090598,20.0,30,-58,65.29931086925804,7.943955093583702,0.023712799891963662,188,366,208,287,268,186
1776768106.1664035,20.0,30,-58,65.29931086925804,7.943955093583702,0.023712799891963662,188,366,208,287,268,186
1776768106.2235022,20.0,30,-58,65.29931086925804,7.943955093583702,0.024300772027567443,188,366,208,286,268,186
1776768106.2766926,20.0,30,-58,65.29931086925804,7.943955093583702,0.024300772027567443,188,366,208,286,268,186
1776768106.3342648,20.0,30,-58,65.29931086925804,7.943955093583702,0.024300772027567443,188,366,208,286,268,186
1776768106.391959,20.0,30,-58,65.29931086925804,7.943955093583702,0.024300772027567443,188,366,208,286,268,186
1776768106.448879,20.0,30,-58,65.29931086925804,7.943955093583702,0.024300772027567443,188,366,208,286,268,186
1776768106.5062516,20.0,30,-58,65.29931086925804,7.943955093583702,0.024300772027567443,188,366,208,286,268,186
1776768106.5632927,20.0,30,-58,65.29931086925804,7.943955093583702,0.024300772027567443,188,366,208,286,268,186
1776768106.6172357,20.0,30,-58,65.29931086925804,7.943955093583702,0.024300772027567443,188,366,208,286,268,186
1776768106.6749928,20.0,30,-58,65.29931086925804,7.943955093583702,0.024300772027567443,188,366,208,286,268,186
1776768106.7319949,20.0,30,-58,65.29931086925804,7.943955093583702,0.024300772027567443,188,366,208,286,268,186
1776768106.7890751,20.0,30,-58,65.29931086925804,7.943955093583702,0.024300772027567443,188,366,208,286,268,186
1776768106.8462884,20.0,30,-58,65.29931086925804,7.943955093583702,0.024300772027567443,188,366,208,286,268,186
1776768106.9040854,20.0,30,-59,66.18912297349165,8.052204741300686,0.02384020514602892,188,366,208,286,268,185
1776768106.95781,20.0,30,-59,66.18912297349165,8.052204741300686,0.02384020514602892,188,366,208,286,268,185
1776768107.014654,20.0,30,-59,66.18912297349165,8.052204741300686,0.02384020514602892,188,366,208,286,268,185
1776768107.0717359,20.0,30,-59,66.18912297349165,8.052204741300686,0.02384020514602892,188,366,208,286,268,185
1776768107.1289594,20.0,30,-59,66.18912297349165,8.052204741300686,0.02384020514602892,188,366,208,286,268,185
1776768107.187088,20.0,30,-59,66.18912297349165,8.052204741300686,0.02384020514602892,188,366,208,286,268,185
1776768107.2440584,20.0,30,-59,66.18912297349165,8.052204741300686,0.02384020514602892,188,366,208,286,268,185
1776768107.2974272,20.0,30,-59,66.18912297349165,8.052204741300686,0.02384020514602892,188,366,208,286,268,185
1776768107.3542507,20.0,30,-59,66.18912297349165,8.052204741300686,0.02384020514602892,188,366,208,286,268,185
1776768107.4112377,20.0,30,-59,66.18912297349165,8.052204741300686,0.02384020514602892,188,366,208,286,268,185
1776768107.4694118,20.0,30,-59,66.18912297349165,8.052204741300686,0.02384020514602892,188,366,208,286,268,185
1776768107.5261648,20.0,30,-59,66.18912297349165,8.052204741300686,0.02384020514602892,188,366,208,286,268,185
1776768107.583282,20.0,30,-59,66.18912297349165,8.052204741300686,0.02384020514602892,188,366,208,286,268,185
1776768107.6369612,20.0,30,-59,66.18912297349165,8.052204741300686,0.02384020514602892,188,366,208,286,268,185
1776768107.6938977,20.0,30,-59,66.18912297349165,8.052204741300686,0.02384020514602892,188,366,208,286,268,185
1776768107.7516193,20.0,30,-59,66.18912297349165,8.052204741300686,0.02384020514602892,188,366,208,286,268,185
1776768107.8091376,20.0,30,-59,66.18912297349165,8.052204741300686,0.02384020514602892,188,366,208,286,268,185
1776768107.8661904,20.0,30,-59,66.18912297349165,8.052204741300686,0.02384020514602892,188,366,208,286,268,185
1776768107.9192276,20.0,30,-59,66.18912297349165,8.052204741300686,0.02384020514602892,188,366,208,286,268,185
1776768107.977037,20.0,30,-59,66.18912297349165,8.052204741300686,0.02384020514602892,188,366,208,286,268,185
1776768108.0342317,20.0,30,-59,66.18912297349165,8.052204741300686,0.02384020514602892,188,366,208,286,268,185
1776768108.091926,20.0,30,-59,66.18912297349165,8.052204741300686,0.02384020514602892,188,366,208,286,268,185
1776768108.1526132,20.0,30,-59,66.18912297349165,8.052204741300686,0.02384020514602892,188,366,208,286,268,185
1776768108.2055614,20.0,30,-59,66.18912297349165,8.052204741300686,0.02384020514602892,188,366,208,286,268,185
1776768108.2588193,20.0,30,-59,66.18912297349165,8.052204741300686,0.02384020514602892,188,366,208,286,268,185
1776768108.316495,20.0,30,-59,66.18912297349165,8.052204741300686,0.02384020514602892,188,366,208,286,268,185
1776768108.374191,20.0,30,-59,66.18912297349165,8.052204741300686,0.02384020514602892,188,366,208,286,268,185
1776768108.4312005,20.0,30,-59,66.18912297349165,8.052204741300686,0.02384020514602892,188,366,208,286,268,185
1776768108.4894137,20.0,30,-59,66.18912297349165,8.052204741300686,0.02384020514602892,188,366,208,286,268,185
1776768108.5455565,20.0,30,-59,66.18912297349165,8.052204741300686,0.02384020514602892,188,366,208,286,268,185
1776768108.5993984,20.0,30,-59,66.18912297349165,8.052204741300686,0.02384020514602892,188,366,208,286,268,185
1776768108.6562886,20.0,31,-59,66.64833081180653,8.108069441825611,0.02285818031195571,188,366,209,286,269,185
1776768108.7144623,20.0,31,-59,66.64833081180653,8.108069441825611,0.02285818031195571,188,366,209,286,269,185
1776768108.7726507,20.0,31,-59,66.64833081180653,8.108069441825611,0.02285818031195571,188,366,209,286,269,185
1776768108.8286326,20.0,31,-59,66.64833081180653,8.108069441825611,0.02285818031195571,188,366,209,286,269,185
1776768108.8861346,20.0,31,-60,67.53517601961218,8.21595815323749,0.022410820196139783,188,366,209,286,269,184
1776768108.9395723,20.0,31,-60,67.53517601961218,8.21595815323749,0.022410820196139783,188,366,209,286,269,184
1776768108.9963412,20.0,31,-60,67.53517601961218,8.21595815323749,0.022410820196139783,188,366,209,286,269,184
1776768109.0542474,20.0,31,-60,67.53517601961218,8.21595815323749,0.022410820196139783,188,366,209,286,269,184
1776768109.1110785,20.0,31,-60,67.53517601961218,8.21595815323749,0.022410820196139783,188,366,209,286,269,184
1776768109.168762,20.0,31,-60,67.53517601961218,8.21595815323749,0.022410820196139783,188,366,209,286,269,184
1776768109.2254674,20.0,31,-60,67.53517601961218,8.21595815323749,0.022410820196139783,188,366,209,286,269,184
1776768109.2790737,20.0,31,-60,67.53517601961218,8.21595815323749,0.022410820196139783,188,366,209,286,269,184
1776768109.3366916,20.0,31,-60,67.53517601961218,8.21595815323749,0.0229939891440267,188,366,209,285,269,184
1776768109.393882,20.0,31,-60,67.53517601961218,8.21595815323749,0.0229939891440267,188,366,209,285,269,184
1776768109.4515746,20.0,31,-60,67.53517601961218,8.21595815323749,0.0229939891440267,188,366,209,285,269,184
1776768109.5086284,20.0,31,-60,67.53517601961218,8.21595815323749,0.0229939891440267,188,366,209,285,269,184
1776768109.5656636,20.0,31,-60,67.53517601961218,8.21595815323749,0.0229939891440267,188,366,209,285,269,184
1776768109.6195483,20.0,31,-60,67.53517601961218,8.21595815323749,0.0229939891440267,188,366,209,285,269,184
1776768109.6768427,20.0,31,-60,67.53517601961218,8.21595815323749,0.0229939891440267,188,366,209,285,269,184
1776768109.7339666,20.0,31,-60,67.53517601961218,8.21595815323749,0.0229939891440267,188,366,209,285,269,184
1776768109.791076,20.0,31,-60,67.53517601961218,8.21595815323749,0.0229939891440267,188,366,209,285,269,184
1776768109.8480983,20.0,31,-60,67.53517601961218,8.21595815323749,0.0229939891440267,188,366,209,285,269,184
1776768109.9015815,20.0,31,-60,67.53517601961218,8.21595815323749,0.0229939891440267,188,366,209,285,269,184
1776768109.9598544,20.0,31,-60,67.53517601961218,8.21595815323749,0.0229939891440267,188,366,209,285,269,184
1776768110.0166843,20.0,31,-60,67.53517601961218,8.21595815323749,0.0229939891440267,188,366,209,285,269,184
1776768110.0740497,20.0,31,-60,67.53517601961218,8.21595815323749,0.0229939891440267,188,366,209,285,269,184
1776768110.1319911,20.0,31,-60,67.53517601961218,8.21595815323749,0.0229939891440267,188,366,209,285,269,184
1776768110.188537,20.0,31,-60,67.53517601961218,8.21595815323749,0.0229939891440267,188,366,209,285,269,184
1776768110.2421043,20.0,31,-60,67.53517601961218,8.21595815323749,0.0229939891440267,188,366,209,285,269,184
1776768110.2993054,20.0,31,-60,67.53517601961218,8.21595815323749,0.0229939891440267,188,366,209,285,269,184
1776768110.3567894,20.0,31,-60,67.53517601961218,8.21595815323749,0.0229939891440267,188,366,209,285,269,184
1776768110.413982,20.0,31,-60,67.53517601961218,8.21595815323749,0.0229939891440267,188,366,209,285,269,184
1776768110.4705591,20.0,31,-60,67.53517601961218,8.21595815323749,0.0229939891440267,188,366,209,285,269,184
1776768110.5279016,20.0,31,-60,67.53517601961218,8.21595815323749,0.0229939891440267,188,366,209,285,269,184
1776768110.5817206,20.0,31,-61,68.42514157822401,8.324226469370318,0.02254825310405303,188,366,209,285,269,183
1776768110.6390011,20.0,31,-61,68.42514157822401,8.324226469370318,0.02254825310405303,188,366,209,285,269,183
1776768110.696178,20.0,31,-61,68.42514157822401,8.324226469370318,0.02254825310405303,188,366,209,285,269,183
1776768110.7533913,20.0,31,-61,68.42514157822401,8.324226469370318,0.02254825310405303,188,366,209,285,269,183
1776768110.8105922,20.0,31,-61,68.42514157822401,8.324226469370318,0.02254825310405303,188,366,209,285,269,183
1776768110.8683271,20.0,31,-61,68.42514157822401,8.324226469370318,0.02254825310405303,188,366,209,285,269,183
1776768110.9218717,20.0,31,-61,68.42514157822401,8.324226469370318,0.02254825310405303,188,366,209,285,269,183
1776768110.979654,20.0,31,-61,68.42514157822401,8.324226469370318,0.02254825310405303,188,366,209,285,269,183
1776768111.0375843,20.0,31,-61,68.42514157822401,8.324226469370318,0.02254825310405303,188,366,209,285,269,183
1776768111.0932982,20.0,31,-61,68.42514157822401,8.324226469370318,0.02254825310405303,188,366,209,285,269,183
1776768111.1509142,20.0,31,-61,68.42514157822401,8.324226469370318,0.02254825310405303,188,366,209,285,269,183
1776768111.2085557,20.0,31,-61,68.42514157822401,8.324226469370318,0.02254825310405303,188,366,209,285,269,183
1776768111.261529,20.0,31,-61,68.42514157822401,8.324226469370318,0.02254825310405303,188,366,209,285,269,183
1776768111.3188088,20.0,31,-61,68.42514157822401,8.324226469370318,0.02254825310405303,188,366,209,285,269,183
1776768111.376776,20.0,31,-61,68.42514157822401,8.324226469370318,0.02254825310405303,188,366,209,285,269,183
1776768111.434188,20.0,31,-61,68.42514157822401,8.324226469370318,0.02254825310405303,188,366,209,285,269,183
1776768111.491237,20.0,31,-61,68.42514157822401,8.324226469370318,0.02254825310405303,188,366,209,285,269,183
1776768111.5437896,20.0,31,-61,68.42514157822401,8.324226469370318,0.02254825310405303,188,366,209,285,269,183
1776768111.6015196,20.0,31,-61,68.42514157822401,8.324226469370318,0.02254825310405303,188,366,209,285,269,183
1776768111.6590896,20.0,32,-61,68.8839603971781,8.38004384393894,0.023073644297385964,188,366,209,285,270,183
1776768111.71623,20.0,32,-61,68.8839603971781,8.38004384393894,0.023073644297385964,188,366,209,285,270,183
1776768111.7737858,20.0,32,-61,68.8839603971781,8.38004384393894,0.023073644297385964,188,366,209,285,270,183
1776768111.831211,20.0,32,-61,68.8839603971781,8.38004384393894,0.023073644297385964,188,366,209,285,270,183
1776768111.8843682,20.0,32,-61,68.8839603971781,8.38004384393894,0.023073644297385964,188,366,209,285,270,183
1776768111.942194,20.0,32,-61,68.8839603971781,8.38004384393894,0.023073644297385964,188,366,209,285,270,183
1776768111.9990883,20.0,32,-61,68.8839603971781,8.38004384393894,0.023073644297385964,188,366,209,285,270,183
1776768112.056823,20.0,32,-61,68.8839603971781,8.38004384393894,0.023073644297385964,188,366,209,285,270,183
1776768112.1136386,20.0,32,-61,68.8839603971781,8.38004384393894,0.023073644297385964,188,366,209,285,270,183
1776768112.1711545,20.0,32,-61,68.8839603971781,8.38004384393894,0.023073644297385964,188,366,209,285,270,183
1776768112.2239244,20.0,32,-62,69.77105417004964,8.487962794409931,0.02263309179552749,188,366,209,285,270,182
1776768112.2810197,20.0,32,-62,69.77105417004964,8.487962794409931,0.02263309179552749,188,366,209,285,270,182
1776768112.3386357,20.0,32,-62,69.77105417004964,8.487962794409931,0.02263309179552749,188,366,209,285,270,182
1776768112.3967865,20.0,32,-62,69.77105417004964,8.487962794409931,0.02263309179552749,188,366,209,285,270,182
1776768112.4992995,20.0,32,-62,69.77105417004964,8.487962794409931,0.02263309179552749,188,366,209,285,270,182
1776768112.5640845,20.0,32,-62,69.77105417004964,8.487962794409931,0.023201149331492015,188,366,209,284,270,182
1776768112.6218843,20.0,32,-62,69.77105417004964,8.487962794409931,0.023201149331492015,188,366,209,284,270,182
1776768112.6783407,20.0,32,-62,69.77105417004964,8.487962794409931,0.023201149331492015,188,366,209,284,270,182
1776768112.7356803,20.0,32,-62,69.77105417004964,8.487962794409931,0.023201149331492015,188,366,209,284,270,182
1776768112.7931876,20.0,32,-62,69.77105417004964,8.487962794409931,0.023201149331492015,188,366,209,284,270,182
1776768112.8508053,20.0,32,-62,69.77105417004964,8.487962794409931,0.023201149331492015,188,366,209,284,270,182
1776768112.904233,20.0,32,-62,69.77105417004964,8.487962794409931,0.023201149331492015,188,366,209,284,270,182
1776768112.961421,20.0,32,-62,69.77105417004964,8.487962794409931,0.023201149331492015,188,366,209,284,270,182
1776768113.0187266,20.0,32,-62,69.77105417004964,8.487962794409931,0.023201149331492015,188,366,209,284,270,182
1776768113.075849,20.0,32,-62,69.77105417004964,8.487962794409931,0.023201149331492015,188,366,209,284,270,182
1776768113.134086,20.0,32,-62,69.77105417004964,8.487962794409931,0.023201149331492015,188,366,209,284,270,182
1776768113.1867666,20.0,32,-62,69.77105417004964,8.487962794409931,0.023201149331492015,188,366,209,284,270,182
1776768113.244058,20.0,32,-62,69.77105417004964,8.487962794409931,0.023201149331492015,188,366,209,284,270,182
1776768113.3015208,20.0,32,-62,69.77105417004964,8.487962794409931,0.023201149331492015,188,366,209,284,270,182
1776768113.35826,20.0,32,-63,70.66116330771806,8.596248577581271,0.022762206707255952,188,366,209,284,270,181
1776768113.4157138,20.0,32,-63,70.66116330771806,8.596248577581271,0.022762206707255952,188,366,209,284,270,181
1776768113.4740307,20.0,32,-63,70.66116330771806,8.596248577581271,0.022762206707255952,188,366,209,284,270,181
1776768113.5269938,20.0,32,-63,70.66116330771806,8.596248577581271,0.022762206707255952,188,366,209,284,270,181
1776768113.584262,20.0,32,-63,70.66116330771806,8.596248577581271,0.022762206707255952,188,366,209,284,270,181
1776768113.6416337,20.0,32,-63,70.66116330771806,8.596248577581271,0.022762206707255952,188,366,209,284,270,181
1776768113.6986246,20.0,32,-63,70.66116330771806,8.596248577581271,0.022762206707255952,188,366,209,284,270,181
1776768113.756413,20.0,32,-63,70.66116330771806,8.596248577581271,0.022762206707255952,188,366,209,284,270,181
1776768113.8133404,20.0,32,-63,70.66116330771806,8.596248577581271,0.022762206707255952,188,366,209,284,270,181
1776768113.8671062,20.0,32,-63,70.66116330771806,8.596248577581271,0.022762206707255952,188,366,209,284,270,181
1776768113.9238575,20.0,32,-63,70.66116330771806,8.596248577581271,0.022762206707255952,188,366,209,284,270,181
1776768113.981941,20.0,32,-63,70.66116330771806,8.596248577581271,0.022762206707255952,188,366,209,284,270,181
1776768114.0388951,20.0,32,-63,70.66116330771806,8.596248577581271,0.022762206707255952,188,366,209,284,270,181
1776768114.0957024,20.0,32,-63,70.66116330771806,8.596248577581271,0.022762206707255952,188,366,209,284,270,181
1776768114.1535625,20.0,32,-63,70.66116330771806,8.596248577581271,0.022762206707255952,188,366,209,284,270,181
1776768114.206388,20.0,32,-63,70.66116330771806,8.596248577581271,0.022762206707255952,188,366,209,284,270,181
1776768114.2639341,20.0,32,-63,70.66116330771806,8.596248577581271,0.022762206707255952,188,366,209,284,270,181
1776768114.3216832,20.0,32,-63,70.66116330771806,8.596248577581271,0.022762206707255952,188,366,209,284,270,181
1776768114.3788533,20.0,32,-63,70.66116330771806,8.596248577581271,0.022762206707255952,188,366,209,284,270,181
1776768114.4356356,20.0,32,-63,70.66116330771806,8.596248577581271,0.022762206707255952,188,366,209,284,270,181
1776768114.4935434,20.0,32,-63,70.66116330771806,8.596248577581271,0.022762206707255952,188,366,209,284,270,181
1776768114.5470288,20.0,32,-63,70.66116330771806,8.596248577581271,0.022762206707255952,188,366,209,284,270,181
1776768114.6044142,20.0,32,-63,70.66116330771806,8.596248577581271,0.023321984606850504,188,366,209,283,270,181
1776768114.6619403,20.0,32,-63,70.66116330771806,8.596248577581271,0.023321984606850504,188,366,209,283,270,181
1776768114.7189207,20.0,32,-63,70.66116330771806,8.596248577581271,0.023321984606850504,188,366,209,283,270,181
1776768114.7760718,20.0,32,-63,70.66116330771806,8.596248577581271,0.023321984606850504,188,366,209,283,270,181
1776768114.8329384,20.0,32,-63,70.66116330771806,8.596248577581271,0.023321984606850504,188,366,209,283,270,181
1776768114.885887,20.0,33,-63,71.11961754677819,8.652021599364742,0.02383295731766697,188,366,209,283,271,181
1776768114.9437685,20.0,33,-64,72.00694410957877,8.759968869778438,0.02339260193872585,188,366,209,283,271,180
1776768115.0010755,20.0,33,-64,72.00694410957877,8.759968869778438,0.02339260193872585,188,366,209,283,271,180
1776768115.0582108,20.0,33,-64,72.00694410957877,8.759968869778438,0.02339260193872585,188,366,209,283,271,180
1776768115.115967,20.0,33,-64,72.00694410957877,8.759968869778438,0.02339260193872585,188,366,209,283,271,180
1776768115.1696792,20.0,33,-64,72.00694410957877,8.759968869778438,0.02339260193872585,188,366,209,283,271,180
1776768115.2269871,20.0,33,-64,72.00694410957877,8.759968869778438,0.02339260193872585,188,366,209,283,271,180
1776768115.2841783,20.0,33,-64,72.00694410957877,8.759968869778438,0.02339260193872585,188,366,209,283,271,180
1776768115.3416727,20.0,33,-64,72.00694410957877,8.759968869778438,0.02339260193872585,188,366,209,283,271,180
1776768115.3988416,20.0,33,-64,72.00694410957877,8.759968869778438,0.02339260193872585,188,366,209,283,271,180
1776768115.4558072,20.0,33,-64,72.00694410957877,8.759968869778438,0.02339260193872585,188,366,209,283,271,180
1776768115.509279,20.0,33,-64,72.00694410957877,8.759968869778438,0.02339260193872585,188,366,209,283,271,180
1776768115.5662756,20.0,33,-64,72.00694410957877,8.759968869778438,0.02339260193872585,188,366,209,283,271,180
1776768115.6240773,20.0,33,-64,72.00694410957877,8.759968869778438,0.02339260193872585,188,366,209,283,271,180
1776768115.681342,20.0,33,-64,72.00694410957877,8.759968869778438,0.02339260193872585,188,366,209,283,271,180
1776768115.7386014,20.0,33,-64,72.00694410957877,8.759968869778438,0.02339260193872585,188,366,209,283,271,180
1776768115.7954302,20.0,33,-64,72.00694410957877,8.759968869778438,0.02339260193872585,188,366,209,283,271,180
1776768115.849529,20.0,33,-64,72.00694410957877,8.759968869778438,0.02339260193872585,188,366,209,283,271,180
1776768115.9061785,20.0,33,-64,72.00694410957877,8.759968869778438,0.02339260193872585,188,366,209,283,271,180
1776768115.963731,20.0,33,-64,72.00694410957877,8.759968869778438,0.02339260193872585,188,366,209,283,271,180
1776768116.0210135,20.0,33,-64,72.00694410957877,8.759968869778438,0.02339260193872585,188,366,209,283,271,180
1776768116.078241,20.0,33,-64,72.00694410957877,8.759968869778438,0.02339260193872585,188,366,209,283,271,180
1776768116.1354258,20.0,33,-64,72.00694410957877,8.759968869778438,0.02394460669371998,188,366,209,282,271,180
1776768116.1891406,20.0,33,-64,72.00694410957877,8.759968869778438,0.02394460669371998,188,366,209,282,271,180
1776768116.2466376,20.0,33,-65,72.89718787443039,8.8682710309526,0.023505912576473248,188,366,209,282,271,179
1776768116.3037965,20.0,33,-65,72.89718787443039,8.8682710309526,0.023505912576473248,188,366,209,282,271,179
1776768116.3615837,20.0,33,-65,72.89718787443039,8.8682710309526,0.023505912576473248,188,366,209,282,271,179
1776768116.4185529,20.0,33,-65,72.89718787443039,8.8682710309526,0.023505912576473248,188,366,209,282,271,179
1776768116.4758854,20.0,33,-65,72.89718787443039,8.8682710309526,0.023505912576473248,188,366,209,282,271,179
1776768116.5292943,20.0,33,-65,72.89718787443039,8.8682710309526,0.023505912576473248,188,366,209,282,271,179
1776768116.5867088,20.0,33,-65,72.89718787443039,8.8682710309526,0.023505912576473248,188,366,209,282,271,179
1776768116.6437714,20.0,33,-65,72.89718787443039,8.8682710309526,0.023505912576473248,188,366,209,282,271,179
1776768116.7009609,20.0,33,-65,72.89718787443039,8.8682710309526,0.023505912576473248,188,366,209,282,271,179
1776768116.75799,20.0,33,-65,72.89718787443039,8.8682710309526,0.023505912576473248,188,366,209,282,271,179
1776768116.811631,20.0,33,-65,72.89718787443039,8.8682710309526,0.023505912576473248,188,366,209,282,271,179
1776768116.8689659,20.0,33,-65,72.89718787443039,8.8682710309526,0.023505912576473248,188,366,209,282,271,179
1776768116.9266636,20.0,33,-65,72.89718787443039,8.8682710309526,0.023505912576473248,188,366,209,282,271,179
1776768116.9836328,20.0,33,-65,72.89718787443039,8.8682710309526,0.023505912576473248,188,366,209,282,271,179
1776768117.0411406,20.0,33,-65,72.89718787443039,8.8682710309526,0.023505912576473248,188,366,209,282,271,179
1776768117.0976517,20.0,33,-65,72.89718787443039,8.8682710309526,0.023505912576473248,188,366,209,282,271,179
1776768117.1515062,20.0,33,-65,72.89718787443039,8.8682710309526,0.023505912576473248,188,366,209,282,271,179
1776768117.2087545,20.0,33,-65,72.89718787443039,8.8682710309526,0.023505912576473248,188,366,209,282,271,179
1776768117.2658591,20.0,33,-65,72.89718787443039,8.8682710309526,0.023505912576473248,188,366,209,282,271,179
1776768117.3236196,20.0,33,-65,72.89718787443039,8.8682710309526,0.023505912576473248,188,366,209,282,271,179
1776768117.38055,20.0,33,-65,72.89718787443039,8.8682710309526,0.023505912576473248,188,366,209,282,271,179
1776768117.4378598,20.0,33,-65,72.89718787443039,8.8682710309526,0.023505912576473248,188,366,209,282,271,179
1776768117.4913394,20.0,33,-65,72.89718787443039,8.8682710309526,0.023505912576473248,188,366,209,282,271,179
1776768117.5493438,20.0,33,-65,72.89718787443039,8.8682710309526,0.023505912576473248,188,366,209,282,271,179
1776768117.606687,20.0,33,-65,72.89718787443039,8.8682710309526,0.023505912576473248,188,366,209,282,271,179
1776768117.6634164,20.0,33,-65,72.89718787443039,8.8682710309526,0.02405015945187567,188,366,209,281,271,179
1776768117.7209594,20.0,33,-65,72.89718787443039,8.8682710309526,0.02405015945187567,188,366,209,281,271,179
1776768117.7777355,20.0,33,-66,73.79024325749306,8.976915238137842,0.02361313725108065,188,366,209,281,271,178
1776768117.8309076,20.0,33,-66,73.79024325749306,8.976915238137842,0.022217123232563873,188,366,210,281,271,178
1776768117.8894694,20.0,33,-66,73.79024325749306,8.976915238137842,0.022217123232563873,188,366,210,281,271,178
1776768117.9465582,20.0,33,-66,73.79024325749306,8.976915238137842,0.022217123232563873,188,366,210,281,271,178
1776768118.0032895,20.0,33,-66,73.79024325749306,8.976915238137842,0.022217123232563873,188,366,210,281,271,178
1776768118.0608695,20.0,33,-66,73.79024325749306,8.976915238137842,0.022217123232563873,188,366,210,281,271,178
1776768118.1180892,20.0,34,-66,74.24284477308234,9.031976249766707,0.022721698305703763,188,366,210,281,272,178
1776768118.1712296,20.0,34,-66,74.24284477308234,9.031976249766707,0.022721698305703763,188,366,210,281,272,178
1776768118.2283425,20.0,34,-66,74.24284477308234,9.031976249766707,0.022721698305703763,188,366,210,281,272,178
1776768118.2854989,20.0,34,-66,74.24284477308234,9.031976249766707,0.022721698305703763,188,366,210,281,272,178
1776768118.3433816,20.0,34,-66,74.24284477308234,9.031976249766707,0.022721698305703763,188,366,210,281,272,178
1776768118.4005504,20.0,34,-66,74.24284477308234,9.031976249766707,0.022721698305703763,188,366,210,281,272,178
1776768118.454231,20.0,34,-66,74.24284477308234,9.031976249766707,0.022721698305703763,188,366,210,281,272,178
1776768118.5115416,20.0,34,-66,74.24284477308234,9.031976249766707,0.022721698305703763,188,366,210,281,272,178
1776768118.5686257,20.0,34,-66,74.24284477308234,9.031976249766707,0.022721698305703763,188,366,210,281,272,178
1776768118.6263645,20.0,34,-66,74.24284477308234,9.031976249766707,0.022721698305703763,188,366,210,281,272,178
1776768118.6833627,20.0,34,-66,74.24284477308234,9.031976249766707,0.022721698305703763,188,366,210,281,272,178
1776768118.7407057,20.0,34,-66,74.24284477308234,9.031976249766707,0.022721698305703763,188,366,210,281,272,178
1776768118.793344,20.0,34,-66,74.24284477308234,9.031976249766707,0.022721698305703763,188,366,210,281,272,178
1776768118.8507214,20.0,34,-66,74.24284477308234,9.031976249766707,0.022721698305703763,188,366,210,281,272,178
1776768118.9085324,20.0,34,-66,74.24284477308234,9.031976249766707,0.022721698305703763,188,366,210,281,272,178
1776768118.9654374,20.0,34,-66,74.24284477308234,9.031976249766707,0.022721698305703763,188,366,210,281,272,178
1776768119.0227828,20.0,34,-66,74.24284477308234,9.031976249766707,0.022721698305703763,188,366,210,281,272,178
1776768119.080647,20.0,34,-67,75.13321502504735,9.14029379866756,0.022296581505771868,188,366,210,281,272,177
1776768119.133731,20.0,34,-67,75.13321502504735,9.14029379866756,0.022296581505771868,188,366,210,281,272,177
1776768119.191394,20.0,34,-67,75.13321502504735,9.14029379866756,0.022296581505771868,188,366,210,281,272,177
1776768119.2486844,20.0,34,-67,75.13321502504735,9.14029379866756,0.0228363500629072,188,366,210,280,272,177
1776768119.3052418,20.0,34,-67,75.13321502504735,9.14029379866756,0.0228363500629072,188,366,210,280,272,177
1776768119.362724,20.0,34,-67,75.13321502504735,9.14029379866756,0.0228363500629072,188,366,210,280,272,177
1776768119.4205577,20.0,34,-67,75.13321502504735,9.14029379866756,0.0228363500629072,188,366,210,280,272,177
1776768119.4739912,20.0,34,-67,75.13321502504735,9.14029379866756,0.0228363500629072,188,366,210,280,272,177
1776768119.5315073,20.0,34,-67,75.13321502504735,9.14029379866756,0.0228363500629072,188,366,210,280,272,177
1776768119.588627,20.0,34,-67,75.13321502504735,9.14029379866756,0.0228363500629072,188,366,210,280,272,177
1776768119.646017,20.0,34,-67,75.13321502504735,9.14029379866756,0.0228363500629072,188,366,210,280,272,177
1776768119.703367,20.0,34,-67,75.13321502504735,9.14029379866756,0.0228363500629072,188,366,210,280,272,177
1776768119.7608252,20.0,34,-67,75.13321502504735,9.14029379866756,0.0228363500629072,188,366,210,280,272,177
1776768119.8138056,20.0,34,-67,75.13321502504735,9.14029379866756,0.0228363500629072,188,366,210,280,272,177
1776768119.8710375,20.0,34,-67,75.13321502504735,9.14029379866756,0.0228363500629072,188,366,210,280,272,177
1776768119.9287813,20.0,34,-67,75.13321502504735,9.14029379866756,0.0228363500629072,188,366,210,280,272,177
1776768119.9867465,20.0,34,-67,75.13321502504735,9.14029379866756,0.0228363500629072,188,366,210,280,272,177
1776768120.0430748,20.0,34,-67,75.13321502504735,9.14029379866756,0.0228363500629072,188,366,210,280,272,177
1776768120.0965064,20.0,34,-67,75.13321502504735,9.14029379866756,0.0228363500629072,188,366,210,280,272,177
1776768120.1538932,20.0,34,-68,76.02631123499285,9.248942972626866,0.022945108437655484,188,366,210,279,272,176
1776768120.2107253,20.0,34,-68,76.02631123499285,9.248942972626866,0.022945108437655484,188,366,210,279,272,176
1776768120.2686243,20.0,34,-68,76.02631123499285,9.248942972626866,0.022945108437655484,188,366,210,279,272,176
1776768120.3260095,20.0,34,-68,76.02631123499285,9.248942972626866,0.022945108437655484,188,366,210,279,272,176
1776768120.383119,20.0,34,-68,76.02631123499285,9.248942972626866,0.022945108437655484,188,366,210,279,272,176
1776768120.4363046,20.0,34,-68,76.02631123499285,9.248942972626866,0.022945108437655484,188,366,210,279,272,176
1776768120.4942126,20.0,34,-68,76.02631123499285,9.248942972626866,0.022945108437655484,188,366,210,279,272,176
1776768120.5514307,20.0,34,-68,76.02631123499285,9.248942972626866,0.022945108437655484,188,366,210,279,272,176
1776768120.6090705,20.0,34,-68,76.02631123499285,9.248942972626866,0.022945108437655484,188,366,210,279,272,176
1776768120.6656845,20.0,34,-68,76.02631123499285,9.248942972626866,0.022945108437655484,188,366,210,279,272,176
1776768120.7230427,20.0,34,-68,76.02631123499285,9.248942972626866,0.022945108437655484,188,366,210,279,272,176
1776768120.7770085,20.0,34,-68,76.02631123499285,9.248942972626866,0.022945108437655484,188,366,210,279,272,176
1776768120.8334355,20.0,34,-68,76.02631123499285,9.248942972626866,0.022945108437655484,188,366,210,279,272,176
1776768120.8916562,20.0,34,-68,76.02631123499285,9.248942972626866,0.022945108437655484,188,366,210,279,272,176
1776768120.9486032,20.0,34,-68,76.02631123499285,9.248942972626866,0.022945108437655484,188,366,210,279,272,176
1776768121.0058212,20.0,34,-68,76.02631123499285,9.248942972626866,0.022945108437655484,188,366,210,279,272,176
1776768121.062952,20.0,34,-68,76.02631123499285,9.248942972626866,0.022945108437655484,188,366,210,279,272,176
1776768121.1164234,20.0,34,-68,76.02631123499285,9.248942972626866,0.022945108437655484,188,366,210,279,272,176
1776768121.173512,20.0,34,-68,76.02631123499285,9.248942972626866,0.022945108437655484,188,366,210,279,272,176
1776768121.2309818,20.0,34,-68,76.02631123499285,9.248942972626866,0.022945108437655484,188,366,210,279,272,176
1776768121.288659,20.0,35,-68,76.47875521999558,9.303984819950799,0.023967658776627897,188,366,210,278,273,176
1776768121.345606,20.0,35,-69,77.3692445355388,9.412316853471873,0.023536621169892618,188,366,210,278,273,175
1776768121.403339,20.0,35,-69,77.3692445355388,9.412316853471873,0.023536621169892618,188,366,210,278,273,175
1776768121.456536,20.0,35,-69,77.3692445355388,9.412316853471873,0.023536621169892618,188,366,210,278,273,175
1776768121.512993,20.0,35,-69,77.3692445355388,9.412316853471873,0.023536621169892618,188,366,210,278,273,175
1776768121.5703976,20.0,35,-69,77.3692445355388,9.412316853471873,0.023536621169892618,188,366,210,278,273,175
1776768121.6281817,20.0,35,-69,77.3692445355388,9.412316853471873,0.023536621169892618,188,366,210,278,273,175
1776768121.685561,20.0,35,-69,77.3692445355388,9.412316853471873,0.023536621169892618,188,366,210,278,273,175
1776768121.7387214,20.0,35,-69,77.3692445355388,9.412316853471873,0.023536621169892618,188,366,210,278,273,175
1776768121.796282,20.0,35,-69,77.3692445355388,9.412316853471873,0.023536621169892618,188,366,210,278,273,175
1776768121.8536513,20.0,35,-69,77.3692445355388,9.412316853471873,0.023536621169892618,188,366,210,278,273,175
1776768121.9108932,20.0,35,-69,77.3692445355388,9.412316853471873,0.023536621169892618,188,366,210,278,273,175
1776768121.9682527,20.0,35,-69,77.3692445355388,9.412316853471873,0.023536621169892618,188,366,210,278,273,175
1776768122.0259955,20.0,35,-69,77.3692445355388,9.412316853471873,0.023536621169892618,188,366,210,278,273,175
1776768122.0782893,20.0,35,-69,77.3692445355388,9.412316853471873,0.023536621169892618,188,366,210,278,273,175
1776768122.1370144,20.0,35,-69,77.3692445355388,9.412316853471873,0.023536621169892618,188,366,210,278,273,175
1776768122.193537,20.0,35,-69,77.3692445355388,9.412316853471873,0.023536621169892618,188,366,210,278,273,175
1776768122.2509217,20.0,35,-69,77.3692445355388,9.412316853471873,0.023536621169892618,188,366,210,278,273,175
1776768122.308156,20.0,35,-69,77.3692445355388,9.412316853471873,0.023536621169892618,188,366,210,278,273,175
1776768122.366357,20.0,35,-69,77.3692445355388,9.412316853471873,0.023536621169892618,188,366,210,278,273,175
1776768122.4199028,20.0,35,-69,77.3692445355388,9.412316853471873,0.024061105543707537,188,366,210,277,273,175
1776768122.4763825,20.0,35,-70,78.26237921249263,9.520970707115891,0.023631720025747135,188,366,210,277,273,174
1776768122.5337074,20.0,35,-70,78.26237921249263,9.520970707115891,0.023631720025747135,188,366,210,277,273,174
1776768122.5908897,20.0,35,-70,78.26237921249263,9.520970707115891,0.023631720025747135,188,366,210,277,273,174
1776768122.6484385,20.0,35,-70,78.26237921249263,9.520970707115891,0.023631720025747135,188,366,210,277,273,174
1776768122.705152,20.0,35,-70,78.26237921249263,9.520970707115891,0.022310124495933427,188,366,211,277,273,174
1776768122.7589386,20.0,35,-70,78.26237921249263,9.520970707115891,0.022310124495933427,188,366,211,277,273,174
1776768122.816156,20.0,35,-70,78.26237921249263,9.520970707115891,0.022310124495933427,188,366,211,277,273,174
1776768122.8733563,20.0,35,-70,78.26237921249263,9.520970707115891,0.022310124495933427,188,366,211,277,273,174
1776768122.9308012,20.0,35,-70,78.26237921249263,9.520970707115891,0.022310124495933427,188,366,211,277,273,174
1776768122.9878814,20.0,35,-70,78.26237921249263,9.520970707115891,0.022310124495933427,188,366,211,277,273,174
1776768123.0453355,20.0,35,-70,78.26237921249263,9.520970707115891,0.022310124495933427,188,366,211,277,273,174
1776768123.098777,20.0,35,-70,78.26237921249263,9.520970707115891,0.022310124495933427,188,366,211,277,273,174
1776768123.1562426,20.0,35,-70,78.26237921249263,9.520970707115891,0.022310124495933427,188,366,211,277,273,174
1776768123.2134078,20.0,35,-70,78.26237921249263,9.520970707115891,0.022310124495933427,188,366,211,277,273,174
1776768123.2705605,20.0,35,-70,78.26237921249263,9.520970707115891,0.022310124495933427,188,366,211,277,273,174
1776768123.3280654,20.0,35,-70,78.26237921249263,9.520970707115891,0.022310124495933427,188,366,211,277,273,174
1776768123.3814945,20.0,35,-70,78.26237921249263,9.520970707115891,0.022310124495933427,188,366,211,277,273,174
1776768123.4393125,20.0,35,-70,78.26237921249263,9.520970707115891,0.022310124495933427,188,366,211,277,273,174
1776768123.4964957,20.0,35,-70,78.26237921249263,9.520970707115891,0.022310124495933427,188,366,211,277,273,174
1776768123.5538993,20.0,35,-70,78.26237921249263,9.520970707115891,0.022310124495933427,188,366,211,277,273,174
1776768123.611139,20.0,35,-70,78.26237921249263,9.520970707115891,0.022310124495933427,188,366,211,277,273,174
1776768123.6677477,20.0,35,-70,78.26237921249263,9.520970707115891,0.022310124495933427,188,366,211,277,273,174
1776768123.7206416,20.0,35,-71,79.1580697086532,9.629935487670705,0.021894869015144137,188,366,211,277,273,173
1776768123.778262,20.0,35,-71,79.1580697086532,9.629935487670705,0.021894869015144137,188,366,211,277,273,173
1776768123.8359928,20.0,35,-71,79.1580697086532,9.629935487670705,0.021894869015144137,188,366,211,277,273,173
1776768123.8931692,20.0,35,-71,79.1580697086532,9.629935487670705,0.022414537756898445,188,366,211,276,273,173
1776768123.9504464,20.0,35,-71,79.1580697086532,9.629935487670705,0.022414537756898445,188,366,211,276,273,173
1776768124.0078552,20.0,35,-71,79.1580697086532,9.629935487670705,0.022414537756898445,188,366,211,276,273,173
1776768124.0617523,20.0,35,-71,79.1580697086532,9.629935487670705,0.022414537756898445,188,366,211,276,273,173
1776768124.1185966,20.0,35,-71,79.1580697086532,9.629935487670705,0.022414537756898445,188,366,211,276,273,173
1776768124.1758027,20.0,35,-71,79.1580697086532,9.629935487670705,0.022414537756898445,188,366,211,276,273,173
1776768124.2335165,20.0,35,-71,79.1580697086532,9.629935487670705,0.022414537756898445,188,366,211,276,273,173
1776768124.2909176,20.0,35,-71,79.1580697086532,9.629935487670705,0.022414537756898445,188,366,211,276,273,173
1776768124.3481076,20.0,35,-71,79.1580697086532,9.629935487670705,0.022414537756898445,188,366,211,276,273,173
1776768124.4015443,20.0,35,-71,79.1580697086532,9.629935487670705,0.022414537756898445,188,366,211,276,273,173
1776768124.4587157,20.0,35,-71,79.1580697086532,9.629935487670705,0.022414537756898445,188,366,211,276,273,173
1776768124.516175,20.0,35,-71,79.1580697086532,9.629935487670705,0.022414537756898445,188,366,211,276,273,173
1776768124.5733988,20.0,35,-71,79.1580697086532,9.629935487670705,0.022414537756898445,188,366,211,276,273,173
1776768124.630009,20.0,35,-71,79.1580697086532,9.629935487670705,0.022414537756898445,188,366,211,276,273,173
1776768124.6875653,20.0,35,-71,79.1580697086532,9.629935487670705,0.022414537756898445,188,366,211,276,273,173
1776768124.741036,20.0,35,-71,79.1580697086532,9.629935487670705,0.022414537756898445,188,366,211,276,273,173
1776768124.798302,20.0,35,-71,79.1580697086532,9.629935487670705,0.022414537756898445,188,366,211,276,273,173
1776768124.8556926,20.0,35,-71,79.1580697086532,9.629935487670705,0.022414537756898445,188,366,211,276,273,173
1776768124.9127755,20.0,35,-71,79.1580697086532,9.629935487670705,0.022414537756898445,188,366,211,276,273,173
1776768124.9710317,20.0,35,-72,80.05623023850174,9.739200758941816,0.022000797877197862,188,366,211,276,273,172
1776768125.024042,20.0,35,-72,80.05623023850174,9.739200758941816,0.022000797877197862,188,366,211,276,273,172
1776768125.081404,20.0,35,-72,80.05623023850174,9.739200758941816,0.022000797877197862,188,366,211,276,273,172
1776768125.1385403,20.0,35,-72,80.05623023850174,9.739200758941816,0.022000797877197862,188,366,211,276,273,172
1776768125.1963172,20.0,35,-72,80.05623023850174,9.739200758941816,0.022000797877197862,188,366,211,276,273,172
1776768125.2535,20.0,35,-72,80.05623023850174,9.739200758941816,0.022000797877197862,188,366,211,276,273,172
1776768125.3104005,20.0,35,-72,80.05623023850174,9.739200758941816,0.022000797877197862,188,366,211,276,273,172
1776768125.3642678,20.0,35,-72,80.05623023850174,9.739200758941816,0.022513674760364703,188,366,211,275,273,172
1776768125.4209592,20.0,35,-72,80.05623023850174,9.739200758941816,0.022513674760364703,188,366,211,275,273,172
1776768125.478485,20.0,35,-72,80.05623023850174,9.739200758941816,0.022513674760364703,188,366,211,275,273,172
1776768125.5355802,20.0,35,-72,80.05623023850174,9.739200758941816,0.022513674760364703,188,366,211,275,273,172
1776768125.5933492,20.0,35,-72,80.05623023850174,9.739200758941816,0.022513674760364703,188,366,211,275,273,172
1776768125.6501546,20.0,35,-72,80.05623023850174,9.739200758941816,0.022513674760364703,188,366,211,275,273,172
1776768125.7033665,20.0,35,-72,80.05623023850174,9.739200758941816,0.022513674760364703,188,366,211,275,273,172
1776768125.7614772,20.0,35,-72,80.05623023850174,9.739200758941816,0.022513674760364703,188,366,211,275,273,172
1776768125.8192303,20.0,35,-72,80.05623023850174,9.739200758941816,0.022513674760364703,188,366,211,275,273,172
1776768125.8755274,20.0,36,-72,80.49844718999243,9.792998441604919,0.022996421243064776,188,366,211,275,274,172
1776768125.93238,20.0,36,-72,80.49844718999243,9.792998441604919,0.022996421243064776,188,366,211,275,274,172
1776768125.990299,20.0,36,-72,80.49844718999243,9.792998441604919,0.022996421243064776,188,366,211,275,274,172
1776768126.043687,20.0,36,-72,80.49844718999243,9.792998441604919,0.022996421243064776,188,366,211,275,274,172
1776768126.100642,20.0,36,-72,80.49844718999243,9.792998441604919,0.022996421243064776,188,366,211,275,274,172
1776768126.1582901,20.0,36,-72,80.49844718999243,9.792998441604919,0.022996421243064776,188,366,211,275,274,172
1776768126.2157185,20.0,36,-73,81.39410298049853,9.901959000060648,0.02258142395238845,188,366,211,275,274,171
1776768126.2727442,20.0,36,-73,81.39410298049853,9.901959000060648,0.02258142395238845,188,366,211,275,274,171
1776768126.3303087,20.0,36,-73,81.39410298049853,9.901959000060648,0.02258142395238845,188,366,211,275,274,171
1776768126.3836827,20.0,36,-73,81.39410298049853,9.901959000060648,0.02258142395238845,188,366,211,275,274,171
1776768126.4416156,20.0,36,-73,81.39410298049853,9.901959000060648,0.021297169052060843,188,366,212,275,274,171
1776768126.4987142,20.0,36,-73,81.39410298049853,9.901959000060648,0.021297169052060843,188,366,212,275,274,171
1776768126.555764,20.0,36,-73,81.39410298049853,9.901959000060648,0.021297169052060843,188,366,212,275,274,171
1776768126.6127205,20.0,36,-73,81.39410298049853,9.901959000060648,0.021297169052060843,188,366,212,275,274,171
1776768126.6664975,20.0,36,-73,81.39410298049853,9.901959000060648,0.021297169052060843,188,366,212,275,274,171
1776768126.7252321,20.0,36,-73,81.39410298049853,9.901959000060648,0.021297169052060843,188,366,212,275,274,171
1776768126.8384943,20.0,36,-73,81.39410298049853,9.901959000060648,0.021297169052060843,188,366,212,275,274,171
1776768126.8958251,20.0,36,-73,81.39410298049853,9.901959000060648,0.021297169052060843,188,366,212,275,274,171
1776768126.9527926,20.0,36,-73,81.39410298049853,9.901959000060648,0.021297169052060843,188,366,212,275,274,171
1776768127.0059023,20.0,36,-73,81.39410298049853,9.901959000060648,0.021297169052060843,188,366,212,275,274,171
1776768127.0637076,20.0,36,-73,81.39410298049853,9.901959000060648,0.021297169052060843,188,366,212,275,274,171
1776768127.1214519,20.0,36,-73,81.39410298049853,9.901959000060648,0.021297169052060843,188,366,212,275,274,171
1776768127.1775103,20.0,36,-73,81.39410298049853,9.901959000060648,0.021297169052060843,188,366,212,275,274,171
1776768127.2352352,20.0,36,-73,81.39410298049853,9.901959000060648,0.021297169052060843,188,366,212,275,274,171
1776768127.2929223,20.0,36,-73,81.39410298049853,9.901959000060648,0.021297169052060843,188,366,212,275,274,171
1776768127.3468122,20.0,36,-73,81.39410298049853,9.901959000060648,0.021297169052060843,188,366,212,275,274,171
1776768127.403521,20.0,36,-73,81.39410298049853,9.901959000060648,0.021297169052060843,188,366,212,275,274,171
1776768127.4609318,20.0,36,-73,81.39410298049853,9.901959000060648,0.021297169052060843,188,366,212,275,274,171
1776768127.5175974,20.0,36,-73,81.39410298049853,9.901959000060648,0.021297169052060843,188,366,212,275,274,171
1776768127.5752034,20.0,36,-73,81.39410298049853,9.901959000060648,0.021297169052060843,188,366,212,275,274,171
1776768127.6327913,20.0,36,-73,81.39410298049853,9.901959000060648,0.021297169052060843,188,366,212,275,274,171
1776768127.685795,20.0,36,-73,81.39410298049853,9.901959000060648,0.021297169052060843,188,366,212,275,274,171
1776768127.7432942,20.0,36,-74,82.29216244576394,10.011211976370308,0.02089589045466464,188,366,212,275,274,170
1776768127.801256,20.0,36,-74,82.29216244576394,10.011211976370308,0.02089589045466464,188,366,212,275,274,170
1776768127.858568,20.0,36,-74,82.29216244576394,10.011211976370308,0.02089589045466464,188,366,212,275,274,170
1776768127.9157217,20.0,36,-74,82.29216244576394,10.011211976370308,0.021404019915902205,188,366,212,274,274,170
1776768127.9725428,20.0,36,-74,82.29216244576394,10.011211976370308,0.021404019915902205,188,366,212,274,274,170
1776768128.0264392,20.0,36,-74,82.29216244576394,10.011211976370308,0.021404019915902205,188,366,212,274,274,170
1776768128.0828524,20.0,36,-74,82.29216244576394,10.011211976370308,0.021404019915902205,188,366,212,274,274,170
1776768128.1400633,20.0,36,-74,82.29216244576394,10.011211976370308,0.021404019915902205,188,366,212,274,274,170
1776768128.1979446,20.0,36,-74,82.29216244576394,10.011211976370308,0.021404019915902205,188,366,212,274,274,170
1776768128.2552083,20.0,36,-74,82.29216244576394,10.011211976370308,0.021404019915902205,188,366,212,274,274,170
1776768128.3083284,20.0,36,-74,82.29216244576394,10.011211976370308,0.021404019915902205,188,366,212,274,274,170
1776768128.3657632,20.0,36,-74,82.29216244576394,10.011211976370308,0.021404019915902205,188,366,212,274,274,170
1776768128.423574,20.0,36,-74,82.29216244576394,10.011211976370308,0.021404019915902205,188,366,212,274,274,170
1776768128.4802175,20.0,36,-74,82.29216244576394,10.011211976370308,0.021404019915902205,188,366,212,274,274,170
1776768128.538041,20.0,36,-74,82.29216244576394,10.011211976370308,0.021404019915902205,188,366,212,274,274,170
1776768128.5950205,20.0,36,-74,82.29216244576394,10.011211976370308,0.021404019915902205,188,366,212,274,274,170
1776768128.6485546,20.0,36,-74,82.29216244576394,10.011211976370308,0.021404019915902205,188,366,212,274,274,170
1776768128.7060575,20.0,36,-74,82.29216244576394,10.011211976370308,0.021404019915902205,188,366,212,274,274,170
1776768128.7637193,20.0,36,-74,82.29216244576394,10.011211976370308,0.021404019915902205,188,366,212,274,274,170
1776768128.820767,20.0,36,-74,82.29216244576394,10.011211976370308,0.021404019915902205,188,366,212,274,274,170
1776768128.8775573,20.0,36,-75,83.19254774317228,10.120747900629231,0.021004158603820013,188,366,212,274,274,169
1776768128.9351223,20.0,36,-75,83.19254774317228,10.120747900629231,0.021004158603820013,188,366,212,274,274,169
1776768128.9885895,20.0,36,-75,83.19254774317228,10.120747900629231,0.021004158603820013,188,366,212,274,274,169
1776768129.0451899,20.0,36,-75,83.19254774317228,10.120747900629231,0.021004158603820013,188,366,212,274,274,169
1776768129.1031134,20.0,36,-75,83.19254774317228,10.120747900629231,0.021004158603820013,188,366,212,274,274,169
1776768129.16069,20.0,36,-75,83.19254774317228,10.120747900629231,0.021004158603820013,188,366,212,274,274,169
1776768129.2183182,20.0,36,-75,83.19254774317228,10.120747900629231,0.021505765504099307,188,366,212,273,274,169
1776768129.2752097,20.0,36,-75,83.19254774317228,10.120747900629231,0.021505765504099307,188,366,212,273,274,169
1776768129.3288877,20.0,36,-75,83.19254774317228,10.120747900629231,0.021505765504099307,188,366,212,273,274,169
1776768129.385439,20.0,36,-75,83.19254774317228,10.120747900629231,0.021505765504099307,188,366,212,273,274,169
1776768129.4432044,20.0,36,-75,83.19254774317228,10.120747900629231,0.021505765504099307,188,366,212,273,274,169
1776768129.5007918,20.0,36,-75,83.19254774317228,10.120747900629231,0.021505765504099307,188,366,212,273,274,169
1776768129.5579648,20.0,36,-75,83.19254774317228,10.120747900629231,0.021505765504099307,188,366,212,273,274,169
1776768129.6150017,20.0,36,-75,83.19254774317228,10.120747900629231,0.021505765504099307,188,366,212,273,274,169
1776768129.6679785,20.0,36,-75,83.19254774317228,10.120747900629231,0.021505765504099307,188,366,212,273,274,169
1776768129.725423,20.0,36,-75,83.19254774317228,10.120747900629231,0.021505765504099307,188,366,212,273,274,169
1776768129.783243,20.0,36,-75,83.19254774317228,10.120747900629231,0.021505765504099307,188,366,212,273,274,169
1776768129.8403451,20.0,36,-75,83.19254774317228,10.120747900629231,0.021505765504099307,188,366,212,273,274,169
1776768129.8977594,20.0,36,-76,84.09518416651456,10.23055768449082,0.02160259398107427,188,366,212,272,274,168
1776768129.9551713,20.0,36,-76,84.09518416651456,10.23055768449082,0.02160259398107427,188,366,212,272,274,168
1776768130.0082834,20.0,36,-76,84.09518416651456,10.23055768449082,0.02160259398107427,188,366,212,272,274,168
1776768130.0662043,20.0,36,-76,84.09518416651456,10.23055768449082,0.02160259398107427,188,366,212,272,274,168
1776768130.123442,20.0,36,-76,84.09518416651456,10.23055768449082,0.02160259398107427,188,366,212,272,274,168
1776768130.1805673,20.0,36,-76,84.09518416651456,10.23055768449082,0.02160259398107427,188,366,212,272,274,168
1776768130.2375546,20.0,36,-76,84.09518416651456,10.23055768449082,0.02160259398107427,188,366,212,272,274,168
1776768130.2912683,20.0,36,-76,84.09518416651456,10.23055768449082,0.02160259398107427,188,366,212,272,274,168
1776768130.3476913,20.0,36,-76,84.09518416651456,10.23055768449082,0.02160259398107427,188,366,212,272,274,168
1776768130.4060848,20.0,36,-76,84.09518416651456,10.23055768449082,0.02160259398107427,188,366,212,272,274,168
1776768130.4630198,20.0,36,-76,84.09518416651456,10.23055768449082,0.02160259398107427,188,366,212,272,274,168
1776768130.5204706,20.0,37,-76,84.52810183601665,10.283224067641926,0.022076993766392557,188,366,212,272,275,168
1776768130.5774589,20.0,37,-76,84.52810183601665,10.283224067641926,0.022076993766392557,188,366,212,272,275,168
1776768130.631333,20.0,37,-76,84.52810183601665,10.283224067641926,0.022076993766392557,188,366,212,272,275,168
1776768130.6883738,20.0,37,-76,84.52810183601665,10.283224067641926,0.022076993766392557,188,366,212,272,275,168
1776768130.7458718,20.0,37,-76,84.52810183601665,10.283224067641926,0.022076993766392557,188,366,212,272,275,168
1776768130.802709,20.0,37,-76,84.52810183601665,10.283224067641926,0.022076993766392557,188,366,212,272,275,168
1776768130.8604636,20.0,37,-76,84.52810183601665,10.283224067641926,0.022076993766392557,188,366,212,272,275,168
1776768130.9177237,20.0,37,-76,84.52810183601665,10.283224067641926,0.022076993766392557,188,366,212,272,275,168
1776768130.9715881,20.0,37,-76,84.52810183601665,10.283224067641926,0.022076993766392557,188,366,212,272,275,168
1776768131.0288017,20.0,37,-76,84.52810183601665,10.283224067641926,0.022076993766392557,188,366,212,272,275,168
1776768131.0855665,20.0,37,-76,84.52810183601665,10.283224067641926,0.022076993766392557,188,366,212,272,275,168
1776768131.143179,20.0,37,-77,85.42833253669417,10.392741184512673,0.021677214340177223,188,366,212,272,275,167
1776768131.200711,20.0,37,-77,85.42833253669417,10.392741184512673,0.021677214340177223,188,366,212,272,275,167
1776768131.2576344,20.0,37,-77,85.42833253669417,10.392741184512673,0.021677214340177223,188,366,212,272,275,167
1776768131.3105745,20.0,37,-77,85.42833253669417,10.392741184512673,0.021677214340177223,188,366,212,272,275,167
1776768131.3686974,20.0,37,-77,85.42833253669417,10.392741184512673,0.022166694977330568,188,366,212,271,275,167
1776768131.42622,20.0,37,-77,85.42833253669417,10.392741184512673,0.022166694977330568,188,366,212,271,275,167
1776768131.4828892,20.0,37,-77,85.42833253669417,10.392741184512673,0.022166694977330568,188,366,212,271,275,167
1776768131.5397763,20.0,37,-77,85.42833253669417,10.392741184512673,0.022166694977330568,188,366,212,271,275,167
1776768131.5972795,20.0,37,-77,85.42833253669417,10.392741184512673,0.022166694977330568,188,366,212,271,275,167
1776768131.6512113,20.0,37,-77,85.42833253669417,10.392741184512673,0.022166694977330568,188,366,212,271,275,167
1776768131.7094145,20.0,37,-77,85.42833253669417,10.392741184512673,0.022166694977330568,188,366,212,271,275,167
1776768131.7653384,20.0,37,-77,85.42833253669417,10.392741184512673,0.022166694977330568,188,366,212,271,275,167
1776768131.822934,20.0,37,-77,85.42833253669417,10.392741184512673,0.022166694977330568,188,366,212,271,275,167
1776768131.8809326,20.0,37,-77,85.42833253669417,10.392741184512673,0.022166694977330568,188,366,212,271,275,167
1776768131.9343302,20.0,37,-77,85.42833253669417,10.392741184512673,0.022166694977330568,188,366,212,271,275,167
1776768131.9907331,20.0,37,-77,85.42833253669417,10.392741184512673,0.022166694977330568,188,366,212,271,275,167
1776768132.04811,20.0,37,-77,85.42833253669417,10.392741184512673,0.022166694977330568,188,366,212,271,275,167
1776768132.1054227,20.0,37,-77,85.42833253669417,10.392741184512673,0.022166694977330568,188,366,212,271,275,167
1776768132.1630743,20.0,37,-78,86.33075929238663,10.502525461360904,0.02176837714684914,188,366,212,271,275,166
1776768132.2203293,20.0,37,-78,86.33075929238663,10.502525461360904,0.02176837714684914,188,366,212,271,275,166
1776768132.2738857,20.0,37,-78,86.33075929238663,10.502525461360904,0.02176837714684914,188,366,212,271,275,166
1776768132.3309221,20.0,37,-78,86.33075929238663,10.502525461360904,0.02176837714684914,188,366,212,271,275,166
1776768132.3880064,20.0,37,-78,86.33075929238663,10.502525461360904,0.02176837714684914,188,366,212,271,275,166
1776768132.4457572,20.0,37,-78,86.33075929238663,10.502525461360904,0.02176837714684914,188,366,212,271,275,166
1776768132.502656,20.0,37,-78,86.33075929238663,10.502525461360904,0.02176837714684914,188,366,212,271,275,166
1776768132.5594823,20.0,37,-78,86.33075929238663,10.502525461360904,0.02176837714684914,188,366,212,271,275,166
1776768132.6127958,20.0,37,-78,86.33075929238663,10.502525461360904,0.02176837714684914,188,366,212,271,275,166
1776768132.6700933,20.0,37,-78,86.33075929238663,10.502525461360904,0.02176837714684914,188,366,212,271,275,166
1776768132.727676,20.0,37,-78,86.33075929238663,10.502525461360904,0.02176837714684914,188,366,212,271,275,166
1776768132.7847843,20.0,37,-78,86.33075929238663,10.502525461360904,0.02176837714684914,188,366,212,271,275,166
1776768132.8420064,20.0,37,-78,86.33075929238663,10.502525461360904,0.02225186377841951,188,366,212,270,275,166
1776768132.8996124,20.0,37,-78,86.33075929238663,10.502525461360904,0.02225186377841951,188,366,212,270,275,166
1776768132.953435,20.0,37,-78,86.33075929238663,10.502525461360904,0.02225186377841951,188,366,212,270,275,166
1776768133.0114152,20.0,37,-78,86.33075929238663,10.502525461360904,0.02225186377841951,188,366,212,270,275,166
1776768133.0683253,20.0,37,-78,86.33075929238663,10.502525461360904,0.02225186377841951,188,366,212,270,275,166
1776768133.1259763,20.0,37,-78,86.33075929238663,10.502525461360904,0.02225186377841951,188,366,212,270,275,166
1776768133.182101,20.0,37,-78,86.33075929238663,10.502525461360904,0.02225186377841951,188,366,212,270,275,166
1776768133.240528,20.0,37,-78,86.33075929238663,10.502525461360904,0.02225186377841951,188,366,212,270,275,166
1776768133.293381,20.0,37,-78,86.33075929238663,10.502525461360904,0.02225186377841951,188,366,212,270,275,166
1776768133.3502274,20.0,37,-78,86.33075929238663,10.502525461360904,0.02225186377841951,188,366,212,270,275,166
1776768133.4083433,20.0,37,-78,86.33075929238663,10.502525461360904,0.02225186377841951,188,366,212,270,275,166
1776768133.4652483,20.0,37,-78,86.33075929238663,10.502525461360904,0.02225186377841951,188,366,212,270,275,166
1776768133.5221162,20.0,37,-78,86.33075929238663,10.502525461360904,0.02225186377841951,188,366,212,270,275,166
1776768133.5803635,20.0,37,-79,87.23531395025755,10.612568607087292,0.02185501328272916,188,366,212,270,275,165
1776768133.6332703,20.0,37,-79,87.23531395025755,10.612568607087292,0.02185501328272916,188,366,212,270,275,165
1776768133.6901278,20.0,37,-79,87.23531395025755,10.612568607087292,0.02185501328272916,188,366,212,270,275,165
1776768133.7475364,20.0,37,-79,87.23531395025755,10.612568607087292,0.02185501328272916,188,366,212,270,275,165
1776768133.805633,20.0,37,-79,87.23531395025755,10.612568607087292,0.02185501328272916,188,366,212,270,275,165
1776768133.8627055,20.0,37,-79,87.23531395025755,10.612568607087292,0.02185501328272916,188,366,212,270,275,165
1776768133.9161768,20.0,37,-79,87.23531395025755,10.612568607087292,0.02185501328272916,188,366,212,270,275,165
1776768133.973399,20.0,37,-79,87.23531395025755,10.612568607087292,0.02185501328272916,188,366,212,270,275,165
1776768134.0307732,20.0,37,-79,87.23531395025755,10.612568607087292,0.02185501328272916,188,366,212,270,275,165
1776768134.08774,20.0,37,-79,87.23531395025755,10.612568607087292,0.02185501328272916,188,366,212,270,275,165
1776768134.1447659,20.0,37,-79,87.23531395025755,10.612568607087292,0.02185501328272916,188,366,212,270,275,165
1776768134.2027962,20.0,37,-79,87.23531395025755,10.612568607087292,0.02185501328272916,188,366,212,270,275,165
1776768134.2557614,20.0,37,-79,87.23531395025755,10.612568607087292,0.02185501328272916,188,366,212,270,275,165
1776768134.3134975,20.0,37,-79,87.23531395025755,10.612568607087292,0.02185501328272916,188,366,212,270,275,165
1776768134.3708968,20.0,37,-79,87.23531395025755,10.612568607087292,0.02185501328272916,188,366,212,270,275,165
1776768134.4280665,20.0,37,-79,87.23531395025755,10.612568607087292,0.02185501328272916,188,366,212,270,275,165
1776768134.485365,20.0,37,-79,87.23531395025755,10.612568607087292,0.0223326652676522,188,366,212,269,275,165
1776768134.5424526,20.0,37,-79,87.23531395025755,10.612568607087292,0.0223326652676522,188,366,212,269,275,165
1776768134.5959737,20.0,37,-80,88.14193099768123,10.722862651786036,0.021937287114040423,188,366,212,269,275,164
1776768134.654199,20.0,37,-80,88.14193099768123,10.722862651786036,0.021937287114040423,188,366,212,269,275,164
1776768134.7105901,20.0,37,-80,88.14193099768123,10.722862651786036,0.021937287114040423,188,366,212,269,275,164
1776768134.767103,20.0,37,-80,88.14193099768123,10.722862651786036,0.021937287114040423,188,366,212,269,275,164
1776768134.825023,20.0,37,-80,88.14193099768123,10.722862651786036,0.021937287114040423,188,366,212,269,275,164
1776768134.8822715,20.0,37,-80,88.14193099768123,10.722862651786036,0.021937287114040423,188,366,212,269,275,164
1776768134.9357414,20.0,37,-80,88.14193099768123,10.722862651786036,0.021937287114040423,188,366,212,269,275,164
1776768134.9926834,20.0,37,-80,88.14193099768123,10.722862651786036,0.021937287114040423,188,366,212,269,275,164
1776768135.0504138,20.0,37,-80,88.14193099768123,10.722862651786036,0.021937287114040423,188,366,212,269,275,164
1776768135.1074834,20.0,37,-80,88.14193099768123,10.722862651786036,0.021937287114040423,188,366,212,269,275,164
1776768135.1652043,20.0,38,-80,88.56635930193812,10.774496265442593,0.022394571790037354,188,366,212,269,276,164
1776768135.2226555,20.0,38,-80,88.56635930193812,10.774496265442593,0.022394571790037354,188,366,212,269,276,164
1776768135.275728,20.0,38,-80,88.56635930193812,10.774496265442593,0.022394571790037354,188,366,212,269,276,164
1776768135.332582,20.0,38,-80,88.56635930193812,10.774496265442593,0.022394571790037354,188,366,212,269,276,164
1776768135.390339,20.0,38,-80,88.56635930193812,10.774496265442593,0.022394571790037354,188,366,212,269,276,164
1776768135.448143,20.0,38,-80,88.56635930193812,10.774496265442593,0.022394571790037354,188,366,212,269,276,164
1776768135.5053666,20.0,38,-80,88.56635930193812,10.774496265442593,0.022394571790037354,188,366,212,269,276,164
1776768135.558755,20.0,38,-80,88.56635930193812,10.774496265442593,0.022394571790037354,188,366,212,269,276,164
1776768135.6156404,20.0,38,-80,88.56635930193812,10.774496265442593,0.022394571790037354,188,366,212,269,276,164
1776768135.6729863,20.0,38,-80,88.56635930193812,10.774496265442593,0.022394571790037354,188,366,212,269,276,164
1776768135.7313988,20.0,38,-80,88.56635930193812,10.774496265442593,0.022394571790037354,188,366,212,269,276,164
1776768135.7875388,20.0,38,-80,88.56635930193812,10.774496265442593,0.022394571790037354,188,366,212,269,276,164
1776768135.8450193,20.0,38,-80,88.56635930193812,10.774496265442593,0.022394571790037354,188,366,212,269,276,164
1776768135.898505,20.0,38,-80,88.56635930193812,10.774496265442593,0.022394571790037354,188,366,212,269,276,164
1776768135.9554334,20.0,38,-80,88.56635930193812,10.774496265442593,0.022394571790037354,188,366,212,269,276,164
1776768136.013119,20.0,38,-81,89.47066558375433,10.88450919510393,0.022470401955411192,188,366,212,268,276,163
1776768136.0705967,20.0,38,-81,89.47066558375433,10.88450919510393,0.022470401955411192,188,366,212,268,276,163
1776768136.127441,20.0,38,-81,89.47066558375433,10.88450919510393,0.021293292210917462,188,366,213,268,276,163
1776768136.185013,20.0,38,-81,89.47066558375433,10.88450919510393,0.021293292210917462,188,366,213,268,276,163
1776768136.238126,20.0,38,-81,89.47066558375433,10.88450919510393,0.021293292210917462,188,366,213,268,276,163
1776768136.2951226,20.0,38,-81,89.47066558375433,10.88450919510393,0.021293292210917462,188,366,213,268,276,163
1776768136.3527184,20.0,38,-81,89.47066558375433,10.88450919510393,0.021293292210917462,188,366,213,268,276,163
1776768136.4104018,20.0,38,-81,89.47066558375433,10.88450919510393,0.021293292210917462,188,366,213,268,276,163
1776768136.4674163,20.0,38,-81,89.47066558375433,10.88450919510393,0.021293292210917462,188,366,213,268,276,163
1776768136.5250902,20.0,38,-81,89.47066558375433,10.88450919510393,0.021293292210917462,188,366,213,268,276,163
1776768136.5780056,20.0,38,-81,89.47066558375433,10.88450919510393,0.021293292210917462,188,366,213,268,276,163
1776768136.6355886,20.0,38,-81,89.47066558375433,10.88450919510393,0.021293292210917462,188,366,213,268,276,163
1776768136.692819,20.0,38,-81,89.47066558375433,10.88450919510393,0.021293292210917462,188,366,213,268,276,163
1776768136.750374,20.0,38,-81,89.47066558375433,10.88450919510393,0.021293292210917462,188,366,213,268,276,163
1776768136.8075695,20.0,38,-81,89.47066558375433,10.88450919510393,0.021293292210917462,188,366,213,268,276,163
1776768136.8651166,20.0,38,-81,89.47066558375433,10.88450919510393,0.021293292210917462,188,366,213,268,276,163
1776768136.918092,20.0,38,-81,89.47066558375433,10.88450919510393,0.021293292210917462,188,366,213,268,276,163
1776768136.9748266,20.0,38,-81,89.47066558375433,10.88450919510393,0.021293292210917462,188,366,213,268,276,163
1776768137.0324724,20.0,38,-81,89.47066558375433,10.88450919510393,0.021293292210917462,188,366,213,268,276,163
1776768137.090006,20.0,38,-81,89.47066558375433,10.88450919510393,0.021293292210917462,188,366,213,268,276,163
1776768137.1474,20.0,38,-81,89.47066558375433,10.88450919510393,0.021293292210917462,188,366,213,268,276,163
1776768137.2045615,20.0,38,-81,89.47066558375433,10.88450919510393,0.021293292210917462,188,366,213,268,276,163
1776768137.258442,20.0,38,-82,90.37698822156003,10.994767423547447,0.02090934054353886,188,366,213,268,276,162
1776768137.3151486,20.0,38,-82,90.37698822156003,10.994767423547447,0.02090934054353886,188,366,213,268,276,162
1776768137.372797,20.0,38,-82,90.37698822156003,10.994767423547447,0.02090934054353886,188,366,213,268,276,162
1776768137.4302459,20.0,38,-82,90.37698822156003,10.994767423547447,0.02090934054353886,188,366,213,268,276,162
1776768137.4869883,20.0,38,-82,90.37698822156003,10.994767423547447,0.02090934054353886,188,366,213,268,276,162
1776768137.5402796,20.0,38,-82,90.37698822156003,10.994767423547447,0.02090934054353886,188,366,213,268,276,162
1776768137.597745,20.0,38,-82,90.37698822156003,10.994767423547447,0.02137688228711983,188,366,213,267,276,162
1776768137.6553488,20.0,38,-82,90.37698822156003,10.994767423547447,0.02137688228711983,188,366,213,267,276,162
1776768137.712067,20.0,38,-82,90.37698822156003,10.994767423547447,0.02137688228711983,188,366,213,267,276,162
1776768137.7700763,20.0,38,-82,90.37698822156003,10.994767423547447,0.02137688228711983,188,366,213,267,276,162
1776768137.8281775,20.0,38,-82,90.37698822156003,10.994767423547447,0.02137688228711983,188,366,213,267,276,162
1776768137.8807955,20.0,38,-82,90.37698822156003,10.994767423547447,0.02137688228711983,188,366,213,267,276,162
1776768137.9384518,20.0,38,-82,90.37698822156003,10.994767423547447,0.02137688228711983,188,366,213,267,276,162
1776768137.9956028,20.0,38,-82,90.37698822156003,10.994767423547447,0.02137688228711983,188,366,213,267,276,162
1776768138.0527313,20.0,38,-82,90.37698822156003,10.994767423547447,0.02137688228711983,188,366,213,267,276,162
1776768138.1100156,20.0,38,-82,90.37698822156003,10.994767423547447,0.02137688228711983,188,366,213,267,276,162
1776768138.167724,20.0,38,-82,90.37698822156003,10.994767423547447,0.02137688228711983,188,366,213,267,276,162
1776768138.221256,20.0,39,-82,90.80198235721508,11.04646987314052,0.021831259885963628,188,366,213,267,277,162
1776768138.277959,20.0,39,-82,90.80198235721508,11.04646987314052,0.021831259885963628,188,366,213,267,277,162
1776768138.3352106,20.0,39,-82,90.80198235721508,11.04646987314052,0.021831259885963628,188,366,213,267,277,162
1776768138.3926601,20.0,39,-82,90.80198235721508,11.04646987314052,0.021831259885963628,188,366,213,267,277,162
1776768138.4498718,20.0,39,-83,91.706052144883,11.15645403222421,0.021446109647946167,188,366,213,267,277,161
1776768138.5072954,20.0,39,-83,91.706052144883,11.15645403222421,0.021446109647946167,188,366,213,267,277,161
1776768138.5602303,20.0,39,-83,91.706052144883,11.15645403222421,0.021446109647946167,188,366,213,267,277,161
1776768138.617918,20.0,39,-83,91.706052144883,11.15645403222421,0.021446109647946167,188,366,213,267,277,161
1776768138.6754644,20.0,39,-83,91.706052144883,11.15645403222421,0.021446109647946167,188,366,213,267,277,161
1776768138.7324083,20.0,39,-83,91.706052144883,11.15645403222421,0.021446109647946167,188,366,213,267,277,161
1776768138.7898722,20.0,39,-83,91.706052144883,11.15645403222421,0.021446109647946167,188,366,213,267,277,161
1776768138.8474064,20.0,39,-83,91.706052144883,11.15645403222421,0.021446109647946167,188,366,213,267,277,161
1776768138.9006371,20.0,39,-83,91.706052144883,11.15645403222421,0.021446109647946167,188,366,213,267,277,161
1776768138.958076,20.0,39,-83,91.706052144883,11.15645403222421,0.021446109647946167,188,366,213,267,277,161
1776768139.0727818,20.0,39,-83,91.706052144883,11.15645403222421,0.021446109647946167,188,366,213,267,277,161
1776768139.1294498,20.0,39,-83,91.706052144883,11.15645403222421,0.02190855260393654,188,366,213,266,277,161
1776768139.1826596,20.0,39,-83,91.706052144883,11.15645403222421,0.02190855260393654,188,366,213,266,277,161
1776768139.240551,20.0,39,-83,91.706052144883,11.15645403222421,0.02190855260393654,188,366,213,266,277,161
1776768139.2974694,20.0,39,-83,91.706052144883,11.15645403222421,0.02190855260393654,188,366,213,266,277,161
1776768139.3546073,20.0,39,-83,91.706052144883,11.15645403222421,0.02190855260393654,188,366,213,266,277,161
1776768139.411879,20.0,39,-83,91.706052144883,11.15645403222421,0.02190855260393654,188,366,213,266,277,161
1776768139.469214,20.0,39,-83,91.706052144883,11.15645403222421,0.02190855260393654,188,366,213,266,277,161
1776768139.5233946,20.0,39,-83,91.706052144883,11.15645403222421,0.02190855260393654,188,366,213,266,277,161
1776768139.5807555,20.0,39,-83,91.706052144883,11.15645403222421,0.02190855260393654,188,366,213,266,277,161
1776768139.6374676,20.0,39,-83,91.706052144883,11.15645403222421,0.02190855260393654,188,366,213,266,277,161
1776768139.6949954,20.0,39,-83,91.706052144883,11.15645403222421,0.02190855260393654,188,366,213,266,277,161
1776768139.752689,20.0,39,-84,92.61209424259879,11.266678131703015,0.021524807771123818,188,366,213,266,277,160
1776768139.8100505,20.0,39,-84,92.61209424259879,11.266678131703015,0.02198192554888622,188,366,213,265,277,160
1776768139.863449,20.0,39,-84,92.61209424259879,11.266678131703015,0.02198192554888622,188,366,213,265,277,160
1776768139.920701,20.0,39,-84,92.61209424259879,11.266678131703015,0.02198192554888622,188,366,213,265,277,160
1776768139.9777396,20.0,39,-84,92.61209424259879,11.266678131703015,0.02198192554888622,188,366,213,265,277,160
1776768140.0353253,20.0,39,-84,92.61209424259879,11.266678131703015,0.02198192554888622,188,366,213,265,277,160
1776768140.0923927,20.0,39,-84,92.61209424259879,11.266678131703015,0.02198192554888622,188,366,213,265,277,160
1776768140.1498466,20.0,39,-84,92.61209424259879,11.266678131703015,0.02198192554888622,188,366,213,265,277,160
1776768140.203306,20.0,39,-84,92.61209424259879,11.266678131703015,0.02198192554888622,188,366,213,265,277,160
1776768140.2605488,20.0,39,-84,92.61209424259879,11.266678131703015,0.02198192554888622,188,366,213,265,277,160
1776768140.317425,20.0,39,-84,92.61209424259879,11.266678131703015,0.02198192554888622,188,366,213,265,277,160
1776768140.3750024,20.0,39,-84,92.61209424259879,11.266678131703015,0.020841259872764382,188,366,214,265,277,160
1776768140.4319549,20.0,39,-84,92.61209424259879,11.266678131703015,0.020841259872764382,188,366,214,265,277,160
1776768140.4897807,20.0,39,-84,92.61209424259879,11.266678131703015,0.020841259872764382,188,366,214,265,277,160
1776768140.543075,20.0,39,-84,92.61209424259879,11.266678131703015,0.020841259872764382,188,366,214,265,277,160
1776768140.600458,20.0,39,-84,92.61209424259879,11.266678131703015,0.020841259872764382,188,366,214,265,277,160
1776768140.6573453,20.0,39,-84,92.61209424259879,11.266678131703015,0.020841259872764382,188,366,214,265,277,160
1776768140.7150493,20.0,39,-84,92.61209424259879,11.266678131703015,0.020841259872764382,188,366,214,265,277,160
1776768140.7720914,20.0,39,-84,92.61209424259879,11.266678131703015,0.020841259872764382,188,366,214,265,277,160
1776768140.830568,20.0,39,-84,92.61209424259879,11.266678131703015,0.020841259872764382,188,366,214,265,277,160
1776768140.8828921,20.0,39,-84,92.61209424259879,11.266678131703015,0.020841259872764382,188,366,214,265,277,160
1776768140.9401052,20.0,39,-85,93.5200513259055,11.377135197798722,0.020464286029452015,188,366,214,265,277,159
1776768140.9974098,20.0,39,-85,93.5200513259055,11.377135197798722,0.020921921130429094,188,366,214,264,277,159
1776768141.0550494,20.0,39,-85,93.5200513259055,11.377135197798722,0.020921921130429094,188,366,214,264,277,159
1776768141.1126156,20.0,39,-85,93.5200513259055,11.377135197798722,0.020921921130429094,188,366,214,264,277,159
1776768141.2234392,20.0,39,-85,93.5200513259055,11.377135197798722,0.020921921130429094,188,366,214,264,277,159
1776768141.2803645,20.0,39,-85,93.5200513259055,11.377135197798722,0.020921921130429094,188,366,214,264,277,159
1776768141.3376844,20.0,39,-85,93.5200513259055,11.377135197798722,0.020921921130429094,188,366,214,264,277,159
1776768141.394286,20.0,39,-85,93.5200513259055,11.377135197798722,0.020921921130429094,188,366,214,264,277,159
1776768141.4521668,20.0,39,-85,93.5200513259055,11.377135197798722,0.020921921130429094,188,366,214,264,277,159
1776768141.5058665,20.0,39,-85,93.5200513259055,11.377135197798722,0.020921921130429094,188,366,214,264,277,159
1776768141.5629947,20.0,39,-85,93.5200513259055,11.377135197798722,0.020921921130429094,188,366,214,264,277,159
1776768141.6202967,20.0,39,-85,93.5200513259055,11.377135197798722,0.020921921130429094,188,366,214,264,277,159
1776768141.6777048,20.0,39,-85,93.5200513259055,11.377135197798722,0.020921921130429094,188,366,214,264,277,159
1776768141.7347977,20.0,39,-85,93.5200513259055,11.377135197798722,0.020921921130429094,188,366,214,264,277,159
1776768141.7919407,20.0,39,-85,93.5200513259055,11.377135197798722,0.020921921130429094,188,366,214,264,277,159
1776768141.8457549,20.0,39,-85,93.5200513259055,11.377135197798722,0.020921921130429094,188,366,214,264,277,159
1776768141.902955,20.0,39,-85,93.5200513259055,11.377135197798722,0.020921921130429094,188,366,214,264,277,159
1776768141.9604619,20.0,39,-85,93.5200513259055,11.377135197798722,0.020921921130429094,188,366,214,264,277,159
1776768142.018385,20.0,40,-85,93.94147114027967,11.428402815119181,0.021371194878355926,188,366,214,264,278,159
1776768142.0750194,20.0,40,-85,93.94147114027967,11.428402815119181,0.021371194878355926,188,366,214,264,278,159
1776768142.1320224,20.0,40,-86,94.847245611035,11.5385943565736,0.020993013890335657,188,366,214,264,278,158
1776768142.1854355,20.0,40,-86,94.847245611035,11.5385943565736,0.020993013890335657,188,366,214,264,278,158
1776768142.242788,20.0,40,-86,94.847245611035,11.5385943565736,0.020993013890335657,188,366,214,264,278,158
1776768142.3001673,20.0,40,-86,94.847245611035,11.5385943565736,0.020993013890335657,188,366,214,264,278,158
1776768142.3573415,20.0,40,-86,94.847245611035,11.5385943565736,0.020993013890335657,188,366,214,264,278,158
1776768142.4145365,20.0,40,-86,94.847245611035,11.5385943565736,0.020993013890335657,188,366,214,264,278,158
1776768142.4720757,20.0,40,-86,94.847245611035,11.5385943565736,0.02144586785322067,188,366,214,263,278,158
1776768142.5253835,20.0,40,-86,94.847245611035,11.5385943565736,0.02144586785322067,188,366,214,263,278,158
1776768142.5826933,20.0,40,-86,94.847245611035,11.5385943565736,0.02144586785322067,188,366,214,263,278,158
1776768142.6400843,20.0,40,-86,94.847245611035,11.5385943565736,0.02144586785322067,188,366,214,263,278,158
1776768142.6974154,20.0,40,-86,94.847245611035,11.5385943565736,0.02144586785322067,188,366,214,263,278,158
1776768142.7550795,20.0,40,-86,94.847245611035,11.5385943565736,0.02144586785322067,188,366,214,263,278,158
1776768142.8087118,20.0,40,-86,94.847245611035,11.5385943565736,0.02144586785322067,188,366,214,263,278,158
1776768142.8652983,20.0,40,-86,94.847245611035,11.5385943565736,0.02144586785322067,188,366,214,263,278,158
1776768142.9226954,20.0,40,-86,94.847245611035,11.5385943565736,0.02144586785322067,188,366,214,263,278,158
1776768142.979691,20.0,40,-86,94.847245611035,11.5385943565736,0.02144586785322067,188,366,214,263,278,158
1776768143.0375037,20.0,40,-86,94.847245611035,11.5385943565736,0.02144586785322067,188,366,214,263,278,158
1776768143.0947545,20.0,40,-86,94.847245611035,11.5385943565736,0.02144586785322067,188,366,214,263,278,158
1776768143.1481297,20.0,40,-86,94.847245611035,11.5385943565736,0.02144586785322067,188,366,214,263,278,158
1776768143.2052782,20.0,40,-86,94.847245611035,11.5385943565736,0.02144586785322067,188,366,214,263,278,158
1776768143.2620425,20.0,40,-86,94.847245611035,11.5385943565736,0.02144586785322067,188,366,214,263,278,158
1776768143.3199086,20.0,40,-86,94.847245611035,11.5385943565736,0.02144586785322067,188,366,214,263,278,158
1776768143.3774683,20.0,40,-87,95.75489543621255,11.649014043334859,0.021069052632429586,188,366,214,263,278,157
1776768143.4345207,20.0,40,-87,95.75489543621255,11.649014043334859,0.021069052632429586,188,366,214,263,278,157
1776768143.4878807,20.0,40,-87,95.75489543621255,11.649014043334859,0.021069052632429586,188,366,214,263,278,157
1776768143.5457835,20.0,40,-87,95.75489543621255,11.649014043334859,0.021069052632429586,188,366,214,263,278,157
1776768143.601909,20.0,40,-87,95.75489543621255,11.649014043334859,0.021069052632429586,188,366,214,263,278,157
1776768143.6595562,20.0,40,-87,95.75489543621255,11.649014043334859,0.021069052632429586,188,366,214,263,278,157
1776768143.717125,20.0,40,-87,95.75489543621255,11.649014043334859,0.021069052632429586,188,366,214,263,278,157
1776768143.7743444,20.0,40,-87,95.75489543621255,11.649014043334859,0.021069052632429586,188,366,214,263,278,157
1776768143.827723,20.0,40,-87,95.75489543621255,11.649014043334859,0.021069052632429586,188,366,214,263,278,157
1776768143.8856833,20.0,40,-87,95.75489543621255,11.649014043334859,0.021069052632429586,188,366,214,263,278,157
1776768143.9425042,20.0,40,-87,95.75489543621255,11.649014043334859,0.021069052632429586,188,366,214,263,278,157
1776768143.9997778,20.0,40,-87,95.75489543621255,11.649014043334859,0.021516856647163515,188,366,214,262,278,157
1776768144.0571694,20.0,40,-87,95.75489543621255,11.649014043334859,0.021516856647163515,188,366,214,262,278,157
1776768144.1142788,20.0,40,-87,95.75489543621255,11.649014043334859,0.021516856647163515,188,366,214,262,278,157
1776768144.1681418,20.0,40,-87,95.75489543621255,11.649014043334859,0.021516856647163515,188,366,214,262,278,157
1776768144.2250652,20.0,40,-87,95.75489543621255,11.649014043334859,0.021516856647163515,188,366,214,262,278,157
1776768144.2827241,20.0,40,-87,95.75489543621255,11.649014043334859,0.021516856647163515,188,366,214,262,278,157
1776768144.3397417,20.0,40,-87,95.75489543621255,11.649014043334859,0.021516856647163515,188,366,214,262,278,157
1776768144.3974009,20.0,40,-87,95.75489543621255,11.649014043334859,0.021516856647163515,188,366,214,262,278,157
1776768144.4507148,20.0,40,-87,95.75489543621255,11.649014043334859,0.021516856647163515,188,366,214,262,278,157
1776768144.508516,20.0,40,-87,95.75489543621255,11.649014043334859,0.021516856647163515,188,366,214,262,278,157
1776768144.565641,20.0,40,-87,95.75489543621255,11.649014043334859,0.021516856647163515,188,366,214,262,278,157
1776768144.622074,20.0,40,-87,95.75489543621255,11.649014043334859,0.021516856647163515,188,366,214,262,278,157
1776768144.6797829,20.0,40,-87,95.75489543621255,11.649014043334859,0.021516856647163515,188,366,214,262,278,157
1776768144.736991,20.0,40,-87,95.75489543621255,11.649014043334859,0.021516856647163515,188,366,214,262,278,157
1776768144.790359,20.0,40,-88,96.66436778875658,11.759655448753842,0.021141410297510498,188,366,214,262,278,156
1776768144.8481143,20.0,40,-88,96.66436778875658,11.759655448753842,0.021141410297510498,188,366,214,262,278,156
1776768144.905433,20.0,40,-88,96.66436778875658,11.759655448753842,0.021141410297510498,188,366,214,262,278,156
1776768144.962521,20.0,40,-88,96.66436778875658,11.759655448753842,0.021141410297510498,188,366,214,262,278,156
1776768145.020001,20.0,40,-88,96.66436778875658,11.759655448753842,0.021141410297510498,188,366,214,262,278,156
1776768145.0770807,20.0,40,-88,96.66436778875658,11.759655448753842,0.021141410297510498,188,366,214,262,278,156
1776768145.130638,20.0,40,-88,96.66436778875658,11.759655448753842,0.021141410297510498,188,366,214,262,278,156
1776768145.1882555,20.0,40,-88,96.66436778875658,11.759655448753842,0.021141410297510498,188,366,214,262,278,156
1776768145.2449555,20.0,40,-88,96.66436778875658,11.759655448753842,0.021141410297510498,188,366,214,262,278,156
1776768145.3027012,20.0,40,-88,96.66436778875658,11.759655448753842,0.021141410297510498,188,366,214,262,278,156
1776768145.3593838,20.0,40,-88,96.66436778875658,11.759655448753842,0.021141410297510498,188,366,214,262,278,156
1776768145.417193,20.0,40,-88,96.66436778875658,11.759655448753842,0.021141410297510498,188,366,214,262,278,156
1776768145.4701543,20.0,40,-88,96.66436778875658,11.759655448753842,0.021141410297510498,188,366,214,262,278,156
1776768145.5279226,20.0,40,-88,96.66436778875658,11.759655448753842,0.021141410297510498,188,366,214,262,278,156
1776768145.5852861,20.0,40,-88,96.66436778875658,11.759655448753842,0.021141410297510498,188,366,214,262,278,156
1776768145.6426418,20.0,40,-88,96.66436778875658,11.759655448753842,0.021584287197049898,188,366,214,261,278,156
1776768145.6993673,20.0,40,-88,96.66436778875658,11.759655448753842,0.021584287197049898,188,366,214,261,278,156
1776768145.7572415,20.0,40,-88,96.66436778875658,11.759655448753842,0.021584287197049898,188,366,214,261,278,156
1776768145.8096504,20.0,40,-88,96.66436778875658,11.759655448753842,0.021584287197049898,188,366,214,261,278,156
1776768145.8676074,20.0,40,-88,96.66436778875658,11.759655448753842,0.021584287197049898,188,366,214,261,278,156
1776768145.9247296,20.0,40,-88,96.66436778875658,11.759655448753842,0.021584287197049898,188,366,214,261,278,156
1776768145.9820323,20.0,40,-89,97.57561170702442,11.870512373117325,0.021210212298876346,188,366,214,261,278,155
1776768146.0394819,20.0,40,-89,97.57561170702442,11.870512373117325,0.021210212298876346,188,366,214,261,278,155
1776768146.0931594,20.0,40,-89,97.57561170702442,11.870512373117325,0.021210212298876346,188,366,214,261,278,155
1776768146.1505034,20.0,40,-89,97.57561170702442,11.870512373117325,0.021210212298876346,188,366,214,261,278,155
1776768146.2079468,20.0,40,-89,97.57561170702442,11.870512373117325,0.021210212298876346,188,366,214,261,278,155
1776768146.2651236,20.0,40,-89,97.57561170702442,11.870512373117325,0.021210212298876346,188,366,214,261,278,155
1776768146.3228319,20.0,40,-89,97.57561170702442,11.870512373117325,0.021210212298876346,188,366,214,261,278,155
1776768146.3793344,20.0,40,-89,97.57561170702442,11.870512373117325,0.021210212298876346,188,366,214,261,278,155
1776768146.4325888,20.0,40,-89,97.57561170702442,11.870512373117325,0.021210212298876346,188,366,214,261,278,155
1776768146.4902523,20.0,40,-89,97.57561170702442,11.870512373117325,0.021210212298876346,188,366,214,261,278,155
1776768146.5473647,20.0,40,-89,97.57561170702442,11.870512373117325,0.021210212298876346,188,366,214,261,278,155
1776768146.6052206,20.0,40,-89,97.57561170702442,11.870512373117325,0.021210212298876346,188,366,214,261,278,155
1776768146.661966,20.0,40,-89,97.57561170702442,11.870512373117325,0.021210212298876346,188,366,214,261,278,155
1776768146.7193117,20.0,40,-89,97.57561170702442,11.870512373117325,0.021210212298876346,188,366,214,261,278,155
1776768146.7728438,20.0,40,-89,97.57561170702442,11.870512373117325,0.021648280671562322,188,366,214,260,278,155
1776768146.829832,20.0,40,-89,97.57561170702442,11.870512373117325,0.021648280671562322,188,366,214,260,278,155
1776768146.88777,20.0,40,-89,97.57561170702442,11.870512373117325,0.021648280671562322,188,366,214,260,278,155
1776768146.944753,20.0,40,-89,97.57561170702442,11.870512373117325,0.021648280671562322,188,366,214,260,278,155
1776768147.0022175,20.0,41,-89,97.98979538707079,11.920899682125398,0.022082218011504035,188,366,214,260,279,155
1776768147.059401,20.0,41,-89,97.98979538707079,11.920899682125398,0.022082218011504035,188,366,214,260,279,155
1776768147.1130145,20.0,41,-89,97.98979538707079,11.920899682125398,0.022082218011504035,188,366,214,260,279,155
1776768147.1701212,20.0,41,-89,97.98979538707079,11.920899682125398,0.022082218011504035,188,366,214,260,279,155
1776768147.2275567,20.0,41,-90,98.89893831583835,12.031501011659167,0.021707175524905226,188,366,214,260,279,154
1776768147.28479,20.0,41,-90,98.89893831583835,12.031501011659167,0.021707175524905226,188,366,214,260,279,154
1776768147.3424156,20.0,41,-90,98.89893831583835,12.031501011659167,0.021707175524905226,188,366,214,260,279,154
1776768147.399601,20.0,41,-90,98.89893831583835,12.031501011659167,0.021707175524905226,188,366,214,260,279,154
1776768147.4530015,20.0,41,-90,98.89893831583835,12.031501011659167,0.021707175524905226,188,366,214,260,279,154
1776768147.5101986,20.0,41,-90,98.89893831583835,12.031501011659167,0.021707175524905226,188,366,214,260,279,154
1776768147.567688,20.0,41,-90,98.89893831583835,12.031501011659167,0.021707175524905226,188,366,214,260,279,154
1776768147.625317,20.0,41,-90,98.89893831583835,12.031501011659167,0.021707175524905226,188,366,214,260,279,154
1776768147.682063,20.0,41,-90,98.89893831583835,12.031501011659167,0.021707175524905226,188,366,214,260,279,154
1776768147.73876,20.0,41,-90,98.89893831583835,12.031501011659167,0.021707175524905226,188,366,214,260,279,154
1776768147.793556,20.0,41,-90,98.89893831583835,12.031501011659167,0.021707175524905226,188,366,214,260,279,154
1776768147.850136,20.0,41,-90,98.89893831583835,12.031501011659167,0.021707175524905226,188,366,214,260,279,154
1776768147.9079204,20.0,41,-90,98.89893831583835,12.031501011659167,0.021707175524905226,188,366,214,260,279,154
1776768147.964763,20.0,41,-90,98.89893831583835,12.031501011659167,0.021707175524905226,188,366,214,260,279,154
1776768148.021328,20.0,41,-90,98.89893831583835,12.031501011659167,0.021707175524905226,188,366,214,260,279,154
1776768148.074677,20.0,41,-90,98.89893831583835,12.031501011659167,0.021707175524905226,188,366,214,260,279,154
1776768148.132813,20.0,41,-90,98.89893831583835,12.031501011659167,0.021707175524905226,188,366,214,260,279,154
1776768148.1902351,20.0,41,-90,98.89893831583835,12.031501011659167,0.022140880908777964,188,366,214,259,279,154
1776768148.2472115,20.0,41,-90,98.89893831583835,12.031501011659167,0.022140880908777964,188,366,214,259,279,154
1776768148.3041756,20.0,41,-90,98.89893831583835,12.031501011659167,0.022140880908777964,188,366,214,259,279,154
1776768148.3619926,20.0,41,-90,98.89893831583835,12.031501011659167,0.022140880908777964,188,366,214,259,279,154
1776768148.4157517,20.0,41,-90,98.89893831583835,12.031501011659167,0.022140880908777964,188,366,214,259,279,154
1776768148.4727604,20.0,41,-90,98.89893831583835,12.031501011659167,0.022140880908777964,188,366,214,259,279,154
1776768148.5300703,20.0,41,-90,98.89893831583835,12.031501011659167,0.022140880908777964,188,366,214,259,279,154
1776768148.5867784,20.0,41,-90,98.89893831583835,12.031501011659167,0.022140880908777964,188,366,214,259,279,154
1776768148.644334,20.0,41,-90,98.89893831583835,12.031501011659167,0.022140880908777964,188,366,214,259,279,154
1776768148.7012658,20.0,41,-90,98.89893831583835,12.031501011659167,0.022140880908777964,188,366,214,259,279,154
1776768148.7549276,20.0,41,-91,99.80981915623332,12.142313765965122,0.02176722973836053,188,366,214,259,279,153
1776768148.8125558,20.0,41,-91,99.80981915623332,12.142313765965122,0.02176722973836053,188,366,214,259,279,153
1776768148.869853,20.0,41,-91,99.80981915623332,12.142313765965122,0.02176722973836053,188,366,214,259,279,153
1776768148.9272296,20.0,41,-91,99.80981915623332,12.142313765965122,0.02176722973836053,188,366,214,259,279,153
1776768148.9844575,20.0,41,-91,99.80981915623332,12.142313765965122,0.02176722973836053,188,366,214,259,279,153
1776768149.042066,20.0,41,-91,99.80981915623332,12.142313765965122,0.02176722973836053,188,366,214,259,279,153
1776768149.0953078,20.0,41,-91,99.80981915623332,12.142313765965122,0.02176722973836053,188,366,214,259,279,153
1776768149.152587,20.0,41,-91,99.80981915623332,12.142313765965122,0.02176722973836053,188,366,214,259,279,153
1776768149.2097168,20.0,41,-91,99.80981915623332,12.142313765965122,0.02176722973836053,188,366,214,259,279,153
1776768149.2670672,20.0,41,-91,99.80981915623332,12.142313765965122,0.02176722973836053,188,366,214,259,279,153
1776768149.3248837,20.0,41,-91,99.80981915623332,12.142313765965122,0.02176722973836053,188,366,214,259,279,153
1776768149.381761,20.0,41,-91,99.80981915623332,12.142313765965122,0.02176722973836053,188,366,214,259,279,153
1776768149.4349737,20.0,41,-91,99.80981915623332,12.142313765965122,0.02176722973836053,188,366,214,259,279,153
1776768149.4921582,20.0,41,-91,99.80981915623332,12.142313765965122,0.02176722973836053,188,366,214,259,279,153
1776768149.549542,20.0,41,-91,99.80981915623332,12.142313765965122,0.02176722973836053,188,366,214,259,279,153
1776768149.6074011,20.0,41,-91,99.80981915623332,12.142313765965122,0.02176722973836053,188,366,214,259,279,153
1776768149.6647017,20.0,41,-91,99.80981915623332,12.142313765965122,0.02176722973836053,188,366,214,259,279,153
1776768149.7178442,20.0,41,-91,99.80981915623332,12.142313765965122,0.02176722973836053,188,366,214,259,279,153
1776768149.7755356,20.0,41,-91,99.80981915623332,12.142313765965122,0.02176722973836053,188,366,214,259,279,153
1776768149.8327143,20.0,41,-91,99.80981915623332,12.142313765965122,0.02176722973836053,188,366,214,259,279,153
1776768149.890337,20.0,41,-91,99.80981915623332,12.142313765965122,0.02176722973836053,188,366,214,259,279,153
1776768149.9474049,20.0,41,-91,99.80981915623332,12.142313765965122,0.022196359007481656,188,366,214,258,279,153
1776768150.004232,20.0,41,-92,100.72239075796404,12.253332208998057,0.021824100054782723,188,366,214,258,279,152
1776768150.0577636,20.0,41,-92,100.72239075796404,12.253332208998057,0.021824100054782723,188,366,214,258,279,152
1776768150.1151552,20.0,41,-92,100.72239075796404,12.253332208998057,0.020771263303826403,188,366,215,258,279,152
1776768150.1723835,20.0,41,-92,100.72239075796404,12.253332208998057,0.020771263303826403,188,366,215,258,279,152
1776768150.22921,20.0,41,-92,100.72239075796404,12.253332208998057,0.020771263303826403,188,366,215,258,279,152
1776768150.2862868,20.0,41,-92,100.72239075796404,12.253332208998057,0.020771263303826403,188,366,215,258,279,152
1776768150.3441408,20.0,41,-92,100.72239075796404,12.253332208998057,0.020771263303826403,188,366,215,258,279,152
1776768150.3974092,20.0,41,-92,100.72239075796404,12.253332208998057,0.020771263303826403,188,366,215,258,279,152
1776768150.4549263,20.0,41,-92,100.72239075796404,12.253332208998057,0.020771263303826403,188,366,215,258,279,152
1776768150.512359,20.0,41,-92,100.72239075796404,12.253332208998057,0.020771263303826403,188,366,215,258,279,152
1776768150.56959,20.0,41,-92,100.72239075796404,12.253332208998057,0.020771263303826403,188,366,215,258,279,152
1776768150.6271083,20.0,41,-92,100.72239075796404,12.253332208998057,0.020771263303826403,188,366,215,258,279,152
1776768150.6841974,20.0,41,-92,100.72239075796404,12.253332208998057,0.021200834141842387,188,366,215,257,279,152
1776768150.737193,20.0,41,-92,100.72239075796404,12.253332208998057,0.021200834141842387,188,366,215,257,279,152
1776768150.7950149,20.0,41,-92,100.72239075796404,12.253332208998057,0.021200834141842387,188,366,215,257,279,152
1776768150.8521602,20.0,41,-92,100.72239075796404,12.253332208998057,0.021200834141842387,188,366,215,257,279,152
1776768150.909451,20.0,41,-92,100.72239075796404,12.253332208998057,0.021200834141842387,188,366,215,257,279,152
1776768150.9674864,20.0,41,-92,100.72239075796404,12.253332208998057,0.021200834141842387,188,366,215,257,279,152
1776768151.0244946,20.0,41,-92,100.72239075796404,12.253332208998057,0.021200834141842387,188,366,215,257,279,152
1776768151.077601,20.0,41,-92,100.72239075796404,12.253332208998057,0.021200834141842387,188,366,215,257,279,152
1776768151.1344726,20.0,41,-92,100.72239075796404,12.253332208998057,0.021200834141842387,188,366,215,257,279,152
1776768151.192025,20.0,41,-92,100.72239075796404,12.253332208998057,0.021200834141842387,188,366,215,257,279,152
1776768151.2496426,20.0,41,-92,100.72239075796404,12.253332208998057,0.021200834141842387,188,366,215,257,279,152
1776768151.3069756,20.0,41,-92,100.72239075796404,12.253332208998057,0.021200834141842387,188,366,215,257,279,152
1776768151.360359,20.0,41,-93,101.6366075781753,12.364550800264634,0.02083468774926888,188,366,215,257,279,151
1776768151.4179065,20.0,41,-93,101.6366075781753,12.364550800264634,0.02083468774926888,188,366,215,257,279,151
1776768151.4746723,20.0,41,-93,101.6366075781753,12.364550800264634,0.02083468774926888,188,366,215,257,279,151
1776768151.5325446,20.0,41,-93,101.6366075781753,12.364550800264634,0.02083468774926888,188,366,215,257,279,151
1776768151.5893598,20.0,41,-93,101.6366075781753,12.364550800264634,0.02083468774926888,188,366,215,257,279,151
1776768151.6467607,20.0,41,-93,101.6366075781753,12.364550800264634,0.02083468774926888,188,366,215,257,279,151
1776768151.7000854,20.0,41,-93,101.6366075781753,12.364550800264634,0.02083468774926888,188,366,215,257,279,151
1776768151.7581882,20.0,41,-93,101.6366075781753,12.364550800264634,0.02083468774926888,188,366,215,257,279,151
1776768151.8148623,20.0,41,-93,101.6366075781753,12.364550800264634,0.02083468774926888,188,366,215,257,279,151
1776768151.8722217,20.0,41,-93,101.6366075781753,12.364550800264634,0.02083468774926888,188,366,215,257,279,151
1776768151.9295537,20.0,41,-93,101.6366075781753,12.364550800264634,0.02083468774926888,188,366,215,257,279,151
1776768151.987236,20.0,41,-93,101.6366075781753,12.364550800264634,0.02083468774926888,188,366,215,257,279,151
1776768152.0397608,20.0,41,-93,101.6366075781753,12.364550800264634,0.021259791360805306,188,366,215,256,279,151
1776768152.0974762,20.0,41,-93,101.6366075781753,12.364550800264634,0.021259791360805306,188,366,215,256,279,151
1776768152.1548495,20.0,41,-93,101.6366075781753,12.364550800264634,0.021259791360805306,188,366,215,256,279,151
1776768152.2121565,20.0,41,-93,101.6366075781753,12.364550800264634,0.021259791360805306,188,366,215,256,279,151
1776768152.2691252,20.0,41,-93,101.6366075781753,12.364550800264634,0.021259791360805306,188,366,215,256,279,151
1776768152.326517,20.0,41,-93,101.6366075781753,12.364550800264634,0.021259791360805306,188,366,215,256,279,151
1776768152.3801591,20.0,41,-93,101.6366075781753,12.364550800264634,0.021259791360805306,188,366,215,256,279,151
1776768152.4366622,20.0,41,-93,101.6366075781753,12.364550800264634,0.021259791360805306,188,366,215,256,279,151
1776768152.4940047,20.0,41,-93,101.6366075781753,12.364550800264634,0.021259791360805306,188,366,215,256,279,151
1776768152.5520015,20.0,41,-93,101.6366075781753,12.364550800264634,0.021259791360805306,188,366,215,256,279,151
1776768152.608822,20.0,41,-94,102.55242561733974,12.475964187024298,0.020894980544352012,188,366,215,256,279,150
1776768152.6668198,20.0,41,-94,102.55242561733974,12.475964187024298,0.020894980544352012,188,366,215,256,279,150
1776768152.720278,20.0,41,-94,102.55242561733974,12.475964187024298,0.020894980544352012,188,366,215,256,279,150
1776768152.777235,20.0,41,-94,102.55242561733974,12.475964187024298,0.020894980544352012,188,366,215,256,279,150
1776768152.8344567,20.0,41,-94,102.55242561733974,12.475964187024298,0.020894980544352012,188,366,215,256,279,150
1776768152.8914094,20.0,41,-94,102.55242561733974,12.475964187024298,0.021315718959654416,188,366,215,255,279,150
1776768152.9487298,20.0,41,-94,102.55242561733974,12.475964187024298,0.021315718959654416,188,366,215,255,279,150
1776768153.0029345,20.0,41,-94,102.55242561733974,12.475964187024298,0.021315718959654416,188,366,215,255,279,150
1776768153.0597978,20.0,41,-94,102.55242561733974,12.475964187024298,0.021315718959654416,188,366,215,255,279,150
1776768153.1172473,20.0,41,-94,102.55242561733974,12.475964187024298,0.021315718959654416,188,366,215,255,279,150
1776768153.1746597,20.0,41,-94,102.55242561733974,12.475964187024298,0.021315718959654416,188,366,215,255,279,150
1776768153.2317863,20.0,41,-94,102.55242561733974,12.475964187024298,0.021315718959654416,188,366,215,255,279,150
1776768153.2891984,20.0,41,-94,102.55242561733974,12.475964187024298,0.021315718959654416,188,366,215,255,279,150
1776768153.3426113,20.0,41,-94,102.55242561733974,12.475964187024298,0.021315718959654416,188,366,215,255,279,150
1776768153.4003766,20.0,41,-94,102.55242561733974,12.475964187024298,0.021315718959654416,188,366,215,255,279,150
1776768153.4586933,20.0,41,-94,102.55242561733974,12.475964187024298,0.021315718959654416,188,366,215,255,279,150
1776768153.514533,20.0,41,-94,102.55242561733974,12.475964187024298,0.021315718959654416,188,366,215,255,279,150
1776768153.572069,20.0,41,-94,102.55242561733974,12.475964187024298,0.021315718959654416,188,366,215,255,279,150
1776768153.6296248,20.0,41,-94,102.55242561733974,12.475964187024298,0.021315718959654416,188,366,215,255,279,150
1776768153.6833088,20.0,41,-94,102.55242561733974,12.475964187024298,0.021315718959654416,188,366,215,255,279,150
1776768153.739891,20.0,41,-94,102.55242561733974,12.475964187024298,0.021315718959654416,188,366,215,255,279,150
1776768153.7973406,20.0,41,-94,102.55242561733974,12.475964187024298,0.021315718959654416,188,366,215,255,279,150
1776768153.8544536,20.0,41,-95,103.46980235798269,12.587567196834875,0.02095224455307145,188,366,215,255,279,149
1776768153.9117615,20.0,41,-95,103.46980235798269,12.587567196834875,0.02095224455307145,188,366,215,255,279,149
1776768153.9693503,20.0,41,-95,103.46980235798269,12.587567196834875,0.02095224455307145,188,366,215,255,279,149
1776768154.022591,20.0,41,-95,103.46980235798269,12.587567196834875,0.02095224455307145,188,366,215,255,279,149
1776768154.0799425,20.0,41,-95,103.46980235798269,12.587567196834875,0.02095224455307145,188,366,215,255,279,149
1776768154.1372206,20.0,41,-95,103.46980235798269,12.587567196834875,0.02095224455307145,188,366,215,255,279,149
1776768154.1948311,20.0,41,-95,103.46980235798269,12.587567196834875,0.02095224455307145,188,366,215,255,279,149
1776768154.2518823,20.0,41,-95,103.46980235798269,12.587567196834875,0.02095224455307145,188,366,215,255,279,149
1776768154.3092337,20.0,41,-95,103.46980235798269,12.587567196834875,0.02095224455307145,188,366,215,255,279,149
1776768154.362747,20.0,41,-95,103.46980235798269,12.587567196834875,0.02095224455307145,188,366,215,255,279,149
1776768154.4195821,20.0,41,-95,103.46980235798269,12.587567196834875,0.02095224455307145,188,366,215,255,279,149
1776768154.4776945,20.0,41,-95,103.46980235798269,12.587567196834875,0.02095224455307145,188,366,215,255,279,149
1776768154.5350094,20.0,42,-95,103.87011119662864,12.636266568932923,0.021375322506464095,188,366,215,255,280,149
1776768154.5920303,20.0,42,-95,103.87011119662864,12.636266568932923,0.021375322506464095,188,366,215,255,280,149
1776768154.648367,20.0,42,-95,103.87011119662864,12.636266568932923,0.021375322506464095,188,366,215,255,280,149
1776768154.7016134,20.0,42,-95,103.87011119662864,12.636266568932923,0.021375322506464095,188,366,215,255,280,149
1776768154.7590861,20.0,42,-95,103.87011119662864,12.636266568932923,0.021375322506464095,188,366,215,255,280,149
1776768154.8173914,20.0,42,-95,103.87011119662864,12.636266568932923,0.0217921636205106,188,366,215,254,280,149
1776768154.874223,20.0,42,-95,103.87011119662864,12.636266568932923,0.0217921636205106,188,366,215,254,280,149
1776768154.9315228,20.0,42,-95,103.87011119662864,12.636266568932923,0.0217921636205106,188,366,215,254,280,149
1776768154.9843378,20.0,42,-95,103.87011119662864,12.636266568932923,0.0217921636205106,188,366,215,254,280,149
1776768155.0422616,20.0,42,-96,104.78549517943789,12.747627150783197,0.02142775689400894,188,366,215,254,280,148
1776768155.0996895,20.0,42,-96,104.78549517943789,12.747627150783197,0.02142775689400894,188,366,215,254,280,148
1776768155.1569152,20.0,42,-96,104.78549517943789,12.747627150783197,0.02142775689400894,188,366,215,254,280,148
1776768155.2142513,20.0,42,-96,104.78549517943789,12.747627150783197,0.02142775689400894,188,366,215,254,280,148
1776768155.2721493,20.0,42,-96,104.78549517943789,12.747627150783197,0.02142775689400894,188,366,215,254,280,148
1776768155.3252711,20.0,42,-96,104.78549517943789,12.747627150783197,0.02142775689400894,188,366,215,254,280,148
1776768155.3824074,20.0,42,-96,104.78549517943789,12.747627150783197,0.02142775689400894,188,366,215,254,280,148
1776768155.439276,20.0,42,-96,104.78549517943789,12.747627150783197,0.02142775689400894,188,366,215,254,280,148
1776768155.49695,20.0,42,-96,104.78549517943789,12.747627150783197,0.02142775689400894,188,366,215,254,280,148
1776768155.5545864,20.0,42,-96,104.78549517943789,12.747627150783197,0.02142775689400894,188,366,215,254,280,148
1776768155.6111505,20.0,42,-96,104.78549517943789,12.747627150783197,0.02142775689400894,188,366,215,254,280,148
1776768155.6642506,20.0,42,-96,104.78549517943789,12.747627150783197,0.02142775689400894,188,366,215,254,280,148
1776768155.7214718,20.0,42,-96,104.78549517943789,12.747627150783197,0.02142775689400894,188,366,215,254,280,148
1776768155.7788029,20.0,42,-96,104.78549517943789,12.747627150783197,0.02142775689400894,188,366,215,254,280,148
1776768155.8364823,20.0,42,-96,104.78549517943789,12.747627150783197,0.02142775689400894,188,366,215,254,280,148
1776768155.893499,20.0,42,-96,104.78549517943789,12.747627150783197,0.02142775689400894,188,366,215,254,280,148
1776768155.9508848,20.0,42,-96,104.78549517943789,12.747627150783197,0.02142775689400894,188,366,215,254,280,148
1776768156.0042026,20.0,42,-96,104.78549517943789,12.747627150783197,0.021840433005016188,188,366,215,253,280,148
1776768156.061537,20.0,42,-96,104.78549517943789,12.747627150783197,0.021840433005016188,188,366,215,253,280,148
1776768156.1188533,20.0,42,-96,104.78549517943789,12.747627150783197,0.021840433005016188,188,366,215,253,280,148
1776768156.1761672,20.0,42,-96,104.78549517943789,12.747627150783197,0.021840433005016188,188,366,215,253,280,148
1776768156.233451,20.0,42,-96,104.78549517943789,12.747627150783197,0.021840433005016188,188,366,215,253,280,148
1776768156.2913435,20.0,42,-96,104.78549517943789,12.747627150783197,0.021840433005016188,188,366,215,253,280,148
1776768156.3448148,20.0,42,-96,104.78549517943789,12.747627150783197,0.021840433005016188,188,366,215,253,280,148
1776768156.402278,20.0,42,-96,104.78549517943789,12.747627150783197,0.021840433005016188,188,366,215,253,280,148
1776768156.459569,20.0,42,-97,105.70241246064349,12.859174265285095,0.021477378269949138,188,366,215,253,280,147
1776768156.517094,20.0,42,-97,105.70241246064349,12.859174265285095,0.021477378269949138,188,366,215,253,280,147
1776768156.573936,20.0,42,-97,105.70241246064349,12.859174265285095,0.021477378269949138,188,366,215,253,280,147
1776768156.627227,20.0,42,-97,105.70241246064349,12.859174265285095,0.021477378269949138,188,366,215,253,280,147
1776768156.6848085,20.0,42,-97,105.70241246064349,12.859174265285095,0.021477378269949138,188,366,215,253,280,147
1776768156.742386,20.0,42,-97,105.70241246064349,12.859174265285095,0.021477378269949138,188,366,215,253,280,147
1776768156.7993526,20.0,42,-97,105.70241246064349,12.859174265285095,0.021477378269949138,188,366,215,253,280,147
1776768156.8562222,20.0,42,-97,105.70241246064349,12.859174265285095,0.021477378269949138,188,366,215,253,280,147
1776768156.9133902,20.0,42,-97,105.70241246064349,12.859174265285095,0.021477378269949138,188,366,215,253,280,147
1776768156.9673445,20.0,42,-97,105.70241246064349,12.859174265285095,0.021477378269949138,188,366,215,253,280,147
1776768157.0247796,20.0,42,-97,105.70241246064349,12.859174265285095,0.021477378269949138,188,366,215,253,280,147
1776768157.0821743,20.0,42,-97,105.70241246064349,12.859174265285095,0.021477378269949138,188,366,215,253,280,147
1776768157.1390076,20.0,42,-97,105.70241246064349,12.859174265285095,0.021477378269949138,188,366,215,253,280,147
1776768157.1970243,20.0,42,-97,105.70241246064349,12.859174265285095,0.021477378269949138,188,366,215,253,280,147
1776768157.254325,20.0,42,-97,105.70241246064349,12.859174265285095,0.021477378269949138,188,366,215,253,280,147
1776768157.3076854,20.0,42,-97,105.70241246064349,12.859174265285095,0.021477378269949138,188,366,215,253,280,147
1776768157.365021,20.0,42,-97,105.70241246064349,12.859174265285095,0.021477378269949138,188,366,215,253,280,147
1776768157.421915,20.0,42,-97,105.70241246064349,12.859174265285095,0.021477378269949138,188,366,215,253,280,147
1776768157.4797156,20.0,42,-97,105.70241246064349,12.859174265285095,0.02188598157799314,188,366,215,252,280,147
1776768157.5369332,20.0,42,-97,105.70241246064349,12.859174265285095,0.02188598157799314,188,366,215,252,280,147
1776768157.5943658,20.0,42,-97,105.70241246064349,12.859174265285095,0.02188598157799314,188,366,215,252,280,147
1776768157.6471565,20.0,42,-97,105.70241246064349,12.859174265285095,0.02188598157799314,188,366,215,252,280,147
1776768157.7047093,20.0,42,-98,106.62082348209472,12.970903100011522,0.021524278342334537,188,366,215,252,280,146
1776768157.761482,20.0,42,-98,106.62082348209472,12.970903100011522,0.021524278342334537,188,366,215,252,280,146
1776768157.8185349,20.0,42,-98,106.62082348209472,12.970903100011522,0.021524278342334537,188,366,215,252,280,146
1776768157.8758762,20.0,42,-98,106.62082348209472,12.970903100011522,0.021524278342334537,188,366,215,252,280,146
1776768157.9332662,20.0,42,-98,106.62082348209472,12.970903100011522,0.021524278342334537,188,366,215,252,280,146
1776768157.987086,20.0,42,-98,106.62082348209472,12.970903100011522,0.021524278342334537,188,366,215,252,280,146
1776768158.0438411,20.0,42,-98,106.62082348209472,12.970903100011522,0.021524278342334537,188,366,215,252,280,146
1776768158.1011968,20.0,42,-98,106.62082348209472,12.970903100011522,0.021524278342334537,188,366,215,252,280,146
1776768158.158516,20.0,42,-98,106.62082348209472,12.970903100011522,0.021524278342334537,188,366,215,252,280,146
1776768158.21697,20.0,42,-98,106.62082348209472,12.970903100011522,0.021524278342334537,188,366,215,252,280,146
1776768158.2693655,20.0,42,-98,106.62082348209472,12.970903100011522,0.021524278342334537,188,366,215,252,280,146
1776768158.3273087,20.0,42,-98,106.62082348209472,12.970903100011522,0.021524278342334537,188,366,215,252,280,146
1776768158.3841875,20.0,42,-98,106.62082348209472,12.970903100011522,0.021524278342334537,188,366,215,252,280,146
1776768158.4410923,20.0,42,-98,106.62082348209472,12.970903100011522,0.021524278342334537,188,366,215,252,280,146
1776768158.4984412,20.0,42,-98,106.62082348209472,12.970903100011522,0.021524278342334537,188,366,215,252,280,146
1776768158.5562332,20.0,42,-98,106.62082348209472,12.970903100011522,0.021524278342334537,188,366,215,252,280,146
1776768158.6092324,20.0,42,-98,106.62082348209472,12.970903100011522,0.021524278342334537,188,366,215,252,280,146
1776768158.6672122,20.0,42,-98,106.62082348209472,12.970903100011522,0.021524278342334537,188,366,215,252,280,146
1776768158.7242541,20.0,42,-98,106.62082348209472,12.970903100011522,0.021524278342334537,188,366,215,252,280,146
1776768158.7812576,20.0,42,-98,106.62082348209472,12.970903100011522,0.021928898103432553,188,366,215,251,280,146
1776768158.8384163,20.0,42,-98,106.62082348209472,12.970903100011522,0.021928898103432553,188,366,215,251,280,146
1776768158.8957086,20.0,42,-98,106.62082348209472,12.970903100011522,0.021928898103432553,188,366,215,251,280,146
1776768158.9501998,20.0,42,-98,106.62082348209472,12.970903100011522,0.021928898103432553,188,366,215,251,280,146
1776768159.006963,20.0,42,-98,106.62082348209472,12.970903100011522,0.021928898103432553,188,366,215,251,280,146
1776768159.0639,20.0,42,-98,106.62082348209472,12.970903100011522,0.021928898103432553,188,366,215,251,280,146
1776768159.1213007,20.0,42,-98,106.62082348209472,12.970903100011522,0.021928898103432553,188,366,215,251,280,146
1776768159.1791058,20.0,42,-98,106.62082348209472,12.970903100011522,0.021928898103432553,188,366,215,251,280,146
1776768159.2364676,20.0,42,-98,106.62082348209472,12.970903100011522,0.021928898103432553,188,366,215,251,280,146
1776768159.2889872,20.0,42,-98,106.62082348209472,12.970903100011522,0.021928898103432553,188,366,215,251,280,146
1776768159.3467896,20.0,42,-98,106.62082348209472,12.970903100011522,0.021928898103432553,188,366,215,251,280,146
1776768159.4036534,20.0,42,-98,106.62082348209472,12.970903100011522,0.021928898103432553,188,366,215,251,280,146
1776768159.4611638,20.0,42,-98,106.62082348209472,12.970903100011522,0.021928898103432553,188,366,215,251,280,146
1776768159.5186048,20.0,42,-99,107.54068997360952,13.082808999222568,0.02156854555159714,188,366,215,251,280,145
1776768159.5764277,20.0,42,-99,107.54068997360952,13.082808999222568,0.02156854555159714,188,366,215,251,280,145
1776768159.629339,20.0,42,-99,107.54068997360952,13.082808999222568,0.02156854555159714,188,366,215,251,280,145
1776768159.6864908,20.0,42,-99,107.54068997360952,13.082808999222568,0.02156854555159714,188,366,215,251,280,145
1776768159.743698,20.0,42,-99,107.54068997360952,13.082808999222568,0.02156854555159714,188,366,215,251,280,145
1776768159.800995,20.0,42,-99,107.54068997360952,13.082808999222568,0.02156854555159714,188,366,215,251,280,145
1776768159.8585641,20.0,42,-99,107.54068997360952,13.082808999222568,0.02156854555159714,188,366,215,251,280,145
1776768159.9115834,20.0,42,-99,107.54068997360952,13.082808999222568,0.02156854555159714,188,366,215,251,280,145
1776768159.9689603,20.0,42,-99,107.54068997360952,13.082808999222568,0.02156854555159714,188,366,215,251,280,145
1776768160.0263538,20.0,42,-99,107.54068997360952,13.082808999222568,0.02156854555159714,188,366,215,251,280,145
1776768160.0840125,20.0,42,-99,107.54068997360952,13.082808999222568,0.02156854555159714,188,366,215,251,280,145
1776768160.1413596,20.0,42,-99,107.54068997360952,13.082808999222568,0.02156854555159714,188,366,215,251,280,145
1776768160.19869,20.0,42,-99,107.54068997360952,13.082808999222568,0.02156854555159714,188,366,215,251,280,145
1776768160.2520056,20.0,42,-99,107.54068997360952,13.082808999222568,0.02156854555159714,188,366,215,251,280,145
1776768160.3093002,20.0,42,-99,107.54068997360952,13.082808999222568,0.02156854555159714,188,366,215,251,280,145
1776768160.366526,20.0,42,-99,107.54068997360952,13.082808999222568,0.02156854555159714,188,366,215,251,280,145
1776768160.424024,20.0,42,-99,107.54068997360952,13.082808999222568,0.02156854555159714,188,366,215,251,280,145
1776768160.4813874,20.0,42,-99,107.54068997360952,13.082808999222568,0.02156854555159714,188,366,215,251,280,145
1776768160.5384867,20.0,42,-99,107.54068997360952,13.082808999222568,0.021969268194310897,188,366,215,250,280,145
1776768160.5921483,20.0,42,-99,107.54068997360952,13.082808999222568,0.021969268194310897,188,366,215,250,280,145
1776768160.6492817,20.0,42,-99,107.54068997360952,13.082808999222568,0.021969268194310897,188,366,215,250,280,145
1776768160.7067764,20.0,42,-99,107.54068997360952,13.082808999222568,0.021969268194310897,188,366,215,250,280,145
1776768160.7641032,20.0,42,-99,107.54068997360952,13.082808999222568,0.021969268194310897,188,366,215,250,280,145
1776768160.8211298,20.0,42,-100,108.46197490364999,13.194887457864962,0.02161026520360729,188,366,215,250,280,144
1776768160.878549,20.0,42,-100,108.46197490364999,13.194887457864962,0.02161026520360729,188,366,215,250,280,144
1776768160.9320621,20.0,42,-100,108.46197490364999,13.194887457864962,0.02161026520360729,188,366,215,250,280,144
1776768160.9891915,20.0,42,-100,108.46197490364999,13.194887457864962,0.02161026520360729,188,366,215,250,280,144
1776768161.0466053,20.0,42,-100,108.46197490364999,13.194887457864962,0.02161026520360729,188,366,215,250,280,144
1776768161.1039073,20.0,42,-100,108.46197490364999,13.194887457864962,0.02161026520360729,188,366,215,250,280,144
1776768161.1611643,20.0,42,-100,108.46197490364999,13.194887457864962,0.02161026520360729,188,366,215,250,280,144
1776768161.2185209,20.0,42,-100,108.46197490364999,13.194887457864962,0.02161026520360729,188,366,215,250,280,144
1776768161.27191,20.0,42,-100,108.46197490364999,13.194887457864962,0.02161026520360729,188,366,215,250,280,144
1776768161.336494,20.0,42,-100,108.46197490364999,13.194887457864962,0.02161026520360729,188,366,215,250,280,144
1776768161.3864985,20.0,43,-100,108.85311203635843,13.242471050651876,0.022017664537335738,188,366,215,250,281,144
1776768161.443753,20.0,43,-100,108.85311203635843,13.242471050651876,0.022017664537335738,188,366,215,250,281,144
1776768161.5007772,20.0,43,-100,108.85311203635843,13.242471050651876,0.022017664537335738,188,366,215,250,281,144
1776768161.5543506,20.0,43,-100,108.85311203635843,13.242471050651876,0.022017664537335738,188,366,215,250,281,144
