time,pressure_kPa,dx_px,dy_px,tip_disp_px,tip_disp_mm,curvature_1_per_mm,base_x,base_y,mid_x,mid_y,tip_x,tip_y
1776768455.9565468,2.6325342372037746,0,0,0.0,0.0,0.025148341721638767,188,367,216,274,284,179
1776768456.0133677,2.679760271161129,0,0,0.0,0.0,0.025148341721638767,188,367,216,274,284,179
1776768456.0711522,2.7219280813483353,0,0,0.0,0.0,0.025148341721638767,188,367,216,274,284,179
1776768456.1239295,2.7415784244045005,0,0,0.0,0.0,0.025148341721638767,188,367,216,274,284,179
1776768456.1819174,2.775473527321349,0,0,0.0,0.0,0.025148341721638767,188,367,216,274,284,179
1776768456.2393162,2.8976420581964017,0,0,0.0,0.0,0.025148341721638767,188,367,216,274,284,179
1776768456.2977805,3.116292617458921,0,0,0.0,0.0,0.025148341721638767,188,367,216,274,284,179
1776768456.3541389,3.3778877852376725,0,0,0.0,0.0,0.025148341721638767,188,367,216,274,284,179
1776768456.4072256,3.6733663355712993,0,0,0.0,0.0,0.025148341721638767,188,367,216,274,284,179
1776768456.4645836,4.056009900671389,0,0,0.0,0.0,0.025148341721638767,188,367,216,274,284,179
1776768456.5218556,4.814802970201416,0,0,0.0,0.0,0.025148341721638767,188,367,216,274,284,179
1776768456.579213,6.190440891060425,0,0,0.0,0.0,0.025148341721638767,188,367,216,274,284,179
1776768456.635918,7.688132267318126,0,0,0.0,0.0,0.025148341721638767,188,367,216,274,284,179
1776768456.6937218,9.089439680195436,0,0,0.0,0.0,0.025148341721638767,188,367,216,274,284,179
1776768456.7465572,10.363831904058628,0,0,0.0,0.0,0.025148341721638767,188,367,216,274,284,179
1776768456.8044803,11.362149571217582,0,0,0.0,0.0,0.025148341721638767,188,367,216,274,284,179
1776768456.861739,12.095644871365272,0,0,0.0,0.0,0.025148341721638767,188,367,216,274,284,179
1776768456.9184415,12.616693461409582,0,0,0.0,0.0,0.025148341721638767,188,367,216,274,284,179
1776768456.9761388,13.011008038422869,0,0,0.0,0.0,0.025148341721638767,188,367,216,274,284,179
1776768457.0297587,13.269302411526857,0,2,2.0,0.24330900243309,0.025625870595309987,188,367,216,274,284,180
1776768457.087171,13.43779072345806,0,2,2.0,0.24330900243309,0.025625870595309987,188,367,216,274,284,180
1776768457.1440873,13.551337217037414,0,2,2.0,0.24330900243309,0.025625870595309987,188,367,216,274,284,180
1776768457.201906,13.599401165111226,0,2,2.0,0.24330900243309,0.025625870595309987,188,367,216,274,284,180
1776768457.2589192,13.641820349533365,0,2,2.0,0.24330900243309,0.025625870595309987,188,367,216,274,284,180
1776768457.316604,13.703546104860012,0,2,2.0,0.24330900243309,0.025625870595309987,188,367,216,274,284,180
1776768457.3699145,13.729063831458,0,2,2.0,0.24330900243309,0.025625870595309987,188,367,216,274,284,180
1776768457.426716,13.7647191494374,0,2,2.0,0.24330900243309,0.025625870595309987,188,367,216,274,284,180
1776768457.484799,13.782415744831212,0,2,2.0,0.24330900243309,0.025625870595309987,188,367,216,274,284,180
1776768457.541695,13.787724723449358,0,2,2.0,0.24330900243309,0.025625870595309987,188,367,216,274,284,180
1776768457.5989318,13.796317417034803,0,2,2.0,0.24330900243309,0.025625870595309987,188,367,216,274,284,180
1776768457.6523287,13.812895225110434,0,2,2.0,0.24330900243309,0.025625870595309987,188,367,216,274,284,180
1776768457.7098022,13.817868567533125,0,2,2.0,0.24330900243309,0.025625870595309987,188,367,216,274,284,180
1776768457.7670748,13.79836057025993,0,2,2.0,0.24330900243309,0.025625870595309987,188,367,216,274,284,180
1776768457.8242738,13.799508171077974,0,3,3.0,0.36496350364963503,0.026111916552339076,188,367,216,274,284,181
1776768457.88116,13.764852451323392,0,3,3.0,0.36496350364963503,0.026111916552339076,188,367,216,274,284,181
1776768457.939025,13.768455735397012,0,3,3.0,0.36496350364963503,0.026111916552339076,188,367,216,274,284,181
1776768457.992772,13.769536720619099,0,3,3.0,0.36496350364963503,0.025512147798792267,188,367,216,275,284,181
1776768458.0500507,13.790861016185726,0,3,3.0,0.36496350364963503,0.025512147798792267,188,367,216,275,284,181
1776768458.1067576,13.797258304855713,0,3,3.0,0.36496350364963503,0.025512147798792267,188,367,216,275,284,181
1776768458.164492,13.806177491456715,0,3,3.0,0.36496350364963503,0.025512147798792267,188,367,216,275,284,181
1776768458.220981,13.794853247437008,0,3,3.0,0.36496350364963503,0.025512147798792267,188,367,216,275,284,181
1776768458.2748744,13.833455974231097,0,3,3.0,0.36496350364963503,0.025512147798792267,188,367,216,275,284,181
1776768458.3324904,13.838036792269332,0,3,3.0,0.36496350364963503,0.025512147798792267,188,367,216,275,284,181
1776768458.3891335,13.8394110376808,0,3,3.0,0.36496350364963503,0.025512147798792267,188,367,216,275,284,181
1776768458.4467065,13.839823311304244,0,3,3.0,0.36496350364963503,0.025512147798792267,188,367,216,275,284,181
1776768458.5046558,13.832946993391271,0,3,3.0,0.36496350364963503,0.025512147798792267,188,367,216,275,284,181
1776768458.5617206,13.837884098017383,0,3,3.0,0.36496350364963503,0.025512147798792267,188,367,216,275,284,181
1776768458.6150105,13.832365229405212,0,3,3.0,0.36496350364963503,0.025512147798792267,188,367,216,275,284,181
1776768458.672042,13.830709568821561,0,3,3.0,0.36496350364963503,0.025512147798792267,188,367,216,275,284,181
1776768458.7293518,13.837212870646471,0,3,3.0,0.36496350364963503,0.025512147798792267,188,367,216,275,284,181
1776768458.7864797,13.832163861193939,0,3,3.0,0.36496350364963503,0.025512147798792267,188,367,216,275,284,181
1776768458.8436835,13.823649158358176,0,3,3.0,0.36496350364963503,0.025512147798792267,188,367,216,275,284,181
1776768458.8974836,13.835094747507455,0,3,3.0,0.36496350364963503,0.025512147798792267,188,367,216,275,284,181
1776768458.9544446,13.852528424252235,0,3,3.0,0.36496350364963503,0.025512147798792267,188,367,216,275,284,181
1776768459.012428,13.850758527275666,0,3,3.0,0.36496350364963503,0.025512147798792267,188,367,216,275,284,181
1776768459.0703502,13.836227558182696,0,3,3.0,0.36496350364963503,0.025512147798792267,188,367,216,275,284,181
1776768459.1269407,13.810868267454804,0,3,3.0,0.36496350364963503,0.025512147798792267,188,367,216,275,284,181
1776768459.1800194,13.789260480236443,0,3,3.0,0.36496350364963503,0.025512147798792267,188,367,216,275,284,181
1776768459.237541,13.789778144070926,0,3,3.0,0.36496350364963503,0.025512147798792267,188,367,216,275,284,181
1776768459.2949357,13.796933443221274,0,3,3.0,0.36496350364963503,0.025512147798792267,188,367,216,275,284,181
1776768459.352848,13.792080032966375,0,3,3.0,0.36496350364963503,0.025512147798792267,188,367,216,275,284,181
1776768459.4094474,13.81862400988991,0,3,3.0,0.36496350364963503,0.025512147798792267,188,367,216,275,284,181
1776768459.4667535,13.812587202966974,0,3,3.0,0.36496350364963503,0.025512147798792267,188,367,216,275,284,181
1776768459.520028,13.852776160890095,0,3,3.0,0.36496350364963503,0.025512147798792267,188,367,216,275,284,181
1776768459.5770473,13.850832848267023,0,3,3.0,0.36496350364963503,0.025512147798792267,188,367,216,275,284,181
1776768459.6345892,13.8502498544801,0,3,3.0,0.36496350364963503,0.025512147798792267,188,367,216,275,284,181
1776768459.6921566,13.864074956344034,0,3,3.0,0.36496350364963503,0.025512147798792267,188,367,216,275,284,181
1776768459.7494197,13.847222486903213,0,3,3.0,0.36496350364963503,0.025512147798792267,188,367,216,275,284,181
1776768459.802801,13.83516674607096,0,3,3.0,0.36496350364963503,0.025512147798792267,188,367,216,275,284,181
1776768459.8598368,13.831550023821286,0,3,3.0,0.36496350364963503,0.025512147798792267,188,367,216,275,284,181
1776768459.9174592,13.816465007146387,0,3,3.0,0.36496350364963503,0.025512147798792267,188,367,216,275,284,181
1776768459.9750295,13.818939502143909,0,3,3.0,0.36496350364963503,0.025512147798792267,188,367,216,275,284,181
1776768460.0317655,13.826681850643169,0,3,3.0,0.36496350364963503,0.025512147798792267,188,367,216,275,284,181
1776768460.0890682,13.85000455519295,0,3,3.0,0.36496350364963503,0.025512147798792267,188,367,216,275,284,181
1776768460.1422703,13.892001366557881,0,3,3.0,0.36496350364963503,0.025512147798792267,188,367,216,275,284,181
1776768460.1995595,13.869600409967362,0,3,3.0,0.36496350364963503,0.025512147798792267,188,367,216,275,284,181
1776768460.256601,13.862880122990205,-2,3,3.605551275463989,0.43863154202724924,0.02504477763076746,188,367,216,275,283,181
1776768460.3142424,13.839864036897058,-2,3,3.605551275463989,0.43863154202724924,0.02504477763076746,188,367,216,275,283,181
1776768460.3713396,13.853959211069116,-2,3,3.605551275463989,0.43863154202724924,0.02504477763076746,188,367,216,275,283,181
1776768460.4248142,13.844187763320736,-2,3,3.605551275463989,0.43863154202724924,0.02504477763076746,188,367,216,275,283,181
1776768460.4818308,13.841256328996224,-2,3,3.605551275463989,0.43863154202724924,0.02504477763076746,188,367,216,275,283,181
1776768460.5397377,13.854376898698865,-2,3,3.605551275463989,0.43863154202724924,0.02504477763076746,188,367,216,275,283,181
1776768460.5971725,13.865313069609662,-2,3,3.605551275463989,0.43863154202724924,0.02504477763076746,188,367,216,275,283,181
1776768460.6543286,13.882593920882897,-2,3,3.605551275463989,0.43863154202724924,0.02504477763076746,188,367,216,275,283,181
1776768460.7125983,13.880778176264865,-2,3,3.605551275463989,0.43863154202724924,0.02504477763076746,188,367,216,275,283,181
1776768460.7648191,13.873233452879463,-2,3,3.605551275463989,0.43863154202724924,0.026309477907695427,188,367,215,275,283,181
1776768460.822357,13.863970035863836,-2,3,3.605551275463989,0.43863154202724924,0.026309477907695427,188,367,215,275,283,181
1776768460.8799343,13.875191010759146,-2,3,3.605551275463989,0.43863154202724924,0.026309477907695427,188,367,215,275,283,181
1776768460.9371638,13.85755730322774,-2,3,3.605551275463989,0.43863154202724924,0.026309477907695427,188,367,215,275,283,181
1776768460.9951825,13.83826719096832,-2,3,3.605551275463989,0.43863154202724924,0.026309477907695427,188,367,215,275,283,181
1776768461.0478468,13.825480157290489,-2,3,3.605551275463989,0.43863154202724924,0.026309477907695427,188,367,215,275,283,181
1776768461.1047556,13.828644047187144,-2,3,3.605551275463989,0.43863154202724924,0.026309477907695427,188,367,215,275,283,181
1776768461.1620696,13.82959321415614,-2,3,3.605551275463989,0.43863154202724924,0.026309477907695427,188,367,215,275,283,181
1776768461.2203135,13.850877964246841,-2,4,4.47213595499958,0.544055468978051,0.026200929365567064,188,367,215,276,283,182
1776768461.2765493,13.864263389274054,-2,4,4.47213595499958,0.544055468978051,0.026200929365567064,188,367,215,276,283,182
1776768461.3304672,13.875279016782212,-2,4,4.47213595499958,0.544055468978051,0.026200929365567064,188,367,215,276,283,182
1776768461.3876395,13.92058370503466,-2,4,4.47213595499958,0.544055468978051,0.026200929365567064,188,367,215,276,283,182
1776768461.444433,13.934175111510395,-2,4,4.47213595499958,0.544055468978051,0.026200929365567064,188,367,215,276,283,182
1776768461.5023594,13.931252533453112,-2,4,4.47213595499958,0.544055468978051,0.026200929365567064,188,367,215,276,283,182
1776768461.5598495,13.923375760035933,-2,4,4.47213595499958,0.544055468978051,0.026200929365567064,188,367,215,276,283,182
1776768461.6170332,13.907012728010773,-2,4,4.47213595499958,0.544055468978051,0.026200929365567064,188,367,215,276,283,182
1776768461.670719,13.923103818403227,-2,4,4.47213595499958,0.544055468978051,0.026200929365567064,188,367,215,276,283,182
1776768461.7276874,13.920931145520967,-2,4,4.47213595499958,0.544055468978051,0.026200929365567064,188,367,215,276,283,182
1776768461.7846165,13.92027934365629,-2,4,4.47213595499958,0.544055468978051,0.026200929365567064,188,367,215,276,283,182
1776768461.8417447,13.90608380309688,-2,4,4.47213595499958,0.544055468978051,0.026200929365567064,188,367,215,276,283,182
1776768461.9002295,13.90882514092906,-2,4,4.47213595499958,0.544055468978051,0.026200929365567064,188,367,215,276,283,182
1776768461.9530728,13.923647542278712,-2,4,4.47213595499958,0.544055468978051,0.026200929365567064,188,367,215,276,283,182
1776768462.0103414,13.93509426268361,-2,4,4.47213595499958,0.544055468978051,0.026200929365567064,188,367,215,276,283,182
1776768462.0681992,13.93852827880508,-2,4,4.47213595499958,0.544055468978051,0.026200929365567064,188,367,215,276,283,182
1776768462.1245673,13.960558483641522,-2,4,4.47213595499958,0.544055468978051,0.026200929365567064,188,367,215,276,283,182
1776768462.1821926,13.974167545092458,-2,4,4.47213595499958,0.544055468978051,0.026200929365567064,188,367,215,276,283,182
1776768462.2393537,13.957250263527737,-2,4,4.47213595499958,0.544055468978051,0.026200929365567064,188,367,215,276,283,182
1776768462.2931461,13.973175079058322,-2,4,4.47213595499958,0.544055468978051,0.026200929365567064,188,367,215,276,283,182
1776768462.3504698,13.970952523717495,-2,4,4.47213595499958,0.544055468978051,0.026200929365567064,188,367,215,276,283,182
1776768462.4079695,14.005285757115246,-2,4,4.47213595499958,0.544055468978051,0.026200929365567064,188,367,215,276,283,182
1776768462.4642189,14.015585727134571,-2,4,4.47213595499958,0.544055468978051,0.026200929365567064,188,367,215,276,283,182
1776768462.5215619,14.053675718140365,-2,4,4.47213595499958,0.544055468978051,0.026200929365567064,188,367,215,276,283,182
1776768462.5748408,14.05810271544211,-2,4,4.47213595499958,0.544055468978051,0.026200929365567064,188,367,215,276,283,182
1776768462.6322904,14.08743081463263,-2,4,4.47213595499958,0.544055468978051,0.026200929365567064,188,367,215,276,283,182
1776768462.689473,14.08922924438979,-2,4,4.47213595499958,0.544055468978051,0.026200929365567064,188,367,215,276,283,182
1776768462.7468607,14.089768773316937,-2,4,4.47213595499958,0.544055468978051,0.026200929365567064,188,367,215,276,283,182
1776768462.8042352,14.08293063199508,-2,4,4.47213595499958,0.544055468978051,0.026200929365567064,188,367,215,276,283,182
1776768462.8614504,14.073879189598518,-2,4,4.47213595499958,0.544055468978051,0.026200929365567064,188,367,215,276,283,182
1776768462.9147763,14.050163756879549,-2,4,4.47213595499958,0.544055468978051,0.026200929365567064,188,367,215,276,283,182
1776768462.9721513,14.022049127063866,-2,4,4.47213595499958,0.544055468978051,0.026200929365567064,188,367,215,276,283,182
1776768463.0294933,14.041614738119158,-2,4,4.47213595499958,0.544055468978051,0.026200929365567064,188,367,215,276,283,182
1776768463.0867913,14.012484421435747,-2,4,4.47213595499958,0.544055468978051,0.026200929365567064,188,367,215,276,283,182
1776768463.1441176,14.01774532643072,-2,4,4.47213595499958,0.544055468978051,0.026200929365567064,188,367,215,276,283,182
1776768463.197383,14.026323597929217,-2,4,4.47213595499958,0.544055468978051,0.026200929365567064,188,367,215,276,283,182
1776768463.2547631,14.03589707937876,-2,4,4.47213595499958,0.544055468978051,0.026200929365567064,188,367,215,276,283,182
1776768463.3121321,14.045769123813624,-2,4,4.47213595499958,0.544055468978051,0.026200929365567064,188,367,215,276,283,182
1776768463.3695762,14.048730737144083,-2,4,4.47213595499958,0.544055468978051,0.026200929365567064,188,367,215,276,283,182
1776768463.4266722,14.06361922114322,-2,4,4.47213595499958,0.544055468978051,0.026200929365567064,188,367,215,276,283,182
1776768463.4840171,14.082085766342967,-2,4,4.47213595499958,0.544055468978051,0.026200929365567064,188,367,215,276,283,182
1776768463.5373564,14.087625729902891,-2,4,4.47213595499958,0.544055468978051,0.026200929365567064,188,367,215,276,283,182
1776768463.5946963,14.103287718970865,-2,4,4.47213595499958,0.544055468978051,0.026200929365567064,188,367,215,276,283,182
1776768463.6521947,14.121986315691256,-2,4,4.47213595499958,0.544055468978051,0.026200929365567064,188,367,215,276,283,182
1776768463.709343,14.141595894707372,-2,4,4.47213595499958,0.544055468978051,0.026200929365567064,188,367,215,276,283,182
1776768463.7666585,14.161478768412213,-2,4,4.47213595499958,0.544055468978051,0.026200929365567064,188,367,215,276,283,182
1776768463.8201215,14.146443630523663,-2,4,4.47213595499958,0.544055468978051,0.026200929365567064,188,367,215,276,283,182
1776768463.8772888,14.155933089157095,-2,4,4.47213595499958,0.544055468978051,0.026200929365567064,188,367,215,276,283,182
1776768463.934616,14.165779926747128,-2,4,4.47213595499958,0.544055468978051,0.026200929365567064,188,367,215,276,283,182
1776768463.9920096,14.147733978024139,-2,4,4.47213595499958,0.544055468978051,0.026200929365567064,188,367,215,276,283,182
1776768464.0492592,14.135320193407239,-2,4,4.47213595499958,0.544055468978051,0.026200929365567064,188,367,215,276,283,182
1776768464.1066058,14.131596058022168,-2,4,4.47213595499958,0.544055468978051,0.026200929365567064,188,367,215,276,283,182
1776768464.159952,14.130478817406647,-2,4,4.47213595499958,0.544055468978051,0.026200929365567064,188,367,215,276,283,182
1776768464.2174141,14.165143645221988,-2,4,4.47213595499958,0.544055468978051,0.026200929365567064,188,367,215,276,283,182
1776768464.2746322,14.217543093566594,-2,4,4.47213595499958,0.544055468978051,0.026200929365567064,188,367,215,276,283,182
1776768464.332001,14.28226292806998,-2,5,5.385164807134504,0.6551295385808398,0.02669414701923956,188,367,215,276,283,183
1776768464.3892548,14.35067887842099,-2,5,5.385164807134504,0.6551295385808398,0.026086550447757276,188,367,215,277,283,183
1776768464.4426298,14.38520366352629,-2,5,5.385164807134504,0.6551295385808398,0.026086550447757276,188,367,215,277,283,183
1776768464.499904,14.409561099057889,-2,5,5.385164807134504,0.6551295385808398,0.026086550447757276,188,367,215,277,283,183
1776768464.5571811,14.409868329717362,-2,5,5.385164807134504,0.6551295385808398,0.026086550447757276,188,367,215,277,283,183
1776768464.614536,14.402960498915203,-2,5,5.385164807134504,0.6551295385808398,0.026086550447757276,188,367,215,277,283,183
1776768464.6718748,14.421888149674555,-2,5,5.385164807134504,0.6551295385808398,0.026086550447757276,188,367,215,277,283,183
1776768464.7291539,14.434566444902362,-2,5,5.385164807134504,0.6551295385808398,0.026086550447757276,188,367,215,277,283,183
1776768464.7825208,14.438369933470707,-2,5,5.385164807134504,0.6551295385808398,0.02547785359168037,188,367,215,278,283,183
1776768464.8399734,14.446510980041214,-2,5,5.385164807134504,0.6551295385808398,0.02547785359168037,188,367,215,278,283,183
1776768464.8972602,14.448953294012366,-2,5,5.385164807134504,0.6551295385808398,0.02547785359168037,188,367,215,278,283,183
1776768464.9545548,14.442685988203706,-2,5,5.385164807134504,0.6551295385808398,0.02547785359168037,188,367,215,278,283,183
1776768465.011802,14.447805796461115,-2,5,5.385164807134504,0.6551295385808398,0.02547785359168037,188,367,215,278,283,183
1776768465.065146,14.435341738938327,-2,5,5.385164807134504,0.6551295385808398,0.02547785359168037,188,367,215,278,283,183
1776768465.122454,14.452602521681492,-2,5,5.385164807134504,0.6551295385808398,0.02547785359168037,188,367,215,278,283,183
1776768465.1797628,14.43678075650444,-2,5,5.385164807134504,0.6551295385808398,0.02547785359168037,188,367,215,278,283,183
1776768465.2370596,14.425034226951333,-2,5,5.385164807134504,0.6551295385808398,0.02547785359168037,188,367,215,278,283,183
1776768465.294623,14.4215102680854,-2,5,5.385164807134504,0.6551295385808398,0.02547785359168037,188,367,215,278,283,183
1776768465.3520172,14.455453080425617,-2,5,5.385164807134504,0.6551295385808398,0.02547785359168037,188,367,215,278,283,183
1776768465.4051101,14.465635924127682,-2,5,5.385164807134504,0.6551295385808398,0.02547785359168037,188,367,215,278,283,183
1776768465.4624395,14.454690777238305,-2,5,5.385164807134504,0.6551295385808398,0.02547785359168037,188,367,215,278,283,183
1776768465.519773,14.458407233171485,-2,5,5.385164807134504,0.6551295385808398,0.02547785359168037,188,367,215,278,283,183
1776768465.577075,14.473522169951448,-2,5,5.385164807134504,0.6551295385808398,0.02547785359168037,188,367,215,278,283,183
1776768465.6343825,14.464056650985428,-2,5,5.385164807134504,0.6551295385808398,0.02547785359168037,188,367,215,278,283,183
1776768465.6879725,14.454216995295631,-2,5,5.385164807134504,0.6551295385808398,0.02547785359168037,188,367,215,278,283,183
1776768465.7450466,14.451265098588692,-2,5,5.385164807134504,0.6551295385808398,0.02547785359168037,188,367,215,278,283,183
1776768465.8023696,14.443379529576603,-2,5,5.385164807134504,0.6551295385808398,0.02547785359168037,188,367,215,278,283,183
1776768465.859685,14.420013858872977,-2,5,5.385164807134504,0.6551295385808398,0.02547785359168037,188,367,215,278,283,183
1776768465.9170291,14.434004157661889,-2,5,5.385164807134504,0.6551295385808398,0.02547785359168037,188,367,215,278,283,183
1776768465.970331,14.438201247298563,-2,5,5.385164807134504,0.6551295385808398,0.02547785359168037,188,367,215,278,283,183
1776768466.0277164,14.439460374189565,-2,5,5.385164807134504,0.6551295385808398,0.02547785359168037,188,367,215,278,283,183
1776768466.0850234,14.44683811225687,-2,5,5.385164807134504,0.6551295385808398,0.02547785359168037,188,367,215,278,283,183
1776768466.142286,14.463051433677059,-2,5,5.385164807134504,0.6551295385808398,0.02547785359168037,188,367,215,278,283,183
1776768466.1996503,14.460915430103112,-2,5,5.385164807134504,0.6551295385808398,0.02547785359168037,188,367,215,278,283,183
1776768466.2569811,14.502274629030929,-2,5,5.385164807134504,0.6551295385808398,0.02547785359168037,188,367,215,278,283,183
1776768466.3102355,14.514682388709275,-2,5,5.385164807134504,0.6551295385808398,0.02547785359168037,188,367,215,278,283,183
1776768466.3675776,14.525404716612782,-2,5,5.385164807134504,0.6551295385808398,0.02547785359168037,188,367,215,278,283,183
1776768466.424975,14.535621414983828,-2,5,5.385164807134504,0.6551295385808398,0.02547785359168037,188,367,215,278,283,183
1776768466.4822812,14.524686424495144,-2,5,5.385164807134504,0.6551295385808398,0.02547785359168037,188,367,215,278,283,183
1776768466.5396876,14.514405927348546,-2,5,5.385164807134504,0.6551295385808398,0.02547785359168037,188,367,215,278,283,183
1776768466.5929074,14.546321778204565,-2,5,5.385164807134504,0.6551295385808398,0.02547785359168037,188,367,215,278,283,183
1776768466.650467,14.541896533461362,-2,5,5.385164807134504,0.6551295385808398,0.02547785359168037,188,367,215,278,283,183
1776768466.707562,14.561568960038404,-2,5,5.385164807134504,0.6551295385808398,0.02547785359168037,188,367,215,278,283,183
1776768466.7648673,14.588470688011515,-2,5,5.385164807134504,0.6551295385808398,0.02547785359168037,188,367,215,278,283,183
1776768466.8222685,14.603541206403452,-2,5,5.385164807134504,0.6551295385808398,0.02547785359168037,188,367,215,278,283,183
1776768466.8795273,14.615062361921037,-2,5,5.385164807134504,0.6551295385808398,0.02547785359168037,188,367,215,278,283,183
1776768466.9328895,14.618518708576314,-2,5,5.385164807134504,0.6551295385808398,0.02547785359168037,188,367,215,278,283,183
1776768466.9901958,14.64755561257289,-2,5,5.385164807134504,0.6551295385808398,0.02547785359168037,188,367,215,278,283,183
1776768467.0476017,14.656266683771864,-2,5,5.385164807134504,0.6551295385808398,0.02547785359168037,188,367,215,278,283,183
1776768467.1048374,14.651880005131552,-2,5,5.385164807134504,0.6551295385808398,0.02547785359168037,188,367,215,278,283,183
1776768467.162181,14.636564001539462,-2,5,5.385164807134504,0.6551295385808398,0.02547785359168037,188,367,215,278,283,183
1776768467.2156224,14.631969200461835,-2,5,5.385164807134504,0.6551295385808398,0.02547785359168037,188,367,215,278,283,183
1776768467.272795,14.658590760138551,-2,5,5.385164807134504,0.6551295385808398,0.02547785359168037,188,367,215,278,283,183
1776768467.3300798,14.673577228041559,-2,5,5.385164807134504,0.6551295385808398,0.02547785359168037,188,367,215,278,283,183
1776768467.3877156,14.706073168412466,-2,5,5.385164807134504,0.6551295385808398,0.02547785359168037,188,367,215,278,283,183
1776768467.4447103,14.729821950523736,-2,5,5.385164807134504,0.6551295385808398,0.02547785359168037,188,367,215,278,283,183
1776768467.5021706,14.722946585157118,-2,5,5.385164807134504,0.6551295385808398,0.02547785359168037,188,367,215,278,283,183
1776768467.555393,14.706883975547136,-2,5,5.385164807134504,0.6551295385808398,0.02547785359168037,188,367,215,278,283,183
1776768467.6127336,14.723065192664142,-2,6,6.324555320336759,0.7694106229120145,0.025966116578261585,188,367,215,278,283,184
1776768467.6700346,14.713919557799237,-2,6,6.324555320336759,0.7694106229120145,0.025966116578261585,188,367,215,278,283,184
1776768467.7273939,14.732175867339766,-2,6,6.324555320336759,0.7694106229120145,0.025966116578261585,188,367,215,278,283,184
1776768467.7846963,14.758652760201926,-2,6,6.324555320336759,0.7694106229120145,0.025966116578261585,188,367,215,278,283,184
1776768467.8379393,14.773595828060579,-2,6,6.324555320336759,0.7694106229120145,0.025966116578261585,188,367,215,278,283,184
1776768467.8954127,14.785078748418169,-2,6,6.324555320336759,0.7694106229120145,0.025966116578261585,188,367,215,278,283,184
1776768467.952678,14.774523624525447,-2,6,6.324555320336759,0.7694106229120145,0.025966116578261585,188,367,215,278,283,184
1776768468.0100121,14.785357087357628,-2,6,6.324555320336759,0.7694106229120145,0.025966116578261585,188,367,215,278,283,184
1776768468.067424,14.781607126207287,-2,6,6.324555320336759,0.7694106229120145,0.025966116578261585,188,367,215,278,283,184
1776768468.1246858,14.787482137862181,-2,6,6.324555320336759,0.7694106229120145,0.025966116578261585,188,367,215,278,283,184
1776768468.1779885,14.796244641358651,-2,6,6.324555320336759,0.7694106229120145,0.025966116578261585,188,367,215,278,283,184
1776768468.2353394,14.847873392407598,-2,6,6.324555320336759,0.7694106229120145,0.025966116578261585,188,367,215,278,283,184
1776768468.2925916,14.898362017722281,-2,6,6.324555320336759,0.7694106229120145,0.025966116578261585,188,367,215,278,283,184
1776768468.349995,14.934508605316687,-2,6,6.324555320336759,0.7694106229120145,0.025966116578261585,188,367,215,278,283,184
1776768468.407311,14.959352581595006,-2,6,6.324555320336759,0.7694106229120145,0.025966116578261585,188,367,215,278,283,184
1776768468.4606166,14.987805774478502,-2,6,6.324555320336759,0.7694106229120145,0.025966116578261585,188,367,215,278,283,184
1776768468.517917,14.982341732343553,-2,6,6.324555320336759,0.7694106229120145,0.025966116578261585,188,367,215,278,283,184
1776768468.5752535,14.98770251970306,-2,6,6.324555320336759,0.7694106229120145,0.025966116578261585,188,367,215,278,283,184
1776768468.6325788,15.010310755910915,-2,6,6.324555320336759,0.7694106229120145,0.025966116578261585,188,367,215,278,283,184
1776768468.6899242,15.01709322677327,-2,6,6.324555320336759,0.7694106229120145,0.025966116578261585,188,367,215,278,283,184
1776768468.7471855,15.033127968031973,-2,6,6.324555320336759,0.7694106229120145,0.025966116578261585,188,367,215,278,283,184
1776768468.8005674,15.072938390409593,-2,6,6.324555320336759,0.7694106229120145,0.025966116578261585,188,367,215,278,283,184
1776768468.8578987,15.126881517122872,-2,6,6.324555320336759,0.7694106229120145,0.025966116578261585,188,367,215,278,283,184
1776768468.915217,15.178064455136862,-2,6,6.324555320336759,0.7694106229120145,0.025966116578261585,188,367,215,278,283,184
1776768468.9725356,15.228419336541059,-2,6,6.324555320336759,0.7694106229120145,0.025966116578261585,188,367,215,278,283,184
1776768469.0299067,15.257525800962313,-2,6,6.324555320336759,0.7694106229120145,0.025966116578261585,188,367,215,278,283,184
1776768469.0832481,15.294257740288694,-2,6,6.324555320336759,0.7694106229120145,0.025966116578261585,188,367,215,278,283,184
1776768469.140486,15.326277322086609,-2,6,6.324555320336759,0.7694106229120145,0.025966116578261585,188,367,215,278,283,184
1776768469.1978567,15.335883196625984,-2,6,6.324555320336759,0.7694106229120145,0.025966116578261585,188,367,215,278,283,184
1776768469.2554448,15.359764958987796,-2,6,6.324555320336759,0.7694106229120145,0.025966116578261585,188,367,215,278,283,184
1776768469.3124378,15.387929487696333,-2,6,6.324555320336759,0.7694106229120145,0.025966116578261585,188,367,215,278,283,184
1776768469.3697743,15.4103788463089,-2,6,6.324555320336759,0.7694106229120145,0.025966116578261585,188,367,215,278,283,184
1776768469.4231234,15.438113653892671,-2,6,6.324555320336759,0.7694106229120145,0.025966116578261585,188,367,215,278,283,184
1776768469.480455,15.481434096167801,-2,6,6.324555320336759,0.7694106229120145,0.025966116578261585,188,367,215,278,283,184
1776768469.5377839,15.487430228850336,-2,6,6.324555320336759,0.7694106229120145,0.025966116578261585,188,367,215,278,283,184
1776768469.5951443,15.482229068655101,-2,6,6.324555320336759,0.7694106229120145,0.025966116578261585,188,367,215,278,283,184
1776768469.6524875,15.473668720596528,-2,6,6.324555320336759,0.7694106229120145,0.025966116578261585,188,367,215,278,283,184
1776768469.7057474,15.471100616178958,-2,6,6.324555320336759,0.7694106229120145,0.025966116578261585,188,367,215,278,283,184
1776768469.763055,15.491330184853688,-2,6,6.324555320336759,0.7694106229120145,0.025966116578261585,188,367,215,278,283,184
1776768469.82043,15.525399055456099,-2,6,6.324555320336759,0.7694106229120145,0.025966116578261585,188,367,215,278,283,184
1776768469.877728,15.563619716636829,-2,6,6.324555320336759,0.7694106229120145,0.025966116578261585,188,367,215,278,283,184
1776768469.9350574,15.589085914991042,-2,6,6.324555320336759,0.7694106229120145,0.025966116578261585,188,367,215,278,283,184
1776768469.9923272,15.596725774497308,-2,6,6.324555320336759,0.7694106229120145,0.025966116578261585,188,367,215,278,283,184
1776768470.0457067,15.58501773234919,-2,6,6.324555320336759,0.7694106229120145,0.025966116578261585,188,367,215,278,283,184
1776768470.1030436,15.567505319704757,-2,6,6.324555320336759,0.7694106229120145,0.025966116578261585,188,367,215,278,283,184
1776768470.1606019,15.562251595911428,-2,6,6.324555320336759,0.7694106229120145,0.025966116578261585,188,367,215,278,283,184
1776768470.217635,15.539675478773429,-2,6,6.324555320336759,0.7694106229120145,0.025966116578261585,188,367,215,278,283,184
1776768470.2749758,15.567902643632028,-2,6,6.324555320336759,0.7694106229120145,0.025966116578261585,188,367,215,278,283,184
1776768470.3283308,15.569370793089602,-2,6,6.324555320336759,0.7694106229120145,0.025966116578261585,188,367,215,278,283,184
1776768470.3856885,15.57681123792688,-2,6,6.324555320336759,0.7694106229120145,0.025966116578261585,188,367,215,278,283,184
1776768470.443151,15.579043371378063,-2,6,6.324555320336759,0.7694106229120145,0.025966116578261585,188,367,215,278,283,184
1776768470.50028,15.600713011413418,-2,6,6.324555320336759,0.7694106229120145,0.025966116578261585,188,367,215,278,283,184
1776768470.5575676,15.607213903424025,-2,6,6.324555320336759,0.7694106229120145,0.025966116578261585,188,367,215,278,283,184
1776768470.6149096,15.59516417102721,-2,6,6.324555320336759,0.7694106229120145,0.025966116578261585,188,367,215,278,283,184
1776768470.668365,15.605549251308162,-2,6,6.324555320336759,0.7694106229120145,0.025966116578261585,188,367,215,278,283,184
1776768470.7256012,15.636664775392441,-2,6,6.324555320336759,0.7694106229120145,0.025966116578261585,188,367,215,278,283,184
1776768470.7829316,15.645999432617725,-2,6,6.324555320336759,0.7694106229120145,0.025966116578261585,188,367,215,278,283,184
1776768470.840238,15.627799829785321,-2,6,6.324555320336759,0.7694106229120145,0.025966116578261585,188,367,215,278,283,184
1776768470.897524,15.615339948935596,-2,6,6.324555320336759,0.7694106229120145,0.025966116578261585,188,367,215,278,283,184
1776768470.9509575,15.59760198468068,-2,6,6.324555320336759,0.7694106229120145,0.025966116578261585,188,367,215,278,283,184
1776768471.008315,15.592280595404205,-2,6,6.324555320336759,0.7694106229120145,0.027264043595669713,188,367,214,278,283,184
1776768471.065686,15.58368417862126,-2,6,6.324555320336759,0.7694106229120145,0.027264043595669713,188,367,214,278,283,184
1776768471.1228368,15.602105253586377,-2,6,6.324555320336759,0.7694106229120145,0.027264043595669713,188,367,214,278,283,184
1776768471.1802533,15.600631576075909,-2,6,6.324555320336759,0.7694106229120145,0.027264043595669713,188,367,214,278,283,184
1776768471.2335222,15.607189472822771,-3,6,6.708203932499369,0.8160832034670765,0.026802411172834207,188,367,214,278,282,184
1776768471.2908835,15.58815684184683,-3,6,6.708203932499369,0.8160832034670765,0.026802411172834207,188,367,214,278,282,184
1776768471.348233,15.596447052554044,-3,6,6.708203932499369,0.8160832034670765,0.026802411172834207,188,367,214,278,282,184
1776768471.4054692,15.591934115766215,-3,6,6.708203932499369,0.8160832034670765,0.026802411172834207,188,367,214,278,282,184
1776768471.4629927,15.597580234729858,-3,6,6.708203932499369,0.8160832034670765,0.026802411172834207,188,367,214,278,282,184
1776768471.5201569,15.59227407041896,-3,6,6.708203932499369,0.8160832034670765,0.026802411172834207,188,367,214,278,282,184
1776768471.573549,15.61168222112569,-3,6,6.708203932499369,0.8160832034670765,0.026802411172834207,188,367,214,278,282,184
1776768471.6307719,15.610504666337707,-3,6,6.708203932499369,0.8160832034670765,0.026802411172834207,188,367,214,278,282,184
1776768471.6881545,15.596151399901313,-3,6,6.708203932499369,0.8160832034670765,0.026802411172834207,188,367,214,278,282,184
1776768471.74553,15.619845419970389,-3,6,6.708203932499369,0.8160832034670765,0.026802411172834207,188,367,214,278,282,184
1776768471.8028162,15.633953625991117,-3,6,6.708203932499369,0.8160832034670765,0.026802411172834207,188,367,214,278,282,184
1776768471.856079,15.65218608779733,-3,6,6.708203932499369,0.8160832034670765,0.026802411172834207,188,367,214,278,282,184
1776768471.9134328,15.650655826339193,-3,6,6.708203932499369,0.8160832034670765,0.026802411172834207,188,367,214,278,282,184
1776768471.97077,15.636196747901753,-3,6,6.708203932499369,0.8160832034670765,0.026802411172834207,188,367,214,278,282,184
1776768472.0280435,15.63185902437052,-3,6,6.708203932499369,0.8160832034670765,0.026802411172834207,188,367,214,278,282,184
1776768472.0853567,15.644557707311149,-3,6,6.708203932499369,0.8160832034670765,0.026802411172834207,188,367,214,278,282,184
1776768472.1426888,15.648367312193336,-3,6,6.708203932499369,0.8160832034670765,0.026802411172834207,188,367,214,278,282,184
1776768472.196068,15.656510193657997,-3,6,6.708203932499369,0.8160832034670765,0.026802411172834207,188,367,214,278,282,184
1776768472.2534063,15.658953058097396,-3,6,6.708203932499369,0.8160832034670765,0.026802411172834207,188,367,214,278,282,184
1776768472.3106153,15.645685917429219,-3,6,6.708203932499369,0.8160832034670765,0.026802411172834207,188,367,214,278,282,184
1776768472.3680618,15.66970577522876,-3,6,6.708203932499369,0.8160832034670765,0.026802411172834207,188,367,214,278,282,184
1776768472.4254296,15.662911732568624,-3,6,6.708203932499369,0.8160832034670765,0.026802411172834207,188,367,214,278,282,184
1776768472.4786913,15.667873519770588,-3,6,6.708203932499369,0.8160832034670765,0.026802411172834207,188,367,214,278,282,184
1776768472.5359912,15.683362055931173,-3,6,6.708203932499369,0.8160832034670765,0.026802411172834207,188,367,214,278,282,184
1776768472.5932748,15.660008616779344,-3,6,6.708203932499369,0.8160832034670765,0.026802411172834207,188,367,214,278,282,184
1776768472.6506689,15.674002585033797,-3,6,6.708203932499369,0.8160832034670765,0.026802411172834207,188,367,214,278,282,184
1776768472.7079413,15.67120077551014,-3,6,6.708203932499369,0.8160832034670765,0.026802411172834207,188,367,214,278,282,184
1776768472.765458,15.677360232653037,-3,6,6.708203932499369,0.8160832034670765,0.026802411172834207,188,367,214,278,282,184
1776768472.8185997,15.67220806979591,-3,6,6.708203932499369,0.8160832034670765,0.026802411172834207,188,367,214,278,282,184
1776768472.8759344,15.691662420938776,-3,6,6.708203932499369,0.8160832034670765,0.026802411172834207,188,367,214,278,282,184
1776768472.9332063,15.704498726281628,-3,6,6.708203932499369,0.8160832034670765,0.026802411172834207,188,367,214,278,282,184
1776768472.9906015,15.729349617884484,-3,6,6.708203932499369,0.8160832034670765,0.026802411172834207,188,367,214,278,282,184
1776768473.0478895,15.71580488536534,-3,6,6.708203932499369,0.8160832034670765,0.026802411172834207,188,367,214,278,282,184
1776768473.1013186,15.753741465609597,-3,6,6.708203932499369,0.8160832034670765,0.026802411172834207,188,367,214,278,282,184
1776768473.1585665,15.751122439682877,-3,6,6.708203932499369,0.8160832034670765,0.026802411172834207,188,367,214,278,282,184
1776768473.2162573,15.757336731904868,-3,6,6.708203932499369,0.8160832034670765,0.026802411172834207,188,367,214,278,282,184
1776768473.2731924,15.710201019571457,-3,6,6.708203932499369,0.8160832034670765,0.026802411172834207,188,367,214,278,282,184
1776768473.3305204,15.731060305871432,-3,6,6.708203932499369,0.8160832034670765,0.026802411172834207,188,367,214,278,282,184
1776768473.3878446,15.716318091761424,-3,6,6.708203932499369,0.8160832034670765,0.026802411172834207,188,367,214,278,282,184
1776768473.4412951,15.70489542752843,-3,6,6.708203932499369,0.8160832034670765,0.026802411172834207,188,367,214,278,282,184
1776768473.498487,15.722468628258532,-3,7,7.615773105863909,0.9264930785722516,0.02730303877431525,188,367,214,278,282,185
1776768473.5557592,15.741740588477558,-3,7,7.615773105863909,0.9264930785722516,0.02730303877431525,188,367,214,278,282,185
1776768473.6134167,15.796522176543263,-3,7,7.615773105863909,0.9264930785722516,0.02730303877431525,188,367,214,278,282,185
1776768473.6704774,15.903956652962979,-3,7,7.615773105863909,0.9264930785722516,0.02730303877431525,188,367,214,278,282,185
1776768473.723835,16.230186995888896,-3,7,7.615773105863909,0.9264930785722516,0.02730303877431525,188,367,214,278,282,185
1776768473.7812052,16.69205609876667,-3,7,7.615773105863909,0.9264930785722516,0.02730303877431525,188,367,214,278,282,185
1776768473.8384635,17.31361682963,-3,7,7.615773105863909,0.9264930785722516,0.02730303877431525,188,367,214,278,282,185
1776768473.8960137,17.997085048888994,-3,7,7.615773105863909,0.9264930785722516,0.02730303877431525,188,367,214,278,282,185
1776768473.9530857,18.706125514666702,-3,7,7.615773105863909,0.9264930785722516,0.02730303877431525,188,367,214,278,282,185
1776768474.0103989,19.32483765440001,-3,7,7.615773105863909,0.9264930785722516,0.02730303877431525,188,367,214,278,282,185
1776768474.0637007,19.783451296320006,-3,7,7.615773105863909,0.9264930785722516,0.026687553302369438,188,367,214,279,282,185
1776768474.1210642,19.935035388896,-3,8,8.54400374531753,1.0394165140288965,0.027190146903220563,188,367,214,279,282,186
1776768474.178365,19.980510616668802,-3,8,8.54400374531753,1.0394165140288965,0.027190146903220563,188,367,214,279,282,186
1776768474.235738,19.99415318500064,-3,8,8.54400374531753,1.0394165140288965,0.027190146903220563,188,367,214,279,282,186
1776768474.293025,19.99824595550019,-3,8,8.54400374531753,1.0394165140288965,0.027190146903220563,188,367,214,279,282,186
1776768474.346333,19.999473786650057,-3,8,8.54400374531753,1.0394165140288965,0.027190146903220563,188,367,214,279,282,186
1776768474.4036195,19.999842135995017,-3,8,8.54400374531753,1.0394165140288965,0.027190146903220563,188,367,214,279,282,186
1776768474.4610624,19.999952640798504,-3,8,8.54400374531753,1.0394165140288965,0.027190146903220563,188,367,214,279,282,186
1776768474.51834,19.99998579223955,-3,8,8.54400374531753,1.0394165140288965,0.027190146903220563,188,367,214,279,282,186
1776768474.5756652,19.999995737671863,-3,8,8.54400374531753,1.0394165140288965,0.027190146903220563,188,367,214,279,282,186
1776768474.6329753,19.99999872130156,-3,8,8.54400374531753,1.0394165140288965,0.027190146903220563,188,367,214,279,282,186
1776768474.6863074,19.99999961639047,-3,8,8.54400374531753,1.0394165140288965,0.027190146903220563,188,367,214,279,282,186
1776768474.743617,19.99999988491714,-3,8,8.54400374531753,1.0394165140288965,0.027190146903220563,188,367,214,279,282,186
1776768474.800891,19.99999996547514,-3,8,8.54400374531753,1.0394165140288965,0.027190146903220563,188,367,214,279,282,186
1776768474.8583035,19.999999989642543,-3,8,8.54400374531753,1.0394165140288965,0.027190146903220563,188,367,214,279,282,186
1776768474.915616,19.99999999689276,-3,8,8.54400374531753,1.0394165140288965,0.027190146903220563,188,367,214,279,282,186
1776768474.968891,19.99999999906783,-3,8,8.54400374531753,1.0394165140288965,0.027190146903220563,188,367,214,279,282,186
1776768475.0262158,19.999999999720348,-3,8,8.54400374531753,1.0394165140288965,0.027190146903220563,188,367,214,279,282,186
1776768475.0839648,19.999999999916106,-3,8,8.54400374531753,1.0394165140288965,0.027190146903220563,188,367,214,279,282,186
1776768475.1409445,19.999999999974833,-3,8,8.54400374531753,1.0394165140288965,0.027190146903220563,188,367,214,279,282,186
1776768475.1982305,19.99999999999245,-3,8,8.54400374531753,1.0394165140288965,0.027190146903220563,188,367,214,279,282,186
1776768475.2515233,19.999999999997733,-3,8,8.54400374531753,1.0394165140288965,0.027190146903220563,188,367,214,279,282,186
1776768475.308961,19.999999999999318,-3,8,8.54400374531753,1.0394165140288965,0.027190146903220563,188,367,214,279,282,186
1776768475.36621,19.999999999999794,-3,8,8.54400374531753,1.0394165140288965,0.027190146903220563,188,367,214,279,282,186
1776768475.4235163,19.999999999999936,-3,8,8.54400374531753,1.0394165140288965,0.027190146903220563,188,367,214,279,282,186
1776768475.4809365,19.99999999999998,-3,8,8.54400374531753,1.0394165140288965,0.027190146903220563,188,367,214,279,282,186
1776768475.5381792,19.999999999999993,-3,8,8.54400374531753,1.0394165140288965,0.027190146903220563,188,367,214,279,282,186
1776768475.5915082,19.999999999999996,-3,8,8.54400374531753,1.0394165140288965,0.027190146903220563,188,367,214,279,282,186
1776768475.6488602,20.0,-4,8,8.94427190999916,1.088110937956102,0.02671517977920978,188,367,214,279,281,186
1776768475.706255,20.0,-4,8,8.94427190999916,1.088110937956102,0.02671517977920978,188,367,214,279,281,186
1776768475.7634377,20.0,-4,8,8.94427190999916,1.088110937956102,0.02671517977920978,188,367,214,279,281,186
1776768475.8207884,20.0,-4,8,8.94427190999916,1.088110937956102,0.02671517977920978,188,367,214,279,281,186
1776768475.874128,20.0,-4,8,8.94427190999916,1.088110937956102,0.02671517977920978,188,367,214,279,281,186
1776768475.931583,20.0,-4,8,8.94427190999916,1.088110937956102,0.02671517977920978,188,367,214,279,281,186
1776768475.9887772,20.0,-4,8,8.94427190999916,1.088110937956102,0.02671517977920978,188,367,214,279,281,186
1776768476.0461802,20.0,-4,8,8.94427190999916,1.088110937956102,0.02671517977920978,188,367,214,279,281,186
1776768476.1033957,20.0,-4,8,8.94427190999916,1.088110937956102,0.02671517977920978,188,367,214,279,281,186
1776768476.160762,20.0,-4,8,8.94427190999916,1.088110937956102,0.02671517977920978,188,367,214,279,281,186
1776768476.21402,20.0,-4,8,8.94427190999916,1.088110937956102,0.02671517977920978,188,367,214,279,281,186
1776768476.2714338,20.0,-4,8,8.94427190999916,1.088110937956102,0.02671517977920978,188,367,214,279,281,186
1776768476.3286862,20.0,-4,8,8.94427190999916,1.088110937956102,0.02671517977920978,188,367,214,279,281,186
1776768476.3860188,20.0,-4,8,8.94427190999916,1.088110937956102,0.02671517977920978,188,367,214,279,281,186
1776768476.4433918,20.0,-4,8,8.94427190999916,1.088110937956102,0.02671517977920978,188,367,214,279,281,186
1776768476.4966085,20.0,-4,8,8.94427190999916,1.088110937956102,0.02671517977920978,188,367,214,279,281,186
1776768476.553977,20.0,-4,8,8.94427190999916,1.088110937956102,0.02671517977920978,188,367,214,279,281,186
1776768476.6113572,20.0,-4,8,8.94427190999916,1.088110937956102,0.02671517977920978,188,367,214,279,281,186
1776768476.6686585,20.0,-4,8,8.94427190999916,1.088110937956102,0.02671517977920978,188,367,214,279,281,186
1776768476.72599,20.0,-4,8,8.94427190999916,1.088110937956102,0.02671517977920978,188,367,214,279,281,186
1776768476.7832935,20.0,-4,8,8.94427190999916,1.088110937956102,0.02671517977920978,188,367,214,279,281,186
1776768476.8366127,20.0,-4,8,8.94427190999916,1.088110937956102,0.02671517977920978,188,367,214,279,281,186
1776768476.893982,20.0,-4,8,8.94427190999916,1.088110937956102,0.02671517977920978,188,367,214,279,281,186
1776768476.951267,20.0,-4,8,8.94427190999916,1.088110937956102,0.02671517977920978,188,367,214,279,281,186
1776768477.0085738,20.0,-4,8,8.94427190999916,1.088110937956102,0.02671517977920978,188,367,214,279,281,186
1776768477.0659368,20.0,-4,8,8.94427190999916,1.088110937956102,0.02671517977920978,188,367,214,279,281,186
1776768477.1193244,20.0,-4,8,8.94427190999916,1.088110937956102,0.02671517977920978,188,367,214,279,281,186
1776768477.1765761,20.0,-4,8,8.94427190999916,1.088110937956102,0.02671517977920978,188,367,214,279,281,186
1776768477.2339344,20.0,-4,9,9.848857801796104,1.198157883430183,0.027225344968531247,188,367,214,279,281,187
1776768477.2914276,20.0,-4,9,9.848857801796104,1.198157883430183,0.027225344968531247,188,367,214,279,281,187
1776768477.3485427,20.0,-4,9,9.848857801796104,1.198157883430183,0.027225344968531247,188,367,214,279,281,187
1776768477.4058776,20.0,-4,9,9.848857801796104,1.198157883430183,0.027225344968531247,188,367,214,279,281,187
1776768477.4591978,20.0,-4,9,9.848857801796104,1.198157883430183,0.027225344968531247,188,367,214,279,281,187
1776768477.51652,20.0,-4,9,9.848857801796104,1.198157883430183,0.027225344968531247,188,367,214,279,281,187
1776768477.5737946,20.0,-4,9,9.848857801796104,1.198157883430183,0.027225344968531247,188,367,214,279,281,187
1776768477.631217,20.0,-4,9,9.848857801796104,1.198157883430183,0.027225344968531247,188,367,214,279,281,187
1776768477.6884928,20.0,-4,9,9.848857801796104,1.198157883430183,0.027225344968531247,188,367,214,279,281,187
1776768477.7419512,20.0,-4,9,9.848857801796104,1.198157883430183,0.027225344968531247,188,367,214,279,281,187
1776768477.799326,20.0,-4,9,9.848857801796104,1.198157883430183,0.027225344968531247,188,367,214,279,281,187
1776768477.856523,20.0,-4,9,9.848857801796104,1.198157883430183,0.027225344968531247,188,367,214,279,281,187
1776768477.9139683,20.0,-4,9,9.848857801796104,1.198157883430183,0.027225344968531247,188,367,214,279,281,187
1776768477.9711192,20.0,-4,9,9.848857801796104,1.198157883430183,0.027225344968531247,188,367,214,279,281,187
1776768478.0284626,20.0,-4,9,9.848857801796104,1.198157883430183,0.027225344968531247,188,367,214,279,281,187
1776768478.081799,20.0,-4,9,9.848857801796104,1.198157883430183,0.027225344968531247,188,367,214,279,281,187
1776768478.139032,20.0,-4,9,9.848857801796104,1.198157883430183,0.027225344968531247,188,367,214,279,281,187
1776768478.196391,20.0,-4,9,9.848857801796104,1.198157883430183,0.027225344968531247,188,367,214,279,281,187
1776768478.2537818,20.0,-4,9,9.848857801796104,1.198157883430183,0.027225344968531247,188,367,214,279,281,187
1776768478.311193,20.0,-4,9,9.848857801796104,1.198157883430183,0.027225344968531247,188,367,214,279,281,187
1776768478.3644307,20.0,-4,9,9.848857801796104,1.198157883430183,0.027225344968531247,188,367,214,279,281,187
1776768478.4217427,20.0,-4,9,9.848857801796104,1.198157883430183,0.027225344968531247,188,367,214,279,281,187
1776768478.4790704,20.0,-4,9,9.848857801796104,1.198157883430183,0.027225344968531247,188,367,214,279,281,187
1776768478.5363753,20.0,-4,9,9.848857801796104,1.198157883430183,0.027225344968531247,188,367,214,279,281,187
1776768478.5936806,20.0,-4,9,9.848857801796104,1.198157883430183,0.027225344968531247,188,367,214,279,281,187
1776768478.6509473,20.0,-4,9,9.848857801796104,1.198157883430183,0.027225344968531247,188,367,214,279,281,187
1776768478.7043545,20.0,-4,9,9.848857801796104,1.198157883430183,0.027225344968531247,188,367,214,279,281,187
1776768478.7617836,20.0,-4,9,9.848857801796104,1.198157883430183,0.027225344968531247,188,367,214,279,281,187
1776768478.81894,20.0,-4,9,9.848857801796104,1.198157883430183,0.027225344968531247,188,367,214,279,281,187
1776768478.8763177,20.0,-4,9,9.848857801796104,1.198157883430183,0.027225344968531247,188,367,214,279,281,187
1776768478.933655,20.0,-4,9,9.848857801796104,1.198157883430183,0.027225344968531247,188,367,214,279,281,187
1776768478.9873884,20.0,-4,9,9.848857801796104,1.198157883430183,0.027225344968531247,188,367,214,279,281,187
1776768479.0442023,20.0,-4,9,9.848857801796104,1.198157883430183,0.027225344968531247,188,367,214,279,281,187
1776768479.1016552,20.0,-4,9,9.848857801796104,1.198157883430183,0.027225344968531247,188,367,214,279,281,187
1776768479.158912,20.0,-4,9,9.848857801796104,1.198157883430183,0.027225344968531247,188,367,214,279,281,187
1776768479.21627,20.0,-4,9,9.848857801796104,1.198157883430183,0.027225344968531247,188,367,214,279,281,187
1776768479.2736473,20.0,-4,9,9.848857801796104,1.198157883430183,0.027225344968531247,188,367,214,279,281,187
1776768479.3269713,20.0,-4,9,9.848857801796104,1.198157883430183,0.02659330306940982,188,367,214,280,281,187
1776768479.3842483,20.0,-4,9,9.848857801796104,1.198157883430183,0.02659330306940982,188,367,214,280,281,187
1776768479.441528,20.0,-4,9,9.848857801796104,1.198157883430183,0.02659330306940982,188,367,214,280,281,187
1776768479.4991434,20.0,-4,9,9.848857801796104,1.198157883430183,0.02659330306940982,188,367,214,280,281,187
1776768479.5561745,20.0,-4,9,9.848857801796104,1.198157883430183,0.02659330306940982,188,367,214,280,281,187
1776768479.6096454,20.0,-4,9,9.848857801796104,1.198157883430183,0.02659330306940982,188,367,214,280,281,187
1776768479.6668785,20.0,-4,9,9.848857801796104,1.198157883430183,0.02659330306940982,188,367,214,280,281,187
1776768479.7242517,20.0,-4,9,9.848857801796104,1.198157883430183,0.02659330306940982,188,367,214,280,281,187
1776768479.7815094,20.0,-4,9,9.848857801796104,1.198157883430183,0.02659330306940982,188,367,214,280,281,187
1776768479.8387585,20.0,-4,9,9.848857801796104,1.198157883430183,0.02659330306940982,188,367,214,280,281,187
1776768479.8920972,20.0,-4,9,9.848857801796104,1.198157883430183,0.02659330306940982,188,367,214,280,281,187
1776768479.949442,20.0,-4,9,9.848857801796104,1.198157883430183,0.02659330306940982,188,367,214,280,281,187
1776768480.0067277,20.0,-4,9,9.848857801796104,1.198157883430183,0.02659330306940982,188,367,214,280,281,187
1776768480.0641673,20.0,-4,9,9.848857801796104,1.198157883430183,0.02659330306940982,188,367,214,280,281,187
1776768480.121477,20.0,-4,9,9.848857801796104,1.198157883430183,0.02659330306940982,188,367,214,280,281,187
1776768480.1787338,20.0,-4,9,9.848857801796104,1.198157883430183,0.02659330306940982,188,367,214,280,281,187
1776768480.232233,20.0,-4,9,9.848857801796104,1.198157883430183,0.02659330306940982,188,367,214,280,281,187
1776768480.2895045,20.0,-4,9,9.848857801796104,1.198157883430183,0.02659330306940982,188,367,214,280,281,187
1776768480.3467772,20.0,-4,9,9.848857801796104,1.198157883430183,0.02659330306940982,188,367,214,280,281,187
1776768480.4041545,20.0,-4,9,9.848857801796104,1.198157883430183,0.02659330306940982,188,367,214,280,281,187
1776768480.4613888,20.0,-4,9,9.848857801796104,1.198157883430183,0.02659330306940982,188,367,214,280,281,187
1776768480.5147018,20.0,-4,9,9.848857801796104,1.198157883430183,0.02659330306940982,188,367,214,280,281,187
1776768480.5720947,20.0,-4,9,9.848857801796104,1.198157883430183,0.02659330306940982,188,367,214,280,281,187
1776768480.629438,20.0,-4,9,9.848857801796104,1.198157883430183,0.02659330306940982,188,367,214,280,281,187
1776768480.6866975,20.0,-4,9,9.848857801796104,1.198157883430183,0.02659330306940982,188,367,214,280,281,187
1776768480.743999,20.0,-4,9,9.848857801796104,1.198157883430183,0.02659330306940982,188,367,214,280,281,187
1776768480.8013582,20.0,-4,9,9.848857801796104,1.198157883430183,0.02659330306940982,188,367,214,280,281,187
1776768480.8547668,20.0,-4,9,9.848857801796104,1.198157883430183,0.02659330306940982,188,367,214,280,281,187
1776768480.912006,20.0,-4,9,9.848857801796104,1.198157883430183,0.02659330306940982,188,367,214,280,281,187
1776768480.9693208,20.0,-4,9,9.848857801796104,1.198157883430183,0.02659330306940982,188,367,214,280,281,187
1776768481.0267007,20.0,-4,9,9.848857801796104,1.198157883430183,0.02659330306940982,188,367,214,280,281,187
1776768481.083972,20.0,-4,9,9.848857801796104,1.198157883430183,0.02659330306940982,188,367,214,280,281,187
1776768481.1373353,20.0,-4,9,9.848857801796104,1.198157883430183,0.02659330306940982,188,367,214,280,281,187
1776768481.194704,20.0,-4,9,9.848857801796104,1.198157883430183,0.02659330306940982,188,367,214,280,281,187
1776768481.251928,20.0,-4,9,9.848857801796104,1.198157883430183,0.02659330306940982,188,367,214,280,281,187
1776768481.3092995,20.0,-4,9,9.848857801796104,1.198157883430183,0.02659330306940982,188,367,214,280,281,187
1776768481.3665533,20.0,-4,9,9.848857801796104,1.198157883430183,0.02659330306940982,188,367,214,280,281,187
1776768481.4238868,20.0,-4,9,9.848857801796104,1.198157883430183,0.02659330306940982,188,367,214,280,281,187
1776768481.4773738,20.0,-4,9,9.848857801796104,1.198157883430183,0.02659330306940982,188,367,214,280,281,187
1776768481.5345316,20.0,-4,9,9.848857801796104,1.198157883430183,0.02659330306940982,188,367,214,280,281,187
1776768481.592007,20.0,-4,9,9.848857801796104,1.198157883430183,0.02659330306940982,188,367,214,280,281,187
1776768481.6491823,20.0,-4,9,9.848857801796104,1.198157883430183,0.02659330306940982,188,367,214,280,281,187
1776768481.706811,20.0,-4,9,9.848857801796104,1.198157883430183,0.02659330306940982,188,367,214,280,281,187
1776768481.7597976,20.0,-4,9,9.848857801796104,1.198157883430183,0.02659330306940982,188,367,214,280,281,187
1776768481.8172114,20.0,-4,9,9.848857801796104,1.198157883430183,0.02659330306940982,188,367,214,280,281,187
1776768481.874477,20.0,-4,9,9.848857801796104,1.198157883430183,0.02659330306940982,188,367,214,280,281,187
1776768481.9321284,20.0,-4,9,9.848857801796104,1.198157883430183,0.02659330306940982,188,367,214,280,281,187
1776768481.98912,20.0,-4,9,9.848857801796104,1.198157883430183,0.02659330306940982,188,367,214,280,281,187
1776768482.046522,20.0,-4,9,9.848857801796104,1.198157883430183,0.02659330306940982,188,367,214,280,281,187
1776768482.0999002,20.0,-4,9,9.848857801796104,1.198157883430183,0.02659330306940982,188,367,214,280,281,187
1776768482.1571345,20.0,-4,9,9.848857801796104,1.198157883430183,0.02659330306940982,188,367,214,280,281,187
1776768482.214459,20.0,-4,9,9.848857801796104,1.198157883430183,0.02659330306940982,188,367,214,280,281,187
1776768482.2718136,20.0,-4,9,9.848857801796104,1.198157883430183,0.02659330306940982,188,367,214,280,281,187
1776768482.3291054,20.0,-4,9,9.848857801796104,1.198157883430183,0.02659330306940982,188,367,214,280,281,187
1776768482.382442,20.0,-4,9,9.848857801796104,1.198157883430183,0.02659330306940982,188,367,214,280,281,187
1776768482.4397025,20.0,-4,10,10.770329614269007,1.3102590771616796,0.02710547283696758,188,367,214,280,281,188
1776768482.4971855,20.0,-4,10,10.770329614269007,1.3102590771616796,0.02710547283696758,188,367,214,280,281,188
1776768482.5543973,20.0,-4,10,10.770329614269007,1.3102590771616796,0.02710547283696758,188,367,214,280,281,188
1776768482.6117036,20.0,-4,10,10.770329614269007,1.3102590771616796,0.02710547283696758,188,367,214,280,281,188
1776768482.6691058,20.0,-4,10,10.770329614269007,1.3102590771616796,0.02710547283696758,188,367,214,280,281,188
1776768482.7223651,20.0,-4,10,10.770329614269007,1.3102590771616796,0.02710547283696758,188,367,214,280,281,188
1776768482.779701,20.0,-4,10,10.770329614269007,1.3102590771616796,0.02710547283696758,188,367,214,280,281,188
1776768482.8370016,20.0,-4,10,10.770329614269007,1.3102590771616796,0.02710547283696758,188,367,214,280,281,188
1776768482.8944187,20.0,-4,10,10.770329614269007,1.3102590771616796,0.02710547283696758,188,367,214,280,281,188
1776768482.9515932,20.0,-4,10,10.770329614269007,1.3102590771616796,0.02710547283696758,188,367,214,280,281,188
1776768483.005055,20.0,-4,10,10.770329614269007,1.3102590771616796,0.02710547283696758,188,367,214,280,281,188
1776768483.0623035,20.0,-4,10,10.770329614269007,1.3102590771616796,0.02710547283696758,188,367,214,280,281,188
1776768483.119621,20.0,-4,10,10.770329614269007,1.3102590771616796,0.02710547283696758,188,367,214,280,281,188
1776768483.1769583,20.0,-4,10,10.770329614269007,1.3102590771616796,0.02710547283696758,188,367,214,280,281,188
1776768483.2342665,20.0,-4,10,10.770329614269007,1.3102590771616796,0.02710547283696758,188,367,214,280,281,188
1776768483.2916052,20.0,-4,10,10.770329614269007,1.3102590771616796,0.02710547283696758,188,367,214,280,281,188
1776768483.3449419,20.0,-4,10,10.770329614269007,1.3102590771616796,0.02710547283696758,188,367,214,280,281,188
1776768483.4022872,20.0,-4,10,10.770329614269007,1.3102590771616796,0.02710547283696758,188,367,214,280,281,188
1776768483.4595501,20.0,-4,10,10.770329614269007,1.3102590771616796,0.02710547283696758,188,367,214,280,281,188
1776768483.517037,20.0,-4,10,10.770329614269007,1.3102590771616796,0.02710547283696758,188,367,214,280,281,188
1776768483.5742116,20.0,-4,10,10.770329614269007,1.3102590771616796,0.02710547283696758,188,367,214,280,281,188
1776768483.6277113,20.0,-4,10,10.770329614269007,1.3102590771616796,0.02710547283696758,188,367,214,280,281,188
1776768483.6848705,20.0,-4,10,10.770329614269007,1.3102590771616796,0.02710547283696758,188,367,214,280,281,188
1776768483.742261,20.0,-4,10,10.770329614269007,1.3102590771616796,0.02710547283696758,188,367,214,280,281,188
1776768483.799503,20.0,-4,10,10.770329614269007,1.3102590771616796,0.02710547283696758,188,367,214,280,281,188
1776768483.8567894,20.0,-4,10,10.770329614269007,1.3102590771616796,0.02710547283696758,188,367,214,280,281,188
1776768483.9141612,20.0,-4,10,10.770329614269007,1.3102590771616796,0.02710547283696758,188,367,214,280,281,188
1776768483.9674652,20.0,-4,10,10.770329614269007,1.3102590771616796,0.02710547283696758,188,367,214,280,281,188
1776768484.0247867,20.0,-4,10,10.770329614269007,1.3102590771616796,0.02710547283696758,188,367,214,280,281,188
1776768484.0821595,20.0,-4,10,10.770329614269007,1.3102590771616796,0.02710547283696758,188,367,214,280,281,188
1776768484.139452,20.0,-4,10,10.770329614269007,1.3102590771616796,0.02710547283696758,188,367,214,280,281,188
1776768484.1967454,20.0,-4,10,10.770329614269007,1.3102590771616796,0.02710547283696758,188,367,214,280,281,188
1776768484.2501574,20.0,-4,10,10.770329614269007,1.3102590771616796,0.02710547283696758,188,367,214,280,281,188
1776768484.30744,20.0,-4,10,10.770329614269007,1.3102590771616796,0.02710547283696758,188,367,214,280,281,188
1776768484.3648107,20.0,-4,10,10.770329614269007,1.3102590771616796,0.02710547283696758,188,367,214,280,281,188
1776768484.422115,20.0,-4,10,10.770329614269007,1.3102590771616796,0.02710547283696758,188,367,214,280,281,188
1776768484.4794176,20.0,-4,10,10.770329614269007,1.3102590771616796,0.02710547283696758,188,367,214,280,281,188
1776768484.5368204,20.0,-4,10,10.770329614269007,1.3102590771616796,0.02710547283696758,188,367,214,280,281,188
1776768484.590209,20.0,-4,10,10.770329614269007,1.3102590771616796,0.02710547283696758,188,367,214,280,281,188
1776768484.6473935,20.0,-4,10,10.770329614269007,1.3102590771616796,0.02710547283696758,188,367,214,280,281,188
1776768484.7047532,20.0,-4,10,10.770329614269007,1.3102590771616796,0.02710547283696758,188,367,214,280,281,188
1776768484.7621102,20.0,-4,10,10.770329614269007,1.3102590771616796,0.02710547283696758,188,367,214,280,281,188
1776768484.8193192,20.0,-4,10,10.770329614269007,1.3102590771616796,0.02710547283696758,188,367,214,280,281,188
1776768484.8726997,20.0,-4,10,10.770329614269007,1.3102590771616796,0.02710547283696758,188,367,214,280,281,188
1776768484.9347715,20.0,-4,10,10.770329614269007,1.3102590771616796,0.02710547283696758,188,367,214,280,281,188
1776768484.9873145,20.0,-4,10,10.770329614269007,1.3102590771616796,0.02710547283696758,188,367,214,280,281,188
1776768485.0446906,20.0,-4,10,10.770329614269007,1.3102590771616796,0.02710547283696758,188,367,214,280,281,188
1776768485.1020162,20.0,-4,10,10.770329614269007,1.3102590771616796,0.02710547283696758,188,367,214,280,281,188
1776768485.15533,20.0,-4,10,10.770329614269007,1.3102590771616796,0.02710547283696758,188,367,214,280,281,188
1776768485.2126524,20.0,-4,10,10.770329614269007,1.3102590771616796,0.02710547283696758,188,367,214,280,281,188
1776768485.2699504,20.0,-4,10,10.770329614269007,1.3102590771616796,0.02710547283696758,188,367,214,280,281,188
1776768485.3272727,20.0,-4,10,10.770329614269007,1.3102590771616796,0.02710547283696758,188,367,214,280,281,188
1776768485.3846493,20.0,-4,10,10.770329614269007,1.3102590771616796,0.02710547283696758,188,367,214,280,281,188
1776768485.441894,20.0,-4,10,10.770329614269007,1.3102590771616796,0.02710547283696758,188,367,214,280,281,188
1776768485.4952471,20.0,-4,10,10.770329614269007,1.3102590771616796,0.02710547283696758,188,367,214,280,281,188
1776768485.5526197,20.0,-4,10,10.770329614269007,1.3102590771616796,0.02710547283696758,188,367,214,280,281,188
1776768485.6099007,20.0,-4,10,10.770329614269007,1.3102590771616796,0.02710547283696758,188,367,214,280,281,188
1776768485.6672702,20.0,-4,10,10.770329614269007,1.3102590771616796,0.02710547283696758,188,367,214,280,281,188
1776768485.7246668,20.0,-4,10,10.770329614269007,1.3102590771616796,0.02710547283696758,188,367,214,280,281,188
1776768485.7778065,20.0,-4,11,11.704699910719626,1.4239294295279348,0.027626970436037325,188,367,214,280,281,189
1776768485.8352587,20.0,-4,11,11.704699910719626,1.4239294295279348,0.027626970436037325,188,367,214,280,281,189
1776768485.8929765,20.0,-4,11,11.704699910719626,1.4239294295279348,0.027626970436037325,188,367,214,280,281,189
1776768485.9498458,20.0,-4,11,11.704699910719626,1.4239294295279348,0.027626970436037325,188,367,214,280,281,189
1776768486.0072393,20.0,-4,11,11.704699910719626,1.4239294295279348,0.027626970436037325,188,367,214,280,281,189
1776768486.064444,20.0,-4,11,11.704699910719626,1.4239294295279348,0.027626970436037325,188,367,214,280,281,189
1776768486.1178749,20.0,-4,11,11.704699910719626,1.4239294295279348,0.027626970436037325,188,367,214,280,281,189
1776768486.1751761,20.0,-4,11,11.704699910719626,1.4239294295279348,0.027626970436037325,188,367,214,280,281,189
1776768486.2324827,20.0,-4,11,11.704699910719626,1.4239294295279348,0.027626970436037325,188,367,214,280,281,189
1776768486.2898278,20.0,-4,11,11.704699910719626,1.4239294295279348,0.027626970436037325,188,367,214,280,281,189
1776768486.3471842,20.0,-4,11,11.704699910719626,1.4239294295279348,0.027626970436037325,188,367,214,280,281,189
1776768486.4005609,20.0,-4,11,11.704699910719626,1.4239294295279348,0.027626970436037325,188,367,214,280,281,189
1776768486.4578173,20.0,-4,11,11.704699910719626,1.4239294295279348,0.027626970436037325,188,367,214,280,281,189
1776768486.5153794,20.0,-4,11,11.704699910719626,1.4239294295279348,0.027626970436037325,188,367,214,280,281,189
1776768486.5727334,20.0,-4,11,11.704699910719626,1.4239294295279348,0.027626970436037325,188,367,214,280,281,189
1776768486.6297138,20.0,-4,11,11.704699910719626,1.4239294295279348,0.027626970436037325,188,367,214,280,281,189
1776768486.6871867,20.0,-4,11,11.704699910719626,1.4239294295279348,0.027626970436037325,188,367,214,280,281,189
1776768486.7405133,20.0,-4,11,11.704699910719626,1.4239294295279348,0.027626970436037325,188,367,214,280,281,189
1776768486.7978582,20.0,-4,11,11.704699910719626,1.4239294295279348,0.027626970436037325,188,367,214,280,281,189
1776768486.8555992,20.0,-4,11,11.704699910719626,1.4239294295279348,0.027626970436037325,188,367,214,280,281,189
1776768486.9123628,20.0,-4,11,11.704699910719626,1.4239294295279348,0.027626970436037325,188,367,214,280,281,189
1776768486.9696848,20.0,-4,11,11.704699910719626,1.4239294295279348,0.027626970436037325,188,367,214,280,281,189
1776768487.0230353,20.0,-4,11,11.704699910719626,1.4239294295279348,0.027626970436037325,188,367,214,280,281,189
1776768487.0803905,20.0,-4,11,11.704699910719626,1.4239294295279348,0.027626970436037325,188,367,214,280,281,189
1776768487.1376388,20.0,-4,11,11.704699910719626,1.4239294295279348,0.027626970436037325,188,367,214,280,281,189
1776768487.194994,20.0,-4,11,11.704699910719626,1.4239294295279348,0.027626970436037325,188,367,214,280,281,189
1776768487.2522693,20.0,-4,11,11.704699910719626,1.4239294295279348,0.027626970436037325,188,367,214,280,281,189
1776768487.309687,20.0,-4,11,11.704699910719626,1.4239294295279348,0.027626970436037325,188,367,214,280,281,189
1776768487.3629766,20.0,-4,11,11.704699910719626,1.4239294295279348,0.027626970436037325,188,367,214,280,281,189
1776768487.4202363,20.0,-4,11,11.704699910719626,1.4239294295279348,0.027626970436037325,188,367,214,280,281,189
1776768487.4776285,20.0,-4,11,11.704699910719626,1.4239294295279348,0.027626970436037325,188,367,214,280,281,189
1776768487.534972,20.0,-4,11,11.704699910719626,1.4239294295279348,0.027626970436037325,188,367,214,280,281,189
1776768487.592237,20.0,-4,11,11.704699910719626,1.4239294295279348,0.027626970436037325,188,367,214,280,281,189
1776768487.6458468,20.0,-4,11,11.704699910719626,1.4239294295279348,0.027626970436037325,188,367,214,280,281,189
1776768487.703019,20.0,-4,11,11.704699910719626,1.4239294295279348,0.027626970436037325,188,367,214,280,281,189
1776768487.8751018,20.0,-4,11,11.704699910719626,1.4239294295279348,0.027626970436037325,188,367,214,280,281,189
1776768487.9325452,20.0,-4,11,11.704699910719626,1.4239294295279348,0.027626970436037325,188,367,214,280,281,189
1776768487.9859087,20.0,-4,11,11.704699910719626,1.4239294295279348,0.027626970436037325,188,367,214,280,281,189
1776768488.0431957,20.0,-4,11,11.704699910719626,1.4239294295279348,0.027626970436037325,188,367,214,280,281,189
1776768488.1002645,20.0,-4,11,11.704699910719626,1.4239294295279348,0.027626970436037325,188,367,214,280,281,189
1776768488.1574898,20.0,-4,11,11.704699910719626,1.4239294295279348,0.027626970436037325,188,367,214,280,281,189
1776768488.2150216,20.0,-4,11,11.704699910719626,1.4239294295279348,0.027626970436037325,188,367,214,280,281,189
1776768488.268138,20.0,-4,11,11.704699910719626,1.4239294295279348,0.027626970436037325,188,367,214,280,281,189
1776768488.3254802,20.0,-4,11,11.704699910719626,1.4239294295279348,0.027626970436037325,188,367,214,280,281,189
1776768488.3827956,20.0,-4,11,11.704699910719626,1.4239294295279348,0.027626970436037325,188,367,214,280,281,189
1776768488.440061,20.0,-4,11,11.704699910719626,1.4239294295279348,0.027626970436037325,188,367,214,280,281,189
1776768488.4976242,20.0,-4,11,11.704699910719626,1.4239294295279348,0.027626970436037325,188,367,214,280,281,189
1776768488.554874,20.0,-4,11,11.704699910719626,1.4239294295279348,0.027626970436037325,188,367,214,280,281,189
1776768488.6082363,20.0,-4,11,11.704699910719626,1.4239294295279348,0.027626970436037325,188,367,214,280,281,189
1776768488.66543,20.0,-4,11,11.704699910719626,1.4239294295279348,0.027626970436037325,188,367,214,280,281,189
1776768488.7227085,20.0,-4,11,11.704699910719626,1.4239294295279348,0.027626970436037325,188,367,214,280,281,189
1776768488.780104,20.0,-4,11,11.704699910719626,1.4239294295279348,0.027626970436037325,188,367,214,280,281,189
1776768488.8373559,20.0,-4,11,11.704699910719626,1.4239294295279348,0.027626970436037325,188,367,214,280,281,189
1776768488.890726,20.0,-4,11,11.704699910719626,1.4239294295279348,0.027626970436037325,188,367,214,280,281,189
1776768488.9480987,20.0,-4,11,11.704699910719626,1.4239294295279348,0.027626970436037325,188,367,214,280,281,189
1776768489.0054271,20.0,-4,11,11.704699910719626,1.4239294295279348,0.027626970436037325,188,367,214,280,281,189
1776768489.0627165,20.0,-4,11,11.704699910719626,1.4239294295279348,0.027626970436037325,188,367,214,280,281,189
1776768489.1201913,20.0,-4,11,11.704699910719626,1.4239294295279348,0.027626970436037325,188,367,214,280,281,189
1776768489.1733193,20.0,-4,11,11.704699910719626,1.4239294295279348,0.027626970436037325,188,367,214,280,281,189
1776768489.230704,20.0,-4,11,11.704699910719626,1.4239294295279348,0.027626970436037325,188,367,214,280,281,189
1776768489.2881432,20.0,-4,11,11.704699910719626,1.4239294295279348,0.027626970436037325,188,367,214,280,281,189
1776768489.345303,20.0,-4,11,11.704699910719626,1.4239294295279348,0.027626970436037325,188,367,214,280,281,189
1776768489.4026732,20.0,-4,11,11.704699910719626,1.4239294295279348,0.027626970436037325,188,367,214,280,281,189
1776768489.4599042,20.0,-4,11,11.704699910719626,1.4239294295279348,0.027626970436037325,188,367,214,280,281,189
1776768489.5132723,20.0,-4,11,11.704699910719626,1.4239294295279348,0.027626970436037325,188,367,214,280,281,189
1776768489.5706265,20.0,-4,11,11.704699910719626,1.4239294295279348,0.027626970436037325,188,367,214,280,281,189
1776768489.6282234,20.0,-4,11,11.704699910719626,1.4239294295279348,0.027626970436037325,188,367,214,280,281,189
1776768489.685313,20.0,-4,11,11.704699910719626,1.4239294295279348,0.027626970436037325,188,367,214,280,281,189
1776768489.7425356,20.0,-4,11,11.704699910719626,1.4239294295279348,0.027626970436037325,188,367,214,280,281,189
1776768489.7958598,20.0,-4,11,11.704699910719626,1.4239294295279348,0.027626970436037325,188,367,214,280,281,189
1776768489.8531885,20.0,-4,11,11.704699910719626,1.4239294295279348,0.027626970436037325,188,367,214,280,281,189
1776768489.9105866,20.0,-4,11,11.704699910719626,1.4239294295279348,0.027626970436037325,188,367,214,280,281,189
1776768489.967838,20.0,-4,11,11.704699910719626,1.4239294295279348,0.027626970436037325,188,367,214,280,281,189
1776768490.0254009,20.0,-4,11,11.704699910719626,1.4239294295279348,0.027626970436037325,188,367,214,280,281,189
1776768490.0824778,20.0,-5,11,12.083045973594572,1.4699569310942302,0.027136571106832742,188,367,214,280,280,189
1776768490.1358569,20.0,-5,11,12.083045973594572,1.4699569310942302,0.027136571106832742,188,367,214,280,280,189
1776768490.193164,20.0,-5,11,12.083045973594572,1.4699569310942302,0.027136571106832742,188,367,214,280,280,189
1776768490.2507792,20.0,-5,11,12.083045973594572,1.4699569310942302,0.027136571106832742,188,367,214,280,280,189
1776768490.3081827,20.0,-5,11,12.083045973594572,1.4699569310942302,0.027136571106832742,188,367,214,280,280,189
1776768490.3651123,20.0,-5,11,12.083045973594572,1.4699569310942302,0.027136571106832742,188,367,214,280,280,189
1776768490.418566,20.0,-5,11,12.083045973594572,1.4699569310942302,0.027136571106832742,188,367,214,280,280,189
1776768490.475998,20.0,-5,11,12.083045973594572,1.4699569310942302,0.027136571106832742,188,367,214,280,280,189
1776768490.5331776,20.0,-5,11,12.083045973594572,1.4699569310942302,0.027136571106832742,188,367,214,280,280,189
1776768490.5904098,20.0,-5,11,12.083045973594572,1.4699569310942302,0.027136571106832742,188,367,214,280,280,189
1776768490.6477716,20.0,-5,11,12.083045973594572,1.4699569310942302,0.027136571106832742,188,367,214,280,280,189
1776768490.7050505,20.0,-5,11,12.083045973594572,1.4699569310942302,0.027136571106832742,188,367,214,280,280,189
1776768490.7583668,20.0,-5,11,12.083045973594572,1.4699569310942302,0.027136571106832742,188,367,214,280,280,189
1776768490.815875,20.0,-5,11,12.083045973594572,1.4699569310942302,0.027136571106832742,188,367,214,280,280,189
1776768490.8731189,20.0,-5,11,12.083045973594572,1.4699569310942302,0.027136571106832742,188,367,214,280,280,189
1776768490.9304254,20.0,-5,11,12.083045973594572,1.4699569310942302,0.027136571106832742,188,367,214,280,280,189
1776768490.9876819,20.0,-5,11,12.083045973594572,1.4699569310942302,0.027136571106832742,188,367,214,280,280,189
1776768491.041194,20.0,-5,11,12.083045973594572,1.4699569310942302,0.027136571106832742,188,367,214,280,280,189
1776768491.0983615,20.0,-5,11,12.083045973594572,1.4699569310942302,0.027136571106832742,188,367,214,280,280,189
1776768491.155715,20.0,-5,11,12.083045973594572,1.4699569310942302,0.027136571106832742,188,367,214,280,280,189
1776768491.2132764,20.0,-5,11,12.083045973594572,1.4699569310942302,0.027136571106832742,188,367,214,280,280,189
1776768491.2703166,20.0,-5,11,12.083045973594572,1.4699569310942302,0.027136571106832742,188,367,214,280,280,189
1776768491.327839,20.0,-5,11,12.083045973594572,1.4699569310942302,0.027136571106832742,188,367,214,280,280,189
1776768491.3809745,20.0,-5,11,12.083045973594572,1.4699569310942302,0.027136571106832742,188,367,214,280,280,189
1776768491.4382987,20.0,-5,11,12.083045973594572,1.4699569310942302,0.027136571106832742,188,367,214,280,280,189
1776768491.4956613,20.0,-5,11,12.083045973594572,1.4699569310942302,0.027136571106832742,188,367,214,280,280,189
1776768491.5529897,20.0,-5,11,12.083045973594572,1.4699569310942302,0.027136571106832742,188,367,214,280,280,189
1776768491.610307,20.0,-5,11,12.083045973594572,1.4699569310942302,0.027136571106832742,188,367,214,280,280,189
1776768491.6636305,20.0,-5,11,12.083045973594572,1.4699569310942302,0.027136571106832742,188,367,214,280,280,189
1776768491.7209563,20.0,-5,11,12.083045973594572,1.4699569310942302,0.027136571106832742,188,367,214,280,280,189
1776768491.7782779,20.0,-5,11,12.083045973594572,1.4699569310942302,0.027136571106832742,188,367,214,280,280,189
1776768491.8355901,20.0,-5,11,12.083045973594572,1.4699569310942302,0.027136571106832742,188,367,214,280,280,189
1776768491.8928936,20.0,-5,11,12.083045973594572,1.4699569310942302,0.027136571106832742,188,367,214,280,280,189
1776768491.9502792,20.0,-5,11,12.083045973594572,1.4699569310942302,0.027136571106832742,188,367,214,280,280,189
1776768492.003548,20.0,-5,11,12.083045973594572,1.4699569310942302,0.027136571106832742,188,367,214,280,280,189
1776768492.060844,20.0,-5,11,12.083045973594572,1.4699569310942302,0.027136571106832742,188,367,214,280,280,189
1776768492.1181633,20.0,-5,11,12.083045973594572,1.4699569310942302,0.027136571106832742,188,367,214,280,280,189
1776768492.1755283,20.0,-5,11,12.083045973594572,1.4699569310942302,0.027136571106832742,188,367,214,280,280,189
1776768492.232881,20.0,-5,11,12.083045973594572,1.4699569310942302,0.027136571106832742,188,367,214,280,280,189
1776768492.286194,20.0,-5,11,12.083045973594572,1.4699569310942302,0.027136571106832742,188,367,214,280,280,189
1776768492.3435285,20.0,-5,11,12.083045973594572,1.4699569310942302,0.027136571106832742,188,367,214,280,280,189
1776768492.400844,20.0,-5,11,12.083045973594572,1.4699569310942302,0.027136571106832742,188,367,214,280,280,189
1776768492.4581616,20.0,-5,11,12.083045973594572,1.4699569310942302,0.027136571106832742,188,367,214,280,280,189
1776768492.5154424,20.0,-5,11,12.083045973594572,1.4699569310942302,0.027136571106832742,188,367,214,280,280,189
1776768492.5687995,20.0,-5,11,12.083045973594572,1.4699569310942302,0.027136571106832742,188,367,214,280,280,189
1776768492.626158,20.0,-5,11,12.083045973594572,1.4699569310942302,0.027136571106832742,188,367,214,280,280,189
1776768492.6834853,20.0,-5,11,12.083045973594572,1.4699569310942302,0.027136571106832742,188,367,214,280,280,189
1776768492.7407258,20.0,-5,11,12.083045973594572,1.4699569310942302,0.027136571106832742,188,367,214,280,280,189
1776768492.7981598,20.0,-5,11,12.083045973594572,1.4699569310942302,0.027136571106832742,188,367,214,280,280,189
1776768492.855423,20.0,-5,11,12.083045973594572,1.4699569310942302,0.027136571106832742,188,367,214,280,280,189
1776768492.9088705,20.0,-5,11,12.083045973594572,1.4699569310942302,0.027136571106832742,188,367,214,280,280,189
1776768492.9660869,20.0,-5,11,12.083045973594572,1.4699569310942302,0.027136571106832742,188,367,214,280,280,189
1776768493.0233471,20.0,-5,11,12.083045973594572,1.4699569310942302,0.027136571106832742,188,367,214,280,280,189
1776768493.080692,20.0,-5,11,12.083045973594572,1.4699569310942302,0.027136571106832742,188,367,214,280,280,189
1776768493.1380389,20.0,-5,11,12.083045973594572,1.4699569310942302,0.027136571106832742,188,367,214,280,280,189
1776768493.1919649,20.0,-5,11,12.083045973594572,1.4699569310942302,0.027136571106832742,188,367,214,280,280,189
1776768493.2486835,20.0,-5,11,12.083045973594572,1.4699569310942302,0.027136571106832742,188,367,214,280,280,189
1776768493.3061242,20.0,-5,11,12.083045973594572,1.4699569310942302,0.027136571106832742,188,367,214,280,280,189
1776768493.3633013,20.0,-5,11,12.083045973594572,1.4699569310942302,0.027136571106832742,188,367,214,280,280,189
1776768493.420651,20.0,-5,11,12.083045973594572,1.4699569310942302,0.027136571106832742,188,367,214,280,280,189
1776768493.478031,20.0,-5,11,12.083045973594572,1.4699569310942302,0.027136571106832742,188,367,214,280,280,189
1776768493.5313363,20.0,-5,11,12.083045973594572,1.4699569310942302,0.027136571106832742,188,367,214,280,280,189
1776768493.588644,20.0,-5,11,12.083045973594572,1.4699569310942302,0.027136571106832742,188,367,214,280,280,189
1776768493.6462758,20.0,-5,11,12.083045973594572,1.4699569310942302,0.027136571106832742,188,367,214,280,280,189
1776768493.7033517,20.0,-5,11,12.083045973594572,1.4699569310942302,0.027136571106832742,188,367,214,280,280,189
1776768493.7605991,20.0,-5,11,12.083045973594572,1.4699569310942302,0.027136571106832742,188,367,214,280,280,189
1776768493.8138916,20.0,-5,11,12.083045973594572,1.4699569310942302,0.027136571106832742,188,367,214,280,280,189
1776768493.8712313,20.0,-5,11,12.083045973594572,1.4699569310942302,0.027136571106832742,188,367,214,280,280,189
1776768493.9286096,20.0,-5,11,12.083045973594572,1.4699569310942302,0.027136571106832742,188,367,214,280,280,189
1776768493.9886448,20.0,-5,11,12.083045973594572,1.4699569310942302,0.027136571106832742,188,367,214,280,280,189
1776768494.0431886,20.0,-5,11,12.083045973594572,1.4699569310942302,0.027136571106832742,188,367,214,280,280,189
1776768494.1005116,20.0,-5,11,12.083045973594572,1.4699569310942302,0.027136571106832742,188,367,214,280,280,189
1776768494.1539228,20.0,-5,11,12.083045973594572,1.4699569310942302,0.027136571106832742,188,367,214,280,280,189
1776768494.2111676,20.0,-5,11,12.083045973594572,1.4699569310942302,0.027136571106832742,188,367,214,280,280,189
1776768494.2685106,20.0,-5,11,12.083045973594572,1.4699569310942302,0.027136571106832742,188,367,214,280,280,189
1776768494.325859,20.0,-5,11,12.083045973594572,1.4699569310942302,0.027136571106832742,188,367,214,280,280,189
1776768494.3831372,20.0,-5,11,12.083045973594572,1.4699569310942302,0.027136571106832742,188,367,214,280,280,189
1776768494.4364438,20.0,-5,11,12.083045973594572,1.4699569310942302,0.027136571106832742,188,367,214,280,280,189
1776768494.4938688,20.0,-5,11,12.083045973594572,1.4699569310942302,0.027136571106832742,188,367,214,280,280,189
1776768494.5512033,20.0,-5,11,12.083045973594572,1.4699569310942302,0.027136571106832742,188,367,214,280,280,189
1776768494.6085174,20.0,-5,11,12.083045973594572,1.4699569310942302,0.027136571106832742,188,367,214,280,280,189
1776768494.6658163,20.0,-5,11,12.083045973594572,1.4699569310942302,0.027136571106832742,188,367,214,280,280,189
1776768494.7231426,20.0,-5,11,12.083045973594572,1.4699569310942302,0.027136571106832742,188,367,214,280,280,189
1776768494.7764716,20.0,-5,11,12.083045973594572,1.4699569310942302,0.027136571106832742,188,367,214,280,280,189
1776768494.8337774,20.0,-5,11,12.083045973594572,1.4699569310942302,0.027136571106832742,188,367,214,280,280,189
1776768494.8910918,20.0,-5,11,12.083045973594572,1.4699569310942302,0.027136571106832742,188,367,214,280,280,189
1776768494.9484506,20.0,-5,11,12.083045973594572,1.4699569310942302,0.027136571106832742,188,367,214,280,280,189
1776768495.005718,20.0,-5,11,12.083045973594572,1.4699569310942302,0.027136571106832742,188,367,214,280,280,189
1776768495.0591395,20.0,-5,11,12.083045973594572,1.4699569310942302,0.027136571106832742,188,367,214,280,280,189
1776768495.116365,20.0,-5,11,12.083045973594572,1.4699569310942302,0.027136571106832742,188,367,214,280,280,189
1776768495.1737516,20.0,-5,11,12.083045973594572,1.4699569310942302,0.027136571106832742,188,367,214,280,280,189
1776768495.231061,20.0,-5,11,12.083045973594572,1.4699569310942302,0.027136571106832742,188,367,214,280,280,189
1776768495.2884107,20.0,-5,11,12.083045973594572,1.4699569310942302,0.027136571106832742,188,367,214,280,280,189
1776768495.3416708,20.0,-5,11,12.083045973594572,1.4699569310942302,0.027136571106832742,188,367,214,280,280,189
1776768495.399217,20.0,-5,11,12.083045973594572,1.4699569310942302,0.027136571106832742,188,367,214,280,280,189
1776768495.4563801,20.0,-5,11,12.083045973594572,1.4699569310942302,0.027136571106832742,188,367,214,280,280,189
1776768495.5136685,20.0,-5,11,12.083045973594572,1.4699569310942302,0.027136571106832742,188,367,214,280,280,189
1776768495.5710664,20.0,-5,11,12.083045973594572,1.4699569310942302,0.027136571106832742,188,367,214,280,280,189
1776768495.6283212,20.0,-5,11,12.083045973594572,1.4699569310942302,0.027136571106832742,188,367,214,280,280,189
1776768495.6816716,20.0,-5,11,12.083045973594572,1.4699569310942302,0.027136571106832742,188,367,214,280,280,189
1776768495.738985,20.0,-5,11,12.083045973594572,1.4699569310942302,0.027136571106832742,188,367,214,280,280,189
1776768495.7963006,20.0,-5,11,12.083045973594572,1.4699569310942302,0.027136571106832742,188,367,214,280,280,189
1776768495.853593,20.0,-5,11,12.083045973594572,1.4699569310942302,0.027136571106832742,188,367,214,280,280,189
1776768495.911146,20.0,-5,11,12.083045973594572,1.4699569310942302,0.027136571106832742,188,367,214,280,280,189
1776768495.964225,20.0,-5,11,12.083045973594572,1.4699569310942302,0.027136571106832742,188,367,214,280,280,189
1776768496.0216374,20.0,-5,11,12.083045973594572,1.4699569310942302,0.027136571106832742,188,367,214,280,280,189
1776768496.07888,20.0,-5,11,12.083045973594572,1.4699569310942302,0.027136571106832742,188,367,214,280,280,189
1776768496.1362634,20.0,-5,11,12.083045973594572,1.4699569310942302,0.027136571106832742,188,367,214,280,280,189
1776768496.1935525,20.0,-5,11,12.083045973594572,1.4699569310942302,0.027136571106832742,188,367,214,280,280,189
1776768496.2508557,20.0,-5,11,12.083045973594572,1.4699569310942302,0.027136571106832742,188,367,214,280,280,189
1776768496.3042095,20.0,-5,11,12.083045973594572,1.4699569310942302,0.027136571106832742,188,367,214,280,280,189
1776768496.3615477,20.0,-5,11,12.083045973594572,1.4699569310942302,0.027136571106832742,188,367,214,280,280,189
1776768496.4188702,20.0,-5,11,12.083045973594572,1.4699569310942302,0.027136571106832742,188,367,214,280,280,189
1776768496.4761946,20.0,-5,11,12.083045973594572,1.4699569310942302,0.027136571106832742,188,367,214,280,280,189
1776768496.533519,20.0,-5,11,12.083045973594572,1.4699569310942302,0.027136571106832742,188,367,214,280,280,189
1776768496.5869005,20.0,-5,11,12.083045973594572,1.4699569310942302,0.027136571106832742,188,367,214,280,280,189
1776768496.6441715,20.0,-5,11,12.083045973594572,1.4699569310942302,0.027136571106832742,188,367,214,280,280,189
1776768496.7014925,20.0,-5,11,12.083045973594572,1.4699569310942302,0.027136571106832742,188,367,214,280,280,189
1776768496.7587972,20.0,-5,11,12.083045973594572,1.4699569310942302,0.027136571106832742,188,367,214,280,280,189
1776768496.81611,20.0,-5,11,12.083045973594572,1.4699569310942302,0.027136571106832742,188,367,214,280,280,189
1776768496.873447,20.0,-5,11,12.083045973594572,1.4699569310942302,0.027136571106832742,188,367,214,280,280,189
1776768496.9267523,20.0,-5,11,12.083045973594572,1.4699569310942302,0.027136571106832742,188,367,214,280,280,189
1776768496.9841712,20.0,-5,11,12.083045973594572,1.4699569310942302,0.027136571106832742,188,367,214,280,280,189
1776768497.0413861,20.0,-5,11,12.083045973594572,1.4699569310942302,0.027136571106832742,188,367,214,280,280,189
1776768497.0987334,20.0,-5,11,12.083045973594572,1.4699569310942302,0.027136571106832742,188,367,214,280,280,189
1776768497.1560557,20.0,-5,11,12.083045973594572,1.4699569310942302,0.027136571106832742,188,367,214,280,280,189
1776768497.2093797,20.0,-5,11,12.083045973594572,1.4699569310942302,0.027136571106832742,188,367,214,280,280,189
1776768497.2667508,20.0,-5,11,12.083045973594572,1.4699569310942302,0.027136571106832742,188,367,214,280,280,189
1776768497.324539,20.0,-5,11,12.083045973594572,1.4699569310942302,0.027136571106832742,188,367,214,280,280,189
1776768497.3813844,20.0,-5,11,12.083045973594572,1.4699569310942302,0.027136571106832742,188,367,214,280,280,189
1776768497.4386907,20.0,-5,11,12.083045973594572,1.4699569310942302,0.027136571106832742,188,367,214,280,280,189
1776768497.4960105,20.0,-5,11,12.083045973594572,1.4699569310942302,0.027136571106832742,188,367,214,280,280,189
1776768497.5493755,20.0,-5,11,12.083045973594572,1.4699569310942302,0.027136571106832742,188,367,214,280,280,189
1776768497.6066334,20.0,-5,11,12.083045973594572,1.4699569310942302,0.027136571106832742,188,367,214,280,280,189
1776768497.6640873,20.0,-5,11,12.083045973594572,1.4699569310942302,0.027136571106832742,188,367,214,280,280,189
1776768497.721371,20.0,-5,11,12.083045973594572,1.4699569310942302,0.027136571106832742,188,367,214,280,280,189
1776768497.7786117,20.0,-5,11,12.083045973594572,1.4699569310942302,0.027136571106832742,188,367,214,280,280,189
1776768497.8319886,20.0,-5,11,12.083045973594572,1.4699569310942302,0.027136571106832742,188,367,214,280,280,189
1776768497.8892534,20.0,-5,11,12.083045973594572,1.4699569310942302,0.027136571106832742,188,367,214,280,280,189
1776768497.9466188,20.0,-5,11,12.083045973594572,1.4699569310942302,0.027136571106832742,188,367,214,280,280,189
1776768498.0040274,20.0,-5,11,12.083045973594572,1.4699569310942302,0.027136571106832742,188,367,214,280,280,189
1776768498.0612397,20.0,-5,11,12.083045973594572,1.4699569310942302,0.027136571106832742,188,367,214,280,280,189
1776768498.1185746,20.0,-5,11,12.083045973594572,1.4699569310942302,0.027136571106832742,188,367,214,280,280,189
1776768498.171929,20.0,-5,11,12.083045973594572,1.4699569310942302,0.027136571106832742,188,367,214,280,280,189
1776768498.229234,20.0,-5,11,12.083045973594572,1.4699569310942302,0.027136571106832742,188,367,214,280,280,189
1776768498.2870734,20.0,-5,11,12.083045973594572,1.4699569310942302,0.028506496859873127,188,367,213,280,280,189
1776768498.3439076,20.0,-5,11,12.083045973594572,1.4699569310942302,0.028506496859873127,188,367,213,280,280,189
1776768498.401166,20.0,-5,11,12.083045973594572,1.4699569310942302,0.028506496859873127,188,367,213,280,280,189
1776768498.4545686,20.0,-5,11,12.083045973594572,1.4699569310942302,0.028506496859873127,188,367,213,280,280,189
1776768498.5118825,20.0,-5,11,12.083045973594572,1.4699569310942302,0.028506496859873127,188,367,213,280,280,189
1776768498.5692177,20.0,-5,11,12.083045973594572,1.4699569310942302,0.028506496859873127,188,367,213,280,280,189
1776768498.6265287,20.0,-5,11,12.083045973594572,1.4699569310942302,0.028506496859873127,188,367,213,280,280,189
1776768498.683941,20.0,-5,11,12.083045973594572,1.4699569310942302,0.028506496859873127,188,367,213,280,280,189
1776768498.7372515,20.0,-5,11,12.083045973594572,1.4699569310942302,0.028506496859873127,188,367,213,280,280,189
1776768498.7945297,20.0,-5,11,12.083045973594572,1.4699569310942302,0.028506496859873127,188,367,213,280,280,189
1776768498.8518384,20.0,-5,11,12.083045973594572,1.4699569310942302,0.028506496859873127,188,367,213,280,280,189
1776768498.9091969,20.0,-5,11,12.083045973594572,1.4699569310942302,0.028506496859873127,188,367,213,280,280,189
1776768498.9664552,20.0,-5,11,12.083045973594572,1.4699569310942302,0.028506496859873127,188,367,213,280,280,189
1776768499.0238154,20.0,-5,11,12.083045973594572,1.4699569310942302,0.028506496859873127,188,367,213,280,280,189
1776768499.0771322,20.0,-5,11,12.083045973594572,1.4699569310942302,0.028506496859873127,188,367,213,280,280,189
1776768499.1344168,20.0,-5,11,12.083045973594572,1.4699569310942302,0.028506496859873127,188,367,213,280,280,189
1776768499.1919563,20.0,-5,11,12.083045973594572,1.4699569310942302,0.028506496859873127,188,367,213,280,280,189
1776768499.2490442,20.0,-5,11,12.083045973594572,1.4699569310942302,0.028506496859873127,188,367,213,280,280,189
1776768499.3064322,20.0,-5,11,12.083045973594572,1.4699569310942302,0.028506496859873127,188,367,213,280,280,189
1776768499.3597317,20.0,-5,11,12.083045973594572,1.4699569310942302,0.028506496859873127,188,367,213,280,280,189
1776768499.4170735,20.0,-5,11,12.083045973594572,1.4699569310942302,0.028506496859873127,188,367,213,280,280,189
1776768499.4744356,20.0,-5,11,12.083045973594572,1.4699569310942302,0.028506496859873127,188,367,213,280,280,189
1776768499.5317035,20.0,-5,11,12.083045973594572,1.4699569310942302,0.028506496859873127,188,367,213,280,280,189
1776768499.589034,20.0,-5,11,12.083045973594572,1.4699569310942302,0.028506496859873127,188,367,213,280,280,189
1776768499.6464808,20.0,-5,11,12.083045973594572,1.4699569310942302,0.028506496859873127,188,367,213,280,280,189
1776768499.6996505,20.0,-5,11,12.083045973594572,1.4699569310942302,0.028506496859873127,188,367,213,280,280,189
1776768499.7571595,20.0,-5,11,12.083045973594572,1.4699569310942302,0.028506496859873127,188,367,213,280,280,189
1776768499.8143396,20.0,-5,11,12.083045973594572,1.4699569310942302,0.028506496859873127,188,367,213,280,280,189
1776768499.8717186,20.0,-5,11,12.083045973594572,1.4699569310942302,0.028506496859873127,188,367,213,280,280,189
1776768499.9289856,20.0,-5,11,12.083045973594572,1.4699569310942302,0.028506496859873127,188,367,213,280,280,189
1776768499.9823282,20.0,-5,12,13.0,1.581508515815085,0.029041334833356358,188,367,213,280,280,190
1776768500.0396519,20.0,-5,12,13.0,1.581508515815085,0.029041334833356358,188,367,213,280,280,190
1776768500.0970118,20.0,-5,12,13.0,1.581508515815085,0.029041334833356358,188,367,213,280,280,190
1776768500.1543183,20.0,-5,12,13.0,1.581508515815085,0.029041334833356358,188,367,213,280,280,190
1776768500.2116,20.0,-5,12,13.0,1.581508515815085,0.029041334833356358,188,367,213,280,280,190
1776768500.2689607,20.0,-5,12,13.0,1.581508515815085,0.029041334833356358,188,367,213,280,280,190
1776768500.3223257,20.0,-5,12,13.0,1.581508515815085,0.029041334833356358,188,367,213,280,280,190
1776768500.3796055,20.0,-5,12,13.0,1.581508515815085,0.029041334833356358,188,367,213,280,280,190
1776768500.4369354,20.0,-5,12,13.0,1.581508515815085,0.029041334833356358,188,367,213,280,280,190
1776768500.4943233,20.0,-5,12,13.0,1.581508515815085,0.029041334833356358,188,367,213,280,280,190
1776768500.5515158,20.0,-5,12,13.0,1.581508515815085,0.029041334833356358,188,367,213,280,280,190
1776768500.6051826,20.0,-5,12,13.0,1.581508515815085,0.029041334833356358,188,367,213,280,280,190
1776768500.662216,20.0,-5,12,13.0,1.581508515815085,0.029041334833356358,188,367,213,280,280,190
1776768500.7195437,20.0,-5,12,13.0,1.581508515815085,0.029041334833356358,188,367,213,280,280,190
1776768500.7768362,20.0,-5,12,13.0,1.581508515815085,0.029041334833356358,188,367,213,280,280,190
1776768500.8341846,20.0,-5,12,13.0,1.581508515815085,0.029041334833356358,188,367,213,280,280,190
1776768500.8915389,20.0,-5,12,13.0,1.581508515815085,0.029041334833356358,188,367,213,280,280,190
1776768500.9448168,20.0,-5,12,13.0,1.581508515815085,0.029041334833356358,188,367,213,280,280,190
1776768501.0022051,20.0,-5,12,13.0,1.581508515815085,0.029041334833356358,188,367,213,280,280,190
1776768501.0594985,20.0,-5,12,13.0,1.581508515815085,0.029041334833356358,188,367,213,280,280,190
1776768501.1168566,20.0,-5,12,13.0,1.581508515815085,0.029041334833356358,188,367,213,280,280,190
1776768501.1741385,20.0,-5,12,13.0,1.581508515815085,0.029041334833356358,188,367,213,280,280,190
1776768501.2275083,20.0,-5,12,13.0,1.581508515815085,0.029041334833356358,188,367,213,280,280,190
1776768501.2847917,20.0,-5,12,13.0,1.581508515815085,0.029041334833356358,188,367,213,280,280,190
1776768501.3430974,20.0,-5,12,13.0,1.581508515815085,0.029041334833356358,188,367,213,280,280,190
1776768501.3999493,20.0,-5,12,13.0,1.581508515815085,0.029041334833356358,188,367,213,280,280,190
1776768501.4575155,20.0,-5,12,13.0,1.581508515815085,0.029041334833356358,188,367,213,280,280,190
1776768501.511346,20.0,-5,12,13.0,1.581508515815085,0.029041334833356358,188,367,213,280,280,190
1776768501.5682647,20.0,-5,12,13.0,1.581508515815085,0.029041334833356358,188,367,213,280,280,190
1776768501.6252494,20.0,-5,12,13.0,1.581508515815085,0.029041334833356358,188,367,213,280,280,190
1776768501.6829443,20.0,-5,12,13.0,1.581508515815085,0.029041334833356358,188,367,213,280,280,190
1776768501.7403789,20.0,-5,12,13.0,1.581508515815085,0.029041334833356358,188,367,213,280,280,190
1776768501.7971075,20.0,-5,12,13.0,1.581508515815085,0.029041334833356358,188,367,213,280,280,190
1776768501.8509793,20.0,-5,12,13.0,1.581508515815085,0.029041334833356358,188,367,213,280,280,190
1776768501.9078085,20.0,-5,12,13.0,1.581508515815085,0.029041334833356358,188,367,213,280,280,190
1776768501.9656322,20.0,-5,12,13.0,1.581508515815085,0.029041334833356358,188,367,213,280,280,190
1776768502.0233939,20.0,-5,12,13.0,1.581508515815085,0.029041334833356358,188,367,213,280,280,190
1776768502.0799003,20.0,-5,12,13.0,1.581508515815085,0.029041334833356358,188,367,213,280,280,190
1776768502.1333852,20.0,-5,12,13.0,1.581508515815085,0.029041334833356358,188,367,213,280,280,190
1776768502.1904056,20.0,-5,12,13.0,1.581508515815085,0.029041334833356358,188,367,213,280,280,190
1776768502.2484634,20.0,-5,12,13.0,1.581508515815085,0.029041334833356358,188,367,213,280,280,190
1776768502.3055122,20.0,-5,12,13.0,1.581508515815085,0.029041334833356358,188,367,213,280,280,190
1776768502.3620336,20.0,-5,12,13.0,1.581508515815085,0.029041334833356358,188,367,213,280,280,190
1776768502.4194276,20.0,-5,12,13.0,1.581508515815085,0.029041334833356358,188,367,213,280,280,190
1776768502.476784,20.0,-5,12,13.0,1.581508515815085,0.029041334833356358,188,367,213,280,280,190
1776768502.5345635,20.0,-5,12,13.0,1.581508515815085,0.029041334833356358,188,367,213,280,280,190
1776768502.5876064,20.0,-5,12,13.0,1.581508515815085,0.029041334833356358,188,367,213,280,280,190
1776768502.645311,20.0,-5,12,13.0,1.581508515815085,0.029041334833356358,188,367,213,280,280,190
1776768502.7024796,20.0,-5,12,13.0,1.581508515815085,0.029041334833356358,188,367,213,280,280,190
1776768502.760084,20.0,-5,12,13.0,1.581508515815085,0.029041334833356358,188,367,213,280,280,190
1776768502.8177276,20.0,-5,12,13.0,1.581508515815085,0.029041334833356358,188,367,213,280,280,190
1776768502.8707209,20.0,-5,12,13.0,1.581508515815085,0.029041334833356358,188,367,213,280,280,190
1776768502.9282198,20.0,-5,12,13.0,1.581508515815085,0.029041334833356358,188,367,213,280,280,190
1776768502.985276,20.0,-5,12,13.0,1.581508515815085,0.029041334833356358,188,367,213,280,280,190
1776768503.042805,20.0,-5,12,13.0,1.581508515815085,0.029041334833356358,188,367,213,280,280,190
1776768503.1008174,20.0,-5,12,13.0,1.581508515815085,0.029041334833356358,188,367,213,280,280,190
1776768503.1569972,20.0,-5,12,13.0,1.581508515815085,0.029041334833356358,188,367,213,280,280,190
1776768503.2107942,20.0,-5,12,13.0,1.581508515815085,0.029041334833356358,188,367,213,280,280,190
1776768503.268196,20.0,-5,12,13.0,1.581508515815085,0.029041334833356358,188,367,213,280,280,190
1776768503.325387,20.0,-5,12,13.0,1.581508515815085,0.029041334833356358,188,367,213,280,280,190
1776768503.382532,20.0,-5,12,13.0,1.581508515815085,0.029041334833356358,188,367,213,280,280,190
1776768503.439299,20.0,-5,12,13.0,1.581508515815085,0.029041334833356358,188,367,213,280,280,190
1776768503.4966757,20.0,-5,12,13.0,1.581508515815085,0.029041334833356358,188,367,213,280,280,190
1776768503.550424,20.0,-5,12,13.0,1.581508515815085,0.029041334833356358,188,367,213,280,280,190
1776768503.6079645,20.0,-5,12,13.0,1.581508515815085,0.029041334833356358,188,367,213,280,280,190
1776768503.6653557,20.0,-5,12,13.0,1.581508515815085,0.029041334833356358,188,367,213,280,280,190
1776768503.7222912,20.0,-5,12,13.0,1.581508515815085,0.029041334833356358,188,367,213,280,280,190
1776768503.7795267,20.0,-5,12,13.0,1.581508515815085,0.029041334833356358,188,367,213,280,280,190
1776768503.8368592,20.0,-5,12,13.0,1.581508515815085,0.029041334833356358,188,367,213,280,280,190
1776768503.8898249,20.0,-5,12,13.0,1.581508515815085,0.029041334833356358,188,367,213,280,280,190
1776768503.9479327,20.0,-5,12,13.0,1.581508515815085,0.029041334833356358,188,367,213,280,280,190
1776768504.005125,20.0,-5,12,13.0,1.581508515815085,0.029041334833356358,188,367,213,280,280,190
1776768504.062282,20.0,-5,12,13.0,1.581508515815085,0.029041334833356358,188,367,213,280,280,190
1776768504.119648,20.0,-5,12,13.0,1.581508515815085,0.029041334833356358,188,367,213,280,280,190
1776768504.1729915,20.0,-5,12,13.0,1.581508515815085,0.029041334833356358,188,367,213,280,280,190
1776768504.2304428,20.0,-5,12,13.0,1.581508515815085,0.029041334833356358,188,367,213,280,280,190
1776768504.2878995,20.0,-5,12,13.0,1.581508515815085,0.029041334833356358,188,367,213,280,280,190
1776768504.345147,20.0,-6,12,13.416407864998739,1.632166406934153,0.028551987673062062,188,367,213,280,279,190
1776768504.4025078,20.0,-6,12,13.416407864998739,1.632166406934153,0.028551987673062062,188,367,213,280,279,190
1776768504.4600582,20.0,-6,12,13.416407864998739,1.632166406934153,0.028551987673062062,188,367,213,280,279,190
1776768504.5134892,20.0,-6,13,14.317821063276353,1.7418273799606268,0.02909521158550365,188,367,213,280,279,191
1776768504.5697153,20.0,-6,13,14.317821063276353,1.7418273799606268,0.02909521158550365,188,367,213,280,279,191
1776768504.6270325,20.0,-6,13,14.317821063276353,1.7418273799606268,0.02909521158550365,188,367,213,280,279,191
1776768504.6847372,20.0,-6,13,14.317821063276353,1.7418273799606268,0.02909521158550365,188,367,213,280,279,191
1776768504.741731,20.0,-6,13,14.317821063276353,1.7418273799606268,0.02909521158550365,188,367,213,280,279,191
1776768504.7997017,20.0,-6,13,14.317821063276353,1.7418273799606268,0.02909521158550365,188,367,213,280,279,191
1776768504.8530967,20.0,-6,13,14.317821063276353,1.7418273799606268,0.02909521158550365,188,367,213,280,279,191
1776768504.910781,20.0,-6,13,14.317821063276353,1.7418273799606268,0.028439834180770836,188,367,213,281,279,191
1776768504.9684906,20.0,-6,13,14.317821063276353,1.7418273799606268,0.028439834180770836,188,367,213,281,279,191
1776768505.0250585,20.0,-6,13,14.317821063276353,1.7418273799606268,0.028439834180770836,188,367,213,281,279,191
1776768505.0821238,20.0,-6,13,14.317821063276353,1.7418273799606268,0.028439834180770836,188,367,213,281,279,191
1776768505.139741,20.0,-6,13,14.317821063276353,1.7418273799606268,0.028439834180770836,188,367,213,281,279,191
1776768505.192675,20.0,-6,13,14.317821063276353,1.7418273799606268,0.028439834180770836,188,367,213,281,279,191
1776768505.2504606,20.0,-6,13,14.317821063276353,1.7418273799606268,0.028439834180770836,188,367,213,281,279,191
1776768505.3077235,20.0,-6,13,14.317821063276353,1.7418273799606268,0.027783200710867574,188,367,213,282,279,191
1776768505.3653128,20.0,-6,13,14.317821063276353,1.7418273799606268,0.027783200710867574,188,367,213,282,279,191
1776768505.422084,20.0,-6,13,14.317821063276353,1.7418273799606268,0.027783200710867574,188,367,213,282,279,191
1776768505.4795587,20.0,-6,13,14.317821063276353,1.7418273799606268,0.027783200710867574,188,367,213,282,279,191
1776768505.5330703,20.0,-6,13,14.317821063276353,1.7418273799606268,0.027783200710867574,188,367,213,282,279,191
1776768505.6478944,20.0,-6,13,14.317821063276353,1.7418273799606268,0.027783200710867574,188,367,213,282,279,191
1776768505.7049916,20.0,-6,13,14.317821063276353,1.7418273799606268,0.027783200710867574,188,367,213,282,279,191
1776768505.7621684,20.0,-6,13,14.317821063276353,1.7418273799606268,0.027783200710867574,188,367,213,282,279,191
1776768505.8156118,20.0,-6,13,14.317821063276353,1.7418273799606268,0.027783200710867574,188,367,213,282,279,191
1776768505.8727946,20.0,-6,13,14.317821063276353,1.7418273799606268,0.027783200710867574,188,367,213,282,279,191
1776768505.9300191,20.0,-6,13,14.317821063276353,1.7418273799606268,0.027783200710867574,188,367,213,282,279,191
1776768505.9876559,20.0,-6,13,14.317821063276353,1.7418273799606268,0.027783200710867574,188,367,213,282,279,191
1776768506.0450768,20.0,-6,13,14.317821063276353,1.7418273799606268,0.027783200710867574,188,367,213,282,279,191
1776768506.1019511,20.0,-6,13,14.317821063276353,1.7418273799606268,0.027783200710867574,188,367,213,282,279,191
1776768506.1557136,20.0,-6,13,14.317821063276353,1.7418273799606268,0.027783200710867574,188,367,213,282,279,191
1776768506.2131486,20.0,-6,13,14.317821063276353,1.7418273799606268,0.027783200710867574,188,367,213,282,279,191
1776768506.2701051,20.0,-6,13,14.317821063276353,1.7418273799606268,0.027783200710867574,188,367,213,282,279,191
1776768506.3277988,20.0,-6,13,14.317821063276353,1.7418273799606268,0.027783200710867574,188,367,213,282,279,191
1776768506.3844981,20.0,-6,13,14.317821063276353,1.7418273799606268,0.027783200710867574,188,367,213,282,279,191
1776768506.4422433,20.0,-6,13,14.317821063276353,1.7418273799606268,0.027783200710867574,188,367,213,282,279,191
1776768506.499779,20.0,-6,13,14.317821063276353,1.7418273799606268,0.027783200710867574,188,367,213,282,279,191
1776768506.552873,20.0,-6,13,14.317821063276353,1.7418273799606268,0.027783200710867574,188,367,213,282,279,191
1776768506.610226,20.0,-6,13,14.317821063276353,1.7418273799606268,0.027783200710867574,188,367,213,282,279,191
1776768506.6681285,20.0,-6,13,14.317821063276353,1.7418273799606268,0.027783200710867574,188,367,213,282,279,191
1776768506.7243795,20.0,-6,13,14.317821063276353,1.7418273799606268,0.027783200710867574,188,367,213,282,279,191
1776768506.7814214,20.0,-6,13,14.317821063276353,1.7418273799606268,0.027783200710867574,188,367,213,282,279,191
1776768506.8347726,20.0,-6,13,14.317821063276353,1.7418273799606268,0.027783200710867574,188,367,213,282,279,191
1776768506.8927457,20.0,-6,13,14.317821063276353,1.7418273799606268,0.027783200710867574,188,367,213,282,279,191
1776768506.9501572,20.0,-6,13,14.317821063276353,1.7418273799606268,0.027783200710867574,188,367,213,282,279,191
1776768507.007183,20.0,-6,13,14.317821063276353,1.7418273799606268,0.027783200710867574,188,367,213,282,279,191
1776768507.0642962,20.0,-6,13,14.317821063276353,1.7418273799606268,0.027783200710867574,188,367,213,282,279,191
1776768507.118245,20.0,-6,13,14.317821063276353,1.7418273799606268,0.027783200710867574,188,367,213,282,279,191
1776768507.1756685,20.0,-6,13,14.317821063276353,1.7418273799606268,0.027783200710867574,188,367,213,282,279,191
1776768507.2328086,20.0,-6,13,14.317821063276353,1.7418273799606268,0.027783200710867574,188,367,213,282,279,191
1776768507.289634,20.0,-6,13,14.317821063276353,1.7418273799606268,0.027783200710867574,188,367,213,282,279,191
1776768507.3476493,20.0,-6,13,14.317821063276353,1.7418273799606268,0.027783200710867574,188,367,213,282,279,191
1776768507.404458,20.0,-6,13,14.317821063276353,1.7418273799606268,0.027783200710867574,188,367,213,282,279,191
1776768507.4583766,20.0,-6,13,14.317821063276353,1.7418273799606268,0.027783200710867574,188,367,213,282,279,191
1776768507.5156155,20.0,-6,13,14.317821063276353,1.7418273799606268,0.027783200710867574,188,367,213,282,279,191
1776768507.572928,20.0,-6,13,14.317821063276353,1.7418273799606268,0.027783200710867574,188,367,213,282,279,191
1776768507.6298394,20.0,-6,13,14.317821063276353,1.7418273799606268,0.027783200710867574,188,367,213,282,279,191
1776768507.6874619,20.0,-6,13,14.317821063276353,1.7418273799606268,0.027783200710867574,188,367,213,282,279,191
1776768507.7448018,20.0,-6,13,14.317821063276353,1.7418273799606268,0.027783200710867574,188,367,213,282,279,191
1776768507.7981083,20.0,-6,13,14.317821063276353,1.7418273799606268,0.027783200710867574,188,367,213,282,279,191
1776768507.8552792,20.0,-6,14,15.231546211727817,1.8529861571445032,0.028321005687050597,188,367,213,282,279,192
1776768507.9123926,20.0,-6,14,15.231546211727817,1.8529861571445032,0.028321005687050597,188,367,213,282,279,192
1776768507.9701195,20.0,-6,14,15.231546211727817,1.8529861571445032,0.028321005687050597,188,367,213,282,279,192
1776768508.0274563,20.0,-6,14,15.231546211727817,1.8529861571445032,0.028321005687050597,188,367,213,282,279,192
1776768508.084517,20.0,-6,14,15.231546211727817,1.8529861571445032,0.028321005687050597,188,367,213,282,279,192
1776768508.137899,20.0,-6,14,15.231546211727817,1.8529861571445032,0.028321005687050597,188,367,213,282,279,192
1776768508.195586,20.0,-6,14,15.231546211727817,1.8529861571445032,0.029731182610815494,188,367,212,282,279,192
1776768508.2531986,20.0,-6,14,15.231546211727817,1.8529861571445032,0.029731182610815494,188,367,212,282,279,192
1776768508.3102345,20.0,-6,14,15.231546211727817,1.8529861571445032,0.029731182610815494,188,367,212,282,279,192
1776768508.3668473,20.0,-6,14,15.231546211727817,1.8529861571445032,0.029731182610815494,188,367,212,282,279,192
1776768508.4241626,20.0,-6,14,15.231546211727817,1.8529861571445032,0.029731182610815494,188,367,212,282,279,192
1776768508.4785535,20.0,-6,14,15.231546211727817,1.8529861571445032,0.029731182610815494,188,367,212,282,279,192
1776768508.5353115,20.0,-6,14,15.231546211727817,1.8529861571445032,0.029731182610815494,188,367,212,282,279,192
1776768508.592261,20.0,-6,14,15.231546211727817,1.8529861571445032,0.029076493766403613,188,367,212,283,279,192
1776768508.6499708,20.0,-6,14,15.231546211727817,1.8529861571445032,0.029076493766403613,188,367,212,283,279,192
1776768508.707239,20.0,-6,14,15.231546211727817,1.8529861571445032,0.029076493766403613,188,367,212,283,279,192
1776768508.760263,20.0,-6,14,15.231546211727817,1.8529861571445032,0.029076493766403613,188,367,212,283,279,192
1776768508.8177602,20.0,-6,14,15.231546211727817,1.8529861571445032,0.029076493766403613,188,367,212,283,279,192
1776768508.8753433,20.0,-6,14,15.231546211727817,1.8529861571445032,0.029076493766403613,188,367,212,283,279,192
1776768508.9329069,20.0,-6,14,15.231546211727817,1.8529861571445032,0.029076493766403613,188,367,212,283,279,192
1776768508.9890735,20.0,-6,14,15.231546211727817,1.8529861571445032,0.029076493766403613,188,367,212,283,279,192
1776768509.0463836,20.0,-6,14,15.231546211727817,1.8529861571445032,0.029076493766403613,188,367,212,283,279,192
1776768509.09979,20.0,-6,14,15.231546211727817,1.8529861571445032,0.029076493766403613,188,367,212,283,279,192
1776768509.1577077,20.0,-6,14,15.231546211727817,1.8529861571445032,0.029076493766403613,188,367,212,283,279,192
1776768509.219327,20.0,-6,14,15.231546211727817,1.8529861571445032,0.029076493766403613,188,367,212,283,279,192
1776768509.2717884,20.0,-6,14,15.231546211727817,1.8529861571445032,0.029076493766403613,188,367,212,283,279,192
1776768509.3297129,20.0,-6,14,15.231546211727817,1.8529861571445032,0.029076493766403613,188,367,212,283,279,192
1776768509.3869474,20.0,-6,14,15.231546211727817,1.8529861571445032,0.029076493766403613,188,367,212,283,279,192
1776768509.4402833,20.0,-6,14,15.231546211727817,1.8529861571445032,0.029076493766403613,188,367,212,283,279,192
1776768509.4971201,20.0,-6,14,15.231546211727817,1.8529861571445032,0.029076493766403613,188,367,212,283,279,192
1776768509.5552535,20.0,-6,14,15.231546211727817,1.8529861571445032,0.029076493766403613,188,367,212,283,279,192
1776768509.6129405,20.0,-6,14,15.231546211727817,1.8529861571445032,0.029076493766403613,188,367,212,283,279,192
1776768509.6692708,20.0,-6,14,15.231546211727817,1.8529861571445032,0.029076493766403613,188,367,212,283,279,192
1776768509.7268388,20.0,-6,14,15.231546211727817,1.8529861571445032,0.029076493766403613,188,367,212,283,279,192
1776768509.7803366,20.0,-6,14,15.231546211727817,1.8529861571445032,0.029076493766403613,188,367,212,283,279,192
1776768509.8383465,20.0,-6,14,15.231546211727817,1.8529861571445032,0.029076493766403613,188,367,212,283,279,192
1776768509.8951557,20.0,-6,14,15.231546211727817,1.8529861571445032,0.029076493766403613,188,367,212,283,279,192
1776768509.9524398,20.0,-6,14,15.231546211727817,1.8529861571445032,0.029076493766403613,188,367,212,283,279,192
1776768510.0098448,20.0,-6,14,15.231546211727817,1.8529861571445032,0.029076493766403613,188,367,212,283,279,192
1776768510.0668964,20.0,-6,14,15.231546211727817,1.8529861571445032,0.029076493766403613,188,367,212,283,279,192
1776768510.1198192,20.0,-7,14,15.652475842498529,1.9041941414231784,0.028582762704322334,188,367,212,283,278,192
1776768510.1771886,20.0,-7,14,15.652475842498529,1.9041941414231784,0.028582762704322334,188,367,212,283,278,192
1776768510.235426,20.0,-7,14,15.652475842498529,1.9041941414231784,0.028582762704322334,188,367,212,283,278,192
1776768510.2924137,20.0,-7,14,15.652475842498529,1.9041941414231784,0.028582762704322334,188,367,212,283,278,192
1776768510.3495066,20.0,-7,14,15.652475842498529,1.9041941414231784,0.028582762704322334,188,367,212,283,278,192
1776768510.4029202,20.0,-7,14,15.652475842498529,1.9041941414231784,0.028582762704322334,188,367,212,283,278,192
1776768510.460462,20.0,-7,14,15.652475842498529,1.9041941414231784,0.028582762704322334,188,367,212,283,278,192
1776768510.517293,20.0,-7,14,15.652475842498529,1.9041941414231784,0.028582762704322334,188,367,212,283,278,192
1776768510.5748293,20.0,-7,15,16.55294535724685,2.0137403111005896,0.02912687112403582,188,367,212,283,278,193
1776768510.6323905,20.0,-7,15,16.55294535724685,2.0137403111005896,0.02912687112403582,188,367,212,283,278,193
1776768510.6896865,20.0,-7,15,16.55294535724685,2.0137403111005896,0.02912687112403582,188,367,212,283,278,193
1776768510.7430513,20.0,-7,15,16.55294535724685,2.0137403111005896,0.02912687112403582,188,367,212,283,278,193
1776768510.8001819,20.0,-7,15,16.55294535724685,2.0137403111005896,0.02912687112403582,188,367,212,283,278,193
1776768510.8575926,20.0,-7,15,16.55294535724685,2.0137403111005896,0.02912687112403582,188,367,212,283,278,193
1776768510.9152138,20.0,-7,15,16.55294535724685,2.0137403111005896,0.02912687112403582,188,367,212,283,278,193
1776768510.9726114,20.0,-7,15,16.55294535724685,2.0137403111005896,0.02912687112403582,188,367,212,283,278,193
1776768511.0294688,20.0,-7,15,16.55294535724685,2.0137403111005896,0.02912687112403582,188,367,212,283,278,193
1776768511.0823264,20.0,-7,15,16.55294535724685,2.0137403111005896,0.02912687112403582,188,367,212,283,278,193
1776768511.1401217,20.0,-7,15,16.55294535724685,2.0137403111005896,0.02912687112403582,188,367,212,283,278,193
1776768511.1967783,20.0,-7,15,16.55294535724685,2.0137403111005896,0.02912687112403582,188,367,212,283,278,193
1776768511.2541356,20.0,-7,15,16.55294535724685,2.0137403111005896,0.02912687112403582,188,367,212,283,278,193
1776768511.3120413,20.0,-7,15,16.55294535724685,2.0137403111005896,0.02912687112403582,188,367,212,283,278,193
1776768511.368812,20.0,-7,15,16.55294535724685,2.0137403111005896,0.02912687112403582,188,367,212,283,278,193
1776768511.4223397,20.0,-7,15,16.55294535724685,2.0137403111005896,0.02912687112403582,188,367,212,283,278,193
1776768511.4804597,20.0,-7,15,16.55294535724685,2.0137403111005896,0.02912687112403582,188,367,212,283,278,193
1776768511.5376136,20.0,-7,15,16.55294535724685,2.0137403111005896,0.02912687112403582,188,367,212,283,278,193
1776768511.5947793,20.0,-7,15,16.55294535724685,2.0137403111005896,0.02912687112403582,188,367,212,283,278,193
1776768511.6521146,20.0,-7,15,16.55294535724685,2.0137403111005896,0.02912687112403582,188,367,212,283,278,193
1776768511.705162,20.0,-7,15,16.55294535724685,2.0137403111005896,0.02912687112403582,188,367,212,283,278,193
1776768511.76307,20.0,-7,15,16.55294535724685,2.0137403111005896,0.02912687112403582,188,367,212,283,278,193
1776768511.8205266,20.0,-7,15,16.55294535724685,2.0137403111005896,0.02912687112403582,188,367,212,283,278,193
1776768511.8774564,20.0,-7,15,16.55294535724685,2.0137403111005896,0.02912687112403582,188,367,212,283,278,193
1776768511.9345286,20.0,-7,15,16.55294535724685,2.0137403111005896,0.02912687112403582,188,367,212,283,278,193
1776768511.9917574,20.0,-7,15,16.55294535724685,2.0137403111005896,0.02912687112403582,188,367,212,283,278,193
1776768512.0448365,20.0,-7,15,16.55294535724685,2.0137403111005896,0.02912687112403582,188,367,212,283,278,193
1776768512.1024613,20.0,-7,15,16.55294535724685,2.0137403111005896,0.02912687112403582,188,367,212,283,278,193
1776768512.159796,20.0,-7,15,16.55294535724685,2.0137403111005896,0.02912687112403582,188,367,212,283,278,193
1776768512.2171786,20.0,-7,15,16.55294535724685,2.0137403111005896,0.02912687112403582,188,367,212,283,278,193
1776768512.2746608,20.0,-7,15,16.55294535724685,2.0137403111005896,0.02912687112403582,188,367,212,283,278,193
1776768512.3319252,20.0,-7,15,16.55294535724685,2.0137403111005896,0.02912687112403582,188,367,212,283,278,193
1776768512.3855271,20.0,-7,15,16.55294535724685,2.0137403111005896,0.02912687112403582,188,367,212,283,278,193
1776768512.4425395,20.0,-7,15,16.55294535724685,2.0137403111005896,0.02912687112403582,188,367,212,283,278,193
1776768512.50015,20.0,-7,15,16.55294535724685,2.0137403111005896,0.02912687112403582,188,367,212,283,278,193
1776768512.5585039,20.0,-7,15,16.55294535724685,2.0137403111005896,0.02912687112403582,188,367,212,283,278,193
1776768512.6145751,20.0,-7,15,16.55294535724685,2.0137403111005896,0.02912687112403582,188,367,212,283,278,193
1776768512.671955,20.0,-7,15,16.55294535724685,2.0137403111005896,0.02912687112403582,188,367,212,283,278,193
1776768512.7250283,20.0,-7,15,16.55294535724685,2.0137403111005896,0.02912687112403582,188,367,212,283,278,193
1776768512.7821348,20.0,-7,15,16.55294535724685,2.0137403111005896,0.02912687112403582,188,367,212,283,278,193
1776768512.8403518,20.0,-7,15,16.55294535724685,2.0137403111005896,0.02912687112403582,188,367,212,283,278,193
1776768512.8982816,20.0,-7,15,16.55294535724685,2.0137403111005896,0.02912687112403582,188,367,212,283,278,193
1776768513.012222,20.0,-7,15,16.55294535724685,2.0137403111005896,0.02912687112403582,188,367,212,283,278,193
1776768513.064886,20.0,-7,15,16.55294535724685,2.0137403111005896,0.02912687112403582,188,367,212,283,278,193
1776768513.122744,20.0,-7,15,16.55294535724685,2.0137403111005896,0.02912687112403582,188,367,212,283,278,193
1776768513.1798277,20.0,-7,15,16.55294535724685,2.0137403111005896,0.02912687112403582,188,367,212,283,278,193
1776768513.2373974,20.0,-7,15,16.55294535724685,2.0137403111005896,0.02912687112403582,188,367,212,283,278,193
1776768513.2943652,20.0,-7,15,16.55294535724685,2.0137403111005896,0.02912687112403582,188,367,212,283,278,193
1776768513.3477962,20.0,-7,15,16.55294535724685,2.0137403111005896,0.02912687112403582,188,367,212,283,278,193
1776768513.4045084,20.0,-7,15,16.55294535724685,2.0137403111005896,0.02912687112403582,188,367,212,283,278,193
1776768513.462387,20.0,-7,15,16.55294535724685,2.0137403111005896,0.02912687112403582,188,367,212,283,278,193
1776768513.5196252,20.0,-7,15,16.55294535724685,2.0137403111005896,0.02912687112403582,188,367,212,283,278,193
1776768513.5766537,20.0,-7,15,16.55294535724685,2.0137403111005896,0.02912687112403582,188,367,212,283,278,193
1776768513.6343856,20.0,-7,15,16.55294535724685,2.0137403111005896,0.02912687112403582,188,367,212,283,278,193
1776768513.68793,20.0,-7,15,16.55294535724685,2.0137403111005896,0.02912687112403582,188,367,212,283,278,193
1776768513.7451684,20.0,-7,15,16.55294535724685,2.0137403111005896,0.02912687112403582,188,367,212,283,278,193
1776768513.8022697,20.0,-7,15,16.55294535724685,2.0137403111005896,0.02912687112403582,188,367,212,283,278,193
1776768513.8600228,20.0,-7,15,16.55294535724685,2.0137403111005896,0.02912687112403582,188,367,212,283,278,193
1776768513.91743,20.0,-7,15,16.55294535724685,2.0137403111005896,0.02912687112403582,188,367,212,283,278,193
1776768513.974442,20.0,-7,15,16.55294535724685,2.0137403111005896,0.02912687112403582,188,367,212,283,278,193
1776768514.0279114,20.0,-7,15,16.55294535724685,2.0137403111005896,0.02912687112403582,188,367,212,283,278,193
1776768514.0848923,20.0,-7,15,16.55294535724685,2.0137403111005896,0.02912687112403582,188,367,212,283,278,193
1776768514.1421566,20.0,-7,15,16.55294535724685,2.0137403111005896,0.02912687112403582,188,367,212,283,278,193
1776768514.1998625,20.0,-7,16,17.46424919657298,2.1246045251305326,0.029681007440367488,188,367,212,283,278,194
1776768514.2562685,20.0,-7,16,17.46424919657298,2.1246045251305326,0.029681007440367488,188,367,212,283,278,194
1776768514.3139596,20.0,-7,16,17.46424919657298,2.1246045251305326,0.029681007440367488,188,367,212,283,278,194
1776768514.3678088,20.0,-7,16,17.46424919657298,2.1246045251305326,0.029681007440367488,188,367,212,283,278,194
1776768514.4252205,20.0,-7,16,17.46424919657298,2.1246045251305326,0.029681007440367488,188,367,212,283,278,194
1776768514.4823346,20.0,-7,16,17.46424919657298,2.1246045251305326,0.029681007440367488,188,367,212,283,278,194
1776768514.5394273,20.0,-7,16,17.46424919657298,2.1246045251305326,0.029681007440367488,188,367,212,283,278,194
1776768514.596525,20.0,-7,16,17.46424919657298,2.1246045251305326,0.029681007440367488,188,367,212,283,278,194
1776768514.6539574,20.0,-7,16,17.46424919657298,2.1246045251305326,0.029681007440367488,188,367,212,283,278,194
1776768514.7076592,20.0,-7,16,17.46424919657298,2.1246045251305326,0.029681007440367488,188,367,212,283,278,194
1776768514.7650793,20.0,-7,16,17.46424919657298,2.1246045251305326,0.029681007440367488,188,367,212,283,278,194
1776768514.8223407,20.0,-7,16,17.46424919657298,2.1246045251305326,0.029681007440367488,188,367,212,283,278,194
1776768514.878973,20.0,-7,16,17.46424919657298,2.1246045251305326,0.029681007440367488,188,367,212,283,278,194
1776768514.9363787,20.0,-7,16,17.46424919657298,2.1246045251305326,0.029681007440367488,188,367,212,283,278,194
1776768514.9900265,20.0,-7,16,17.46424919657298,2.1246045251305326,0.029681007440367488,188,367,212,283,278,194
1776768515.0473309,20.0,-7,16,17.46424919657298,2.1246045251305326,0.029681007440367488,188,367,212,283,278,194
1776768515.1052628,20.0,-7,16,17.46424919657298,2.1246045251305326,0.029681007440367488,188,367,212,283,278,194
1776768515.1632342,20.0,-7,16,17.46424919657298,2.1246045251305326,0.029681007440367488,188,367,212,283,278,194
1776768515.2195609,20.0,-7,16,17.46424919657298,2.1246045251305326,0.029681007440367488,188,367,212,283,278,194
1776768515.2773018,20.0,-7,16,17.46424919657298,2.1246045251305326,0.029681007440367488,188,367,212,283,278,194
1776768515.387441,20.0,-7,16,17.46424919657298,2.1246045251305326,0.029681007440367488,188,367,212,283,278,194
1776768515.4449105,20.0,-7,16,17.46424919657298,2.1246045251305326,0.029681007440367488,188,367,212,283,278,194
1776768515.5022879,20.0,-7,16,17.46424919657298,2.1246045251305326,0.029681007440367488,188,367,212,283,278,194
1776768515.5592086,20.0,-7,16,17.46424919657298,2.1246045251305326,0.029681007440367488,188,367,212,283,278,194
1776768515.6161332,20.0,-7,16,17.46424919657298,2.1246045251305326,0.029681007440367488,188,367,212,283,278,194
1776768515.6699324,20.0,-7,16,17.46424919657298,2.1246045251305326,0.029681007440367488,188,367,212,283,278,194
1776768515.7274082,20.0,-7,16,17.46424919657298,2.1246045251305326,0.029681007440367488,188,367,212,283,278,194
1776768515.784606,20.0,-7,16,17.46424919657298,2.1246045251305326,0.029681007440367488,188,367,212,283,278,194
1776768515.8421953,20.0,-7,16,17.46424919657298,2.1246045251305326,0.029681007440367488,188,367,212,283,278,194
1776768515.8995845,20.0,-7,16,17.46424919657298,2.1246045251305326,0.029681007440367488,188,367,212,283,278,194
1776768515.957266,20.0,-7,16,17.46424919657298,2.1246045251305326,0.029681007440367488,188,367,212,283,278,194
1776768516.0104284,20.0,-7,16,17.46424919657298,2.1246045251305326,0.029681007440367488,188,367,212,283,278,194
1776768516.0682173,20.0,-7,16,17.46424919657298,2.1246045251305326,0.029681007440367488,188,367,212,283,278,194
1776768516.125212,20.0,-7,16,17.46424919657298,2.1246045251305326,0.029681007440367488,188,367,212,283,278,194
1776768516.1819916,20.0,-7,16,17.46424919657298,2.1246045251305326,0.029681007440367488,188,367,212,283,278,194
1776768516.239278,20.0,-7,16,17.46424919657298,2.1246045251305326,0.029681007440367488,188,367,212,283,278,194
1776768516.292927,20.0,-7,16,17.46424919657298,2.1246045251305326,0.029681007440367488,188,367,212,283,278,194
1776768516.3499613,20.0,-7,16,17.46424919657298,2.1246045251305326,0.029681007440367488,188,367,212,283,278,194
1776768516.4077597,20.0,-7,16,17.46424919657298,2.1246045251305326,0.029681007440367488,188,367,212,283,278,194
1776768516.4648323,20.0,-7,16,17.46424919657298,2.1246045251305326,0.029681007440367488,188,367,212,283,278,194
1776768516.5222251,20.0,-7,16,17.46424919657298,2.1246045251305326,0.029681007440367488,188,367,212,283,278,194
1776768516.579622,20.0,-7,16,17.46424919657298,2.1246045251305326,0.029681007440367488,188,367,212,283,278,194
1776768516.6322515,20.0,-7,16,17.46424919657298,2.1246045251305326,0.029681007440367488,188,367,212,283,278,194
1776768516.6901543,20.0,-7,16,17.46424919657298,2.1246045251305326,0.029681007440367488,188,367,212,283,278,194
1776768516.747171,20.0,-7,16,17.46424919657298,2.1246045251305326,0.029681007440367488,188,367,212,283,278,194
1776768516.8045914,20.0,-7,16,17.46424919657298,2.1246045251305326,0.029681007440367488,188,367,212,283,278,194
1776768516.861742,20.0,-7,16,17.46424919657298,2.1246045251305326,0.029681007440367488,188,367,212,283,278,194
1776768516.9193616,20.0,-7,16,17.46424919657298,2.1246045251305326,0.029681007440367488,188,367,212,283,278,194
1776768516.9736772,20.0,-7,16,17.46424919657298,2.1246045251305326,0.029681007440367488,188,367,212,283,278,194
1776768517.029537,20.0,-7,16,17.46424919657298,2.1246045251305326,0.029681007440367488,188,367,212,283,278,194
1776768517.0868464,20.0,-7,16,17.46424919657298,2.1246045251305326,0.029681007440367488,188,367,212,283,278,194
1776768517.14432,20.0,-7,16,17.46424919657298,2.1246045251305326,0.029681007440367488,188,367,212,283,278,194
1776768517.2012982,20.0,-7,16,17.46424919657298,2.1246045251305326,0.029681007440367488,188,367,212,283,278,194
1776768517.2591777,20.0,-7,16,17.46424919657298,2.1246045251305326,0.029681007440367488,188,367,212,283,278,194
1776768517.312772,20.0,-7,16,17.46424919657298,2.1246045251305326,0.029681007440367488,188,367,212,283,278,194
1776768517.3696356,20.0,-7,16,17.46424919657298,2.1246045251305326,0.029681007440367488,188,367,212,283,278,194
1776768517.4270742,20.0,-7,16,17.46424919657298,2.1246045251305326,0.029681007440367488,188,367,212,283,278,194
1776768517.4845092,20.0,-7,16,17.46424919657298,2.1246045251305326,0.029681007440367488,188,367,212,283,278,194
1776768517.541763,20.0,-7,16,17.46424919657298,2.1246045251305326,0.029681007440367488,188,367,212,283,278,194
1776768517.5954428,20.0,-7,16,17.46424919657298,2.1246045251305326,0.029681007440367488,188,367,212,283,278,194
1776768517.652839,20.0,-7,16,17.46424919657298,2.1246045251305326,0.029681007440367488,188,367,212,283,278,194
1776768517.7099147,20.0,-7,16,17.46424919657298,2.1246045251305326,0.029681007440367488,188,367,212,283,278,194
1776768517.7675154,20.0,-7,16,17.46424919657298,2.1246045251305326,0.029681007440367488,188,367,212,283,278,194
1776768517.8239214,20.0,-7,16,17.46424919657298,2.1246045251305326,0.029681007440367488,188,367,212,283,278,194
1776768517.8817434,20.0,-7,16,17.46424919657298,2.1246045251305326,0.029681007440367488,188,367,212,283,278,194
1776768517.9348502,20.0,-7,16,17.46424919657298,2.1246045251305326,0.029681007440367488,188,367,212,283,278,194
1776768517.9921505,20.0,-7,16,17.46424919657298,2.1246045251305326,0.029681007440367488,188,367,212,283,278,194
1776768518.0499053,20.0,-7,16,17.46424919657298,2.1246045251305326,0.029681007440367488,188,367,212,283,278,194
1776768518.106811,20.0,-7,16,17.46424919657298,2.1246045251305326,0.029681007440367488,188,367,212,283,278,194
1776768518.1644237,20.0,-7,16,17.46424919657298,2.1246045251305326,0.029681007440367488,188,367,212,283,278,194
1776768518.22209,20.0,-7,16,17.46424919657298,2.1246045251305326,0.029681007440367488,188,367,212,283,278,194
1776768518.2744691,20.0,-7,16,17.46424919657298,2.1246045251305326,0.029681007440367488,188,367,212,283,278,194
1776768518.3327005,20.0,-7,16,17.46424919657298,2.1246045251305326,0.029681007440367488,188,367,212,283,278,194
1776768518.3899267,20.0,-7,16,17.46424919657298,2.1246045251305326,0.029681007440367488,188,367,212,283,278,194
1776768518.4471896,20.0,-7,16,17.46424919657298,2.1246045251305326,0.029681007440367488,188,367,212,283,278,194
1776768518.504136,20.0,-7,16,17.46424919657298,2.1246045251305326,0.029681007440367488,188,367,212,283,278,194
1776768518.5619898,20.0,-7,16,17.46424919657298,2.1246045251305326,0.029681007440367488,188,367,212,283,278,194
1776768518.615293,20.0,-7,16,17.46424919657298,2.1246045251305326,0.029681007440367488,188,367,212,283,278,194
1776768518.67217,20.0,-7,16,17.46424919657298,2.1246045251305326,0.029681007440367488,188,367,212,283,278,194
1776768518.7294788,20.0,-7,16,17.46424919657298,2.1246045251305326,0.029681007440367488,188,367,212,283,278,194
1776768518.7871344,20.0,-7,16,17.46424919657298,2.1246045251305326,0.029681007440367488,188,367,212,283,278,194
1776768518.8444297,20.0,-7,16,17.46424919657298,2.1246045251305326,0.029681007440367488,188,367,212,283,278,194
1776768518.8980045,20.0,-7,16,17.46424919657298,2.1246045251305326,0.029681007440367488,188,367,212,283,278,194
1776768518.9554214,20.0,-7,16,17.46424919657298,2.1246045251305326,0.029681007440367488,188,367,212,283,278,194
1776768519.01234,20.0,-7,16,17.46424919657298,2.1246045251305326,0.029681007440367488,188,367,212,283,278,194
1776768519.069752,20.0,-7,16,17.46424919657298,2.1246045251305326,0.029681007440367488,188,367,212,283,278,194
1776768519.1273315,20.0,-7,16,17.46424919657298,2.1246045251305326,0.029681007440367488,188,367,212,283,278,194
1776768519.1840873,20.0,-7,16,17.46424919657298,2.1246045251305326,0.029681007440367488,188,367,212,283,278,194
1776768519.2375805,20.0,-7,16,17.46424919657298,2.1246045251305326,0.029681007440367488,188,367,212,283,278,194
1776768519.294984,20.0,-7,16,17.46424919657298,2.1246045251305326,0.029681007440367488,188,367,212,283,278,194
1776768519.3523118,20.0,-7,16,17.46424919657298,2.1246045251305326,0.029681007440367488,188,367,212,283,278,194
1776768519.4098723,20.0,-7,16,17.46424919657298,2.1246045251305326,0.029681007440367488,188,367,212,283,278,194
1776768519.4669728,20.0,-7,16,17.46424919657298,2.1246045251305326,0.029681007440367488,188,367,212,283,278,194
1776768519.5244324,20.0,-7,16,17.46424919657298,2.1246045251305326,0.029681007440367488,188,367,212,283,278,194
1776768519.5775306,20.0,-7,16,17.46424919657298,2.1246045251305326,0.029681007440367488,188,367,212,283,278,194
1776768519.6350908,20.0,-7,16,17.46424919657298,2.1246045251305326,0.029681007440367488,188,367,212,283,278,194
1776768519.6928456,20.0,-7,16,17.46424919657298,2.1246045251305326,0.029681007440367488,188,367,212,283,278,194
1776768519.7495565,20.0,-7,16,17.46424919657298,2.1246045251305326,0.029681007440367488,188,367,212,283,278,194
1776768519.806758,20.0,-7,16,17.46424919657298,2.1246045251305326,0.029681007440367488,188,367,212,283,278,194
1776768519.8642857,20.0,-7,16,17.46424919657298,2.1246045251305326,0.029681007440367488,188,367,212,283,278,194
1776768519.9171066,20.0,-7,16,17.46424919657298,2.1246045251305326,0.029681007440367488,188,367,212,283,278,194
1776768519.974137,20.0,-7,16,17.46424919657298,2.1246045251305326,0.029681007440367488,188,367,212,283,278,194
1776768520.031552,20.0,-7,16,17.46424919657298,2.1246045251305326,0.029681007440367488,188,367,212,283,278,194
1776768520.0893579,20.0,-7,16,17.46424919657298,2.1246045251305326,0.029681007440367488,188,367,212,283,278,194
1776768520.1466732,20.0,-7,16,17.46424919657298,2.1246045251305326,0.029681007440367488,188,367,212,283,278,194
1776768520.1996996,20.0,-7,16,17.46424919657298,2.1246045251305326,0.029681007440367488,188,367,212,283,278,194
1776768520.257508,20.0,-7,16,17.46424919657298,2.1246045251305326,0.029681007440367488,188,367,212,283,278,194
1776768520.3153694,20.0,-7,16,17.46424919657298,2.1246045251305326,0.029681007440367488,188,367,212,283,278,194
1776768520.3718047,20.0,-7,16,17.46424919657298,2.1246045251305326,0.029681007440367488,188,367,212,283,278,194
1776768520.429281,20.0,-7,16,17.46424919657298,2.1246045251305326,0.029681007440367488,188,367,212,283,278,194
1776768520.486784,20.0,-7,16,17.46424919657298,2.1246045251305326,0.029681007440367488,188,367,212,283,278,194
1776768520.5398996,20.0,-7,16,17.46424919657298,2.1246045251305326,0.029681007440367488,188,367,212,283,278,194
1776768520.5969102,20.0,-7,16,17.46424919657298,2.1246045251305326,0.029681007440367488,188,367,212,283,278,194
1776768520.6546245,20.0,-7,16,17.46424919657298,2.1246045251305326,0.029681007440367488,188,367,212,283,278,194
1776768520.711749,20.0,-7,16,17.46424919657298,2.1246045251305326,0.029681007440367488,188,367,212,283,278,194
1776768520.7699254,20.0,-7,16,17.46424919657298,2.1246045251305326,0.029681007440367488,188,367,212,283,278,194
1776768520.8802216,20.0,-7,16,17.46424919657298,2.1246045251305326,0.029681007440367488,188,367,212,283,278,194
1776768520.9374208,20.0,-7,16,17.46424919657298,2.1246045251305326,0.029681007440367488,188,367,212,283,278,194
1776768520.9945447,20.0,-7,16,17.46424919657298,2.1246045251305326,0.029681007440367488,188,367,212,283,278,194
1776768521.0520835,20.0,-7,16,17.46424919657298,2.1246045251305326,0.029681007440367488,188,367,212,283,278,194
1776768521.109456,20.0,-7,16,17.46424919657298,2.1246045251305326,0.029681007440367488,188,367,212,283,278,194
1776768521.1665282,20.0,-7,16,17.46424919657298,2.1246045251305326,0.029681007440367488,188,367,212,283,278,194
1776768521.2203581,20.0,-7,16,17.46424919657298,2.1246045251305326,0.029681007440367488,188,367,212,283,278,194
1776768521.2775714,20.0,-7,16,17.46424919657298,2.1246045251305326,0.029681007440367488,188,367,212,283,278,194
1776768521.3346212,20.0,-7,16,17.46424919657298,2.1246045251305326,0.029681007440367488,188,367,212,283,278,194
1776768521.3919554,20.0,-7,16,17.46424919657298,2.1246045251305326,0.029681007440367488,188,367,212,283,278,194
1776768521.4488592,20.0,-7,16,17.46424919657298,2.1246045251305326,0.029681007440367488,188,367,212,283,278,194
1776768521.5071347,20.0,-7,16,17.46424919657298,2.1246045251305326,0.029681007440367488,188,367,212,283,278,194
1776768521.5601914,20.0,-7,16,17.46424919657298,2.1246045251305326,0.029681007440367488,188,367,212,283,278,194
1776768521.6174529,20.0,-7,16,17.46424919657298,2.1246045251305326,0.029681007440367488,188,367,212,283,278,194
1776768521.6746726,20.0,-7,16,17.46424919657298,2.1246045251305326,0.029681007440367488,188,367,212,283,278,194
1776768521.73214,20.0,-7,16,17.46424919657298,2.1246045251305326,0.029681007440367488,188,367,212,283,278,194
1776768521.7893436,20.0,-7,16,17.46424919657298,2.1246045251305326,0.029681007440367488,188,367,212,283,278,194
1776768521.843208,20.0,-7,16,17.46424919657298,2.1246045251305326,0.029681007440367488,188,367,212,283,278,194
1776768521.9004982,20.0,-7,16,17.46424919657298,2.1246045251305326,0.029681007440367488,188,367,212,283,278,194
1776768521.9575315,20.0,-7,16,17.46424919657298,2.1246045251305326,0.029681007440367488,188,367,212,283,278,194
1776768522.0143704,20.0,-7,16,17.46424919657298,2.1246045251305326,0.029681007440367488,188,367,212,283,278,194
1776768522.0722597,20.0,-7,16,17.46424919657298,2.1246045251305326,0.029681007440367488,188,367,212,283,278,194
1776768522.1292653,20.0,-7,16,17.46424919657298,2.1246045251305326,0.029681007440367488,188,367,212,283,278,194
1776768522.181882,20.0,-7,16,17.46424919657298,2.1246045251305326,0.029681007440367488,188,367,212,283,278,194
1776768522.2392235,20.0,-7,16,17.46424919657298,2.1246045251305326,0.029681007440367488,188,367,212,283,278,194
1776768522.2969992,20.0,-7,16,17.46424919657298,2.1246045251305326,0.029681007440367488,188,367,212,283,278,194
1776768522.3544989,20.0,-7,16,17.46424919657298,2.1246045251305326,0.029681007440367488,188,367,212,283,278,194
1776768522.4115672,20.0,-7,16,17.46424919657298,2.1246045251305326,0.029681007440367488,188,367,212,283,278,194
1776768522.4692607,20.0,-7,16,17.46424919657298,2.1246045251305326,0.029681007440367488,188,367,212,283,278,194
1776768522.5230215,20.0,-7,16,17.46424919657298,2.1246045251305326,0.029681007440367488,188,367,212,283,278,194
1776768522.5802288,20.0,-7,16,17.46424919657298,2.1246045251305326,0.029681007440367488,188,367,212,283,278,194
1776768522.6376746,20.0,-7,16,17.46424919657298,2.1246045251305326,0.029681007440367488,188,367,212,283,278,194
1776768522.6944654,20.0,-7,16,17.46424919657298,2.1246045251305326,0.029681007440367488,188,367,212,283,278,194
1776768522.7517314,20.0,-7,16,17.46424919657298,2.1246045251305326,0.029681007440367488,188,367,212,283,278,194
1776768522.8089445,20.0,-7,16,17.46424919657298,2.1246045251305326,0.029681007440367488,188,367,212,283,278,194
1776768522.8631,20.0,-7,16,17.46424919657298,2.1246045251305326,0.029681007440367488,188,367,212,283,278,194
1776768522.9200616,20.0,-7,16,17.46424919657298,2.1246045251305326,0.029681007440367488,188,367,212,283,278,194
1776768522.9768841,20.0,-7,16,17.46424919657298,2.1246045251305326,0.029681007440367488,188,367,212,283,278,194
1776768523.034598,20.0,-7,16,17.46424919657298,2.1246045251305326,0.029681007440367488,188,367,212,283,278,194
1776768523.0915153,20.0,-7,16,17.46424919657298,2.1246045251305326,0.029681007440367488,188,367,212,283,278,194
1776768523.1489289,20.0,-7,16,17.46424919657298,2.1246045251305326,0.029681007440367488,188,367,212,283,278,194
1776768523.2025394,20.0,-7,16,17.46424919657298,2.1246045251305326,0.029681007440367488,188,367,212,283,278,194
1776768523.2598772,20.0,-7,16,17.46424919657298,2.1246045251305326,0.029681007440367488,188,367,212,283,278,194
1776768523.3171296,20.0,-7,16,17.46424919657298,2.1246045251305326,0.029681007440367488,188,367,212,283,278,194
1776768523.3741674,20.0,-7,16,17.46424919657298,2.1246045251305326,0.029681007440367488,188,367,212,283,278,194
1776768523.4314642,20.0,-7,16,17.46424919657298,2.1246045251305326,0.029681007440367488,188,367,212,283,278,194
1776768523.4848285,20.0,-7,16,17.46424919657298,2.1246045251305326,0.029681007440367488,188,367,212,283,278,194
1776768523.5432625,20.0,-7,16,17.46424919657298,2.1246045251305326,0.029681007440367488,188,367,212,283,278,194
1776768523.599564,20.0,-7,16,17.46424919657298,2.1246045251305326,0.029681007440367488,188,367,212,283,278,194
1776768523.65711,20.0,-7,16,17.46424919657298,2.1246045251305326,0.029681007440367488,188,367,212,283,278,194
1776768523.7146676,20.0,-7,16,17.46424919657298,2.1246045251305326,0.029681007440367488,188,367,212,283,278,194
1776768523.7720728,20.0,-7,16,17.46424919657298,2.1246045251305326,0.029681007440367488,188,367,212,283,278,194
1776768523.824955,20.0,-7,16,17.46424919657298,2.1246045251305326,0.029681007440367488,188,367,212,283,278,194
1776768523.8822687,20.0,-7,16,17.46424919657298,2.1246045251305326,0.029681007440367488,188,367,212,283,278,194
1776768523.9399714,20.0,-7,16,17.46424919657298,2.1246045251305326,0.029681007440367488,188,367,212,283,278,194
1776768523.9973931,20.0,-7,16,17.46424919657298,2.1246045251305326,0.029681007440367488,188,367,212,283,278,194
1776768524.054752,20.0,-7,16,17.46424919657298,2.1246045251305326,0.029681007440367488,188,367,212,283,278,194
1776768524.111822,20.0,-7,16,17.46424919657298,2.1246045251305326,0.029681007440367488,188,367,212,283,278,194
1776768524.1649964,20.0,-7,16,17.46424919657298,2.1246045251305326,0.029681007440367488,188,367,212,283,278,194
1776768524.2223487,20.0,-7,16,17.46424919657298,2.1246045251305326,0.029681007440367488,188,367,212,283,278,194
1776768524.2798793,20.0,-7,16,17.46424919657298,2.1246045251305326,0.029681007440367488,188,367,212,283,278,194
1776768524.3363237,20.0,-7,16,17.46424919657298,2.1246045251305326,0.029681007440367488,188,367,212,283,278,194
1776768524.3939974,20.0,-7,16,17.46424919657298,2.1246045251305326,0.029681007440367488,188,367,212,283,278,194
1776768524.45099,20.0,-7,16,17.46424919657298,2.1246045251305326,0.029681007440367488,188,367,212,283,278,194
1776768524.5046313,20.0,-7,16,17.46424919657298,2.1246045251305326,0.029681007440367488,188,367,212,283,278,194
1776768524.5622761,20.0,-7,16,17.46424919657298,2.1246045251305326,0.029681007440367488,188,367,212,283,278,194
1776768524.6192837,20.0,-7,16,17.46424919657298,2.1246045251305326,0.029681007440367488,188,367,212,283,278,194
1776768524.6762962,20.0,-7,16,17.46424919657298,2.1246045251305326,0.029681007440367488,188,367,212,283,278,194
1776768524.7335567,20.0,-7,16,17.46424919657298,2.1246045251305326,0.029681007440367488,188,367,212,283,278,194
1776768524.787508,20.0,-7,16,17.46424919657298,2.1246045251305326,0.029681007440367488,188,367,212,283,278,194
1776768524.8448927,20.0,-7,16,17.46424919657298,2.1246045251305326,0.029681007440367488,188,367,212,283,278,194
1776768524.9026499,20.0,-7,16,17.46424919657298,2.1246045251305326,0.029681007440367488,188,367,212,283,278,194
1776768524.9595351,20.0,-7,16,17.46424919657298,2.1246045251305326,0.029681007440367488,188,367,212,283,278,194
1776768525.0166774,20.0,-7,16,17.46424919657298,2.1246045251305326,0.029681007440367488,188,367,212,283,278,194
1776768525.0745778,20.0,-7,16,17.46424919657298,2.1246045251305326,0.029681007440367488,188,367,212,283,278,194
1776768525.127773,20.0,-7,16,17.46424919657298,2.1246045251305326,0.029681007440367488,188,367,212,283,278,194
1776768525.1849713,20.0,-7,16,17.46424919657298,2.1246045251305326,0.029681007440367488,188,367,212,283,278,194
1776768525.242183,20.0,-7,16,17.46424919657298,2.1246045251305326,0.029681007440367488,188,367,212,283,278,194
1776768525.3014233,20.0,-7,16,17.46424919657298,2.1246045251305326,0.029681007440367488,188,367,212,283,278,194
1776768525.3565016,20.0,-7,16,17.46424919657298,2.1246045251305326,0.029681007440367488,188,367,212,283,278,194
1776768525.414111,20.0,-7,16,17.46424919657298,2.1246045251305326,0.029681007440367488,188,367,212,283,278,194
1776768525.467799,20.0,-7,16,17.46424919657298,2.1246045251305326,0.029681007440367488,188,367,212,283,278,194
1776768525.5248382,20.0,-7,16,17.46424919657298,2.1246045251305326,0.029681007440367488,188,367,212,283,278,194
1776768525.5822084,20.0,-7,16,17.46424919657298,2.1246045251305326,0.029681007440367488,188,367,212,283,278,194
1776768525.6968346,20.0,-7,16,17.46424919657298,2.1246045251305326,0.029681007440367488,188,367,212,283,278,194
1776768525.7538426,20.0,-7,16,17.46424919657298,2.1246045251305326,0.029681007440367488,188,367,212,283,278,194
1776768525.8073404,20.0,-7,16,17.46424919657298,2.1246045251305326,0.029681007440367488,188,367,212,283,278,194
1776768525.8645725,20.0,-7,16,17.46424919657298,2.1246045251305326,0.029681007440367488,188,367,212,283,278,194
1776768525.922634,20.0,-7,16,17.46424919657298,2.1246045251305326,0.029681007440367488,188,367,212,283,278,194
1776768525.979629,20.0,-7,16,17.46424919657298,2.1246045251305326,0.029681007440367488,188,367,212,283,278,194
1776768526.0368228,20.0,-7,16,17.46424919657298,2.1246045251305326,0.029681007440367488,188,367,212,283,278,194
1776768526.0941904,20.0,-7,16,17.46424919657298,2.1246045251305326,0.029681007440367488,188,367,212,283,278,194
1776768526.147112,20.0,-7,16,17.46424919657298,2.1246045251305326,0.029681007440367488,188,367,212,283,278,194
1776768526.205257,20.0,-7,16,17.46424919657298,2.1246045251305326,0.029681007440367488,188,367,212,283,278,194
1776768526.2621493,20.0,-7,16,17.46424919657298,2.1246045251305326,0.029681007440367488,188,367,212,283,278,194
1776768526.3189445,20.0,-7,16,17.46424919657298,2.1246045251305326,0.029681007440367488,188,367,212,283,278,194
1776768526.3765004,20.0,-7,16,17.46424919657298,2.1246045251305326,0.029681007440367488,188,367,212,283,278,194
1776768526.4294019,20.0,-7,16,17.46424919657298,2.1246045251305326,0.029681007440367488,188,367,212,283,278,194
1776768526.4870331,20.0,-7,16,17.46424919657298,2.1246045251305326,0.029681007440367488,188,367,212,283,278,194
1776768526.5449073,20.0,-7,16,17.46424919657298,2.1246045251305326,0.029681007440367488,188,367,212,283,278,194
1776768526.6020894,20.0,-7,16,17.46424919657298,2.1246045251305326,0.029681007440367488,188,367,212,283,278,194
1776768526.6586843,20.0,-7,16,17.46424919657298,2.1246045251305326,0.029681007440367488,188,367,212,283,278,194
1776768526.7164629,20.0,-7,16,17.46424919657298,2.1246045251305326,0.029681007440367488,188,367,212,283,278,194
1776768526.7698514,20.0,-7,16,17.46424919657298,2.1246045251305326,0.029681007440367488,188,367,212,283,278,194
1776768526.8273425,20.0,-7,16,17.46424919657298,2.1246045251305326,0.029681007440367488,188,367,212,283,278,194
1776768526.88463,20.0,-7,16,17.46424919657298,2.1246045251305326,0.029681007440367488,188,367,212,283,278,194
1776768526.9418397,20.0,-7,16,17.46424919657298,2.1246045251305326,0.029681007440367488,188,367,212,283,278,194
1776768526.9995313,20.0,-7,16,17.46424919657298,2.1246045251305326,0.029681007440367488,188,367,212,283,278,194
1776768527.0566247,20.0,-7,16,17.46424919657298,2.1246045251305326,0.029681007440367488,188,367,212,283,278,194
1776768527.109666,20.0,-7,16,17.46424919657298,2.1246045251305326,0.029681007440367488,188,367,212,283,278,194
1776768527.167091,20.0,-7,16,17.46424919657298,2.1246045251305326,0.029681007440367488,188,367,212,283,278,194
1776768527.2242694,20.0,-7,16,17.46424919657298,2.1246045251305326,0.029681007440367488,188,367,212,283,278,194
1776768527.2821498,20.0,-7,16,17.46424919657298,2.1246045251305326,0.029681007440367488,188,367,212,283,278,194
1776768527.3394022,20.0,-7,16,17.46424919657298,2.1246045251305326,0.029681007440367488,188,367,212,283,278,194
1776768527.396422,20.0,-7,16,17.46424919657298,2.1246045251305326,0.029681007440367488,188,367,212,283,278,194
1776768527.449249,20.0,-7,16,17.46424919657298,2.1246045251305326,0.029681007440367488,188,367,212,283,278,194
1776768527.5073283,20.0,-7,16,17.46424919657298,2.1246045251305326,0.029681007440367488,188,367,212,283,278,194
1776768527.5649145,20.0,-7,16,17.46424919657298,2.1246045251305326,0.029681007440367488,188,367,212,283,278,194
1776768527.6219184,20.0,-7,16,17.46424919657298,2.1246045251305326,0.029681007440367488,188,367,212,283,278,194
1776768527.67932,20.0,-7,16,17.46424919657298,2.1246045251305326,0.029681007440367488,188,367,212,283,278,194
1776768527.7326994,20.0,-7,16,17.46424919657298,2.1246045251305326,0.029681007440367488,188,367,212,283,278,194
1776768527.7898812,20.0,-7,16,17.46424919657298,2.1246045251305326,0.029681007440367488,188,367,212,283,278,194
1776768527.8475096,20.0,-7,16,17.46424919657298,2.1246045251305326,0.029681007440367488,188,367,212,283,278,194
1776768527.9043386,20.0,-7,16,17.46424919657298,2.1246045251305326,0.029681007440367488,188,367,212,283,278,194
1776768527.9616518,20.0,-7,16,17.46424919657298,2.1246045251305326,0.029681007440367488,188,367,212,283,278,194
1776768528.0193074,20.0,-7,16,17.46424919657298,2.1246045251305326,0.029681007440367488,188,367,212,283,278,194
1776768528.0718863,20.0,-7,16,17.46424919657298,2.1246045251305326,0.029681007440367488,188,367,212,283,278,194
1776768528.129904,20.0,-7,16,17.46424919657298,2.1246045251305326,0.029681007440367488,188,367,212,283,278,194
1776768528.1873543,20.0,-7,16,17.46424919657298,2.1246045251305326,0.029681007440367488,188,367,212,283,278,194
1776768528.244752,20.0,-7,16,17.46424919657298,2.1246045251305326,0.029681007440367488,188,367,212,283,278,194
1776768528.3017159,20.0,-7,16,17.46424919657298,2.1246045251305326,0.029681007440367488,188,367,212,283,278,194
1776768528.3589494,20.0,-7,16,17.46424919657298,2.1246045251305326,0.029681007440367488,188,367,212,283,278,194
1776768528.4696631,20.0,-7,16,17.46424919657298,2.1246045251305326,0.029681007440367488,188,367,212,283,278,194
1776768528.5269291,20.0,-7,16,17.46424919657298,2.1246045251305326,0.029681007440367488,188,367,212,283,278,194
1776768528.584428,20.0,-7,16,17.46424919657298,2.1246045251305326,0.029681007440367488,188,367,212,283,278,194
1776768528.6416,20.0,-7,16,17.46424919657298,2.1246045251305326,0.029681007440367488,188,367,212,283,278,194
1776768528.699247,20.0,-7,16,17.46424919657298,2.1246045251305326,0.029681007440367488,188,367,212,283,278,194
1776768528.7524061,20.0,-7,16,17.46424919657298,2.1246045251305326,0.029681007440367488,188,367,212,283,278,194
1776768528.8099914,20.0,-7,16,17.46424919657298,2.1246045251305326,0.029681007440367488,188,367,212,283,278,194
1776768528.8663192,20.0,-7,16,17.46424919657298,2.1246045251305326,0.029681007440367488,188,367,212,283,278,194
1776768528.9243,20.0,-7,16,17.46424919657298,2.1246045251305326,0.029681007440367488,188,367,212,283,278,194
1776768528.9815896,20.0,-7,16,17.46424919657298,2.1246045251305326,0.029681007440367488,188,367,212,283,278,194
1776768529.0386965,20.0,-7,16,17.46424919657298,2.1246045251305326,0.029681007440367488,188,367,212,283,278,194
1776768529.0920696,20.0,-7,16,17.46424919657298,2.1246045251305326,0.029681007440367488,188,367,212,283,278,194
1776768529.1495311,20.0,-7,16,17.46424919657298,2.1246045251305326,0.029681007440367488,188,367,212,283,278,194
1776768529.2073705,20.0,-7,16,17.46424919657298,2.1246045251305326,0.029681007440367488,188,367,212,283,278,194
1776768529.2642674,20.0,-7,16,17.46424919657298,2.1246045251305326,0.029681007440367488,188,367,212,283,278,194
1776768529.3212461,20.0,-7,16,17.46424919657298,2.1246045251305326,0.029681007440367488,188,367,212,283,278,194
1776768529.3746402,20.0,-7,16,17.46424919657298,2.1246045251305326,0.029681007440367488,188,367,212,283,278,194
1776768529.431724,20.0,-7,16,17.46424919657298,2.1246045251305326,0.029681007440367488,188,367,212,283,278,194
1776768529.4896226,20.0,-7,16,17.46424919657298,2.1246045251305326,0.029681007440367488,188,367,212,283,278,194
1776768529.5471308,20.0,-7,16,17.46424919657298,2.1246045251305326,0.029681007440367488,188,367,212,283,278,194
1776768529.6042116,20.0,-7,16,17.46424919657298,2.1246045251305326,0.029681007440367488,188,367,212,283,278,194
1776768529.6613564,20.0,-7,16,17.46424919657298,2.1246045251305326,0.029681007440367488,188,367,212,283,278,194
1776768529.7142854,20.0,-7,16,17.46424919657298,2.1246045251305326,0.029681007440367488,188,367,212,283,278,194
1776768529.7721295,20.0,-7,16,17.46424919657298,2.1246045251305326,0.029681007440367488,188,367,212,283,278,194
1776768529.8295493,20.0,-7,16,17.46424919657298,2.1246045251305326,0.029681007440367488,188,367,212,283,278,194
1776768529.8869236,20.0,-7,16,17.46424919657298,2.1246045251305326,0.029681007440367488,188,367,212,283,278,194
1776768529.944963,20.0,-7,16,17.46424919657298,2.1246045251305326,0.029681007440367488,188,367,212,283,278,194
1776768530.0018392,20.0,-7,16,17.46424919657298,2.1246045251305326,0.029681007440367488,188,367,212,283,278,194
1776768530.055364,20.0,-7,16,17.46424919657298,2.1246045251305326,0.029681007440367488,188,367,212,283,278,194
1776768530.1122825,20.0,-7,16,17.46424919657298,2.1246045251305326,0.029681007440367488,188,367,212,283,278,194
1776768530.1695683,20.0,-7,16,17.46424919657298,2.1246045251305326,0.029681007440367488,188,367,212,283,278,194
1776768530.2269435,20.0,-7,16,17.46424919657298,2.1246045251305326,0.029681007440367488,188,367,212,283,278,194
1776768530.2852316,20.0,-7,16,17.46424919657298,2.1246045251305326,0.029681007440367488,188,367,212,283,278,194
1776768530.3414552,20.0,-7,16,17.46424919657298,2.1246045251305326,0.029681007440367488,188,367,212,283,278,194
1776768530.3988721,20.0,-7,16,17.46424919657298,2.1246045251305326,0.029681007440367488,188,367,212,283,278,194
1776768530.452018,20.0,-7,16,17.46424919657298,2.1246045251305326,0.029681007440367488,188,367,212,283,278,194
1776768530.5088906,20.0,-7,16,17.46424919657298,2.1246045251305326,0.029681007440367488,188,367,212,283,278,194
1776768530.566669,20.0,-7,16,17.46424919657298,2.1246045251305326,0.029681007440367488,188,367,212,283,278,194
1776768530.623551,20.0,-7,16,17.46424919657298,2.1246045251305326,0.029681007440367488,188,367,212,283,278,194
1776768530.6775162,20.0,-7,16,17.46424919657298,2.1246045251305326,0.029681007440367488,188,367,212,283,278,194
1776768530.7351363,20.0,-7,16,17.46424919657298,2.1246045251305326,0.029681007440367488,188,367,212,283,278,194
1776768530.7918177,20.0,-7,16,17.46424919657298,2.1246045251305326,0.029681007440367488,188,367,212,283,278,194
1776768530.8496876,20.0,-7,16,17.46424919657298,2.1246045251305326,0.029681007440367488,188,367,212,283,278,194
1776768530.9069405,20.0,-7,16,17.46424919657298,2.1246045251305326,0.029681007440367488,188,367,212,283,278,194
1776768530.9642582,20.0,-7,16,17.46424919657298,2.1246045251305326,0.029681007440367488,188,367,212,283,278,194
1776768531.0173357,20.0,-7,16,17.46424919657298,2.1246045251305326,0.029681007440367488,188,367,212,283,278,194
1776768531.074051,20.0,-7,16,17.46424919657298,2.1246045251305326,0.029681007440367488,188,367,212,283,278,194
1776768531.1318676,20.0,-7,16,17.46424919657298,2.1246045251305326,0.029681007440367488,188,367,212,283,278,194
1776768531.1890533,20.0,-7,16,17.46424919657298,2.1246045251305326,0.029681007440367488,188,367,212,283,278,194
1776768531.246385,20.0,-7,16,17.46424919657298,2.1246045251305326,0.029681007440367488,188,367,212,283,278,194
1776768531.3038604,20.0,-7,16,17.46424919657298,2.1246045251305326,0.029681007440367488,188,367,212,283,278,194
1776768531.3569825,20.0,-7,16,17.46424919657298,2.1246045251305326,0.029681007440367488,188,367,212,283,278,194
1776768531.414647,20.0,-7,16,17.46424919657298,2.1246045251305326,0.029681007440367488,188,367,212,283,278,194
1776768531.4712524,20.0,-7,16,17.46424919657298,2.1246045251305326,0.029681007440367488,188,367,212,283,278,194
1776768531.529187,20.0,-7,16,17.46424919657298,2.1246045251305326,0.029681007440367488,188,367,212,283,278,194
1776768531.5866623,20.0,-7,16,17.46424919657298,2.1246045251305326,0.029681007440367488,188,367,212,283,278,194
1776768531.6445682,20.0,-7,16,17.46424919657298,2.1246045251305326,0.029681007440367488,188,367,212,283,278,194
1776768531.6974216,20.0,-7,16,17.46424919657298,2.1246045251305326,0.029681007440367488,188,367,212,283,278,194
1776768531.7544947,20.0,-7,16,17.46424919657298,2.1246045251305326,0.029681007440367488,188,367,212,283,278,194
1776768531.8123646,20.0,-7,16,17.46424919657298,2.1246045251305326,0.029681007440367488,188,367,212,283,278,194
1776768531.8692238,20.0,-7,16,17.46424919657298,2.1246045251305326,0.029681007440367488,188,367,212,283,278,194
1776768531.9267685,20.0,-7,16,17.46424919657298,2.1246045251305326,0.029681007440367488,188,367,212,283,278,194
1776768531.9839413,20.0,-7,16,17.46424919657298,2.1246045251305326,0.029681007440367488,188,367,212,283,278,194
1776768532.0374608,20.0,-7,16,17.46424919657298,2.1246045251305326,0.029681007440367488,188,367,212,283,278,194
1776768532.0950055,20.0,-7,16,17.46424919657298,2.1246045251305326,0.029681007440367488,188,367,212,283,278,194
1776768532.1521423,20.0,-7,16,17.46424919657298,2.1246045251305326,0.029681007440367488,188,367,212,283,278,194
1776768532.2088954,20.0,-7,16,17.46424919657298,2.1246045251305326,0.029681007440367488,188,367,212,283,278,194
1776768532.2664223,20.0,-7,16,17.46424919657298,2.1246045251305326,0.029681007440367488,188,367,212,283,278,194
1776768532.319426,20.0,-7,16,17.46424919657298,2.1246045251305326,0.029681007440367488,188,367,212,283,278,194
1776768532.3769536,20.0,-7,16,17.46424919657298,2.1246045251305326,0.029681007440367488,188,367,212,283,278,194
1776768532.434668,20.0,-7,16,17.46424919657298,2.1246045251305326,0.029681007440367488,188,367,212,283,278,194
1776768532.491449,20.0,-7,16,17.46424919657298,2.1246045251305326,0.029681007440367488,188,367,212,283,278,194
1776768532.5493453,20.0,-7,16,17.46424919657298,2.1246045251305326,0.029681007440367488,188,367,212,283,278,194
1776768532.606174,20.0,-7,16,17.46424919657298,2.1246045251305326,0.029681007440367488,188,367,212,283,278,194
1776768532.660002,20.0,-7,16,17.46424919657298,2.1246045251305326,0.029681007440367488,188,367,212,283,278,194
1776768532.7176385,20.0,-7,16,17.46424919657298,2.1246045251305326,0.029681007440367488,188,367,212,283,278,194
1776768532.77475,20.0,-7,16,17.46424919657298,2.1246045251305326,0.029681007440367488,188,367,212,283,278,194
1776768532.8318582,20.0,-7,16,17.46424919657298,2.1246045251305326,0.029681007440367488,188,367,212,283,278,194
1776768532.8885865,20.0,-7,16,17.46424919657298,2.1246045251305326,0.029681007440367488,188,367,212,283,278,194
1776768532.9464602,20.0,-7,16,17.46424919657298,2.1246045251305326,0.029681007440367488,188,367,212,283,278,194
1776768532.9999473,20.0,-7,16,17.46424919657298,2.1246045251305326,0.029681007440367488,188,367,212,283,278,194
1776768533.0569725,20.0,-7,16,17.46424919657298,2.1246045251305326,0.029681007440367488,188,367,212,283,278,194
1776768533.1139934,20.0,-7,16,17.46424919657298,2.1246045251305326,0.029681007440367488,188,367,212,283,278,194
1776768533.1718469,20.0,-7,16,17.46424919657298,2.1246045251305326,0.029681007440367488,188,367,212,283,278,194
1776768533.2284942,20.0,-7,16,17.46424919657298,2.1246045251305326,0.029681007440367488,188,367,212,283,278,194
1776768533.2856328,20.0,-7,16,17.46424919657298,2.1246045251305326,0.029681007440367488,188,367,212,283,278,194
1776768533.3393936,20.0,-7,16,17.46424919657298,2.1246045251305326,0.029681007440367488,188,367,212,283,278,194
1776768533.3969984,20.0,-7,16,17.46424919657298,2.1246045251305326,0.029681007440367488,188,367,212,283,278,194
1776768533.4538112,20.0,-7,16,17.46424919657298,2.1246045251305326,0.029681007440367488,188,367,212,283,278,194
1776768533.5115595,20.0,-7,16,17.46424919657298,2.1246045251305326,0.029681007440367488,188,367,212,283,278,194
1776768533.5684388,20.0,-7,16,17.46424919657298,2.1246045251305326,0.029681007440367488,188,367,212,283,278,194
1776768533.6223233,20.0,-7,16,17.46424919657298,2.1246045251305326,0.029681007440367488,188,367,212,283,278,194
1776768533.6796553,20.0,-7,16,17.46424919657298,2.1246045251305326,0.029681007440367488,188,367,212,283,278,194
1776768533.7368832,20.0,-7,16,17.46424919657298,2.1246045251305326,0.029681007440367488,188,367,212,283,278,194
1776768533.7945,20.0,-7,16,17.46424919657298,2.1246045251305326,0.029681007440367488,188,367,212,283,278,194
1776768533.851494,20.0,-7,16,17.46424919657298,2.1246045251305326,0.029681007440367488,188,367,212,283,278,194
1776768533.9089606,20.0,-7,16,17.46424919657298,2.1246045251305326,0.029681007440367488,188,367,212,283,278,194
1776768533.961886,20.0,-7,16,17.46424919657298,2.1246045251305326,0.029681007440367488,188,367,212,283,278,194
1776768534.0197766,20.0,-7,16,17.46424919657298,2.1246045251305326,0.029681007440367488,188,367,212,283,278,194
1776768534.0770643,20.0,-7,16,17.46424919657298,2.1246045251305326,0.029681007440367488,188,367,212,283,278,194
1776768534.1335435,20.0,-7,16,17.46424919657298,2.1246045251305326,0.029681007440367488,188,367,212,283,278,194
1776768534.1908708,20.0,-7,16,17.46424919657298,2.1246045251305326,0.029681007440367488,188,367,212,283,278,194
1776768534.2481334,20.0,-7,16,17.46424919657298,2.1246045251305326,0.029681007440367488,188,367,212,283,278,194
1776768534.3015292,20.0,-7,16,17.46424919657298,2.1246045251305326,0.029681007440367488,188,367,212,283,278,194
1776768534.358812,20.0,-7,16,17.46424919657298,2.1246045251305326,0.029681007440367488,188,367,212,283,278,194
1776768534.4162335,20.0,-7,16,17.46424919657298,2.1246045251305326,0.029681007440367488,188,367,212,283,278,194
1776768534.4735386,20.0,-7,16,17.46424919657298,2.1246045251305326,0.029681007440367488,188,367,212,283,278,194
1776768534.5308418,20.0,-7,16,17.46424919657298,2.1246045251305326,0.029681007440367488,188,367,212,283,278,194
1776768534.5881402,20.0,-7,16,17.46424919657298,2.1246045251305326,0.029681007440367488,188,367,212,283,278,194
1776768534.641507,20.0,-7,16,17.46424919657298,2.1246045251305326,0.029681007440367488,188,367,212,283,278,194
1776768534.6987612,20.0,-7,16,17.46424919657298,2.1246045251305326,0.029681007440367488,188,367,212,283,278,194
1776768534.7561858,20.0,-7,16,17.46424919657298,2.1246045251305326,0.029681007440367488,188,367,212,283,278,194
1776768534.8138044,20.0,-7,16,17.46424919657298,2.1246045251305326,0.029681007440367488,188,367,212,283,278,194
1776768534.8709402,20.0,-7,16,17.46424919657298,2.1246045251305326,0.029681007440367488,188,367,212,283,278,194
1776768534.9241393,20.0,-7,16,17.46424919657298,2.1246045251305326,0.029681007440367488,188,367,212,283,278,194
1776768534.9814389,20.0,-7,16,17.46424919657298,2.1246045251305326,0.029681007440367488,188,367,212,283,278,194
1776768535.0388274,20.0,-7,16,17.46424919657298,2.1246045251305326,0.029681007440367488,188,367,212,283,278,194
1776768535.09605,20.0,-7,16,17.46424919657298,2.1246045251305326,0.029681007440367488,188,367,212,283,278,194
1776768535.1533742,20.0,-7,16,17.46424919657298,2.1246045251305326,0.029681007440367488,188,367,212,283,278,194
1776768535.2107148,20.0,-7,16,17.46424919657298,2.1246045251305326,0.029681007440367488,188,367,212,283,278,194
1776768535.2653697,20.0,-7,16,17.46424919657298,2.1246045251305326,0.029681007440367488,188,367,212,283,278,194
1776768535.3216622,20.0,-7,16,17.46424919657298,2.1246045251305326,0.029681007440367488,188,367,212,283,278,194
1776768535.3795116,20.0,-7,16,17.46424919657298,2.1246045251305326,0.029681007440367488,188,367,212,283,278,194
1776768535.4371912,20.0,-7,16,17.46424919657298,2.1246045251305326,0.029681007440367488,188,367,212,283,278,194
1776768535.4934947,20.0,-7,16,17.46424919657298,2.1246045251305326,0.029681007440367488,188,367,212,283,278,194
1776768535.550688,20.0,-7,16,17.46424919657298,2.1246045251305326,0.029681007440367488,188,367,212,283,278,194
1776768535.6046124,20.0,-7,16,17.46424919657298,2.1246045251305326,0.029681007440367488,188,367,212,283,278,194
1776768535.661811,20.0,-7,16,17.46424919657298,2.1246045251305326,0.029681007440367488,188,367,212,283,278,194
1776768535.7194285,20.0,-7,16,17.46424919657298,2.1246045251305326,0.029681007440367488,188,367,212,283,278,194
1776768535.7767994,20.0,-7,16,17.46424919657298,2.1246045251305326,0.029681007440367488,188,367,212,283,278,194
1776768535.8335319,20.0,-7,16,17.46424919657298,2.1246045251305326,0.029681007440367488,188,367,212,283,278,194
1776768535.8912752,20.0,-7,16,17.46424919657298,2.1246045251305326,0.029681007440367488,188,367,212,283,278,194
1776768535.9443948,20.0,-7,16,17.46424919657298,2.1246045251305326,0.029681007440367488,188,367,212,283,278,194
1776768536.0020115,20.0,-7,16,17.46424919657298,2.1246045251305326,0.029681007440367488,188,367,212,283,278,194
1776768536.059129,20.0,-7,16,17.46424919657298,2.1246045251305326,0.029681007440367488,188,367,212,283,278,194
1776768536.116861,20.0,-7,16,17.46424919657298,2.1246045251305326,0.029681007440367488,188,367,212,283,278,194
1776768536.173938,20.0,-7,16,17.46424919657298,2.1246045251305326,0.029681007440367488,188,367,212,283,278,194
1776768536.2274873,20.0,-7,16,17.46424919657298,2.1246045251305326,0.029681007440367488,188,367,212,283,278,194
1776768536.285283,20.0,-7,16,17.46424919657298,2.1246045251305326,0.029681007440367488,188,367,212,283,278,194
1776768536.34228,20.0,-7,16,17.46424919657298,2.1246045251305326,0.029681007440367488,188,367,212,283,278,194
1776768536.399351,20.0,-7,16,17.46424919657298,2.1246045251305326,0.029681007440367488,188,367,212,283,278,194
1776768536.4564407,20.0,-7,16,17.46424919657298,2.1246045251305326,0.029681007440367488,188,367,212,283,278,194
1776768536.513537,20.0,-7,16,17.46424919657298,2.1246045251305326,0.029681007440367488,188,367,212,283,278,194
1776768536.5672257,20.0,-7,16,17.46424919657298,2.1246045251305326,0.029681007440367488,188,367,212,283,278,194
1776768536.6245997,20.0,-7,16,17.46424919657298,2.1246045251305326,0.029681007440367488,188,367,212,283,278,194
1776768536.6818752,20.0,-7,16,17.46424919657298,2.1246045251305326,0.029681007440367488,188,367,212,283,278,194
1776768536.739342,20.0,-7,16,17.46424919657298,2.1246045251305326,0.029681007440367488,188,367,212,283,278,194
1776768536.796442,20.0,-7,16,17.46424919657298,2.1246045251305326,0.029681007440367488,188,367,212,283,278,194
1776768536.8539104,20.0,-7,16,17.46424919657298,2.1246045251305326,0.029681007440367488,188,367,212,283,278,194
1776768536.907292,20.0,-7,16,17.46424919657298,2.1246045251305326,0.029681007440367488,188,367,212,283,278,194
1776768536.9647486,20.0,-7,16,17.46424919657298,2.1246045251305326,0.029681007440367488,188,367,212,283,278,194
1776768537.0220594,20.0,-7,16,17.46424919657298,2.1246045251305326,0.029681007440367488,188,367,212,283,278,194
1776768537.079552,20.0,-7,16,17.46424919657298,2.1246045251305326,0.029681007440367488,188,367,212,283,278,194
1776768537.1364324,20.0,-7,16,17.46424919657298,2.1246045251305326,0.029681007440367488,188,367,212,283,278,194
1776768537.1934645,20.0,-7,16,17.46424919657298,2.1246045251305326,0.029681007440367488,188,367,212,283,278,194
1776768537.2474258,20.0,-7,16,17.46424919657298,2.1246045251305326,0.029681007440367488,188,367,212,283,278,194
1776768537.303833,20.0,-7,16,17.46424919657298,2.1246045251305326,0.029681007440367488,188,367,212,283,278,194
1776768537.3618264,20.0,-7,16,17.46424919657298,2.1246045251305326,0.029681007440367488,188,367,212,283,278,194
1776768537.4197943,20.0,-7,16,17.46424919657298,2.1246045251305326,0.029681007440367488,188,367,212,283,278,194
1776768537.4777818,20.0,-7,16,17.46424919657298,2.1246045251305326,0.029681007440367488,188,367,212,283,278,194
1776768537.5339909,20.0,-7,16,17.46424919657298,2.1246045251305326,0.029681007440367488,188,367,212,283,278,194
1776768537.587082,20.0,-7,16,17.46424919657298,2.1246045251305326,0.029681007440367488,188,367,212,283,278,194
1776768537.644511,20.0,-7,16,17.46424919657298,2.1246045251305326,0.029681007440367488,188,367,212,283,278,194
1776768537.700961,20.0,-7,16,17.46424919657298,2.1246045251305326,0.029681007440367488,188,367,212,283,278,194
1776768537.7584941,20.0,-7,16,17.46424919657298,2.1246045251305326,0.029681007440367488,188,367,212,283,278,194
1776768537.8160903,20.0,-7,16,17.46424919657298,2.1246045251305326,0.029681007440367488,188,367,212,283,278,194
1776768537.8691268,20.0,-7,16,17.46424919657298,2.1246045251305326,0.029681007440367488,188,367,212,283,278,194
1776768537.927263,20.0,-7,16,17.46424919657298,2.1246045251305326,0.029681007440367488,188,367,212,283,278,194
1776768537.9854846,20.0,-7,16,17.46424919657298,2.1246045251305326,0.029681007440367488,188,367,212,283,278,194
1776768538.0418613,20.0,-7,16,17.46424919657298,2.1246045251305326,0.029681007440367488,188,367,212,283,278,194
1776768538.099242,20.0,-7,16,17.46424919657298,2.1246045251305326,0.029681007440367488,188,367,212,283,278,194
1776768538.1562276,20.0,-7,16,17.46424919657298,2.1246045251305326,0.029681007440367488,188,367,212,283,278,194
1776768538.2096477,20.0,-7,16,17.46424919657298,2.1246045251305326,0.029681007440367488,188,367,212,283,278,194
1776768538.267329,20.0,-7,16,17.46424919657298,2.1246045251305326,0.029681007440367488,188,367,212,283,278,194
1776768538.323641,20.0,-7,16,17.46424919657298,2.1246045251305326,0.029681007440367488,188,367,212,283,278,194
1776768538.3812525,20.0,-7,16,17.46424919657298,2.1246045251305326,0.029681007440367488,188,367,212,283,278,194
1776768538.4396331,20.0,-7,16,17.46424919657298,2.1246045251305326,0.029681007440367488,188,367,212,283,278,194
1776768538.4962816,20.0,-7,16,17.46424919657298,2.1246045251305326,0.029681007440367488,188,367,212,283,278,194
1776768538.549729,20.0,-7,16,17.46424919657298,2.1246045251305326,0.029681007440367488,188,367,212,283,278,194
1776768538.606936,20.0,-7,16,17.46424919657298,2.1246045251305326,0.029681007440367488,188,367,212,283,278,194
1776768538.6640525,20.0,-7,16,17.46424919657298,2.1246045251305326,0.029681007440367488,188,367,212,283,278,194
1776768538.7215772,20.0,-7,16,17.46424919657298,2.1246045251305326,0.029681007440367488,188,367,212,283,278,194
1776768538.7789636,20.0,-7,16,17.46424919657298,2.1246045251305326,0.029681007440367488,188,367,212,283,278,194
1776768538.8363085,20.0,-7,16,17.46424919657298,2.1246045251305326,0.029681007440367488,188,367,212,283,278,194
1776768538.8896208,20.0,-7,16,17.46424919657298,2.1246045251305326,0.029681007440367488,188,367,212,283,278,194
1776768538.9473312,20.0,-7,16,17.46424919657298,2.1246045251305326,0.029681007440367488,188,367,212,283,278,194
1776768539.0044758,20.0,-7,16,17.46424919657298,2.1246045251305326,0.029681007440367488,188,367,212,283,278,194
1776768539.0618606,20.0,-7,16,17.46424919657298,2.1246045251305326,0.029681007440367488,188,367,212,283,278,194
1776768539.118825,20.0,-7,16,17.46424919657298,2.1246045251305326,0.029681007440367488,188,367,212,283,278,194
1776768539.1759276,20.0,-7,16,17.46424919657298,2.1246045251305326,0.029681007440367488,188,367,212,283,278,194
1776768539.231319,20.0,-7,16,17.46424919657298,2.1246045251305326,0.029681007440367488,188,367,212,283,278,194
1776768539.2862794,20.0,-7,16,17.46424919657298,2.1246045251305326,0.029681007440367488,188,367,212,283,278,194
1776768539.3436172,20.0,-7,16,17.46424919657298,2.1246045251305326,0.029681007440367488,188,367,212,283,278,194
1776768539.401244,20.0,-7,16,17.46424919657298,2.1246045251305326,0.029681007440367488,188,367,212,283,278,194
1776768539.459201,20.0,-7,16,17.46424919657298,2.1246045251305326,0.029681007440367488,188,367,212,283,278,194
