time,pressure_kPa,dx_px,dy_px,tip_disp_px,tip_disp_mm,curvature_1_per_mm,base_x,base_y,mid_x,mid_y,tip_x,tip_y
1776767672.1245112,1.8946741057574532,0,0,0.0,0.0,0.03665355800391235,189,358,200,312,230,255
1776767672.1818202,1.9054022317272334,0,0,0.0,0.0,0.03665355800391235,189,358,200,312,230,255
1776767672.238954,1.8946206695181704,0,0,0.0,0.0,0.03665355800391235,189,358,200,312,230,255
1776767672.2962437,1.8983862008554548,0,0,0.0,0.0,0.03665355800391235,189,358,200,312,230,255
1776767672.3543248,1.906515860256634,0,0,0.0,0.0,0.03665355800391235,189,358,200,312,230,255
1776767672.4113953,1.9229547580769948,0,0,0.0,0.0,0.03665355800391235,189,358,200,312,230,255
1776767672.4649158,1.9208864274230995,0,0,0.0,0.0,0.03665355800391235,189,358,200,312,230,255
1776767672.521776,1.9482659282269252,0,0,0.0,0.0,0.03665355800391235,189,358,200,312,230,255
1776767672.5789025,2.0054797784680782,0,0,0.0,0.0,0.03665355800391235,189,358,200,312,230,255
1776767672.6369424,2.0296439335404277,0,0,0.0,0.0,0.03665355800391235,189,358,200,312,230,255
1776767672.6938894,2.0088931800621284,0,0,0.0,0.0,0.03665355800391235,189,358,200,312,230,255
1776767672.7511137,2.030667954018643,0,0,0.0,0.0,0.03665355800391235,189,358,200,312,230,255
1776767672.8044386,2.0302003862055935,0,0,0.0,0.0,0.03665355800391235,189,358,200,312,230,255
1776767672.8619711,2.009060115861678,0,0,0.0,0.0,0.03665355800391235,189,358,200,312,230,255
1776767672.919147,2.009718034758507,0,0,0.0,0.0,0.03665355800391235,189,358,200,312,230,255
1776767672.9764812,2.0169154104275493,0,0,0.0,0.0,0.03665355800391235,189,358,200,312,230,255
1776767673.0338767,2.033074623128269,0,0,0.0,0.0,0.03665355800391235,189,358,200,312,230,255
1776767673.0909274,2.0239223869384775,0,0,0.0,0.0,0.03665355800391235,189,358,200,312,230,255
1776767673.1448686,2.049176716081545,0,0,0.0,0.0,0.03665355800391235,189,358,200,312,230,255
1776767673.2019658,2.049753014824461,0,0,0.0,0.0,0.03665355800391235,189,358,200,312,230,255
1776767673.2590876,2.0429259044473427,0,0,0.0,0.0,0.03665355800391235,189,358,200,312,230,255
1776767673.3160307,2.0478777713342007,0,0,0.0,0.0,0.03665355800391235,189,358,200,312,230,255
1776767673.37332,2.028363331400257,0,0,0.0,0.0,0.03665355800391235,189,358,200,312,230,255
1776767673.430916,2.043508999420075,0,0,0.0,0.0,0.03665355800391235,189,358,200,312,230,255
1776767673.4846642,2.0480526998260205,0,0,0.0,0.0,0.03665355800391235,189,358,200,312,230,255
1776767673.542089,2.0774158099478086,0,0,0.0,0.0,0.03665355800391235,189,358,200,312,230,255
1776767673.5987756,2.1072247429843456,0,0,0.0,0.0,0.03665355800391235,189,358,200,312,230,255
1776767673.656252,2.1161674228953067,0,0,0.0,0.0,0.03665355800391235,189,358,200,312,230,255
1776767673.7136905,2.1258502268685886,0,0,0.0,0.0,0.03665355800391235,189,358,200,312,230,255
1776767673.7675633,2.128755068060573,0,0,0.0,0.0,0.03665355800391235,189,358,200,312,230,255
1776767673.8243966,2.1156265204181715,0,0,0.0,0.0,0.03665355800391235,189,358,200,312,230,255
1776767673.8813548,2.1536879561254523,0,0,0.0,0.0,0.03665355800391235,189,358,200,312,230,255
1776767673.938563,2.158106386837633,0,0,0.0,0.0,0.03665355800391235,189,358,200,312,230,255
1776767673.996487,2.152431916051294,0,0,0.0,0.0,0.03665355800391235,189,358,200,312,230,255
1776767674.0545075,2.1647295748153894,0,0,0.0,0.0,0.03665355800391235,189,358,200,312,230,255
1776767674.1069264,2.1754188724446215,0,0,0.0,0.0,0.03665355800391235,189,358,200,312,230,255
1776767674.1642914,2.199625661733382,0,0,0.0,0.0,0.03665355800391235,189,358,200,312,230,255
1776767674.2785735,2.2698876985200123,0,0,0.0,0.0,0.03665355800391235,189,358,200,312,230,255
1776767674.3363924,2.2909663095560013,0,0,0.0,0.0,0.03665355800391235,189,358,200,312,230,255
1776767674.3934987,2.2972898928667984,0,0,0.0,0.0,0.03665355800391235,189,358,200,312,230,255
1776767674.4471962,2.3131869678600347,0,0,0.0,0.0,0.03665355800391235,189,358,200,312,230,255
1776767674.5043347,2.3319560903580125,0,0,0.0,0.0,0.03665355800391235,189,358,200,312,230,255
1776767674.5617065,2.351586827107403,0,0,0.0,0.0,0.03665355800391235,189,358,200,312,230,255
1776767674.6189504,2.3364760481322198,0,0,0.0,0.0,0.03665355800391235,189,358,200,312,230,255
1776767674.675784,2.4089428144396643,0,0,0.0,0.0,0.03665355800391235,189,358,200,312,230,255
1776767674.7337432,2.4306828443318977,0,0,0.0,0.0,0.03665355800391235,189,358,200,312,230,255
1776767674.7868662,2.4862048532995726,0,0,0.0,0.0,0.03665355800391235,189,358,200,312,230,255
1776767674.8444126,2.4958614559898717,0,0,0.0,0.0,0.03665355800391235,189,358,200,312,230,255
1776767674.9019392,2.484758436796964,0,0,0.0,0.0,0.03665355800391235,189,358,200,312,230,255
1776767674.9590466,2.481427531039092,0,0,0.0,0.0,0.03665355800391235,189,358,200,312,230,255
1776767675.015989,2.4944282593117277,0,0,0.0,0.0,0.03665355800391235,189,358,200,312,230,255
1776767675.073633,2.484328477793521,0,0,0.0,0.0,0.03665355800391235,189,358,200,312,230,255
1776767675.1265483,2.460298543338058,0,0,0.0,0.0,0.03665355800391235,189,358,200,312,230,255
1776767675.1844764,2.47408956300142,0,0,0.0,0.0,0.03665355800391235,189,358,200,312,230,255
1776767675.241207,2.485226868900422,0,0,0.0,0.0,0.03665355800391235,189,358,200,312,230,255
1776767675.2985635,2.516568060670127,0,0,0.0,0.0,0.03665355800391235,189,358,200,312,230,255
1776767675.3570902,2.5469704182010395,0,0,0.0,0.0,0.03665355800391235,189,358,200,312,230,255
1776767675.4096549,2.6120911254603123,0,0,0.0,0.0,0.03665355800391235,189,358,200,312,230,255
1776767675.4669414,2.6176273376380967,0,0,0.0,0.0,0.03665355800391235,189,358,200,312,230,255
1776767675.5241761,2.619288201291432,0,0,0.0,0.0,0.03665355800391235,189,358,200,312,230,255
1776767675.5810516,2.6197864603874326,0,0,0.0,0.0,0.03665355800391235,189,358,200,312,230,255
1776767675.638553,2.6059359381162257,0,0,0.0,0.0,0.03665355800391235,189,358,200,312,230,255
1776767675.6957285,2.59478078143487,0,0,0.0,0.0,0.03665355800391235,189,358,200,312,230,255
1776767675.7491784,2.591434234430463,0,0,0.0,0.0,0.03665355800391235,189,358,200,312,230,255
1776767675.80639,2.660430270329137,0,0,0.0,0.0,0.03665355800391235,189,358,200,312,230,255
1776767675.8636878,2.6741290810987457,0,0,0.0,0.0,0.03665355800391235,189,358,200,312,230,255
1776767675.921023,2.671238724329625,0,0,0.0,0.0,0.03665355800391235,189,358,200,312,230,255
1776767675.9783907,2.663371617298885,0,0,0.0,0.0,0.03665355800391235,189,358,200,312,230,255
1776767676.0358267,2.6540114851896695,0,0,0.0,0.0,0.03665355800391235,189,358,200,312,230,255
1776767676.0893884,2.6512034455569045,0,0,0.0,0.0,0.03665355800391235,189,358,200,312,230,255
1776767676.1467626,2.636361033667068,0,0,0.0,0.0,0.03665355800391235,189,358,200,312,230,255
1776767676.2039292,2.6319083101001173,0,0,0.0,0.0,0.03665355800391235,189,358,200,312,230,255
1776767676.2614772,2.6515724930300326,0,0,0.0,0.0,0.03665355800391235,189,358,200,312,230,255
1776767676.3188057,2.671471747909014,0,0,0.0,0.0,0.03665355800391235,189,358,200,312,230,255
1776767676.3756247,2.6704415243727055,0,0,0.0,0.0,0.03665355800391235,189,358,200,312,230,255
1776767676.4290183,2.6981324573118073,0,0,0.0,0.0,0.03665355800391235,189,358,200,312,230,255
1776767676.4864259,2.6924397371935402,0,0,0.0,0.0,0.03665355800391235,189,358,200,312,230,255
1776767676.549256,2.6907319211580605,0,0,0.0,0.0,0.03665355800391235,189,358,200,312,230,255
1776767676.6590312,2.6832195763474225,0,0,0.0,0.0,0.03665355800391235,189,358,200,312,230,255
1776767676.7118835,2.652965872904227,0,0,0.0,0.0,0.03665355800391235,189,358,200,312,230,255
1776767676.76954,2.6578897618712656,0,0,0.0,0.0,0.03665355800391235,189,358,200,312,230,255
1776767676.8266919,2.7083669285613823,0,0,0.0,0.0,0.03665355800391235,189,358,200,312,230,255
1776767676.8851426,2.7083669285613823,0,0,0.0,0.0,0.03665355800391235,189,358,200,312,230,255
1776767676.9413934,2.7083669285613823,0,0,0.0,0.0,0.03665355800391235,189,358,200,312,230,255
1776767676.9990795,2.7083669285613823,0,0,0.0,0.0,0.03665355800391235,189,358,200,312,230,255
1776767677.0515804,2.7083669285613823,0,0,0.0,0.0,0.03665355800391235,189,358,200,312,230,255
1776767677.1093035,2.7083669285613823,0,0,0.0,0.0,0.03665355800391235,189,358,200,312,230,255
1776767677.1666348,2.7083669285613823,0,0,0.0,0.0,0.03665355800391235,189,358,200,312,230,255
1776767677.2239199,2.7083669285613823,0,0,0.0,0.0,0.03665355800391235,189,358,200,312,230,255
1776767677.2815208,2.7083669285613823,0,0,0.0,0.0,0.03665355800391235,189,358,200,312,230,255
1776767677.338646,2.7083669285613823,0,0,0.0,0.0,0.03665355800391235,189,358,200,312,230,255
1776767677.3922565,2.7083669285613823,0,0,0.0,0.0,0.03665355800391235,189,358,200,312,230,255
1776767677.4491909,2.7083669285613823,0,0,0.0,0.0,0.03665355800391235,189,358,200,312,230,255
1776767677.5067003,2.7083669285613823,0,0,0.0,0.0,0.03665355800391235,189,358,200,312,230,255
1776767677.5638583,2.7083669285613823,0,0,0.0,0.0,0.03665355800391235,189,358,200,312,230,255
1776767677.6210482,2.7083669285613823,0,0,0.0,0.0,0.03665355800391235,189,358,200,312,230,255
1776767677.6786797,2.7083669285613823,0,0,0.0,0.0,0.03665355800391235,189,358,200,312,230,255
1776767677.7314432,2.7083669285613823,0,0,0.0,0.0,0.03665355800391235,189,358,200,312,230,255
1776767677.7892256,2.7083669285613823,0,0,0.0,0.0,0.03665355800391235,189,358,200,312,230,255
1776767677.846212,2.7083669285613823,0,0,0.0,0.0,0.03665355800391235,189,358,200,312,230,255
1776767677.9040167,2.7083669285613823,0,0,0.0,0.0,0.03665355800391235,189,358,200,312,230,255
1776767677.9607708,2.7083669285613823,0,0,0.0,0.0,0.03665355800391235,189,358,200,312,230,255
1776767678.0145862,2.7083669285613823,0,0,0.0,0.0,0.03665355800391235,189,358,200,312,230,255
1776767678.0724156,2.7083669285613823,0,0,0.0,0.0,0.03665355800391235,189,358,200,312,230,255
1776767678.1294453,2.7083669285613823,0,0,0.0,0.0,0.03665355800391235,189,358,200,312,230,255
1776767678.186509,2.7083669285613823,0,0,0.0,0.0,0.03665355800391235,189,358,200,312,230,255
1776767678.2436342,2.7083669285613823,0,0,0.0,0.0,0.03665355800391235,189,358,200,312,230,255
1776767678.3018656,2.7083669285613823,0,0,0.0,0.0,0.03665355800391235,189,358,200,312,230,255
1776767678.3546557,2.7083669285613823,0,0,0.0,0.0,0.03665355800391235,189,358,200,312,230,255
1776767678.4125414,2.7083669285613823,0,0,0.0,0.0,0.03665355800391235,189,358,200,312,230,255
1776767678.4688482,2.7083669285613823,0,0,0.0,0.0,0.03665355800391235,189,358,200,312,230,255
1776767678.526719,2.7083669285613823,0,0,0.0,0.0,0.03665355800391235,189,358,200,312,230,255
1776767678.5838122,2.7083669285613823,0,0,0.0,0.0,0.03665355800391235,189,358,200,312,230,255
1776767678.64128,2.7083669285613823,0,0,0.0,0.0,0.03665355800391235,189,358,200,312,230,255
1776767678.694497,2.7083669285613823,0,0,0.0,0.0,0.03665355800391235,189,358,200,312,230,255
1776767678.7512524,2.7083669285613823,0,0,0.0,0.0,0.03665355800391235,189,358,200,312,230,255
1776767678.8085887,2.7083669285613823,0,0,0.0,0.0,0.03665355800391235,189,358,200,312,230,255
1776767678.8660085,2.7083669285613823,0,0,0.0,0.0,0.03665355800391235,189,358,200,312,230,255
1776767678.9236603,2.7083669285613823,0,0,0.0,0.0,0.03665355800391235,189,358,200,312,230,255
1776767678.9809482,2.7083669285613823,0,0,0.0,0.0,0.03665355800391235,189,358,200,312,230,255
1776767679.0345018,2.7083669285613823,0,0,0.0,0.0,0.03665355800391235,189,358,200,312,230,255
1776767679.0916584,2.7083669285613823,0,0,0.0,0.0,0.03665355800391235,189,358,200,312,230,255
1776767679.149061,2.7083669285613823,0,0,0.0,0.0,0.03665355800391235,189,358,200,312,230,255
1776767679.2068338,2.7083669285613823,0,0,0.0,0.0,0.03665355800391235,189,358,200,312,230,255
1776767679.2636173,2.7083669285613823,0,0,0.0,0.0,0.03665355800391235,189,358,200,312,230,255
1776767679.3208747,2.7083669285613823,0,0,0.0,0.0,0.03665355800391235,189,358,200,312,230,255
1776767679.3744164,2.7083669285613823,0,0,0.0,0.0,0.03665355800391235,189,358,200,312,230,255
1776767679.4328597,2.7083669285613823,0,0,0.0,0.0,0.03665355800391235,189,358,200,312,230,255
1776767679.4893992,2.7083669285613823,0,0,0.0,0.0,0.03665355800391235,189,358,200,312,230,255
1776767679.5463219,2.7083669285613823,0,0,0.0,0.0,0.03665355800391235,189,358,200,312,230,255
1776767679.604321,2.7083669285613823,0,0,0.0,0.0,0.03665355800391235,189,358,200,312,230,255
1776767679.6567028,2.7083669285613823,0,0,0.0,0.0,0.03665355800391235,189,358,200,312,230,255
1776767679.7144403,2.7083669285613823,0,0,0.0,0.0,0.03665355800391235,189,358,200,312,230,255
1776767679.7717156,2.7083669285613823,0,0,0.0,0.0,0.03665355800391235,189,358,200,312,230,255
1776767679.8291457,2.7083669285613823,0,0,0.0,0.0,0.03665355800391235,189,358,200,312,230,255
1776767679.8863983,2.7083669285613823,0,0,0.0,0.0,0.03665355800391235,189,358,200,312,230,255
1776767679.9438117,2.7083669285613823,0,0,0.0,0.0,0.03665355800391235,189,358,200,312,230,255
1776767679.9971912,2.7083669285613823,0,0,0.0,0.0,0.03665355800391235,189,358,200,312,230,255
1776767680.0541604,2.7083669285613823,0,0,0.0,0.0,0.03665355800391235,189,358,200,312,230,255
1776767680.1116626,2.7083669285613823,0,0,0.0,0.0,0.03665355800391235,189,358,200,312,230,255
1776767680.168704,2.7083669285613823,0,0,0.0,0.0,0.03665355800391235,189,358,200,312,230,255
1776767680.2264042,2.7083669285613823,0,0,0.0,0.0,0.03665355800391235,189,358,200,312,230,255
1776767680.2836196,2.7083669285613823,0,0,0.0,0.0,0.03665355800391235,189,358,200,312,230,255
1776767680.3369725,2.7083669285613823,0,0,0.0,0.0,0.03665355800391235,189,358,200,312,230,255
1776767680.3943682,2.7083669285613823,0,0,0.0,0.0,0.03665355800391235,189,358,200,312,230,255
1776767680.451047,2.7083669285613823,0,0,0.0,0.0,0.03665355800391235,189,358,200,312,230,255
1776767680.5084348,2.7083669285613823,0,0,0.0,0.0,0.03665355800391235,189,358,200,312,230,255
1776767680.5666049,2.7083669285613823,0,0,0.0,0.0,0.03665355800391235,189,358,200,312,230,255
1776767680.6235075,2.7083669285613823,0,0,0.0,0.0,0.03665355800391235,189,358,200,312,230,255
1776767680.676814,2.7083669285613823,0,0,0.0,0.0,0.03665355800391235,189,358,200,312,230,255
1776767680.7342453,2.7083669285613823,0,0,0.0,0.0,0.03665355800391235,189,358,200,312,230,255
1776767680.792186,2.7083669285613823,0,0,0.0,0.0,0.03665355800391235,189,358,200,312,230,255
1776767680.8490486,2.7083669285613823,0,0,0.0,0.0,0.03665355800391235,189,358,200,312,230,255
1776767680.9058044,2.7083669285613823,0,0,0.0,0.0,0.03665355800391235,189,358,200,312,230,255
1776767680.9636364,2.7083669285613823,0,0,0.0,0.0,0.03665355800391235,189,358,200,312,230,255
1776767681.0164914,2.7083669285613823,0,0,0.0,0.0,0.03665355800391235,189,358,200,312,230,255
1776767681.0739136,2.7083669285613823,0,0,0.0,0.0,0.03665355800391235,189,358,200,312,230,255
1776767681.133415,2.7083669285613823,0,0,0.0,0.0,0.03665355800391235,189,358,200,312,230,255
1776767681.1886194,2.7083669285613823,0,0,0.0,0.0,0.03665355800391235,189,358,200,312,230,255
1776767681.2456686,2.7083669285613823,0,0,0.0,0.0,0.03665355800391235,189,358,200,312,230,255
1776767681.2992492,2.7083669285613823,0,0,0.0,0.0,0.03665355800391235,189,358,200,312,230,255
1776767681.3567624,2.7083669285613823,0,0,0.0,0.0,0.03665355800391235,189,358,200,312,230,255
1776767681.4136302,2.7083669285613823,0,0,0.0,0.0,0.03665355800391235,189,358,200,312,230,255
1776767681.4718342,2.7083669285613823,0,0,0.0,0.0,0.03665355800391235,189,358,200,312,230,255
1776767681.5284193,2.7083669285613823,0,0,0.0,0.0,0.03665355800391235,189,358,200,312,230,255
1776767681.586241,2.7083669285613823,0,0,0.0,0.0,0.03665355800391235,189,358,200,312,230,255
1776767681.638839,2.7083669285613823,0,0,0.0,0.0,0.03665355800391235,189,358,200,312,230,255
1776767681.69618,2.7083669285613823,0,0,0.0,0.0,0.03665355800391235,189,358,200,312,230,255
1776767681.7535243,2.7083669285613823,0,0,0.0,0.0,0.03665355800391235,189,358,200,312,230,255
1776767681.8111665,2.7083669285613823,0,0,0.0,0.0,0.03665355800391235,189,358,200,312,230,255
1776767681.868135,2.7083669285613823,0,0,0.0,0.0,0.03665355800391235,189,358,200,312,230,255
1776767681.9255397,2.7083669285613823,0,0,0.0,0.0,0.03665355800391235,189,358,200,312,230,255
1776767681.978841,2.7083669285613823,0,0,0.0,0.0,0.03665355800391235,189,358,200,312,230,255
1776767682.0360925,2.7083669285613823,0,0,0.0,0.0,0.03665355800391235,189,358,200,312,230,255
1776767682.0938196,2.7083669285613823,0,0,0.0,0.0,0.03665355800391235,189,358,200,312,230,255
1776767682.1515388,2.7083669285613823,0,0,0.0,0.0,0.03665355800391235,189,358,200,312,230,255
1776767682.208566,2.7083669285613823,0,0,0.0,0.0,0.03665355800391235,189,358,200,312,230,255
1776767682.26597,2.7083669285613823,0,0,0.0,0.0,0.03665355800391235,189,358,200,312,230,255
1776767682.3188488,2.7083669285613823,0,0,0.0,0.0,0.03665355800391235,189,358,200,312,230,255
1776767682.3764744,2.7083669285613823,0,0,0.0,0.0,0.03665355800391235,189,358,200,312,230,255
1776767682.434215,2.7083669285613823,0,0,0.0,0.0,0.03665355800391235,189,358,200,312,230,255
1776767682.491355,2.7083669285613823,0,0,0.0,0.0,0.03665355800391235,189,358,200,312,230,255
1776767682.5485632,2.7083669285613823,0,0,0.0,0.0,0.03665355800391235,189,358,200,312,230,255
1776767682.6016705,2.7083669285613823,0,0,0.0,0.0,0.03665355800391235,189,358,200,312,230,255
1776767682.6590521,2.7083669285613823,0,0,0.0,0.0,0.03665355800391235,189,358,200,312,230,255
1776767682.7166097,2.7083669285613823,0,0,0.0,0.0,0.03665355800391235,189,358,200,312,230,255
1776767682.7738764,2.7083669285613823,0,0,0.0,0.0,0.03665355800391235,189,358,200,312,230,255
1776767682.8312032,2.7083669285613823,0,0,0.0,0.0,0.03665355800391235,189,358,200,312,230,255
1776767682.88817,2.7083669285613823,0,0,0.0,0.0,0.03665355800391235,189,358,200,312,230,255
1776767682.9414458,2.7083669285613823,0,0,0.0,0.0,0.03665355800391235,189,358,200,312,230,255
1776767682.99959,2.7083669285613823,0,0,0.0,0.0,0.03665355800391235,189,358,200,312,230,255
1776767683.0565217,2.7083669285613823,0,0,0.0,0.0,0.03665355800391235,189,358,200,312,230,255
1776767683.1138487,2.7083669285613823,0,0,0.0,0.0,0.03665355800391235,189,358,200,312,230,255
1776767683.171006,2.7083669285613823,0,0,0.0,0.0,0.03665355800391235,189,358,200,312,230,255
1776767683.22845,2.7083669285613823,0,0,0.0,0.0,0.03665355800391235,189,358,200,312,230,255
1776767683.2812872,2.7083669285613823,0,0,0.0,0.0,0.03665355800391235,189,358,200,312,230,255
1776767683.3387096,2.7083669285613823,0,0,0.0,0.0,0.03665355800391235,189,358,200,312,230,255
1776767683.3964374,2.7083669285613823,0,0,0.0,0.0,0.03665355800391235,189,358,200,312,230,255
1776767683.453738,2.7083669285613823,0,0,0.0,0.0,0.03665355800391235,189,358,200,312,230,255
1776767683.5114741,2.7083669285613823,0,0,0.0,0.0,0.03665355800391235,189,358,200,312,230,255
1776767683.5683098,2.7083669285613823,0,0,0.0,0.0,0.03665355800391235,189,358,200,312,230,255
1776767683.6217978,2.7083669285613823,0,0,0.0,0.0,0.03665355800391235,189,358,200,312,230,255
1776767683.6791315,2.7083669285613823,0,0,0.0,0.0,0.03665355800391235,189,358,200,312,230,255
1776767683.7368746,2.7083669285613823,0,0,0.0,0.0,0.03665355800391235,189,358,200,312,230,255
1776767683.7937226,2.7083669285613823,0,0,0.0,0.0,0.03665355800391235,189,358,200,312,230,255
1776767683.9082391,2.7083669285613823,0,0,0.0,0.0,0.03665355800391235,189,358,200,312,230,255
1776767683.9616685,2.7083669285613823,0,0,0.0,0.0,0.03665355800391235,189,358,200,312,230,255
1776767684.0189211,2.7083669285613823,0,0,0.0,0.0,0.03665355800391235,189,358,200,312,230,255
1776767684.076611,2.7083669285613823,0,0,0.0,0.0,0.03665355800391235,189,358,200,312,230,255
1776767684.1333897,2.7083669285613823,0,0,0.0,0.0,0.03665355800391235,189,358,200,312,230,255
1776767684.1904233,2.7083669285613823,0,0,0.0,0.0,0.03665355800391235,189,358,200,312,230,255
1776767684.2442632,2.7083669285613823,0,0,0.0,0.0,0.03665355800391235,189,358,200,312,230,255
1776767684.30176,2.7083669285613823,0,0,0.0,0.0,0.03665355800391235,189,358,200,312,230,255
1776767684.3590224,2.7083669285613823,0,0,0.0,0.0,0.03665355800391235,189,358,200,312,230,255
1776767684.4162078,2.7083669285613823,0,0,0.0,0.0,0.03665355800391235,189,358,200,312,230,255
1776767684.4737375,2.7083669285613823,0,0,0.0,0.0,0.03665355800391235,189,358,200,312,230,255
1776767684.5305314,2.7083669285613823,0,0,0.0,0.0,0.03665355800391235,189,358,200,312,230,255
1776767684.584241,2.7083669285613823,0,0,0.0,0.0,0.03665355800391235,189,358,200,312,230,255
1776767684.641685,2.7083669285613823,0,0,0.0,0.0,0.03665355800391235,189,358,200,312,230,255
1776767684.6989677,2.7083669285613823,0,0,0.0,0.0,0.03665355800391235,189,358,200,312,230,255
1776767684.7558186,2.7083669285613823,0,0,0.0,0.0,0.03665355800391235,189,358,200,312,230,255
1776767684.8136425,2.7083669285613823,0,0,0.0,0.0,0.03665355800391235,189,358,200,312,230,255
1776767684.8712819,2.7083669285613823,0,0,0.0,0.0,0.03665355800391235,189,358,200,312,230,255
1776767684.9244764,2.7083669285613823,0,0,0.0,0.0,0.03665355800391235,189,358,200,312,230,255
1776767684.9818614,2.7083669285613823,0,0,0.0,0.0,0.03665355800391235,189,358,200,312,230,255
1776767685.0386908,2.7083669285613823,0,0,0.0,0.0,0.03665355800391235,189,358,200,312,230,255
1776767685.0958047,2.7083669285613823,0,0,0.0,0.0,0.03665355800391235,189,358,200,312,230,255
1776767685.154038,2.7083669285613823,0,0,0.0,0.0,0.03665355800391235,189,358,200,312,230,255
1776767685.2114854,2.7083669285613823,0,0,0.0,0.0,0.03665355800391235,189,358,200,312,230,255
1776767685.2642605,2.7083669285613823,0,0,0.0,0.0,0.03665355800391235,189,358,200,312,230,255
1776767685.3214545,2.7083669285613823,0,0,0.0,0.0,0.03665355800391235,189,358,200,312,230,255
1776767685.3784087,2.7083669285613823,0,0,0.0,0.0,0.03665355800391235,189,358,200,312,230,255
1776767685.436414,2.7083669285613823,0,0,0.0,0.0,0.03665355800391235,189,358,200,312,230,255
1776767685.4935822,2.7083669285613823,0,0,0.0,0.0,0.03665355800391235,189,358,200,312,230,255
1776767685.546282,2.7083669285613823,0,0,0.0,0.0,0.03665355800391235,189,358,200,312,230,255
1776767685.6037908,2.7083669285613823,0,0,0.0,0.0,0.03665355800391235,189,358,200,312,230,255
1776767685.661283,2.7083669285613823,0,0,0.0,0.0,0.03665355800391235,189,358,200,312,230,255
1776767685.7184525,2.7083669285613823,0,0,0.0,0.0,0.03665355800391235,189,358,200,312,230,255
1776767685.7761462,2.7083669285613823,0,0,0.0,0.0,0.03665355800391235,189,358,200,312,230,255
1776767685.8332493,2.7083669285613823,0,0,0.0,0.0,0.03665355800391235,189,358,200,312,230,255
1776767685.8868973,2.7083669285613823,0,0,0.0,0.0,0.03665355800391235,189,358,200,312,230,255
1776767685.9444022,2.7083669285613823,0,0,0.0,0.0,0.03665355800391235,189,358,200,312,230,255
1776767686.0016315,2.7083669285613823,0,0,0.0,0.0,0.03665355800391235,189,358,200,312,230,255
1776767686.0583057,2.7083669285613823,0,0,0.0,0.0,0.03665355800391235,189,358,200,312,230,255
1776767686.1156356,2.7083669285613823,0,0,0.0,0.0,0.03665355800391235,189,358,200,312,230,255
1776767686.1729875,2.7083669285613823,0,0,0.0,0.0,0.03665355800391235,189,358,200,312,230,255
1776767686.2261722,2.7083669285613823,0,0,0.0,0.0,0.03665355800391235,189,358,200,312,230,255
1776767686.2839656,2.7083669285613823,0,0,0.0,0.0,0.03665355800391235,189,358,200,312,230,255
1776767686.3413634,2.7083669285613823,0,0,0.0,0.0,0.03665355800391235,189,358,200,312,230,255
1776767686.398527,2.7083669285613823,0,0,0.0,0.0,0.03665355800391235,189,358,200,312,230,255
1776767686.4554875,2.7083669285613823,0,0,0.0,0.0,0.03665355800391235,189,358,200,312,230,255
1776767686.512822,2.7083669285613823,0,0,0.0,0.0,0.03665355800391235,189,358,200,312,230,255
1776767686.566369,2.7083669285613823,0,0,0.0,0.0,0.03665355800391235,189,358,200,312,230,255
1776767686.6236262,2.7083669285613823,0,0,0.0,0.0,0.03665355800391235,189,358,200,312,230,255
1776767686.6813526,2.7083669285613823,0,0,0.0,0.0,0.03665355800391235,189,358,200,312,230,255
1776767686.7385163,2.7083669285613823,0,0,0.0,0.0,0.03665355800391235,189,358,200,312,230,255
1776767686.7959619,2.7083669285613823,0,0,0.0,0.0,0.03665355800391235,189,358,200,312,230,255
1776767686.853169,2.7083669285613823,0,0,0.0,0.0,0.03665355800391235,189,358,200,312,230,255
1776767686.90672,2.7083669285613823,0,0,0.0,0.0,0.03665355800391235,189,358,200,312,230,255
1776767686.9645739,2.7083669285613823,0,0,0.0,0.0,0.03665355800391235,189,358,200,312,230,255
1776767687.0212693,2.7083669285613823,0,0,0.0,0.0,0.03665355800391235,189,358,200,312,230,255
1776767687.0789287,2.7083669285613823,0,0,0.0,0.0,0.03665355800391235,189,358,200,312,230,255
1776767687.1364107,2.7083669285613823,0,0,0.0,0.0,0.03665355800391235,189,358,200,312,230,255
1776767687.1892934,2.7083669285613823,0,0,0.0,0.0,0.03665355800391235,189,358,200,312,230,255
1776767687.246576,2.7083669285613823,0,0,0.0,0.0,0.03665355800391235,189,358,200,312,230,255
1776767687.3034382,2.7083669285613823,0,0,0.0,0.0,0.03665355800391235,189,358,200,312,230,255
1776767687.3612938,2.7083669285613823,0,0,0.0,0.0,0.03665355800391235,189,358,200,312,230,255
1776767687.4185352,2.7083669285613823,0,0,0.0,0.0,0.03665355800391235,189,358,200,312,230,255
1776767687.4758162,2.7083669285613823,0,0,0.0,0.0,0.03665355800391235,189,358,200,312,230,255
1776767687.5343184,2.7083669285613823,0,0,0.0,0.0,0.03665355800391235,189,358,200,312,230,255
1776767687.5865126,2.7083669285613823,0,0,0.0,0.0,0.03665355800391235,189,358,200,312,230,255
1776767687.6437185,2.7083669285613823,0,0,0.0,0.0,0.03665355800391235,189,358,200,312,230,255
1776767687.7014217,2.7083669285613823,0,0,0.0,0.0,0.03665355800391235,189,358,200,312,230,255
1776767687.7580202,2.7083669285613823,0,0,0.0,0.0,0.03665355800391235,189,358,200,312,230,255
1776767687.8152883,2.7083669285613823,0,0,0.0,0.0,0.03665355800391235,189,358,200,312,230,255
1776767687.8686476,2.7083669285613823,0,0,0.0,0.0,0.03665355800391235,189,358,200,312,230,255
1776767687.9263813,2.7083669285613823,0,0,0.0,0.0,0.03665355800391235,189,358,200,312,230,255
1776767687.9838061,2.7083669285613823,0,0,0.0,0.0,0.03665355800391235,189,358,200,312,230,255
1776767688.0409882,2.7083669285613823,0,0,0.0,0.0,0.03665355800391235,189,358,200,312,230,255
1776767688.0982342,2.7083669285613823,0,0,0.0,0.0,0.03665355800391235,189,358,200,312,230,255
1776767688.155784,2.7083669285613823,0,0,0.0,0.0,0.03665355800391235,189,358,200,312,230,255
1776767688.2090404,2.7083669285613823,0,0,0.0,0.0,0.03665355800391235,189,358,200,312,230,255
1776767688.2663908,2.7083669285613823,0,0,0.0,0.0,0.03665355800391235,189,358,200,312,230,255
1776767688.3234165,2.7083669285613823,0,0,0.0,0.0,0.03665355800391235,189,358,200,312,230,255
1776767688.380937,2.7083669285613823,0,0,0.0,0.0,0.03665355800391235,189,358,200,312,230,255
1776767688.4389093,2.7083669285613823,0,0,0.0,0.0,0.03665355800391235,189,358,200,312,230,255
1776767688.4917607,2.7083669285613823,0,0,0.0,0.0,0.03665355800391235,189,358,200,312,230,255
1776767688.54897,2.7083669285613823,0,0,0.0,0.0,0.03665355800391235,189,358,200,312,230,255
1776767688.6064668,2.7083669285613823,0,0,0.0,0.0,0.03665355800391235,189,358,200,312,230,255
1776767688.7211525,2.7083669285613823,0,0,0.0,0.0,0.03665355800391235,189,358,200,312,230,255
1776767688.778408,2.7083669285613823,0,0,0.0,0.0,0.03665355800391235,189,358,200,312,230,255
1776767688.831368,2.7083669285613823,0,0,0.0,0.0,0.03665355800391235,189,358,200,312,230,255
1776767688.8886254,2.7083669285613823,0,0,0.0,0.0,0.03665355800391235,189,358,200,312,230,255
1776767688.9464135,2.7083669285613823,0,0,0.0,0.0,0.03665355800391235,189,358,200,312,230,255
1776767689.0041597,2.7083669285613823,0,0,0.0,0.0,0.03665355800391235,189,358,200,312,230,255
1776767689.0604715,2.7083669285613823,0,0,0.0,0.0,0.03665355800391235,189,358,200,312,230,255
1776767689.1182995,2.7083669285613823,0,0,0.0,0.0,0.03665355800391235,189,358,200,312,230,255
1776767689.1714742,2.7083669285613823,0,0,0.0,0.0,0.03665355800391235,189,358,200,312,230,255
1776767689.2290168,2.7083669285613823,0,0,0.0,0.0,0.03665355800391235,189,358,200,312,230,255
1776767689.28649,2.7083669285613823,0,0,0.0,0.0,0.03665355800391235,189,358,200,312,230,255
1776767689.343804,2.7083669285613823,0,0,0.0,0.0,0.03665355800391235,189,358,200,312,230,255
1776767689.4006023,2.7083669285613823,0,0,0.0,0.0,0.03665355800391235,189,358,200,312,230,255
1776767689.4585805,2.7083669285613823,0,0,0.0,0.0,0.03665355800391235,189,358,200,312,230,255
1776767689.5121326,2.7083669285613823,0,0,0.0,0.0,0.03665355800391235,189,358,200,312,230,255
1776767689.5691237,2.7083669285613823,0,0,0.0,0.0,0.03665355800391235,189,358,200,312,230,255
1776767689.6262805,2.7083669285613823,0,0,0.0,0.0,0.03665355800391235,189,358,200,312,230,255
1776767689.6834984,2.7083669285613823,0,0,0.0,0.0,0.03665355800391235,189,358,200,312,230,255
1776767689.7408934,2.7083669285613823,0,0,0.0,0.0,0.03665355800391235,189,358,200,312,230,255
1776767689.794492,2.7083669285613823,0,0,0.0,0.0,0.03665355800391235,189,358,200,312,230,255
1776767689.8518546,2.7083669285613823,0,0,0.0,0.0,0.03665355800391235,189,358,200,312,230,255
1776767689.9088092,2.7083669285613823,0,0,0.0,0.0,0.03665355800391235,189,358,200,312,230,255
1776767689.9661129,2.7083669285613823,0,0,0.0,0.0,0.03665355800391235,189,358,200,312,230,255
1776767690.0234272,2.7083669285613823,0,0,0.0,0.0,0.03665355800391235,189,358,200,312,230,255
1776767690.0802605,2.7083669285613823,0,0,0.0,0.0,0.03665355800391235,189,358,200,312,230,255
1776767690.1338787,2.7083669285613823,0,0,0.0,0.0,0.03665355800391235,189,358,200,312,230,255
1776767690.1912303,2.7083669285613823,0,0,0.0,0.0,0.03665355800391235,189,358,200,312,230,255
1776767690.2528234,2.7083669285613823,0,0,0.0,0.0,0.03665355800391235,189,358,200,312,230,255
1776767690.3063388,2.7083669285613823,0,0,0.0,0.0,0.03665355800391235,189,358,200,312,230,255
1776767690.363331,2.7083669285613823,0,0,0.0,0.0,0.03665355800391235,189,358,200,312,230,255
1776767690.4204879,2.7083669285613823,0,0,0.0,0.0,0.03665355800391235,189,358,200,312,230,255
1776767690.4742596,2.7083669285613823,0,0,0.0,0.0,0.03665355800391235,189,358,200,312,230,255
1776767690.5312476,2.7083669285613823,0,0,0.0,0.0,0.03665355800391235,189,358,200,312,230,255
1776767690.5894256,2.7083669285613823,0,0,0.0,0.0,0.03665355800391235,189,358,200,312,230,255
1776767690.6464462,2.7083669285613823,0,0,0.0,0.0,0.03665355800391235,189,358,200,312,230,255
1776767690.7034132,2.7083669285613823,0,0,0.0,0.0,0.03665355800391235,189,358,200,312,230,255
1776767690.7602684,2.7083669285613823,0,0,0.0,0.0,0.03665355800391235,189,358,200,312,230,255
1776767690.813609,2.7083669285613823,0,0,0.0,0.0,0.03665355800391235,189,358,200,312,230,255
1776767690.871709,2.7083669285613823,0,0,0.0,0.0,0.03665355800391235,189,358,200,312,230,255
1776767690.9289663,2.7083669285613823,0,0,0.0,0.0,0.03665355800391235,189,358,200,312,230,255
1776767690.986011,2.7083669285613823,0,0,0.0,0.0,0.03665355800391235,189,358,200,312,230,255
1776767691.0432594,2.7083669285613823,0,0,0.0,0.0,0.03665355800391235,189,358,200,312,230,255
1776767691.1007931,2.7083669285613823,0,0,0.0,0.0,0.03665355800391235,189,358,200,312,230,255
1776767691.1546772,2.7083669285613823,0,0,0.0,0.0,0.03665355800391235,189,358,200,312,230,255
1776767691.2683136,2.7083669285613823,0,0,0.0,0.0,0.03665355800391235,189,358,200,312,230,255
1776767691.3261986,2.7083669285613823,0,0,0.0,0.0,0.03665355800391235,189,358,200,312,230,255
1776767691.383473,2.7083669285613823,0,0,0.0,0.0,0.03665355800391235,189,358,200,312,230,255
1776767691.436661,2.7083669285613823,0,0,0.0,0.0,0.03665355800391235,189,358,200,312,230,255
1776767691.4941795,2.7083669285613823,0,0,0.0,0.0,0.03665355800391235,189,358,200,312,230,255
1776767691.551523,2.7083669285613823,0,0,0.0,0.0,0.03665355800391235,189,358,200,312,230,255
1776767691.608337,2.7083669285613823,0,0,0.0,0.0,0.03665355800391235,189,358,200,312,230,255
1776767691.6657367,2.7083669285613823,0,0,0.0,0.0,0.03665355800391235,189,358,200,312,230,255
1776767691.7232094,2.7083669285613823,0,0,0.0,0.0,0.03665355800391235,189,358,200,312,230,255
1776767691.7768261,2.7083669285613823,0,0,0.0,0.0,0.03665355800391235,189,358,200,312,230,255
1776767691.8339555,2.7083669285613823,0,0,0.0,0.0,0.03665355800391235,189,358,200,312,230,255
1776767691.8909185,2.7083669285613823,0,0,0.0,0.0,0.03665355800391235,189,358,200,312,230,255
1776767691.9485438,2.7083669285613823,0,0,0.0,0.0,0.03665355800391235,189,358,200,312,230,255
1776767692.007075,2.7083669285613823,0,0,0.0,0.0,0.03665355800391235,189,358,200,312,230,255
1776767692.0627942,2.7083669285613823,0,0,0.0,0.0,0.03665355800391235,189,358,200,312,230,255
1776767692.1166193,2.7083669285613823,0,0,0.0,0.0,0.03665355800391235,189,358,200,312,230,255
1776767692.1740026,2.7083669285613823,0,0,0.0,0.0,0.03665355800391235,189,358,200,312,230,255
1776767692.2311943,2.7083669285613823,0,0,0.0,0.0,0.03665355800391235,189,358,200,312,230,255
1776767692.2879877,2.7083669285613823,0,0,0.0,0.0,0.03665355800391235,189,358,200,312,230,255
1776767692.345653,2.7083669285613823,0,0,0.0,0.0,0.03665355800391235,189,358,200,312,230,255
1776767692.4026358,2.7083669285613823,0,0,0.0,0.0,0.03665355800391235,189,358,200,312,230,255
1776767692.456484,2.7083669285613823,0,0,0.0,0.0,0.03665355800391235,189,358,200,312,230,255
1776767692.5136645,2.7083669285613823,0,0,0.0,0.0,0.03665355800391235,189,358,200,312,230,255
1776767692.5711432,2.7083669285613823,0,0,0.0,0.0,0.03665355800391235,189,358,200,312,230,255
1776767692.6281116,2.7083669285613823,0,0,0.0,0.0,0.03665355800391235,189,358,200,312,230,255
1776767692.6856894,2.7083669285613823,0,0,0.0,0.0,0.03665355800391235,189,358,200,312,230,255
1776767692.74341,2.7083669285613823,0,0,0.0,0.0,0.03665355800391235,189,358,200,312,230,255
1776767692.7959924,2.7083669285613823,0,0,0.0,0.0,0.03665355800391235,189,358,200,312,230,255
1776767692.853866,2.7083669285613823,0,0,0.0,0.0,0.03665355800391235,189,358,200,312,230,255
1776767692.91125,2.7083669285613823,0,0,0.0,0.0,0.03665355800391235,189,358,200,312,230,255
1776767692.9680843,2.7083669285613823,0,0,0.0,0.0,0.03665355800391235,189,358,200,312,230,255
1776767693.025755,2.7083669285613823,0,0,0.0,0.0,0.03665355800391235,189,358,200,312,230,255
1776767693.0790877,2.7083669285613823,0,0,0.0,0.0,0.03665355800391235,189,358,200,312,230,255
1776767693.1369302,2.7083669285613823,0,0,0.0,0.0,0.03665355800391235,189,358,200,312,230,255
1776767693.1938028,2.7083669285613823,0,0,0.0,0.0,0.03665355800391235,189,358,200,312,230,255
1776767693.2508705,2.7083669285613823,0,0,0.0,0.0,0.03665355800391235,189,358,200,312,230,255
1776767693.308376,2.7083669285613823,0,0,0.0,0.0,0.03665355800391235,189,358,200,312,230,255
1776767693.3664508,2.7083669285613823,0,0,0.0,0.0,0.03665355800391235,189,358,200,312,230,255
1776767693.4186027,2.7083669285613823,0,0,0.0,0.0,0.03665355800391235,189,358,200,312,230,255
1776767693.4763129,2.7083669285613823,0,0,0.0,0.0,0.03665355800391235,189,358,200,312,230,255
1776767693.5915878,2.7083669285613823,0,0,0.0,0.0,0.03665355800391235,189,358,200,312,230,255
1776767693.6484609,2.7083669285613823,0,0,0.0,0.0,0.03665355800391235,189,358,200,312,230,255
1776767693.7056613,2.7083669285613823,0,0,0.0,0.0,0.03665355800391235,189,358,200,312,230,255
1776767693.7591395,2.7083669285613823,0,0,0.0,0.0,0.03665355800391235,189,358,200,312,230,255
1776767693.8168356,2.7083669285613823,0,0,0.0,0.0,0.03665355800391235,189,358,200,312,230,255
1776767693.873829,2.7083669285613823,0,0,0.0,0.0,0.03665355800391235,189,358,200,312,230,255
1776767693.931007,2.7083669285613823,0,0,0.0,0.0,0.03665355800391235,189,358,200,312,230,255
1776767693.9881544,2.7083669285613823,0,0,0.0,0.0,0.03665355800391235,189,358,200,312,230,255
1776767694.0451171,2.7083669285613823,0,0,0.0,0.0,0.03665355800391235,189,358,200,312,230,255
1776767694.0986195,2.7083669285613823,0,0,0.0,0.0,0.03665355800391235,189,358,200,312,230,255
1776767694.1563706,2.7083669285613823,0,0,0.0,0.0,0.03665355800391235,189,358,200,312,230,255
1776767694.2134936,2.7083669285613823,0,0,0.0,0.0,0.03665355800391235,189,358,200,312,230,255
1776767694.2709796,2.7083669285613823,0,0,0.0,0.0,0.03665355800391235,189,358,200,312,230,255
1776767694.3282788,2.7083669285613823,0,0,0.0,0.0,0.03665355800391235,189,358,200,312,230,255
1776767694.3852477,2.7083669285613823,0,0,0.0,0.0,0.03665355800391235,189,358,200,312,230,255
1776767694.4391499,2.7083669285613823,0,0,0.0,0.0,0.03665355800391235,189,358,200,312,230,255
1776767694.496461,2.7083669285613823,0,0,0.0,0.0,0.03665355800391235,189,358,200,312,230,255
1776767694.553065,2.7083669285613823,0,0,0.0,0.0,0.03665355800391235,189,358,200,312,230,255
1776767694.6103668,2.7083669285613823,0,0,0.0,0.0,0.03665355800391235,189,358,200,312,230,255
1776767694.66769,2.7083669285613823,0,0,0.0,0.0,0.03665355800391235,189,358,200,312,230,255
1776767694.721611,2.7083669285613823,0,0,0.0,0.0,0.03665355800391235,189,358,200,312,230,255
1776767694.778517,2.7083669285613823,0,0,0.0,0.0,0.03665355800391235,189,358,200,312,230,255
1776767694.8359995,2.7083669285613823,0,0,0.0,0.0,0.03665355800391235,189,358,200,312,230,255
1776767694.8937802,2.7083669285613823,0,0,0.0,0.0,0.03665355800391235,189,358,200,312,230,255
1776767694.951796,2.7083669285613823,0,0,0.0,0.0,0.03665355800391235,189,358,200,312,230,255
1776767695.0080645,2.7083669285613823,0,0,0.0,0.0,0.03665355800391235,189,358,200,312,230,255
1776767695.061319,2.7083669285613823,0,0,0.0,0.0,0.03665355800391235,189,358,200,312,230,255
1776767695.1191745,2.7083669285613823,0,0,0.0,0.0,0.03665355800391235,189,358,200,312,230,255
1776767695.17673,2.7083669285613823,0,0,0.0,0.0,0.03665355800391235,189,358,200,312,230,255
1776767695.2339447,2.7083669285613823,0,0,0.0,0.0,0.03665355800391235,189,358,200,312,230,255
1776767695.2907836,2.7083669285613823,0,0,0.0,0.0,0.03665355800391235,189,358,200,312,230,255
1776767695.3481522,2.7083669285613823,0,0,0.0,0.0,0.03665355800391235,189,358,200,312,230,255
1776767695.4011378,2.7083669285613823,0,0,0.0,0.0,0.03665355800391235,189,358,200,312,230,255
1776767695.4584086,2.7083669285613823,0,0,0.0,0.0,0.03665355800391235,189,358,200,312,230,255
1776767695.5161119,2.7083669285613823,0,0,0.0,0.0,0.03665355800391235,189,358,200,312,230,255
1776767695.5735557,2.7083669285613823,0,0,0.0,0.0,0.03665355800391235,189,358,200,312,230,255
1776767695.630655,2.7083669285613823,0,0,0.0,0.0,0.03665355800391235,189,358,200,312,230,255
1776767695.6878455,2.7083669285613823,0,0,0.0,0.0,0.03665355800391235,189,358,200,312,230,255
1776767695.7413964,2.7083669285613823,0,0,0.0,0.0,0.03665355800391235,189,358,200,312,230,255
1776767695.798473,2.7083669285613823,0,0,0.0,0.0,0.03665355800391235,189,358,200,312,230,255
1776767695.8560941,2.7083669285613823,0,0,0.0,0.0,0.03665355800391235,189,358,200,312,230,255
1776767695.9132855,2.7083669285613823,0,0,0.0,0.0,0.03665355800391235,189,358,200,312,230,255
1776767695.9708905,2.7083669285613823,0,0,0.0,0.0,0.03665355800391235,189,358,200,312,230,255
1776767696.027565,2.7083669285613823,0,0,0.0,0.0,0.03665355800391235,189,358,200,312,230,255
1776767696.1390085,2.7083669285613823,0,0,0.0,0.0,0.03665355800391235,189,358,200,312,230,255
1776767696.195789,2.7083669285613823,0,0,0.0,0.0,0.03665355800391235,189,358,200,312,230,255
1776767696.2533777,2.7083669285613823,0,0,0.0,0.0,0.03665355800391235,189,358,200,312,230,255
1776767696.3115873,2.7083669285613823,0,0,0.0,0.0,0.03665355800391235,189,358,200,312,230,255
1776767696.364249,2.7083669285613823,0,0,0.0,0.0,0.03665355800391235,189,358,200,312,230,255
1776767696.4215415,2.7083669285613823,0,0,0.0,0.0,0.03665355800391235,189,358,200,312,230,255
1776767696.4786294,2.7083669285613823,0,0,0.0,0.0,0.03665355800391235,189,358,200,312,230,255
1776767696.5359926,2.7083669285613823,0,0,0.0,0.0,0.03665355800391235,189,358,200,312,230,255
1776767696.594165,2.7083669285613823,0,0,0.0,0.0,0.03665355800391235,189,358,200,312,230,255
1776767696.650475,2.7083669285613823,0,0,0.0,0.0,0.03665355800391235,189,358,200,312,230,255
1776767696.7045755,2.7083669285613823,0,0,0.0,0.0,0.03665355800391235,189,358,200,312,230,255
1776767696.7610042,2.7083669285613823,0,0,0.0,0.0,0.03665355800391235,189,358,200,312,230,255
1776767696.818069,2.7083669285613823,0,0,0.0,0.0,0.03665355800391235,189,358,200,312,230,255
1776767696.8753343,2.7083669285613823,0,0,0.0,0.0,0.03665355800391235,189,358,200,312,230,255
1776767696.9328244,2.7083669285613823,0,0,0.0,0.0,0.03665355800391235,189,358,200,312,230,255
1776767696.99067,2.7083669285613823,0,0,0.0,0.0,0.03665355800391235,189,358,200,312,230,255
1776767697.0436685,2.7083669285613823,0,0,0.0,0.0,0.03665355800391235,189,358,200,312,230,255
1776767697.1009994,2.7083669285613823,0,0,0.0,0.0,0.03665355800391235,189,358,200,312,230,255
1776767697.158937,2.7083669285613823,0,0,0.0,0.0,0.03665355800391235,189,358,200,312,230,255
1776767697.2160177,2.7083669285613823,0,0,0.0,0.0,0.03665355800391235,189,358,200,312,230,255
1776767697.2730675,2.7083669285613823,0,0,0.0,0.0,0.03665355800391235,189,358,200,312,230,255
1776767697.3303325,2.7083669285613823,0,0,0.0,0.0,0.03665355800391235,189,358,200,312,230,255
1776767697.3837156,2.7083669285613823,0,0,0.0,0.0,0.03665355800391235,189,358,200,312,230,255
1776767697.4412098,2.7083669285613823,0,0,0.0,0.0,0.03665355800391235,189,358,200,312,230,255
1776767697.498387,2.7083669285613823,0,0,0.0,0.0,0.03665355800391235,189,358,200,312,230,255
1776767697.5560675,2.7083669285613823,0,0,0.0,0.0,0.03665355800391235,189,358,200,312,230,255
1776767697.6127756,2.7083669285613823,0,0,0.0,0.0,0.03665355800391235,189,358,200,312,230,255
1776767697.6699245,2.7083669285613823,0,0,0.0,0.0,0.03665355800391235,189,358,200,312,230,255
1776767697.7232947,2.7083669285613823,0,0,0.0,0.0,0.03665355800391235,189,358,200,312,230,255
1776767697.7807033,2.7083669285613823,0,0,0.0,0.0,0.03665355800391235,189,358,200,312,230,255
1776767697.8384492,2.7083669285613823,0,0,0.0,0.0,0.03665355800391235,189,358,200,312,230,255
1776767697.895415,2.7083669285613823,0,0,0.0,0.0,0.03665355800391235,189,358,200,312,230,255
1776767697.952519,2.7083669285613823,0,0,0.0,0.0,0.03665355800391235,189,358,200,312,230,255
1776767698.0058682,2.7083669285613823,0,0,0.0,0.0,0.03665355800391235,189,358,200,312,230,255
1776767698.0637562,2.7083669285613823,0,0,0.0,0.0,0.03665355800391235,189,358,200,312,230,255
1776767698.120505,2.7083669285613823,0,0,0.0,0.0,0.03665355800391235,189,358,200,312,230,255
1776767698.1778617,2.7083669285613823,0,0,0.0,0.0,0.03665355800391235,189,358,200,312,230,255
1776767698.2352087,2.7083669285613823,0,0,0.0,0.0,0.03665355800391235,189,358,200,312,230,255
1776767698.2927334,2.7083669285613823,0,0,0.0,0.0,0.03665355800391235,189,358,200,312,230,255
1776767698.3463216,2.7083669285613823,0,0,0.0,0.0,0.03665355800391235,189,358,200,312,230,255
1776767698.4610598,2.7083669285613823,0,0,0.0,0.0,0.03665355800391235,189,358,200,312,230,255
1776767698.5177999,2.7083669285613823,0,0,0.0,0.0,0.03665355800391235,189,358,200,312,230,255
1776767698.5751734,2.7083669285613823,0,0,0.0,0.0,0.03665355800391235,189,358,200,312,230,255
1776767698.6324468,2.7083669285613823,0,0,0.0,0.0,0.03665355800391235,189,358,200,312,230,255
1776767698.685815,2.7083669285613823,0,0,0.0,0.0,0.03665355800391235,189,358,200,312,230,255
1776767698.74344,2.7083669285613823,0,0,0.0,0.0,0.03665355800391235,189,358,200,312,230,255
1776767698.8007839,2.7083669285613823,0,0,0.0,0.0,0.03665355800391235,189,358,200,312,230,255
1776767698.8578243,2.7083669285613823,0,0,0.0,0.0,0.03665355800391235,189,358,200,312,230,255
1776767698.9149988,2.7083669285613823,0,0,0.0,0.0,0.03665355800391235,189,358,200,312,230,255
1776767698.9724286,2.7083669285613823,0,0,0.0,0.0,0.03665355800391235,189,358,200,312,230,255
1776767699.0266597,2.7083669285613823,0,0,0.0,0.0,0.03665355800391235,189,358,200,312,230,255
1776767699.0831802,2.7083669285613823,0,0,0.0,0.0,0.038480175676557184,189,358,200,312,231,255
1776767699.140764,2.7083669285613823,0,0,0.0,0.0,0.038480175676557184,189,358,200,312,231,255
1776767699.1977499,2.7083669285613823,0,0,0.0,0.0,0.038480175676557184,189,358,200,312,231,255
1776767699.2557137,2.7083669285613823,0,0,0.0,0.0,0.038480175676557184,189,358,200,312,231,255
1776767699.313228,2.7083669285613823,0,0,0.0,0.0,0.038480175676557184,189,358,200,312,231,255
1776767699.3662417,2.7083669285613823,0,0,0.0,0.0,0.038480175676557184,189,358,200,312,231,255
1776767699.4230795,2.7083669285613823,0,0,0.0,0.0,0.038480175676557184,189,358,200,312,231,255
1776767699.4803414,2.7083669285613823,0,0,0.0,0.0,0.038480175676557184,189,358,200,312,231,255
1776767699.538638,2.7083669285613823,0,0,0.0,0.0,0.038480175676557184,189,358,200,312,231,255
1776767699.596038,2.7083669285613823,0,0,0.0,0.0,0.038480175676557184,189,358,200,312,231,255
1776767699.6499639,2.7083669285613823,0,0,0.0,0.0,0.038480175676557184,189,358,200,312,231,255
1776767699.705699,2.7083669285613823,0,0,0.0,0.0,0.038480175676557184,189,358,200,312,231,255
1776767699.7630587,2.7083669285613823,0,0,0.0,0.0,0.038480175676557184,189,358,200,312,231,255
1776767699.8207428,2.7083669285613823,0,0,0.0,0.0,0.038480175676557184,189,358,200,312,231,255
1776767699.878059,2.7083669285613823,0,0,0.0,0.0,0.038480175676557184,189,358,200,312,231,255
1776767699.9355993,2.7083669285613823,0,0,0.0,0.0,0.038480175676557184,189,358,200,312,231,255
1776767699.9892924,2.7083669285613823,0,0,0.0,0.0,0.038480175676557184,189,358,200,312,231,255
1776767700.0456157,2.7083669285613823,0,0,0.0,0.0,0.038480175676557184,189,358,200,312,231,255
1776767700.1033552,2.7083669285613823,0,0,0.0,0.0,0.038480175676557184,189,358,200,312,231,255
1776767700.1602542,2.7083669285613823,0,0,0.0,0.0,0.038480175676557184,189,358,200,312,231,255
1776767700.2184465,2.7083669285613823,0,0,0.0,0.0,0.038480175676557184,189,358,200,312,231,255
1776767700.2749717,2.7083669285613823,0,0,0.0,0.0,0.038480175676557184,189,358,200,312,231,255
1776767700.3289719,2.7083669285613823,0,0,0.0,0.0,0.038480175676557184,189,358,200,312,231,255
1776767700.3869498,2.7083669285613823,0,0,0.0,0.0,0.038480175676557184,189,358,200,312,231,255
1776767700.4431543,2.7083669285613823,0,0,0.0,0.0,0.038480175676557184,189,358,200,312,231,255
1776767700.5001948,2.7083669285613823,0,0,0.0,0.0,0.037133138906965804,189,358,200,312,231,254
1776767700.5576556,2.7083669285613823,0,0,0.0,0.0,0.037133138906965804,189,358,200,312,231,254
1776767700.6147287,2.7083669285613823,0,0,0.0,0.0,0.037133138906965804,189,358,200,312,231,254
1776767700.668893,2.7083669285613823,0,0,0.0,0.0,0.037133138906965804,189,358,200,312,231,254
1776767700.7256525,2.7083669285613823,0,0,0.0,0.0,0.037133138906965804,189,358,200,312,231,254
1776767700.783503,2.7083669285613823,0,0,0.0,0.0,0.037133138906965804,189,358,200,312,231,254
1776767700.8408673,2.7083669285613823,0,0,0.0,0.0,0.037133138906965804,189,358,200,312,231,254
1776767700.897785,2.7083669285613823,0,0,0.0,0.0,0.037133138906965804,189,358,200,312,231,254
1776767700.9547818,2.7083669285613823,0,0,0.0,0.0,0.037133138906965804,189,358,200,312,231,254
1776767701.0082002,2.7083669285613823,0,0,0.0,0.0,0.037133138906965804,189,358,200,312,231,254
1776767701.0657525,2.7083669285613823,0,0,0.0,0.0,0.037133138906965804,189,358,200,312,231,254
1776767701.1808043,2.7083669285613823,0,0,0.0,0.0,0.037133138906965804,189,358,200,312,231,254
1776767701.238118,2.7083669285613823,0,0,0.0,0.0,0.037133138906965804,189,358,200,312,231,254
1776767701.2915587,2.7083669285613823,0,0,0.0,0.0,0.037133138906965804,189,358,200,312,231,254
1776767701.3486798,2.7083669285613823,0,0,0.0,0.0,0.037133138906965804,189,358,200,312,231,254
1776767701.4054375,2.7083669285613823,0,0,0.0,0.0,0.037133138906965804,189,358,200,312,231,254
1776767701.4634295,2.7083669285613823,0,0,0.0,0.0,0.037133138906965804,189,358,200,312,231,254
1776767701.5201674,2.7083669285613823,0,0,0.0,0.0,0.037133138906965804,189,358,200,312,231,254
1776767701.5784187,2.7083669285613823,0,0,0.0,0.0,0.037133138906965804,189,358,200,312,231,254
1776767701.6307473,2.7083669285613823,0,0,0.0,0.0,0.037133138906965804,189,358,200,312,231,254
1776767701.6880078,2.7083669285613823,0,0,0.0,0.0,0.037133138906965804,189,358,200,312,231,254
1776767701.7453496,2.7083669285613823,0,0,0.0,0.0,0.037133138906965804,189,358,200,312,231,254
1776767701.802627,2.7083669285613823,0,0,0.0,0.0,0.037133138906965804,189,358,200,312,231,254
1776767701.8604987,2.7083669285613823,0,0,0.0,0.0,0.037133138906965804,189,358,200,312,231,254
1776767701.9172983,2.7083669285613823,0,0,0.0,0.0,0.037133138906965804,189,358,200,312,231,254
1776767701.97071,2.7083669285613823,0,0,0.0,0.0,0.037133138906965804,189,358,200,312,231,254
1776767702.028061,2.7083669285613823,0,0,0.0,0.0,0.037133138906965804,189,358,200,312,231,254
1776767702.0855422,2.7083669285613823,0,0,0.0,0.0,0.037133138906965804,189,358,200,312,231,254
1776767702.1431673,2.7083669285613823,0,0,0.0,0.0,0.037133138906965804,189,358,200,312,231,254
1776767702.2008421,2.7083669285613823,0,0,0.0,0.0,0.037133138906965804,189,358,200,312,231,254
1776767702.2579913,2.7083669285613823,0,0,0.0,0.0,0.037133138906965804,189,358,200,312,231,254
1776767702.3111567,2.7083669285613823,0,0,0.0,0.0,0.037133138906965804,189,358,200,312,231,254
1776767702.3686497,2.7083669285613823,0,0,0.0,0.0,0.037133138906965804,189,358,200,312,231,254
1776767702.4254925,2.7083669285613823,0,0,0.0,0.0,0.037133138906965804,189,358,200,312,231,254
1776767702.4825711,2.7083669285613823,0,0,0.0,0.0,0.037133138906965804,189,358,200,312,231,254
1776767702.5398567,2.7083669285613823,0,0,0.0,0.0,0.037133138906965804,189,358,200,312,231,254
1776767702.5972357,2.7083669285613823,0,0,0.0,0.0,0.037133138906965804,189,358,200,312,231,254
1776767702.6511183,2.7083669285613823,0,0,0.0,0.0,0.037133138906965804,189,358,200,312,231,254
1776767702.7083597,2.7083669285613823,0,0,0.0,0.0,0.037133138906965804,189,358,200,312,231,254
1776767702.7657344,2.7083669285613823,0,0,0.0,0.0,0.037133138906965804,189,358,200,312,231,254
1776767702.823592,2.7083669285613823,0,0,0.0,0.0,0.037133138906965804,189,358,200,312,231,254
1776767702.880815,2.7083669285613823,0,0,0.0,0.0,0.037133138906965804,189,358,200,312,231,254
1776767702.9336443,2.7083669285613823,0,0,0.0,0.0,0.037133138906965804,189,358,200,312,231,254
1776767702.991395,2.7083669285613823,0,0,0.0,0.0,0.037133138906965804,189,358,200,312,231,254
1776767703.0478907,2.7083669285613823,0,0,0.0,0.0,0.037133138906965804,189,358,200,312,231,254
1776767703.106055,2.7083669285613823,0,0,0.0,0.0,0.037133138906965804,189,358,200,312,231,254
1776767703.1627312,2.7083669285613823,0,0,0.0,0.0,0.037133138906965804,189,358,200,312,231,254
1776767703.2203615,2.7083669285613823,0,0,0.0,0.0,0.037133138906965804,189,358,200,312,231,254
1776767703.3308446,2.7083669285613823,0,0,0.0,0.0,0.037133138906965804,189,358,200,312,231,254
1776767703.388413,2.7083669285613823,0,0,0.0,0.0,0.037133138906965804,189,358,200,312,231,254
1776767703.4458177,2.7083669285613823,0,0,0.0,0.0,0.037133138906965804,189,358,200,312,231,254
1776767703.5032365,2.7083669285613823,0,0,0.0,0.0,0.037133138906965804,189,358,200,312,231,254
1776767703.5603778,2.7083669285613823,0,0,0.0,0.0,0.037133138906965804,189,358,200,312,231,254
1776767703.6137574,2.7083669285613823,0,0,0.0,0.0,0.037133138906965804,189,358,200,312,231,254
1776767703.6704798,2.7083669285613823,0,0,0.0,0.0,0.037133138906965804,189,358,200,312,231,254
1776767703.7278326,2.7083669285613823,0,0,0.0,0.0,0.037133138906965804,189,358,200,312,231,254
1776767703.785133,2.7083669285613823,0,0,0.0,0.0,0.037133138906965804,189,358,200,312,231,254
1776767703.8423538,2.7083669285613823,0,0,0.0,0.0,0.037133138906965804,189,358,200,312,231,254
1776767703.9001772,2.7083669285613823,0,0,0.0,0.0,0.037133138906965804,189,358,200,312,231,254
1776767703.9535885,2.7083669285613823,0,0,0.0,0.0,0.037133138906965804,189,358,200,312,231,254
1776767704.0110166,2.7083669285613823,0,0,0.0,0.0,0.037133138906965804,189,358,200,312,231,254
1776767704.0680916,2.7083669285613823,0,0,0.0,0.0,0.037133138906965804,189,358,200,312,231,254
1776767704.1255853,2.7083669285613823,0,0,0.0,0.0,0.037133138906965804,189,358,200,312,231,254
1776767704.1826878,2.7083669285613823,0,0,0.0,0.0,0.037133138906965804,189,358,200,312,231,254
1776767704.2402053,2.7083669285613823,0,0,0.0,0.0,0.037133138906965804,189,358,200,312,231,254
1776767704.2932608,2.7083669285613823,0,0,0.0,0.0,0.037133138906965804,189,358,200,312,231,254
1776767704.3509288,2.7083669285613823,0,0,0.0,0.0,0.037133138906965804,189,358,200,312,231,254
1776767704.408989,2.7083669285613823,0,0,0.0,0.0,0.037133138906965804,189,358,200,312,231,254
1776767704.4660034,2.7083669285613823,0,0,0.0,0.0,0.037133138906965804,189,358,200,312,231,254
1776767704.5229878,2.7083669285613823,0,0,0.0,0.0,0.037133138906965804,189,358,200,312,231,254
1776767704.5757065,2.7083669285613823,0,0,0.0,0.0,0.037133138906965804,189,358,200,312,231,254
1776767704.6334164,2.7083669285613823,0,0,0.0,0.0,0.037133138906965804,189,358,200,312,231,254
1776767704.6905541,2.7083669285613823,0,0,0.0,0.0,0.037133138906965804,189,358,200,312,231,254
1776767704.7483904,2.7083669285613823,0,0,0.0,0.0,0.037133138906965804,189,358,200,312,231,254
1776767704.8058321,2.7083669285613823,0,0,0.0,0.0,0.037133138906965804,189,358,200,312,231,254
1776767704.8627126,2.7083669285613823,0,0,0.0,0.0,0.037133138906965804,189,358,200,312,231,254
1776767704.9156723,2.7083669285613823,0,0,0.0,0.0,0.037133138906965804,189,358,200,312,231,254
1776767704.9740226,2.7083669285613823,0,0,0.0,0.0,0.037133138906965804,189,358,200,312,231,254
1776767705.0311224,2.7083669285613823,0,0,0.0,0.0,0.037133138906965804,189,358,200,312,231,254
1776767705.0882337,2.7083669285613823,0,0,0.0,0.0,0.037133138906965804,189,358,200,312,231,254
1776767705.1453543,2.7083669285613823,0,0,0.0,0.0,0.037133138906965804,189,358,200,312,231,254
1776767705.202378,2.7083669285613823,0,0,0.0,0.0,0.037133138906965804,189,358,200,312,231,254
1776767705.2561982,2.7083669285613823,2,0,2.0,0.24330900243309,0.038886509784599226,189,358,200,312,232,254
1776767705.3134935,2.7083669285613823,2,0,2.0,0.24330900243309,0.038886509784599226,189,358,200,312,232,254
1776767705.3707945,2.7083669285613823,2,0,2.0,0.24330900243309,0.038886509784599226,189,358,200,312,232,254
1776767705.4279854,2.7083669285613823,2,0,2.0,0.24330900243309,0.038886509784599226,189,358,200,312,232,254
1776767705.4853148,2.7083669285613823,2,0,2.0,0.24330900243309,0.038886509784599226,189,358,200,312,232,254
1776767705.54377,2.7083669285613823,2,0,2.0,0.24330900243309,0.038886509784599226,189,358,200,312,232,254
1776767705.5961728,2.7083669285613823,2,0,2.0,0.24330900243309,0.038886509784599226,189,358,200,312,232,254
1776767705.6533508,2.7083669285613823,2,0,2.0,0.24330900243309,0.038886509784599226,189,358,200,312,232,254
1776767705.7108216,2.7083669285613823,2,0,2.0,0.24330900243309,0.038886509784599226,189,358,200,312,232,254
1776767705.7682211,2.7083669285613823,2,0,2.0,0.24330900243309,0.038886509784599226,189,358,200,312,232,254
1776767705.825308,2.7083669285613823,2,0,2.0,0.24330900243309,0.038886509784599226,189,358,200,312,232,254
1776767705.8792498,2.7083669285613823,2,0,2.0,0.24330900243309,0.038886509784599226,189,358,200,312,232,254
1776767705.935482,2.7083669285613823,2,0,2.0,0.24330900243309,0.038886509784599226,189,358,200,312,232,254
1776767705.992756,2.7083669285613823,2,0,2.0,0.24330900243309,0.038886509784599226,189,358,200,312,232,254
1776767706.107935,2.7083669285613823,2,0,2.0,0.24330900243309,0.038886509784599226,189,358,200,312,232,254
1776767706.1652913,2.7083669285613823,2,0,2.0,0.24330900243309,0.038886509784599226,189,358,200,312,232,254
1776767706.2186599,2.7083669285613823,2,0,2.0,0.24330900243309,0.038886509784599226,189,358,200,312,232,254
1776767706.275499,2.7083669285613823,2,0,2.0,0.24330900243309,0.038886509784599226,189,358,200,312,232,254
1776767706.3332365,2.7083669285613823,2,0,2.0,0.24330900243309,0.038886509784599226,189,358,200,312,232,254
1776767706.3910158,2.7083669285613823,2,0,2.0,0.24330900243309,0.038886509784599226,189,358,200,312,232,254
1776767706.4483821,2.7083669285613823,2,0,2.0,0.24330900243309,0.038886509784599226,189,358,200,312,232,254
1776767706.5052679,2.7083669285613823,2,0,2.0,0.24330900243309,0.038886509784599226,189,358,200,312,232,254
1776767706.5586858,2.7083669285613823,2,0,2.0,0.24330900243309,0.038886509784599226,189,358,200,312,232,254
1776767706.6158361,2.7083669285613823,2,0,2.0,0.24330900243309,0.038886509784599226,189,358,200,312,232,254
1776767706.6728418,2.7083669285613823,2,0,2.0,0.24330900243309,0.038886509784599226,189,358,200,312,232,254
1776767706.7308168,2.7083669285613823,2,0,2.0,0.24330900243309,0.038886509784599226,189,358,200,312,232,254
1776767706.7879343,2.7083669285613823,2,0,2.0,0.24330900243309,0.038886509784599226,189,358,200,312,232,254
1776767706.8452284,2.7083669285613823,2,0,2.0,0.24330900243309,0.038886509784599226,189,358,200,312,232,254
1776767706.898522,2.7083669285613823,2,0,2.0,0.24330900243309,0.038886509784599226,189,358,200,312,232,254
1776767706.9559429,2.7083669285613823,2,0,2.0,0.24330900243309,0.038886509784599226,189,358,200,312,232,254
1776767707.013131,2.7083669285613823,2,0,2.0,0.24330900243309,0.038886509784599226,189,358,200,312,232,254
1776767707.0704563,2.7083669285613823,2,0,2.0,0.24330900243309,0.038886509784599226,189,358,200,312,232,254
1776767707.1279328,2.7083669285613823,2,0,2.0,0.24330900243309,0.038886509784599226,189,358,200,312,232,254
1776767707.1850698,2.7083669285613823,2,0,2.0,0.24330900243309,0.038886509784599226,189,358,200,312,232,254
1776767707.238903,2.7083669285613823,2,0,2.0,0.24330900243309,0.038886509784599226,189,358,200,312,232,254
1776767707.2959557,2.7083669285613823,2,0,2.0,0.24330900243309,0.038886509784599226,189,358,200,312,232,254
1776767707.3529887,2.7083669285613823,2,0,2.0,0.24330900243309,0.038886509784599226,189,358,200,312,232,254
1776767707.4104137,2.7083669285613823,2,0,2.0,0.24330900243309,0.038886509784599226,189,358,200,312,232,254
1776767707.467765,2.7083669285613823,2,0,2.0,0.24330900243309,0.038886509784599226,189,358,200,312,232,254
1776767707.5211334,2.7083669285613823,2,0,2.0,0.24330900243309,0.038886509784599226,189,358,200,312,232,254
1776767707.5784903,2.7083669285613823,2,0,2.0,0.24330900243309,0.038886509784599226,189,358,200,312,232,254
1776767707.635748,2.7083669285613823,2,0,2.0,0.24330900243309,0.038886509784599226,189,358,200,312,232,254
1776767707.693326,2.7083669285613823,2,0,2.0,0.24330900243309,0.038886509784599226,189,358,200,312,232,254
1776767707.7512953,2.7083669285613823,2,0,2.0,0.24330900243309,0.038886509784599226,189,358,200,312,232,254
1776767707.8075554,2.7083669285613823,2,0,2.0,0.24330900243309,0.038886509784599226,189,358,200,312,232,254
1776767707.8610523,2.7083669285613823,2,0,2.0,0.24330900243309,0.038886509784599226,189,358,200,312,232,254
1776767707.9184053,2.7083669285613823,2,0,2.0,0.24330900243309,0.038886509784599226,189,358,200,312,232,254
1776767707.9754026,2.7083669285613823,2,0,2.0,0.24330900243309,0.038886509784599226,189,358,200,312,232,254
1776767708.0330584,2.7083669285613823,2,0,2.0,0.24330900243309,0.038886509784599226,189,358,200,312,232,254
1776767708.0902433,2.7083669285613823,2,0,2.0,0.24330900243309,0.038886509784599226,189,358,200,312,232,254
1776767708.2005095,2.7083669285613823,2,0,2.0,0.24330900243309,0.038886509784599226,189,358,200,312,232,254
1776767708.2580528,2.7083669285613823,2,0,2.0,0.24330900243309,0.038886509784599226,189,358,200,312,232,254
1776767708.3156505,2.7083669285613823,2,0,2.0,0.24330900243309,0.038886509784599226,189,358,200,312,232,254
1776767708.3724813,2.7083669285613823,2,0,2.0,0.24330900243309,0.038886509784599226,189,358,200,312,232,254
1776767708.4302175,2.7083669285613823,2,0,2.0,0.24330900243309,0.038886509784599226,189,358,200,312,232,254
1776767708.487624,2.7083669285613823,2,0,2.0,0.24330900243309,0.038886509784599226,189,358,200,312,232,254
1776767708.5409234,2.7083669285613823,2,0,2.0,0.24330900243309,0.038886509784599226,189,358,200,312,232,254
1776767708.5982401,2.7083669285613823,2,0,2.0,0.24330900243309,0.038886509784599226,189,358,200,312,232,254
1776767708.65526,2.7083669285613823,2,0,2.0,0.24330900243309,0.038886509784599226,189,358,200,312,232,254
1776767708.7126417,2.7083669285613823,2,0,2.0,0.24330900243309,0.038886509784599226,189,358,200,312,232,254
1776767708.770802,2.7083669285613823,2,0,2.0,0.24330900243309,0.038886509784599226,189,358,200,312,232,254
1776767708.8277986,2.7083669285613823,2,0,2.0,0.24330900243309,0.038886509784599226,189,358,200,312,232,254
1776767708.8807173,2.7083669285613823,2,0,2.0,0.24330900243309,0.038886509784599226,189,358,200,312,232,254
1776767708.9382408,2.7083669285613823,2,0,2.0,0.24330900243309,0.038886509784599226,189,358,200,312,232,254
1776767708.99536,2.7083669285613823,2,0,2.0,0.24330900243309,0.038886509784599226,189,358,200,312,232,254
1776767709.0529428,2.7083669285613823,2,0,2.0,0.24330900243309,0.038886509784599226,189,358,200,312,232,254
1776767709.1101122,2.7083669285613823,2,0,2.0,0.24330900243309,0.038886509784599226,189,358,200,312,232,254
1776767709.163695,2.7083669285613823,2,0,2.0,0.24330900243309,0.038886509784599226,189,358,200,312,232,254
1776767709.2216167,2.7083669285613823,2,0,2.0,0.24330900243309,0.038886509784599226,189,358,200,312,232,254
1776767709.2784483,2.7083669285613823,2,0,2.0,0.24330900243309,0.038886509784599226,189,358,200,312,232,254
1776767709.3354738,2.7083669285613823,2,0,2.0,0.24330900243309,0.038886509784599226,189,358,200,312,232,254
1776767709.3926952,2.7083669285613823,2,0,2.0,0.24330900243309,0.038886509784599226,189,358,200,312,232,254
1776767709.4501348,2.7083669285613823,2,0,2.0,0.24330900243309,0.038886509784599226,189,358,200,312,232,254
1776767709.5042017,2.7083669285613823,2,0,2.0,0.24330900243309,0.038886509784599226,189,358,200,312,232,254
1776767709.560845,2.7083669285613823,2,0,2.0,0.24330900243309,0.038886509784599226,189,358,200,312,232,254
1776767709.6183388,2.7083669285613823,2,0,2.0,0.24330900243309,0.038886509784599226,189,358,200,312,232,254
1776767709.6755893,2.7083669285613823,2,0,2.0,0.24330900243309,0.038886509784599226,189,358,200,312,232,254
1776767709.7328813,2.7083669285613823,2,0,2.0,0.24330900243309,0.038886509784599226,189,358,200,312,232,254
1776767709.7901068,2.7083669285613823,2,0,2.0,0.24330900243309,0.038886509784599226,189,358,200,312,232,254
1776767709.8429987,2.7083669285613823,2,0,2.0,0.24330900243309,0.038886509784599226,189,358,200,312,232,254
1776767709.9003363,2.7083669285613823,2,0,2.0,0.24330900243309,0.038886509784599226,189,358,200,312,232,254
1776767709.958112,2.7083669285613823,2,0,2.0,0.24330900243309,0.038886509784599226,189,358,200,312,232,254
1776767710.0160863,2.7083669285613823,2,0,2.0,0.24330900243309,0.038886509784599226,189,358,200,312,232,254
1776767710.0723321,2.7083669285613823,2,0,2.0,0.24330900243309,0.038886509784599226,189,358,200,312,232,254
1776767710.1300893,2.7083669285613823,2,0,2.0,0.24330900243309,0.038886509784599226,189,358,200,312,232,254
1776767710.1835573,2.7083669285613823,2,0,2.0,0.24330900243309,0.038886509784599226,189,358,200,312,232,254
1776767710.2409348,2.7083669285613823,2,0,2.0,0.24330900243309,0.038886509784599226,189,358,200,312,232,254
1776767710.297914,2.7083669285613823,2,0,2.0,0.24330900243309,0.038886509784599226,189,358,200,312,232,254
1776767710.3550634,2.7083669285613823,2,0,2.0,0.24330900243309,0.038886509784599226,189,358,200,312,232,254
1776767710.4121838,2.7083669285613823,2,0,2.0,0.24330900243309,0.038886509784599226,189,358,200,312,232,254
1776767710.4695284,2.7083669285613823,2,0,2.0,0.24330900243309,0.038886509784599226,189,358,200,312,232,254
1776767710.5231998,2.7083669285613823,2,0,2.0,0.24330900243309,0.038886509784599226,189,358,200,312,232,254
1776767710.5803308,2.7083669285613823,2,0,2.0,0.24330900243309,0.038886509784599226,189,358,200,312,232,254
1776767710.6376815,2.7083669285613823,2,0,2.0,0.24330900243309,0.038886509784599226,189,358,200,312,232,254
1776767710.6953144,2.7083669285613823,2,0,2.0,0.24330900243309,0.04060265216205007,189,358,200,311,232,254
1776767710.75254,2.7083669285613823,2,0,2.0,0.24330900243309,0.04060265216205007,189,358,200,311,232,254
1776767710.8057973,2.7083669285613823,2,0,2.0,0.24330900243309,0.04060265216205007,189,358,200,311,232,254
1776767710.8633194,2.7083669285613823,2,0,2.0,0.24330900243309,0.04060265216205007,189,358,200,311,232,254
1776767710.9783945,2.7083669285613823,2,0,2.0,0.24330900243309,0.04060265216205007,189,358,200,311,232,254
1776767711.0356112,2.7083669285613823,2,0,2.0,0.24330900243309,0.04060265216205007,189,358,200,311,232,254
1776767711.092458,2.7083669285613823,2,0,2.0,0.24330900243309,0.04060265216205007,189,358,200,311,232,254
1776767711.1459885,2.7083669285613823,2,0,2.0,0.24330900243309,0.04060265216205007,189,358,200,311,232,254
1776767711.2031958,2.7083669285613823,2,0,2.0,0.24330900243309,0.04060265216205007,189,358,200,311,232,254
1776767711.2606268,2.7083669285613823,2,0,2.0,0.24330900243309,0.04060265216205007,189,358,200,311,232,254
1776767711.3180294,2.7083669285613823,2,0,2.0,0.24330900243309,0.04060265216205007,189,358,200,311,232,254
1776767711.3754742,2.7083669285613823,2,0,2.0,0.24330900243309,0.04060265216205007,189,358,200,311,232,254
1776767711.432023,2.7083669285613823,2,0,2.0,0.24330900243309,0.04060265216205007,189,358,200,311,232,254
1776767711.485825,2.7083669285613823,2,0,2.0,0.24330900243309,0.04060265216205007,189,358,200,311,232,254
1776767711.5427508,2.7083669285613823,2,0,2.0,0.24330900243309,0.04060265216205007,189,358,200,311,232,254
1776767711.6006503,2.7083669285613823,2,0,2.0,0.24330900243309,0.04060265216205007,189,358,200,311,232,254
1776767711.657781,2.7083669285613823,2,0,2.0,0.24330900243309,0.04060265216205007,189,358,200,311,232,254
1776767711.7148917,2.7083669285613823,2,0,2.0,0.24330900243309,0.04060265216205007,189,358,200,311,232,254
1776767711.7725255,2.7083669285613823,2,0,2.0,0.24330900243309,0.04060265216205007,189,358,200,311,232,254
1776767711.8260615,2.7083669285613823,2,0,2.0,0.24330900243309,0.04060265216205007,189,358,200,311,232,254
1776767711.8833258,2.7083669285613823,2,0,2.0,0.24330900243309,0.04060265216205007,189,358,200,311,232,254
1776767711.9406285,2.7083669285613823,2,0,2.0,0.24330900243309,0.04060265216205007,189,358,200,311,232,254
1776767711.998016,2.7083669285613823,2,0,2.0,0.24330900243309,0.04060265216205007,189,358,200,311,232,254
1776767712.0549042,2.7083669285613823,2,0,2.0,0.24330900243309,0.04060265216205007,189,358,200,311,232,254
1776767712.1124794,2.7083669285613823,2,0,2.0,0.24330900243309,0.04060265216205007,189,358,200,311,232,254
1776767712.1660187,2.7083669285613823,2,0,2.0,0.24330900243309,0.04060265216205007,189,358,200,311,232,254
1776767712.2225611,2.7083669285613823,2,0,2.0,0.24330900243309,0.04060265216205007,189,358,200,311,232,254
1776767712.2803264,2.7083669285613823,2,0,2.0,0.24330900243309,0.04060265216205007,189,358,200,311,232,254
1776767712.337336,2.7083669285613823,2,0,2.0,0.24330900243309,0.04060265216205007,189,358,200,311,232,254
1776767712.3945482,2.7083669285613823,2,0,2.0,0.24330900243309,0.04060265216205007,189,358,200,311,232,254
1776767712.4484205,2.7083669285613823,2,0,2.0,0.24330900243309,0.04060265216205007,189,358,200,311,232,254
1776767712.5054698,2.7083669285613823,2,0,2.0,0.24330900243309,0.04060265216205007,189,358,200,311,232,254
1776767712.5629048,2.7083669285613823,2,0,2.0,0.24330900243309,0.04060265216205007,189,358,200,311,232,254
1776767712.61991,2.7083669285613823,2,0,2.0,0.24330900243309,0.04060265216205007,189,358,200,311,232,254
1776767712.6772912,2.7083669285613823,2,0,2.0,0.24330900243309,0.04060265216205007,189,358,200,311,232,254
1776767712.7344882,2.7083669285613823,2,0,2.0,0.24330900243309,0.04060265216205007,189,358,200,311,232,254
1776767712.7878826,2.7083669285613823,2,0,2.0,0.24330900243309,0.04060265216205007,189,358,200,311,232,254
1776767712.845645,2.7083669285613823,2,0,2.0,0.24330900243309,0.04060265216205007,189,358,200,311,232,254
1776767712.9034472,2.7083669285613823,2,0,2.0,0.24330900243309,0.04060265216205007,189,358,200,311,232,254
1776767712.960288,2.7083669285613823,2,0,2.0,0.24330900243309,0.04060265216205007,189,358,200,311,232,254
1776767713.0174088,2.7083669285613823,2,0,2.0,0.24330900243309,0.04060265216205007,189,358,200,311,232,254
1776767713.1285348,2.7083669285613823,2,0,2.0,0.24330900243309,0.04060265216205007,189,358,200,311,232,254
1776767713.1862245,2.7083669285613823,2,0,2.0,0.24330900243309,0.04060265216205007,189,358,200,311,232,254
1776767713.242539,2.7083669285613823,2,0,2.0,0.24330900243309,0.04060265216205007,189,358,200,311,232,254
1776767713.3002589,2.7083669285613823,2,0,2.0,0.24330900243309,0.04060265216205007,189,358,200,311,232,254
1776767713.357772,2.7083669285613823,2,0,2.0,0.24330900243309,0.04060265216205007,189,358,200,311,232,254
1776767713.4149737,2.7083669285613823,2,0,2.0,0.24330900243309,0.04060265216205007,189,358,200,311,232,254
1776767713.467861,2.7083669285613823,2,0,2.0,0.24330900243309,0.04060265216205007,189,358,200,311,232,254
1776767713.5251858,2.7083669285613823,2,0,2.0,0.24330900243309,0.04060265216205007,189,358,200,311,232,254
1776767713.5831826,2.7083669285613823,2,0,2.0,0.24330900243309,0.04060265216205007,189,358,200,311,232,254
1776767713.6406758,2.7083669285613823,2,0,2.0,0.24330900243309,0.04060265216205007,189,358,200,311,232,254
1776767713.697686,2.7083669285613823,2,0,2.0,0.24330900243309,0.04060265216205007,189,358,200,311,232,254
1776767713.7507439,2.7083669285613823,2,0,2.0,0.24330900243309,0.04060265216205007,189,358,200,311,232,254
1776767713.8085406,2.7083669285613823,2,0,2.0,0.24330900243309,0.04060265216205007,189,358,200,311,232,254
1776767713.865213,2.7083669285613823,2,0,2.0,0.24330900243309,0.04060265216205007,189,358,200,311,232,254
1776767713.922595,2.7083669285613823,2,0,2.0,0.24330900243309,0.04060265216205007,189,358,200,311,232,254
1776767713.9817686,2.7083669285613823,2,0,2.0,0.24330900243309,0.04060265216205007,189,358,200,311,232,254
1776767714.0374062,2.7083669285613823,2,0,2.0,0.24330900243309,0.04060265216205007,189,358,200,311,232,254
1776767714.0908318,2.7083669285613823,2,0,2.0,0.24330900243309,0.04060265216205007,189,358,200,311,232,254
1776767714.147858,2.7083669285613823,2,0,2.0,0.24330900243309,0.04060265216205007,189,358,200,311,232,254
1776767714.2056491,2.7083669285613823,2,0,2.0,0.24330900243309,0.04060265216205007,189,358,200,311,232,254
1776767714.263066,2.7083669285613823,2,0,2.0,0.24330900243309,0.04060265216205007,189,358,200,311,232,254
1776767714.3198988,2.7083669285613823,2,0,2.0,0.24330900243309,0.04060265216205007,189,358,200,311,232,254
1776767714.3773654,2.7083669285613823,2,0,2.0,0.24330900243309,0.04060265216205007,189,358,200,311,232,254
1776767714.4307885,2.7083669285613823,2,0,2.0,0.24330900243309,0.04060265216205007,189,358,200,311,232,254
1776767714.4881191,2.7083669285613823,2,0,2.0,0.24330900243309,0.04060265216205007,189,358,200,311,232,254
1776767714.5456817,2.7083669285613823,2,0,2.0,0.24330900243309,0.04060265216205007,189,358,200,311,232,254
1776767714.6024938,2.7083669285613823,2,0,2.0,0.24330900243309,0.04060265216205007,189,358,200,311,232,254
1776767714.660007,2.7083669285613823,2,0,2.0,0.24330900243309,0.04060265216205007,189,358,200,311,232,254
1776767714.717338,2.7083669285613823,2,0,2.0,0.24330900243309,0.04060265216205007,189,358,200,311,232,254
1776767714.7707717,2.7083669285613823,2,0,2.0,0.24330900243309,0.04060265216205007,189,358,200,311,232,254
1776767714.828285,2.7083669285613823,2,0,2.0,0.24330900243309,0.04060265216205007,189,358,200,311,232,254
1776767714.885039,2.7083669285613823,2,0,2.0,0.24330900243309,0.04060265216205007,189,358,200,311,232,254
1776767714.9422297,2.7083669285613823,2,0,2.0,0.24330900243309,0.04060265216205007,189,358,200,311,232,254
1776767714.999453,2.7083669285613823,2,0,2.0,0.24330900243309,0.04060265216205007,189,358,200,311,232,254
1776767715.0569088,2.7083669285613823,2,0,2.0,0.24330900243309,0.04060265216205007,189,358,200,311,232,254
1776767715.1114402,2.7083669285613823,2,0,2.0,0.24330900243309,0.04060265216205007,189,358,200,311,232,254
1776767715.1684256,2.7083669285613823,2,0,2.0,0.24330900243309,0.04060265216205007,189,358,200,311,232,254
1776767715.2253475,2.7083669285613823,2,0,2.0,0.24330900243309,0.04060265216205007,189,358,200,311,232,254
1776767715.282544,2.7083669285613823,2,0,2.0,0.24330900243309,0.04060265216205007,189,358,200,311,232,254
1776767715.3400984,2.7083669285613823,2,0,2.0,0.24330900243309,0.04060265216205007,189,358,200,311,232,254
1776767715.3934853,2.7083669285613823,2,0,2.0,0.24330900243309,0.04060265216205007,189,358,200,311,232,254
1776767715.4504125,2.7083669285613823,2,0,2.0,0.24330900243309,0.04060265216205007,189,358,200,311,232,254
1776767715.5079865,2.7083669285613823,2,0,2.0,0.24330900243309,0.04060265216205007,189,358,200,311,232,254
1776767715.5653675,2.7083669285613823,2,0,2.0,0.24330900243309,0.04060265216205007,189,358,200,311,232,254
1776767715.6236658,2.7083669285613823,2,0,2.0,0.24330900243309,0.04060265216205007,189,358,200,311,232,254
1776767715.6802797,2.7083669285613823,2,0,2.0,0.24330900243309,0.04060265216205007,189,358,200,311,232,254
1776767715.733247,2.7083669285613823,2,0,2.0,0.24330900243309,0.04060265216205007,189,358,200,311,232,254
1776767715.8497207,2.7083669285613823,2,0,2.0,0.24330900243309,0.04060265216205007,189,358,200,311,232,254
1776767715.9052072,2.7083669285613823,2,0,2.0,0.24330900243309,0.04060265216205007,189,358,200,311,232,254
1776767715.9623756,2.7083669285613823,2,0,2.0,0.24330900243309,0.04060265216205007,189,358,200,311,232,254
1776767716.0194125,2.7083669285613823,2,0,2.0,0.24330900243309,0.04060265216205007,189,358,200,311,232,254
1776767716.073268,2.7083669285613823,2,0,2.0,0.24330900243309,0.04060265216205007,189,358,200,311,232,254
1776767716.1304233,2.7083669285613823,2,0,2.0,0.24330900243309,0.04060265216205007,189,358,200,311,232,254
1776767716.1880505,2.7083669285613823,2,0,2.0,0.24330900243309,0.04060265216205007,189,358,200,311,232,254
1776767716.2456133,2.7083669285613823,2,0,2.0,0.24330900243309,0.04060265216205007,189,358,200,311,232,254
1776767716.3023758,2.7083669285613823,2,0,2.0,0.24330900243309,0.04060265216205007,189,358,200,311,232,254
1776767716.3608575,2.7083669285613823,2,0,2.0,0.24330900243309,0.04060265216205007,189,358,200,311,232,254
1776767716.4136312,2.7083669285613823,2,0,2.0,0.24330900243309,0.04060265216205007,189,358,200,311,232,254
1776767716.4704895,2.7083669285613823,2,0,2.0,0.24330900243309,0.04060265216205007,189,358,200,311,232,254
1776767716.5278459,2.7083669285613823,2,0,2.0,0.24330900243309,0.04060265216205007,189,358,200,311,232,254
1776767716.5846138,2.7083669285613823,2,0,2.0,0.24330900243309,0.04060265216205007,189,358,200,311,232,254
1776767716.642177,2.7083669285613823,2,0,2.0,0.24330900243309,0.04060265216205007,189,358,200,311,232,254
1776767716.6998436,2.7083669285613823,2,0,2.0,0.24330900243309,0.04060265216205007,189,358,200,311,232,254
1776767716.7528553,2.7083669285613823,2,0,2.0,0.24330900243309,0.04060265216205007,189,358,200,311,232,254
1776767716.8102427,2.7083669285613823,2,0,2.0,0.24330900243309,0.04060265216205007,189,358,200,311,232,254
1776767716.867912,2.7083669285613823,2,0,2.0,0.24330900243309,0.04060265216205007,189,358,200,311,232,254
1776767716.925308,2.7083669285613823,2,0,2.0,0.24330900243309,0.04060265216205007,189,358,200,311,232,254
1776767716.9818826,2.7083669285613823,2,0,2.0,0.24330900243309,0.04060265216205007,189,358,200,311,232,254
1776767717.0354505,2.7083669285613823,2,0,2.0,0.24330900243309,0.04060265216205007,189,358,200,311,232,254
1776767717.0931668,2.7083669285613823,2,0,2.0,0.24330900243309,0.04060265216205007,189,358,200,311,232,254
1776767717.1510282,2.7083669285613823,2,0,2.0,0.24330900243309,0.04060265216205007,189,358,200,311,232,254
1776767717.20725,2.7083669285613823,2,0,2.0,0.24330900243309,0.04060265216205007,189,358,200,311,232,254
1776767717.2645524,2.7083669285613823,2,0,2.0,0.24330900243309,0.04060265216205007,189,358,200,311,232,254
1776767717.3218915,2.7083669285613823,2,0,2.0,0.24330900243309,0.04060265216205007,189,358,200,311,232,254
1776767717.3756166,2.7083669285613823,2,0,2.0,0.24330900243309,0.04060265216205007,189,358,200,311,232,254
1776767717.4326901,2.7083669285613823,2,0,2.0,0.24330900243309,0.04060265216205007,189,358,200,311,232,254
1776767717.4902782,2.7083669285613823,2,0,2.0,0.24330900243309,0.04060265216205007,189,358,200,311,232,254
1776767717.5492616,2.7083669285613823,2,0,2.0,0.24330900243309,0.04060265216205007,189,358,200,311,232,254
1776767717.6049557,2.7083669285613823,2,0,2.0,0.24330900243309,0.04060265216205007,189,358,200,311,232,254
1776767717.6625206,2.7083669285613823,2,0,2.0,0.24330900243309,0.04060265216205007,189,358,200,311,232,254
1776767717.7154982,2.7083669285613823,2,0,2.0,0.24330900243309,0.04060265216205007,189,358,200,311,232,254
1776767717.7731833,2.7083669285613823,2,0,2.0,0.24330900243309,0.04060265216205007,189,358,200,311,232,254
1776767717.829842,2.7083669285613823,2,0,2.0,0.24330900243309,0.04060265216205007,189,358,200,311,232,254
1776767717.8875692,2.7083669285613823,2,0,2.0,0.24330900243309,0.04060265216205007,189,358,200,311,232,254
1776767717.9447126,2.7083669285613823,2,0,2.0,0.24330900243309,0.04060265216205007,189,358,200,311,232,254
1776767718.0562742,2.7083669285613823,2,0,2.0,0.24330900243309,0.04060265216205007,189,358,200,311,232,254
1776767718.1131148,2.7083669285613823,2,0,2.0,0.24330900243309,0.04060265216205007,189,358,200,311,232,254
1776767718.1702793,2.7083669285613823,2,0,2.0,0.24330900243309,0.04060265216205007,189,358,200,311,232,254
1776767718.2279022,2.7083669285613823,2,0,2.0,0.24330900243309,0.04060265216205007,189,358,200,311,232,254
1776767718.2843227,2.7083669285613823,2,0,2.0,0.24330900243309,0.04060265216205007,189,358,200,311,232,254
1776767718.3383958,2.7083669285613823,2,0,2.0,0.24330900243309,0.04060265216205007,189,358,200,311,232,254
1776767718.395782,2.7083669285613823,2,0,2.0,0.24330900243309,0.04060265216205007,189,358,200,311,232,254
1776767718.4526348,2.7083669285613823,2,0,2.0,0.24330900243309,0.04060265216205007,189,358,200,311,232,254
1776767718.5107405,2.7083669285613823,2,0,2.0,0.24330900243309,0.04060265216205007,189,358,200,311,232,254
1776767718.568084,2.7083669285613823,2,0,2.0,0.24330900243309,0.04060265216205007,189,358,200,311,232,254
1776767718.6250336,2.7083669285613823,2,0,2.0,0.24330900243309,0.04060265216205007,189,358,200,311,232,254
1776767718.6784132,2.7083669285613823,2,0,2.0,0.24330900243309,0.04060265216205007,189,358,200,311,232,254
1776767718.7356482,2.7083669285613823,2,0,2.0,0.24330900243309,0.04060265216205007,189,358,200,311,232,254
1776767718.793114,2.7083669285613823,2,0,2.0,0.24330900243309,0.04060265216205007,189,358,200,311,232,254
1776767718.8504872,2.7083669285613823,2,0,2.0,0.24330900243309,0.04060265216205007,189,358,200,311,232,254
1776767718.9105017,2.7083669285613823,2,0,2.0,0.24330900243309,0.04060265216205007,189,358,200,311,232,254
1776767718.964845,2.7083669285613823,2,0,2.0,0.24330900243309,0.04060265216205007,189,358,200,311,232,254
1776767719.0179358,2.7083669285613823,2,0,2.0,0.24330900243309,0.04060265216205007,189,358,200,311,232,254
1776767719.07547,2.7083669285613823,2,0,2.0,0.24330900243309,0.04060265216205007,189,358,200,311,232,254
1776767719.1326523,2.7083669285613823,2,0,2.0,0.24330900243309,0.04060265216205007,189,358,200,311,232,254
1776767719.1901877,2.7083669285613823,2,0,2.0,0.24330900243309,0.04060265216205007,189,358,200,311,232,254
1776767719.2475898,2.7083669285613823,2,0,2.0,0.24330900243309,0.04060265216205007,189,358,200,311,232,254
1776767719.3044717,2.7083669285613823,2,0,2.0,0.24330900243309,0.04060265216205007,189,358,200,311,232,254
1776767719.3584752,2.7083669285613823,2,0,2.0,0.24330900243309,0.04060265216205007,189,358,200,311,232,254
1776767719.4158628,2.7083669285613823,2,0,2.0,0.24330900243309,0.04060265216205007,189,358,200,311,232,254
1776767719.4721868,2.7083669285613823,2,0,2.0,0.24330900243309,0.04060265216205007,189,358,200,311,232,254
1776767719.5295236,2.7083669285613823,2,0,2.0,0.24330900243309,0.04060265216205007,189,358,200,311,232,254
1776767719.5869453,2.7083669285613823,2,0,2.0,0.24330900243309,0.04060265216205007,189,358,200,311,232,254
1776767719.644668,2.7083669285613823,2,0,2.0,0.24330900243309,0.04060265216205007,189,358,200,311,232,254
1776767719.6981485,2.7083669285613823,2,0,2.0,0.24330900243309,0.04060265216205007,189,358,200,311,232,254
1776767719.7560003,2.7083669285613823,2,0,2.0,0.24330900243309,0.04060265216205007,189,358,200,311,232,254
1776767719.8130116,2.7083669285613823,2,0,2.0,0.24330900243309,0.04060265216205007,189,358,200,311,232,254
1776767719.870167,2.7083669285613823,2,0,2.0,0.24330900243309,0.04060265216205007,189,358,200,311,232,254
1776767719.9279525,2.7083669285613823,2,0,2.0,0.24330900243309,0.04060265216205007,189,358,200,311,232,254
1776767719.9802265,2.7083669285613823,2,0,2.0,0.24330900243309,0.04060265216205007,189,358,200,311,232,254
1776767720.0384183,2.7083669285613823,2,0,2.0,0.24330900243309,0.04060265216205007,189,358,200,311,232,254
1776767720.095426,2.7083669285613823,2,0,2.0,0.24330900243309,0.04060265216205007,189,358,200,311,232,254
1776767720.1526449,2.7083669285613823,2,0,2.0,0.24330900243309,0.04060265216205007,189,358,200,311,232,254
1776767720.2118824,2.7083669285613823,2,0,2.0,0.24330900243309,0.04060265216205007,189,358,200,311,232,254
1776767720.2667694,2.7083669285613823,2,0,2.0,0.24330900243309,0.04060265216205007,189,358,200,311,232,254
1776767720.3212063,2.7083669285613823,2,0,2.0,0.24330900243309,0.04060265216205007,189,358,200,311,232,254
1776767720.3779523,2.7083669285613823,2,0,2.0,0.24330900243309,0.04060265216205007,189,358,200,311,232,254
1776767720.4352024,2.7083669285613823,2,0,2.0,0.24330900243309,0.04060265216205007,189,358,200,311,232,254
1776767720.4925406,2.7083669285613823,2,0,2.0,0.24330900243309,0.04060265216205007,189,358,200,311,232,254
1776767720.549867,2.7083669285613823,2,0,2.0,0.24330900243309,0.04060265216205007,189,358,200,311,232,254
1776767720.6071851,2.7083669285613823,2,0,2.0,0.24330900243309,0.04060265216205007,189,358,200,311,232,254
1776767720.717482,2.7083669285613823,2,0,2.0,0.24330900243309,0.04060265216205007,189,358,200,311,232,254
1776767720.7761111,2.7083669285613823,2,0,2.0,0.24330900243309,0.04060265216205007,189,358,200,311,232,254
1776767720.8320875,2.7083669285613823,2,0,2.0,0.24330900243309,0.04060265216205007,189,358,200,311,232,254
1776767720.889514,2.7083669285613823,2,0,2.0,0.24330900243309,0.04060265216205007,189,358,200,311,232,254
1776767720.9471703,2.7083669285613823,2,0,2.0,0.24330900243309,0.04060265216205007,189,358,200,311,232,254
1776767721.0003188,2.7083669285613823,2,0,2.0,0.24330900243309,0.04060265216205007,189,358,200,311,232,254
1776767721.0579877,2.7083669285613823,2,0,2.0,0.24330900243309,0.04060265216205007,189,358,200,311,232,254
1776767721.1152828,2.7083669285613823,2,0,2.0,0.24330900243309,0.04060265216205007,189,358,200,311,232,254
1776767721.1725495,2.7083669285613823,2,0,2.0,0.24330900243309,0.04060265216205007,189,358,200,311,232,254
1776767721.2299972,2.7083669285613823,2,0,2.0,0.24330900243309,0.04060265216205007,189,358,200,311,232,254
1776767721.2830465,2.7083669285613823,2,0,2.0,0.24330900243309,0.04060265216205007,189,358,200,311,232,254
1776767721.3409073,2.7083669285613823,2,0,2.0,0.24330900243309,0.04060265216205007,189,358,200,311,232,254
1776767721.3974612,2.7083669285613823,2,0,2.0,0.24330900243309,0.04060265216205007,189,358,200,311,232,254
1776767721.455079,2.7083669285613823,2,0,2.0,0.24330900243309,0.04060265216205007,189,358,200,311,232,254
1776767721.5123906,2.7083669285613823,2,0,2.0,0.24330900243309,0.04060265216205007,189,358,200,311,232,254
1776767721.5697014,2.7083669285613823,2,0,2.0,0.24330900243309,0.04060265216205007,189,358,200,311,232,254
1776767721.6229854,2.7083669285613823,2,0,2.0,0.24330900243309,0.04060265216205007,189,358,200,311,232,254
1776767721.6804364,2.7083669285613823,2,0,2.0,0.24330900243309,0.04060265216205007,189,358,200,311,232,254
1776767721.7372465,2.7083669285613823,2,0,2.0,0.24330900243309,0.04060265216205007,189,358,200,311,232,254
1776767721.7945902,2.7083669285613823,2,0,2.0,0.24330900243309,0.04060265216205007,189,358,200,311,232,254
1776767721.8520243,2.7083669285613823,2,0,2.0,0.24330900243309,0.04060265216205007,189,358,200,311,232,254
1776767721.9095871,2.7083669285613823,2,0,2.0,0.24330900243309,0.04060265216205007,189,358,200,311,232,254
1776767721.9630775,2.7083669285613823,2,0,2.0,0.24330900243309,0.04060265216205007,189,358,200,311,232,254
1776767722.0198848,2.7083669285613823,2,0,2.0,0.24330900243309,0.04060265216205007,189,358,200,311,232,254
1776767722.0776963,2.7083669285613823,2,0,2.0,0.24330900243309,0.04060265216205007,189,358,200,311,232,254
1776767722.135352,2.7083669285613823,2,0,2.0,0.24330900243309,0.04060265216205007,189,358,200,311,232,254
1776767722.192462,2.7083669285613823,2,0,2.0,0.24330900243309,0.04060265216205007,189,358,200,311,232,254
1776767722.2493615,2.7083669285613823,2,0,2.0,0.24330900243309,0.04060265216205007,189,358,200,311,232,254
1776767722.303172,2.7083669285613823,2,0,2.0,0.24330900243309,0.04060265216205007,189,358,200,311,232,254
1776767722.3614807,2.7083669285613823,2,0,2.0,0.24330900243309,0.04060265216205007,189,358,200,311,232,254
1776767722.4177275,2.7083669285613823,2,0,2.0,0.24330900243309,0.04060265216205007,189,358,200,311,232,254
1776767722.4748003,2.7083669285613823,2,0,2.0,0.24330900243309,0.04060265216205007,189,358,200,311,232,254
1776767722.5321035,2.7083669285613823,2,0,2.0,0.24330900243309,0.04060265216205007,189,358,200,311,232,254
1776767722.5896301,2.7083669285613823,2,0,2.0,0.24330900243309,0.04060265216205007,189,358,200,311,232,254
1776767722.6428607,2.7083669285613823,2,0,2.0,0.24330900243309,0.04060265216205007,189,358,200,311,232,254
1776767722.7009263,2.7083669285613823,2,0,2.0,0.24330900243309,0.04060265216205007,189,358,200,311,232,254
1776767722.7573233,2.7083669285613823,2,0,2.0,0.24330900243309,0.04060265216205007,189,358,200,311,232,254
1776767722.8149767,2.7083669285613823,2,0,2.0,0.24330900243309,0.04060265216205007,189,358,200,311,232,254
1776767722.8724403,2.7083669285613823,2,0,2.0,0.24330900243309,0.04060265216205007,189,358,200,311,232,254
1776767722.982934,2.7083669285613823,2,0,2.0,0.24330900243309,0.04060265216205007,189,358,200,311,232,254
1776767723.0402155,2.7083669285613823,2,0,2.0,0.24330900243309,0.04060265216205007,189,358,200,311,232,254
1776767723.0974917,2.7083669285613823,2,0,2.0,0.24330900243309,0.04060265216205007,189,358,200,311,232,254
1776767723.154746,2.7083669285613823,2,0,2.0,0.24330900243309,0.04060265216205007,189,358,200,311,232,254
1776767723.2124991,2.7083669285613823,2,0,2.0,0.24330900243309,0.04060265216205007,189,358,200,311,232,254
1776767723.2657967,2.7083669285613823,2,0,2.0,0.24330900243309,0.04060265216205007,189,358,200,311,232,254
1776767723.3230562,2.7083669285613823,2,0,2.0,0.24330900243309,0.04060265216205007,189,358,200,311,232,254
1776767723.3803427,2.7083669285613823,2,0,2.0,0.24330900243309,0.04060265216205007,189,358,200,311,232,254
1776767723.4379814,2.7083669285613823,2,0,2.0,0.24330900243309,0.04060265216205007,189,358,200,311,232,254
1776767723.494632,2.7083669285613823,2,0,2.0,0.24330900243309,0.04060265216205007,189,358,200,311,232,254
1776767723.5518851,2.7083669285613823,2,0,2.0,0.24330900243309,0.04060265216205007,189,358,200,311,232,254
1776767723.605525,2.7083669285613823,2,0,2.0,0.24330900243309,0.04060265216205007,189,358,200,311,232,254
1776767723.663222,2.7083669285613823,2,0,2.0,0.24330900243309,0.04060265216205007,189,358,200,311,232,254
1776767723.7217522,2.7083669285613823,2,0,2.0,0.24330900243309,0.04060265216205007,189,358,200,311,232,254
1776767723.7774556,2.7083669285613823,2,0,2.0,0.24330900243309,0.04060265216205007,189,358,200,311,232,254
1776767723.834862,2.7083669285613823,2,0,2.0,0.24330900243309,0.04060265216205007,189,358,200,311,232,254
1776767723.891886,2.7083669285613823,2,0,2.0,0.24330900243309,0.04060265216205007,189,358,200,311,232,254
1776767723.9454658,2.7083669285613823,2,0,2.0,0.24330900243309,0.04060265216205007,189,358,200,311,232,254
1776767724.0023093,2.7083669285613823,2,0,2.0,0.24330900243309,0.04060265216205007,189,358,200,311,232,254
1776767724.059691,2.7083669285613823,2,0,2.0,0.24330900243309,0.04060265216205007,189,358,200,311,232,254
1776767724.1173344,2.7083669285613823,2,0,2.0,0.24330900243309,0.04060265216205007,189,358,200,311,232,254
1776767724.174254,2.7083669285613823,2,0,2.0,0.24330900243309,0.04060265216205007,189,358,200,311,232,254
1776767724.2276733,2.7083669285613823,2,0,2.0,0.24330900243309,0.04060265216205007,189,358,200,311,232,254
1776767724.2854044,2.7083669285613823,2,0,2.0,0.24330900243309,0.04060265216205007,189,358,200,311,232,254
1776767724.3429186,2.7083669285613823,2,0,2.0,0.24330900243309,0.04060265216205007,189,358,200,311,232,254
1776767724.3999007,2.7083669285613823,2,0,2.0,0.24330900243309,0.04060265216205007,189,358,200,311,232,254
1776767724.4577863,2.7083669285613823,2,0,2.0,0.24330900243309,0.04060265216205007,189,358,200,311,232,254
1776767724.5147338,2.7083669285613823,2,0,2.0,0.24330900243309,0.04060265216205007,189,358,200,311,232,254
1776767724.56784,2.7083669285613823,2,0,2.0,0.24330900243309,0.04060265216205007,189,358,200,311,232,254
1776767724.6254575,2.7083669285613823,2,0,2.0,0.24330900243309,0.04060265216205007,189,358,200,311,232,254
1776767724.6825151,2.7083669285613823,2,0,2.0,0.24330900243309,0.04060265216205007,189,358,200,311,232,254
1776767724.7400708,2.7083669285613823,2,0,2.0,0.24330900243309,0.04060265216205007,189,358,200,311,232,254
1776767724.797376,2.7083669285613823,2,0,2.0,0.24330900243309,0.04060265216205007,189,358,200,311,232,254
1776767724.855315,2.7083669285613823,2,0,2.0,0.24330900243309,0.04060265216205007,189,358,200,311,232,254
1776767724.90808,2.7083669285613823,2,0,2.0,0.24330900243309,0.04060265216205007,189,358,200,311,232,254
1776767724.9651966,2.7083669285613823,2,0,2.0,0.24330900243309,0.04060265216205007,189,358,200,311,232,254
1776767725.0223851,2.7083669285613823,2,0,2.0,0.24330900243309,0.04060265216205007,189,358,200,311,232,254
1776767725.0796971,2.7083669285613823,2,0,2.0,0.24330900243309,0.04060265216205007,189,358,200,311,232,254
1776767725.1372216,2.7083669285613823,2,0,2.0,0.24330900243309,0.04060265216205007,189,358,200,311,232,254
1776767725.194341,2.7083669285613823,2,0,2.0,0.24330900243309,0.04060265216205007,189,358,200,311,232,254
1776767725.2481503,2.7083669285613823,2,0,2.0,0.24330900243309,0.04060265216205007,189,358,200,311,232,254
1776767725.3058481,2.7083669285613823,2,0,2.0,0.24330900243309,0.04060265216205007,189,358,200,311,232,254
1776767725.3628216,2.7083669285613823,2,0,2.0,0.24330900243309,0.04060265216205007,189,358,200,311,232,254
1776767725.4202878,2.7083669285613823,2,0,2.0,0.24330900243309,0.04060265216205007,189,358,200,311,232,254
1776767725.4778063,2.7083669285613823,2,0,2.0,0.24330900243309,0.04060265216205007,189,358,200,311,232,254
1776767725.5875065,2.7083669285613823,2,0,2.0,0.24330900243309,0.04060265216205007,189,358,200,311,232,254
1776767725.6451726,2.7083669285613823,2,0,2.0,0.24330900243309,0.04060265216205007,189,358,200,311,232,254
1776767725.703287,2.7083669285613823,2,0,2.0,0.24330900243309,0.04060265216205007,189,358,200,311,232,254
1776767725.7598774,2.7083669285613823,2,0,2.0,0.24330900243309,0.04060265216205007,189,358,200,311,232,254
1776767725.816654,2.7083669285613823,2,0,2.0,0.24330900243309,0.04060265216205007,189,358,200,311,232,254
1776767725.8705907,2.7083669285613823,2,0,2.0,0.24330900243309,0.04060265216205007,189,358,200,311,232,254
1776767725.9283183,2.7083669285613823,2,0,2.0,0.24330900243309,0.04060265216205007,189,358,200,311,232,254
1776767725.984812,2.7083669285613823,2,0,2.0,0.24330900243309,0.04060265216205007,189,358,200,311,232,254
1776767726.042385,2.7083669285613823,2,0,2.0,0.24330900243309,0.04060265216205007,189,358,200,311,232,254
1776767726.0993073,2.7083669285613823,2,0,2.0,0.24330900243309,0.04060265216205007,189,358,200,311,232,254
1776767726.1572611,2.7083669285613823,2,0,2.0,0.24330900243309,0.04060265216205007,189,358,200,311,232,254
1776767726.210295,2.7083669285613823,2,0,2.0,0.24330900243309,0.04060265216205007,189,358,200,311,232,254
1776767726.2672124,2.7083669285613823,2,0,2.0,0.24330900243309,0.04060265216205007,189,358,200,311,232,254
1776767726.3246574,2.7083669285613823,2,0,2.0,0.24330900243309,0.04060265216205007,189,358,200,311,232,254
1776767726.382417,2.7083669285613823,2,0,2.0,0.24330900243309,0.04060265216205007,189,358,200,311,232,254
1776767726.4400566,2.7083669285613823,2,0,2.0,0.24330900243309,0.04060265216205007,189,358,200,311,232,254
1776767726.4990005,2.7083669285613823,2,0,2.0,0.24330900243309,0.04060265216205007,189,358,200,311,232,254
1776767726.5506508,2.7083669285613823,2,-2,2.8284271247461903,0.3440908910883443,0.039242049644731714,189,358,200,311,232,253
1776767726.607483,2.7083669285613823,2,-2,2.8284271247461903,0.3440908910883443,0.039242049644731714,189,358,200,311,232,253
1776767726.6648643,2.7083669285613823,2,-2,2.8284271247461903,0.3440908910883443,0.039242049644731714,189,358,200,311,232,253
1776767726.7223446,2.7083669285613823,2,-2,2.8284271247461903,0.3440908910883443,0.039242049644731714,189,358,200,311,232,253
1776767726.77958,2.7083669285613823,2,-2,2.8284271247461903,0.3440908910883443,0.039242049644731714,189,358,200,311,232,253
1776767726.836822,2.7083669285613823,2,-2,2.8284271247461903,0.3440908910883443,0.039242049644731714,189,358,200,311,232,253
1776767726.8903928,2.7083669285613823,2,-2,2.8284271247461903,0.3440908910883443,0.039242049644731714,189,358,200,311,232,253
1776767726.9475927,2.7083669285613823,2,-2,2.8284271247461903,0.3440908910883443,0.039242049644731714,189,358,200,311,232,253
1776767727.0050786,2.7083669285613823,2,-2,2.8284271247461903,0.3440908910883443,0.039242049644731714,189,358,200,311,232,253
1776767727.0623727,2.7083669285613823,2,-2,2.8284271247461903,0.3440908910883443,0.039242049644731714,189,358,200,311,232,253
1776767727.1193988,2.7083669285613823,2,-2,2.8284271247461903,0.3440908910883443,0.039242049644731714,189,358,200,311,232,253
1776767727.1725476,2.7083669285613823,2,-2,2.8284271247461903,0.3440908910883443,0.039242049644731714,189,358,200,311,232,253
1776767727.2298014,2.7083669285613823,2,-2,2.8284271247461903,0.3440908910883443,0.039242049644731714,189,358,200,311,232,253
1776767727.287984,2.7083669285613823,2,-2,2.8284271247461903,0.3440908910883443,0.039242049644731714,189,358,200,311,232,253
1776767727.345471,2.7083669285613823,2,-2,2.8284271247461903,0.3440908910883443,0.039242049644731714,189,358,200,311,232,253
1776767727.4033294,2.7083669285613823,2,-2,2.8284271247461903,0.3440908910883443,0.039242049644731714,189,358,200,311,232,253
1776767727.4599414,2.7083669285613823,2,-2,2.8284271247461903,0.3440908910883443,0.039242049644731714,189,358,200,311,232,253
1776767727.5146432,2.7083669285613823,2,-2,2.8284271247461903,0.3440908910883443,0.039242049644731714,189,358,200,311,232,253
1776767727.572921,2.7083669285613823,2,-2,2.8284271247461903,0.3440908910883443,0.039242049644731714,189,358,200,311,232,253
1776767727.6276023,2.7083669285613823,2,-2,2.8284271247461903,0.3440908910883443,0.039242049644731714,189,358,200,311,232,253
1776767727.684521,2.7083669285613823,2,-2,2.8284271247461903,0.3440908910883443,0.039242049644731714,189,358,200,311,232,253
1776767727.7424524,2.7083669285613823,2,-2,2.8284271247461903,0.3440908910883443,0.039242049644731714,189,358,200,311,232,253
1776767727.852888,2.7083669285613823,2,-2,2.8284271247461903,0.3440908910883443,0.039242049644731714,189,358,200,311,232,253
1776767727.9105527,2.7083669285613823,2,-2,2.8284271247461903,0.3440908910883443,0.039242049644731714,189,358,200,311,232,253
1776767727.9678385,2.7083669285613823,2,-2,2.8284271247461903,0.3440908910883443,0.039242049644731714,189,358,200,311,232,253
1776767728.0245788,2.7083669285613823,2,-2,2.8284271247461903,0.3440908910883443,0.039242049644731714,189,358,200,311,232,253
1776767728.081677,2.7083669285613823,2,-2,2.8284271247461903,0.3440908910883443,0.039242049644731714,189,358,200,311,232,253
1776767728.1392498,2.7083669285613823,2,-2,2.8284271247461903,0.3440908910883443,0.039242049644731714,189,358,200,311,232,253
1776767728.192905,2.7083669285613823,2,-2,2.8284271247461903,0.3440908910883443,0.039242049644731714,189,358,200,311,232,253
1776767728.2501678,2.7083669285613823,2,-2,2.8284271247461903,0.3440908910883443,0.039242049644731714,189,358,200,311,232,253
1776767728.307463,2.7083669285613823,2,-2,2.8284271247461903,0.3440908910883443,0.039242049644731714,189,358,200,311,232,253
1776767728.3650527,2.7083669285613823,2,-2,2.8284271247461903,0.3440908910883443,0.039242049644731714,189,358,200,311,232,253
1776767728.4227414,2.7083669285613823,2,-2,2.8284271247461903,0.3440908910883443,0.039242049644731714,189,358,200,311,232,253
1776767728.479491,2.7083669285613823,2,-2,2.8284271247461903,0.3440908910883443,0.039242049644731714,189,358,200,311,232,253
1776767728.532369,2.7083669285613823,2,-2,2.8284271247461903,0.3440908910883443,0.039242049644731714,189,358,200,311,232,253
1776767728.5899718,2.7083669285613823,2,-2,2.8284271247461903,0.3440908910883443,0.039242049644731714,189,358,200,311,232,253
1776767728.6473243,2.7083669285613823,2,-2,2.8284271247461903,0.3440908910883443,0.039242049644731714,189,358,200,311,232,253
1776767728.7047923,2.7083669285613823,2,-2,2.8284271247461903,0.3440908910883443,0.039242049644731714,189,358,200,311,232,253
1776767728.7620313,2.7083669285613823,2,-2,2.8284271247461903,0.3440908910883443,0.039242049644731714,189,358,200,311,232,253
1776767728.8153756,2.7083669285613823,2,-2,2.8284271247461903,0.3440908910883443,0.039242049644731714,189,358,200,311,232,253
1776767728.8723633,2.7083669285613823,2,-2,2.8284271247461903,0.3440908910883443,0.039242049644731714,189,358,200,311,232,253
1776767728.9303439,2.7083669285613823,2,-2,2.8284271247461903,0.3440908910883443,0.039242049644731714,189,358,200,311,232,253
1776767728.9875498,2.7083669285613823,2,-2,2.8284271247461903,0.3440908910883443,0.039242049644731714,189,358,200,311,232,253
1776767729.04495,2.7083669285613823,2,-2,2.8284271247461903,0.3440908910883443,0.039242049644731714,189,358,200,311,232,253
1776767729.1024473,2.7083669285613823,2,-2,2.8284271247461903,0.3440908910883443,0.039242049644731714,189,358,200,311,232,253
1776767729.1553054,2.7083669285613823,2,-2,2.8284271247461903,0.3440908910883443,0.039242049644731714,189,358,200,311,232,253
1776767729.2128627,2.7083669285613823,2,-2,2.8284271247461903,0.3440908910883443,0.039242049644731714,189,358,200,311,232,253
1776767729.2704248,2.7083669285613823,2,-2,2.8284271247461903,0.3440908910883443,0.039242049644731714,189,358,200,311,232,253
1776767729.3273764,2.7083669285613823,2,-2,2.8284271247461903,0.3440908910883443,0.039242049644731714,189,358,200,311,232,253
1776767729.3844237,2.7083669285613823,2,-2,2.8284271247461903,0.3440908910883443,0.039242049644731714,189,358,200,311,232,253
1776767729.4424527,2.7083669285613823,2,-2,2.8284271247461903,0.3440908910883443,0.039242049644731714,189,358,200,311,232,253
1776767729.4952111,2.7083669285613823,2,-2,2.8284271247461903,0.3440908910883443,0.039242049644731714,189,358,200,311,232,253
1776767729.552914,2.7083669285613823,2,-2,2.8284271247461903,0.3440908910883443,0.039242049644731714,189,358,200,311,232,253
1776767729.6095226,2.7083669285613823,2,-2,2.8284271247461903,0.3440908910883443,0.039242049644731714,189,358,200,311,232,253
1776767729.6668673,2.7083669285613823,2,-2,2.8284271247461903,0.3440908910883443,0.039242049644731714,189,358,200,311,232,253
1776767729.724584,2.7083669285613823,2,-2,2.8284271247461903,0.3440908910883443,0.039242049644731714,189,358,200,311,232,253
1776767729.7819722,2.7083669285613823,2,-2,2.8284271247461903,0.3440908910883443,0.039242049644731714,189,358,200,311,232,253
1776767729.8353558,2.7083669285613823,2,-2,2.8284271247461903,0.3440908910883443,0.039242049644731714,189,358,200,311,232,253
1776767729.8925743,2.7083669285613823,2,-2,2.8284271247461903,0.3440908910883443,0.039242049644731714,189,358,200,311,232,253
1776767729.9499612,2.7083669285613823,2,-2,2.8284271247461903,0.3440908910883443,0.039242049644731714,189,358,200,311,232,253
1776767730.0072615,2.7083669285613823,2,-2,2.8284271247461903,0.3440908910883443,0.039242049644731714,189,358,200,311,232,253
1776767730.0644464,2.7083669285613823,2,-2,2.8284271247461903,0.3440908910883443,0.039242049644731714,189,358,200,311,232,253
1776767730.118005,2.7083669285613823,2,-2,2.8284271247461903,0.3440908910883443,0.039242049644731714,189,358,200,311,232,253
1776767730.1757603,2.7083669285613823,2,-2,2.8284271247461903,0.3440908910883443,0.039242049644731714,189,358,200,311,232,253
1776767730.2321513,2.7083669285613823,2,-2,2.8284271247461903,0.3440908910883443,0.039242049644731714,189,358,200,311,232,253
1776767730.2901962,2.7083669285613823,2,-2,2.8284271247461903,0.3440908910883443,0.039242049644731714,189,358,200,311,232,253
1776767730.3473487,2.7083669285613823,2,-2,2.8284271247461903,0.3440908910883443,0.039242049644731714,189,358,200,311,232,253
1776767730.45825,2.7083669285613823,2,-2,2.8284271247461903,0.3440908910883443,0.039242049644731714,189,358,200,311,232,253
1776767730.5153017,2.7083669285613823,2,-2,2.8284271247461903,0.3440908910883443,0.039242049644731714,189,358,200,311,232,253
1776767730.572729,2.7083669285613823,2,-2,2.8284271247461903,0.3440908910883443,0.039242049644731714,189,358,200,311,232,253
1776767730.629383,2.7083669285613823,2,-2,2.8284271247461903,0.3440908910883443,0.039242049644731714,189,358,200,311,232,253
1776767730.6871572,2.7083669285613823,2,-2,2.8284271247461903,0.3440908910883443,0.039242049644731714,189,358,200,311,232,253
1776767730.7439303,2.7083669285613823,2,-2,2.8284271247461903,0.3440908910883443,0.039242049644731714,189,358,200,311,232,253
1776767730.7972708,2.7083669285613823,2,-2,2.8284271247461903,0.3440908910883443,0.039242049644731714,189,358,200,311,232,253
1776767730.8546324,2.7083669285613823,2,-2,2.8284271247461903,0.3440908910883443,0.039242049644731714,189,358,200,311,232,253
1776767730.91201,2.7083669285613823,2,-2,2.8284271247461903,0.3440908910883443,0.039242049644731714,189,358,200,311,232,253
1776767730.9698925,2.7083669285613823,2,-2,2.8284271247461903,0.3440908910883443,0.039242049644731714,189,358,200,311,232,253
1776767731.0268595,2.7083669285613823,2,-2,2.8284271247461903,0.3440908910883443,0.039242049644731714,189,358,200,311,232,253
1776767731.0843709,2.7083669285613823,2,-2,2.8284271247461903,0.3440908910883443,0.039242049644731714,189,358,200,311,232,253
1776767731.1378763,2.7083669285613823,2,-2,2.8284271247461903,0.3440908910883443,0.039242049644731714,189,358,200,311,232,253
1776767731.1947012,2.7083669285613823,2,-2,2.8284271247461903,0.3440908910883443,0.039242049644731714,189,358,200,311,232,253
1776767731.252348,2.7083669285613823,2,-2,2.8284271247461903,0.3440908910883443,0.039242049644731714,189,358,200,311,232,253
1776767731.3098176,2.7083669285613823,2,-2,2.8284271247461903,0.3440908910883443,0.039242049644731714,189,358,200,311,232,253
1776767731.3670707,2.7083669285613823,2,-2,2.8284271247461903,0.3440908910883443,0.039242049644731714,189,358,200,311,232,253
1776767731.4206467,2.7083669285613823,2,-2,2.8284271247461903,0.3440908910883443,0.039242049644731714,189,358,200,311,232,253
1776767731.478165,2.7083669285613823,2,-2,2.8284271247461903,0.3440908910883443,0.039242049644731714,189,358,200,311,232,253
1776767731.5353074,2.7083669285613823,2,-2,2.8284271247461903,0.3440908910883443,0.039242049644731714,189,358,200,311,232,253
1776767731.59237,2.7083669285613823,2,-2,2.8284271247461903,0.3440908910883443,0.039242049644731714,189,358,200,311,232,253
1776767731.6497207,2.7083669285613823,2,-2,2.8284271247461903,0.3440908910883443,0.039242049644731714,189,358,200,311,232,253
1776767731.7069597,2.7083669285613823,2,-2,2.8284271247461903,0.3440908910883443,0.039242049644731714,189,358,200,311,232,253
1776767731.7603865,2.7083669285613823,2,-2,2.8284271247461903,0.3440908910883443,0.039242049644731714,189,358,200,311,232,253
1776767731.8178432,2.7083669285613823,2,-2,2.8284271247461903,0.3440908910883443,0.039242049644731714,189,358,200,311,232,253
1776767731.8745263,2.7083669285613823,2,-2,2.8284271247461903,0.3440908910883443,0.039242049644731714,189,358,200,311,232,253
1776767731.9319992,2.7083669285613823,2,-2,2.8284271247461903,0.3440908910883443,0.039242049644731714,189,358,200,311,232,253
1776767731.9896965,2.7083669285613823,2,-2,2.8284271247461903,0.3440908910883443,0.039242049644731714,189,358,200,311,232,253
1776767732.0468276,2.7083669285613823,2,-2,2.8284271247461903,0.3440908910883443,0.039242049644731714,189,358,200,311,232,253
1776767732.0998259,2.7083669285613823,2,-2,2.8284271247461903,0.3440908910883443,0.039242049644731714,189,358,200,311,232,253
1776767732.1577723,2.7083669285613823,2,-2,2.8284271247461903,0.3440908910883443,0.039242049644731714,189,358,200,311,232,253
1776767732.2153685,2.7083669285613823,2,-2,2.8284271247461903,0.3440908910883443,0.039242049644731714,189,358,200,311,232,253
1776767732.272737,2.7083669285613823,2,-2,2.8284271247461903,0.3440908910883443,0.039242049644731714,189,358,200,311,232,253
1776767732.3294342,2.7083669285613823,2,-2,2.8284271247461903,0.3440908910883443,0.039242049644731714,189,358,200,311,232,253
1776767732.3868718,2.7083669285613823,2,-2,2.8284271247461903,0.3440908910883443,0.039242049644731714,189,358,200,311,232,253
1776767732.440632,2.7083669285613823,2,-2,2.8284271247461903,0.3440908910883443,0.039242049644731714,189,358,200,311,232,253
1776767732.4981754,2.7083669285613823,2,-2,2.8284271247461903,0.3440908910883443,0.039242049644731714,189,358,200,311,232,253
1776767732.554982,2.7083669285613823,2,-2,2.8284271247461903,0.3440908910883443,0.039242049644731714,189,358,200,311,232,253
1776767732.612063,2.7083669285613823,2,-2,2.8284271247461903,0.3440908910883443,0.039242049644731714,189,358,200,311,232,253
1776767732.6689906,2.7083669285613823,2,-2,2.8284271247461903,0.3440908910883443,0.039242049644731714,189,358,200,311,232,253
1776767732.7266564,2.7083669285613823,2,-2,2.8284271247461903,0.3440908910883443,0.039242049644731714,189,358,200,311,232,253
1776767732.837085,2.7083669285613823,2,-2,2.8284271247461903,0.3440908910883443,0.039242049644731714,189,358,200,311,232,253
1776767732.8942811,2.7083669285613823,2,-2,2.8284271247461903,0.3440908910883443,0.039242049644731714,189,358,200,311,232,253
1776767732.951652,2.7083669285613823,2,-2,2.8284271247461903,0.3440908910883443,0.039242049644731714,189,358,200,311,232,253
1776767733.0089417,2.7083669285613823,2,-2,2.8284271247461903,0.3440908910883443,0.039242049644731714,189,358,200,311,232,253
1776767733.062587,2.7083669285613823,2,-2,2.8284271247461903,0.3440908910883443,0.039242049644731714,189,358,200,311,232,253
1776767733.1196284,2.7083669285613823,2,-2,2.8284271247461903,0.3440908910883443,0.039242049644731714,189,358,200,311,232,253
1776767733.1772313,2.7083669285613823,2,-2,2.8284271247461903,0.3440908910883443,0.039242049644731714,189,358,200,311,232,253
1776767733.2343545,2.7083669285613823,2,-2,2.8284271247461903,0.3440908910883443,0.039242049644731714,189,358,200,311,232,253
1776767733.292188,2.7083669285613823,2,-2,2.8284271247461903,0.3440908910883443,0.039242049644731714,189,358,200,311,232,253
1776767733.3493576,2.7083669285613823,2,-2,2.8284271247461903,0.3440908910883443,0.039242049644731714,189,358,200,311,232,253
1776767733.402833,2.7083669285613823,2,-2,2.8284271247461903,0.3440908910883443,0.039242049644731714,189,358,200,311,232,253
1776767733.4605625,2.7083669285613823,2,-2,2.8284271247461903,0.3440908910883443,0.039242049644731714,189,358,200,311,232,253
1776767733.517496,2.7083669285613823,2,-2,2.8284271247461903,0.3440908910883443,0.039242049644731714,189,358,200,311,232,253
1776767733.5744767,2.7083669285613823,2,-2,2.8284271247461903,0.3440908910883443,0.039242049644731714,189,358,200,311,232,253
1776767733.6320724,2.7083669285613823,2,-2,2.8284271247461903,0.3440908910883443,0.039242049644731714,189,358,200,311,232,253
1776767733.6888735,2.7083669285613823,2,-2,2.8284271247461903,0.3440908910883443,0.039242049644731714,189,358,200,311,232,253
1776767733.7427528,2.7083669285613823,2,-2,2.8284271247461903,0.3440908910883443,0.039242049644731714,189,358,200,311,232,253
1776767733.8002696,2.7083669285613823,2,-2,2.8284271247461903,0.3440908910883443,0.039242049644731714,189,358,200,311,232,253
1776767733.8573847,2.7083669285613823,2,-2,2.8284271247461903,0.3440908910883443,0.039242049644731714,189,358,200,311,232,253
1776767733.914756,2.7083669285613823,2,-2,2.8284271247461903,0.3440908910883443,0.039242049644731714,189,358,200,311,232,253
1776767733.9716475,2.7083669285613823,2,-2,2.8284271247461903,0.3440908910883443,0.039242049644731714,189,358,200,311,232,253
1776767734.029313,2.7083669285613823,2,-2,2.8284271247461903,0.3440908910883443,0.039242049644731714,189,358,200,311,232,253
1776767734.082363,2.7083669285613823,2,-2,2.8284271247461903,0.3440908910883443,0.039242049644731714,189,358,200,311,232,253
1776767734.1401541,2.7083669285613823,2,-2,2.8284271247461903,0.3440908910883443,0.039242049644731714,189,358,200,311,232,253
1776767734.1974423,2.7083669285613823,2,-2,2.8284271247461903,0.3440908910883443,0.039242049644731714,189,358,200,311,232,253
1776767734.2547255,2.7083669285613823,2,-2,2.8284271247461903,0.3440908910883443,0.039242049644731714,189,358,200,311,232,253
1776767734.311692,2.7083669285613823,2,-2,2.8284271247461903,0.3440908910883443,0.039242049644731714,189,358,200,311,232,253
1776767734.3656023,2.7083669285613823,2,-2,2.8284271247461903,0.3440908910883443,0.039242049644731714,189,358,200,311,232,253
1776767734.4229686,2.7083669285613823,2,-2,2.8284271247461903,0.3440908910883443,0.039242049644731714,189,358,200,311,232,253
1776767734.4802127,2.7083669285613823,2,-2,2.8284271247461903,0.3440908910883443,0.039242049644731714,189,358,200,311,232,253
1776767734.537114,2.7083669285613823,2,-2,2.8284271247461903,0.3440908910883443,0.039242049644731714,189,358,200,311,232,253
1776767734.5941463,2.7083669285613823,2,-2,2.8284271247461903,0.3440908910883443,0.039242049644731714,189,358,200,311,232,253
1776767734.651866,2.7083669285613823,2,-2,2.8284271247461903,0.3440908910883443,0.039242049644731714,189,358,200,311,232,253
1776767734.705351,2.7083669285613823,2,-2,2.8284271247461903,0.3440908910883443,0.039242049644731714,189,358,200,311,232,253
1776767734.7624202,2.7083669285613823,2,-2,2.8284271247461903,0.3440908910883443,0.039242049644731714,189,358,200,311,232,253
1776767734.8199217,2.7083669285613823,2,-2,2.8284271247461903,0.3440908910883443,0.039242049644731714,189,358,200,311,232,253
1776767734.87672,2.7083669285613823,2,-2,2.8284271247461903,0.3440908910883443,0.039242049644731714,189,358,200,311,232,253
1776767734.93488,2.7083669285613823,2,-2,2.8284271247461903,0.3440908910883443,0.039242049644731714,189,358,200,311,232,253
1776767734.9921987,2.7083669285613823,2,-2,2.8284271247461903,0.3440908910883443,0.039242049644731714,189,358,200,311,232,253
1776767735.0452595,2.7083669285613823,2,-2,2.8284271247461903,0.3440908910883443,0.039242049644731714,189,358,200,311,232,253
1776767735.1027725,2.7083669285613823,2,-2,2.8284271247461903,0.3440908910883443,0.039242049644731714,189,358,200,311,232,253
1776767735.160584,2.7083669285613823,2,-2,2.8284271247461903,0.3440908910883443,0.039242049644731714,189,358,200,311,232,253
1776767735.2175324,2.7083669285613823,2,-2,2.8284271247461903,0.3440908910883443,0.039242049644731714,189,358,200,311,232,253
1776767735.3312757,2.7083669285613823,2,-2,2.8284271247461903,0.3440908910883443,0.039242049644731714,189,358,200,311,232,253
1776767735.3848271,2.7083669285613823,2,-2,2.8284271247461903,0.3440908910883443,0.039242049644731714,189,358,200,311,232,253
1776767735.4419763,2.7083669285613823,2,-2,2.8284271247461903,0.3440908910883443,0.039242049644731714,189,358,200,311,232,253
1776767735.4994638,2.7083669285613823,2,-2,2.8284271247461903,0.3440908910883443,0.039242049644731714,189,358,200,311,232,253
1776767735.5571928,2.7083669285613823,2,-2,2.8284271247461903,0.3440908910883443,0.039242049644731714,189,358,200,311,232,253
1776767735.6144786,2.7083669285613823,2,-2,2.8284271247461903,0.3440908910883443,0.039242049644731714,189,358,200,311,232,253
1776767735.6715224,2.7083669285613823,2,-2,2.8284271247461903,0.3440908910883443,0.039242049644731714,189,358,200,311,232,253
1776767735.7252107,2.7083669285613823,2,-2,2.8284271247461903,0.3440908910883443,0.039242049644731714,189,358,200,311,232,253
1776767735.7830782,2.7083669285613823,2,-2,2.8284271247461903,0.3440908910883443,0.039242049644731714,189,358,200,311,232,253
1776767735.8400645,2.7083669285613823,2,-2,2.8284271247461903,0.3440908910883443,0.039242049644731714,189,358,200,311,232,253
1776767735.8970158,2.7083669285613823,2,-2,2.8284271247461903,0.3440908910883443,0.039242049644731714,189,358,200,311,232,253
1776767735.9541168,2.7083669285613823,2,-2,2.8284271247461903,0.3440908910883443,0.039242049644731714,189,358,200,311,232,253
1776767736.007643,2.7083669285613823,2,-2,2.8284271247461903,0.3440908910883443,0.039242049644731714,189,358,200,311,232,253
1776767736.065562,2.7083669285613823,2,-2,2.8284271247461903,0.3440908910883443,0.039242049644731714,189,358,200,311,232,253
1776767736.1224444,2.7083669285613823,2,-2,2.8284271247461903,0.3440908910883443,0.039242049644731714,189,358,200,311,232,253
1776767736.1794121,2.7083669285613823,2,-2,2.8284271247461903,0.3440908910883443,0.039242049644731714,189,358,200,311,232,253
1776767736.2368517,2.7083669285613823,2,-2,2.8284271247461903,0.3440908910883443,0.039242049644731714,189,358,200,311,232,253
1776767736.2945101,2.7083669285613823,2,-2,2.8284271247461903,0.3440908910883443,0.039242049644731714,189,358,200,311,232,253
1776767736.3476377,2.7083669285613823,2,-2,2.8284271247461903,0.3440908910883443,0.039242049644731714,189,358,200,311,232,253
1776767736.4049053,2.7083669285613823,2,-2,2.8284271247461903,0.3440908910883443,0.039242049644731714,189,358,200,311,232,253
1776767736.4625492,2.7083669285613823,2,-2,2.8284271247461903,0.3440908910883443,0.039242049644731714,189,358,200,311,232,253
1776767736.5200682,2.7083669285613823,2,-2,2.8284271247461903,0.3440908910883443,0.039242049644731714,189,358,200,311,232,253
1776767736.576925,2.7083669285613823,2,-2,2.8284271247461903,0.3440908910883443,0.039242049644731714,189,358,200,311,232,253
1776767736.6338646,2.7083669285613823,2,-2,2.8284271247461903,0.3440908910883443,0.039242049644731714,189,358,200,311,232,253
1776767736.6876693,2.7083669285613823,2,-2,2.8284271247461903,0.3440908910883443,0.039242049644731714,189,358,200,311,232,253
1776767736.744948,2.7083669285613823,2,-3,3.605551275463989,0.43863154202724924,0.037927630058308515,189,358,200,311,232,252
1776767736.8020234,2.7083669285613823,2,-3,3.605551275463989,0.43863154202724924,0.037927630058308515,189,358,200,311,232,252
1776767736.8593593,2.7083669285613823,2,-3,3.605551275463989,0.43863154202724924,0.037927630058308515,189,358,200,311,232,252
1776767736.916852,2.7083669285613823,2,-3,3.605551275463989,0.43863154202724924,0.037927630058308515,189,358,200,311,232,252
1776767736.9744604,2.7083669285613823,2,-3,3.605551275463989,0.43863154202724924,0.037927630058308515,189,358,200,311,232,252
1776767737.027762,2.7083669285613823,2,-3,3.605551275463989,0.43863154202724924,0.037927630058308515,189,358,200,311,232,252
1776767737.0845268,2.7083669285613823,2,-3,3.605551275463989,0.43863154202724924,0.037927630058308515,189,358,200,311,232,252
1776767737.1418235,2.7083669285613823,2,-3,3.605551275463989,0.43863154202724924,0.037927630058308515,189,358,200,311,232,252
1776767737.1999562,2.7083669285613823,2,-3,3.605551275463989,0.43863154202724924,0.037927630058308515,189,358,200,311,232,252
1776767737.2569377,2.7083669285613823,2,-3,3.605551275463989,0.43863154202724924,0.037927630058308515,189,358,200,311,232,252
1776767737.3096776,2.7083669285613823,2,-3,3.605551275463989,0.43863154202724924,0.037927630058308515,189,358,200,311,232,252
1776767737.3675978,2.7083669285613823,2,-3,3.605551275463989,0.43863154202724924,0.037927630058308515,189,358,200,311,232,252
1776767737.424374,2.7083669285613823,2,-3,3.605551275463989,0.43863154202724924,0.037927630058308515,189,358,200,311,232,252
1776767737.4818254,2.7083669285613823,2,-3,3.605551275463989,0.43863154202724924,0.037927630058308515,189,358,200,311,232,252
1776767737.5392978,2.7083669285613823,2,-3,3.605551275463989,0.43863154202724924,0.037927630058308515,189,358,200,311,232,252
1776767737.5963907,2.7083669285613823,2,-3,3.605551275463989,0.43863154202724924,0.037927630058308515,189,358,200,311,232,252
1776767737.649739,2.7083669285613823,2,-3,3.605551275463989,0.43863154202724924,0.037927630058308515,189,358,200,311,232,252
1776767737.7647374,2.7083669285613823,2,-3,3.605551275463989,0.43863154202724924,0.037927630058308515,189,358,200,311,232,252
1776767737.821783,2.7083669285613823,2,-3,3.605551275463989,0.43863154202724924,0.037927630058308515,189,358,200,311,232,252
1776767737.8789868,2.7083669285613823,2,-3,3.605551275463989,0.43863154202724924,0.037927630058308515,189,358,200,311,232,252
1776767737.9367523,2.7083669285613823,2,-3,3.605551275463989,0.43863154202724924,0.037927630058308515,189,358,200,311,232,252
1776767737.9901302,2.7083669285613823,2,-3,3.605551275463989,0.43863154202724924,0.037927630058308515,189,358,200,311,232,252
1776767738.047505,2.7083669285613823,2,-3,3.605551275463989,0.43863154202724924,0.037927630058308515,189,358,200,311,232,252
1776767738.1044254,2.7083669285613823,2,-3,3.605551275463989,0.43863154202724924,0.037927630058308515,189,358,200,311,232,252
1776767738.1622722,2.7083669285613823,2,-3,3.605551275463989,0.43863154202724924,0.037927630058308515,189,358,200,311,232,252
1776767738.2194672,2.7083669285613823,2,-3,3.605551275463989,0.43863154202724924,0.037927630058308515,189,358,200,311,232,252
1776767738.2765417,2.7083669285613823,2,-3,3.605551275463989,0.43863154202724924,0.037927630058308515,189,358,200,311,232,252
1776767738.3301218,2.7083669285613823,2,-3,3.605551275463989,0.43863154202724924,0.037927630058308515,189,358,200,311,232,252
1776767738.3873827,2.7083669285613823,2,-3,3.605551275463989,0.43863154202724924,0.037927630058308515,189,358,200,311,232,252
1776767738.4449651,2.7083669285613823,2,-3,3.605551275463989,0.43863154202724924,0.037927630058308515,189,358,200,311,232,252
1776767738.5022533,2.7083669285613823,2,-3,3.605551275463989,0.43863154202724924,0.037927630058308515,189,358,200,311,232,252
1776767738.5588744,2.7083669285613823,2,-3,3.605551275463989,0.43863154202724924,0.037927630058308515,189,358,200,311,232,252
1776767738.6124818,2.7083669285613823,2,-3,3.605551275463989,0.43863154202724924,0.037927630058308515,189,358,200,311,232,252
1776767738.6699626,2.7083669285613823,2,-3,3.605551275463989,0.43863154202724924,0.037927630058308515,189,358,200,311,232,252
1776767738.728295,2.7083669285613823,2,-3,3.605551275463989,0.43863154202724924,0.037927630058308515,189,358,200,311,232,252
1776767738.7845106,2.7083669285613823,2,-3,3.605551275463989,0.43863154202724924,0.037927630058308515,189,358,200,311,232,252
1776767738.841721,2.7083669285613823,2,-3,3.605551275463989,0.43863154202724924,0.037927630058308515,189,358,200,311,232,252
1776767738.89915,2.7083669285613823,2,-3,3.605551275463989,0.43863154202724924,0.037927630058308515,189,358,200,311,232,252
1776767738.9521892,2.7083669285613823,2,-3,3.605551275463989,0.43863154202724924,0.037927630058308515,189,358,200,311,232,252
1776767739.0100372,2.7083669285613823,2,-3,3.605551275463989,0.43863154202724924,0.037927630058308515,189,358,200,311,232,252
1776767739.0673943,2.7083669285613823,2,-3,3.605551275463989,0.43863154202724924,0.037927630058308515,189,358,200,311,232,252
1776767739.1247358,2.7083669285613823,2,-3,3.605551275463989,0.43863154202724924,0.037927630058308515,189,358,200,311,232,252
1776767739.1821072,2.7083669285613823,2,-3,3.605551275463989,0.43863154202724924,0.037927630058308515,189,358,200,311,232,252
1776767739.2394621,2.7083669285613823,2,-3,3.605551275463989,0.43863154202724924,0.037927630058308515,189,358,200,311,232,252
1776767739.2926219,2.7083669285613823,2,-3,3.605551275463989,0.43863154202724924,0.037927630058308515,189,358,200,311,232,252
1776767739.3496203,2.7083669285613823,2,-3,3.605551275463989,0.43863154202724924,0.037927630058308515,189,358,200,311,232,252
1776767739.4073868,2.7083669285613823,2,-3,3.605551275463989,0.43863154202724924,0.037927630058308515,189,358,200,311,232,252
1776767739.4643607,2.7083669285613823,2,-3,3.605551275463989,0.43863154202724924,0.037927630058308515,189,358,200,311,232,252
1776767739.5221488,2.7083669285613823,2,-3,3.605551275463989,0.43863154202724924,0.037927630058308515,189,358,200,311,232,252
1776767739.5794485,2.7083669285613823,2,-3,3.605551275463989,0.43863154202724924,0.037927630058308515,189,358,200,311,232,252
1776767739.6324975,2.7083669285613823,2,-3,3.605551275463989,0.43863154202724924,0.037927630058308515,189,358,200,311,232,252
1776767739.6899228,2.7083669285613823,2,-3,3.605551275463989,0.43863154202724924,0.037927630058308515,189,358,200,311,232,252
1776767739.746801,2.7083669285613823,2,-3,3.605551275463989,0.43863154202724924,0.037927630058308515,189,358,200,311,232,252
1776767739.8046515,2.7083669285613823,2,-3,3.605551275463989,0.43863154202724924,0.037927630058308515,189,358,200,311,232,252
1776767739.8613586,2.7083669285613823,2,-3,3.605551275463989,0.43863154202724924,0.037927630058308515,189,358,200,311,232,252
1776767739.9187586,2.7083669285613823,2,-3,3.605551275463989,0.43863154202724924,0.037927630058308515,189,358,200,311,232,252
1776767739.9720995,2.7083669285613823,2,-3,3.605551275463989,0.43863154202724924,0.037927630058308515,189,358,200,311,232,252
1776767740.0295658,2.7083669285613823,2,-3,3.605551275463989,0.43863154202724924,0.037927630058308515,189,358,200,311,232,252
1776767740.086706,2.7083669285613823,2,-3,3.605551275463989,0.43863154202724924,0.037927630058308515,189,358,200,311,232,252
1776767740.2015448,2.7083669285613823,2,-3,3.605551275463989,0.43863154202724924,0.037927630058308515,189,358,200,311,232,252
1776767740.2554455,2.7083669285613823,2,-3,3.605551275463989,0.43863154202724924,0.037927630058308515,189,358,200,311,232,252
1776767740.3130133,2.7083669285613823,2,-3,3.605551275463989,0.43863154202724924,0.037927630058308515,189,358,200,311,232,252
1776767740.3703034,2.7083669285613823,2,-3,3.605551275463989,0.43863154202724924,0.037927630058308515,189,358,200,311,232,252
1776767740.4272745,2.7083669285613823,2,-3,3.605551275463989,0.43863154202724924,0.037927630058308515,189,358,200,311,232,252
1776767740.4841743,2.7083669285613823,2,-3,3.605551275463989,0.43863154202724924,0.037927630058308515,189,358,200,311,232,252
1776767740.5413535,2.7083669285613823,2,-3,3.605551275463989,0.43863154202724924,0.037927630058308515,189,358,200,311,232,252
1776767740.5951087,2.7083669285613823,2,-3,3.605551275463989,0.43863154202724924,0.037927630058308515,189,358,200,311,232,252
1776767740.652694,2.7083669285613823,2,-3,3.605551275463989,0.43863154202724924,0.037927630058308515,189,358,200,311,232,252
1776767740.709904,2.7083669285613823,2,-3,3.605551275463989,0.43863154202724924,0.037927630058308515,189,358,200,311,232,252
1776767740.7673151,2.7083669285613823,2,-3,3.605551275463989,0.43863154202724924,0.037927630058308515,189,358,200,311,232,252
1776767740.8246648,2.7083669285613823,2,-3,3.605551275463989,0.43863154202724924,0.037927630058308515,189,358,200,311,232,252
1776767740.881741,2.7083669285613823,2,-3,3.605551275463989,0.43863154202724924,0.037927630058308515,189,358,200,311,232,252
1776767740.935292,2.7083669285613823,2,-3,3.605551275463989,0.43863154202724924,0.037927630058308515,189,358,200,311,232,252
1776767740.9923186,2.7083669285613823,2,-3,3.605551275463989,0.43863154202724924,0.037927630058308515,189,358,200,311,232,252
1776767741.0500789,2.7083669285613823,2,-3,3.605551275463989,0.43863154202724924,0.037927630058308515,189,358,200,311,232,252
1776767741.1065502,2.7083669285613823,2,-3,3.605551275463989,0.43863154202724924,0.037927630058308515,189,358,200,311,232,252
1776767741.1643136,2.7083669285613823,2,-3,3.605551275463989,0.43863154202724924,0.037927630058308515,189,358,200,311,232,252
1776767741.2229295,2.7083669285613823,2,-3,3.605551275463989,0.43863154202724924,0.037927630058308515,189,358,200,311,232,252
1776767741.2746058,2.7083669285613823,2,-3,3.605551275463989,0.43863154202724924,0.037927630058308515,189,358,200,311,232,252
1776767741.332465,2.7083669285613823,2,-3,3.605551275463989,0.43863154202724924,0.037927630058308515,189,358,200,311,232,252
1776767741.3893673,2.7083669285613823,2,-3,3.605551275463989,0.43863154202724924,0.037927630058308515,189,358,200,311,232,252
1776767741.4472244,2.7083669285613823,2,-3,3.605551275463989,0.43863154202724924,0.037927630058308515,189,358,200,311,232,252
1776767741.5045323,2.7083669285613823,2,-3,3.605551275463989,0.43863154202724924,0.037927630058308515,189,358,200,311,232,252
1776767741.5575075,2.7083669285613823,2,-3,3.605551275463989,0.43863154202724924,0.037927630058308515,189,358,200,311,232,252
1776767741.615183,2.7083669285613823,2,-3,3.605551275463989,0.43863154202724924,0.037927630058308515,189,358,200,311,232,252
1776767741.67255,2.7083669285613823,2,-3,3.605551275463989,0.43863154202724924,0.037927630058308515,189,358,200,311,232,252
1776767741.7297516,2.7083669285613823,2,-3,3.605551275463989,0.43863154202724924,0.037927630058308515,189,358,200,311,232,252
1776767741.786654,2.7083669285613823,2,-3,3.605551275463989,0.43863154202724924,0.037927630058308515,189,358,200,311,232,252
1776767741.8441308,2.7083669285613823,2,-3,3.605551275463989,0.43863154202724924,0.037927630058308515,189,358,200,311,232,252
1776767741.897983,2.7083669285613823,2,-3,3.605551275463989,0.43863154202724924,0.037927630058308515,189,358,200,311,232,252
1776767741.9548302,2.7083669285613823,3,-3,4.242640687119285,0.5161363366325163,0.03959555449377878,189,358,200,311,233,252
1776767742.012444,2.7083669285613823,3,-3,4.242640687119285,0.5161363366325163,0.03959555449377878,189,358,200,311,233,252
1776767742.0700226,2.7083669285613823,3,-3,4.242640687119285,0.5161363366325163,0.03959555449377878,189,358,200,311,233,252
1776767742.1264315,2.7083669285613823,3,-3,4.242640687119285,0.5161363366325163,0.03959555449377878,189,358,200,311,233,252
1776767742.1836932,2.7083669285613823,3,-3,4.242640687119285,0.5161363366325163,0.03959555449377878,189,358,200,311,233,252
1776767742.2371545,2.7083669285613823,3,-3,4.242640687119285,0.5161363366325163,0.03959555449377878,189,358,200,311,233,252
1776767742.29552,2.7083669285613823,3,-3,4.242640687119285,0.5161363366325163,0.03959555449377878,189,358,200,311,233,252
1776767742.3517246,2.7083669285613823,3,-3,4.242640687119285,0.5161363366325163,0.03959555449377878,189,358,200,311,233,252
1776767742.4098477,2.7083669285613823,3,-3,4.242640687119285,0.5161363366325163,0.03959555449377878,189,358,200,311,233,252
1776767742.4669878,2.7083669285613823,3,-3,4.242640687119285,0.5161363366325163,0.03959555449377878,189,358,200,311,233,252
1776767742.5239859,2.7083669285613823,3,-3,4.242640687119285,0.5161363366325163,0.03959555449377878,189,358,200,311,233,252
1776767742.6351988,2.7083669285613823,3,-3,4.242640687119285,0.5161363366325163,0.03959555449377878,189,358,200,311,233,252
1776767742.692116,2.7083669285613823,3,-3,4.242640687119285,0.5161363366325163,0.03959555449377878,189,358,200,311,233,252
1776767742.7494917,2.7083669285613823,3,-3,4.242640687119285,0.5161363366325163,0.03959555449377878,189,358,200,311,233,252
1776767742.8070707,2.7083669285613823,3,-3,4.242640687119285,0.5161363366325163,0.03959555449377878,189,358,200,311,233,252
1776767742.8643126,2.7083669285613823,3,-3,4.242640687119285,0.5161363366325163,0.03959555449377878,189,358,200,311,233,252
1776767742.9175227,2.7083669285613823,3,-3,4.242640687119285,0.5161363366325163,0.03959555449377878,189,358,200,311,233,252
1776767742.9746041,2.7083669285613823,3,-3,4.242640687119285,0.5161363366325163,0.03959555449377878,189,358,200,311,233,252
1776767743.0317166,2.7083669285613823,3,-3,4.242640687119285,0.5161363366325163,0.03959555449377878,189,358,200,311,233,252
1776767743.0899525,2.7083669285613823,3,-3,4.242640687119285,0.5161363366325163,0.03959555449377878,189,358,200,311,233,252
1776767743.1465988,2.7083669285613823,3,-3,4.242640687119285,0.5161363366325163,0.03959555449377878,189,358,200,311,233,252
1776767743.2000897,2.7083669285613823,3,-3,4.242640687119285,0.5161363366325163,0.03959555449377878,189,358,200,311,233,252
1776767743.257153,2.7083669285613823,3,-3,4.242640687119285,0.5161363366325163,0.03959555449377878,189,358,200,311,233,252
1776767743.3143668,2.7083669285613823,3,-3,4.242640687119285,0.5161363366325163,0.03959555449377878,189,358,200,311,233,252
1776767743.3716707,2.7083669285613823,3,-3,4.242640687119285,0.5161363366325163,0.03959555449377878,189,358,200,311,233,252
1776767743.42948,2.7083669285613823,3,-3,4.242640687119285,0.5161363366325163,0.03959555449377878,189,358,200,311,233,252
1776767743.4868262,2.7083669285613823,3,-3,4.242640687119285,0.5161363366325163,0.03959555449377878,189,358,200,311,233,252
1776767743.5398307,2.7083669285613823,3,-3,4.242640687119285,0.5161363366325163,0.03959555449377878,189,358,200,311,233,252
1776767743.5977483,2.7083669285613823,3,-3,4.242640687119285,0.5161363366325163,0.03959555449377878,189,358,200,311,233,252
1776767743.6545513,2.7083669285613823,3,-3,4.242640687119285,0.5161363366325163,0.03959555449377878,189,358,200,311,233,252
1776767743.712013,2.7083669285613823,3,-3,4.242640687119285,0.5161363366325163,0.03959555449377878,189,358,200,311,233,252
1776767743.826116,2.7083669285613823,3,-3,4.242640687119285,0.5161363366325163,0.03959555449377878,189,358,200,311,233,252
1776767743.8798485,2.7083669285613823,3,-3,4.242640687119285,0.5161363366325163,0.03959555449377878,189,358,200,311,233,252
1776767743.9373894,2.7083669285613823,3,-3,4.242640687119285,0.5161363366325163,0.03959555449377878,189,358,200,311,233,252
1776767743.9945438,2.7083669285613823,3,-3,4.242640687119285,0.5161363366325163,0.03959555449377878,189,358,200,311,233,252
1776767744.0515516,2.7083669285613823,3,-3,4.242640687119285,0.5161363366325163,0.03959555449377878,189,358,200,311,233,252
1776767744.109258,2.7083669285613823,3,-3,4.242640687119285,0.5161363366325163,0.03959555449377878,189,358,200,311,233,252
1776767744.1668155,2.7083669285613823,3,-3,4.242640687119285,0.5161363366325163,0.03959555449377878,189,358,200,311,233,252
1776767744.2208164,2.7083669285613823,3,-3,4.242640687119285,0.5161363366325163,0.03959555449377878,189,358,200,311,233,252
1776767744.2773495,2.7083669285613823,3,-3,4.242640687119285,0.5161363366325163,0.03959555449377878,189,358,200,311,233,252
1776767744.334383,2.7083669285613823,3,-3,4.242640687119285,0.5161363366325163,0.03959555449377878,189,358,200,311,233,252
1776767744.3916206,2.7083669285613823,3,-3,4.242640687119285,0.5161363366325163,0.03959555449377878,189,358,200,311,233,252
1776767744.4491234,2.7083669285613823,3,-3,4.242640687119285,0.5161363366325163,0.03959555449377878,189,358,200,311,233,252
1776767744.5022795,2.7083669285613823,3,-3,4.242640687119285,0.5161363366325163,0.03959555449377878,189,358,200,311,233,252
1776767744.5600176,2.7083669285613823,3,-3,4.242640687119285,0.5161363366325163,0.03959555449377878,189,358,200,311,233,252
1776767744.616765,2.7083669285613823,3,-3,4.242640687119285,0.5161363366325163,0.03959555449377878,189,358,200,311,233,252
1776767744.6740277,2.7083669285613823,3,-3,4.242640687119285,0.5161363366325163,0.03959555449377878,189,358,200,311,233,252
1776767744.732026,2.7083669285613823,3,-3,4.242640687119285,0.5161363366325163,0.03959555449377878,189,358,200,311,233,252
1776767744.789359,2.7083669285613823,3,-3,4.242640687119285,0.5161363366325163,0.03959555449377878,189,358,200,311,233,252
1776767744.8423243,2.7083669285613823,3,-3,4.242640687119285,0.5161363366325163,0.03959555449377878,189,358,200,311,233,252
1776767744.8998103,2.7083669285613823,3,-3,4.242640687119285,0.5161363366325163,0.03959555449377878,189,358,200,311,233,252
1776767744.9570262,2.7083669285613823,3,-3,4.242640687119285,0.5161363366325163,0.03959555449377878,189,358,200,311,233,252
1776767745.014241,2.7083669285613823,3,-3,4.242640687119285,0.5161363366325163,0.03959555449377878,189,358,200,311,233,252
1776767745.129397,2.7083669285613823,3,-3,4.242640687119285,0.5161363366325163,0.03959555449377878,189,358,200,311,233,252
1776767745.18264,2.7083669285613823,3,-3,4.242640687119285,0.5161363366325163,0.03959555449377878,189,358,200,311,233,252
1776767745.2394347,2.7083669285613823,3,-3,4.242640687119285,0.5161363366325163,0.03959555449377878,189,358,200,311,233,252
1776767745.2972355,2.7083669285613823,3,-3,4.242640687119285,0.5161363366325163,0.03959555449377878,189,358,200,311,233,252
1776767745.3545034,2.7083669285613823,3,-3,4.242640687119285,0.5161363366325163,0.03959555449377878,189,358,200,311,233,252
1776767745.4114313,2.7083669285613823,3,-3,4.242640687119285,0.5161363366325163,0.03959555449377878,189,358,200,311,233,252
1776767745.468654,2.7083669285613823,3,-3,4.242640687119285,0.5161363366325163,0.03959555449377878,189,358,200,311,233,252
1776767745.5224361,2.7083669285613823,3,-3,4.242640687119285,0.5161363366325163,0.03959555449377878,189,358,200,311,233,252
1776767745.5799298,2.7083669285613823,3,-3,4.242640687119285,0.5161363366325163,0.03959555449377878,189,358,200,311,233,252
1776767745.6378703,2.7083669285613823,3,-3,4.242640687119285,0.5161363366325163,0.03959555449377878,189,358,200,311,233,252
1776767745.6947086,2.7083669285613823,3,-3,4.242640687119285,0.5161363366325163,0.03959555449377878,189,358,200,311,233,252
1776767745.7514114,2.7083669285613823,3,-3,4.242640687119285,0.5161363366325163,0.03959555449377878,189,358,200,311,233,252
1776767745.8050885,2.7083669285613823,3,-3,4.242640687119285,0.5161363366325163,0.03959555449377878,189,358,200,311,233,252
1776767745.862959,2.7083669285613823,3,-3,4.242640687119285,0.5161363366325163,0.03959555449377878,189,358,200,311,233,252
1776767745.9199564,2.7083669285613823,3,-3,4.242640687119285,0.5161363366325163,0.03959555449377878,189,358,200,311,233,252
1776767745.9767275,2.7083669285613823,3,-3,4.242640687119285,0.5161363366325163,0.03959555449377878,189,358,200,311,233,252
1776767746.034232,2.7083669285613823,3,-3,4.242640687119285,0.5161363366325163,0.03959555449377878,189,358,200,311,233,252
1776767746.0916197,2.7083669285613823,3,-4,5.0,0.608272506082725,0.03830471651763015,189,358,200,311,233,251
1776767746.1452746,2.7083669285613823,3,-4,5.0,0.608272506082725,0.03830471651763015,189,358,200,311,233,251
1776767746.2020776,2.7083669285613823,4,-4,5.656854249492381,0.6881817821766886,0.03990777330802376,189,358,200,311,234,251
1776767746.2597692,2.7083669285613823,4,-4,5.656854249492381,0.6881817821766886,0.03990777330802376,189,358,200,311,234,251
1776767746.3174136,2.7083669285613823,4,-4,5.656854249492381,0.6881817821766886,0.03990777330802376,189,358,200,311,234,251
1776767746.3745594,2.7083669285613823,4,-4,5.656854249492381,0.6881817821766886,0.03990777330802376,189,358,200,311,234,251
1776767746.4317846,2.7083669285613823,4,-4,5.656854249492381,0.6881817821766886,0.03990777330802376,189,358,200,311,234,251
1776767746.484808,2.7083669285613823,4,-4,5.656854249492381,0.6881817821766886,0.03990777330802376,189,358,200,311,234,251
1776767746.542496,2.7083669285613823,4,-4,5.656854249492381,0.6881817821766886,0.03990777330802376,189,358,200,311,234,251
1776767746.5994506,2.7083669285613823,4,-4,5.656854249492381,0.6881817821766886,0.03990777330802376,189,358,200,311,234,251
1776767746.6563327,2.7083669285613823,4,-4,5.656854249492381,0.6881817821766886,0.03990777330802376,189,358,200,311,234,251
1776767746.7137158,2.7083669285613823,4,-4,5.656854249492381,0.6881817821766886,0.03990777330802376,189,358,200,311,234,251
1776767746.7710755,2.7083669285613823,4,-4,5.656854249492381,0.6881817821766886,0.03990777330802376,189,358,200,311,234,251
1776767746.8244922,2.7083669285613823,4,-4,5.656854249492381,0.6881817821766886,0.03990777330802376,189,358,200,311,234,251
1776767746.882106,2.7083669285613823,4,-4,5.656854249492381,0.6881817821766886,0.03990777330802376,189,358,200,311,234,251
1776767746.939418,2.7083669285613823,4,-4,5.656854249492381,0.6881817821766886,0.03990777330802376,189,358,200,311,234,251
1776767746.9969609,2.7083669285613823,4,-4,5.656854249492381,0.6881817821766886,0.03990777330802376,189,358,200,311,234,251
1776767747.0542018,2.7083669285613823,4,-4,5.656854249492381,0.6881817821766886,0.03990777330802376,189,358,200,311,234,251
1776767747.1075566,2.7083669285613823,4,-4,5.656854249492381,0.6881817821766886,0.03990777330802376,189,358,200,311,234,251
1776767747.1653445,2.7083669285613823,4,-4,5.656854249492381,0.6881817821766886,0.03990777330802376,189,358,200,311,234,251
1776767747.2220924,2.7083669285613823,4,-4,5.656854249492381,0.6881817821766886,0.03990777330802376,189,358,200,311,234,251
1776767747.2796984,2.7083669285613823,4,-4,5.656854249492381,0.6881817821766886,0.03990777330802376,189,358,200,311,234,251
1776767747.3369682,2.7083669285613823,4,-4,5.656854249492381,0.6881817821766886,0.03990777330802376,189,358,200,311,234,251
1776767747.3939877,2.7083669285613823,4,-4,5.656854249492381,0.6881817821766886,0.03990777330802376,189,358,200,311,234,251
1776767747.5051723,2.7083669285613823,4,-4,5.656854249492381,0.6881817821766886,0.03990777330802376,189,358,200,311,234,251
1776767747.562067,2.7083669285613823,4,-4,5.656854249492381,0.6881817821766886,0.03990777330802376,189,358,200,311,234,251
1776767747.6193123,2.7083669285613823,4,-4,5.656854249492381,0.6881817821766886,0.03990777330802376,189,358,200,311,234,251
1776767747.6770194,2.7083669285613823,4,-4,5.656854249492381,0.6881817821766886,0.03990777330802376,189,358,200,311,234,251
1776767747.734222,2.7083669285613823,4,-4,5.656854249492381,0.6881817821766886,0.03990777330802376,189,358,200,311,234,251
1776767747.7872372,2.7083669285613823,4,-4,5.656854249492381,0.6881817821766886,0.03990777330802376,189,358,200,311,234,251
1776767747.8443449,2.7083669285613823,4,-4,5.656854249492381,0.6881817821766886,0.03990777330802376,189,358,200,311,234,251
1776767747.9021113,2.7083669285613823,4,-4,5.656854249492381,0.6881817821766886,0.03990777330802376,189,358,200,311,234,251
1776767747.9597254,2.7083669285613823,4,-4,5.656854249492381,0.6881817821766886,0.03990777330802376,189,358,200,311,234,251
1776767748.0171638,2.7083669285613823,4,-4,5.656854249492381,0.6881817821766886,0.03990777330802376,189,358,200,311,234,251
1776767748.0739594,2.7083669285613823,4,-4,5.656854249492381,0.6881817821766886,0.03990777330802376,189,358,200,311,234,251
1776767748.1274788,2.7083669285613823,4,-4,5.656854249492381,0.6881817821766886,0.03990777330802376,189,358,200,311,234,251
1776767748.1843128,2.7083669285613823,4,-4,5.656854249492381,0.6881817821766886,0.03990777330802376,189,358,200,311,234,251
1776767748.242172,2.7083669285613823,4,-4,5.656854249492381,0.6881817821766886,0.03990777330802376,189,358,200,311,234,251
1776767748.2992356,2.7083669285613823,4,-4,5.656854249492381,0.6881817821766886,0.03990777330802376,189,358,200,311,234,251
1776767748.3562942,2.7083669285613823,4,-4,5.656854249492381,0.6881817821766886,0.03990777330802376,189,358,200,311,234,251
1776767748.414333,2.7083669285613823,4,-4,5.656854249492381,0.6881817821766886,0.03990777330802376,189,358,200,311,234,251
1776767748.4676096,2.7083669285613823,4,-4,5.656854249492381,0.6881817821766886,0.03990777330802376,189,358,200,311,234,251
1776767748.5250638,2.7083669285613823,4,-4,5.656854249492381,0.6881817821766886,0.03990777330802376,189,358,200,311,234,251
1776767748.58164,2.7083669285613823,4,-4,5.656854249492381,0.6881817821766886,0.03990777330802376,189,358,200,311,234,251
1776767748.6392105,2.7083669285613823,4,-4,5.656854249492381,0.6881817821766886,0.03990777330802376,189,358,200,311,234,251
1776767748.6963058,2.7083669285613823,4,-4,5.656854249492381,0.6881817821766886,0.03990777330802376,189,358,200,311,234,251
1776767748.7500522,2.7083669285613823,4,-4,5.656854249492381,0.6881817821766886,0.03990777330802376,189,358,200,311,234,251
1776767748.8079953,2.7083669285613823,4,-4,5.656854249492381,0.6881817821766886,0.03990777330802376,189,358,200,311,234,251
1776767748.8647091,2.7083669285613823,4,-4,5.656854249492381,0.6881817821766886,0.03990777330802376,189,358,200,311,234,251
1776767748.9254262,2.7083669285613823,4,-4,5.656854249492381,0.6881817821766886,0.03990777330802376,189,358,200,311,234,251
1776767748.9788864,2.7083669285613823,4,-4,5.656854249492381,0.6881817821766886,0.03990777330802376,189,358,200,311,234,251
1776767749.0362177,2.7083669285613823,4,-4,5.656854249492381,0.6881817821766886,0.03990777330802376,189,358,200,311,234,251
1776767749.0901392,2.7083669285613823,4,-4,5.656854249492381,0.6881817821766886,0.03990777330802376,189,358,200,311,234,251
1776767749.147232,2.7083669285613823,4,-4,5.656854249492381,0.6881817821766886,0.03990777330802376,189,358,200,311,234,251
1776767749.204109,2.7083669285613823,4,-4,5.656854249492381,0.6881817821766886,0.03990777330802376,189,358,200,311,234,251
1776767749.2621672,2.7083669285613823,4,-4,5.656854249492381,0.6881817821766886,0.03990777330802376,189,358,200,311,234,251
1776767749.318916,2.7083669285613823,4,-4,5.656854249492381,0.6881817821766886,0.03990777330802376,189,358,200,311,234,251
1776767749.3767247,2.7083669285613823,4,-4,5.656854249492381,0.6881817821766886,0.03990777330802376,189,358,200,311,234,251
1776767749.4300854,2.7083669285613823,4,-4,5.656854249492381,0.6881817821766886,0.03990777330802376,189,358,200,311,234,251
1776767749.4873655,2.7083669285613823,4,-4,5.656854249492381,0.6881817821766886,0.03990777330802376,189,358,200,311,234,251
1776767749.5443037,2.7083669285613823,4,-4,5.656854249492381,0.6881817821766886,0.03990777330802376,189,358,200,311,234,251
1776767749.6024206,2.7083669285613823,4,-4,5.656854249492381,0.6881817821766886,0.03990777330802376,189,358,200,311,234,251
1776767749.6595645,2.7083669285613823,4,-4,5.656854249492381,0.6881817821766886,0.03990777330802376,189,358,200,311,234,251
1776767749.716226,2.7083669285613823,4,-4,5.656854249492381,0.6881817821766886,0.03990777330802376,189,358,200,311,234,251
1776767749.7696986,2.7083669285613823,4,-4,5.656854249492381,0.6881817821766886,0.03990777330802376,189,358,200,311,234,251
1776767749.826911,2.7083669285613823,4,-4,5.656854249492381,0.6881817821766886,0.03990777330802376,189,358,200,311,234,251
1776767749.8846562,2.7083669285613823,4,-4,5.656854249492381,0.6881817821766886,0.03990777330802376,189,358,200,311,234,251
1776767749.999394,2.7083669285613823,4,-4,5.656854249492381,0.6881817821766886,0.03990777330802376,189,358,200,311,234,251
1776767750.0522175,2.7083669285613823,4,-4,5.656854249492381,0.6881817821766886,0.03990777330802376,189,358,200,311,234,251
1776767750.1097984,2.7083669285613823,4,-4,5.656854249492381,0.6881817821766886,0.04151763821268263,189,358,200,310,234,251
1776767750.1673937,2.7083669285613823,4,-4,5.656854249492381,0.6881817821766886,0.04151763821268263,189,358,200,310,234,251
1776767750.2248652,2.7083669285613823,4,-4,5.656854249492381,0.6881817821766886,0.04151763821268263,189,358,200,310,234,251
1776767750.2814417,2.7083669285613823,4,-4,5.656854249492381,0.6881817821766886,0.04151763821268263,189,358,200,310,234,251
1776767750.339039,2.7083669285613823,4,-4,5.656854249492381,0.6881817821766886,0.04151763821268263,189,358,200,310,234,251
1776767750.3926055,2.7083669285613823,4,-4,5.656854249492381,0.6881817821766886,0.04151763821268263,189,358,200,310,234,251
1776767750.4505274,2.7083669285613823,4,-4,5.656854249492381,0.6881817821766886,0.04151763821268263,189,358,200,310,234,251
1776767750.507379,2.7083669285613823,4,-4,5.656854249492381,0.6881817821766886,0.0417874447426115,189,359,200,310,234,251
1776767750.56468,2.7083669285613823,4,-4,5.656854249492381,0.6881817821766886,0.0417874447426115,189,359,200,310,234,251
1776767750.6219642,2.7083669285613823,4,-4,5.656854249492381,0.6881817821766886,0.0417874447426115,189,359,200,310,234,251
1776767750.679576,2.7083669285613823,4,-4,5.656854249492381,0.6881817821766886,0.0417874447426115,189,359,200,310,234,251
1776767750.7322495,2.7083669285613823,4,-4,5.656854249492381,0.6881817821766886,0.0417874447426115,189,359,200,310,234,251
1776767750.7894454,2.7083669285613823,4,-4,5.656854249492381,0.6881817821766886,0.0417874447426115,189,359,200,310,234,251
1776767750.8471951,2.7083669285613823,4,-4,5.656854249492381,0.6881817821766886,0.0417874447426115,189,359,200,310,234,251
1776767750.9039626,2.7083669285613823,4,-4,5.656854249492381,0.6881817821766886,0.0417874447426115,189,359,200,310,234,251
1776767750.9616368,2.7083669285613823,4,-4,5.656854249492381,0.6881817821766886,0.0417874447426115,189,359,200,310,234,251
1776767751.0195296,2.7083669285613823,4,-4,5.656854249492381,0.6881817821766886,0.0417874447426115,189,359,200,310,234,251
1776767751.072303,2.7083669285613823,4,-4,5.656854249492381,0.6881817821766886,0.0417874447426115,189,359,200,310,234,251
1776767751.1294549,2.7083669285613823,4,-4,5.656854249492381,0.6881817821766886,0.0417874447426115,189,359,200,310,234,251
1776767751.1864278,2.7083669285613823,4,-4,5.656854249492381,0.6881817821766886,0.0417874447426115,189,359,200,310,234,251
1776767751.243708,2.7083669285613823,4,-4,5.656854249492381,0.6881817821766886,0.0417874447426115,189,359,200,310,234,251
1776767751.3011522,2.7083669285613823,4,-4,5.656854249492381,0.6881817821766886,0.0417874447426115,189,359,200,310,234,251
1776767751.3588617,2.7083669285613823,4,-4,5.656854249492381,0.6881817821766886,0.0417874447426115,189,359,200,310,234,251
1776767751.4122407,2.7083669285613823,4,-4,5.656854249492381,0.6881817821766886,0.0417874447426115,189,359,200,310,234,251
1776767751.4696062,2.7083669285613823,4,-4,5.656854249492381,0.6881817821766886,0.0417874447426115,189,359,200,310,234,251
1776767751.5268948,2.7083669285613823,4,-4,5.656854249492381,0.6881817821766886,0.0417874447426115,189,359,200,310,234,251
1776767751.5836375,2.7083669285613823,4,-4,5.656854249492381,0.6881817821766886,0.0417874447426115,189,359,200,310,234,251
1776767751.6413188,2.7083669285613823,4,-4,5.656854249492381,0.6881817821766886,0.0417874447426115,189,359,200,310,234,251
1776767751.695085,2.7083669285613823,4,-4,5.656854249492381,0.6881817821766886,0.0417874447426115,189,359,200,310,234,251
1776767751.752669,2.7083669285613823,4,-4,5.656854249492381,0.6881817821766886,0.0417874447426115,189,359,200,310,234,251
1776767751.8093946,2.7083669285613823,4,-4,5.656854249492381,0.6881817821766886,0.0417874447426115,189,359,200,310,234,251
1776767751.8666322,2.7083669285613823,4,-4,5.656854249492381,0.6881817821766886,0.0417874447426115,189,359,200,310,234,251
1776767751.9240053,2.7083669285613823,4,-4,5.656854249492381,0.6881817821766886,0.0417874447426115,189,359,200,310,234,251
1776767751.9816644,2.7083669285613823,4,-4,5.656854249492381,0.6881817821766886,0.0417874447426115,189,359,200,310,234,251
1776767752.034705,2.7083669285613823,4,-4,5.656854249492381,0.6881817821766886,0.0417874447426115,189,359,200,310,234,251
1776767752.0921438,2.7083669285613823,4,-4,5.656854249492381,0.6881817821766886,0.0417874447426115,189,359,200,310,234,251
1776767752.1495857,2.7083669285613823,4,-4,5.656854249492381,0.6881817821766886,0.0417874447426115,189,359,200,310,234,251
1776767752.206989,2.7083669285613823,4,-4,5.656854249492381,0.6881817821766886,0.0417874447426115,189,359,200,310,234,251
1776767752.3217466,2.7083669285613823,4,-4,5.656854249492381,0.6881817821766886,0.0417874447426115,189,359,200,310,234,251
1776767752.3758829,2.7083669285613823,4,-4,5.656854249492381,0.6881817821766886,0.0417874447426115,189,359,200,310,234,251
1776767752.4316032,2.7083669285613823,4,-4,5.656854249492381,0.6881817821766886,0.0417874447426115,189,359,200,310,234,251
1776767752.4892957,2.7083669285613823,4,-4,5.656854249492381,0.6881817821766886,0.0417874447426115,189,359,200,310,234,251
1776767752.5466166,2.7083669285613823,4,-4,5.656854249492381,0.6881817821766886,0.0417874447426115,189,359,200,310,234,251
1776767752.6042116,2.7083669285613823,4,-4,5.656854249492381,0.6881817821766886,0.0417874447426115,189,359,200,310,234,251
1776767752.6610172,2.7083669285613823,4,-4,5.656854249492381,0.6881817821766886,0.0417874447426115,189,359,200,310,234,251
1776767752.7147377,2.7083669285613823,4,-4,5.656854249492381,0.6881817821766886,0.0417874447426115,189,359,200,310,234,251
1776767752.7720768,2.7083669285613823,4,-4,5.656854249492381,0.6881817821766886,0.0417874447426115,189,359,200,310,234,251
1776767752.8292847,2.7083669285613823,4,-4,5.656854249492381,0.6881817821766886,0.0417874447426115,189,359,200,310,234,251
1776767752.8863437,2.7083669285613823,4,-4,5.656854249492381,0.6881817821766886,0.0417874447426115,189,359,200,310,234,251
1776767752.9441242,2.7083669285613823,4,-4,5.656854249492381,0.6881817821766886,0.0417874447426115,189,359,200,310,234,251
1776767753.0014012,2.7083669285613823,4,-4,5.656854249492381,0.6881817821766886,0.0417874447426115,189,359,200,310,234,251
1776767753.0549152,2.7083669285613823,4,-4,5.656854249492381,0.6881817821766886,0.0417874447426115,189,359,200,310,234,251
1776767753.1117208,2.7083669285613823,4,-4,5.656854249492381,0.6881817821766886,0.0417874447426115,189,359,200,310,234,251
1776767753.1692016,2.7083669285613823,4,-4,5.656854249492381,0.6881817821766886,0.0417874447426115,189,359,200,310,234,251
1776767753.2266083,2.7083669285613823,4,-4,5.656854249492381,0.6881817821766886,0.0417874447426115,189,359,200,310,234,251
1776767753.283711,2.7083669285613823,4,-4,5.656854249492381,0.6881817821766886,0.0417874447426115,189,359,200,310,234,251
1776767753.3411803,2.7083669285613823,4,-4,5.656854249492381,0.6881817821766886,0.0417874447426115,189,359,200,310,234,251
1776767753.3943923,2.7083669285613823,4,-4,5.656854249492381,0.6881817821766886,0.0417874447426115,189,359,200,310,234,251
1776767753.4514186,2.7083669285613823,4,-4,5.656854249492381,0.6881817821766886,0.0417874447426115,189,359,200,310,234,251
1776767753.508767,2.7083669285613823,4,-4,5.656854249492381,0.6881817821766886,0.0417874447426115,189,359,200,310,234,251
1776767753.5662491,2.7083669285613823,4,-4,5.656854249492381,0.6881817821766886,0.0417874447426115,189,359,200,310,234,251
1776767753.6237998,2.7083669285613823,4,-4,5.656854249492381,0.6881817821766886,0.0417874447426115,189,359,200,310,234,251
1776767753.6775537,2.7083669285613823,4,-4,5.656854249492381,0.6881817821766886,0.0417874447426115,189,359,200,310,234,251
1776767753.735541,2.7083669285613823,4,-4,5.656854249492381,0.6881817821766886,0.0417874447426115,189,359,200,310,234,251
1776767753.792288,2.7083669285613823,4,-4,5.656854249492381,0.6881817821766886,0.0417874447426115,189,359,200,310,234,251
1776767753.8491158,2.7083669285613823,4,-4,5.656854249492381,0.6881817821766886,0.0417874447426115,189,359,200,310,234,251
1776767753.9061868,2.7083669285613823,4,-4,5.656854249492381,0.6881817821766886,0.0417874447426115,189,359,200,310,234,251
1776767753.9639578,2.7083669285613823,4,-4,5.656854249492381,0.6881817821766886,0.0417874447426115,189,359,200,310,234,251
1776767754.0178044,2.7083669285613823,4,-4,5.656854249492381,0.6881817821766886,0.0417874447426115,189,359,200,310,234,251
1776767754.0741172,2.7083669285613823,4,-4,5.656854249492381,0.6881817821766886,0.0417874447426115,189,359,200,310,234,251
1776767754.1313424,2.7083669285613823,4,-4,5.656854249492381,0.6881817821766886,0.0417874447426115,189,359,200,310,234,251
1776767754.1888208,2.7083669285613823,4,-4,5.656854249492381,0.6881817821766886,0.0417874447426115,189,359,200,310,234,251
1776767754.2470026,2.7083669285613823,4,-4,5.656854249492381,0.6881817821766886,0.0417874447426115,189,359,200,310,234,251
1776767754.3038156,2.7083669285613823,4,-4,5.656854249492381,0.6881817821766886,0.0417874447426115,189,359,200,310,234,251
1776767754.3573148,2.7083669285613823,4,-4,5.656854249492381,0.6881817821766886,0.0417874447426115,189,359,200,310,234,251
1776767754.4147727,2.7083669285613823,4,-4,5.656854249492381,0.6881817821766886,0.0417874447426115,189,359,200,310,234,251
1776767754.4721696,2.7083669285613823,4,-4,5.656854249492381,0.6881817821766886,0.0417874447426115,189,359,200,310,234,251
1776767754.5287058,2.7083669285613823,4,-4,5.656854249492381,0.6881817821766886,0.0417874447426115,189,359,200,310,234,251
1776767754.5864902,2.7083669285613823,4,-4,5.656854249492381,0.6881817821766886,0.0417874447426115,189,359,200,310,234,251
1776767754.6435645,2.7083669285613823,4,-4,5.656854249492381,0.6881817821766886,0.0417874447426115,189,359,200,310,234,251
1776767754.6968968,2.7083669285613823,4,-4,5.656854249492381,0.6881817821766886,0.0417874447426115,189,359,200,310,234,251
1776767754.754278,2.7083669285613823,4,-4,5.656854249492381,0.6881817821766886,0.0417874447426115,189,359,200,310,234,251
1776767754.869085,2.7083669285613823,4,-4,5.656854249492381,0.6881817821766886,0.0417874447426115,189,359,200,310,234,251
1776767754.926545,2.7083669285613823,4,-4,5.656854249492381,0.6881817821766886,0.0417874447426115,189,359,200,310,234,251
1776767754.9847486,2.7083669285613823,4,-4,5.656854249492381,0.6881817821766886,0.0417874447426115,189,359,200,310,234,251
1776767755.0370772,2.7083669285613823,4,-4,5.656854249492381,0.6881817821766886,0.0417874447426115,189,359,200,310,234,251
1776767755.0944788,2.7083669285613823,4,-4,5.656854249492381,0.6881817821766886,0.0417874447426115,189,359,200,310,234,251
1776767755.1513665,2.7083669285613823,4,-4,5.656854249492381,0.6881817821766886,0.0417874447426115,189,359,200,310,234,251
1776767755.2088797,2.7083669285613823,4,-4,5.656854249492381,0.6881817821766886,0.0417874447426115,189,359,200,310,234,251
1776767755.2668896,2.7083669285613823,4,-4,5.656854249492381,0.6881817821766886,0.0417874447426115,189,359,200,310,234,251
1776767755.3202052,2.7083669285613823,4,-4,5.656854249492381,0.6881817821766886,0.0417874447426115,189,359,200,310,234,251
1776767755.3774643,2.7083669285613823,4,-4,5.656854249492381,0.6881817821766886,0.0417874447426115,189,359,200,310,234,251
1776767755.4344578,2.7083669285613823,4,-4,5.656854249492381,0.6881817821766886,0.0417874447426115,189,359,200,310,234,251
1776767755.4916162,2.7083669285613823,4,-4,5.656854249492381,0.6881817821766886,0.0417874447426115,189,359,200,310,234,251
1776767755.549181,2.7083669285613823,4,-4,5.656854249492381,0.6881817821766886,0.0417874447426115,189,359,200,310,234,251
1776767755.6072419,2.7083669285613823,4,-4,5.656854249492381,0.6881817821766886,0.0417874447426115,189,359,200,310,234,251
1776767755.6599886,2.7083669285613823,4,-4,5.656854249492381,0.6881817821766886,0.0417874447426115,189,359,200,310,234,251
1776767755.7164965,2.7083669285613823,4,-4,5.656854249492381,0.6881817821766886,0.0417874447426115,189,359,200,310,234,251
1776767755.7739408,2.7083669285613823,4,-4,5.656854249492381,0.6881817821766886,0.0417874447426115,189,359,200,310,234,251
1776767755.8311703,2.7083669285613823,4,-4,5.656854249492381,0.6881817821766886,0.0417874447426115,189,359,200,310,234,251
1776767755.8890314,2.7083669285613823,4,-4,5.656854249492381,0.6881817821766886,0.0417874447426115,189,359,200,310,234,251
1776767755.9462247,2.7083669285613823,4,-4,5.656854249492381,0.6881817821766886,0.0417874447426115,189,359,200,310,234,251
1776767755.999769,2.7083669285613823,4,-4,5.656854249492381,0.6881817821766886,0.0417874447426115,189,359,200,310,234,251
1776767756.0567398,2.7083669285613823,4,-4,5.656854249492381,0.6881817821766886,0.0417874447426115,189,359,200,310,234,251
1776767756.114195,2.7083669285613823,4,-4,5.656854249492381,0.6881817821766886,0.0417874447426115,189,359,200,310,234,251
1776767756.1711633,2.7083669285613823,4,-4,5.656854249492381,0.6881817821766886,0.0417874447426115,189,359,200,310,234,251
1776767756.2288034,2.7083669285613823,4,-4,5.656854249492381,0.6881817821766886,0.0417874447426115,189,359,200,310,234,251
1776767756.2863052,2.7083669285613823,4,-4,5.656854249492381,0.6881817821766886,0.0417874447426115,189,359,200,310,234,251
1776767756.3397303,2.7083669285613823,4,-4,5.656854249492381,0.6881817821766886,0.0417874447426115,189,359,200,310,234,251
1776767756.3970401,2.7083669285613823,4,-4,5.656854249492381,0.6881817821766886,0.0417874447426115,189,359,200,310,234,251
1776767756.4541695,2.7083669285613823,4,-4,5.656854249492381,0.6881817821766886,0.0417874447426115,189,359,200,310,234,251
1776767756.5117626,2.7083669285613823,4,-4,5.656854249492381,0.6881817821766886,0.0417874447426115,189,359,200,310,234,251
1776767756.5685627,2.7083669285613823,4,-4,5.656854249492381,0.6881817821766886,0.0417874447426115,189,359,200,310,234,251
1776767756.627202,2.7083669285613823,4,-4,5.656854249492381,0.6881817821766886,0.0417874447426115,189,359,200,310,234,251
1776767756.6798313,2.7083669285613823,4,-4,5.656854249492381,0.6881817821766886,0.0417874447426115,189,359,200,310,234,251
1776767756.73688,2.7083669285613823,4,-4,5.656854249492381,0.6881817821766886,0.0417874447426115,189,359,200,310,234,251
1776767756.7942455,2.7083669285613823,4,-4,5.656854249492381,0.6881817821766886,0.0417874447426115,189,359,200,310,234,251
1776767756.8514779,2.7083669285613823,4,-4,5.656854249492381,0.6881817821766886,0.0417874447426115,189,359,200,310,234,251
1776767756.9089558,2.7083669285613823,4,-4,5.656854249492381,0.6881817821766886,0.0417874447426115,189,359,200,310,234,251
1776767756.9624534,2.7083669285613823,4,-4,5.656854249492381,0.6881817821766886,0.0417874447426115,189,359,200,310,234,251
1776767757.0196927,2.7083669285613823,4,-4,5.656854249492381,0.6881817821766886,0.0417874447426115,189,359,200,310,234,251
1776767757.0770164,2.7083669285613823,4,-4,5.656854249492381,0.6881817821766886,0.0417874447426115,189,359,200,310,234,251
1776767757.1336803,2.7083669285613823,4,-4,5.656854249492381,0.6881817821766886,0.0417874447426115,189,359,200,310,234,251
1776767757.2493703,2.7083669285613823,4,-4,5.656854249492381,0.6881817821766886,0.0417874447426115,189,359,200,310,234,251
1776767757.3023925,2.7083669285613823,4,-4,5.656854249492381,0.6881817821766886,0.0417874447426115,189,359,200,310,234,251
1776767757.3598573,2.7083669285613823,4,-4,5.656854249492381,0.6881817821766886,0.0417874447426115,189,359,200,310,234,251
1776767757.4170184,2.7083669285613823,4,-4,5.656854249492381,0.6881817821766886,0.0417874447426115,189,359,200,310,234,251
1776767757.4742367,2.7083669285613823,4,-4,5.656854249492381,0.6881817821766886,0.0417874447426115,189,359,200,310,234,251
1776767757.5314445,2.7083669285613823,4,-4,5.656854249492381,0.6881817821766886,0.0417874447426115,189,359,200,310,234,251
1776767757.5884333,2.7083669285613823,4,-4,5.656854249492381,0.6881817821766886,0.0417874447426115,189,359,200,310,234,251
1776767757.6420333,2.7083669285613823,4,-4,5.656854249492381,0.6881817821766886,0.0417874447426115,189,359,200,310,234,251
1776767757.6991227,2.7083669285613823,4,-4,5.656854249492381,0.6881817821766886,0.0417874447426115,189,359,200,310,234,251
1776767757.7569177,2.7083669285613823,4,-4,5.656854249492381,0.6881817821766886,0.0417874447426115,189,359,200,310,234,251
1776767757.814237,2.7083669285613823,4,-4,5.656854249492381,0.6881817821766886,0.0417874447426115,189,359,200,310,234,251
1776767757.8713093,2.7083669285613823,4,-4,5.656854249492381,0.6881817821766886,0.0417874447426115,189,359,200,310,234,251
1776767757.9284153,2.7083669285613823,4,-4,5.656854249492381,0.6881817821766886,0.0417874447426115,189,359,200,310,234,251
1776767757.9815066,2.7083669285613823,4,-4,5.656854249492381,0.6881817821766886,0.0417874447426115,189,359,200,310,234,251
1776767758.038802,2.7083669285613823,4,-4,5.656854249492381,0.6881817821766886,0.0417874447426115,189,359,200,310,234,251
1776767758.0966682,2.7083669285613823,4,-4,5.656854249492381,0.6881817821766886,0.0417874447426115,189,359,200,310,234,251
1776767758.153857,2.7083669285613823,4,-4,5.656854249492381,0.6881817821766886,0.0417874447426115,189,359,200,310,234,251
1776767758.211065,2.7083669285613823,4,-4,5.656854249492381,0.6881817821766886,0.0417874447426115,189,359,200,310,234,251
1776767758.2682328,2.7083669285613823,4,-4,5.656854249492381,0.6881817821766886,0.0417874447426115,189,359,200,310,234,251
1776767758.3221226,2.7083669285613823,4,-4,5.656854249492381,0.6881817821766886,0.0417874447426115,189,359,200,310,234,251
1776767758.3788354,2.7083669285613823,4,-4,5.656854249492381,0.6881817821766886,0.0417874447426115,189,359,200,310,234,251
1776767758.4366162,2.7083669285613823,4,-4,5.656854249492381,0.6881817821766886,0.0417874447426115,189,359,200,310,234,251
1776767758.4939072,2.7083669285613823,4,-4,5.656854249492381,0.6881817821766886,0.0417874447426115,189,359,200,310,234,251
1776767758.5514915,2.7083669285613823,4,-4,5.656854249492381,0.6881817821766886,0.0417874447426115,189,359,200,310,234,251
1776767758.6047099,2.7083669285613823,4,-4,5.656854249492381,0.6881817821766886,0.0417874447426115,189,359,200,310,234,251
1776767758.6619692,2.7083669285613823,4,-4,5.656854249492381,0.6881817821766886,0.0417874447426115,189,359,200,310,234,251
1776767758.7197115,2.7083669285613823,4,-4,5.656854249492381,0.6881817821766886,0.0417874447426115,189,359,200,310,234,251
1776767758.777678,2.7083669285613823,4,-4,5.656854249492381,0.6881817821766886,0.0417874447426115,189,359,200,310,234,251
1776767758.8340628,2.7083669285613823,4,-4,5.656854249492381,0.6881817821766886,0.0417874447426115,189,359,200,310,234,251
1776767758.8911765,2.7083669285613823,4,-4,5.656854249492381,0.6881817821766886,0.0417874447426115,189,359,200,310,234,251
1776767758.9449406,2.7083669285613823,4,-4,5.656854249492381,0.6881817821766886,0.0417874447426115,189,359,200,310,234,251
1776767759.0020838,2.7083669285613823,4,-4,5.656854249492381,0.6881817821766886,0.0417874447426115,189,359,200,310,234,251
1776767759.0588768,2.7083669285613823,4,-4,5.656854249492381,0.6881817821766886,0.0417874447426115,189,359,200,310,234,251
1776767759.1164184,2.7083669285613823,4,-4,5.656854249492381,0.6881817821766886,0.0417874447426115,189,359,200,310,234,251
1776767759.1738212,2.7083669285613823,4,-4,5.656854249492381,0.6881817821766886,0.0417874447426115,189,359,200,310,234,251
1776767759.2311847,2.7083669285613823,4,-4,5.656854249492381,0.6881817821766886,0.0417874447426115,189,359,200,310,234,251
1776767759.2844162,2.7083669285613823,4,-4,5.656854249492381,0.6881817821766886,0.0417874447426115,189,359,200,310,234,251
1776767759.3419678,2.7083669285613823,4,-4,5.656854249492381,0.6881817821766886,0.0417874447426115,189,359,200,310,234,251
1776767759.3992965,2.7083669285613823,4,-4,5.656854249492381,0.6881817821766886,0.0417874447426115,189,359,200,310,234,251
1776767759.4567053,2.7083669285613823,4,-4,5.656854249492381,0.6881817821766886,0.0417874447426115,189,359,200,310,234,251
1776767759.5138319,2.7083669285613823,4,-4,5.656854249492381,0.6881817821766886,0.0417874447426115,189,359,200,310,234,251
1776767759.5710378,2.7083669285613823,4,-4,5.656854249492381,0.6881817821766886,0.0417874447426115,189,359,200,310,234,251
1776767759.6242595,2.7083669285613823,4,-4,5.656854249492381,0.6881817821766886,0.0417874447426115,189,359,200,310,234,251
1776767759.7393308,2.7083669285613823,4,-4,5.656854249492381,0.6881817821766886,0.0417874447426115,189,359,200,310,234,251
1776767759.7962122,2.7083669285613823,4,-4,5.656854249492381,0.6881817821766886,0.0417874447426115,189,359,200,310,234,251
1776767759.8537135,2.7083669285613823,4,-4,5.656854249492381,0.6881817821766886,0.0417874447426115,189,359,200,310,234,251
1776767759.9116724,2.7083669285613823,4,-4,5.656854249492381,0.6881817821766886,0.0417874447426115,189,359,200,310,234,251
1776767759.9644265,2.7083669285613823,4,-4,5.656854249492381,0.6881817821766886,0.0417874447426115,189,359,200,310,234,251
1776767760.0217814,2.7083669285613823,4,-4,5.656854249492381,0.6881817821766886,0.0417874447426115,189,359,200,310,234,251
1776767760.078614,2.7083669285613823,4,-5,6.4031242374328485,0.7789688853324632,0.04049535563155314,189,359,200,310,234,250
1776767760.1358461,2.7083669285613823,4,-5,6.4031242374328485,0.7789688853324632,0.04049535563155314,189,359,200,310,234,250
1776767760.1933062,2.7083669285613823,4,-5,6.4031242374328485,0.7789688853324632,0.04049535563155314,189,359,200,310,234,250
1776767760.2504873,2.7083669285613823,4,-5,6.4031242374328485,0.7789688853324632,0.04049535563155314,189,359,200,310,234,250
1776767760.3038783,2.7083669285613823,4,-5,6.4031242374328485,0.7789688853324632,0.04049535563155314,189,359,200,310,234,250
1776767760.361588,2.7083669285613823,4,-5,6.4031242374328485,0.7789688853324632,0.04049535563155314,189,359,200,310,234,250
1776767760.418753,2.7083669285613823,4,-5,6.4031242374328485,0.7789688853324632,0.04049535563155314,189,359,200,310,234,250
1776767760.476308,2.7083669285613823,4,-5,6.4031242374328485,0.7789688853324632,0.04049535563155314,189,359,200,310,234,250
1776767760.533446,2.7083669285613823,4,-5,6.4031242374328485,0.7789688853324632,0.04049535563155314,189,359,200,310,234,250
1776767760.5868013,2.7083669285613823,4,-5,6.4031242374328485,0.7789688853324632,0.04049535563155314,189,359,200,310,234,250
1776767760.644495,2.7083669285613823,4,-5,6.4031242374328485,0.7789688853324632,0.04049535563155314,189,359,200,310,234,250
1776767760.7018623,2.7083669285613823,4,-5,6.4031242374328485,0.7789688853324632,0.04049535563155314,189,359,200,310,234,250
1776767760.7590127,2.7083669285613823,4,-5,6.4031242374328485,0.7789688853324632,0.04049535563155314,189,359,200,310,234,250
1776767760.8158271,2.7083669285613823,4,-5,6.4031242374328485,0.7789688853324632,0.04049535563155314,189,359,200,310,234,250
1776767760.8730803,2.7083669285613823,4,-5,6.4031242374328485,0.7789688853324632,0.04049535563155314,189,359,200,310,234,250
1776767760.9264677,2.7083669285613823,5,-5,7.0710678118654755,0.8602272277208607,0.04202576150478928,189,359,200,310,235,250
1776767760.983996,2.7083669285613823,5,-5,7.0710678118654755,0.8602272277208607,0.04202576150478928,189,359,200,310,235,250
1776767761.0416043,2.7083669285613823,5,-5,7.0710678118654755,0.8602272277208607,0.04202576150478928,189,359,200,310,235,250
1776767761.098661,2.7083669285613823,5,-5,7.0710678118654755,0.8602272277208607,0.04202576150478928,189,359,200,310,235,250
1776767761.156441,2.7083669285613823,5,-5,7.0710678118654755,0.8602272277208607,0.04202576150478928,189,359,200,310,235,250
1776767761.2136762,2.7083669285613823,5,-5,7.0710678118654755,0.8602272277208607,0.04202576150478928,189,359,200,310,235,250
1776767761.2667286,2.7083669285613823,5,-5,7.0710678118654755,0.8602272277208607,0.04202576150478928,189,359,200,310,235,250
1776767761.324256,2.7083669285613823,5,-5,7.0710678118654755,0.8602272277208607,0.04202576150478928,189,359,200,310,235,250
1776767761.3816855,2.7083669285613823,5,-5,7.0710678118654755,0.8602272277208607,0.04202576150478928,189,359,200,310,235,250
1776767761.4391525,2.7083669285613823,5,-5,7.0710678118654755,0.8602272277208607,0.04202576150478928,189,359,200,310,235,250
1776767761.4959,2.7083669285613823,5,-5,7.0710678118654755,0.8602272277208607,0.04202576150478928,189,359,200,310,235,250
1776767761.553385,2.7083669285613823,5,-5,7.0710678118654755,0.8602272277208607,0.04202576150478928,189,359,200,310,235,250
1776767761.6064444,2.7083669285613823,5,-5,7.0710678118654755,0.8602272277208607,0.04202576150478928,189,359,200,310,235,250
1776767761.66447,2.7083669285613823,5,-5,7.0710678118654755,0.8602272277208607,0.04202576150478928,189,359,200,310,235,250
1776767761.721007,2.7083669285613823,5,-5,7.0710678118654755,0.8602272277208607,0.04202576150478928,189,359,200,310,235,250
1776767761.7783117,2.7083669285613823,5,-5,7.0710678118654755,0.8602272277208607,0.04202576150478928,189,359,200,310,235,250
1776767761.8355734,2.7083669285613823,5,-5,7.0710678118654755,0.8602272277208607,0.04202576150478928,189,359,200,310,235,250
1776767761.892892,2.7083669285613823,5,-5,7.0710678118654755,0.8602272277208607,0.04202576150478928,189,359,200,310,235,250
1776767761.9472675,2.7083669285613823,5,-5,7.0710678118654755,0.8602272277208607,0.04202576150478928,189,359,200,310,235,250
1776767762.0614092,2.7083669285613823,5,-5,7.0710678118654755,0.8602272277208607,0.04202576150478928,189,359,200,310,235,250
1776767762.1200194,2.7083669285613823,5,-5,7.0710678118654755,0.8602272277208607,0.04202576150478928,189,359,200,310,235,250
1776767762.1757886,2.7083669285613823,5,-5,7.0710678118654755,0.8602272277208607,0.04202576150478928,189,359,200,310,235,250
1776767762.2291927,2.7083669285613823,5,-5,7.0710678118654755,0.8602272277208607,0.04202576150478928,189,359,200,310,235,250
1776767762.2867787,2.7083669285613823,5,-5,7.0710678118654755,0.8602272277208607,0.04202576150478928,189,359,200,310,235,250
1776767762.3436642,2.7083669285613823,5,-5,7.0710678118654755,0.8602272277208607,0.04202576150478928,189,359,200,310,235,250
1776767762.4014628,2.7083669285613823,5,-5,7.0710678118654755,0.8602272277208607,0.04202576150478928,189,359,200,310,235,250
1776767762.4582703,2.7083669285613823,5,-5,7.0710678118654755,0.8602272277208607,0.04202576150478928,189,359,200,310,235,250
1776767762.515434,2.7083669285613823,5,-5,7.0710678118654755,0.8602272277208607,0.04202576150478928,189,359,200,310,235,250
1776767762.5689373,2.7083669285613823,5,-5,7.0710678118654755,0.8602272277208607,0.04202576150478928,189,359,200,310,235,250
1776767762.6262252,2.7083669285613823,5,-5,7.0710678118654755,0.8602272277208607,0.04202576150478928,189,359,200,310,235,250
1776767762.6836386,2.7083669285613823,5,-5,7.0710678118654755,0.8602272277208607,0.04202576150478928,189,359,200,310,235,250
1776767762.7411942,2.7083669285613823,5,-5,7.0710678118654755,0.8602272277208607,0.04202576150478928,189,359,200,310,235,250
1776767762.7985106,2.7083669285613823,5,-5,7.0710678118654755,0.8602272277208607,0.04202576150478928,189,359,200,310,235,250
1776767762.855463,2.7083669285613823,5,-5,7.0710678118654755,0.8602272277208607,0.04202576150478928,189,359,200,310,235,250
1776767762.90886,2.7083669285613823,5,-5,7.0710678118654755,0.8602272277208607,0.04202576150478928,189,359,200,310,235,250
1776767762.9661646,2.7083669285613823,5,-5,7.0710678118654755,0.8602272277208607,0.04202576150478928,189,359,200,310,235,250
1776767763.023447,2.7083669285613823,5,-5,7.0710678118654755,0.8602272277208607,0.04202576150478928,189,359,200,310,235,250
1776767763.0808363,2.7083669285613823,5,-5,7.0710678118654755,0.8602272277208607,0.04202576150478928,189,359,200,310,235,250
1776767763.1382496,2.7083669285613823,5,-5,7.0710678118654755,0.8602272277208607,0.04202576150478928,189,359,200,310,235,250
1776767763.1962292,2.7083669285613823,5,-5,7.0710678118654755,0.8602272277208607,0.04202576150478928,189,359,200,310,235,250
1776767763.2491534,2.7083669285613823,5,-5,7.0710678118654755,0.8602272277208607,0.04202576150478928,189,359,200,310,235,250
1776767763.306547,2.7083669285613823,5,-5,7.0710678118654755,0.8602272277208607,0.04202576150478928,189,359,200,310,235,250
1776767763.3636515,2.7083669285613823,5,-5,7.0710678118654755,0.8602272277208607,0.04202576150478928,189,359,200,310,235,250
1776767763.4218135,2.7083669285613823,5,-5,7.0710678118654755,0.8602272277208607,0.04202576150478928,189,359,200,310,235,250
1776767763.4789827,2.7083669285613823,5,-5,7.0710678118654755,0.8602272277208607,0.04202576150478928,189,359,200,310,235,250
1776767763.5356522,2.7083669285613823,5,-5,7.0710678118654755,0.8602272277208607,0.04202576150478928,189,359,200,310,235,250
1776767763.5892413,2.7083669285613823,5,-5,7.0710678118654755,0.8602272277208607,0.04202576150478928,189,359,200,310,235,250
1776767763.6460638,2.7083669285613823,5,-5,7.0710678118654755,0.8602272277208607,0.04202576150478928,189,359,200,310,235,250
1776767763.70349,2.7083669285613823,5,-5,7.0710678118654755,0.8602272277208607,0.04202576150478928,189,359,200,310,235,250
1776767763.7606947,2.7083669285613823,5,-5,7.0710678118654755,0.8602272277208607,0.04202576150478928,189,359,200,310,235,250
1776767763.8182,2.7083669285613823,5,-5,7.0710678118654755,0.8602272277208607,0.04202576150478928,189,359,200,310,235,250
1776767763.8714468,2.7083669285613823,5,-5,7.0710678118654755,0.8602272277208607,0.04202576150478928,189,359,200,310,235,250
1776767763.9287171,2.7083669285613823,5,-5,7.0710678118654755,0.8602272277208607,0.04202576150478928,189,359,200,310,235,250
1776767763.9860501,2.7083669285613823,5,-5,7.0710678118654755,0.8602272277208607,0.04202576150478928,189,359,200,310,235,250
1776767764.043885,2.7083669285613823,5,-5,7.0710678118654755,0.8602272277208607,0.04202576150478928,189,359,200,310,235,250
1776767764.101123,2.7083669285613823,5,-5,7.0710678118654755,0.8602272277208607,0.04202576150478928,189,359,200,310,235,250
1776767764.1579306,2.7083669285613823,5,-5,7.0710678118654755,0.8602272277208607,0.04202576150478928,189,359,200,310,235,250
1776767764.2113814,2.7083669285613823,5,-5,7.0710678118654755,0.8602272277208607,0.04202576150478928,189,359,200,310,235,250
1776767764.268689,2.7083669285613823,5,-5,7.0710678118654755,0.8602272277208607,0.04202576150478928,189,359,200,310,235,250
1776767764.326117,2.7083669285613823,5,-5,7.0710678118654755,0.8602272277208607,0.04202576150478928,189,359,200,310,235,250
1776767764.383833,2.7083669285613823,5,-5,7.0710678118654755,0.8602272277208607,0.04202576150478928,189,359,200,310,235,250
1776767764.4406772,2.7083669285613823,5,-5,7.0710678118654755,0.8602272277208607,0.04202576150478928,189,359,200,310,235,250
1776767764.4978583,2.7083669285613823,5,-5,7.0710678118654755,0.8602272277208607,0.04202576150478928,189,359,200,310,235,250
1776767764.609063,2.7083669285613823,5,-5,7.0710678118654755,0.8602272277208607,0.04202576150478928,189,359,200,310,235,250
1776767764.6665454,2.7083669285613823,5,-5,7.0710678118654755,0.8602272277208607,0.04202576150478928,189,359,200,310,235,250
1776767764.7232075,2.7083669285613823,5,-5,7.0710678118654755,0.8602272277208607,0.04202576150478928,189,359,200,310,235,250
1776767764.7807312,2.7083669285613823,5,-5,7.0710678118654755,0.8602272277208607,0.04202576150478928,189,359,200,310,235,250
1776767764.8381026,2.7083669285613823,5,-5,7.0710678118654755,0.8602272277208607,0.04202576150478928,189,359,200,310,235,250
1776767764.891282,2.7083669285613823,5,-5,7.0710678118654755,0.8602272277208607,0.04202576150478928,189,359,200,310,235,250
1776767764.949475,2.7083669285613823,5,-5,7.0710678118654755,0.8602272277208607,0.04202576150478928,189,359,200,310,235,250
1776767765.0070167,2.7083669285613823,5,-5,7.0710678118654755,0.8602272277208607,0.04202576150478928,189,359,200,310,235,250
1776767765.0641015,2.7083669285613823,5,-5,7.0710678118654755,0.8602272277208607,0.04202576150478928,189,359,200,310,235,250
1776767765.1204457,2.7083669285613823,5,-5,7.0710678118654755,0.8602272277208607,0.04202576150478928,189,359,200,310,235,250
1776767765.17782,2.7083669285613823,5,-5,7.0710678118654755,0.8602272277208607,0.04202576150478928,189,359,200,310,235,250
1776767765.2311912,2.7083669285613823,5,-5,7.0710678118654755,0.8602272277208607,0.04202576150478928,189,359,200,310,235,250
1776767765.2886264,2.7083669285613823,5,-5,7.0710678118654755,0.8602272277208607,0.04202576150478928,189,359,200,310,235,250
1776767765.3461084,2.7083669285613823,5,-5,7.0710678118654755,0.8602272277208607,0.04202576150478928,189,359,200,310,235,250
1776767765.4031959,2.7083669285613823,5,-5,7.0710678118654755,0.8602272277208607,0.04202576150478928,189,359,200,310,235,250
1776767765.4613094,2.7083669285613823,5,-5,7.0710678118654755,0.8602272277208607,0.04202576150478928,189,359,200,310,235,250
1776767765.5177557,2.7083669285613823,5,-5,7.0710678118654755,0.8602272277208607,0.04202576150478928,189,359,200,310,235,250
1776767765.5711167,2.7083669285613823,5,-5,7.0710678118654755,0.8602272277208607,0.04202576150478928,189,359,200,310,235,250
1776767765.6285138,2.7083669285613823,5,-5,7.0710678118654755,0.8602272277208607,0.04202576150478928,189,359,200,310,235,250
1776767765.6859212,2.7083669285613823,5,-5,7.0710678118654755,0.8602272277208607,0.04202576150478928,189,359,200,310,235,250
1776767765.7435067,2.7083669285613823,5,-5,7.0710678118654755,0.8602272277208607,0.04202576150478928,189,359,200,310,235,250
1776767765.8005085,2.7083669285613823,5,-5,7.0710678118654755,0.8602272277208607,0.04202576150478928,189,359,200,310,235,250
1776767765.8543646,2.7083669285613823,5,-5,7.0710678118654755,0.8602272277208607,0.04202576150478928,189,359,200,310,235,250
1776767765.9126773,2.7083669285613823,5,-5,7.0710678118654755,0.8602272277208607,0.04202576150478928,189,359,200,310,235,250
1776767765.9684842,2.7083669285613823,5,-5,7.0710678118654755,0.8602272277208607,0.04202576150478928,189,359,200,310,235,250
1776767766.0257947,2.7083669285613823,5,-5,7.0710678118654755,0.8602272277208607,0.04202576150478928,189,359,200,310,235,250
1776767766.0831277,2.7083669285613823,5,-5,7.0710678118654755,0.8602272277208607,0.04202576150478928,189,359,200,310,235,250
1776767766.1403322,2.7083669285613823,5,-5,7.0710678118654755,0.8602272277208607,0.04202576150478928,189,359,200,310,235,250
1776767766.193831,2.7083669285613823,5,-5,7.0710678118654755,0.8602272277208607,0.04202576150478928,189,359,200,310,235,250
1776767766.2510853,2.7083669285613823,5,-5,7.0710678118654755,0.8602272277208607,0.04202576150478928,189,359,200,310,235,250
1776767766.3086965,2.7083669285613823,5,-5,7.0710678118654755,0.8602272277208607,0.04202576150478928,189,359,200,310,235,250
1776767766.3656168,2.7083669285613823,5,-5,7.0710678118654755,0.8602272277208607,0.04202576150478928,189,359,200,310,235,250
1776767766.4231427,2.7083669285613823,5,-5,7.0710678118654755,0.8602272277208607,0.04202576150478928,189,359,200,310,235,250
1776767766.4803288,2.7083669285613823,5,-5,7.0710678118654755,0.8602272277208607,0.04202576150478928,189,359,200,310,235,250
1776767766.5337605,2.7083669285613823,5,-5,7.0710678118654755,0.8602272277208607,0.04202576150478928,189,359,200,310,235,250
1776767766.591076,2.7083669285613823,5,-5,7.0710678118654755,0.8602272277208607,0.04202576150478928,189,359,200,310,235,250
1776767766.6485033,2.7083669285613823,5,-5,7.0710678118654755,0.8602272277208607,0.04202576150478928,189,359,200,310,235,250
1776767766.7056673,2.7083669285613823,5,-5,7.0710678118654755,0.8602272277208607,0.04202576150478928,189,359,200,310,235,250
1776767766.7628884,2.7083669285613823,5,-5,7.0710678118654755,0.8602272277208607,0.04202576150478928,189,359,200,310,235,250
1776767766.8203275,2.7083669285613823,5,-5,7.0710678118654755,0.8602272277208607,0.04202576150478928,189,359,200,310,235,250
1776767766.8737354,2.7083669285613823,5,-5,7.0710678118654755,0.8602272277208607,0.04202576150478928,189,359,200,310,235,250
1776767766.9311483,2.7083669285613823,5,-5,7.0710678118654755,0.8602272277208607,0.04202576150478928,189,359,200,310,235,250
1776767766.9885428,2.7083669285613823,5,-5,7.0710678118654755,0.8602272277208607,0.04202576150478928,189,359,200,310,235,250
1776767767.046086,2.7083669285613823,5,-5,7.0710678118654755,0.8602272277208607,0.04202576150478928,189,359,200,310,235,250
1776767767.102912,2.7083669285613823,5,-5,7.0710678118654755,0.8602272277208607,0.04202576150478928,189,359,200,310,235,250
1776767767.1602433,2.7083669285613823,5,-5,7.0710678118654755,0.8602272277208607,0.04202576150478928,189,359,200,310,235,250
1776767767.2135465,2.7083669285613823,5,-5,7.0710678118654755,0.8602272277208607,0.04202576150478928,189,359,200,310,235,250
1776767767.3285923,2.7083669285613823,5,-5,7.0710678118654755,0.8602272277208607,0.04202576150478928,189,359,200,310,235,250
1776767767.3855765,2.7083669285613823,5,-5,7.0710678118654755,0.8602272277208607,0.04202576150478928,189,359,200,310,235,250
1776767767.4427657,2.7083669285613823,5,-5,7.0710678118654755,0.8602272277208607,0.04202576150478928,189,359,200,310,235,250
1776767767.5001242,2.7083669285613823,5,-5,7.0710678118654755,0.8602272277208607,0.04202576150478928,189,359,200,310,235,250
1776767767.5536873,2.7083669285613823,5,-5,7.0710678118654755,0.8602272277208607,0.04202576150478928,189,359,200,310,235,250
1776767767.6109056,2.7083669285613823,5,-5,7.0710678118654755,0.8602272277208607,0.04202576150478928,189,359,200,310,235,250
1776767767.6681867,2.7083669285613823,5,-5,7.0710678118654755,0.8602272277208607,0.04202576150478928,189,359,200,310,235,250
1776767767.7257347,2.7083669285613823,5,-5,7.0710678118654755,0.8602272277208607,0.04202576150478928,189,359,200,310,235,250
1776767767.7829878,2.7083669285613823,5,-5,7.0710678118654755,0.8602272277208607,0.04202576150478928,189,359,200,310,235,250
1776767767.8360689,2.7083669285613823,5,-5,7.0710678118654755,0.8602272277208607,0.04202576150478928,189,359,200,310,235,250
1776767767.8934455,2.7083669285613823,5,-5,7.0710678118654755,0.8602272277208607,0.04202576150478928,189,359,200,310,235,250
1776767767.9507728,2.7083669285613823,5,-5,7.0710678118654755,0.8602272277208607,0.04202576150478928,189,359,200,310,235,250
1776767768.008053,2.7083669285613823,5,-5,7.0710678118654755,0.8602272277208607,0.04202576150478928,189,359,200,310,235,250
1776767768.0654855,2.7083669285613823,5,-5,7.0710678118654755,0.8602272277208607,0.04202576150478928,189,359,200,310,235,250
1776767768.1227462,2.7083669285613823,5,-5,7.0710678118654755,0.8602272277208607,0.04202576150478928,189,359,200,310,235,250
1776767768.1761165,2.7083669285613823,5,-5,7.0710678118654755,0.8602272277208607,0.04202576150478928,189,359,200,310,235,250
1776767768.2340572,2.7083669285613823,5,-5,7.0710678118654755,0.8602272277208607,0.04202576150478928,189,359,200,310,235,250
1776767768.2906802,2.7083669285613823,5,-5,7.0710678118654755,0.8602272277208607,0.04202576150478928,189,359,200,310,235,250
1776767768.3485765,2.7083669285613823,5,-5,7.0710678118654755,0.8602272277208607,0.04202576150478928,189,359,200,310,235,250
1776767768.4053643,2.7083669285613823,5,-5,7.0710678118654755,0.8602272277208607,0.04202576150478928,189,359,200,310,235,250
1776767768.4630115,2.7083669285613823,5,-5,7.0710678118654755,0.8602272277208607,0.04202576150478928,189,359,200,310,235,250
1776767768.5166104,2.7083669285613823,5,-5,7.0710678118654755,0.8602272277208607,0.04202576150478928,189,359,200,310,235,250
1776767768.5735354,2.7083669285613823,5,-5,7.0710678118654755,0.8602272277208607,0.04202576150478928,189,359,200,310,235,250
1776767768.6313004,2.7083669285613823,5,-5,7.0710678118654755,0.8602272277208607,0.04202576150478928,189,359,200,310,235,250
1776767768.6885006,2.7083669285613823,5,-5,7.0710678118654755,0.8602272277208607,0.04202576150478928,189,359,200,310,235,250
1776767768.745284,2.7083669285613823,5,-5,7.0710678118654755,0.8602272277208607,0.04202576150478928,189,359,200,310,235,250
1776767768.8027804,2.7083669285613823,5,-5,7.0710678118654755,0.8602272277208607,0.04202576150478928,189,359,200,310,235,250
1776767768.8567595,2.7083669285613823,5,-5,7.0710678118654755,0.8602272277208607,0.04202576150478928,189,359,200,310,235,250
1776767768.9146044,2.7083669285613823,5,-5,7.0710678118654755,0.8602272277208607,0.04202576150478928,189,359,200,310,235,250
1776767768.9712868,2.7083669285613823,5,-5,7.0710678118654755,0.8602272277208607,0.04202576150478928,189,359,200,310,235,250
1776767769.0286002,2.7083669285613823,5,-5,7.0710678118654755,0.8602272277208607,0.04202576150478928,189,359,200,310,235,250
1776767769.085948,2.7083669285613823,5,-5,7.0710678118654755,0.8602272277208607,0.04202576150478928,189,359,200,310,235,250
1776767769.1428323,2.7083669285613823,5,-5,7.0710678118654755,0.8602272277208607,0.04202576150478928,189,359,200,310,235,250
1776767769.1990557,2.7083669285613823,5,-5,7.0710678118654755,0.8602272277208607,0.04202576150478928,189,359,200,310,235,250
1776767769.2540336,2.7083669285613823,5,-5,7.0710678118654755,0.8602272277208607,0.04202576150478928,189,359,200,310,235,250
1776767769.311167,2.7083669285613823,5,-5,7.0710678118654755,0.8602272277208607,0.04202576150478928,189,359,200,310,235,250
1776767769.3679879,2.7083669285613823,5,-5,7.0710678118654755,0.8602272277208607,0.04202576150478928,189,359,200,310,235,250
1776767769.4785326,2.7083669285613823,5,-5,7.0710678118654755,0.8602272277208607,0.04202576150478928,189,359,200,310,235,250
1776767769.5364878,2.7083669285613823,5,-5,7.0710678118654755,0.8602272277208607,0.04202576150478928,189,359,200,310,235,250
1776767769.593597,2.7083669285613823,5,-5,7.0710678118654755,0.8602272277208607,0.04202576150478928,189,359,200,310,235,250
1776767769.650901,2.7083669285613823,5,-5,7.0710678118654755,0.8602272277208607,0.04202576150478928,189,359,200,310,235,250
1776767769.7086039,2.7083669285613823,5,-5,7.0710678118654755,0.8602272277208607,0.04202576150478928,189,359,200,310,235,250
1776767769.765889,2.7083669285613823,5,-5,7.0710678118654755,0.8602272277208607,0.04202576150478928,189,359,200,310,235,250
1776767769.819179,2.7083669285613823,5,-5,7.0710678118654755,0.8602272277208607,0.04202576150478928,189,359,200,310,235,250
1776767769.87618,2.7083669285613823,5,-5,7.0710678118654755,0.8602272277208607,0.04202576150478928,189,359,200,310,235,250
1776767769.9339714,2.7083669285613823,5,-5,7.0710678118654755,0.8602272277208607,0.04202576150478928,189,359,200,310,235,250
1776767769.9915233,2.7083669285613823,5,-5,7.0710678118654755,0.8602272277208607,0.04202576150478928,189,359,200,310,235,250
1776767770.0485427,2.7083669285613823,5,-5,7.0710678118654755,0.8602272277208607,0.04202576150478928,189,359,200,310,235,250
1776767770.105345,2.7083669285613823,5,-5,7.0710678118654755,0.8602272277208607,0.04202576150478928,189,359,200,310,235,250
1776767770.159027,2.7083669285613823,5,-5,7.0710678118654755,0.8602272277208607,0.04202576150478928,189,359,200,310,235,250
1776767770.2158785,2.7083669285613823,5,-5,7.0710678118654755,0.8602272277208607,0.04202576150478928,189,359,200,310,235,250
1776767770.2741446,2.7083669285613823,5,-5,7.0710678118654755,0.8602272277208607,0.04202576150478928,189,359,200,310,235,250
1776767770.3312366,2.7083669285613823,5,-5,7.0710678118654755,0.8602272277208607,0.04202576150478928,189,359,200,310,235,250
1776767770.3882155,2.7083669285613823,5,-5,7.0710678118654755,0.8602272277208607,0.04202576150478928,189,359,200,310,235,250
1776767770.445169,2.7083669285613823,5,-5,7.0710678118654755,0.8602272277208607,0.04202576150478928,189,359,200,310,235,250
1776767770.498548,2.7083669285613823,5,-5,7.0710678118654755,0.8602272277208607,0.04202576150478928,189,359,200,310,235,250
1776767770.5563083,2.7083669285613823,5,-5,7.0710678118654755,0.8602272277208607,0.04202576150478928,189,359,200,310,235,250
1776767770.6138008,2.7083669285613823,5,-5,7.0710678118654755,0.8602272277208607,0.04202576150478928,189,359,200,310,235,250
1776767770.670507,2.7083669285613823,5,-5,7.0710678118654755,0.8602272277208607,0.04202576150478928,189,359,200,310,235,250
1776767770.7277498,2.7083669285613823,5,-5,7.0710678118654755,0.8602272277208607,0.04202576150478928,189,359,200,310,235,250
1776767770.7855139,2.7083669285613823,5,-5,7.0710678118654755,0.8602272277208607,0.04202576150478928,189,359,200,310,235,250
1776767770.8395133,2.7083669285613823,5,-5,7.0710678118654755,0.8602272277208607,0.04202576150478928,189,359,200,310,235,250
1776767770.8961658,2.7083669285613823,5,-5,7.0710678118654755,0.8602272277208607,0.04202576150478928,189,359,200,310,235,250
1776767770.9536448,2.7083669285613823,5,-5,7.0710678118654755,0.8602272277208607,0.04202576150478928,189,359,200,310,235,250
1776767771.0106375,2.7083669285613823,5,-5,7.0710678118654755,0.8602272277208607,0.04202576150478928,189,359,200,310,235,250
1776767771.0681376,2.7083669285613823,5,-5,7.0710678118654755,0.8602272277208607,0.04202576150478928,189,359,200,310,235,250
1776767771.1255448,2.7083669285613823,5,-5,7.0710678118654755,0.8602272277208607,0.04202576150478928,189,359,200,310,235,250
1776767771.1788898,2.7083669285613823,5,-5,7.0710678118654755,0.8602272277208607,0.04202576150478928,189,359,200,310,235,250
1776767771.2358983,2.7083669285613823,5,-5,7.0710678118654755,0.8602272277208607,0.04202576150478928,189,359,200,310,235,250
1776767771.294127,2.7083669285613823,5,-5,7.0710678118654755,0.8602272277208607,0.04202576150478928,189,359,200,310,235,250
1776767771.3510256,2.7083669285613823,5,-5,7.0710678118654755,0.8602272277208607,0.04202576150478928,189,359,200,310,235,250
1776767771.4082894,2.7083669285613823,5,-5,7.0710678118654755,0.8602272277208607,0.04202576150478928,189,359,200,310,235,250
1776767771.461351,2.7083669285613823,5,-5,7.0710678118654755,0.8602272277208607,0.04202576150478928,189,359,200,310,235,250
1776767771.5186327,2.7083669285613823,5,-5,7.0710678118654755,0.8602272277208607,0.04202576150478928,189,359,200,310,235,250
1776767771.5756233,2.7083669285613823,5,-5,7.0710678118654755,0.8602272277208607,0.04202576150478928,189,359,200,310,235,250
1776767771.6329954,2.7083669285613823,5,-5,7.0710678118654755,0.8602272277208607,0.04202576150478928,189,359,200,310,235,250
1776767771.6908154,2.7083669285613823,5,-5,7.0710678118654755,0.8602272277208607,0.04202576150478928,189,359,200,310,235,250
1776767771.7476635,2.7083669285613823,5,-5,7.0710678118654755,0.8602272277208607,0.04202576150478928,189,359,200,310,235,250
1776767771.8014512,2.7083669285613823,5,-5,7.0710678118654755,0.8602272277208607,0.04202576150478928,189,359,200,310,235,250
1776767771.8601263,2.7083669285613823,5,-5,7.0710678118654755,0.8602272277208607,0.04202576150478928,189,359,200,310,235,250
1776767771.9160504,2.7083669285613823,5,-5,7.0710678118654755,0.8602272277208607,0.04202576150478928,189,359,200,310,235,250
1776767771.9734435,2.7083669285613823,5,-5,7.0710678118654755,0.8602272277208607,0.04202576150478928,189,359,200,310,235,250
1776767772.0308912,2.7083669285613823,5,-5,7.0710678118654755,0.8602272277208607,0.04202576150478928,189,359,200,310,235,250
1776767772.088462,2.7083669285613823,5,-5,7.0710678118654755,0.8602272277208607,0.04202576150478928,189,359,200,310,235,250
1776767772.1414149,2.7083669285613823,5,-5,7.0710678118654755,0.8602272277208607,0.04202576150478928,189,359,200,310,235,250
1776767772.256049,2.7083669285613823,5,-5,7.0710678118654755,0.8602272277208607,0.04202576150478928,189,359,200,310,235,250
1776767772.3133566,2.7083669285613823,5,-5,7.0710678118654755,0.8602272277208607,0.04202576150478928,189,359,200,310,235,250
1776767772.3703516,2.7083669285613823,5,-5,7.0710678118654755,0.8602272277208607,0.04202576150478928,189,359,200,310,235,250
1776767772.4279923,2.7083669285613823,5,-5,7.0710678118654755,0.8602272277208607,0.04202576150478928,189,359,200,310,235,250
1776767772.481421,2.7083669285613823,5,-5,7.0710678118654755,0.8602272277208607,0.04202576150478928,189,359,200,310,235,250
1776767772.538731,2.7083669285613823,5,-5,7.0710678118654755,0.8602272277208607,0.03778423659320129,189,359,201,310,235,250
1776767772.595964,2.7083669285613823,5,-5,7.0710678118654755,0.8602272277208607,0.03778423659320129,189,359,201,310,235,250
1776767772.6538303,2.7083669285613823,5,-5,7.0710678118654755,0.8602272277208607,0.03778423659320129,189,359,201,310,235,250
1776767772.7101042,2.7083669285613823,5,-5,7.0710678118654755,0.8602272277208607,0.03778423659320129,189,359,201,310,235,250
1776767772.7683313,2.7083669285613823,5,-5,7.0710678118654755,0.8602272277208607,0.03778423659320129,189,359,201,310,235,250
1776767772.8217213,2.7083669285613823,5,-5,7.0710678118654755,0.8602272277208607,0.03778423659320129,189,359,201,310,235,250
1776767772.8786306,2.7083669285613823,5,-5,7.0710678118654755,0.8602272277208607,0.03778423659320129,189,359,201,310,235,250
1776767772.935717,2.7083669285613823,5,-5,7.0710678118654755,0.8602272277208607,0.03778423659320129,189,359,201,310,235,250
1776767772.993503,2.7083669285613823,5,-5,7.0710678118654755,0.8602272277208607,0.03778423659320129,189,359,201,310,235,250
1776767773.050502,2.7083669285613823,5,-5,7.0710678118654755,0.8602272277208607,0.03778423659320129,189,359,201,310,235,250
1776767773.1074293,2.7083669285613823,5,-5,7.0710678118654755,0.8602272277208607,0.03778423659320129,189,359,201,310,235,250
1776767773.160848,2.7083669285613823,5,-5,7.0710678118654755,0.8602272277208607,0.03778423659320129,189,359,201,310,235,250
1776767773.2181401,2.7083669285613823,5,-5,7.0710678118654755,0.8602272277208607,0.03778423659320129,189,359,201,310,235,250
1776767773.275937,2.7083669285613823,5,-5,7.0710678118654755,0.8602272277208607,0.03778423659320129,189,359,201,310,235,250
1776767773.3334167,2.7083669285613823,5,-5,7.0710678118654755,0.8602272277208607,0.03778423659320129,189,359,201,310,235,250
1776767773.3905787,2.7083669285613823,5,-5,7.0710678118654755,0.8602272277208607,0.03778423659320129,189,359,201,310,235,250
1776767773.4439402,2.7083669285613823,5,-5,7.0710678118654755,0.8602272277208607,0.03778423659320129,189,359,201,310,235,250
1776767773.5014105,2.7083669285613823,5,-5,7.0710678118654755,0.8602272277208607,0.03778423659320129,189,359,201,310,235,250
1776767773.5592732,2.7083669285613823,5,-5,7.0710678118654755,0.8602272277208607,0.03778423659320129,189,359,201,310,235,250
1776767773.615694,2.7083669285613823,5,-5,7.0710678118654755,0.8602272277208607,0.03778423659320129,189,359,201,310,235,250
1776767773.6728883,2.7083669285613823,5,-5,7.0710678118654755,0.8602272277208607,0.03778423659320129,189,359,201,310,235,250
1776767773.7301643,2.7083669285613823,5,-5,7.0710678118654755,0.8602272277208607,0.03778423659320129,189,359,201,310,235,250
1776767773.7835712,2.7083669285613823,5,-5,7.0710678118654755,0.8602272277208607,0.03778423659320129,189,359,201,310,235,250
1776767773.8408587,2.7083669285613823,5,-5,7.0710678118654755,0.8602272277208607,0.03778423659320129,189,359,201,310,235,250
1776767773.8980114,2.7083669285613823,5,-5,7.0710678118654755,0.8602272277208607,0.03778423659320129,189,359,201,310,235,250
1776767773.9554274,2.7083669285613823,5,-5,7.0710678118654755,0.8602272277208607,0.03778423659320129,189,359,201,310,235,250
1776767774.0131125,2.7083669285613823,5,-5,7.0710678118654755,0.8602272277208607,0.03778423659320129,189,359,201,310,235,250
1776767774.0705638,2.7083669285613823,5,-5,7.0710678118654755,0.8602272277208607,0.03778423659320129,189,359,201,310,235,250
1776767774.1246018,2.7083669285613823,5,-5,7.0710678118654755,0.8602272277208607,0.03778423659320129,189,359,201,310,235,250
1776767774.1812127,2.7083669285613823,5,-5,7.0710678118654755,0.8602272277208607,0.03778423659320129,189,359,201,310,235,250
1776767774.2385843,2.7083669285613823,5,-5,7.0710678118654755,0.8602272277208607,0.03778423659320129,189,359,201,310,235,250
1776767774.2958574,2.7083669285613823,5,-5,7.0710678118654755,0.8602272277208607,0.03778423659320129,189,359,201,310,235,250
1776767774.3529115,2.7083669285613823,5,-5,7.0710678118654755,0.8602272277208607,0.03778423659320129,189,359,201,310,235,250
1776767774.4103062,2.7083669285613823,5,-5,7.0710678118654755,0.8602272277208607,0.03778423659320129,189,359,201,310,235,250
1776767774.5210338,2.7083669285613823,5,-5,7.0710678118654755,0.8602272277208607,0.03778423659320129,189,359,201,310,235,250
1776767774.5779202,2.7083669285613823,5,-5,7.0710678118654755,0.8602272277208607,0.03778423659320129,189,359,201,310,235,250
1776767774.6357052,2.7083669285613823,5,-5,7.0710678118654755,0.8602272277208607,0.03778423659320129,189,359,201,310,235,250
1776767774.6928887,2.7083669285613823,5,-5,7.0710678118654755,0.8602272277208607,0.03778423659320129,189,359,201,310,235,250
1776767774.7500741,2.7083669285613823,5,-5,7.0710678118654755,0.8602272277208607,0.03778423659320129,189,359,201,310,235,250
1776767774.803794,2.7083669285613823,5,-5,7.0710678118654755,0.8602272277208607,0.03778423659320129,189,359,201,310,235,250
1776767774.861387,2.7083669285613823,5,-5,7.0710678118654755,0.8602272277208607,0.03778423659320129,189,359,201,310,235,250
1776767774.918331,2.7083669285613823,5,-5,7.0710678118654755,0.8602272277208607,0.03778423659320129,189,359,201,310,235,250
1776767774.9757183,2.7083669285613823,5,-5,7.0710678118654755,0.8602272277208607,0.03778423659320129,189,359,201,310,235,250
1776767775.032766,2.7083669285613823,5,-5,7.0710678118654755,0.8602272277208607,0.03778423659320129,189,359,201,310,235,250
1776767775.0866826,2.7083669285613823,5,-5,7.0710678118654755,0.8602272277208607,0.03778423659320129,189,359,201,310,235,250
1776767775.1437337,2.7083669285613823,5,-5,7.0710678118654755,0.8602272277208607,0.03778423659320129,189,359,201,310,235,250
1776767775.201253,2.7083669285613823,5,-5,7.0710678118654755,0.8602272277208607,0.03778423659320129,189,359,201,310,235,250
1776767775.2583368,2.7083669285613823,5,-5,7.0710678118654755,0.8602272277208607,0.03778423659320129,189,359,201,310,235,250
1776767775.3153162,2.7083669285613823,5,-5,7.0710678118654755,0.8602272277208607,0.03778423659320129,189,359,201,310,235,250
1776767775.3729649,2.7083669285613823,5,-5,7.0710678118654755,0.8602272277208607,0.03778423659320129,189,359,201,310,235,250
1776767775.426131,2.7083669285613823,5,-5,7.0710678118654755,0.8602272277208607,0.03778423659320129,189,359,201,310,235,250
1776767775.484008,2.7083669285613823,5,-5,7.0710678118654755,0.8602272277208607,0.03778423659320129,189,359,201,310,235,250
1776767775.5408285,2.7083669285613823,5,-5,7.0710678118654755,0.8602272277208607,0.03778423659320129,189,359,201,310,235,250
1776767775.598227,2.7083669285613823,5,-5,7.0710678118654755,0.8602272277208607,0.03778423659320129,189,359,201,310,235,250
1776767775.6553187,2.7083669285613823,5,-5,7.0710678118654755,0.8602272277208607,0.03778423659320129,189,359,201,310,235,250
1776767775.7129724,2.7083669285613823,5,-5,7.0710678118654755,0.8602272277208607,0.03778423659320129,189,359,201,310,235,250
1776767775.766632,2.7083669285613823,5,-5,7.0710678118654755,0.8602272277208607,0.03778423659320129,189,359,201,310,235,250
1776767775.823615,2.7083669285613823,5,-5,7.0710678118654755,0.8602272277208607,0.03778423659320129,189,359,201,310,235,250
1776767775.8811085,2.7083669285613823,5,-5,7.0710678118654755,0.8602272277208607,0.03778423659320129,189,359,201,310,235,250
1776767775.938013,2.7083669285613823,5,-5,7.0710678118654755,0.8602272277208607,0.03778423659320129,189,359,201,310,235,250
1776767775.9952383,2.7083669285613823,5,-5,7.0710678118654755,0.8602272277208607,0.03778423659320129,189,359,201,310,235,250
1776767776.0524752,2.7083669285613823,5,-5,7.0710678118654755,0.8602272277208607,0.03778423659320129,189,359,201,310,235,250
1776767776.1057653,2.7083669285613823,5,-5,7.0710678118654755,0.8602272277208607,0.03778423659320129,189,359,201,310,235,250
1776767776.1630147,2.7083669285613823,5,-5,7.0710678118654755,0.8602272277208607,0.03778423659320129,189,359,201,310,235,250
1776767776.220796,2.7083669285613823,5,-5,7.0710678118654755,0.8602272277208607,0.03778423659320129,189,359,201,310,235,250
1776767776.2777853,2.7083669285613823,5,-5,7.0710678118654755,0.8602272277208607,0.03778423659320129,189,359,201,310,235,250
1776767776.335381,2.7083669285613823,5,-5,7.0710678118654755,0.8602272277208607,0.03778423659320129,189,359,201,310,235,250
1776767776.3923488,2.7083669285613823,5,-5,7.0710678118654755,0.8602272277208607,0.03778423659320129,189,359,201,310,235,250
1776767776.4464447,2.7083669285613823,5,-5,7.0710678118654755,0.8602272277208607,0.03778423659320129,189,359,201,310,235,250
1776767776.5033996,2.7083669285613823,5,-6,7.810249675906654,0.9501520286991062,0.03655440429832852,189,359,201,310,235,249
1776767776.560774,2.7083669285613823,5,-6,7.810249675906654,0.9501520286991062,0.03655440429832852,189,359,201,310,235,249
1776767776.6180997,2.7083669285613823,5,-6,7.810249675906654,0.9501520286991062,0.03655440429832852,189,359,201,310,235,249
1776767776.675301,2.7083669285613823,5,-6,7.810249675906654,0.9501520286991062,0.03655440429832852,189,359,201,310,235,249
1776767776.7327611,2.7083669285613823,5,-6,7.810249675906654,0.9501520286991062,0.03655440429832852,189,359,201,310,235,249
1776767776.789163,2.7083669285613823,5,-6,7.810249675906654,0.9501520286991062,0.03655440429832852,189,359,201,310,235,249
1776767776.8433075,2.7083669285613823,5,-6,7.810249675906654,0.9501520286991062,0.03655440429832852,189,359,201,310,235,249
1776767776.9005613,2.7083669285613823,5,-6,7.810249675906654,0.9501520286991062,0.03655440429832852,189,359,201,310,235,249
1776767776.9585748,2.7083669285613823,5,-6,7.810249675906654,0.9501520286991062,0.03655440429832852,189,359,201,310,235,249
1776767777.0153508,2.7083669285613823,5,-6,7.810249675906654,0.9501520286991062,0.03655440429832852,189,359,201,310,235,249
1776767777.126262,2.7083669285613823,5,-6,7.810249675906654,0.9501520286991062,0.03655440429832852,189,359,201,310,235,249
1776767777.1836298,2.7083669285613823,5,-6,7.810249675906654,0.9501520286991062,0.03655440429832852,189,359,201,310,235,249
1776767777.2404547,2.7083669285613823,5,-6,7.810249675906654,0.9501520286991062,0.03655440429832852,189,359,201,310,235,249
1776767777.2983105,2.7083669285613823,5,-6,7.810249675906654,0.9501520286991062,0.03655440429832852,189,359,201,310,235,249
1776767777.3552918,2.7083669285613823,5,-6,7.810249675906654,0.9501520286991062,0.03655440429832852,189,359,201,310,235,249
1776767777.4084973,2.7083669285613823,5,-6,7.810249675906654,0.9501520286991062,0.03655440429832852,189,359,201,310,235,249
1776767777.4662244,2.7083669285613823,5,-6,7.810249675906654,0.9501520286991062,0.03655440429832852,189,359,201,310,235,249
1776767777.5236106,2.7083669285613823,5,-6,7.810249675906654,0.9501520286991062,0.03655440429832852,189,359,201,310,235,249
1776767777.5803213,2.7083669285613823,5,-6,7.810249675906654,0.9501520286991062,0.03655440429832852,189,359,201,310,235,249
1776767777.6381636,2.7083669285613823,5,-6,7.810249675906654,0.9501520286991062,0.03655440429832852,189,359,201,310,235,249
1776767777.695196,2.7083669285613823,5,-6,7.810249675906654,0.9501520286991062,0.03655440429832852,189,359,201,310,235,249
1776767777.7483807,2.7083669285613823,5,-6,7.810249675906654,0.9501520286991062,0.03655440429832852,189,359,201,310,235,249
1776767777.8062496,2.7083669285613823,5,-6,7.810249675906654,0.9501520286991062,0.03655440429832852,189,359,201,310,235,249
1776767777.8638055,2.7083669285613823,5,-6,7.810249675906654,0.9501520286991062,0.03655440429832852,189,359,201,310,235,249
1776767777.9208722,2.7083669285613823,5,-6,7.810249675906654,0.9501520286991062,0.03655440429832852,189,359,201,310,235,249
1776767777.9773664,2.7083669285613823,5,-6,7.810249675906654,0.9501520286991062,0.03655440429832852,189,359,201,310,235,249
1776767778.0351303,2.7083669285613823,5,-6,7.810249675906654,0.9501520286991062,0.03655440429832852,189,359,201,310,235,249
1776767778.0883043,2.7083669285613823,5,-6,7.810249675906654,0.9501520286991062,0.03655440429832852,189,359,201,310,235,249
1776767778.1460614,2.7083669285613823,5,-6,7.810249675906654,0.9501520286991062,0.03655440429832852,189,359,201,310,235,249
1776767778.203164,2.7083669285613823,5,-6,7.810249675906654,0.9501520286991062,0.03655440429832852,189,359,201,310,235,249
1776767778.26066,2.7083669285613823,5,-6,7.810249675906654,0.9501520286991062,0.03655440429832852,189,359,201,310,235,249
1776767778.3173451,2.7083669285613823,5,-6,7.810249675906654,0.9501520286991062,0.03655440429832852,189,359,201,310,235,249
1776767778.37466,2.7083669285613823,5,-6,7.810249675906654,0.9501520286991062,0.03655440429832852,189,359,201,310,235,249
1776767778.4280446,2.7083669285613823,5,-6,7.810249675906654,0.9501520286991062,0.03655440429832852,189,359,201,310,235,249
1776767778.4856193,2.7083669285613823,5,-6,7.810249675906654,0.9501520286991062,0.03655440429832852,189,359,201,310,235,249
1776767778.543083,2.7083669285613823,5,-6,7.810249675906654,0.9501520286991062,0.03655440429832852,189,359,201,310,235,249
1776767778.5999923,2.7083669285613823,5,-6,7.810249675906654,0.9501520286991062,0.03655440429832852,189,359,201,310,235,249
1776767778.6577485,2.7083669285613823,5,-6,7.810249675906654,0.9501520286991062,0.03655440429832852,189,359,201,310,235,249
1776767778.7113738,2.7083669285613823,5,-6,7.810249675906654,0.9501520286991062,0.03655440429832852,189,359,201,310,235,249
1776767778.7688177,2.7083669285613823,5,-6,7.810249675906654,0.9501520286991062,0.03655440429832852,189,359,201,310,235,249
1776767778.8256068,2.7083669285613823,5,-6,7.810249675906654,0.9501520286991062,0.03655440429832852,189,359,201,310,235,249
1776767778.8827763,2.7083669285613823,5,-6,7.810249675906654,0.9501520286991062,0.03655440429832852,189,359,201,310,235,249
1776767778.9408708,2.7083669285613823,5,-6,7.810249675906654,0.9501520286991062,0.03655440429832852,189,359,201,310,235,249
1776767778.9976087,2.7083669285613823,5,-6,7.810249675906654,0.9501520286991062,0.03655440429832852,189,359,201,310,235,249
1776767779.0510817,2.7083669285613823,5,-6,7.810249675906654,0.9501520286991062,0.03655440429832852,189,359,201,310,235,249
1776767779.1083438,2.7083669285613823,5,-6,7.810249675906654,0.9501520286991062,0.03655440429832852,189,359,201,310,235,249
1776767779.166118,2.7083669285613823,5,-6,7.810249675906654,0.9501520286991062,0.03655440429832852,189,359,201,310,235,249
1776767779.2236311,2.7083669285613823,5,-6,7.810249675906654,0.9501520286991062,0.03655440429832852,189,359,201,310,235,249
1776767779.280665,2.7083669285613823,5,-6,7.810249675906654,0.9501520286991062,0.03655440429832852,189,359,201,310,235,249
1776767779.3378956,2.7083669285613823,5,-6,7.810249675906654,0.9501520286991062,0.03655440429832852,189,359,201,310,235,249
1776767779.3908653,2.7083669285613823,5,-6,7.810249675906654,0.9501520286991062,0.03655440429832852,189,359,201,310,235,249
1776767779.4493847,2.7083669285613823,5,-6,7.810249675906654,0.9501520286991062,0.03655440429832852,189,359,201,310,235,249
1776767779.506666,2.7083669285613823,5,-6,7.810249675906654,0.9501520286991062,0.03655440429832852,189,359,201,310,235,249
1776767779.5629354,2.7083669285613823,5,-6,7.810249675906654,0.9501520286991062,0.03655440429832852,189,359,201,310,235,249
1776767779.677571,2.7083669285613823,5,-6,7.810249675906654,0.9501520286991062,0.03655440429832852,189,359,201,310,235,249
1776767779.730855,2.7083669285613823,5,-6,7.810249675906654,0.9501520286991062,0.03655440429832852,189,359,201,310,235,249
1776767779.788209,2.7083669285613823,5,-6,7.810249675906654,0.9501520286991062,0.03655440429832852,189,359,201,310,235,249
1776767779.8453631,2.7083669285613823,5,-6,7.810249675906654,0.9501520286991062,0.03655440429832852,189,359,201,310,235,249
1776767779.9024086,2.7083669285613823,5,-6,7.810249675906654,0.9501520286991062,0.03655440429832852,189,359,201,310,235,249
1776767779.9602456,2.7083669285613823,5,-6,7.810249675906654,0.9501520286991062,0.03655440429832852,189,359,201,310,235,249
1776767780.0174294,2.7083669285613823,5,-6,7.810249675906654,0.9501520286991062,0.03655440429832852,189,359,201,310,235,249
1776767780.0704772,2.7083669285613823,5,-6,7.810249675906654,0.9501520286991062,0.03655440429832852,189,359,201,310,235,249
1776767780.1284542,2.7083669285613823,5,-6,7.810249675906654,0.9501520286991062,0.03655440429832852,189,359,201,310,235,249
1776767780.185588,2.7083669285613823,5,-6,7.810249675906654,0.9501520286991062,0.03655440429832852,189,359,201,310,235,249
1776767780.242771,2.7083669285613823,5,-6,7.810249675906654,0.9501520286991062,0.03655440429832852,189,359,201,310,235,249
1776767780.2999325,2.7083669285613823,5,-6,7.810249675906654,0.9501520286991062,0.03655440429832852,189,359,201,310,235,249
1776767780.3576856,2.7083669285613823,5,-6,7.810249675906654,0.9501520286991062,0.03655440429832852,189,359,201,310,235,249
1776767780.4109883,2.7083669285613823,5,-6,7.810249675906654,0.9501520286991062,0.03655440429832852,189,359,201,310,235,249
1776767780.4685342,2.7083669285613823,5,-6,7.810249675906654,0.9501520286991062,0.03655440429832852,189,359,201,310,235,249
1776767780.5258183,2.7083669285613823,5,-6,7.810249675906654,0.9501520286991062,0.03655440429832852,189,359,201,310,235,249
1776767780.583378,2.7083669285613823,5,-6,7.810249675906654,0.9501520286991062,0.03655440429832852,189,359,201,310,235,249
1776767780.6396613,2.7083669285613823,5,-6,7.810249675906654,0.9501520286991062,0.03655440429832852,189,359,201,310,235,249
1776767780.6931245,2.7083669285613823,5,-6,7.810249675906654,0.9501520286991062,0.03655440429832852,189,359,201,310,235,249
1776767780.7511094,2.7083669285613823,5,-6,7.810249675906654,0.9501520286991062,0.03655440429832852,189,359,201,310,235,249
1776767780.8091662,2.7083669285613823,5,-6,7.810249675906654,0.9501520286991062,0.03655440429832852,189,359,201,310,235,249
1776767780.865769,2.7083669285613823,5,-6,7.810249675906654,0.9501520286991062,0.03655440429832852,189,359,201,310,235,249
1776767780.9225554,2.7083669285613823,5,-6,7.810249675906654,0.9501520286991062,0.03655440429832852,189,359,201,310,235,249
1776767780.9799001,2.7083669285613823,5,-6,7.810249675906654,0.9501520286991062,0.03655440429832852,189,359,201,310,235,249
1776767781.033462,2.7083669285613823,5,-6,7.810249675906654,0.9501520286991062,0.03655440429832852,189,359,201,310,235,249
1776767781.090696,2.7083669285613823,5,-6,7.810249675906654,0.9501520286991062,0.03655440429832852,189,359,201,310,235,249
1776767781.148678,2.7083669285613823,5,-6,7.810249675906654,0.9501520286991062,0.03655440429832852,189,359,201,310,235,249
1776767781.2059767,2.7083669285613823,5,-6,7.810249675906654,0.9501520286991062,0.03655440429832852,189,359,201,310,235,249
1776767781.2630332,2.7083669285613823,5,-6,7.810249675906654,0.9501520286991062,0.03655440429832852,189,359,201,310,235,249
1776767781.3203723,2.7083669285613823,5,-6,7.810249675906654,0.9501520286991062,0.03655440429832852,189,359,201,310,235,249
1776767781.3732507,2.7083669285613823,5,-6,7.810249675906654,0.9501520286991062,0.03655440429832852,189,359,201,310,235,249
1776767781.4314275,2.7083669285613823,5,-6,7.810249675906654,0.9501520286991062,0.03655440429832852,189,359,201,310,235,249
1776767781.4880528,2.7083669285613823,5,-6,7.810249675906654,0.9501520286991062,0.03655440429832852,189,359,201,310,235,249
1776767781.5453033,2.7083669285613823,5,-6,7.810249675906654,0.9501520286991062,0.03655440429832852,189,359,201,310,235,249
1776767781.6024647,2.7083669285613823,5,-6,7.810249675906654,0.9501520286991062,0.03655440429832852,189,359,201,310,235,249
1776767781.6600296,2.7083669285613823,5,-6,7.810249675906654,0.9501520286991062,0.03655440429832852,189,359,201,310,235,249
1776767781.7135196,2.7083669285613823,5,-6,7.810249675906654,0.9501520286991062,0.03655440429832852,189,359,201,310,235,249
1776767781.7733057,2.7083669285613823,5,-6,7.810249675906654,0.9501520286991062,0.03655440429832852,189,359,201,310,235,249
1776767781.8280718,2.7083669285613823,5,-6,7.810249675906654,0.9501520286991062,0.03655440429832852,189,359,201,310,235,249
1776767781.8853955,2.7083669285613823,5,-6,7.810249675906654,0.9501520286991062,0.03655440429832852,189,359,201,310,235,249
1776767782.0000772,2.7083669285613823,5,-6,7.810249675906654,0.9501520286991062,0.03655440429832852,189,359,201,310,235,249
1776767782.053422,2.7083669285613823,5,-6,7.810249675906654,0.9501520286991062,0.03655440429832852,189,359,201,310,235,249
1776767782.1107955,2.7083669285613823,5,-6,7.810249675906654,0.9501520286991062,0.03655440429832852,189,359,201,310,235,249
1776767782.1682212,2.7083669285613823,5,-6,7.810249675906654,0.9501520286991062,0.03655440429832852,189,359,201,310,235,249
1776767782.2254152,2.7083669285613823,5,-6,7.810249675906654,0.9501520286991062,0.03655440429832852,189,359,201,310,235,249
1776767782.282624,2.7083669285613823,5,-6,7.810249675906654,0.9501520286991062,0.03655440429832852,189,359,201,310,235,249
1776767782.3396387,2.7083669285613823,5,-6,7.810249675906654,0.9501520286991062,0.03655440429832852,189,359,201,310,235,249
1776767782.392881,2.7083669285613823,5,-6,7.810249675906654,0.9501520286991062,0.03655440429832852,189,359,201,310,235,249
1776767782.4504097,2.7083669285613823,5,-6,7.810249675906654,0.9501520286991062,0.03655440429832852,189,359,201,310,235,249
1776767782.5080965,2.7083669285613823,5,-6,7.810249675906654,0.9501520286991062,0.03655440429832852,189,359,201,310,235,249
1776767782.5653334,2.7083669285613823,5,-6,7.810249675906654,0.9501520286991062,0.03655440429832852,189,359,201,310,235,249
1776767782.6230524,2.7083669285613823,5,-6,7.810249675906654,0.9501520286991062,0.03655440429832852,189,359,201,310,235,249
1776767782.6760871,2.7083669285613823,5,-6,7.810249675906654,0.9501520286991062,0.03655440429832852,189,359,201,310,235,249
1776767782.7333443,2.7083669285613823,5,-6,7.810249675906654,0.9501520286991062,0.03655440429832852,189,359,201,310,235,249
1776767782.7916157,2.7083669285613823,5,-6,7.810249675906654,0.9501520286991062,0.03655440429832852,189,359,201,310,235,249
1776767782.8474321,2.7083669285613823,5,-6,7.810249675906654,0.9501520286991062,0.03655440429832852,189,359,201,310,235,249
1776767782.9047437,2.7083669285613823,5,-6,7.810249675906654,0.9501520286991062,0.03655440429832852,189,359,201,310,235,249
1776767782.9621518,2.7083669285613823,5,-6,7.810249675906654,0.9501520286991062,0.03655440429832852,189,359,201,310,235,249
1776767783.015943,2.7083669285613823,5,-6,7.810249675906654,0.9501520286991062,0.03655440429832852,189,359,201,310,235,249
1776767783.072976,2.7083669285613823,5,-6,7.810249675906654,0.9501520286991062,0.03655440429832852,189,359,201,310,235,249
1776767783.130477,2.7083669285613823,5,-6,7.810249675906654,0.9501520286991062,0.03655440429832852,189,359,201,310,235,249
1776767783.1877377,2.7083669285613823,5,-6,7.810249675906654,0.9501520286991062,0.03655440429832852,189,359,201,310,235,249
1776767783.2447476,2.7083669285613823,5,-6,7.810249675906654,0.9501520286991062,0.03655440429832852,189,359,201,310,235,249
1776767783.3028777,2.7083669285613823,5,-6,7.810249675906654,0.9501520286991062,0.03655440429832852,189,359,201,310,235,249
1776767783.3554652,2.7083669285613823,5,-6,7.810249675906654,0.9501520286991062,0.03655440429832852,189,359,201,310,235,249
1776767783.413263,2.7083669285613823,5,-6,7.810249675906654,0.9501520286991062,0.03655440429832852,189,359,201,310,235,249
1776767783.4706762,2.7083669285613823,5,-6,7.810249675906654,0.9501520286991062,0.03655440429832852,189,359,201,310,235,249
1776767783.5289786,2.7083669285613823,5,-6,7.810249675906654,0.9501520286991062,0.03655440429832852,189,359,201,310,235,249
1776767783.585563,2.7083669285613823,5,-6,7.810249675906654,0.9501520286991062,0.03655440429832852,189,359,201,310,235,249
1776767783.6424494,2.7083669285613823,5,-6,7.810249675906654,0.9501520286991062,0.03655440429832852,189,359,201,310,235,249
1776767783.6958644,2.7083669285613823,5,-6,7.810249675906654,0.9501520286991062,0.03655440429832852,189,359,201,310,235,249
1776767783.7530756,2.7083669285613823,5,-6,7.810249675906654,0.9501520286991062,0.03655440429832852,189,359,201,310,235,249
1776767783.8101096,2.7083669285613823,5,-6,7.810249675906654,0.9501520286991062,0.03655440429832852,189,359,201,310,235,249
1776767783.8678367,2.7083669285613823,5,-6,7.810249675906654,0.9501520286991062,0.03655440429832852,189,359,201,310,235,249
1776767783.92517,2.7083669285613823,5,-6,7.810249675906654,0.9501520286991062,0.03655440429832852,189,359,201,310,235,249
1776767783.982631,2.7083669285613823,5,-6,7.810249675906654,0.9501520286991062,0.03655440429832852,189,359,201,310,235,249
1776767784.0359826,2.7083669285613823,5,-6,7.810249675906654,0.9501520286991062,0.03655440429832852,189,359,201,310,235,249
1776767784.0931222,2.7083669285613823,5,-6,7.810249675906654,0.9501520286991062,0.03655440429832852,189,359,201,310,235,249
1776767784.1503363,2.7083669285613823,5,-6,7.810249675906654,0.9501520286991062,0.03655440429832852,189,359,201,310,235,249
1776767784.207811,2.7083669285613823,5,-6,7.810249675906654,0.9501520286991062,0.03655440429832852,189,359,201,310,235,249
1776767784.265196,2.7083669285613823,5,-6,7.810249675906654,0.9501520286991062,0.03655440429832852,189,359,201,310,235,249
1776767784.322644,2.7083669285613823,5,-6,7.810249675906654,0.9501520286991062,0.03655440429832852,189,359,201,310,235,249
1776767784.3759968,2.7083669285613823,5,-6,7.810249675906654,0.9501520286991062,0.03655440429832852,189,359,201,310,235,249
1776767784.433085,2.7083669285613823,5,-6,7.810249675906654,0.9501520286991062,0.03655440429832852,189,359,201,310,235,249
1776767784.4904468,2.7083669285613823,5,-6,7.810249675906654,0.9501520286991062,0.03655440429832852,189,359,201,310,235,249
1776767784.5478306,2.7083669285613823,5,-6,7.810249675906654,0.9501520286991062,0.03655440429832852,189,359,201,310,235,249
1776767784.6052406,2.7083669285613823,5,-6,7.810249675906654,0.9501520286991062,0.03655440429832852,189,359,201,310,235,249
1776767784.7158725,2.7083669285613823,5,-6,7.810249675906654,0.9501520286991062,0.03655440429832852,189,359,201,310,235,249
1776767784.7728393,2.7083669285613823,5,-6,7.810249675906654,0.9501520286991062,0.03655440429832852,189,359,201,310,235,249
1776767784.8304498,2.7083669285613823,5,-6,7.810249675906654,0.9501520286991062,0.03655440429832852,189,359,201,310,235,249
1776767784.8878713,2.7083669285613823,5,-6,7.810249675906654,0.9501520286991062,0.03655440429832852,189,359,201,310,235,249
1776767784.9449258,2.7083669285613823,5,-6,7.810249675906654,0.9501520286991062,0.03655440429832852,189,359,201,310,235,249
1776767784.998051,2.7083669285613823,5,-6,7.810249675906654,0.9501520286991062,0.03655440429832852,189,359,201,310,235,249
1776767785.055228,2.7083669285613823,5,-6,7.810249675906654,0.9501520286991062,0.03655440429832852,189,359,201,310,235,249
1776767785.1123967,2.7083669285613823,5,-6,7.810249675906654,0.9501520286991062,0.03655440429832852,189,359,201,310,235,249
1776767785.1697655,2.7083669285613823,5,-6,7.810249675906654,0.9501520286991062,0.03655440429832852,189,359,201,310,235,249
1776767785.2274342,2.7083669285613823,5,-6,7.810249675906654,0.9501520286991062,0.03655440429832852,189,359,201,310,235,249
1776767785.284831,2.7083669285613823,5,-6,7.810249675906654,0.9501520286991062,0.03655440429832852,189,359,201,310,235,249
1776767785.337745,2.7083669285613823,5,-6,7.810249675906654,0.9501520286991062,0.03655440429832852,189,359,201,310,235,249
1776767785.3954706,2.7083669285613823,5,-6,7.810249675906654,0.9501520286991062,0.03655440429832852,189,359,201,310,235,249
1776767785.452964,2.7083669285613823,5,-6,7.810249675906654,0.9501520286991062,0.03655440429832852,189,359,201,310,235,249
1776767785.5103114,2.7083669285613823,5,-6,7.810249675906654,0.9501520286991062,0.03655440429832852,189,359,201,310,235,249
1776767785.5674884,2.7083669285613823,5,-6,7.810249675906654,0.9501520286991062,0.03655440429832852,189,359,201,310,235,249
1776767785.624721,2.7083669285613823,5,-6,7.810249675906654,0.9501520286991062,0.03655440429832852,189,359,201,310,235,249
1776767785.6782749,2.7083669285613823,5,-6,7.810249675906654,0.9501520286991062,0.03655440429832852,189,359,201,310,235,249
1776767785.7361999,2.7083669285613823,5,-6,7.810249675906654,0.9501520286991062,0.03655440429832852,189,359,201,310,235,249
1776767785.7929568,2.7083669285613823,5,-6,7.810249675906654,0.9501520286991062,0.03655440429832852,189,359,201,310,235,249
1776767785.8499167,2.7083669285613823,5,-6,7.810249675906654,0.9501520286991062,0.03655440429832852,189,359,201,310,235,249
1776767785.9069746,2.7083669285613823,5,-6,7.810249675906654,0.9501520286991062,0.03655440429832852,189,359,201,310,235,249
1776767785.964712,2.7083669285613823,5,-6,7.810249675906654,0.9501520286991062,0.03655440429832852,189,359,201,310,235,249
1776767786.017692,2.7083669285613823,5,-6,7.810249675906654,0.9501520286991062,0.03655440429832852,189,359,201,310,235,249
1776767786.0751164,2.7083669285613823,5,-6,7.810249675906654,0.9501520286991062,0.03655440429832852,189,359,201,310,235,249
1776767786.13253,2.7083669285613823,5,-6,7.810249675906654,0.9501520286991062,0.03655440429832852,189,359,201,310,235,249
1776767786.1895757,2.7083669285613823,5,-6,7.810249675906654,0.9501520286991062,0.03655440429832852,189,359,201,310,235,249
1776767786.2473288,2.7083669285613823,5,-6,7.810249675906654,0.9501520286991062,0.03655440429832852,189,359,201,310,235,249
1776767786.3008323,2.7083669285613823,5,-6,7.810249675906654,0.9501520286991062,0.03655440429832852,189,359,201,310,235,249
1776767786.357954,2.7083669285613823,5,-6,7.810249675906654,0.9501520286991062,0.03655440429832852,189,359,201,310,235,249
1776767786.4157257,2.7083669285613823,5,-6,7.810249675906654,0.9501520286991062,0.03655440429832852,189,359,201,310,235,249
1776767786.473015,2.7083669285613823,5,-6,7.810249675906654,0.9501520286991062,0.03655440429832852,189,359,201,310,235,249
1776767786.5299945,2.7083669285613823,5,-6,7.810249675906654,0.9501520286991062,0.03655440429832852,189,359,201,310,235,249
1776767786.5876143,2.7083669285613823,5,-6,7.810249675906654,0.9501520286991062,0.03655440429832852,189,359,201,310,235,249
1776767786.6405425,2.7083669285613823,5,-6,7.810249675906654,0.9501520286991062,0.03655440429832852,189,359,201,310,235,249
1776767786.6975899,2.7083669285613823,5,-6,7.810249675906654,0.9501520286991062,0.03655440429832852,189,359,201,310,235,249
1776767786.7551703,2.7083669285613823,5,-6,7.810249675906654,0.9501520286991062,0.03655440429832852,189,359,201,310,235,249
1776767786.87039,2.7083669285613823,5,-6,7.810249675906654,0.9501520286991062,0.03655440429832852,189,359,201,310,235,249
1776767786.9273717,2.7083669285613823,5,-6,7.810249675906654,0.9501520286991062,0.03655440429832852,189,359,201,310,235,249
1776767786.980807,2.7083669285613823,5,-6,7.810249675906654,0.9501520286991062,0.03655440429832852,189,359,201,310,235,249
1776767787.037785,2.7083669285613823,5,-6,7.810249675906654,0.9501520286991062,0.03655440429832852,189,359,201,310,235,249
1776767787.0952423,2.7083669285613823,5,-6,7.810249675906654,0.9501520286991062,0.03655440429832852,189,359,201,310,235,249
1776767787.152683,2.7083669285613823,5,-6,7.810249675906654,0.9501520286991062,0.03655440429832852,189,359,201,310,235,249
1776767787.2104955,2.7083669285613823,5,-6,7.810249675906654,0.9501520286991062,0.03655440429832852,189,359,201,310,235,249
1776767787.2671041,2.7083669285613823,5,-6,7.810249675906654,0.9501520286991062,0.03655440429832852,189,359,201,310,235,249
1776767787.3206468,2.7083669285613823,5,-6,7.810249675906654,0.9501520286991062,0.03655440429832852,189,359,201,310,235,249
1776767787.3774464,2.7083669285613823,5,-6,7.810249675906654,0.9501520286991062,0.03655440429832852,189,359,201,310,235,249
1776767787.4349473,2.7083669285613823,5,-6,7.810249675906654,0.9501520286991062,0.03655440429832852,189,359,201,310,235,249
1776767787.4925718,2.7083669285613823,5,-6,7.810249675906654,0.9501520286991062,0.03655440429832852,189,359,201,310,235,249
1776767787.550072,2.7083669285613823,5,-6,7.810249675906654,0.9501520286991062,0.03655440429832852,189,359,201,310,235,249
1776767787.6075945,2.7083669285613823,5,-6,7.810249675906654,0.9501520286991062,0.03655440429832852,189,359,201,310,235,249
1776767787.6603699,2.7083669285613823,5,-6,7.810249675906654,0.9501520286991062,0.03655440429832852,189,359,201,310,235,249
1776767787.7181315,2.7083669285613823,5,-6,7.810249675906654,0.9501520286991062,0.03655440429832852,189,359,201,310,235,249
1776767787.775062,2.7083669285613823,5,-6,7.810249675906654,0.9501520286991062,0.03655440429832852,189,359,201,310,235,249
1776767787.83293,2.7083669285613823,5,-6,7.810249675906654,0.9501520286991062,0.03655440429832852,189,359,201,310,235,249
1776767787.8902729,2.7083669285613823,5,-6,7.810249675906654,0.9501520286991062,0.03655440429832852,189,359,201,310,235,249
1776767787.947107,2.7083669285613823,5,-6,7.810249675906654,0.9501520286991062,0.03655440429832852,189,359,201,310,235,249
1776767788.0006104,2.7083669285613823,5,-6,7.810249675906654,0.9501520286991062,0.03655440429832852,189,359,201,310,235,249
1776767788.0577626,2.7083669285613823,5,-6,7.810249675906654,0.9501520286991062,0.03655440429832852,189,359,201,310,235,249
1776767788.1145725,2.7083669285613823,5,-6,7.810249675906654,0.9501520286991062,0.03655440429832852,189,359,201,310,235,249
1776767788.174183,2.7083669285613823,5,-6,7.810249675906654,0.9501520286991062,0.03655440429832852,189,359,201,310,235,249
1776767788.2293427,2.7083669285613823,5,-6,7.810249675906654,0.9501520286991062,0.03655440429832852,189,359,201,310,235,249
1776767788.2827818,2.7083669285613823,5,-6,7.810249675906654,0.9501520286991062,0.03655440429832852,189,359,201,310,235,249
1776767788.3400571,2.7083669285613823,5,-6,7.810249675906654,0.9501520286991062,0.03655440429832852,189,359,201,310,235,249
1776767788.3973074,2.7083669285613823,5,-6,7.810249675906654,0.9501520286991062,0.03655440429832852,189,359,201,310,235,249
1776767788.4552448,2.7083669285613823,5,-6,7.810249675906654,0.9501520286991062,0.03655440429832852,189,359,201,310,235,249
1776767788.5129151,2.7083669285613823,5,-6,7.810249675906654,0.9501520286991062,0.03655440429832852,189,359,201,310,235,249
1776767788.569614,2.7083669285613823,5,-6,7.810249675906654,0.9501520286991062,0.03655440429832852,189,359,201,310,235,249
1776767788.6236115,2.7083669285613823,5,-6,7.810249675906654,0.9501520286991062,0.03655440429832852,189,359,201,310,235,249
1776767788.6810584,2.7083669285613823,5,-6,7.810249675906654,0.9501520286991062,0.03655440429832852,189,359,201,310,235,249
1776767788.737812,2.7083669285613823,5,-6,7.810249675906654,0.9501520286991062,0.03655440429832852,189,359,201,310,235,249
1776767788.7946362,2.7083669285613823,5,-6,7.810249675906654,0.9501520286991062,0.03655440429832852,189,359,201,310,235,249
1776767788.851939,2.7083669285613823,5,-6,7.810249675906654,0.9501520286991062,0.03655440429832852,189,359,201,310,235,249
1776767788.909164,2.7083669285613823,5,-6,7.810249675906654,0.9501520286991062,0.03655440429832852,189,359,201,310,235,249
1776767788.9625828,2.7083669285613823,5,-6,7.810249675906654,0.9501520286991062,0.03655440429832852,189,359,201,310,235,249
1776767789.0198922,2.7083669285613823,5,-6,7.810249675906654,0.9501520286991062,0.03655440429832852,189,359,201,310,235,249
1776767789.0777798,2.7083669285613823,5,-6,7.810249675906654,0.9501520286991062,0.03655440429832852,189,359,201,310,235,249
1776767789.1350853,2.7083669285613823,5,-6,7.810249675906654,0.9501520286991062,0.03655440429832852,189,359,201,310,235,249
1776767789.191793,2.7083669285613823,5,-6,7.810249675906654,0.9501520286991062,0.03655440429832852,189,359,201,310,235,249
1776767789.2499094,2.7083669285613823,5,-6,7.810249675906654,0.9501520286991062,0.03655440429832852,189,359,201,310,235,249
1776767789.3030825,2.7083669285613823,5,-6,7.810249675906654,0.9501520286991062,0.03655440429832852,189,359,201,310,235,249
1776767789.3603885,2.7083669285613823,5,-6,7.810249675906654,0.9501520286991062,0.03655440429832852,189,359,201,310,235,249
1776767789.4178112,2.7083669285613823,5,-6,7.810249675906654,0.9501520286991062,0.03655440429832852,189,359,201,310,235,249
1776767789.4754086,2.7083669285613823,5,-6,7.810249675906654,0.9501520286991062,0.03655440429832852,189,359,201,310,235,249
1776767789.5325015,2.7083669285613823,5,-6,7.810249675906654,0.9501520286991062,0.03655440429832852,189,359,201,310,235,249
1776767789.642513,2.7083669285613823,5,-6,7.810249675906654,0.9501520286991062,0.03655440429832852,189,359,201,310,235,249
1776767789.6998992,2.7083669285613823,5,-6,7.810249675906654,0.9501520286991062,0.03655440429832852,189,359,201,310,235,249
1776767789.7576535,2.7083669285613823,5,-6,7.810249675906654,0.9501520286991062,0.03655440429832852,189,359,201,310,235,249
1776767789.8161418,2.7083669285613823,5,-6,7.810249675906654,0.9501520286991062,0.03655440429832852,189,359,201,310,235,249
1776767789.8722477,2.7083669285613823,5,-6,7.810249675906654,0.9501520286991062,0.03655440429832852,189,359,201,310,235,249
1776767789.925285,2.7083669285613823,5,-6,7.810249675906654,0.9501520286991062,0.03655440429832852,189,359,201,310,235,249
1776767789.9829378,2.7083669285613823,5,-6,7.810249675906654,0.9501520286991062,0.03655440429832852,189,359,201,310,235,249
1776767790.0400763,2.7083669285613823,5,-6,7.810249675906654,0.9501520286991062,0.03655440429832852,189,359,201,310,235,249
1776767790.097629,2.7083669285613823,5,-6,7.810249675906654,0.9501520286991062,0.03655440429832852,189,359,201,310,235,249
1776767790.1550663,2.7083669285613823,5,-6,7.810249675906654,0.9501520286991062,0.03655440429832852,189,359,201,310,235,249
1776767790.2123835,2.7083669285613823,5,-6,7.810249675906654,0.9501520286991062,0.03655440429832852,189,359,201,310,235,249
1776767790.2658417,2.7083669285613823,5,-6,7.810249675906654,0.9501520286991062,0.03655440429832852,189,359,201,310,235,249
1776767790.3225138,2.7083669285613823,5,-6,7.810249675906654,0.9501520286991062,0.03655440429832852,189,359,201,310,235,249
1776767790.379996,2.7083669285613823,5,-6,7.810249675906654,0.9501520286991062,0.03655440429832852,189,359,201,310,235,249
1776767790.4376287,2.7083669285613823,5,-6,7.810249675906654,0.9501520286991062,0.03655440429832852,189,359,201,310,235,249
1776767790.495816,2.7083669285613823,5,-6,7.810249675906654,0.9501520286991062,0.03655440429832852,189,359,201,310,235,249
1776767790.5517616,2.7083669285613823,5,-6,7.810249675906654,0.9501520286991062,0.03655440429832852,189,359,201,310,235,249
1776767790.6056557,2.7083669285613823,5,-6,7.810249675906654,0.9501520286991062,0.03655440429832852,189,359,201,310,235,249
1776767790.6630704,2.7083669285613823,5,-6,7.810249675906654,0.9501520286991062,0.03655440429832852,189,359,201,310,235,249
1776767790.7202916,2.7083669285613823,5,-6,7.810249675906654,0.9501520286991062,0.03655440429832852,189,359,201,310,235,249
1776767790.777485,2.7083669285613823,5,-6,7.810249675906654,0.9501520286991062,0.03655440429832852,189,359,201,310,235,249
1776767790.834563,2.7083669285613823,5,-6,7.810249675906654,0.9501520286991062,0.03655440429832852,189,359,201,310,235,249
1776767790.8916564,2.7083669285613823,5,-6,7.810249675906654,0.9501520286991062,0.03655440429832852,189,359,201,310,235,249
1776767790.9454768,2.7083669285613823,5,-6,7.810249675906654,0.9501520286991062,0.03655440429832852,189,359,201,310,235,249
1776767791.002579,2.7083669285613823,5,-6,7.810249675906654,0.9501520286991062,0.03655440429832852,189,359,201,310,235,249
1776767791.0596213,2.7083669285613823,5,-6,7.810249675906654,0.9501520286991062,0.03655440429832852,189,359,201,310,235,249
1776767791.1174426,2.7083669285613823,5,-6,7.810249675906654,0.9501520286991062,0.03655440429832852,189,359,201,310,235,249
1776767791.1745572,2.7083669285613823,5,-6,7.810249675906654,0.9501520286991062,0.03655440429832852,189,359,201,310,235,249
1776767791.2321227,2.7083669285613823,5,-6,7.810249675906654,0.9501520286991062,0.03655440429832852,189,359,201,310,235,249
1776767791.2855618,2.7083669285613823,5,-6,7.810249675906654,0.9501520286991062,0.03655440429832852,189,359,201,310,235,249
1776767791.342849,2.7083669285613823,5,-6,7.810249675906654,0.9501520286991062,0.03655440429832852,189,359,201,310,235,249
1776767791.3998568,2.7083669285613823,5,-6,7.810249675906654,0.9501520286991062,0.03655440429832852,189,359,201,310,235,249
1776767791.4576626,2.7083669285613823,5,-6,7.810249675906654,0.9501520286991062,0.03655440429832852,189,359,201,310,235,249
1776767791.5147886,2.7083669285613823,5,-6,7.810249675906654,0.9501520286991062,0.03655440429832852,189,359,201,310,235,249
1776767791.5683036,2.7083669285613823,5,-6,7.810249675906654,0.9501520286991062,0.03655440429832852,189,359,201,310,235,249
1776767791.6254616,2.7083669285613823,5,-6,7.810249675906654,0.9501520286991062,0.03655440429832852,189,359,201,310,235,249
1776767791.6826482,2.7083669285613823,5,-6,7.810249675906654,0.9501520286991062,0.03655440429832852,189,359,201,310,235,249
1776767791.7397707,2.7083669285613823,5,-6,7.810249675906654,0.9501520286991062,0.03655440429832852,189,359,201,310,235,249
1776767791.854133,2.7083669285613823,5,-6,7.810249675906654,0.9501520286991062,0.03655440429832852,189,359,201,310,235,249
1776767791.9074914,2.7083669285613823,5,-6,7.810249675906654,0.9501520286991062,0.03655440429832852,189,359,201,310,235,249
1776767791.9649196,2.7083669285613823,5,-6,7.810249675906654,0.9501520286991062,0.03655440429832852,189,359,201,310,235,249
1776767792.0227604,2.7083669285613823,5,-6,7.810249675906654,0.9501520286991062,0.03655440429832852,189,359,201,310,235,249
1776767792.0795255,2.7083669285613823,5,-6,7.810249675906654,0.9501520286991062,0.03655440429832852,189,359,201,310,235,249
1776767792.1372046,2.7083669285613823,5,-6,7.810249675906654,0.9501520286991062,0.03655440429832852,189,359,201,310,235,249
1776767792.194098,2.7083669285613823,5,-6,7.810249675906654,0.9501520286991062,0.03655440429832852,189,359,201,310,235,249
1776767792.2483003,2.7083669285613823,5,-6,7.810249675906654,0.9501520286991062,0.03655440429832852,189,359,201,310,235,249
1776767792.3048553,2.7083669285613823,5,-6,7.810249675906654,0.9501520286991062,0.03655440429832852,189,359,201,310,235,249
1776767792.3627672,2.7083669285613823,5,-6,7.810249675906654,0.9501520286991062,0.03655440429832852,189,359,201,310,235,249
1776767792.4198372,2.7083669285613823,5,-6,7.810249675906654,0.9501520286991062,0.03655440429832852,189,359,201,310,235,249
1776767792.4774039,2.7083669285613823,5,-6,7.810249675906654,0.9501520286991062,0.03655440429832852,189,359,201,310,235,249
1776767792.5343378,2.7083669285613823,5,-6,7.810249675906654,0.9501520286991062,0.03655440429832852,189,359,201,310,235,249
1776767792.5876598,2.7083669285613823,5,-6,7.810249675906654,0.9501520286991062,0.03655440429832852,189,359,201,310,235,249
1776767792.644746,2.7083669285613823,5,-6,7.810249675906654,0.9501520286991062,0.03655440429832852,189,359,201,310,235,249
1776767792.7020836,2.7083669285613823,5,-6,7.810249675906654,0.9501520286991062,0.03655440429832852,189,359,201,310,235,249
1776767792.759512,2.7083669285613823,5,-6,7.810249675906654,0.9501520286991062,0.03655440429832852,189,359,201,310,235,249
1776767792.8173738,2.7083669285613823,5,-6,7.810249675906654,0.9501520286991062,0.03655440429832852,189,359,201,310,235,249
1776767792.8740416,2.7083669285613823,5,-6,7.810249675906654,0.9501520286991062,0.03655440429832852,189,359,201,310,235,249
1776767792.9273958,2.7083669285613823,5,-6,7.810249675906654,0.9501520286991062,0.03655440429832852,189,359,201,310,235,249
1776767792.9846048,2.7083669285613823,5,-6,7.810249675906654,0.9501520286991062,0.03655440429832852,189,359,201,310,235,249
1776767793.0422914,2.7083669285613823,5,-6,7.810249675906654,0.9501520286991062,0.03655440429832852,189,359,201,310,235,249
1776767793.099506,2.7083669285613823,5,-6,7.810249675906654,0.9501520286991062,0.03655440429832852,189,359,201,310,235,249
1776767793.1568456,2.7083669285613823,5,-6,7.810249675906654,0.9501520286991062,0.03655440429832852,189,359,201,310,235,249
1776767793.2146897,2.7083669285613823,5,-6,7.810249675906654,0.9501520286991062,0.03655440429832852,189,359,201,310,235,249
1776767793.267604,2.7083669285613823,5,-6,7.810249675906654,0.9501520286991062,0.03655440429832852,189,359,201,310,235,249
1776767793.3251886,2.7083669285613823,5,-6,7.810249675906654,0.9501520286991062,0.03655440429832852,189,359,201,310,235,249
1776767793.3825045,2.7083669285613823,5,-6,7.810249675906654,0.9501520286991062,0.03655440429832852,189,359,201,310,235,249
1776767793.4399524,2.7083669285613823,5,-6,7.810249675906654,0.9501520286991062,0.03655440429832852,189,359,201,310,235,249
1776767793.4967442,2.7083669285613823,5,-6,7.810249675906654,0.9501520286991062,0.03655440429832852,189,359,201,310,235,249
1776767793.550564,2.7083669285613823,5,-6,7.810249675906654,0.9501520286991062,0.03655440429832852,189,359,201,310,235,249
1776767793.6073856,2.7083669285613823,5,-6,7.810249675906654,0.9501520286991062,0.03655440429832852,189,359,201,310,235,249
1776767793.6654696,2.7083669285613823,5,-6,7.810249675906654,0.9501520286991062,0.03655440429832852,189,359,201,310,235,249
1776767793.7225878,2.7083669285613823,5,-6,7.810249675906654,0.9501520286991062,0.03655440429832852,189,359,201,310,235,249
1776767793.7798896,2.7083669285613823,5,-6,7.810249675906654,0.9501520286991062,0.03655440429832852,189,359,201,310,235,249
1776767793.8376756,2.7083669285613823,5,-6,7.810249675906654,0.9501520286991062,0.03655440429832852,189,359,201,310,235,249
1776767793.89036,2.7083669285613823,5,-6,7.810249675906654,0.9501520286991062,0.03655440429832852,189,359,201,310,235,249
1776767793.9478261,2.7083669285613823,5,-6,7.810249675906654,0.9501520286991062,0.03655440429832852,189,359,201,310,235,249
1776767794.0048363,2.7083669285613823,5,-6,7.810249675906654,0.9501520286991062,0.03655440429832852,189,359,201,310,235,249
1776767794.0623746,2.7083669285613823,5,-6,7.810249675906654,0.9501520286991062,0.03655440429832852,189,359,201,310,235,249
1776767794.1192997,2.7083669285613823,5,-6,7.810249675906654,0.9501520286991062,0.03655440429832852,189,359,201,310,235,249
1776767794.1765037,2.7083669285613823,5,-6,7.810249675906654,0.9501520286991062,0.03655440429832852,189,359,201,310,235,249
1776767794.2301471,2.7083669285613823,5,-6,7.810249675906654,0.9501520286991062,0.03655440429832852,189,359,201,310,235,249
1776767794.2876575,2.7083669285613823,5,-6,7.810249675906654,0.9501520286991062,0.03655440429832852,189,359,201,310,235,249
1776767794.3449392,2.7083669285613823,5,-6,7.810249675906654,0.9501520286991062,0.03655440429832852,189,359,201,310,235,249
1776767794.401917,2.7083669285613823,5,-6,7.810249675906654,0.9501520286991062,0.03655440429832852,189,359,201,310,235,249
1776767794.4598732,2.7083669285613823,5,-6,7.810249675906654,0.9501520286991062,0.03655440429832852,189,359,201,310,235,249
1776767794.5170448,2.7083669285613823,5,-6,7.810249675906654,0.9501520286991062,0.03655440429832852,189,359,201,310,235,249
1776767794.5702894,2.7083669285613823,5,-6,7.810249675906654,0.9501520286991062,0.03655440429832852,189,359,201,310,235,249
1776767794.6277328,2.7083669285613823,5,-6,7.810249675906654,0.9501520286991062,0.03655440429832852,189,359,201,310,235,249
1776767794.685245,2.7083669285613823,5,-6,7.810249675906654,0.9501520286991062,0.03655440429832852,189,359,201,310,235,249
1776767794.7427604,2.7083669285613823,5,-6,7.810249675906654,0.9501520286991062,0.03655440429832852,189,359,201,310,235,249
1776767794.7997704,2.7083669285613823,5,-6,7.810249675906654,0.9501520286991062,0.03655440429832852,189,359,201,310,235,249
1776767794.8567696,2.7083669285613823,5,-6,7.810249675906654,0.9501520286991062,0.03655440429832852,189,359,201,310,235,249
1776767794.9104981,2.7083669285613823,5,-6,7.810249675906654,0.9501520286991062,0.03655440429832852,189,359,201,310,235,249
1776767794.9673903,2.7083669285613823,5,-6,7.810249675906654,0.9501520286991062,0.03655440429832852,189,359,201,310,235,249
1776767795.025097,2.7083669285613823,5,-6,7.810249675906654,0.9501520286991062,0.03655440429832852,189,359,201,310,235,249
1776767795.0824258,2.7083669285613823,5,-6,7.810249675906654,0.9501520286991062,0.03655440429832852,189,359,201,310,235,249
1776767795.1393914,2.7083669285613823,5,-6,7.810249675906654,0.9501520286991062,0.03655440429832852,189,359,201,310,235,249
1776767795.1970816,2.7083669285613823,5,-6,7.810249675906654,0.9501520286991062,0.03655440429832852,189,359,201,310,235,249
1776767795.2497542,2.7083669285613823,5,-6,7.810249675906654,0.9501520286991062,0.03655440429832852,189,359,201,310,235,249
1776767795.3075595,2.7083669285613823,5,-6,7.810249675906654,0.9501520286991062,0.03655440429832852,189,359,201,310,235,249
1776767795.3649967,2.7083669285613823,5,-6,7.810249675906654,0.9501520286991062,0.03655440429832852,189,359,201,310,235,249
1776767795.4224906,2.7083669285613823,5,-6,7.810249675906654,0.9501520286991062,0.03655440429832852,189,359,201,310,235,249
1776767795.4798987,2.7083669285613823,5,-6,7.810249675906654,0.9501520286991062,0.03655440429832852,189,359,201,310,235,249
1776767795.5331328,2.7083669285613823,5,-6,7.810249675906654,0.9501520286991062,0.03655440429832852,189,359,201,310,235,249
1776767795.5904791,2.7083669285613823,5,-6,7.810249675906654,0.9501520286991062,0.03655440429832852,189,359,201,310,235,249
1776767795.6479485,2.7083669285613823,5,-6,7.810249675906654,0.9501520286991062,0.03655440429832852,189,359,201,310,235,249
1776767795.7046988,2.7083669285613823,5,-6,7.810249675906654,0.9501520286991062,0.03655440429832852,189,359,201,310,235,249
1776767795.761895,2.7083669285613823,5,-6,7.810249675906654,0.9501520286991062,0.0323147810470017,189,359,202,310,235,249
1776767795.8193533,2.7083669285613823,5,-6,7.810249675906654,0.9501520286991062,0.0323147810470017,189,359,202,310,235,249
1776767795.8728228,2.7083669285613823,5,-6,7.810249675906654,0.9501520286991062,0.0323147810470017,189,359,202,310,235,249
1776767795.9305782,2.7083669285613823,5,-7,8.602325267042627,1.046511589664553,0.031164636792377753,189,359,202,310,235,248
1776767795.9871912,2.7083669285613823,5,-7,8.602325267042627,1.046511589664553,0.031164636792377753,189,359,202,310,235,248
1776767796.0447793,2.7083669285613823,5,-7,8.602325267042627,1.046511589664553,0.031164636792377753,189,359,202,310,235,248
1776767796.1016693,2.7083669285613823,5,-7,8.602325267042627,1.046511589664553,0.031164636792377753,189,359,202,310,235,248
1776767796.1588564,2.7083669285613823,5,-7,8.602325267042627,1.046511589664553,0.031164636792377753,189,359,202,310,235,248
1776767796.212181,2.7083669285613823,5,-7,8.602325267042627,1.046511589664553,0.031164636792377753,189,359,202,310,235,248
1776767796.2695563,2.7083669285613823,5,-7,8.602325267042627,1.046511589664553,0.031164636792377753,189,359,202,310,235,248
1776767796.3268576,2.7083669285613823,5,-7,8.602325267042627,1.046511589664553,0.031164636792377753,189,359,202,310,235,248
1776767796.3842065,2.7083669285613823,5,-7,8.602325267042627,1.046511589664553,0.031164636792377753,189,359,202,310,235,248
1776767796.4415128,2.7083669285613823,5,-7,8.602325267042627,1.046511589664553,0.031164636792377753,189,359,202,310,235,248
1776767796.4991295,2.7083669285613823,5,-7,8.602325267042627,1.046511589664553,0.031164636792377753,189,359,202,310,235,248
1776767796.5522118,2.7083669285613823,5,-7,8.602325267042627,1.046511589664553,0.031164636792377753,189,359,202,310,235,248
1776767796.6094217,2.7083669285613823,5,-7,8.602325267042627,1.046511589664553,0.031164636792377753,189,359,202,310,235,248
1776767796.6667843,2.7083669285613823,5,-7,8.602325267042627,1.046511589664553,0.031164636792377753,189,359,202,310,235,248
1776767796.724233,2.7083669285613823,5,-7,8.602325267042627,1.046511589664553,0.031164636792377753,189,359,202,310,235,248
1776767796.781367,2.7083669285613823,5,-7,8.602325267042627,1.046511589664553,0.031164636792377753,189,359,202,310,235,248
1776767796.8388467,2.7083669285613823,5,-7,8.602325267042627,1.046511589664553,0.031164636792377753,189,359,202,310,235,248
1776767796.8920796,2.7083669285613823,5,-7,8.602325267042627,1.046511589664553,0.031164636792377753,189,359,202,310,235,248
1776767796.9496274,2.7083669285613823,5,-7,8.602325267042627,1.046511589664553,0.031164636792377753,189,359,202,310,235,248
1776767797.006756,2.7083669285613823,5,-7,8.602325267042627,1.046511589664553,0.031164636792377753,189,359,202,310,235,248
1776767797.0641756,2.7083669285613823,5,-7,8.602325267042627,1.046511589664553,0.031164636792377753,189,359,202,310,235,248
1776767797.1213427,2.7083669285613823,5,-7,8.602325267042627,1.046511589664553,0.031164636792377753,189,359,202,310,235,248
1776767797.1787095,2.7083669285613823,5,-7,8.602325267042627,1.046511589664553,0.031164636792377753,189,359,202,310,235,248
1776767797.2322044,2.7083669285613823,5,-7,8.602325267042627,1.046511589664553,0.031164636792377753,189,359,202,310,235,248
1776767797.2894177,2.7083669285613823,5,-7,8.602325267042627,1.046511589664553,0.031164636792377753,189,359,202,310,235,248
1776767797.346741,2.7083669285613823,5,-7,8.602325267042627,1.046511589664553,0.031164636792377753,189,359,202,310,235,248
1776767797.4040248,2.7083669285613823,5,-7,8.602325267042627,1.046511589664553,0.031164636792377753,189,359,202,310,235,248
1776767797.4614859,2.7083669285613823,5,-7,8.602325267042627,1.046511589664553,0.031164636792377753,189,359,202,310,235,248
1776767797.5147064,2.7083669285613823,5,-7,8.602325267042627,1.046511589664553,0.031164636792377753,189,359,202,310,235,248
1776767797.5720594,2.7083669285613823,5,-7,8.602325267042627,1.046511589664553,0.031164636792377753,189,359,202,310,235,248
1776767797.629373,2.7083669285613823,5,-7,8.602325267042627,1.046511589664553,0.031164636792377753,189,359,202,310,235,248
1776767797.686661,2.7083669285613823,5,-7,8.602325267042627,1.046511589664553,0.031164636792377753,189,359,202,310,235,248
1776767797.743995,2.7083669285613823,5,-7,8.602325267042627,1.046511589664553,0.031164636792377753,189,359,202,310,235,248
1776767797.801257,2.7083669285613823,5,-7,8.602325267042627,1.046511589664553,0.031164636792377753,189,359,202,310,235,248
1776767797.854868,2.7083669285613823,5,-7,8.602325267042627,1.046511589664553,0.031164636792377753,189,359,202,310,235,248
1776767797.9120662,2.7083669285613823,5,-7,8.602325267042627,1.046511589664553,0.031164636792377753,189,359,202,310,235,248
1776767797.9695091,2.7083669285613823,5,-7,8.602325267042627,1.046511589664553,0.031164636792377753,189,359,202,310,235,248
1776767798.0265725,2.7083669285613823,5,-7,8.602325267042627,1.046511589664553,0.031164636792377753,189,359,202,310,235,248
1776767798.0840077,2.7083669285613823,5,-7,8.602325267042627,1.046511589664553,0.031164636792377753,189,359,202,310,235,248
1776767798.141218,2.7083669285613823,5,-7,8.602325267042627,1.046511589664553,0.031164636792377753,189,359,202,310,235,248
1776767798.1946054,2.7083669285613823,5,-7,8.602325267042627,1.046511589664553,0.031164636792377753,189,359,202,310,235,248
1776767798.2519248,2.7083669285613823,5,-7,8.602325267042627,1.046511589664553,0.031164636792377753,189,359,202,310,235,248
1776767798.3093185,2.7083669285613823,5,-7,8.602325267042627,1.046511589664553,0.031164636792377753,189,359,202,310,235,248
1776767798.3666177,2.7083669285613823,5,-7,8.602325267042627,1.046511589664553,0.031164636792377753,189,359,202,310,235,248
1776767798.423876,2.7083669285613823,5,-7,8.602325267042627,1.046511589664553,0.031164636792377753,189,359,202,310,235,248
1776767798.4813097,2.7083669285613823,5,-7,8.602325267042627,1.046511589664553,0.031164636792377753,189,359,202,310,235,248
1776767798.5346525,2.7083669285613823,5,-7,8.602325267042627,1.046511589664553,0.031164636792377753,189,359,202,310,235,248
1776767798.5918226,2.7083669285613823,5,-7,8.602325267042627,1.046511589664553,0.031164636792377753,189,359,202,310,235,248
1776767798.6492229,2.7083669285613823,5,-7,8.602325267042627,1.046511589664553,0.031164636792377753,189,359,202,310,235,248
1776767798.706525,2.7083669285613823,5,-7,8.602325267042627,1.046511589664553,0.031164636792377753,189,359,202,310,235,248
1776767798.7641928,2.7083669285613823,5,-7,8.602325267042627,1.046511589664553,0.031164636792377753,189,359,202,310,235,248
1776767798.8217726,2.7083669285613823,5,-7,8.602325267042627,1.046511589664553,0.031164636792377753,189,359,202,310,235,248
1776767798.8745654,2.7083669285613823,5,-7,8.602325267042627,1.046511589664553,0.031164636792377753,189,359,202,310,235,248
1776767798.931911,2.7083669285613823,5,-7,8.602325267042627,1.046511589664553,0.031164636792377753,189,359,202,310,235,248
1776767798.9893363,2.7083669285613823,5,-7,8.602325267042627,1.046511589664553,0.031164636792377753,189,359,202,310,235,248
1776767799.0467093,2.7083669285613823,5,-7,8.602325267042627,1.046511589664553,0.031164636792377753,189,359,202,310,235,248
1776767799.1037345,2.7083669285613823,5,-7,8.602325267042627,1.046511589664553,0.031164636792377753,189,359,202,310,235,248
1776767799.1610794,2.7083669285613823,5,-7,8.602325267042627,1.046511589664553,0.031164636792377753,189,359,202,310,235,248
1776767799.2146778,2.7083669285613823,5,-7,8.602325267042627,1.046511589664553,0.031164636792377753,189,359,202,310,235,248
1776767799.2717774,2.7083669285613823,5,-7,8.602325267042627,1.046511589664553,0.031164636792377753,189,359,202,310,235,248
1776767799.329385,2.7083669285613823,5,-7,8.602325267042627,1.046511589664553,0.031164636792377753,189,359,202,310,235,248
1776767799.3864627,2.7083669285613823,5,-7,8.602325267042627,1.046511589664553,0.031164636792377753,189,359,202,310,235,248
1776767799.4437191,2.7083669285613823,5,-7,8.602325267042627,1.046511589664553,0.031164636792377753,189,359,202,310,235,248
1776767799.4973817,2.7083669285613823,5,-7,8.602325267042627,1.046511589664553,0.031164636792377753,189,359,202,310,235,248
1776767799.5544415,2.7083669285613823,5,-7,8.602325267042627,1.046511589664553,0.031164636792377753,189,359,202,310,235,248
1776767799.6117523,2.7083669285613823,5,-7,8.602325267042627,1.046511589664553,0.031164636792377753,189,359,202,310,235,248
1776767799.6690834,2.7083669285613823,5,-7,8.602325267042627,1.046511589664553,0.031164636792377753,189,359,202,310,235,248
1776767799.726328,2.7083669285613823,5,-7,8.602325267042627,1.046511589664553,0.031164636792377753,189,359,202,310,235,248
1776767799.783668,2.7083669285613823,5,-7,8.602325267042627,1.046511589664553,0.031164636792377753,189,359,202,310,235,248
1776767799.837061,2.7083669285613823,5,-7,8.602325267042627,1.046511589664553,0.031164636792377753,189,359,202,310,235,248
1776767799.8943284,2.7083669285613823,5,-7,8.602325267042627,1.046511589664553,0.031164636792377753,189,359,202,310,235,248
1776767799.951679,2.7083669285613823,5,-7,8.602325267042627,1.046511589664553,0.031164636792377753,189,359,202,310,235,248
1776767800.009039,2.7083669285613823,5,-7,8.602325267042627,1.046511589664553,0.031164636792377753,189,359,202,310,235,248
1776767800.0663066,2.7083669285613823,5,-7,8.602325267042627,1.046511589664553,0.031164636792377753,189,359,202,310,235,248
1776767800.12363,2.7083669285613823,5,-7,8.602325267042627,1.046511589664553,0.031164636792377753,189,359,202,310,235,248
1776767800.176961,2.7083669285613823,5,-7,8.602325267042627,1.046511589664553,0.031164636792377753,189,359,202,310,235,248
1776767800.2343302,2.7083669285613823,5,-7,8.602325267042627,1.046511589664553,0.031164636792377753,189,359,202,310,235,248
1776767800.2916205,2.7083669285613823,5,-7,8.602325267042627,1.046511589664553,0.031164636792377753,189,359,202,310,235,248
1776767800.3489673,2.7083669285613823,5,-7,8.602325267042627,1.046511589664553,0.031164636792377753,189,359,202,310,235,248
1776767800.4063094,2.7083669285613823,5,-7,8.602325267042627,1.046511589664553,0.031164636792377753,189,359,202,310,235,248
1776767800.4635828,2.7083669285613823,5,-7,8.602325267042627,1.046511589664553,0.031164636792377753,189,359,202,310,235,248
1776767800.5170395,2.7083669285613823,5,-7,8.602325267042627,1.046511589664553,0.031164636792377753,189,359,202,310,235,248
1776767800.5741792,2.7083669285613823,5,-7,8.602325267042627,1.046511589664553,0.031164636792377753,189,359,202,310,235,248
1776767800.631791,2.7083669285613823,5,-7,8.602325267042627,1.046511589664553,0.031164636792377753,189,359,202,310,235,248
1776767800.688914,2.7083669285613823,5,-7,8.602325267042627,1.046511589664553,0.031164636792377753,189,359,202,310,235,248
1776767800.746212,2.7083669285613823,5,-7,8.602325267042627,1.046511589664553,0.031164636792377753,189,359,202,310,235,248
1776767800.8035376,2.7083669285613823,5,-7,8.602325267042627,1.046511589664553,0.031164636792377753,189,359,202,310,235,248
1776767800.8569393,2.7083669285613823,5,-7,8.602325267042627,1.046511589664553,0.031164636792377753,189,359,202,310,235,248
1776767800.9142408,2.7083669285613823,5,-7,8.602325267042627,1.046511589664553,0.031164636792377753,189,359,202,310,235,248
1776767800.971536,2.7083669285613823,5,-7,8.602325267042627,1.046511589664553,0.031164636792377753,189,359,202,310,235,248
1776767801.0289109,2.7083669285613823,5,-7,8.602325267042627,1.046511589664553,0.031164636792377753,189,359,202,310,235,248
1776767801.0861063,2.7083669285613823,5,-7,8.602325267042627,1.046511589664553,0.031164636792377753,189,359,202,310,235,248
1776767801.1395328,2.7083669285613823,5,-7,8.602325267042627,1.046511589664553,0.031164636792377753,189,359,202,310,235,248
1776767801.1970823,2.7083669285613823,5,-7,8.602325267042627,1.046511589664553,0.031164636792377753,189,359,202,310,235,248
1776767801.2542045,2.7083669285613823,5,-7,8.602325267042627,1.046511589664553,0.031164636792377753,189,359,202,310,235,248
1776767801.3115077,2.7083669285613823,5,-7,8.602325267042627,1.046511589664553,0.031164636792377753,189,359,202,310,235,248
1776767801.368784,2.7083669285613823,5,-7,8.602325267042627,1.046511589664553,0.031164636792377753,189,359,202,310,235,248
1776767801.426107,2.7083669285613823,5,-7,8.602325267042627,1.046511589664553,0.031164636792377753,189,359,202,310,235,248
1776767801.4801233,2.7083669285613823,5,-7,8.602325267042627,1.046511589664553,0.031164636792377753,189,359,202,310,235,248
1776767801.5368266,2.7083669285613823,5,-7,8.602325267042627,1.046511589664553,0.031164636792377753,189,359,202,310,235,248
1776767801.5942178,2.7083669285613823,5,-7,8.602325267042627,1.046511589664553,0.031164636792377753,189,359,202,310,235,248
1776767801.6514294,2.7083669285613823,5,-7,8.602325267042627,1.046511589664553,0.031164636792377753,189,359,202,310,235,248
1776767801.7088242,2.7083669285613823,5,-7,8.602325267042627,1.046511589664553,0.031164636792377753,189,359,202,310,235,248
1776767801.7660809,2.7083669285613823,5,-7,8.602325267042627,1.046511589664553,0.031164636792377753,189,359,202,310,235,248
1776767801.8194437,2.7083669285613823,6,-7,9.219544457292887,1.1215990823957283,0.03272019577050561,189,359,202,310,236,248
1776767801.876748,2.7083669285613823,6,-7,9.219544457292887,1.1215990823957283,0.03272019577050561,189,359,202,310,236,248
1776767801.9340906,2.7083669285613823,6,-7,9.219544457292887,1.1215990823957283,0.03272019577050561,189,359,202,310,236,248
1776767801.991449,2.7083669285613823,6,-7,9.219544457292887,1.1215990823957283,0.03272019577050561,189,359,202,310,236,248
1776767802.0486655,2.7083669285613823,6,-7,9.219544457292887,1.1215990823957283,0.03272019577050561,189,359,202,310,236,248
1776767802.106005,2.7083669285613823,6,-7,9.219544457292887,1.1215990823957283,0.03272019577050561,189,359,202,310,236,248
1776767802.1593995,2.7083669285613823,6,-7,9.219544457292887,1.1215990823957283,0.03272019577050561,189,359,202,310,236,248
1776767802.2167,2.7083669285613823,6,-7,9.219544457292887,1.1215990823957283,0.03272019577050561,189,359,202,310,236,248
1776767802.2740314,2.7083669285613823,6,-7,9.219544457292887,1.1215990823957283,0.03272019577050561,189,359,202,310,236,248
1776767802.3314211,2.7083669285613823,6,-7,9.219544457292887,1.1215990823957283,0.03272019577050561,189,359,202,310,236,248
1776767802.388639,2.7083669285613823,6,-7,9.219544457292887,1.1215990823957283,0.03272019577050561,189,359,202,310,236,248
1776767802.4459925,2.7083669285613823,6,-7,9.219544457292887,1.1215990823957283,0.03272019577050561,189,359,202,310,236,248
1776767802.499303,2.7083669285613823,6,-7,9.219544457292887,1.1215990823957283,0.03272019577050561,189,359,202,310,236,248
1776767802.556796,2.7083669285613823,6,-7,9.219544457292887,1.1215990823957283,0.03272019577050561,189,359,202,310,236,248
1776767802.6140244,2.7083669285613823,6,-7,9.219544457292887,1.1215990823957283,0.03272019577050561,189,359,202,310,236,248
1776767802.6712263,2.7083669285613823,6,-7,9.219544457292887,1.1215990823957283,0.03272019577050561,189,359,202,310,236,248
1776767802.729044,2.7083669285613823,6,-7,9.219544457292887,1.1215990823957283,0.03272019577050561,189,359,202,310,236,248
1776767802.782424,2.7083669285613823,6,-7,9.219544457292887,1.1215990823957283,0.03272019577050561,189,359,202,310,236,248
1776767802.8394032,2.7083669285613823,6,-7,9.219544457292887,1.1215990823957283,0.03272019577050561,189,359,202,310,236,248
1776767802.8967524,2.7083669285613823,6,-7,9.219544457292887,1.1215990823957283,0.03272019577050561,189,359,202,310,236,248
1776767802.9543936,2.7083669285613823,6,-7,9.219544457292887,1.1215990823957283,0.03272019577050561,189,359,202,310,236,248
1776767803.011605,2.7083669285613823,6,-7,9.219544457292887,1.1215990823957283,0.03272019577050561,189,359,202,310,236,248
1776767803.0686305,2.7083669285613823,6,-7,9.219544457292887,1.1215990823957283,0.03272019577050561,189,359,202,310,236,248
1776767803.1220293,2.7083669285613823,6,-7,9.219544457292887,1.1215990823957283,0.03272019577050561,189,359,202,310,236,248
1776767803.1797578,2.7083669285613823,6,-7,9.219544457292887,1.1215990823957283,0.03272019577050561,189,359,202,310,236,248
1776767803.2365704,2.7083669285613823,6,-7,9.219544457292887,1.1215990823957283,0.03272019577050561,189,359,202,310,236,248
1776767803.2939563,2.7083669285613823,6,-7,9.219544457292887,1.1215990823957283,0.03272019577050561,189,359,202,310,236,248
1776767803.351388,2.7083669285613823,6,-7,9.219544457292887,1.1215990823957283,0.03272019577050561,189,359,202,310,236,248
1776767803.4090145,2.7083669285613823,6,-7,9.219544457292887,1.1215990823957283,0.03272019577050561,189,359,202,310,236,248
1776767803.462467,2.7083669285613823,6,-7,9.219544457292887,1.1215990823957283,0.03272019577050561,189,359,202,310,236,248
1776767803.51967,2.7083669285613823,6,-7,9.219544457292887,1.1215990823957283,0.03272019577050561,189,359,202,310,236,248
1776767803.5769653,2.7083669285613823,6,-7,9.219544457292887,1.1215990823957283,0.03272019577050561,189,359,202,310,236,248
1776767803.63395,2.7083669285613823,6,-7,9.219544457292887,1.1215990823957283,0.03272019577050561,189,359,202,310,236,248
1776767803.6916177,2.7083669285613823,6,-7,9.219544457292887,1.1215990823957283,0.03272019577050561,189,359,202,310,236,248
1776767803.749237,2.7083669285613823,6,-7,9.219544457292887,1.1215990823957283,0.03272019577050561,189,359,202,310,236,248
1776767803.8026128,2.7083669285613823,6,-7,9.219544457292887,1.1215990823957283,0.03272019577050561,189,359,202,310,236,248
1776767803.8598175,2.7083669285613823,6,-7,9.219544457292887,1.1215990823957283,0.03272019577050561,189,359,202,310,236,248
1776767803.9171724,2.7083669285613823,6,-7,9.219544457292887,1.1215990823957283,0.03272019577050561,189,359,202,310,236,248
1776767803.9745178,2.7083669285613823,6,-7,9.219544457292887,1.1215990823957283,0.03272019577050561,189,359,202,310,236,248
1776767804.0317295,2.7083669285613823,6,-7,9.219544457292887,1.1215990823957283,0.03272019577050561,189,359,202,310,236,248
1776767804.089136,2.7083669285613823,6,-7,9.219544457292887,1.1215990823957283,0.03272019577050561,189,359,202,310,236,248
1776767804.1418083,2.7083669285613823,6,-7,9.219544457292887,1.1215990823957283,0.03272019577050561,189,359,202,310,236,248
1776767804.199137,2.7083669285613823,6,-7,9.219544457292887,1.1215990823957283,0.03272019577050561,189,359,202,310,236,248
1776767804.2565696,2.7083669285613823,6,-7,9.219544457292887,1.1215990823957283,0.03272019577050561,189,359,202,310,236,248
1776767804.3137972,2.7083669285613823,6,-7,9.219544457292887,1.1215990823957283,0.03272019577050561,189,359,202,310,236,248
1776767804.3710434,2.7083669285613823,6,-7,9.219544457292887,1.1215990823957283,0.03272019577050561,189,359,202,310,236,248
1776767804.4283988,2.7083669285613823,6,-7,9.219544457292887,1.1215990823957283,0.03272019577050561,189,359,202,310,236,248
1776767804.481801,2.7083669285613823,6,-7,9.219544457292887,1.1215990823957283,0.03272019577050561,189,359,202,310,236,248
1776767804.5390928,2.7083669285613823,6,-8,10.0,1.21654501216545,0.031588685631935606,189,359,202,310,236,247
1776767804.5964248,2.7083669285613823,6,-8,10.0,1.21654501216545,0.031588685631935606,189,359,202,310,236,247
1776767804.65421,2.7083669285613823,6,-8,10.0,1.21654501216545,0.031588685631935606,189,359,202,310,236,247
1776767804.7117813,2.7083669285613823,6,-8,10.0,1.21654501216545,0.031588685631935606,189,359,202,310,236,247
1776767804.7643747,2.7083669285613823,6,-8,10.0,1.21654501216545,0.031588685631935606,189,359,202,310,236,247
1776767804.8217802,2.7083669285613823,6,-8,10.0,1.21654501216545,0.031588685631935606,189,359,202,310,236,247
1776767804.8791964,2.7083669285613823,6,-8,10.0,1.21654501216545,0.031588685631935606,189,359,202,310,236,247
1776767804.936588,2.7083669285613823,6,-8,10.0,1.21654501216545,0.031588685631935606,189,359,202,310,236,247
1776767804.9938903,2.7083669285613823,6,-8,10.0,1.21654501216545,0.031588685631935606,189,359,202,310,236,247
1776767805.051725,2.7083669285613823,6,-8,10.0,1.21654501216545,0.031588685631935606,189,359,202,310,236,247
1776767805.1051025,2.7083669285613823,6,-8,10.0,1.21654501216545,0.031588685631935606,189,359,202,310,236,247
1776767805.1617494,2.7083669285613823,6,-8,10.0,1.21654501216545,0.031588685631935606,189,359,202,310,236,247
1776767805.2193768,2.7083669285613823,6,-8,10.0,1.21654501216545,0.031588685631935606,189,359,202,310,236,247
1776767805.2768688,2.7083669285613823,6,-8,10.0,1.21654501216545,0.031588685631935606,189,359,202,310,236,247
1776767805.3346128,2.7083669285613823,6,-8,10.0,1.21654501216545,0.031588685631935606,189,359,202,310,236,247
1776767805.3914013,2.7083669285613823,6,-8,10.0,1.21654501216545,0.031588685631935606,189,359,202,310,236,247
1776767805.4443598,2.7083669285613823,7,-8,10.63014581273465,1.2932050867073783,0.03308706991369933,189,359,202,310,237,247
1776767805.5015833,2.7083669285613823,7,-8,10.63014581273465,1.2932050867073783,0.03308706991369933,189,359,202,310,237,247
1776767805.5590067,2.7083669285613823,7,-8,10.63014581273465,1.2932050867073783,0.03308706991369933,189,359,202,310,237,247
1776767805.6164236,2.7083669285613823,7,-8,10.63014581273465,1.2932050867073783,0.03308706991369933,189,359,202,310,237,247
1776767805.6737378,2.7083669285613823,7,-8,10.63014581273465,1.2932050867073783,0.03308706991369933,189,359,202,310,237,247
1776767805.7313087,2.7083669285613823,7,-8,10.63014581273465,1.2932050867073783,0.03308706991369933,189,359,202,310,237,247
1776767805.7843146,2.7083669285613823,7,-8,10.63014581273465,1.2932050867073783,0.03308706991369933,189,359,202,310,237,247
1776767805.8419893,2.7083669285613823,7,-8,10.63014581273465,1.2932050867073783,0.03308706991369933,189,359,202,310,237,247
1776767805.8994548,2.7083669285613823,7,-8,10.63014581273465,1.2932050867073783,0.03308706991369933,189,359,202,310,237,247
1776767805.9568734,2.7083669285613823,7,-8,10.63014581273465,1.2932050867073783,0.03308706991369933,189,359,202,310,237,247
1776767806.0138738,2.7083669285613823,7,-8,10.63014581273465,1.2932050867073783,0.03308706991369933,189,359,202,310,237,247
1776767806.071987,2.7083669285613823,7,-8,10.63014581273465,1.2932050867073783,0.03308706991369933,189,359,202,310,237,247
1776767806.125003,2.7083669285613823,7,-8,10.63014581273465,1.2932050867073783,0.03308706991369933,189,359,202,310,237,247
1776767806.181532,2.7083669285613823,7,-8,10.63014581273465,1.2932050867073783,0.03308706991369933,189,359,202,310,237,247
1776767806.2388911,2.7083669285613823,7,-8,10.63014581273465,1.2932050867073783,0.03308706991369933,189,359,202,310,237,247
1776767806.296176,2.7083669285613823,7,-8,10.63014581273465,1.2932050867073783,0.03308706991369933,189,359,202,310,237,247
1776767806.3533976,2.7083669285613823,7,-8,10.63014581273465,1.2932050867073783,0.03308706991369933,189,359,202,310,237,247
1776767806.4107895,2.7083669285613823,7,-8,10.63014581273465,1.2932050867073783,0.03308706991369933,189,359,202,310,237,247
1776767806.4642017,2.7083669285613823,7,-8,10.63014581273465,1.2932050867073783,0.03308706991369933,189,359,202,310,237,247
1776767806.5215771,2.7083669285613823,7,-8,10.63014581273465,1.2932050867073783,0.03308706991369933,189,359,202,310,237,247
1776767806.5791168,2.7083669285613823,7,-8,10.63014581273465,1.2932050867073783,0.03308706991369933,189,359,202,310,237,247
1776767806.6370096,2.7083669285613823,7,-8,10.63014581273465,1.2932050867073783,0.03308706991369933,189,359,202,310,237,247
1776767806.6940954,2.7083669285613823,7,-8,10.63014581273465,1.2932050867073783,0.03308706991369933,189,359,202,310,237,247
1776767806.7474666,2.7083669285613823,7,-8,10.63014581273465,1.2932050867073783,0.03308706991369933,189,359,202,310,237,247
1776767806.8043153,2.7083669285613823,7,-8,10.63014581273465,1.2932050867073783,0.03308706991369933,189,359,202,310,237,247
1776767806.8618548,2.7083669285613823,7,-8,10.63014581273465,1.2932050867073783,0.03308706991369933,189,359,202,310,237,247
1776767806.9196572,2.7083669285613823,7,-8,10.63014581273465,1.2932050867073783,0.03308706991369933,189,359,202,310,237,247
1776767806.9768424,2.7083669285613823,7,-8,10.63014581273465,1.2932050867073783,0.03308706991369933,189,359,202,310,237,247
1776767807.037065,2.7083669285613823,7,-8,10.63014581273465,1.2932050867073783,0.03308706991369933,189,359,202,310,237,247
1776767807.0872848,2.7083669285613823,7,-8,10.63014581273465,1.2932050867073783,0.03308706991369933,189,359,202,310,237,247
1776767807.1449986,2.7083669285613823,7,-8,10.63014581273465,1.2932050867073783,0.03308706991369933,189,359,202,310,237,247
1776767807.2013228,2.7083669285613823,7,-8,10.63014581273465,1.2932050867073783,0.03308706991369933,189,359,202,310,237,247
1776767807.2591643,2.7083669285613823,7,-8,10.63014581273465,1.2932050867073783,0.03308706991369933,189,359,202,310,237,247
1776767807.3161018,2.7083669285613823,7,-8,10.63014581273465,1.2932050867073783,0.034626165109189325,189,359,202,309,237,247
1776767807.3737793,2.7083669285613823,7,-8,10.63014581273465,1.2932050867073783,0.034626165109189325,189,359,202,309,237,247
1776767807.4270816,2.7083669285613823,7,-8,10.63014581273465,1.2932050867073783,0.034626165109189325,189,359,202,309,237,247
1776767807.4845068,2.7083669285613823,7,-8,10.63014581273465,1.2932050867073783,0.034626165109189325,189,359,202,309,237,247
1776767807.5420134,2.7083669285613823,7,-8,10.63014581273465,1.2932050867073783,0.034626165109189325,189,359,202,309,237,247
1776767807.598742,2.7083669285613823,7,-8,10.63014581273465,1.2932050867073783,0.034626165109189325,189,359,202,309,237,247
1776767807.656241,2.7083669285613823,7,-8,10.63014581273465,1.2932050867073783,0.034626165109189325,189,359,202,309,237,247
1776767807.713636,2.7083669285613823,7,-8,10.63014581273465,1.2932050867073783,0.034626165109189325,189,359,202,309,237,247
1776767807.7666163,2.7083669285613823,7,-8,10.63014581273465,1.2932050867073783,0.034626165109189325,189,359,202,309,237,247
1776767807.8239994,2.7083669285613823,7,-8,10.63014581273465,1.2932050867073783,0.034626165109189325,189,359,202,309,237,247
1776767807.882189,2.7083669285613823,7,-8,10.63014581273465,1.2932050867073783,0.034626165109189325,189,359,202,309,237,247
1776767807.938636,2.7083669285613823,7,-8,10.63014581273465,1.2932050867073783,0.034626165109189325,189,359,202,309,237,247
1776767807.9958763,2.7083669285613823,7,-8,10.63014581273465,1.2932050867073783,0.034626165109189325,189,359,202,309,237,247
1776767808.0532382,2.7083669285613823,7,-8,10.63014581273465,1.2932050867073783,0.034626165109189325,189,359,202,309,237,247
1776767808.1066508,2.7083669285613823,7,-8,10.63014581273465,1.2932050867073783,0.034626165109189325,189,359,202,309,237,247
1776767808.1643593,2.7083669285613823,7,-8,10.63014581273465,1.2932050867073783,0.034626165109189325,189,359,202,309,237,247
1776767808.222133,2.7083669285613823,7,-8,10.63014581273465,1.2932050867073783,0.034626165109189325,189,359,202,309,237,247
1776767808.2792032,2.7083669285613823,7,-8,10.63014581273465,1.2932050867073783,0.034626165109189325,189,359,202,309,237,247
1776767808.3358815,2.7083669285613823,7,-8,10.63014581273465,1.2932050867073783,0.034626165109189325,189,359,202,309,237,247
1776767808.393219,2.7083669285613823,7,-8,10.63014581273465,1.2932050867073783,0.034626165109189325,189,359,202,309,237,247
1776767808.4474695,2.7083669285613823,7,-8,10.63014581273465,1.2932050867073783,0.034626165109189325,189,359,202,309,237,247
1776767808.5040824,2.7083669285613823,7,-8,10.63014581273465,1.2932050867073783,0.034626165109189325,189,359,202,309,237,247
1776767808.561876,2.7083669285613823,7,-8,10.63014581273465,1.2932050867073783,0.034626165109189325,189,359,202,309,237,247
1776767808.619315,2.7083669285613823,7,-8,10.63014581273465,1.2932050867073783,0.034626165109189325,189,359,202,309,237,247
1776767808.6759205,2.7083669285613823,7,-8,10.63014581273465,1.2932050867073783,0.034626165109189325,189,359,202,309,237,247
1776767808.776264,2.7083669285613823,7,-8,10.63014581273465,1.2932050867073783,0.034626165109189325,189,359,202,309,237,247
1776767808.8458457,2.7083669285613823,7,-8,10.63014581273465,1.2932050867073783,0.034626165109189325,189,359,202,309,237,247
1776767808.9016628,2.7083669285613823,7,-8,10.63014581273465,1.2932050867073783,0.034626165109189325,189,359,202,309,237,247
1776767808.9584672,2.7083669285613823,7,-8,10.63014581273465,1.2932050867073783,0.034626165109189325,189,359,202,309,237,247
1776767809.0158646,2.7083669285613823,7,-8,10.63014581273465,1.2932050867073783,0.034626165109189325,189,359,202,309,237,247
1776767809.0694103,2.7083669285613823,7,-8,10.63014581273465,1.2932050867073783,0.034626165109189325,189,359,202,309,237,247
1776767809.127716,2.7083669285613823,7,-8,10.63014581273465,1.2932050867073783,0.034626165109189325,189,359,202,309,237,247
1776767809.1845174,2.7083669285613823,7,-8,10.63014581273465,1.2932050867073783,0.034626165109189325,189,359,202,309,237,247
1776767809.2416873,2.7083669285613823,7,-8,10.63014581273465,1.2932050867073783,0.034626165109189325,189,359,202,309,237,247
1776767809.2987337,2.7083669285613823,7,-8,10.63014581273465,1.2932050867073783,0.034626165109189325,189,359,202,309,237,247
1776767809.3562236,2.7083669285613823,7,-8,10.63014581273465,1.2932050867073783,0.034626165109189325,189,359,202,309,237,247
1776767809.410063,2.7083669285613823,7,-8,10.63014581273465,1.2932050867073783,0.034626165109189325,189,359,202,309,237,247
1776767809.4669938,2.7083669285613823,7,-8,10.63014581273465,1.2932050867073783,0.034626165109189325,189,359,202,309,237,247
1776767809.524277,2.7083669285613823,7,-9,11.40175425099138,1.387074726397978,0.033483155908149105,189,359,202,309,237,246
1776767809.5815735,2.7083669285613823,7,-9,11.40175425099138,1.387074726397978,0.033483155908149105,189,359,202,309,237,246
1776767809.6400218,2.7083669285613823,7,-9,11.40175425099138,1.387074726397978,0.033483155908149105,189,359,202,309,237,246
1776767809.6962805,2.7083669285613823,7,-9,11.40175425099138,1.387074726397978,0.033483155908149105,189,359,202,309,237,246
1776767809.7497861,2.7083669285613823,7,-9,11.40175425099138,1.387074726397978,0.033483155908149105,189,359,202,309,237,246
1776767809.8067343,2.7083669285613823,7,-9,11.40175425099138,1.387074726397978,0.033483155908149105,189,359,202,309,237,246
1776767809.863881,2.7083669285613823,7,-9,11.40175425099138,1.387074726397978,0.033483155908149105,189,359,202,309,237,246
1776767809.921337,2.7083669285613823,7,-9,11.40175425099138,1.387074726397978,0.033483155908149105,189,359,202,309,237,246
1776767809.978278,2.7083669285613823,7,-9,11.40175425099138,1.387074726397978,0.033483155908149105,189,359,202,309,237,246
1776767810.0356004,2.7083669285613823,7,-9,11.40175425099138,1.387074726397978,0.033483155908149105,189,359,202,309,237,246
1776767810.0891438,2.7083669285613823,7,-9,11.40175425099138,1.387074726397978,0.033483155908149105,189,359,202,309,237,246
1776767810.1463645,2.7083669285613823,7,-9,11.40175425099138,1.387074726397978,0.033483155908149105,189,359,202,309,237,246
1776767810.2036932,2.7083669285613823,7,-9,11.40175425099138,1.387074726397978,0.033483155908149105,189,359,202,309,237,246
1776767810.261284,2.7083669285613823,7,-9,11.40175425099138,1.387074726397978,0.033483155908149105,189,359,202,309,237,246
1776767810.3186362,2.7083669285613823,7,-9,11.40175425099138,1.387074726397978,0.033483155908149105,189,359,202,309,237,246
1776767810.3757684,2.7083669285613823,7,-9,11.40175425099138,1.387074726397978,0.033483155908149105,189,359,202,309,237,246
1776767810.4294736,2.7083669285613823,7,-9,11.40175425099138,1.387074726397978,0.033483155908149105,189,359,202,309,237,246
1776767810.4868374,2.7083669285613823,7,-9,11.40175425099138,1.387074726397978,0.033483155908149105,189,359,202,309,237,246
1776767810.5437248,2.7083669285613823,7,-9,11.40175425099138,1.387074726397978,0.033483155908149105,189,359,202,309,237,246
1776767810.6014476,2.7083669285613823,7,-9,11.40175425099138,1.387074726397978,0.033483155908149105,189,359,202,309,237,246
1776767810.6587374,2.7083669285613823,7,-9,11.40175425099138,1.387074726397978,0.033483155908149105,189,359,202,309,237,246
1776767810.7124805,2.7083669285613823,7,-9,11.40175425099138,1.387074726397978,0.033483155908149105,189,359,202,309,237,246
1776767810.7693477,2.7083669285613823,7,-9,11.40175425099138,1.387074726397978,0.033483155908149105,189,359,202,309,237,246
1776767810.8267455,2.7083669285613823,7,-9,11.40175425099138,1.387074726397978,0.033483155908149105,189,359,202,309,237,246
1776767810.8834856,2.7083669285613823,7,-9,11.40175425099138,1.387074726397978,0.033483155908149105,189,359,202,309,237,246
1776767810.941542,2.7083669285613823,7,-9,11.40175425099138,1.387074726397978,0.033483155908149105,189,359,202,309,237,246
1776767810.999407,2.7083669285613823,7,-9,11.40175425099138,1.387074726397978,0.033483155908149105,189,359,202,309,237,246
1776767811.051979,2.7083669285613823,7,-9,11.40175425099138,1.387074726397978,0.033483155908149105,189,359,202,309,237,246
1776767811.1096458,2.7083669285613823,7,-9,11.40175425099138,1.387074726397978,0.033483155908149105,189,359,202,309,237,246
1776767811.1666017,2.7083669285613823,7,-9,11.40175425099138,1.387074726397978,0.033483155908149105,189,359,202,309,237,246
1776767811.2234652,2.7083669285613823,7,-9,11.40175425099138,1.387074726397978,0.033483155908149105,189,359,202,309,237,246
1776767811.281318,2.7083669285613823,7,-9,11.40175425099138,1.387074726397978,0.033483155908149105,189,359,202,309,237,246
1776767811.3384664,2.7083669285613823,7,-9,11.40175425099138,1.387074726397978,0.033483155908149105,189,359,202,309,237,246
1776767811.3920095,2.7083669285613823,7,-9,11.40175425099138,1.387074726397978,0.033483155908149105,189,359,202,309,237,246
1776767811.4492238,2.7083669285613823,7,-9,11.40175425099138,1.387074726397978,0.033483155908149105,189,359,202,309,237,246
1776767811.5065188,2.7083669285613823,7,-9,11.40175425099138,1.387074726397978,0.033483155908149105,189,359,202,309,237,246
1776767811.5633767,2.7083669285613823,7,-9,11.40175425099138,1.387074726397978,0.033483155908149105,189,359,202,309,237,246
1776767811.6207888,2.7083669285613823,7,-9,11.40175425099138,1.387074726397978,0.033483155908149105,189,359,202,309,237,246
1776767811.6785166,2.7083669285613823,7,-9,11.40175425099138,1.387074726397978,0.033483155908149105,189,359,202,309,237,246
1776767811.7319496,2.7083669285613823,7,-9,11.40175425099138,1.387074726397978,0.033483155908149105,189,359,202,309,237,246
1776767811.7892292,2.7083669285613823,7,-9,11.40175425099138,1.387074726397978,0.033483155908149105,189,359,202,309,237,246
1776767811.8464057,2.7083669285613823,7,-9,11.40175425099138,1.387074726397978,0.033483155908149105,189,359,202,309,237,246
1776767811.9038434,2.7083669285613823,7,-9,11.40175425099138,1.387074726397978,0.033483155908149105,189,359,202,309,237,246
1776767811.961189,2.7083669285613823,7,-9,11.40175425099138,1.387074726397978,0.033483155908149105,189,359,202,309,237,246
1776767812.0183082,2.7083669285613823,7,-9,11.40175425099138,1.387074726397978,0.033483155908149105,189,359,202,309,237,246
1776767812.072139,2.7083669285613823,7,-9,11.40175425099138,1.387074726397978,0.033483155908149105,189,359,202,309,237,246
1776767812.1293955,2.7083669285613823,7,-9,11.40175425099138,1.387074726397978,0.033483155908149105,189,359,202,309,237,246
1776767812.186506,2.7083669285613823,7,-9,11.40175425099138,1.387074726397978,0.033483155908149105,189,359,202,309,237,246
1776767812.2433515,2.7083669285613823,7,-9,11.40175425099138,1.387074726397978,0.033483155908149105,189,359,202,309,237,246
1776767812.3006322,2.7083669285613823,7,-9,11.40175425099138,1.387074726397978,0.033483155908149105,189,359,202,309,237,246
1776767812.3582315,2.7083669285613823,7,-9,11.40175425099138,1.387074726397978,0.033483155908149105,189,359,202,309,237,246
1776767812.4117482,2.7083669285613823,7,-9,11.40175425099138,1.387074726397978,0.033483155908149105,189,359,202,309,237,246
1776767812.4691818,2.7083669285613823,7,-9,11.40175425099138,1.387074726397978,0.033483155908149105,189,359,202,309,237,246
1776767812.525978,2.7083669285613823,7,-9,11.40175425099138,1.387074726397978,0.033483155908149105,189,359,202,309,237,246
1776767812.583947,2.7083669285613823,7,-9,11.40175425099138,1.387074726397978,0.033483155908149105,189,359,202,309,237,246
1776767812.6413474,2.7083669285613823,7,-9,11.40175425099138,1.387074726397978,0.033483155908149105,189,359,202,309,237,246
1776767812.6951506,2.7083669285613823,7,-9,11.40175425099138,1.387074726397978,0.033483155908149105,189,359,202,309,237,246
1776767812.7520537,2.7083669285613823,7,-9,11.40175425099138,1.387074726397978,0.033483155908149105,189,359,202,309,237,246
1776767812.8088443,2.7083669285613823,7,-9,11.40175425099138,1.387074726397978,0.033483155908149105,189,359,202,309,237,246
1776767812.866155,2.7083669285613823,7,-9,11.40175425099138,1.387074726397978,0.033483155908149105,189,359,202,309,237,246
1776767812.9238305,2.7083669285613823,7,-9,11.40175425099138,1.387074726397978,0.033483155908149105,189,359,202,309,237,246
1776767812.981134,2.7083669285613823,7,-9,11.40175425099138,1.387074726397978,0.033483155908149105,189,359,202,309,237,246
1776767813.0344012,2.7083669285613823,7,-9,11.40175425099138,1.387074726397978,0.033483155908149105,189,359,202,309,237,246
1776767813.0917938,2.7083669285613823,7,-9,11.40175425099138,1.387074726397978,0.033483155908149105,189,359,202,309,237,246
1776767813.1494594,2.7083669285613823,7,-9,11.40175425099138,1.387074726397978,0.033483155908149105,189,359,202,309,237,246
1776767813.2062132,2.7083669285613823,7,-9,11.40175425099138,1.387074726397978,0.033483155908149105,189,359,202,309,237,246
1776767813.263637,2.7083669285613823,7,-9,11.40175425099138,1.387074726397978,0.033483155908149105,189,359,202,309,237,246
1776767813.3205233,2.7083669285613823,7,-9,11.40175425099138,1.387074726397978,0.033483155908149105,189,359,202,309,237,246
1776767813.3744032,2.7083669285613823,7,-9,11.40175425099138,1.387074726397978,0.033483155908149105,189,359,202,309,237,246
1776767813.431198,2.7083669285613823,7,-9,11.40175425099138,1.387074726397978,0.033483155908149105,189,359,202,309,237,246
1776767813.4891791,2.7083669285613823,7,-9,11.40175425099138,1.387074726397978,0.033483155908149105,189,359,202,309,237,246
1776767813.5904105,2.7083669285613823,7,-9,11.40175425099138,1.387074726397978,0.033483155908149105,189,359,202,309,237,246
1776767813.6609771,2.7083669285613823,7,-9,11.40175425099138,1.387074726397978,0.033483155908149105,189,359,202,309,237,246
1776767813.7141297,2.7083669285613823,7,-9,11.40175425099138,1.387074726397978,0.033483155908149105,189,359,202,309,237,246
1776767813.7719262,2.7083669285613823,7,-9,11.40175425099138,1.387074726397978,0.033483155908149105,189,359,202,309,237,246
1776767813.829237,2.7083669285613823,7,-9,11.40175425099138,1.387074726397978,0.033483155908149105,189,359,202,309,237,246
1776767813.8866315,2.7083669285613823,7,-9,11.40175425099138,1.387074726397978,0.033483155908149105,189,359,202,309,237,246
1776767813.9442437,2.7083669285613823,7,-9,11.40175425099138,1.387074726397978,0.033483155908149105,189,359,202,309,237,246
1776767814.001179,2.7083669285613823,7,-9,11.40175425099138,1.387074726397978,0.033483155908149105,189,359,202,309,237,246
1776767814.0539901,2.7083669285613823,7,-9,11.40175425099138,1.387074726397978,0.033483155908149105,189,359,202,309,237,246
1776767814.1119804,2.7083669285613823,7,-9,11.40175425099138,1.387074726397978,0.033483155908149105,189,359,202,309,237,246
1776767814.1684363,2.7083669285613823,7,-9,11.40175425099138,1.387074726397978,0.033483155908149105,189,359,202,309,237,246
1776767814.2266316,2.7083669285613823,7,-9,11.40175425099138,1.387074726397978,0.033483155908149105,189,359,202,309,237,246
1776767814.2834368,2.7083669285613823,7,-9,11.40175425099138,1.387074726397978,0.033483155908149105,189,359,202,309,237,246
1776767814.3368654,2.7083669285613823,7,-9,11.40175425099138,1.387074726397978,0.033483155908149105,189,359,202,309,237,246
1776767814.3942604,2.7083669285613823,7,-9,11.40175425099138,1.387074726397978,0.033483155908149105,189,359,202,309,237,246
1776767814.45123,2.7083669285613823,7,-9,11.40175425099138,1.387074726397978,0.033483155908149105,189,359,202,309,237,246
1776767814.5082643,2.7083669285613823,7,-9,11.40175425099138,1.387074726397978,0.033483155908149105,189,359,202,309,237,246
1776767814.5656972,2.7083669285613823,7,-9,11.40175425099138,1.387074726397978,0.033483155908149105,189,359,202,309,237,246
1776767814.6229193,2.7083669285613823,7,-9,11.40175425099138,1.387074726397978,0.033483155908149105,189,359,202,309,237,246
1776767814.676768,2.7083669285613823,7,-9,11.40175425099138,1.387074726397978,0.033483155908149105,189,359,202,309,237,246
1776767814.7339654,2.7083669285613823,7,-9,11.40175425099138,1.387074726397978,0.033483155908149105,189,359,202,309,237,246
1776767814.7918735,2.7083669285613823,7,-9,11.40175425099138,1.387074726397978,0.033483155908149105,189,359,202,309,237,246
1776767814.8489172,2.7083669285613823,7,-9,11.40175425099138,1.387074726397978,0.033483155908149105,189,359,202,309,237,246
1776767814.906583,2.7083669285613823,7,-9,11.40175425099138,1.387074726397978,0.033483155908149105,189,359,202,309,237,246
1776767814.9632618,2.7083669285613823,7,-9,11.40175425099138,1.387074726397978,0.033483155908149105,189,359,202,309,237,246
1776767815.016592,2.7083669285613823,7,-9,11.40175425099138,1.387074726397978,0.033483155908149105,189,359,202,309,237,246
1776767815.0740163,2.7083669285613823,7,-9,11.40175425099138,1.387074726397978,0.033483155908149105,189,359,202,309,237,246
1776767815.1316767,2.7083669285613823,7,-9,11.40175425099138,1.387074726397978,0.033483155908149105,189,359,202,309,237,246
1776767815.188729,2.7083669285613823,7,-9,11.40175425099138,1.387074726397978,0.033483155908149105,189,359,202,309,237,246
1776767815.246137,2.7083669285613823,7,-9,11.40175425099138,1.387074726397978,0.033483155908149105,189,359,202,309,237,246
1776767815.3033814,2.7083669285613823,7,-9,11.40175425099138,1.387074726397978,0.033483155908149105,189,359,202,309,237,246
1776767815.3570275,2.7083669285613823,7,-9,11.40175425099138,1.387074726397978,0.033483155908149105,189,359,202,309,237,246
1776767815.41381,2.7083669285613823,7,-9,11.40175425099138,1.387074726397978,0.033483155908149105,189,359,202,309,237,246
1776767815.471359,2.7083669285613823,7,-9,11.40175425099138,1.387074726397978,0.033483155908149105,189,359,202,309,237,246
1776767815.5287662,2.7083669285613823,7,-9,11.40175425099138,1.387074726397978,0.033483155908149105,189,359,202,309,237,246
1776767815.5860124,2.7083669285613823,7,-9,11.40175425099138,1.387074726397978,0.033483155908149105,189,359,202,309,237,246
1776767815.6432724,2.7083669285613823,7,-9,11.40175425099138,1.387074726397978,0.033483155908149105,189,359,202,309,237,246
1776767815.6967745,2.7083669285613823,7,-9,11.40175425099138,1.387074726397978,0.033483155908149105,189,359,202,309,237,246
1776767815.753937,2.7083669285613823,7,-9,11.40175425099138,1.387074726397978,0.033483155908149105,189,359,202,309,237,246
1776767815.811342,2.7083669285613823,7,-9,11.40175425099138,1.387074726397978,0.033483155908149105,189,359,202,309,237,246
1776767815.868426,2.7083669285613823,7,-9,11.40175425099138,1.387074726397978,0.033483155908149105,189,359,202,309,237,246
1776767815.926038,2.7083669285613823,7,-9,11.40175425099138,1.387074726397978,0.033483155908149105,189,359,202,309,237,246
1776767815.9794245,2.7083669285613823,7,-9,11.40175425099138,1.387074726397978,0.033483155908149105,189,359,202,309,237,246
1776767816.036801,2.7083669285613823,7,-9,11.40175425099138,1.387074726397978,0.033483155908149105,189,359,202,309,237,246
1776767816.0941722,2.7083669285613823,7,-9,11.40175425099138,1.387074726397978,0.033483155908149105,189,359,202,309,237,246
1776767816.1517773,2.7083669285613823,7,-9,11.40175425099138,1.387074726397978,0.033483155908149105,189,359,202,309,237,246
1776767816.2084668,2.7083669285613823,7,-9,11.40175425099138,1.387074726397978,0.033483155908149105,189,359,202,309,237,246
1776767816.2657983,2.7083669285613823,7,-9,11.40175425099138,1.387074726397978,0.033483155908149105,189,359,202,309,237,246
1776767816.3192909,2.7083669285613823,7,-9,11.40175425099138,1.387074726397978,0.033483155908149105,189,359,202,309,237,246
1776767816.3763704,2.7083669285613823,7,-9,11.40175425099138,1.387074726397978,0.033483155908149105,189,359,202,309,237,246
1776767816.4338534,2.7083669285613823,7,-9,11.40175425099138,1.387074726397978,0.033483155908149105,189,359,202,309,237,246
1776767816.4909737,2.7083669285613823,7,-9,11.40175425099138,1.387074726397978,0.033483155908149105,189,359,202,309,237,246
1776767816.5483618,2.7083669285613823,7,-9,11.40175425099138,1.387074726397978,0.033483155908149105,189,359,202,309,237,246
1776767816.6060367,2.7083669285613823,7,-9,11.40175425099138,1.387074726397978,0.033483155908149105,189,359,202,309,237,246
1776767816.6592963,2.7083669285613823,7,-9,11.40175425099138,1.387074726397978,0.033483155908149105,189,359,202,309,237,246
1776767816.7165587,2.7083669285613823,7,-9,11.40175425099138,1.387074726397978,0.033483155908149105,189,359,202,309,237,246
1776767816.7737536,2.7083669285613823,7,-9,11.40175425099138,1.387074726397978,0.033483155908149105,189,359,202,309,237,246
1776767816.8305705,2.7083669285613823,7,-9,11.40175425099138,1.387074726397978,0.033483155908149105,189,359,202,309,237,246
1776767816.8882246,2.7083669285613823,7,-9,11.40175425099138,1.387074726397978,0.033483155908149105,189,359,202,309,237,246
1776767816.945874,2.7083669285613823,7,-9,11.40175425099138,1.387074726397978,0.033483155908149105,189,359,202,309,237,246
1776767816.9992812,2.7083669285613823,7,-9,11.40175425099138,1.387074726397978,0.033483155908149105,189,359,202,309,237,246
1776767817.0565982,2.7083669285613823,7,-9,11.40175425099138,1.387074726397978,0.033483155908149105,189,359,202,309,237,246
1776767817.1137803,2.7083669285613823,7,-9,11.40175425099138,1.387074726397978,0.033483155908149105,189,359,202,309,237,246
1776767817.1714387,2.7083669285613823,7,-9,11.40175425099138,1.387074726397978,0.033483155908149105,189,359,202,309,237,246
1776767817.228433,2.7083669285613823,7,-9,11.40175425099138,1.387074726397978,0.033483155908149105,189,359,202,309,237,246
1776767817.2856097,2.7083669285613823,7,-9,11.40175425099138,1.387074726397978,0.033483155908149105,189,359,202,309,237,246
1776767817.3391402,2.7083669285613823,7,-9,11.40175425099138,1.387074726397978,0.033483155908149105,189,359,202,309,237,246
1776767817.3964512,2.7083669285613823,7,-9,11.40175425099138,1.387074726397978,0.033483155908149105,189,359,202,309,237,246
1776767817.4534152,2.7083669285613823,7,-9,11.40175425099138,1.387074726397978,0.033483155908149105,189,359,202,309,237,246
1776767817.5120032,2.7083669285613823,7,-9,11.40175425099138,1.387074726397978,0.033483155908149105,189,359,202,309,237,246
1776767817.5683835,2.7083669285613823,7,-9,11.40175425099138,1.387074726397978,0.033483155908149105,189,359,202,309,237,246
1776767817.6256611,2.7083669285613823,7,-9,11.40175425099138,1.387074726397978,0.033483155908149105,189,359,202,309,237,246
1776767817.679355,2.7083669285613823,7,-9,11.40175425099138,1.387074726397978,0.033483155908149105,189,359,202,309,237,246
1776767817.7361944,2.7083669285613823,7,-9,11.40175425099138,1.387074726397978,0.033483155908149105,189,359,202,309,237,246
1776767817.7942326,2.7083669285613823,7,-9,11.40175425099138,1.387074726397978,0.033483155908149105,189,359,202,309,237,246
1776767817.8512654,2.7083669285613823,7,-9,11.40175425099138,1.387074726397978,0.033483155908149105,189,359,202,309,237,246
1776767817.908438,2.7083669285613823,7,-9,11.40175425099138,1.387074726397978,0.033483155908149105,189,359,202,309,237,246
1776767817.9617674,2.7083669285613823,7,-9,11.40175425099138,1.387074726397978,0.033483155908149105,189,359,202,309,237,246
1776767818.0187821,2.7083669285613823,7,-9,11.40175425099138,1.387074726397978,0.033483155908149105,189,359,202,309,237,246
1776767818.0763662,2.7083669285613823,7,-9,11.40175425099138,1.387074726397978,0.033483155908149105,189,359,202,309,237,246
1776767818.1337242,2.7083669285613823,7,-9,11.40175425099138,1.387074726397978,0.033483155908149105,189,359,202,309,237,246
1776767818.1908858,2.7083669285613823,7,-9,11.40175425099138,1.387074726397978,0.033483155908149105,189,359,202,309,237,246
1776767818.248182,2.7083669285613823,7,-9,11.40175425099138,1.387074726397978,0.033483155908149105,189,359,202,309,237,246
1776767818.3011298,2.7083669285613823,7,-9,11.40175425099138,1.387074726397978,0.033483155908149105,189,359,202,309,237,246
1776767818.358644,2.7083669285613823,7,-9,11.40175425099138,1.387074726397978,0.033483155908149105,189,359,202,309,237,246
1776767818.4163218,2.7083669285613823,7,-9,11.40175425099138,1.387074726397978,0.033483155908149105,189,359,202,309,237,246
1776767818.473183,2.7083669285613823,7,-9,11.40175425099138,1.387074726397978,0.033483155908149105,189,359,202,309,237,246
1776767818.530781,2.7083669285613823,7,-9,11.40175425099138,1.387074726397978,0.033483155908149105,189,359,202,309,237,246
1776767818.5883675,2.7083669285613823,7,-9,11.40175425099138,1.387074726397978,0.033483155908149105,189,359,202,309,237,246
1776767818.6421537,2.7083669285613823,7,-9,11.40175425099138,1.387074726397978,0.033483155908149105,189,359,202,309,237,246
1776767818.6990156,2.7083669285613823,7,-9,11.40175425099138,1.387074726397978,0.033483155908149105,189,359,202,309,237,246
1776767818.7560518,2.7083669285613823,7,-9,11.40175425099138,1.387074726397978,0.033483155908149105,189,359,202,309,237,246
1776767818.8138533,2.7083669285613823,7,-9,11.40175425099138,1.387074726397978,0.033483155908149105,189,359,202,309,237,246
1776767818.8707426,2.7083669285613823,7,-9,11.40175425099138,1.387074726397978,0.033483155908149105,189,359,202,309,237,246
1776767818.928268,2.7083669285613823,7,-9,11.40175425099138,1.387074726397978,0.033483155908149105,189,359,202,309,237,246
1776767818.9818094,2.7083669285613823,7,-9,11.40175425099138,1.387074726397978,0.033483155908149105,189,359,202,309,237,246
1776767819.0388818,2.7083669285613823,7,-9,11.40175425099138,1.387074726397978,0.033483155908149105,189,359,202,309,237,246
1776767819.095783,2.7083669285613823,7,-9,11.40175425099138,1.387074726397978,0.033483155908149105,189,359,202,309,237,246
1776767819.1538012,2.7083669285613823,7,-9,11.40175425099138,1.387074726397978,0.033483155908149105,189,359,202,309,237,246
1776767819.2104108,2.7083669285613823,7,-9,11.40175425099138,1.387074726397978,0.033483155908149105,189,359,202,309,237,246
1776767819.2680774,2.7083669285613823,7,-9,11.40175425099138,1.387074726397978,0.033483155908149105,189,359,202,309,237,246
1776767819.3214703,2.7083669285613823,7,-9,11.40175425099138,1.387074726397978,0.033483155908149105,189,359,202,309,237,246
1776767819.3788095,2.7083669285613823,7,-9,11.40175425099138,1.387074726397978,0.033483155908149105,189,359,202,309,237,246
1776767819.4363832,2.7083669285613823,7,-9,11.40175425099138,1.387074726397978,0.033483155908149105,189,359,202,309,237,246
1776767819.4929802,2.7083669285613823,7,-9,11.40175425099138,1.387074726397978,0.033483155908149105,189,359,202,309,237,246
1776767819.5507267,2.7083669285613823,7,-9,11.40175425099138,1.387074726397978,0.033483155908149105,189,359,202,309,237,246
1776767819.6078222,2.7083669285613823,7,-9,11.40175425099138,1.387074726397978,0.033483155908149105,189,359,202,309,237,246
1776767819.6615384,2.7083669285613823,7,-9,11.40175425099138,1.387074726397978,0.033483155908149105,189,359,202,309,237,246
1776767819.7191155,2.7083669285613823,7,-9,11.40175425099138,1.387074726397978,0.033483155908149105,189,359,202,309,237,246
1776767819.776624,2.7083669285613823,7,-9,11.40175425099138,1.387074726397978,0.033483155908149105,189,359,202,309,237,246
1776767819.8334281,2.7083669285613823,7,-9,11.40175425099138,1.387074726397978,0.033483155908149105,189,359,202,309,237,246
1776767819.890388,2.7083669285613823,7,-9,11.40175425099138,1.387074726397978,0.033483155908149105,189,359,202,309,237,246
1776767819.9437737,2.7083669285613823,7,-9,11.40175425099138,1.387074726397978,0.033483155908149105,189,359,202,309,237,246
1776767820.0015845,2.7083669285613823,7,-9,11.40175425099138,1.387074726397978,0.033483155908149105,189,359,202,309,237,246
1776767820.0584686,2.7083669285613823,7,-9,11.40175425099138,1.387074726397978,0.033483155908149105,189,359,202,309,237,246
1776767820.115492,2.7083669285613823,7,-9,11.40175425099138,1.387074726397978,0.033483155908149105,189,359,202,309,237,246
1776767820.1737514,2.7083669285613823,7,-9,11.40175425099138,1.387074726397978,0.033483155908149105,189,359,202,309,237,246
1776767820.2304177,2.7083669285613823,7,-9,11.40175425099138,1.387074726397978,0.033483155908149105,189,359,202,309,237,246
1776767820.2840579,2.7083669285613823,7,-9,11.40175425099138,1.387074726397978,0.033483155908149105,189,359,202,309,237,246
1776767820.341372,2.7083669285613823,7,-9,11.40175425099138,1.387074726397978,0.033483155908149105,189,359,202,309,237,246
1776767820.399134,2.7083669285613823,7,-9,11.40175425099138,1.387074726397978,0.033483155908149105,189,359,202,309,237,246
1776767820.4556484,2.7083669285613823,7,-9,11.40175425099138,1.387074726397978,0.033483155908149105,189,359,202,309,237,246
1776767820.5134413,2.7083669285613823,7,-9,11.40175425099138,1.387074726397978,0.033483155908149105,189,359,202,309,237,246
1776767820.5705867,2.7083669285613823,7,-9,11.40175425099138,1.387074726397978,0.033483155908149105,189,359,202,309,237,246
1776767820.62359,2.7083669285613823,7,-9,11.40175425099138,1.387074726397978,0.03384872909419949,189,360,202,309,237,246
1776767820.6812236,2.7083669285613823,7,-9,11.40175425099138,1.387074726397978,0.03384872909419949,189,360,202,309,237,246
1776767820.7388694,2.7083669285613823,7,-9,11.40175425099138,1.387074726397978,0.03384872909419949,189,360,202,309,237,246
1776767820.7962294,2.7083669285613823,7,-9,11.40175425099138,1.387074726397978,0.03384872909419949,189,360,202,309,237,246
1776767820.8527637,2.7083669285613823,7,-9,11.40175425099138,1.387074726397978,0.03384872909419949,189,360,202,309,237,246
1776767820.9101067,2.7083669285613823,7,-9,11.40175425099138,1.387074726397978,0.03384872909419949,189,360,202,309,237,246
1776767820.963477,2.7083669285613823,7,-9,11.40175425099138,1.387074726397978,0.03384872909419949,189,360,202,309,237,246
1776767821.0210443,2.7083669285613823,7,-9,11.40175425099138,1.387074726397978,0.03384872909419949,189,360,202,309,237,246
1776767821.0781803,2.7083669285613823,7,-9,11.40175425099138,1.387074726397978,0.03384872909419949,189,360,202,309,237,246
1776767821.1359525,2.7083669285613823,7,-9,11.40175425099138,1.387074726397978,0.03384872909419949,189,360,202,309,237,246
1776767821.1931734,2.7083669285613823,7,-9,11.40175425099138,1.387074726397978,0.03384872909419949,189,360,202,309,237,246
1776767821.2501829,2.7083669285613823,7,-9,11.40175425099138,1.387074726397978,0.03384872909419949,189,360,202,309,237,246
1776767821.3036835,2.7083669285613823,7,-9,11.40175425099138,1.387074726397978,0.03384872909419949,189,360,202,309,237,246
1776767821.3607771,2.7083669285613823,7,-9,11.40175425099138,1.387074726397978,0.03384872909419949,189,360,202,309,237,246
1776767821.4181538,2.7083669285613823,7,-9,11.40175425099138,1.387074726397978,0.03384872909419949,189,360,202,309,237,246
1776767821.476298,2.7083669285613823,7,-9,11.40175425099138,1.387074726397978,0.03384872909419949,189,360,202,309,237,246
1776767821.5327616,2.7083669285613823,7,-9,11.40175425099138,1.387074726397978,0.03384872909419949,189,360,202,309,237,246
1776767821.5912714,2.7083669285613823,7,-9,11.40175425099138,1.387074726397978,0.03384872909419949,189,360,202,309,237,246
1776767821.6443772,2.7083669285613823,7,-9,11.40175425099138,1.387074726397978,0.03384872909419949,189,360,202,309,237,246
1776767821.7021563,2.7083669285613823,7,-9,11.40175425099138,1.387074726397978,0.03384872909419949,189,360,202,309,237,246
1776767821.7580142,2.7083669285613823,7,-9,11.40175425099138,1.387074726397978,0.03384872909419949,189,360,202,309,237,246
1776767821.8160465,2.7083669285613823,7,-9,11.40175425099138,1.387074726397978,0.03384872909419949,189,360,202,309,237,246
1776767821.8725934,2.7083669285613823,7,-9,11.40175425099138,1.387074726397978,0.03384872909419949,189,360,202,309,237,246
1776767821.9260898,2.7083669285613823,7,-9,11.40175425099138,1.387074726397978,0.03384872909419949,189,360,202,309,237,246
1776767821.984328,2.7083669285613823,7,-9,11.40175425099138,1.387074726397978,0.03384872909419949,189,360,202,309,237,246
1776767822.0414436,2.7083669285613823,7,-9,11.40175425099138,1.387074726397978,0.03384872909419949,189,360,202,309,237,246
1776767822.0988393,2.7083669285613823,7,-9,11.40175425099138,1.387074726397978,0.03384872909419949,189,360,202,309,237,246
1776767822.156159,2.7083669285613823,7,-9,11.40175425099138,1.387074726397978,0.03384872909419949,189,360,202,309,237,246
1776767822.2137573,2.7083669285613823,7,-9,11.40175425099138,1.387074726397978,0.03384872909419949,189,360,202,309,237,246
1776767822.266564,2.7083669285613823,7,-9,11.40175425099138,1.387074726397978,0.03384872909419949,189,360,202,309,237,246
1776767822.3233657,2.7083669285613823,7,-9,11.40175425099138,1.387074726397978,0.03384872909419949,189,360,202,309,237,246
1776767822.3816175,2.7083669285613823,7,-9,11.40175425099138,1.387074726397978,0.03384872909419949,189,360,202,309,237,246
1776767822.4381597,2.7083669285613823,7,-9,11.40175425099138,1.387074726397978,0.03384872909419949,189,360,202,309,237,246
1776767822.4960828,2.7083669285613823,7,-9,11.40175425099138,1.387074726397978,0.03384872909419949,189,360,202,309,237,246
1776767822.5529768,2.7083669285613823,7,-9,11.40175425099138,1.387074726397978,0.03384872909419949,189,360,202,309,237,246
1776767822.606294,2.7083669285613823,7,-9,11.40175425099138,1.387074726397978,0.03384872909419949,189,360,202,309,237,246
1776767822.6636374,2.7083669285613823,7,-9,11.40175425099138,1.387074726397978,0.03384872909419949,189,360,202,309,237,246
1776767822.7214372,2.7083669285613823,7,-9,11.40175425099138,1.387074726397978,0.03384872909419949,189,360,202,309,237,246
1776767822.7785578,2.7083669285613823,7,-9,11.40175425099138,1.387074726397978,0.03384872909419949,189,360,202,309,237,246
1776767822.8357987,2.7083669285613823,7,-9,11.40175425099138,1.387074726397978,0.03384872909419949,189,360,202,309,237,246
1776767822.8931427,2.7083669285613823,7,-9,11.40175425099138,1.387074726397978,0.03384872909419949,189,360,202,309,237,246
1776767822.9462101,2.7083669285613823,7,-9,11.40175425099138,1.387074726397978,0.03384872909419949,189,360,202,309,237,246
1776767823.0039744,2.7083669285613823,7,-9,11.40175425099138,1.387074726397978,0.03384872909419949,189,360,202,309,237,246
1776767823.061211,2.7083669285613823,7,-9,11.40175425099138,1.387074726397978,0.03384872909419949,189,360,202,309,237,246
1776767823.1761205,2.7083669285613823,7,-9,11.40175425099138,1.387074726397978,0.03384872909419949,189,360,202,309,237,246
1776767823.233132,2.7083669285613823,7,-9,11.40175425099138,1.387074726397978,0.03384872909419949,189,360,202,309,237,246
1776767823.286979,2.7083669285613823,7,-9,11.40175425099138,1.387074726397978,0.03384872909419949,189,360,202,309,237,246
1776767823.3438628,2.7083669285613823,7,-9,11.40175425099138,1.387074726397978,0.03384872909419949,189,360,202,309,237,246
1776767823.4008546,2.7083669285613823,7,-9,11.40175425099138,1.387074726397978,0.03384872909419949,189,360,202,309,237,246
1776767823.4578283,2.7083669285613823,7,-9,11.40175425099138,1.387074726397978,0.03384872909419949,189,360,202,309,237,246
1776767823.5150192,2.7083669285613823,7,-9,11.40175425099138,1.387074726397978,0.03384872909419949,189,360,202,309,237,246
1776767823.568487,2.7083669285613823,7,-9,11.40175425099138,1.387074726397978,0.03384872909419949,189,360,202,309,237,246
1776767823.6258829,2.7083669285613823,7,-9,11.40175425099138,1.387074726397978,0.03384872909419949,189,360,202,309,237,246
1776767823.6835253,2.7083669285613823,7,-9,11.40175425099138,1.387074726397978,0.03384872909419949,189,360,202,309,237,246
1776767823.741095,2.7083669285613823,7,-9,11.40175425099138,1.387074726397978,0.03384872909419949,189,360,202,309,237,246
1776767823.7980392,2.7083669285613823,7,-9,11.40175425099138,1.387074726397978,0.03384872909419949,189,360,202,309,237,246
1776767823.855447,2.7083669285613823,7,-9,11.40175425099138,1.387074726397978,0.03384872909419949,189,360,202,309,237,246
1776767823.908992,2.7083669285613823,7,-9,11.40175425099138,1.387074726397978,0.03384872909419949,189,360,202,309,237,246
1776767823.966332,2.7083669285613823,7,-9,11.40175425099138,1.387074726397978,0.03384872909419949,189,360,202,309,237,246
1776767824.024627,2.7083669285613823,7,-9,11.40175425099138,1.387074726397978,0.03384872909419949,189,360,202,309,237,246
1776767824.0808146,2.7083669285613823,7,-9,11.40175425099138,1.387074726397978,0.03384872909419949,189,360,202,309,237,246
1776767824.137895,2.7083669285613823,7,-9,11.40175425099138,1.387074726397978,0.03384872909419949,189,360,202,309,237,246
1776767824.1955042,2.7083669285613823,7,-9,11.40175425099138,1.387074726397978,0.03384872909419949,189,360,202,309,237,246
1776767824.2488003,2.7083669285613823,7,-9,11.40175425099138,1.387074726397978,0.03384872909419949,189,360,202,309,237,246
1776767824.3056858,2.7083669285613823,7,-9,11.40175425099138,1.387074726397978,0.03384872909419949,189,360,202,309,237,246
1776767824.3637161,2.7083669285613823,7,-9,11.40175425099138,1.387074726397978,0.03384872909419949,189,360,202,309,237,246
1776767824.4205992,2.7083669285613823,7,-9,11.40175425099138,1.387074726397978,0.03384872909419949,189,360,202,309,237,246
1776767824.478097,2.7083669285613823,7,-9,11.40175425099138,1.387074726397978,0.03384872909419949,189,360,202,309,237,246
1776767824.5356126,2.7083669285613823,7,-9,11.40175425099138,1.387074726397978,0.03384872909419949,189,360,202,309,237,246
1776767824.5886776,2.7083669285613823,7,-9,11.40175425099138,1.387074726397978,0.03384872909419949,189,360,202,309,237,246
1776767824.6463656,2.7083669285613823,7,-9,11.40175425099138,1.387074726397978,0.03384872909419949,189,360,202,309,237,246
1776767824.7037473,2.7083669285613823,7,-9,11.40175425099138,1.387074726397978,0.03384872909419949,189,360,202,309,237,246
1776767824.7612503,2.7083669285613823,7,-9,11.40175425099138,1.387074726397978,0.03384872909419949,189,360,202,309,237,246
1776767824.8182876,2.7083669285613823,7,-9,11.40175425099138,1.387074726397978,0.03384872909419949,189,360,202,309,237,246
1776767824.8754675,2.7083669285613823,7,-9,11.40175425099138,1.387074726397978,0.03384872909419949,189,360,202,309,237,246
1776767824.9288402,2.7083669285613823,7,-9,11.40175425099138,1.387074726397978,0.03384872909419949,189,360,202,309,237,246
1776767824.9855857,2.7083669285613823,7,-9,11.40175425099138,1.387074726397978,0.03384872909419949,189,360,202,309,237,246
1776767825.0429418,2.7083669285613823,7,-9,11.40175425099138,1.387074726397978,0.03384872909419949,189,360,202,309,237,246
1776767825.1003351,2.7083669285613823,7,-9,11.40175425099138,1.387074726397978,0.03384872909419949,189,360,202,309,237,246
1776767825.1574743,2.7083669285613823,7,-9,11.40175425099138,1.387074726397978,0.03384872909419949,189,360,202,309,237,246
1776767825.2113523,2.7083669285613823,7,-9,11.40175425099138,1.387074726397978,0.03384872909419949,189,360,202,309,237,246
1776767825.2689657,2.7083669285613823,7,-9,11.40175425099138,1.387074726397978,0.03384872909419949,189,360,202,309,237,246
1776767825.3255882,2.7083669285613823,7,-9,11.40175425099138,1.387074726397978,0.03384872909419949,189,360,202,309,237,246
1776767825.3829932,2.7083669285613823,7,-9,11.40175425099138,1.387074726397978,0.03384872909419949,189,360,202,309,237,246
1776767825.4407406,2.7083669285613823,7,-9,11.40175425099138,1.387074726397978,0.03384872909419949,189,360,202,309,237,246
1776767825.4979317,2.7083669285613823,7,-9,11.40175425099138,1.387074726397978,0.03384872909419949,189,360,202,309,237,246
1776767825.5514526,2.7083669285613823,7,-9,11.40175425099138,1.387074726397978,0.03384872909419949,189,360,202,309,237,246
1776767825.6085522,2.7083669285613823,7,-9,11.40175425099138,1.387074726397978,0.03384872909419949,189,360,202,309,237,246
1776767825.665806,2.7083669285613823,7,-9,11.40175425099138,1.387074726397978,0.03384872909419949,189,360,202,309,237,246
1776767825.7235253,2.7083669285613823,7,-9,11.40175425099138,1.387074726397978,0.03384872909419949,189,360,202,309,237,246
1776767825.7808838,2.7083669285613823,7,-9,11.40175425099138,1.387074726397978,0.03384872909419949,189,360,202,309,237,246
1776767825.8374412,2.7083669285613823,7,-9,11.40175425099138,1.387074726397978,0.03384872909419949,189,360,202,309,237,246
1776767825.9486463,2.7083669285613823,7,-9,11.40175425099138,1.387074726397978,0.03384872909419949,189,360,202,309,237,246
1776767826.0055122,2.7083669285613823,7,-9,11.40175425099138,1.387074726397978,0.03384872909419949,189,360,202,309,237,246
1776767826.0627956,2.7083669285613823,7,-9,11.40175425099138,1.387074726397978,0.03384872909419949,189,360,202,309,237,246
1776767826.1199853,2.7083669285613823,7,-9,11.40175425099138,1.387074726397978,0.03384872909419949,189,360,202,309,237,246
1776767826.1773472,2.7083669285613823,7,-9,11.40175425099138,1.387074726397978,0.03384872909419949,189,360,202,309,237,246
1776767826.2306693,2.7083669285613823,7,-9,11.40175425099138,1.387074726397978,0.03384872909419949,189,360,202,309,237,246
1776767826.288112,2.7083669285613823,7,-9,11.40175425099138,1.387074726397978,0.03384872909419949,189,360,202,309,237,246
1776767826.3454945,2.7083669285613823,7,-9,11.40175425099138,1.387074726397978,0.03384872909419949,189,360,202,309,237,246
1776767826.403468,2.7083669285613823,7,-9,11.40175425099138,1.387074726397978,0.03384872909419949,189,360,202,309,237,246
1776767826.4607809,2.7083669285613823,7,-9,11.40175425099138,1.387074726397978,0.03384872909419949,189,360,202,309,237,246
1776767826.5181026,2.7083669285613823,7,-9,11.40175425099138,1.387074726397978,0.03384872909419949,189,360,202,309,237,246
1776767826.571434,2.7083669285613823,7,-9,11.40175425099138,1.387074726397978,0.03384872909419949,189,360,202,309,237,246
1776767826.6283996,2.7083669285613823,7,-9,11.40175425099138,1.387074726397978,0.03384872909419949,189,360,202,309,237,246
1776767826.6858394,2.7083669285613823,7,-9,11.40175425099138,1.387074726397978,0.03384872909419949,189,360,202,309,237,246
1776767826.742938,2.7083669285613823,7,-9,11.40175425099138,1.387074726397978,0.03384872909419949,189,360,202,309,237,246
1776767826.8006558,2.7083669285613823,7,-9,11.40175425099138,1.387074726397978,0.03384872909419949,189,360,202,309,237,246
1776767826.8574739,2.7083669285613823,7,-9,11.40175425099138,1.387074726397978,0.03384872909419949,189,360,202,309,237,246
1776767826.9112396,2.7083669285613823,7,-9,11.40175425099138,1.387074726397978,0.03384872909419949,189,360,202,309,237,246
1776767826.9679956,2.7083669285613823,7,-9,11.40175425099138,1.387074726397978,0.03384872909419949,189,360,202,309,237,246
1776767827.026328,2.7083669285613823,7,-9,11.40175425099138,1.387074726397978,0.03384872909419949,189,360,202,309,237,246
1776767827.0828657,2.7083669285613823,7,-9,11.40175425099138,1.387074726397978,0.03384872909419949,189,360,202,309,237,246
1776767827.140313,2.7083669285613823,7,-9,11.40175425099138,1.387074726397978,0.03384872909419949,189,360,202,309,237,246
1776767827.1938603,2.7083669285613823,7,-9,11.40175425099138,1.387074726397978,0.03384872909419949,189,360,202,309,237,246
1776767827.2514021,2.7083669285613823,7,-9,11.40175425099138,1.387074726397978,0.03384872909419949,189,360,202,309,237,246
1776767827.3086598,2.7083669285613823,7,-9,11.40175425099138,1.387074726397978,0.03384872909419949,189,360,202,309,237,246
1776767827.365697,2.7083669285613823,7,-9,11.40175425099138,1.387074726397978,0.03384872909419949,189,360,202,309,237,246
1776767827.4230607,2.7083669285613823,7,-9,11.40175425099138,1.387074726397978,0.03384872909419949,189,360,202,309,237,246
1776767827.4798992,2.7083669285613823,7,-9,11.40175425099138,1.387074726397978,0.03384872909419949,189,360,202,309,237,246
1776767827.5337503,2.7083669285613823,7,-9,11.40175425099138,1.387074726397978,0.03384872909419949,189,360,202,309,237,246
1776767827.5917358,2.7083669285613823,7,-9,11.40175425099138,1.387074726397978,0.03384872909419949,189,360,202,309,237,246
1776767827.6483784,2.7083669285613823,7,-9,11.40175425099138,1.387074726397978,0.03384872909419949,189,360,202,309,237,246
1776767827.7054996,2.7083669285613823,7,-9,11.40175425099138,1.387074726397978,0.03384872909419949,189,360,202,309,237,246
1776767827.762493,2.7083669285613823,7,-9,11.40175425099138,1.387074726397978,0.03384872909419949,189,360,202,309,237,246
1776767827.8204987,2.7083669285613823,7,-9,11.40175425099138,1.387074726397978,0.03384872909419949,189,360,202,309,237,246
1776767827.8744104,2.7083669285613823,7,-9,11.40175425099138,1.387074726397978,0.03384872909419949,189,360,202,309,237,246
1776767827.9310565,2.7083669285613823,7,-9,11.40175425099138,1.387074726397978,0.03384872909419949,189,360,202,309,237,246
1776767827.9883351,2.7083669285613823,7,-9,11.40175425099138,1.387074726397978,0.03384872909419949,189,360,202,309,237,246
1776767828.0451593,2.7083669285613823,7,-9,11.40175425099138,1.387074726397978,0.03384872909419949,189,360,202,309,237,246
1776767828.103055,2.7083669285613823,7,-9,11.40175425099138,1.387074726397978,0.03384872909419949,189,360,202,309,237,246
1776767828.15979,2.7083669285613823,7,-9,11.40175425099138,1.387074726397978,0.03384872909419949,189,360,202,309,237,246
1776767828.213949,2.7083669285613823,7,-9,11.40175425099138,1.387074726397978,0.03384872909419949,189,360,202,309,237,246
1776767828.27089,2.7083669285613823,7,-9,11.40175425099138,1.387074726397978,0.03384872909419949,189,360,202,309,237,246
1776767828.3278134,2.7083669285613823,7,-9,11.40175425099138,1.387074726397978,0.03384872909419949,189,360,202,309,237,246
1776767828.3853993,2.7083669285613823,7,-9,11.40175425099138,1.387074726397978,0.03384872909419949,189,360,202,309,237,246
1776767828.442822,2.7083669285613823,7,-9,11.40175425099138,1.387074726397978,0.03384872909419949,189,360,202,309,237,246
1776767828.49989,2.7083669285613823,7,-9,11.40175425099138,1.387074726397978,0.03384872909419949,189,360,202,309,237,246
1776767828.5533545,2.7083669285613823,7,-9,11.40175425099138,1.387074726397978,0.03384872909419949,189,360,202,309,237,246
1776767828.6108258,2.7083669285613823,7,-9,11.40175425099138,1.387074726397978,0.03384872909419949,189,360,202,309,237,246
1776767828.6681757,2.7083669285613823,7,-9,11.40175425099138,1.387074726397978,0.03384872909419949,189,360,202,309,237,246
1776767828.7255802,2.7083669285613823,7,-9,11.40175425099138,1.387074726397978,0.03384872909419949,189,360,202,309,237,246
1776767828.7832527,2.7083669285613823,7,-9,11.40175425099138,1.387074726397978,0.03384872909419949,189,360,202,309,237,246
1776767828.8362813,2.7083669285613823,7,-9,11.40175425099138,1.387074726397978,0.03384872909419949,189,360,202,309,237,246
1776767828.893585,2.7083669285613823,7,-9,11.40175425099138,1.387074726397978,0.03384872909419949,189,360,202,309,237,246
1776767828.9512732,2.7083669285613823,7,-9,11.40175425099138,1.387074726397978,0.03384872909419949,189,360,202,309,237,246
1776767829.0081844,2.7083669285613823,7,-9,11.40175425099138,1.387074726397978,0.03384872909419949,189,360,202,309,237,246
1776767829.065516,2.7083669285613823,7,-9,11.40175425099138,1.387074726397978,0.03384872909419949,189,360,202,309,237,246
1776767829.1226892,2.7083669285613823,7,-9,11.40175425099138,1.387074726397978,0.03384872909419949,189,360,202,309,237,246
1776767829.1760032,2.7083669285613823,7,-9,11.40175425099138,1.387074726397978,0.03384872909419949,189,360,202,309,237,246
1776767829.2342796,2.7083669285613823,7,-9,11.40175425099138,1.387074726397978,0.03384872909419949,189,360,202,309,237,246
1776767829.2912889,2.7083669285613823,7,-9,11.40175425099138,1.387074726397978,0.03384872909419949,189,360,202,309,237,246
1776767829.3484435,2.7083669285613823,7,-9,11.40175425099138,1.387074726397978,0.03384872909419949,189,360,202,309,237,246
1776767829.4090843,2.7083669285613823,7,-9,11.40175425099138,1.387074726397978,0.03384872909419949,189,360,202,309,237,246
1776767829.4621892,2.7083669285613823,7,-9,11.40175425099138,1.387074726397978,0.03384872909419949,189,360,202,309,237,246
1776767829.5156672,2.7083669285613823,7,-9,11.40175425099138,1.387074726397978,0.03384872909419949,189,360,202,309,237,246
1776767829.5731072,2.7083669285613823,7,-9,11.40175425099138,1.387074726397978,0.03384872909419949,189,360,202,309,237,246
1776767829.630423,2.7083669285613823,7,-9,11.40175425099138,1.387074726397978,0.03384872909419949,189,360,202,309,237,246
1776767829.6882505,2.7083669285613823,7,-9,11.40175425099138,1.387074726397978,0.03384872909419949,189,360,202,309,237,246
1776767829.7449536,2.7083669285613823,7,-9,11.40175425099138,1.387074726397978,0.03384872909419949,189,360,202,309,237,246
1776767829.8022084,2.7083669285613823,7,-9,11.40175425099138,1.387074726397978,0.03384872909419949,189,360,202,309,237,246
1776767829.8557243,2.7083669285613823,7,-9,11.40175425099138,1.387074726397978,0.03384872909419949,189,360,202,309,237,246
1776767829.9131312,2.7083669285613823,7,-9,11.40175425099138,1.387074726397978,0.03384872909419949,189,360,202,309,237,246
1776767829.9702742,2.7083669285613823,7,-9,11.40175425099138,1.387074726397978,0.03384872909419949,189,360,202,309,237,246
1776767830.0275111,2.7083669285613823,7,-9,11.40175425099138,1.387074726397978,0.03384872909419949,189,360,202,309,237,246
1776767830.0848358,2.7083669285613823,7,-9,11.40175425099138,1.387074726397978,0.03384872909419949,189,360,202,309,237,246
1776767830.1426396,2.7083669285613823,7,-9,11.40175425099138,1.387074726397978,0.03384872909419949,189,360,202,309,237,246
1776767830.1956854,2.7083669285613823,7,-9,11.40175425099138,1.387074726397978,0.03384872909419949,189,360,202,309,237,246
1776767830.2527728,2.7083669285613823,7,-9,11.40175425099138,1.387074726397978,0.03384872909419949,189,360,202,309,237,246
1776767830.3104987,2.7083669285613823,7,-9,11.40175425099138,1.387074726397978,0.03384872909419949,189,360,202,309,237,246
1776767830.367682,2.7083669285613823,7,-9,11.40175425099138,1.387074726397978,0.03384872909419949,189,360,202,309,237,246
1776767830.4247859,2.7083669285613823,7,-9,11.40175425099138,1.387074726397978,0.03384872909419949,189,360,202,309,237,246
1776767830.4821446,2.7083669285613823,7,-9,11.40175425099138,1.387074726397978,0.03384872909419949,189,360,202,309,237,246
1776767830.5370665,2.7083669285613823,7,-9,11.40175425099138,1.387074726397978,0.03384872909419949,189,360,202,309,237,246
1776767830.5927365,2.7083669285613823,7,-9,11.40175425099138,1.387074726397978,0.03384872909419949,189,360,202,309,237,246
1776767830.6500828,2.7083669285613823,7,-9,11.40175425099138,1.387074726397978,0.03384872909419949,189,360,202,309,237,246
1776767830.7075927,2.7083669285613823,7,-9,11.40175425099138,1.387074726397978,0.03384872909419949,189,360,202,309,237,246
1776767830.7655835,2.7083669285613823,7,-9,11.40175425099138,1.387074726397978,0.03384872909419949,189,360,202,309,237,246
1776767830.8191104,2.7083669285613823,7,-9,11.40175425099138,1.387074726397978,0.03384872909419949,189,360,202,309,237,246
1776767830.875867,2.7083669285613823,7,-9,11.40175425099138,1.387074726397978,0.03384872909419949,189,360,202,309,237,246
1776767830.932758,2.7083669285613823,7,-9,11.40175425099138,1.387074726397978,0.03384872909419949,189,360,202,309,237,246
1776767830.990006,2.7083669285613823,7,-9,11.40175425099138,1.387074726397978,0.03384872909419949,189,360,202,309,237,246
1776767831.0474315,2.7083669285613823,7,-9,11.40175425099138,1.387074726397978,0.03384872909419949,189,360,202,309,237,246
1776767831.10531,2.7083669285613823,7,-9,11.40175425099138,1.387074726397978,0.03384872909419949,189,360,202,309,237,246
1776767831.1593792,2.7083669285613823,7,-9,11.40175425099138,1.387074726397978,0.03384872909419949,189,360,202,309,237,246
1776767831.2159574,2.7083669285613823,7,-9,11.40175425099138,1.387074726397978,0.03384872909419949,189,360,202,309,237,246
1776767831.2733421,2.7083669285613823,7,-9,11.40175425099138,1.387074726397978,0.03384872909419949,189,360,202,309,237,246
1776767831.3300467,2.7083669285613823,7,-9,11.40175425099138,1.387074726397978,0.03384872909419949,189,360,202,309,237,246
1776767831.3874223,2.7083669285613823,7,-9,11.40175425099138,1.387074726397978,0.03384872909419949,189,360,202,309,237,246
1776767831.444695,2.7083669285613823,7,-9,11.40175425099138,1.387074726397978,0.03384872909419949,189,360,202,309,237,246
1776767831.4981315,2.7083669285613823,7,-9,11.40175425099138,1.387074726397978,0.03384872909419949,189,360,202,309,237,246
1776767831.555346,2.7083669285613823,7,-9,11.40175425099138,1.387074726397978,0.03384872909419949,189,360,202,309,237,246
1776767831.6127005,2.7083669285613823,7,-9,11.40175425099138,1.387074726397978,0.03384872909419949,189,360,202,309,237,246
1776767831.6701427,2.7083669285613823,7,-9,11.40175425099138,1.387074726397978,0.03384872909419949,189,360,202,309,237,246
1776767831.7273135,2.7083669285613823,7,-9,11.40175425099138,1.387074726397978,0.03384872909419949,189,360,202,309,237,246
1776767831.7845938,2.7083669285613823,7,-9,11.40175425099138,1.387074726397978,0.03384872909419949,189,360,202,309,237,246
1776767831.8380325,2.7083669285613823,7,-9,11.40175425099138,1.387074726397978,0.03384872909419949,189,360,202,309,237,246
1776767831.8953001,2.7083669285613823,7,-9,11.40175425099138,1.387074726397978,0.03384872909419949,189,360,202,309,237,246
1776767831.9528067,2.7083669285613823,7,-9,11.40175425099138,1.387074726397978,0.03384872909419949,189,360,202,309,237,246
1776767832.0099473,2.7083669285613823,7,-9,11.40175425099138,1.387074726397978,0.03384872909419949,189,360,202,309,237,246
1776767832.0672026,2.7083669285613823,7,-9,11.40175425099138,1.387074726397978,0.03384872909419949,189,360,202,309,237,246
1776767832.1245377,2.7083669285613823,7,-9,11.40175425099138,1.387074726397978,0.03384872909419949,189,360,202,309,237,246
1776767832.178037,2.7083669285613823,7,-9,11.40175425099138,1.387074726397978,0.03384872909419949,189,360,202,309,237,246
1776767832.2373266,2.7083669285613823,7,-9,11.40175425099138,1.387074726397978,0.03384872909419949,189,360,202,309,237,246
1776767832.2925584,2.7083669285613823,7,-9,11.40175425099138,1.387074726397978,0.03384872909419949,189,360,202,309,237,246
1776767832.3499045,2.7083669285613823,7,-9,11.40175425099138,1.387074726397978,0.03384872909419949,189,360,202,309,237,246
1776767832.4072971,2.7083669285613823,7,-9,11.40175425099138,1.387074726397978,0.03384872909419949,189,360,202,309,237,246
1776767832.4609678,2.7083669285613823,7,-9,11.40175425099138,1.387074726397978,0.03384872909419949,189,360,202,309,237,246
1776767832.5186164,2.7083669285613823,7,-9,11.40175425099138,1.387074726397978,0.03384872909419949,189,360,202,309,237,246
1776767832.5751808,2.7083669285613823,7,-9,11.40175425099138,1.387074726397978,0.03384872909419949,189,360,202,309,237,246
1776767832.6326346,2.7083669285613823,7,-9,11.40175425099138,1.387074726397978,0.03384872909419949,189,360,202,309,237,246
1776767832.6898532,2.7083669285613823,7,-9,11.40175425099138,1.387074726397978,0.03384872909419949,189,360,202,309,237,246
1776767832.747764,2.7083669285613823,7,-9,11.40175425099138,1.387074726397978,0.03384872909419949,189,360,202,309,237,246
1776767832.8015816,2.7083669285613823,7,-9,11.40175425099138,1.387074726397978,0.03384872909419949,189,360,202,309,237,246
1776767832.8584611,2.7083669285613823,7,-9,11.40175425099138,1.387074726397978,0.03384872909419949,189,360,202,309,237,246
1776767832.9724414,2.7083669285613823,7,-9,11.40175425099138,1.387074726397978,0.03384872909419949,189,360,202,309,237,246
1776767833.0298533,2.7083669285613823,7,-9,11.40175425099138,1.387074726397978,0.03384872909419949,189,360,202,309,237,246
1776767833.08707,2.7083669285613823,7,-9,11.40175425099138,1.387074726397978,0.03384872909419949,189,360,202,309,237,246
1776767833.1404822,2.7083669285613823,7,-9,11.40175425099138,1.387074726397978,0.03384872909419949,189,360,202,309,237,246
1776767833.1978095,2.7083669285613823,7,-9,11.40175425099138,1.387074726397978,0.03384872909419949,189,360,202,309,237,246
1776767833.2554562,2.7083669285613823,7,-9,11.40175425099138,1.387074726397978,0.03384872909419949,189,360,202,309,237,246
1776767833.3124366,2.7083669285613823,7,-9,11.40175425099138,1.387074726397978,0.03384872909419949,189,360,202,309,237,246
1776767833.3698077,2.7083669285613823,7,-9,11.40175425099138,1.387074726397978,0.03384872909419949,189,360,202,309,237,246
1776767833.4270442,2.7083669285613823,7,-9,11.40175425099138,1.387074726397978,0.03384872909419949,189,360,202,309,237,246
1776767833.4804502,2.7083669285613823,7,-9,11.40175425099138,1.387074726397978,0.03384872909419949,189,360,202,309,237,246
1776767833.537741,2.7083669285613823,7,-9,11.40175425099138,1.387074726397978,0.03384872909419949,189,360,202,309,237,246
1776767833.5950854,2.7083669285613823,7,-9,11.40175425099138,1.387074726397978,0.03384872909419949,189,360,202,309,237,246
1776767833.6524148,2.7083669285613823,7,-9,11.40175425099138,1.387074726397978,0.03384872909419949,189,360,202,309,237,246
1776767833.709654,2.7083669285613823,7,-9,11.40175425099138,1.387074726397978,0.03384872909419949,189,360,202,309,237,246
1776767833.7670205,2.7083669285613823,7,-9,11.40175425099138,1.387074726397978,0.03384872909419949,189,360,202,309,237,246
1776767833.820438,2.7083669285613823,7,-9,11.40175425099138,1.387074726397978,0.03384872909419949,189,360,202,309,237,246
1776767833.8778584,2.7083669285613823,7,-9,11.40175425099138,1.387074726397978,0.03384872909419949,189,360,202,309,237,246
1776767833.935181,2.7083669285613823,7,-9,11.40175425099138,1.387074726397978,0.03384872909419949,189,360,202,309,237,246
1776767833.9923317,2.7083669285613823,7,-9,11.40175425099138,1.387074726397978,0.03384872909419949,189,360,202,309,237,246
1776767834.049623,2.7083669285613823,7,-9,11.40175425099138,1.387074726397978,0.03384872909419949,189,360,202,309,237,246
1776767834.107037,2.7083669285613823,7,-9,11.40175425099138,1.387074726397978,0.03384872909419949,189,360,202,309,237,246
1776767834.1604183,2.7083669285613823,7,-9,11.40175425099138,1.387074726397978,0.03384872909419949,189,360,202,309,237,246
1776767834.218392,2.7083669285613823,7,-9,11.40175425099138,1.387074726397978,0.03384872909419949,189,360,202,309,237,246
1776767834.275761,2.7083669285613823,7,-9,11.40175425099138,1.387074726397978,0.03384872909419949,189,360,202,309,237,246
1776767834.3330684,2.7083669285613823,7,-9,11.40175425099138,1.387074726397978,0.03384872909419949,189,360,202,309,237,246
1776767834.3895738,2.7083669285613823,7,-9,11.40175425099138,1.387074726397978,0.03384872909419949,189,360,202,309,237,246
1776767834.443086,2.7083669285613823,7,-9,11.40175425099138,1.387074726397978,0.03384872909419949,189,360,202,309,237,246
1776767834.5009537,2.7083669285613823,7,-9,11.40175425099138,1.387074726397978,0.03384872909419949,189,360,202,309,237,246
1776767834.5584986,2.7083669285613823,7,-9,11.40175425099138,1.387074726397978,0.03384872909419949,189,360,202,309,237,246
1776767834.6161673,2.7083669285613823,7,-9,11.40175425099138,1.387074726397978,0.03384872909419949,189,360,202,309,237,246
1776767834.6731882,2.7083669285613823,7,-9,11.40175425099138,1.387074726397978,0.03384872909419949,189,360,202,309,237,246
1776767834.7299702,2.7083669285613823,7,-9,11.40175425099138,1.387074726397978,0.03384872909419949,189,360,202,309,237,246
1776767834.783411,2.7083669285613823,7,-9,11.40175425099138,1.387074726397978,0.03384872909419949,189,360,202,309,237,246
1776767834.840546,2.7083669285613823,7,-9,11.40175425099138,1.387074726397978,0.03384872909419949,189,360,202,309,237,246
1776767834.8974705,2.7083669285613823,7,-9,11.40175425099138,1.387074726397978,0.03384872909419949,189,360,202,309,237,246
1776767834.954801,2.7083669285613823,7,-9,11.40175425099138,1.387074726397978,0.03384872909419949,189,360,202,309,237,246
1776767835.0125775,2.7083669285613823,7,-9,11.40175425099138,1.387074726397978,0.03384872909419949,189,360,202,309,237,246
1776767835.0699403,2.7083669285613823,7,-9,11.40175425099138,1.387074726397978,0.03384872909419949,189,360,202,309,237,246
1776767835.1232643,2.7083669285613823,7,-9,11.40175425099138,1.387074726397978,0.03384872909419949,189,360,202,309,237,246
1776767835.1806967,2.7083669285613823,7,-9,11.40175425099138,1.387074726397978,0.03384872909419949,189,360,202,309,237,246
1776767835.2379487,2.7083669285613823,7,-9,11.40175425099138,1.387074726397978,0.03384872909419949,189,360,202,309,237,246
1776767835.2955132,2.7083669285613823,7,-9,11.40175425099138,1.387074726397978,0.03384872909419949,189,360,202,309,237,246
1776767835.3524027,2.7083669285613823,7,-9,11.40175425099138,1.387074726397978,0.03384872909419949,189,360,202,309,237,246
1776767835.4099693,2.7083669285613823,7,-9,11.40175425099138,1.387074726397978,0.03384872909419949,189,360,202,309,237,246
1776767835.4638457,2.7083669285613823,7,-9,11.40175425099138,1.387074726397978,0.03384872909419949,189,360,202,309,237,246
1776767835.5202105,2.7083669285613823,7,-9,11.40175425099138,1.387074726397978,0.03384872909419949,189,360,202,309,237,246
1776767835.5777676,2.7083669285613823,7,-9,11.40175425099138,1.387074726397978,0.03384872909419949,189,360,202,309,237,246
1776767835.6350827,2.7083669285613823,7,-9,11.40175425099138,1.387074726397978,0.03384872909419949,189,360,202,309,237,246
1776767835.6925435,2.7083669285613823,7,-9,11.40175425099138,1.387074726397978,0.03384872909419949,189,360,202,309,237,246
1776767835.7499497,2.7083669285613823,7,-9,11.40175425099138,1.387074726397978,0.03384872909419949,189,360,202,309,237,246
1776767835.80351,2.7083669285613823,7,-9,11.40175425099138,1.387074726397978,0.03384872909419949,189,360,202,309,237,246
1776767835.8605201,2.7083669285613823,7,-9,11.40175425099138,1.387074726397978,0.03384872909419949,189,360,202,309,237,246
1776767835.9178236,2.7083669285613823,7,-9,11.40175425099138,1.387074726397978,0.03384872909419949,189,360,202,309,237,246
1776767835.9760685,2.7083669285613823,7,-9,11.40175425099138,1.387074726397978,0.03384872909419949,189,360,202,309,237,246
1776767836.0321894,2.7083669285613823,7,-9,11.40175425099138,1.387074726397978,0.03384872909419949,189,360,202,309,237,246
1776767836.0897062,2.7083669285613823,7,-9,11.40175425099138,1.387074726397978,0.03384872909419949,189,360,202,309,237,246
1776767836.1432662,2.7083669285613823,7,-9,11.40175425099138,1.387074726397978,0.03384872909419949,189,360,202,309,237,246
1776767836.200315,2.7083669285613823,7,-9,11.40175425099138,1.387074726397978,0.03384872909419949,189,360,202,309,237,246
1776767836.2577314,2.7083669285613823,7,-9,11.40175425099138,1.387074726397978,0.03384872909419949,189,360,202,309,237,246
1776767836.3152394,2.7083669285613823,7,-9,11.40175425099138,1.387074726397978,0.03384872909419949,189,360,202,309,237,246
1776767836.3723357,2.7083669285613823,7,-9,11.40175425099138,1.387074726397978,0.03384872909419949,189,360,202,309,237,246
1776767836.4261408,2.7083669285613823,7,-9,11.40175425099138,1.387074726397978,0.03384872909419949,189,360,202,309,237,246
1776767836.4830625,2.7083669285613823,7,-9,11.40175425099138,1.387074726397978,0.03384872909419949,189,360,202,309,237,246
1776767836.5406024,2.7083669285613823,7,-9,11.40175425099138,1.387074726397978,0.03384872909419949,189,360,202,309,237,246
1776767836.5985384,2.7083669285613823,7,-9,11.40175425099138,1.387074726397978,0.03384872909419949,189,360,202,309,237,246
1776767836.6554022,2.7083669285613823,7,-9,11.40175425099138,1.387074726397978,0.03384872909419949,189,360,202,309,237,246
1776767836.7122347,2.7083669285613823,7,-9,11.40175425099138,1.387074726397978,0.03384872909419949,189,360,202,309,237,246
1776767836.7655811,2.7083669285613823,7,-9,11.40175425099138,1.387074726397978,0.03384872909419949,189,360,202,309,237,246
1776767836.823885,2.7083669285613823,7,-9,11.40175425099138,1.387074726397978,0.03384872909419949,189,360,202,309,237,246
1776767836.880385,2.7083669285613823,7,-9,11.40175425099138,1.387074726397978,0.03384872909419949,189,360,202,309,237,246
1776767836.9377494,2.7083669285613823,7,-9,11.40175425099138,1.387074726397978,0.03384872909419949,189,360,202,309,237,246
1776767836.9946074,2.7083669285613823,7,-9,11.40175425099138,1.387074726397978,0.03384872909419949,189,360,202,309,237,246
1776767837.0523477,2.7083669285613823,7,-9,11.40175425099138,1.387074726397978,0.03384872909419949,189,360,202,309,237,246
1776767837.1061282,2.7083669285613823,7,-9,11.40175425099138,1.387074726397978,0.03384872909419949,189,360,202,309,237,246
1776767837.1626399,2.7083669285613823,7,-9,11.40175425099138,1.387074726397978,0.03384872909419949,189,360,202,309,237,246
1776767837.2199457,2.7083669285613823,7,-9,11.40175425099138,1.387074726397978,0.03384872909419949,189,360,202,309,237,246
1776767837.277676,2.7083669285613823,7,-9,11.40175425099138,1.387074726397978,0.03384872909419949,189,360,202,309,237,246
1776767837.3356702,2.7083669285613823,7,-9,11.40175425099138,1.387074726397978,0.03384872909419949,189,360,202,309,237,246
1776767837.392187,2.7083669285613823,7,-9,11.40175425099138,1.387074726397978,0.03384872909419949,189,360,202,309,237,246
1776767837.4454052,2.7083669285613823,7,-9,11.40175425099138,1.387074726397978,0.03384872909419949,189,360,202,309,237,246
1776767837.5030541,2.7083669285613823,7,-9,11.40175425099138,1.387074726397978,0.03384872909419949,189,360,202,309,237,246
1776767837.5599685,2.7083669285613823,7,-9,11.40175425099138,1.387074726397978,0.03384872909419949,189,360,202,309,237,246
1776767837.6178017,2.7083669285613823,7,-9,11.40175425099138,1.387074726397978,0.03384872909419949,189,360,202,309,237,246
1776767837.6748843,2.7083669285613823,7,-9,11.40175425099138,1.387074726397978,0.03384872909419949,189,360,202,309,237,246
1776767837.7321253,2.7083669285613823,7,-9,11.40175425099138,1.387074726397978,0.03384872909419949,189,360,202,309,237,246
1776767837.785253,2.7083669285613823,7,-9,11.40175425099138,1.387074726397978,0.03384872909419949,189,360,202,309,237,246
1776767837.8429947,2.7083669285613823,7,-9,11.40175425099138,1.387074726397978,0.03384872909419949,189,360,202,309,237,246
1776767837.9002552,2.7083669285613823,7,-9,11.40175425099138,1.387074726397978,0.03384872909419949,189,360,202,309,237,246
1776767837.9576645,2.7083669285613823,7,-9,11.40175425099138,1.387074726397978,0.03384872909419949,189,360,202,309,237,246
1776767838.0146453,2.7083669285613823,7,-9,11.40175425099138,1.387074726397978,0.03384872909419949,189,360,202,309,237,246
1776767838.0717351,2.7083669285613823,7,-9,11.40175425099138,1.387074726397978,0.03384872909419949,189,360,202,309,237,246
1776767838.1256418,2.7083669285613823,7,-9,11.40175425099138,1.387074726397978,0.03384872909419949,189,360,202,309,237,246
1776767838.1829002,2.7083669285613823,7,-9,11.40175425099138,1.387074726397978,0.03384872909419949,189,360,202,309,237,246
1776767838.2402105,2.7083669285613823,7,-9,11.40175425099138,1.387074726397978,0.03384872909419949,189,360,202,309,237,246
1776767838.2976277,2.7083669285613823,7,-9,11.40175425099138,1.387074726397978,0.03384872909419949,189,360,202,309,237,246
1776767838.354893,2.7083669285613823,7,-9,11.40175425099138,1.387074726397978,0.03384872909419949,189,360,202,309,237,246
1776767838.4077842,2.7083669285613823,7,-9,11.40175425099138,1.387074726397978,0.03384872909419949,189,360,202,309,237,246
1776767838.46618,2.7083669285613823,7,-9,11.40175425099138,1.387074726397978,0.03384872909419949,189,360,202,309,237,246
1776767838.5228565,2.7083669285613823,7,-9,11.40175425099138,1.387074726397978,0.03384872909419949,189,360,202,309,237,246
1776767838.5800118,2.7083669285613823,7,-9,11.40175425099138,1.387074726397978,0.03384872909419949,189,360,202,309,237,246
1776767838.637678,2.7083669285613823,7,-9,11.40175425099138,1.387074726397978,0.03384872909419949,189,360,202,309,237,246
1776767838.7019026,2.7083669285613823,7,-9,11.40175425099138,1.387074726397978,0.03384872909419949,189,360,202,309,237,246
1776767838.747789,2.7083669285613823,7,-9,11.40175425099138,1.387074726397978,0.03384872909419949,189,360,202,309,237,246
1776767838.8051543,2.7083669285613823,7,-9,11.40175425099138,1.387074726397978,0.03384872909419949,189,360,202,309,237,246
1776767838.8629134,2.7083669285613823,7,-9,11.40175425099138,1.387074726397978,0.03384872909419949,189,360,202,309,237,246
1776767838.9200177,2.7083669285613823,7,-9,11.40175425099138,1.387074726397978,0.03384872909419949,189,360,202,309,237,246
1776767838.9778779,2.7083669285613823,7,-9,11.40175425099138,1.387074726397978,0.03384872909419949,189,360,202,309,237,246
1776767839.0347686,2.7083669285613823,7,-9,11.40175425099138,1.387074726397978,0.03384872909419949,189,360,202,309,237,246
1776767839.0882638,2.7083669285613823,7,-9,11.40175425099138,1.387074726397978,0.03384872909419949,189,360,202,309,237,246
1776767839.145441,2.7083669285613823,7,-9,11.40175425099138,1.387074726397978,0.03384872909419949,189,360,202,309,237,246
1776767839.2023983,2.7083669285613823,7,-9,11.40175425099138,1.387074726397978,0.03384872909419949,189,360,202,309,237,246
1776767839.2598085,2.7083669285613823,7,-9,11.40175425099138,1.387074726397978,0.03384872909419949,189,360,202,309,237,246
1776767839.317032,2.7083669285613823,7,-9,11.40175425099138,1.387074726397978,0.03384872909419949,189,360,202,309,237,246
1776767839.3742561,2.7083669285613823,7,-9,11.40175425099138,1.387074726397978,0.03384872909419949,189,360,202,309,237,246
1776767839.427634,2.7083669285613823,7,-9,11.40175425099138,1.387074726397978,0.03384872909419949,189,360,202,309,237,246
1776767839.4849384,2.7083669285613823,7,-9,11.40175425099138,1.387074726397978,0.03384872909419949,189,360,202,309,237,246
1776767839.542328,2.7083669285613823,7,-9,11.40175425099138,1.387074726397978,0.03384872909419949,189,360,202,309,237,246
1776767839.5995886,2.7083669285613823,7,-9,11.40175425099138,1.387074726397978,0.03384872909419949,189,360,202,309,237,246
1776767839.656929,2.7083669285613823,7,-9,11.40175425099138,1.387074726397978,0.03384872909419949,189,360,202,309,237,246
1776767839.714299,2.7083669285613823,7,-9,11.40175425099138,1.387074726397978,0.03384872909419949,189,360,202,309,237,246
1776767839.7679148,2.7083669285613823,7,-9,11.40175425099138,1.387074726397978,0.03384872909419949,189,360,202,309,237,246
1776767839.825427,2.7083669285613823,7,-9,11.40175425099138,1.387074726397978,0.03384872909419949,189,360,202,309,237,246
1776767839.8829963,2.7083669285613823,7,-9,11.40175425099138,1.387074726397978,0.03384872909419949,189,360,202,309,237,246
1776767839.9394913,2.7083669285613823,7,-9,11.40175425099138,1.387074726397978,0.03384872909419949,189,360,202,309,237,246
1776767839.9968572,2.7083669285613823,7,-9,11.40175425099138,1.387074726397978,0.03384872909419949,189,360,202,309,237,246
1776767840.0548131,2.7083669285613823,7,-9,11.40175425099138,1.387074726397978,0.03384872909419949,189,360,202,309,237,246
1776767840.1079876,2.7083669285613823,7,-9,11.40175425099138,1.387074726397978,0.03384872909419949,189,360,202,309,237,246
1776767840.1653364,2.7083669285613823,7,-9,11.40175425099138,1.387074726397978,0.03384872909419949,189,360,202,309,237,246
1776767840.2226791,2.7083669285613823,7,-9,11.40175425099138,1.387074726397978,0.03384872909419949,189,360,202,309,237,246
1776767840.3373733,2.7083669285613823,7,-9,11.40175425099138,1.387074726397978,0.03384872909419949,189,360,202,309,237,246
1776767840.3910477,2.7083669285613823,7,-9,11.40175425099138,1.387074726397978,0.03384872909419949,189,360,202,309,237,246
1776767840.447893,2.7083669285613823,7,-9,11.40175425099138,1.387074726397978,0.03384872909419949,189,360,202,309,237,246
1776767840.5050642,2.7083669285613823,7,-9,11.40175425099138,1.387074726397978,0.03384872909419949,189,360,202,309,237,246
1776767840.5623846,2.7083669285613823,7,-9,11.40175425099138,1.387074726397978,0.03384872909419949,189,360,202,309,237,246
1776767840.620116,2.7083669285613823,7,-9,11.40175425099138,1.387074726397978,0.03384872909419949,189,360,202,309,237,246
1776767840.677127,2.7083669285613823,7,-9,11.40175425099138,1.387074726397978,0.03384872909419949,189,360,202,309,237,246
1776767840.7305808,2.7083669285613823,7,-9,11.40175425099138,1.387074726397978,0.03384872909419949,189,360,202,309,237,246
1776767840.7879622,2.7083669285613823,7,-9,11.40175425099138,1.387074726397978,0.03384872909419949,189,360,202,309,237,246
1776767840.8452332,2.7083669285613823,7,-9,11.40175425099138,1.387074726397978,0.03384872909419949,189,360,202,309,237,246
1776767840.9026055,2.7083669285613823,7,-9,11.40175425099138,1.387074726397978,0.03384872909419949,189,360,202,309,237,246
1776767840.9595702,2.7083669285613823,7,-9,11.40175425099138,1.387074726397978,0.03384872909419949,189,360,202,309,237,246
1776767841.0169308,2.7083669285613823,7,-9,11.40175425099138,1.387074726397978,0.03384872909419949,189,360,202,309,237,246
1776767841.0700974,2.7083669285613823,7,-9,11.40175425099138,1.387074726397978,0.03384872909419949,189,360,202,309,237,246
1776767841.1275363,2.7083669285613823,7,-9,11.40175425099138,1.387074726397978,0.03384872909419949,189,360,202,309,237,246
1776767841.1852896,2.7083669285613823,7,-9,11.40175425099138,1.387074726397978,0.03384872909419949,189,360,202,309,237,246
1776767841.2421086,2.7083669285613823,7,-9,11.40175425099138,1.387074726397978,0.03384872909419949,189,360,202,309,237,246
1776767841.2999127,2.7083669285613823,7,-9,11.40175425099138,1.387074726397978,0.03384872909419949,189,360,202,309,237,246
1776767841.3573246,2.7083669285613823,7,-9,11.40175425099138,1.387074726397978,0.03384872909419949,189,360,202,309,237,246
1776767841.410028,2.7083669285613823,7,-9,11.40175425099138,1.387074726397978,0.03384872909419949,189,360,202,309,237,246
1776767841.4678028,2.7083669285613823,7,-9,11.40175425099138,1.387074726397978,0.03384872909419949,189,360,202,309,237,246
1776767841.525114,2.7083669285613823,7,-9,11.40175425099138,1.387074726397978,0.03384872909419949,189,360,202,309,237,246
1776767841.5824587,2.7083669285613823,7,-9,11.40175425099138,1.387074726397978,0.03384872909419949,189,360,202,309,237,246
1776767841.639713,2.7083669285613823,7,-9,11.40175425099138,1.387074726397978,0.03384872909419949,189,360,202,309,237,246
1776767841.696589,2.7083669285613823,7,-9,11.40175425099138,1.387074726397978,0.03384872909419949,189,360,202,309,237,246
1776767841.7504098,2.7083669285613823,7,-9,11.40175425099138,1.387074726397978,0.03384872909419949,189,360,202,309,237,246
1776767841.807719,2.7083669285613823,7,-9,11.40175425099138,1.387074726397978,0.03384872909419949,189,360,202,309,237,246
1776767841.8646646,2.7083669285613823,7,-9,11.40175425099138,1.387074726397978,0.03384872909419949,189,360,202,309,237,246
1776767841.9221487,2.7083669285613823,7,-9,11.40175425099138,1.387074726397978,0.03384872909419949,189,360,202,309,237,246
1776767841.979255,2.7083669285613823,7,-9,11.40175425099138,1.387074726397978,0.03384872909419949,189,360,202,309,237,246
1776767842.036969,2.7083669285613823,7,-9,11.40175425099138,1.387074726397978,0.03384872909419949,189,360,202,309,237,246
1776767842.0904052,2.7083669285613823,7,-9,11.40175425099138,1.387074726397978,0.03384872909419949,189,360,202,309,237,246
1776767842.147569,2.7083669285613823,7,-9,11.40175425099138,1.387074726397978,0.03384872909419949,189,360,202,309,237,246
1776767842.2045856,2.7083669285613823,7,-9,11.40175425099138,1.387074726397978,0.03384872909419949,189,360,202,309,237,246
1776767842.263413,2.7083669285613823,7,-9,11.40175425099138,1.387074726397978,0.03384872909419949,189,360,202,309,237,246
1776767842.3195913,2.7083669285613823,7,-9,11.40175425099138,1.387074726397978,0.03384872909419949,189,360,202,309,237,246
1776767842.3731892,2.7083669285613823,7,-9,11.40175425099138,1.387074726397978,0.03384872909419949,189,360,202,309,237,246
1776767842.4303675,2.7083669285613823,7,-9,11.40175425099138,1.387074726397978,0.03384872909419949,189,360,202,309,237,246
1776767842.4883976,2.7083669285613823,7,-9,11.40175425099138,1.387074726397978,0.03384872909419949,189,360,202,309,237,246
1776767842.5451367,2.7083669285613823,7,-9,11.40175425099138,1.387074726397978,0.03384872909419949,189,360,202,309,237,246
1776767842.6024418,2.7083669285613823,7,-9,11.40175425099138,1.387074726397978,0.03384872909419949,189,360,202,309,237,246
1776767842.6597126,2.7083669285613823,7,-9,11.40175425099138,1.387074726397978,0.03384872909419949,189,360,202,309,237,246
1776767842.712836,2.7083669285613823,7,-9,11.40175425099138,1.387074726397978,0.03384872909419949,189,360,202,309,237,246
1776767842.7701037,2.7083669285613823,7,-9,11.40175425099138,1.387074726397978,0.03384872909419949,189,360,202,309,237,246
1776767842.8278365,2.7083669285613823,7,-9,11.40175425099138,1.387074726397978,0.03384872909419949,189,360,202,309,237,246
1776767842.884802,2.7083669285613823,7,-9,11.40175425099138,1.387074726397978,0.03384872909419949,189,360,202,309,237,246
1776767842.9423022,2.7083669285613823,7,-9,11.40175425099138,1.387074726397978,0.03384872909419949,189,360,202,309,237,246
1776767843.0002227,2.7083669285613823,7,-9,11.40175425099138,1.387074726397978,0.03384872909419949,189,360,202,309,237,246
1776767843.1104062,2.7083669285613823,7,-9,11.40175425099138,1.387074726397978,0.03384872909419949,189,360,202,309,237,246
1776767843.167752,2.7083669285613823,7,-9,11.40175425099138,1.387074726397978,0.03384872909419949,189,360,202,309,237,246
1776767843.2245789,2.7083669285613823,7,-9,11.40175425099138,1.387074726397978,0.03384872909419949,189,360,202,309,237,246
1776767843.2816396,2.7083669285613823,7,-9,11.40175425099138,1.387074726397978,0.03384872909419949,189,360,202,309,237,246
1776767843.339358,2.7083669285613823,7,-9,11.40175425099138,1.387074726397978,0.03384872909419949,189,360,202,309,237,246
1776767843.392984,2.7083669285613823,7,-9,11.40175425099138,1.387074726397978,0.03384872909419949,189,360,202,309,237,246
1776767843.4500525,2.7083669285613823,7,-9,11.40175425099138,1.387074726397978,0.03384872909419949,189,360,202,309,237,246
1776767843.5075226,2.7083669285613823,7,-9,11.40175425099138,1.387074726397978,0.03384872909419949,189,360,202,309,237,246
1776767843.564804,2.7083669285613823,7,-9,11.40175425099138,1.387074726397978,0.03384872909419949,189,360,202,309,237,246
1776767843.6222522,2.7083669285613823,7,-9,11.40175425099138,1.387074726397978,0.03384872909419949,189,360,202,309,237,246
1776767843.679124,2.7083669285613823,7,-9,11.40175425099138,1.387074726397978,0.03384872909419949,189,360,202,309,237,246
1776767843.7331862,2.7083669285613823,7,-9,11.40175425099138,1.387074726397978,0.03384872909419949,189,360,202,309,237,246
1776767843.7903707,2.7083669285613823,7,-9,11.40175425099138,1.387074726397978,0.03384872909419949,189,360,202,309,237,246
1776767843.8477426,2.7083669285613823,7,-9,11.40175425099138,1.387074726397978,0.03384872909419949,189,360,202,309,237,246
1776767843.9043171,2.7083669285613823,7,-9,11.40175425099138,1.387074726397978,0.03384872909419949,189,360,202,309,237,246
1776767843.9616005,2.7083669285613823,7,-9,11.40175425099138,1.387074726397978,0.03384872909419949,189,360,202,309,237,246
1776767844.0150506,2.7083669285613823,7,-9,11.40175425099138,1.387074726397978,0.03384872909419949,189,360,202,309,237,246
1776767844.0724444,2.7083669285613823,7,-9,11.40175425099138,1.387074726397978,0.03384872909419949,189,360,202,309,237,246
1776767844.1296477,2.7083669285613823,7,-9,11.40175425099138,1.387074726397978,0.03384872909419949,189,360,202,309,237,246
1776767844.1873717,2.7083669285613823,7,-9,11.40175425099138,1.387074726397978,0.03384872909419949,189,360,202,309,237,246
1776767844.2448018,2.7083669285613823,7,-9,11.40175425099138,1.387074726397978,0.03384872909419949,189,360,202,309,237,246
1776767844.301566,2.7083669285613823,7,-9,11.40175425099138,1.387074726397978,0.03384872909419949,189,360,202,309,237,246
1776767844.3553107,2.7083669285613823,7,-9,11.40175425099138,1.387074726397978,0.03384872909419949,189,360,202,309,237,246
1776767844.4127014,2.7083669285613823,7,-9,11.40175425099138,1.387074726397978,0.03384872909419949,189,360,202,309,237,246
1776767844.4707875,2.7083669285613823,7,-9,11.40175425099138,1.387074726397978,0.03384872909419949,189,360,202,309,237,246
1776767844.5278401,2.7083669285613823,7,-9,11.40175425099138,1.387074726397978,0.03384872909419949,189,360,202,309,237,246
1776767844.5846128,2.7083669285613823,7,-9,11.40175425099138,1.387074726397978,0.03384872909419949,189,360,202,309,237,246
1776767844.6416373,2.7083669285613823,7,-9,11.40175425099138,1.387074726397978,0.03384872909419949,189,360,202,309,237,246
1776767844.6949317,2.7083669285613823,7,-9,11.40175425099138,1.387074726397978,0.03384872909419949,189,360,202,309,237,246
1776767844.7533514,2.7083669285613823,7,-9,11.40175425099138,1.387074726397978,0.03384872909419949,189,360,202,309,237,246
1776767844.8101146,2.7083669285613823,7,-9,11.40175425099138,1.387074726397978,0.03384872909419949,189,360,202,309,237,246
1776767844.867468,2.7083669285613823,7,-9,11.40175425099138,1.387074726397978,0.03384872909419949,189,360,202,309,237,246
1776767844.9244115,2.7083669285613823,7,-9,11.40175425099138,1.387074726397978,0.03384872909419949,189,360,202,309,237,246
1776767844.9816968,2.7083669285613823,7,-9,11.40175425099138,1.387074726397978,0.03384872909419949,189,360,202,309,237,246
1776767845.037787,2.7083669285613823,7,-9,11.40175425099138,1.387074726397978,0.03384872909419949,189,360,202,309,237,246
1776767845.0926287,2.7083669285613823,7,-9,11.40175425099138,1.387074726397978,0.03384872909419949,189,360,202,309,237,246
1776767845.1503966,2.7083669285613823,7,-9,11.40175425099138,1.387074726397978,0.03384872909419949,189,360,202,309,237,246
1776767845.2076159,2.7083669285613823,7,-9,11.40175425099138,1.387074726397978,0.03384872909419949,189,360,202,309,237,246
1776767845.2646232,2.7083669285613823,7,-9,11.40175425099138,1.387074726397978,0.03384872909419949,189,360,202,309,237,246
1776767845.3756235,2.7083669285613823,7,-9,11.40175425099138,1.387074726397978,0.03384872909419949,189,360,202,309,237,246
1776767845.4325197,2.7083669285613823,7,-9,11.40175425099138,1.387074726397978,0.03384872909419949,189,360,202,309,237,246
1776767845.4900415,2.7083669285613823,7,-9,11.40175425099138,1.387074726397978,0.03384872909419949,189,360,202,309,237,246
1776767845.5476928,2.7083669285613823,7,-9,11.40175425099138,1.387074726397978,0.03384872909419949,189,360,202,309,237,246
1776767845.6051748,2.7083669285613823,7,-9,11.40175425099138,1.387074726397978,0.03384872909419949,189,360,202,309,237,246
1776767845.6614876,2.7083669285613823,7,-9,11.40175425099138,1.387074726397978,0.03384872909419949,189,360,202,309,237,246
1776767845.715001,2.7083669285613823,7,-9,11.40175425099138,1.387074726397978,0.03384872909419949,189,360,202,309,237,246
1776767845.7727196,2.7083669285613823,7,-9,11.40175425099138,1.387074726397978,0.03384872909419949,189,360,202,309,237,246
1776767845.82991,2.7083669285613823,7,-9,11.40175425099138,1.387074726397978,0.03384872909419949,189,360,202,309,237,246
1776767845.887313,2.7083669285613823,7,-9,11.40175425099138,1.387074726397978,0.03384872909419949,189,360,202,309,237,246
1776767845.9441297,2.7083669285613823,7,-9,11.40175425099138,1.387074726397978,0.03384872909419949,189,360,202,309,237,246
1776767845.9977307,2.7083669285613823,7,-9,11.40175425099138,1.387074726397978,0.03384872909419949,189,360,202,309,237,246
1776767846.0552337,2.7083669285613823,7,-9,11.40175425099138,1.387074726397978,0.03384872909419949,189,360,202,309,237,246
1776767846.112393,2.7083669285613823,7,-9,11.40175425099138,1.387074726397978,0.03384872909419949,189,360,202,309,237,246
1776767846.1692579,2.7083669285613823,7,-9,11.40175425099138,1.387074726397978,0.03384872909419949,189,360,202,309,237,246
1776767846.2266374,2.7083669285613823,7,-9,11.40175425099138,1.387074726397978,0.03384872909419949,189,360,202,309,237,246
1776767846.2840588,2.7083669285613823,7,-9,11.40175425099138,1.387074726397978,0.03384872909419949,189,360,202,309,237,246
1776767846.3376908,2.7083669285613823,7,-9,11.40175425099138,1.387074726397978,0.03384872909419949,189,360,202,309,237,246
1776767846.3947647,2.7083669285613823,7,-9,11.40175425099138,1.387074726397978,0.03384872909419949,189,360,202,309,237,246
1776767846.4524405,2.7083669285613823,7,-9,11.40175425099138,1.387074726397978,0.03384872909419949,189,360,202,309,237,246
1776767846.5100524,2.7083669285613823,7,-9,11.40175425099138,1.387074726397978,0.03384872909419949,189,360,202,309,237,246
1776767846.5676637,2.7083669285613823,7,-9,11.40175425099138,1.387074726397978,0.03384872909419949,189,360,202,309,237,246
1776767846.6246078,2.7083669285613823,7,-9,11.40175425099138,1.387074726397978,0.03384872909419949,189,360,202,309,237,246
1776767846.6776192,2.7083669285613823,7,-9,11.40175425099138,1.387074726397978,0.03384872909419949,189,360,202,309,237,246
1776767846.7353675,2.7083669285613823,7,-9,11.40175425099138,1.387074726397978,0.03384872909419949,189,360,202,309,237,246
1776767846.7922227,2.7083669285613823,7,-9,11.40175425099138,1.387074726397978,0.03384872909419949,189,360,202,309,237,246
1776767846.8497117,2.7083669285613823,7,-9,11.40175425099138,1.387074726397978,0.03384872909419949,189,360,202,309,237,246
1776767846.906804,2.7083669285613823,7,-9,11.40175425099138,1.387074726397978,0.03384872909419949,189,360,202,309,237,246
1776767846.9644125,2.7083669285613823,7,-9,11.40175425099138,1.387074726397978,0.03384872909419949,189,360,202,309,237,246
1776767847.0176852,2.7083669285613823,7,-9,11.40175425099138,1.387074726397978,0.03384872909419949,189,360,202,309,237,246
1776767847.074698,2.7083669285613823,7,-9,11.40175425099138,1.387074726397978,0.03384872909419949,189,360,202,309,237,246
1776767847.1323383,2.7083669285613823,7,-9,11.40175425099138,1.387074726397978,0.03384872909419949,189,360,202,309,237,246
1776767847.1894758,2.7083669285613823,7,-9,11.40175425099138,1.387074726397978,0.03384872909419949,189,360,202,309,237,246
1776767847.2464483,2.7083669285613823,7,-9,11.40175425099138,1.387074726397978,0.03384872909419949,189,360,202,309,237,246
1776767847.3038146,2.7083669285613823,7,-9,11.40175425099138,1.387074726397978,0.03384872909419949,189,360,202,309,237,246
1776767847.3576355,2.7083669285613823,7,-9,11.40175425099138,1.387074726397978,0.03384872909419949,189,360,202,309,237,246
1776767847.4152758,2.7083669285613823,7,-9,11.40175425099138,1.387074726397978,0.03384872909419949,189,360,202,309,237,246
1776767847.472322,2.7083669285613823,7,-9,11.40175425099138,1.387074726397978,0.03384872909419949,189,360,202,309,237,246
1776767847.5297124,2.7083669285613823,7,-9,11.40175425099138,1.387074726397978,0.03384872909419949,189,360,202,309,237,246
1776767847.586787,2.7083669285613823,7,-9,11.40175425099138,1.387074726397978,0.03384872909419949,189,360,202,309,237,246
1776767847.6437335,2.7083669285613823,7,-9,11.40175425099138,1.387074726397978,0.03384872909419949,189,360,202,309,237,246
1776767847.6977117,2.7083669285613823,7,-9,11.40175425099138,1.387074726397978,0.03384872909419949,189,360,202,309,237,246
1776767847.7549434,2.7083669285613823,7,-9,11.40175425099138,1.387074726397978,0.03384872909419949,189,360,202,309,237,246
1776767847.8118062,2.7083669285613823,7,-9,11.40175425099138,1.387074726397978,0.03384872909419949,189,360,202,309,237,246
1776767847.8695738,2.7083669285613823,7,-9,11.40175425099138,1.387074726397978,0.03384872909419949,189,360,202,309,237,246
1776767847.9802177,2.7083669285613823,7,-9,11.40175425099138,1.387074726397978,0.03384872909419949,189,360,202,309,237,246
1776767848.0377648,2.7083669285613823,7,-9,11.40175425099138,1.387074726397978,0.03384872909419949,189,360,202,309,237,246
1776767848.0944407,2.7083669285613823,7,-9,11.40175425099138,1.387074726397978,0.03384872909419949,189,360,202,309,237,246
1776767848.1518905,2.7083669285613823,7,-9,11.40175425099138,1.387074726397978,0.03384872909419949,189,360,202,309,237,246
1776767848.2104397,2.7083669285613823,7,-9,11.40175425099138,1.387074726397978,0.03384872909419949,189,360,202,309,237,246
1776767848.2663074,2.7083669285613823,7,-9,11.40175425099138,1.387074726397978,0.03384872909419949,189,360,202,309,237,246
1776767848.320249,2.7083669285613823,7,-9,11.40175425099138,1.387074726397978,0.03384872909419949,189,360,202,309,237,246
1776767848.3779888,2.7083669285613823,7,-9,11.40175425099138,1.387074726397978,0.03384872909419949,189,360,202,309,237,246
1776767848.434349,2.7083669285613823,7,-9,11.40175425099138,1.387074726397978,0.03384872909419949,189,360,202,309,237,246
1776767848.4916637,2.7083669285613823,7,-9,11.40175425099138,1.387074726397978,0.03384872909419949,189,360,202,309,237,246
1776767848.5493212,2.7083669285613823,7,-9,11.40175425099138,1.387074726397978,0.03384872909419949,189,360,202,309,237,246
1776767848.6063273,2.7083669285613823,7,-9,11.40175425099138,1.387074726397978,0.03384872909419949,189,360,202,309,237,246
1776767848.6597047,2.7083669285613823,7,-9,11.40175425099138,1.387074726397978,0.03384872909419949,189,360,202,309,237,246
1776767848.7173557,2.7083669285613823,7,-9,11.40175425099138,1.387074726397978,0.03384872909419949,189,360,202,309,237,246
1776767848.77504,2.7083669285613823,7,-9,11.40175425099138,1.387074726397978,0.03384872909419949,189,360,202,309,237,246
1776767848.8321657,2.7083669285613823,7,-9,11.40175425099138,1.387074726397978,0.03384872909419949,189,360,202,309,237,246
1776767848.8893049,2.7083669285613823,7,-9,11.40175425099138,1.387074726397978,0.03384872909419949,189,360,202,309,237,246
1776767848.9463334,2.7083669285613823,7,-9,11.40175425099138,1.387074726397978,0.03384872909419949,189,360,202,309,237,246
1776767848.9996831,2.7083669285613823,7,-9,11.40175425099138,1.387074726397978,0.03384872909419949,189,360,202,309,237,246
1776767849.0583212,2.7083669285613823,7,-9,11.40175425099138,1.387074726397978,0.03384872909419949,189,360,202,309,237,246
1776767849.1143115,2.7083669285613823,7,-9,11.40175425099138,1.387074726397978,0.03384872909419949,189,360,202,309,237,246
1776767849.172049,2.7083669285613823,7,-9,11.40175425099138,1.387074726397978,0.03384872909419949,189,360,202,309,237,246
1776767849.2291737,2.7083669285613823,7,-9,11.40175425099138,1.387074726397978,0.03384872909419949,189,360,202,309,237,246
1776767849.2867763,2.7083669285613823,7,-9,11.40175425099138,1.387074726397978,0.03384872909419949,189,360,202,309,237,246
1776767849.3405845,2.7083669285613823,7,-9,11.40175425099138,1.387074726397978,0.03384872909419949,189,360,202,309,237,246
1776767849.3975315,2.7083669285613823,7,-9,11.40175425099138,1.387074726397978,0.03384872909419949,189,360,202,309,237,246
1776767849.4547968,2.7083669285613823,7,-9,11.40175425099138,1.387074726397978,0.03384872909419949,189,360,202,309,237,246
1776767849.511781,2.7083669285613823,7,-9,11.40175425099138,1.387074726397978,0.03384872909419949,189,360,202,309,237,246
1776767849.5699184,2.7083669285613823,7,-9,11.40175425099138,1.387074726397978,0.03384872909419949,189,360,202,309,237,246
1776767849.6261983,2.7083669285613823,7,-9,11.40175425099138,1.387074726397978,0.03384872909419949,189,360,202,309,237,246
1776767849.6796079,2.7083669285613823,7,-9,11.40175425099138,1.387074726397978,0.03384872909419949,189,360,202,309,237,246
1776767849.7369897,2.7083669285613823,7,-9,11.40175425099138,1.387074726397978,0.03384872909419949,189,360,202,309,237,246
1776767849.7947302,2.7083669285613823,7,-9,11.40175425099138,1.387074726397978,0.03384872909419949,189,360,202,309,237,246
1776767849.8522086,2.7083669285613823,7,-9,11.40175425099138,1.387074726397978,0.03384872909419949,189,360,202,309,237,246
1776767849.9093637,2.7083669285613823,7,-9,11.40175425099138,1.387074726397978,0.03384872909419949,189,360,202,309,237,246
1776767849.9626584,2.7083669285613823,7,-9,11.40175425099138,1.387074726397978,0.03384872909419949,189,360,202,309,237,246
1776767850.01964,2.7083669285613823,7,-9,11.40175425099138,1.387074726397978,0.03384872909419949,189,360,202,309,237,246
1776767850.0773003,2.7083669285613823,7,-9,11.40175425099138,1.387074726397978,0.03384872909419949,189,360,202,309,237,246
1776767850.1359756,2.7083669285613823,7,-9,11.40175425099138,1.387074726397978,0.03384872909419949,189,360,202,309,237,246
1776767850.19175,2.7083669285613823,7,-9,11.40175425099138,1.387074726397978,0.03384872909419949,189,360,202,309,237,246
1776767850.2489834,2.7083669285613823,7,-9,11.40175425099138,1.387074726397978,0.03384872909419949,189,360,202,309,237,246
1776767850.3026035,2.7083669285613823,7,-9,11.40175425099138,1.387074726397978,0.03384872909419949,189,360,202,309,237,246
1776767850.418469,2.7083669285613823,7,-9,11.40175425099138,1.387074726397978,0.03384872909419949,189,360,202,309,237,246
1776767850.4745672,2.7083669285613823,7,-9,11.40175425099138,1.387074726397978,0.03384872909419949,189,360,202,309,237,246
1776767850.5319128,2.7083669285613823,7,-9,11.40175425099138,1.387074726397978,0.03384872909419949,189,360,202,309,237,246
1776767850.5894597,2.7083669285613823,7,-9,11.40175425099138,1.387074726397978,0.03384872909419949,189,360,202,309,237,246
1776767850.6424763,2.7083669285613823,7,-9,11.40175425099138,1.387074726397978,0.03384872909419949,189,360,202,309,237,246
1776767850.6993294,2.7083669285613823,7,-9,11.40175425099138,1.387074726397978,0.03384872909419949,189,360,202,309,237,246
1776767850.7567887,2.7083669285613823,7,-9,11.40175425099138,1.387074726397978,0.03384872909419949,189,360,202,309,237,246
1776767850.8144944,2.7083669285613823,7,-9,11.40175425099138,1.387074726397978,0.03384872909419949,189,360,202,309,237,246
1776767850.8713999,2.7083669285613823,7,-9,11.40175425099138,1.387074726397978,0.03384872909419949,189,360,202,309,237,246
1776767850.9290729,2.7083669285613823,7,-9,11.40175425099138,1.387074726397978,0.03384872909419949,189,360,202,309,237,246
1776767850.982219,2.7083669285613823,7,-9,11.40175425099138,1.387074726397978,0.03384872909419949,189,360,202,309,237,246
1776767851.0399334,2.7083669285613823,7,-9,11.40175425099138,1.387074726397978,0.03384872909419949,189,360,202,309,237,246
1776767851.096836,2.7083669285613823,7,-9,11.40175425099138,1.387074726397978,0.03384872909419949,189,360,202,309,237,246
1776767851.153995,2.7083669285613823,7,-9,11.40175425099138,1.387074726397978,0.03384872909419949,189,360,202,309,237,246
1776767851.2117202,2.7083669285613823,7,-9,11.40175425099138,1.387074726397978,0.03384872909419949,189,360,202,309,237,246
1776767851.2693257,2.7083669285613823,7,-9,11.40175425099138,1.387074726397978,0.03384872909419949,189,360,202,309,237,246
1776767851.3224266,2.7083669285613823,7,-9,11.40175425099138,1.387074726397978,0.03384872909419949,189,360,202,309,237,246
1776767851.3797636,2.7083669285613823,7,-9,11.40175425099138,1.387074726397978,0.03384872909419949,189,360,202,309,237,246
1776767851.4373028,2.7083669285613823,7,-9,11.40175425099138,1.387074726397978,0.03384872909419949,189,360,202,309,237,246
1776767851.4948862,2.7083669285613823,7,-9,11.40175425099138,1.387074726397978,0.03384872909419949,189,360,202,309,237,246
1776767851.5518093,2.7083669285613823,7,-9,11.40175425099138,1.387074726397978,0.03384872909419949,189,360,202,309,237,246
1776767851.6091626,2.7083669285613823,7,-9,11.40175425099138,1.387074726397978,0.03384872909419949,189,360,202,309,237,246
1776767851.662403,2.7083669285613823,7,-9,11.40175425099138,1.387074726397978,0.03384872909419949,189,360,202,309,237,246
1776767851.7192776,2.7083669285613823,7,-9,11.40175425099138,1.387074726397978,0.03384872909419949,189,360,202,309,237,246
1776767851.7769773,2.7083669285613823,7,-9,11.40175425099138,1.387074726397978,0.03384872909419949,189,360,202,309,237,246
1776767851.834745,2.7083669285613823,7,-9,11.40175425099138,1.387074726397978,0.03384872909419949,189,360,202,309,237,246
1776767851.8915405,2.7083669285613823,7,-9,11.40175425099138,1.387074726397978,0.03384872909419949,189,360,202,309,237,246
1776767851.94874,2.7083669285613823,7,-9,11.40175425099138,1.387074726397978,0.03384872909419949,189,360,202,309,237,246
1776767852.0020905,2.7083669285613823,7,-9,11.40175425099138,1.387074726397978,0.03384872909419949,189,360,202,309,237,246
1776767852.0597923,2.7083669285613823,7,-9,11.40175425099138,1.387074726397978,0.03384872909419949,189,360,202,309,237,246
1776767852.1169329,2.7083669285613823,7,-9,11.40175425099138,1.387074726397978,0.03384872909419949,189,360,202,309,237,246
1776767852.1746452,2.7083669285613823,7,-9,11.40175425099138,1.387074726397978,0.03384872909419949,189,360,202,309,237,246
1776767852.2310944,2.7083669285613823,7,-9,11.40175425099138,1.387074726397978,0.03384872909419949,189,360,202,309,237,246
1776767852.2850163,2.7083669285613823,7,-9,11.40175425099138,1.387074726397978,0.03384872909419949,189,360,202,309,237,246
1776767852.3418617,2.7083669285613823,7,-9,11.40175425099138,1.387074726397978,0.03384872909419949,189,360,202,309,237,246
1776767852.4000192,2.7083669285613823,7,-9,11.40175425099138,1.387074726397978,0.03384872909419949,189,360,202,309,237,246
1776767852.45681,2.7083669285613823,7,-9,11.40175425099138,1.387074726397978,0.03384872909419949,189,360,202,309,237,246
1776767852.514002,2.7083669285613823,7,-9,11.40175425099138,1.387074726397978,0.03384872909419949,189,360,202,309,237,246
1776767852.5719476,2.7083669285613823,7,-9,11.40175425099138,1.387074726397978,0.03384872909419949,189,360,202,309,237,246
1776767852.6247077,2.7083669285613823,7,-9,11.40175425099138,1.387074726397978,0.03384872909419949,189,360,202,309,237,246
1776767852.6821792,2.7083669285613823,7,-9,11.40175425099138,1.387074726397978,0.03384872909419949,189,360,202,309,237,246
1776767852.7401712,2.7083669285613823,7,-9,11.40175425099138,1.387074726397978,0.03384872909419949,189,360,202,309,237,246
1776767852.854065,2.7083669285613823,7,-9,11.40175425099138,1.387074726397978,0.03384872909419949,189,360,202,309,237,246
1776767852.9115984,2.7083669285613823,7,-9,11.40175425099138,1.387074726397978,0.03384872909419949,189,360,202,309,237,246
1776767852.9643974,2.7083669285613823,7,-9,11.40175425099138,1.387074726397978,0.03384872909419949,189,360,202,309,237,246
1776767853.0217197,2.7083669285613823,7,-9,11.40175425099138,1.387074726397978,0.03384872909419949,189,360,202,309,237,246
1776767853.0793645,2.7083669285613823,7,-9,11.40175425099138,1.387074726397978,0.03384872909419949,189,360,202,309,237,246
1776767853.1367915,2.7083669285613823,7,-9,11.40175425099138,1.387074726397978,0.03384872909419949,189,360,202,309,237,246
1776767853.1940603,2.7083669285613823,7,-9,11.40175425099138,1.387074726397978,0.03384872909419949,189,360,202,309,237,246
1776767853.2510948,2.7083669285613823,7,-9,11.40175425099138,1.387074726397978,0.03384872909419949,189,360,202,309,237,246
1776767853.304768,2.7083669285613823,7,-9,11.40175425099138,1.387074726397978,0.03384872909419949,189,360,202,309,237,246
1776767853.362112,2.7083669285613823,7,-9,11.40175425099138,1.387074726397978,0.03384872909419949,189,360,202,309,237,246
1776767853.4197962,2.7083669285613823,7,-9,11.40175425099138,1.387074726397978,0.03384872909419949,189,360,202,309,237,246
1776767853.476946,2.7083669285613823,7,-9,11.40175425099138,1.387074726397978,0.03384872909419949,189,360,202,309,237,246
1776767853.5342927,2.7083669285613823,7,-9,11.40175425099138,1.387074726397978,0.03384872909419949,189,360,202,309,237,246
1776767853.5914445,2.7083669285613823,7,-9,11.40175425099138,1.387074726397978,0.03384872909419949,189,360,202,309,237,246
1776767853.6449049,2.7083669285613823,7,-9,11.40175425099138,1.387074726397978,0.03384872909419949,189,360,202,309,237,246
1776767853.7029707,2.7083669285613823,7,-9,11.40175425099138,1.387074726397978,0.03384872909419949,189,360,202,309,237,246
1776767853.7599456,2.7083669285613823,7,-9,11.40175425099138,1.387074726397978,0.03384872909419949,189,360,202,309,237,246
1776767853.8167493,2.7083669285613823,7,-9,11.40175425099138,1.387074726397978,0.03384872909419949,189,360,202,309,237,246
1776767853.8745725,2.7083669285613823,7,-9,11.40175425099138,1.387074726397978,0.03384872909419949,189,360,202,309,237,246
1776767853.9272337,2.7083669285613823,7,-9,11.40175425099138,1.387074726397978,0.03384872909419949,189,360,202,309,237,246
1776767853.9849534,2.7083669285613823,7,-9,11.40175425099138,1.387074726397978,0.03384872909419949,189,360,202,309,237,246
1776767854.041909,2.7083669285613823,7,-9,11.40175425099138,1.387074726397978,0.03384872909419949,189,360,202,309,237,246
1776767854.0993042,2.7083669285613823,7,-9,11.40175425099138,1.387074726397978,0.03384872909419949,189,360,202,309,237,246
1776767854.1572468,2.7083669285613823,7,-9,11.40175425099138,1.387074726397978,0.03384872909419949,189,360,202,309,237,246
1776767854.2145793,2.7083669285613823,7,-9,11.40175425099138,1.387074726397978,0.03384872909419949,189,360,202,309,237,246
1776767854.267392,2.7083669285613823,7,-9,11.40175425099138,1.387074726397978,0.03384872909419949,189,360,202,309,237,246
1776767854.3246343,2.7083669285613823,7,-9,11.40175425099138,1.387074726397978,0.03384872909419949,189,360,202,309,237,246
1776767854.3824575,2.7083669285613823,7,-9,11.40175425099138,1.387074726397978,0.03384872909419949,189,360,202,309,237,246
1776767854.4404626,2.7083669285613823,7,-9,11.40175425099138,1.387074726397978,0.03384872909419949,189,360,202,309,237,246
1776767854.496601,2.7083669285613823,7,-9,11.40175425099138,1.387074726397978,0.03384872909419949,189,360,202,309,237,246
1776767854.5540206,2.7083669285613823,7,-9,11.40175425099138,1.387074726397978,0.03384872909419949,189,360,202,309,237,246
1776767854.60736,2.7083669285613823,7,-9,11.40175425099138,1.387074726397978,0.03384872909419949,189,360,202,309,237,246
1776767854.6652613,2.7083669285613823,7,-9,11.40175425099138,1.387074726397978,0.03384872909419949,189,360,202,309,237,246
1776767854.7222548,2.7083669285613823,7,-9,11.40175425099138,1.387074726397978,0.03384872909419949,189,360,202,309,237,246
1776767854.7792487,2.7083669285613823,7,-9,11.40175425099138,1.387074726397978,0.03384872909419949,189,360,202,309,237,246
1776767854.8367596,2.7083669285613823,7,-9,11.40175425099138,1.387074726397978,0.03384872909419949,189,360,202,309,237,246
1776767854.8940768,2.7083669285613823,7,-9,11.40175425099138,1.387074726397978,0.03384872909419949,189,360,202,309,237,246
1776767854.9472215,2.7083669285613823,7,-9,11.40175425099138,1.387074726397978,0.03384872909419949,189,360,202,309,237,246
1776767855.0047119,2.7083669285613823,7,-9,11.40175425099138,1.387074726397978,0.03384872909419949,189,360,202,309,237,246
1776767855.063327,2.7083669285613823,7,-9,11.40175425099138,1.387074726397978,0.03384872909419949,189,360,202,309,237,246
1776767855.1199017,2.7083669285613823,7,-9,11.40175425099138,1.387074726397978,0.03384872909419949,189,360,202,309,237,246
1776767855.1760943,2.7083669285613823,7,-9,11.40175425099138,1.387074726397978,0.03384872909419949,189,360,202,309,237,246
1776767855.233361,2.7083669285613823,7,-9,11.40175425099138,1.387074726397978,0.03384872909419949,189,360,202,309,237,246
1776767855.2868695,2.7083669285613823,7,-9,11.40175425099138,1.387074726397978,0.03384872909419949,189,360,202,309,237,246
1776767855.344557,2.7083669285613823,7,-9,11.40175425099138,1.387074726397978,0.03384872909419949,189,360,202,309,237,246
1776767855.4589128,2.7083669285613823,7,-9,11.40175425099138,1.387074726397978,0.03384872909419949,189,360,202,309,237,246
1776767855.516294,2.7083669285613823,7,-9,11.40175425099138,1.387074726397978,0.03384872909419949,189,360,202,309,237,246
1776767855.573534,2.7083669285613823,7,-9,11.40175425099138,1.387074726397978,0.03384872909419949,189,360,202,309,237,246
1776767855.6273582,2.7083669285613823,7,-9,11.40175425099138,1.387074726397978,0.03384872909419949,189,360,202,309,237,246
1776767855.6847668,2.7083669285613823,7,-9,11.40175425099138,1.387074726397978,0.03384872909419949,189,360,202,309,237,246
1776767855.7416837,2.7083669285613823,7,-9,11.40175425099138,1.387074726397978,0.03384872909419949,189,360,202,309,237,246
1776767855.800209,2.7083669285613823,7,-9,11.40175425099138,1.387074726397978,0.03384872909419949,189,360,202,309,237,246
1776767855.856858,2.7083669285613823,7,-9,11.40175425099138,1.387074726397978,0.03384872909419949,189,360,202,309,237,246
1776767855.9102306,2.7083669285613823,7,-9,11.40175425099138,1.387074726397978,0.03384872909419949,189,360,202,309,237,246
1776767855.9676797,2.7083669285613823,7,-9,11.40175425099138,1.387074726397978,0.03384872909419949,189,360,202,309,237,246
1776767856.0243073,2.7083669285613823,7,-9,11.40175425099138,1.387074726397978,0.03384872909419949,189,360,202,309,237,246
1776767856.0820513,2.7083669285613823,7,-9,11.40175425099138,1.387074726397978,0.03384872909419949,189,360,202,309,237,246
1776767856.138826,2.7083669285613823,7,-9,11.40175425099138,1.387074726397978,0.03384872909419949,189,360,202,309,237,246
1776767856.1959705,2.7083669285613823,7,-9,11.40175425099138,1.387074726397978,0.03384872909419949,189,360,202,309,237,246
1776767856.2497625,2.7083669285613823,7,-9,11.40175425099138,1.387074726397978,0.03384872909419949,189,360,202,309,237,246
1776767856.3068633,2.7083669285613823,7,-9,11.40175425099138,1.387074726397978,0.03384872909419949,189,360,202,309,237,246
1776767856.3650475,2.7083669285613823,7,-9,11.40175425099138,1.387074726397978,0.03384872909419949,189,360,202,309,237,246
1776767856.4213483,2.7083669285613823,7,-9,11.40175425099138,1.387074726397978,0.03384872909419949,189,360,202,309,237,246
1776767856.4790673,2.7083669285613823,7,-9,11.40175425099138,1.387074726397978,0.03384872909419949,189,360,202,309,237,246
1776767856.5361793,2.7083669285613823,7,-9,11.40175425099138,1.387074726397978,0.03384872909419949,189,360,202,309,237,246
1776767856.589701,2.7083669285613823,7,-9,11.40175425099138,1.387074726397978,0.03384872909419949,189,360,202,309,237,246
1776767856.647364,2.7083669285613823,7,-9,11.40175425099138,1.387074726397978,0.03384872909419949,189,360,202,309,237,246
1776767856.704489,2.7083669285613823,7,-9,11.40175425099138,1.387074726397978,0.03384872909419949,189,360,202,309,237,246
1776767856.7616475,2.7083669285613823,7,-9,11.40175425099138,1.387074726397978,0.03384872909419949,189,360,202,309,237,246
1776767856.8189301,2.7083669285613823,7,-9,11.40175425099138,1.387074726397978,0.03384872909419949,189,360,202,309,237,246
1776767856.8766432,2.7083669285613823,7,-9,11.40175425099138,1.387074726397978,0.03384872909419949,189,360,202,309,237,246
1776767856.9303396,2.7083669285613823,7,-9,11.40175425099138,1.387074726397978,0.03384872909419949,189,360,202,309,237,246
1776767856.9869962,2.7083669285613823,7,-9,11.40175425099138,1.387074726397978,0.03384872909419949,189,360,202,309,237,246
1776767857.0443044,2.7083669285613823,7,-9,11.40175425099138,1.387074726397978,0.03384872909419949,189,360,202,309,237,246
1776767857.1016183,2.7083669285613823,7,-9,11.40175425099138,1.387074726397978,0.03384872909419949,189,360,202,309,237,246
1776767857.1591818,2.7083669285613823,7,-9,11.40175425099138,1.387074726397978,0.03384872909419949,189,360,202,309,237,246
1776767857.216639,2.7083669285613823,7,-9,11.40175425099138,1.387074726397978,0.03384872909419949,189,360,202,309,237,246
1776767857.2696593,2.7083669285613823,7,-9,11.40175425099138,1.387074726397978,0.03384872909419949,189,360,202,309,237,246
1776767857.3269238,2.7083669285613823,7,-9,11.40175425099138,1.387074726397978,0.03384872909419949,189,360,202,309,237,246
1776767857.3842056,2.7083669285613823,7,-9,11.40175425099138,1.387074726397978,0.03384872909419949,189,360,202,309,237,246
1776767857.4418712,2.7083669285613823,7,-9,11.40175425099138,1.387074726397978,0.03384872909419949,189,360,202,309,237,246
1776767857.498396,2.7083669285613823,7,-9,11.40175425099138,1.387074726397978,0.03384872909419949,189,360,202,309,237,246
1776767857.5557356,2.7083669285613823,7,-9,11.40175425099138,1.387074726397978,0.03384872909419949,189,360,202,309,237,246
1776767857.609219,2.7083669285613823,7,-9,11.40175425099138,1.387074726397978,0.03384872909419949,189,360,202,309,237,246
1776767857.7240765,2.7083669285613823,7,-9,11.40175425099138,1.387074726397978,0.03384872909419949,189,360,202,309,237,246
1776767857.7815883,2.7083669285613823,7,-9,11.40175425099138,1.387074726397978,0.03384872909419949,189,360,202,309,237,246
1776767857.8390422,2.7083669285613823,7,-9,11.40175425099138,1.387074726397978,0.03384872909419949,189,360,202,309,237,246
1776767857.8919203,2.7083669285613823,7,-9,11.40175425099138,1.387074726397978,0.03384872909419949,189,360,202,309,237,246
1776767857.949619,2.7083669285613823,7,-9,11.40175425099138,1.387074726397978,0.03384872909419949,189,360,202,309,237,246
1776767858.0075355,2.7083669285613823,7,-9,11.40175425099138,1.387074726397978,0.03384872909419949,189,360,202,309,237,246
1776767858.0642414,2.7083669285613823,7,-9,11.40175425099138,1.387074726397978,0.03384872909419949,189,360,202,309,237,246
1776767858.1211417,2.7083669285613823,7,-9,11.40175425099138,1.387074726397978,0.03384872909419949,189,360,202,309,237,246
1776767858.1786993,2.7083669285613823,7,-9,11.40175425099138,1.387074726397978,0.03384872909419949,189,360,202,309,237,246
1776767858.2318103,2.7083669285613823,7,-9,11.40175425099138,1.387074726397978,0.03384872909419949,189,360,202,309,237,246
1776767858.289614,2.7083669285613823,7,-9,11.40175425099138,1.387074726397978,0.03384872909419949,189,360,202,309,237,246
1776767858.34683,2.7083669285613823,7,-9,11.40175425099138,1.387074726397978,0.03384872909419949,189,360,202,309,237,246
1776767858.4044638,2.7083669285613823,7,-9,11.40175425099138,1.387074726397978,0.03384872909419949,189,360,202,309,237,246
1776767858.4618554,2.7083669285613823,7,-9,11.40175425099138,1.387074726397978,0.03384872909419949,189,360,202,309,237,246
1776767858.5192354,2.7083669285613823,7,-9,11.40175425099138,1.387074726397978,0.03384872909419949,189,360,202,309,237,246
1776767858.5726194,2.7083669285613823,7,-9,11.40175425099138,1.387074726397978,0.03384872909419949,189,360,202,309,237,246
1776767858.629535,2.7083669285613823,7,-9,11.40175425099138,1.387074726397978,0.03384872909419949,189,360,202,309,237,246
1776767858.6868582,2.7083669285613823,7,-9,11.40175425099138,1.387074726397978,0.03384872909419949,189,360,202,309,237,246
1776767858.7443728,2.7083669285613823,7,-9,11.40175425099138,1.387074726397978,0.03384872909419949,189,360,202,309,237,246
1776767858.8015761,2.7083669285613823,7,-9,11.40175425099138,1.387074726397978,0.03384872909419949,189,360,202,309,237,246
1776767858.8585162,2.7083669285613823,7,-9,11.40175425099138,1.387074726397978,0.03384872909419949,189,360,202,309,237,246
1776767858.9126117,2.7083669285613823,7,-9,11.40175425099138,1.387074726397978,0.03384872909419949,189,360,202,309,237,246
1776767858.9691653,2.7083669285613823,7,-9,11.40175425099138,1.387074726397978,0.03384872909419949,189,360,202,309,237,246
1776767859.0262678,2.7083669285613823,7,-9,11.40175425099138,1.387074726397978,0.03384872909419949,189,360,202,309,237,246
1776767859.0838902,2.7083669285613823,7,-9,11.40175425099138,1.387074726397978,0.03384872909419949,189,360,202,309,237,246
1776767859.14167,2.7083669285613823,7,-9,11.40175425099138,1.387074726397978,0.03384872909419949,189,360,202,309,237,246
1776767859.1988318,2.7083669285613823,7,-9,11.40175425099138,1.387074726397978,0.03384872909419949,189,360,202,309,237,246
1776767859.252188,2.7083669285613823,7,-9,11.40175425099138,1.387074726397978,0.03384872909419949,189,360,202,309,237,246
1776767859.3093908,2.7083669285613823,7,-9,11.40175425099138,1.387074726397978,0.03384872909419949,189,360,202,309,237,246
1776767859.3669596,2.7083669285613823,7,-9,11.40175425099138,1.387074726397978,0.03384872909419949,189,360,202,309,237,246
1776767859.4240894,2.7083669285613823,7,-9,11.40175425099138,1.387074726397978,0.03384872909419949,189,360,202,309,237,246
1776767859.4814453,2.7083669285613823,7,-9,11.40175425099138,1.387074726397978,0.03384872909419949,189,360,202,309,237,246
1776767859.538456,2.7083669285613823,7,-9,11.40175425099138,1.387074726397978,0.03384872909419949,189,360,202,309,237,246
1776767859.591864,2.7083669285613823,7,-9,11.40175425099138,1.387074726397978,0.03384872909419949,189,360,202,309,237,246
1776767859.649325,2.7083669285613823,7,-9,11.40175425099138,1.387074726397978,0.03384872909419949,189,360,202,309,237,246
1776767859.7064555,2.7083669285613823,7,-9,11.40175425099138,1.387074726397978,0.03384872909419949,189,360,202,309,237,246
1776767859.7634552,2.7083669285613823,7,-9,11.40175425099138,1.387074726397978,0.03384872909419949,189,360,202,309,237,246
1776767859.8207653,2.7083669285613823,7,-9,11.40175425099138,1.387074726397978,0.03384872909419949,189,360,202,309,237,246
1776767859.8744473,2.7083669285613823,7,-9,11.40175425099138,1.387074726397978,0.03384872909419949,189,360,202,309,237,246
1776767859.9319394,2.7083669285613823,7,-9,11.40175425099138,1.387074726397978,0.03384872909419949,189,360,202,309,237,246
1776767859.9890656,2.7083669285613823,7,-9,11.40175425099138,1.387074726397978,0.03384872909419949,189,360,202,309,237,246
1776767860.0465512,2.7083669285613823,7,-9,11.40175425099138,1.387074726397978,0.03384872909419949,189,360,202,309,237,246
1776767860.1036363,2.7083669285613823,7,-9,11.40175425099138,1.387074726397978,0.03384872909419949,189,360,202,309,237,246
1776767860.1616,2.7083669285613823,7,-9,11.40175425099138,1.387074726397978,0.03384872909419949,189,360,202,309,237,246
1776767860.2150936,2.7083669285613823,7,-9,11.40175425099138,1.387074726397978,0.03384872909419949,189,360,202,309,237,246
1776767860.271888,2.7083669285613823,7,-9,11.40175425099138,1.387074726397978,0.03384872909419949,189,360,202,309,237,246
1776767860.329193,2.7083669285613823,7,-9,11.40175425099138,1.387074726397978,0.03384872909419949,189,360,202,309,237,246
1776767860.3862863,2.7083669285613823,7,-9,11.40175425099138,1.387074726397978,0.03384872909419949,189,360,202,309,237,246
1776767860.500822,2.7083669285613823,7,-9,11.40175425099138,1.387074726397978,0.03384872909419949,189,360,202,309,237,246
1776767860.5541592,2.7083669285613823,7,-9,11.40175425099138,1.387074726397978,0.03384872909419949,189,360,202,309,237,246
1776767860.6120355,2.7083669285613823,7,-9,11.40175425099138,1.387074726397978,0.03384872909419949,189,360,202,309,237,246
1776767860.6699488,2.7083669285613823,7,-9,11.40175425099138,1.387074726397978,0.03384872909419949,189,360,202,309,237,246
1776767860.7266684,2.7083669285613823,7,-9,11.40175425099138,1.387074726397978,0.03384872909419949,189,360,202,309,237,246
1776767860.7837837,2.7083669285613823,7,-9,11.40175425099138,1.387074726397978,0.03384872909419949,189,360,202,309,237,246
1776767860.8407207,2.7083669285613823,7,-9,11.40175425099138,1.387074726397978,0.03384872909419949,189,360,202,309,237,246
1776767860.8945205,2.7083669285613823,7,-9,11.40175425099138,1.387074726397978,0.03384872909419949,189,360,202,309,237,246
1776767860.9515038,2.7083669285613823,7,-9,11.40175425099138,1.387074726397978,0.03384872909419949,189,360,202,309,237,246
1776767861.009233,2.7083669285613823,7,-9,11.40175425099138,1.387074726397978,0.03384872909419949,189,360,202,309,237,246
1776767861.0663667,2.7083669285613823,7,-9,11.40175425099138,1.387074726397978,0.03384872909419949,189,360,202,309,237,246
1776767861.123508,2.7083669285613823,7,-9,11.40175425099138,1.387074726397978,0.03384872909419949,189,360,202,309,237,246
1776767861.181216,2.7083669285613823,7,-9,11.40175425099138,1.387074726397978,0.03384872909419949,189,360,202,309,237,246
1776767861.234324,2.7083669285613823,7,-9,11.40175425099138,1.387074726397978,0.03384872909419949,189,360,202,309,237,246
1776767861.2919478,2.7083669285613823,7,-9,11.40175425099138,1.387074726397978,0.03384872909419949,189,360,202,309,237,246
1776767861.3493927,2.7083669285613823,7,-9,11.40175425099138,1.387074726397978,0.03384872909419949,189,360,202,309,237,246
1776767861.406333,2.7083669285613823,7,-9,11.40175425099138,1.387074726397978,0.03384872909419949,189,360,202,309,237,246
1776767861.4634764,2.7083669285613823,7,-9,11.40175425099138,1.387074726397978,0.03384872909419949,189,360,202,309,237,246
1776767861.520822,2.7083669285613823,7,-9,11.40175425099138,1.387074726397978,0.03384872909419949,189,360,202,309,237,246
1776767861.5745773,2.7083669285613823,7,-9,11.40175425099138,1.387074726397978,0.03384872909419949,189,360,202,309,237,246
1776767861.6321836,2.7083669285613823,7,-9,11.40175425099138,1.387074726397978,0.03384872909419949,189,360,202,309,237,246
1776767861.688823,2.7083669285613823,7,-9,11.40175425099138,1.387074726397978,0.03384872909419949,189,360,202,309,237,246
1776767861.7461736,2.7083669285613823,7,-9,11.40175425099138,1.387074726397978,0.03384872909419949,189,360,202,309,237,246
1776767861.803707,2.7083669285613823,7,-9,11.40175425099138,1.387074726397978,0.03384872909419949,189,360,202,309,237,246
1776767861.8571455,2.7083669285613823,7,-9,11.40175425099138,1.387074726397978,0.03384872909419949,189,360,202,309,237,246
1776767861.9143772,2.7083669285613823,7,-9,11.40175425099138,1.387074726397978,0.03384872909419949,189,360,202,309,237,246
1776767861.9711776,2.7083669285613823,7,-9,11.40175425099138,1.387074726397978,0.03384872909419949,189,360,202,309,237,246
1776767862.0285037,2.7083669285613823,7,-9,11.40175425099138,1.387074726397978,0.03384872909419949,189,360,202,309,237,246
1776767862.0859044,2.7083669285613823,7,-9,11.40175425099138,1.387074726397978,0.03384872909419949,189,360,202,309,237,246
1776767862.1436024,2.7083669285613823,7,-9,11.40175425099138,1.387074726397978,0.03384872909419949,189,360,202,309,237,246
1776767862.1964056,2.7083669285613823,7,-9,11.40175425099138,1.387074726397978,0.03384872909419949,189,360,202,309,237,246
1776767862.253803,2.7083669285613823,7,-9,11.40175425099138,1.387074726397978,0.03384872909419949,189,360,202,309,237,246
1776767862.311397,2.7083669285613823,7,-9,11.40175425099138,1.387074726397978,0.03384872909419949,189,360,202,309,237,246
1776767862.3695774,2.7083669285613823,7,-9,11.40175425099138,1.387074726397978,0.03384872909419949,189,360,202,309,237,246
1776767862.426279,2.7083669285613823,7,-9,11.40175425099138,1.387074726397978,0.03384872909419949,189,360,202,309,237,246
1776767862.4834418,2.7083669285613823,7,-9,11.40175425099138,1.387074726397978,0.03384872909419949,189,360,202,309,237,246
1776767862.594152,2.7083669285613823,7,-9,11.40175425099138,1.387074726397978,0.03384872909419949,189,360,202,309,237,246
1776767862.6516423,2.7083669285613823,7,-9,11.40175425099138,1.387074726397978,0.03384872909419949,189,360,202,309,237,246
1776767862.7089276,2.7083669285613823,7,-9,11.40175425099138,1.387074726397978,0.03384872909419949,189,360,202,309,237,246
1776767862.7661936,2.7083669285613823,7,-9,11.40175425099138,1.387074726397978,0.03384872909419949,189,360,202,309,237,246
1776767862.823115,2.7083669285613823,7,-9,11.40175425099138,1.387074726397978,0.03384872909419949,189,360,202,309,237,246
1776767862.8773263,2.7083669285613823,7,-9,11.40175425099138,1.387074726397978,0.03384872909419949,189,360,202,309,237,246
1776767862.9357872,2.7083669285613823,7,-9,11.40175425099138,1.387074726397978,0.03384872909419949,189,360,202,309,237,246
1776767862.9911013,2.7083669285613823,7,-9,11.40175425099138,1.387074726397978,0.03384872909419949,189,360,202,309,237,246
1776767863.0484347,2.7083669285613823,7,-9,11.40175425099138,1.387074726397978,0.03384872909419949,189,360,202,309,237,246
1776767863.1056476,2.7083669285613823,7,-9,11.40175425099138,1.387074726397978,0.03384872909419949,189,360,202,309,237,246
1776767863.1638646,2.7083669285613823,7,-9,11.40175425099138,1.387074726397978,0.03384872909419949,189,360,202,309,237,246
1776767863.2168386,2.7083669285613823,7,-9,11.40175425099138,1.387074726397978,0.03384872909419949,189,360,202,309,237,246
1776767863.2740672,2.7083669285613823,7,-9,11.40175425099138,1.387074726397978,0.03384872909419949,189,360,202,309,237,246
1776767863.3312736,2.7083669285613823,7,-9,11.40175425099138,1.387074726397978,0.03384872909419949,189,360,202,309,237,246
1776767863.389015,2.7083669285613823,7,-9,11.40175425099138,1.387074726397978,0.03384872909419949,189,360,202,309,237,246
1776767863.4460468,2.7083669285613823,7,-9,11.40175425099138,1.387074726397978,0.03384872909419949,189,360,202,309,237,246
1776767863.5029519,2.7083669285613823,7,-9,11.40175425099138,1.387074726397978,0.03384872909419949,189,360,202,309,237,246
1776767863.5567718,2.7083669285613823,7,-9,11.40175425099138,1.387074726397978,0.03384872909419949,189,360,202,309,237,246
1776767863.6140764,2.7083669285613823,7,-9,11.40175425099138,1.387074726397978,0.03384872909419949,189,360,202,309,237,246
1776767863.6709814,2.7083669285613823,7,-9,11.40175425099138,1.387074726397978,0.03384872909419949,189,360,202,309,237,246
1776767863.729287,2.7083669285613823,7,-9,11.40175425099138,1.387074726397978,0.03384872909419949,189,360,202,309,237,246
1776767863.786231,2.7083669285613823,7,-9,11.40175425099138,1.387074726397978,0.03384872909419949,189,360,202,309,237,246
1776767863.839413,2.7083669285613823,7,-9,11.40175425099138,1.387074726397978,0.03384872909419949,189,360,202,309,237,246
1776767863.8963,2.7083669285613823,7,-9,11.40175425099138,1.387074726397978,0.03384872909419949,189,360,202,309,237,246
1776767863.9537873,2.7083669285613823,7,-9,11.40175425099138,1.387074726397978,0.03384872909419949,189,360,202,309,237,246
1776767864.011666,2.7083669285613823,7,-9,11.40175425099138,1.387074726397978,0.03384872909419949,189,360,202,309,237,246
1776767864.0688937,2.7083669285613823,7,-9,11.40175425099138,1.387074726397978,0.03384872909419949,189,360,202,309,237,246
1776767864.1261835,2.7083669285613823,7,-9,11.40175425099138,1.387074726397978,0.03384872909419949,189,360,202,309,237,246
1776767864.1795394,2.7083669285613823,7,-9,11.40175425099138,1.387074726397978,0.03384872909419949,189,360,202,309,237,246
1776767864.236481,2.7083669285613823,7,-9,11.40175425099138,1.387074726397978,0.03384872909419949,189,360,202,309,237,246
1776767864.293505,2.7083669285613823,7,-9,11.40175425099138,1.387074726397978,0.03384872909419949,189,360,202,309,237,246
1776767864.3507717,2.7083669285613823,7,-9,11.40175425099138,1.387074726397978,0.03384872909419949,189,360,202,309,237,246
1776767864.4085135,2.7083669285613823,7,-9,11.40175425099138,1.387074726397978,0.03384872909419949,189,360,202,309,237,246
1776767864.465482,2.7083669285613823,7,-9,11.40175425099138,1.387074726397978,0.03384872909419949,189,360,202,309,237,246
1776767864.5193074,2.7083669285613823,7,-9,11.40175425099138,1.387074726397978,0.03384872909419949,189,360,202,309,237,246
1776767864.5766902,2.7083669285613823,7,-9,11.40175425099138,1.387074726397978,0.03384872909419949,189,360,202,309,237,246
1776767864.6338751,2.7083669285613823,7,-9,11.40175425099138,1.387074726397978,0.03384872909419949,189,360,202,309,237,246
1776767864.691164,2.7083669285613823,7,-9,11.40175425099138,1.387074726397978,0.03384872909419949,189,360,202,309,237,246
1776767864.7481155,2.7083669285613823,7,-9,11.40175425099138,1.387074726397978,0.03384872909419949,189,360,202,309,237,246
1776767864.8056824,2.7083669285613823,7,-9,11.40175425099138,1.387074726397978,0.03384872909419949,189,360,202,309,237,246
1776767864.859225,2.7083669285613823,7,-9,11.40175425099138,1.387074726397978,0.03384872909419949,189,360,202,309,237,246
1776767864.9166946,2.7083669285613823,7,-9,11.40175425099138,1.387074726397978,0.03384872909419949,189,360,202,309,237,246
1776767864.9741688,2.7083669285613823,7,-9,11.40175425099138,1.387074726397978,0.03384872909419949,189,360,202,309,237,246
1776767865.031681,2.7083669285613823,7,-9,11.40175425099138,1.387074726397978,0.03384872909419949,189,360,202,309,237,246
1776767865.0886254,2.7083669285613823,7,-9,11.40175425099138,1.387074726397978,0.03384872909419949,189,360,202,309,237,246
1776767865.145882,2.7083669285613823,7,-9,11.40175425099138,1.387074726397978,0.03384872909419949,189,360,202,309,237,246
1776767865.199476,2.7083669285613823,7,-9,11.40175425099138,1.387074726397978,0.03384872909419949,189,360,202,309,237,246
1776767865.256257,2.7083669285613823,7,-9,11.40175425099138,1.387074726397978,0.03384872909419949,189,360,202,309,237,246
1776767865.4282463,2.7083669285613823,7,-9,11.40175425099138,1.387074726397978,0.03384872909419949,189,360,202,309,237,246
1776767865.481747,2.7083669285613823,7,-9,11.40175425099138,1.387074726397978,0.03384872909419949,189,360,202,309,237,246
1776767865.5390234,2.7083669285613823,7,-9,11.40175425099138,1.387074726397978,0.03384872909419949,189,360,202,309,237,246
1776767865.5967574,2.7083669285613823,7,-9,11.40175425099138,1.387074726397978,0.03384872909419949,189,360,202,309,237,246
1776767865.6533854,2.7083669285613823,7,-9,11.40175425099138,1.387074726397978,0.03384872909419949,189,360,202,309,237,246
1776767865.711502,2.7083669285613823,7,-9,11.40175425099138,1.387074726397978,0.03384872909419949,189,360,202,309,237,246
1776767865.768745,2.7083669285613823,7,-9,11.40175425099138,1.387074726397978,0.03384872909419949,189,360,202,309,237,246
1776767865.8218017,2.7083669285613823,7,-9,11.40175425099138,1.387074726397978,0.03384872909419949,189,360,202,309,237,246
1776767865.8790157,2.7083669285613823,7,-9,11.40175425099138,1.387074726397978,0.03384872909419949,189,360,202,309,237,246
1776767865.936841,2.7083669285613823,7,-9,11.40175425099138,1.387074726397978,0.03384872909419949,189,360,202,309,237,246
1776767865.993486,2.7083669285613823,7,-9,11.40175425099138,1.387074726397978,0.03384872909419949,189,360,202,309,237,246
1776767866.0510874,2.7083669285613823,7,-9,11.40175425099138,1.387074726397978,0.03384872909419949,189,360,202,309,237,246
1776767866.1078215,2.7083669285613823,7,-9,11.40175425099138,1.387074726397978,0.03384872909419949,189,360,202,309,237,246
1776767866.1613438,2.7083669285613823,7,-9,11.40175425099138,1.387074726397978,0.03384872909419949,189,360,202,309,237,246
1776767866.2186224,2.7083669285613823,7,-9,11.40175425099138,1.387074726397978,0.03384872909419949,189,360,202,309,237,246
1776767866.2764335,2.7083669285613823,7,-9,11.40175425099138,1.387074726397978,0.03384872909419949,189,360,202,309,237,246
1776767866.3338883,2.7083669285613823,7,-9,11.40175425099138,1.387074726397978,0.03384872909419949,189,360,202,309,237,246
1776767866.3912141,2.7083669285613823,7,-9,11.40175425099138,1.387074726397978,0.03384872909419949,189,360,202,309,237,246
1776767866.4485319,2.7083669285613823,7,-9,11.40175425099138,1.387074726397978,0.03384872909419949,189,360,202,309,237,246
1776767866.5013838,2.7083669285613823,7,-9,11.40175425099138,1.387074726397978,0.03384872909419949,189,360,202,309,237,246
1776767866.5585408,2.7083669285613823,7,-9,11.40175425099138,1.387074726397978,0.03384872909419949,189,360,202,309,237,246
1776767866.61593,2.7083669285613823,7,-9,11.40175425099138,1.387074726397978,0.03384872909419949,189,360,202,309,237,246
1776767866.673268,2.7083669285613823,7,-9,11.40175425099138,1.387074726397978,0.03384872909419949,189,360,202,309,237,246
1776767866.7310512,2.7083669285613823,7,-9,11.40175425099138,1.387074726397978,0.03384872909419949,189,360,202,309,237,246
1776767866.7884247,2.7083669285613823,7,-9,11.40175425099138,1.387074726397978,0.03384872909419949,189,360,202,309,237,246
1776767866.841489,2.7083669285613823,7,-9,11.40175425099138,1.387074726397978,0.03384872909419949,189,360,202,309,237,246
1776767866.8988926,2.7083669285613823,7,-9,11.40175425099138,1.387074726397978,0.03384872909419949,189,360,202,309,237,246
1776767866.9566593,2.7083669285613823,7,-9,11.40175425099138,1.387074726397978,0.03384872909419949,189,360,202,309,237,246
1776767867.0137348,2.7083669285613823,7,-9,11.40175425099138,1.387074726397978,0.03384872909419949,189,360,202,309,237,246
1776767867.0709867,2.7083669285613823,7,-9,11.40175425099138,1.387074726397978,0.03384872909419949,189,360,202,309,237,246
1776767867.127903,2.7083669285613823,7,-9,11.40175425099138,1.387074726397978,0.03384872909419949,189,360,202,309,237,246
1776767867.1817691,2.7083669285613823,7,-9,11.40175425099138,1.387074726397978,0.03384872909419949,189,360,202,309,237,246
1776767867.2392004,2.7083669285613823,7,-9,11.40175425099138,1.387074726397978,0.03384872909419949,189,360,202,309,237,246
1776767867.2970257,2.7083669285613823,7,-9,11.40175425099138,1.387074726397978,0.03384872909419949,189,360,202,309,237,246
1776767867.3530984,2.7083669285613823,7,-9,11.40175425099138,1.387074726397978,0.03384872909419949,189,360,202,309,237,246
1776767867.4104183,2.7083669285613823,7,-9,11.40175425099138,1.387074726397978,0.03384872909419949,189,360,202,309,237,246
1776767867.4646273,2.7083669285613823,7,-9,11.40175425099138,1.387074726397978,0.03384872909419949,189,360,202,309,237,246
1776767867.5216947,2.7083669285613823,7,-9,11.40175425099138,1.387074726397978,0.03384872909419949,189,360,202,309,237,246
1776767867.578958,2.7083669285613823,7,-9,11.40175425099138,1.387074726397978,0.03384872909419949,189,360,202,309,237,246
1776767867.635946,2.7083669285613823,7,-9,11.40175425099138,1.387074726397978,0.03384872909419949,189,360,202,309,237,246
1776767867.6934974,2.7083669285613823,7,-9,11.40175425099138,1.387074726397978,0.03384872909419949,189,360,202,309,237,246
1776767867.8039052,2.7083669285613823,7,-9,11.40175425099138,1.387074726397978,0.03384872909419949,189,360,202,309,237,246
1776767867.8617704,2.7083669285613823,7,-9,11.40175425099138,1.387074726397978,0.03384872909419949,189,360,202,309,237,246
1776767867.9186828,2.7083669285613823,7,-9,11.40175425099138,1.387074726397978,0.03384872909419949,189,360,202,309,237,246
1776767867.9759045,2.7083669285613823,7,-9,11.40175425099138,1.387074726397978,0.03384872909419949,189,360,202,309,237,246
1776767868.0346658,2.7083669285613823,7,-9,11.40175425099138,1.387074726397978,0.03384872909419949,189,360,202,309,237,246
1776767868.091107,2.7083669285613823,7,-9,11.40175425099138,1.387074726397978,0.03384872909419949,189,360,202,309,237,246
1776767868.1436167,2.7083669285613823,7,-9,11.40175425099138,1.387074726397978,0.03384872909419949,189,360,202,309,237,246
1776767868.201013,2.7083669285613823,7,-9,11.40175425099138,1.387074726397978,0.03384872909419949,189,360,202,309,237,246
1776767868.2590172,2.7083669285613823,7,-9,11.40175425099138,1.387074726397978,0.03384872909419949,189,360,202,309,237,246
1776767868.3158405,2.7083669285613823,7,-9,11.40175425099138,1.387074726397978,0.03384872909419949,189,360,202,309,237,246
1776767868.3735168,2.7083669285613823,7,-9,11.40175425099138,1.387074726397978,0.03384872909419949,189,360,202,309,237,246
1776767868.4311376,2.7083669285613823,7,-9,11.40175425099138,1.387074726397978,0.03384872909419949,189,360,202,309,237,246
1776767868.4843144,2.7083669285613823,7,-9,11.40175425099138,1.387074726397978,0.03384872909419949,189,360,202,309,237,246
1776767868.5414257,2.7083669285613823,7,-9,11.40175425099138,1.387074726397978,0.03384872909419949,189,360,202,309,237,246
1776767868.5999572,2.7083669285613823,7,-9,11.40175425099138,1.387074726397978,0.03384872909419949,189,360,202,309,237,246
1776767868.6560564,2.7083669285613823,7,-9,11.40175425099138,1.387074726397978,0.03384872909419949,189,360,202,309,237,246
1776767868.7131302,2.7083669285613823,7,-9,11.40175425099138,1.387074726397978,0.03384872909419949,189,360,202,309,237,246
1776767868.770397,2.7083669285613823,7,-9,11.40175425099138,1.387074726397978,0.03384872909419949,189,360,202,309,237,246
1776767868.824114,2.7083669285613823,7,-9,11.40175425099138,1.387074726397978,0.03384872909419949,189,360,202,309,237,246
1776767868.8810966,2.7083669285613823,7,-9,11.40175425099138,1.387074726397978,0.03384872909419949,189,360,202,309,237,246
1776767868.9385765,2.7083669285613823,7,-9,11.40175425099138,1.387074726397978,0.03384872909419949,189,360,202,309,237,246
1776767868.99604,2.7083669285613823,7,-9,11.40175425099138,1.387074726397978,0.03384872909419949,189,360,202,309,237,246
1776767869.0532646,2.7083669285613823,7,-9,11.40175425099138,1.387074726397978,0.03384872909419949,189,360,202,309,237,246
1776767869.1112123,2.7083669285613823,7,-9,11.40175425099138,1.387074726397978,0.03384872909419949,189,360,202,309,237,246
1776767869.1644344,2.7083669285613823,7,-9,11.40175425099138,1.387074726397978,0.03384872909419949,189,360,202,309,237,246
1776767869.2217367,2.7083669285613823,7,-9,11.40175425099138,1.387074726397978,0.03384872909419949,189,360,202,309,237,246
1776767869.2786367,2.7083669285613823,7,-9,11.40175425099138,1.387074726397978,0.03384872909419949,189,360,202,309,237,246
1776767869.3356497,2.7083669285613823,7,-9,11.40175425099138,1.387074726397978,0.03384872909419949,189,360,202,309,237,246
1776767869.3945258,2.7083669285613823,7,-9,11.40175425099138,1.387074726397978,0.03384872909419949,189,360,202,309,237,246
1776767869.4461243,2.7083669285613823,7,-9,11.40175425099138,1.387074726397978,0.03384872909419949,189,360,202,309,237,246
1776767869.5036728,2.7083669285613823,7,-9,11.40175425099138,1.387074726397978,0.03384872909419949,189,360,202,309,237,246
1776767869.561238,2.7083669285613823,7,-9,11.40175425099138,1.387074726397978,0.03384872909419949,189,360,202,309,237,246
1776767869.6184478,2.7083669285613823,7,-9,11.40175425099138,1.387074726397978,0.03384872909419949,189,360,202,309,237,246
1776767869.6759415,2.7083669285613823,7,-9,11.40175425099138,1.387074726397978,0.03384872909419949,189,360,202,309,237,246
1776767869.7334738,2.7083669285613823,7,-9,11.40175425099138,1.387074726397978,0.03384872909419949,189,360,202,309,237,246
1776767869.7869587,2.7083669285613823,7,-9,11.40175425099138,1.387074726397978,0.03384872909419949,189,360,202,309,237,246
1776767869.843931,2.7083669285613823,7,-9,11.40175425099138,1.387074726397978,0.03384872909419949,189,360,202,309,237,246
1776767869.9013531,2.7083669285613823,7,-9,11.40175425099138,1.387074726397978,0.03384872909419949,189,360,202,309,237,246
1776767869.958886,2.7083669285613823,7,-9,11.40175425099138,1.387074726397978,0.03384872909419949,189,360,202,309,237,246
1776767870.016169,2.7083669285613823,7,-9,11.40175425099138,1.387074726397978,0.03384872909419949,189,360,202,309,237,246
1776767870.0732465,2.7083669285613823,7,-9,11.40175425099138,1.387074726397978,0.03384872909419949,189,360,202,309,237,246
1776767870.1263173,2.7083669285613823,7,-9,11.40175425099138,1.387074726397978,0.03384872909419949,189,360,202,309,237,246
1776767870.1833851,2.7083669285613823,7,-9,11.40175425099138,1.387074726397978,0.03384872909419949,189,360,202,309,237,246
1776767870.2982013,2.7083669285613823,7,-9,11.40175425099138,1.387074726397978,0.03384872909419949,189,360,202,309,237,246
1776767870.3558576,2.7083669285613823,7,-9,11.40175425099138,1.387074726397978,0.03384872909419949,189,360,202,309,237,246
1776767870.413216,2.7083669285613823,7,-9,11.40175425099138,1.387074726397978,0.03384872909419949,189,360,202,309,237,246
1776767870.4663408,2.7083669285613823,7,-9,11.40175425099138,1.387074726397978,0.03384872909419949,189,360,202,309,237,246
1776767870.523615,2.7083669285613823,7,-9,11.40175425099138,1.387074726397978,0.03384872909419949,189,360,202,309,237,246
1776767870.580864,2.7083669285613823,7,-9,11.40175425099138,1.387074726397978,0.03384872909419949,189,360,202,309,237,246
1776767870.6384451,2.7083669285613823,7,-9,11.40175425099138,1.387074726397978,0.03384872909419949,189,360,202,309,237,246
1776767870.6953442,2.7083669285613823,7,-9,11.40175425099138,1.387074726397978,0.03384872909419949,189,360,202,309,237,246
1776767870.7531116,2.7083669285613823,7,-9,11.40175425099138,1.387074726397978,0.03384872909419949,189,360,202,309,237,246
1776767870.8066053,2.7083669285613823,7,-9,11.40175425099138,1.387074726397978,0.03384872909419949,189,360,202,309,237,246
1776767870.8632298,2.7083669285613823,7,-9,11.40175425099138,1.387074726397978,0.03384872909419949,189,360,202,309,237,246
1776767870.9206126,2.7083669285613823,7,-9,11.40175425099138,1.387074726397978,0.03384872909419949,189,360,202,309,237,246
1776767870.9779134,2.7083669285613823,7,-9,11.40175425099138,1.387074726397978,0.03384872909419949,189,360,202,309,237,246
1776767871.0351517,2.7083669285613823,7,-9,11.40175425099138,1.387074726397978,0.03384872909419949,189,360,202,309,237,246
1776767871.097174,2.7083669285613823,7,-9,11.40175425099138,1.387074726397978,0.03384872909419949,189,360,202,309,237,246
1776767871.1458905,2.7083669285613823,7,-9,11.40175425099138,1.387074726397978,0.03384872909419949,189,360,202,309,237,246
1776767871.203225,2.7083669285613823,7,-9,11.40175425099138,1.387074726397978,0.03384872909419949,189,360,202,309,237,246
1776767871.261364,2.7083669285613823,7,-9,11.40175425099138,1.387074726397978,0.03384872909419949,189,360,202,309,237,246
1776767871.318352,2.7083669285613823,7,-9,11.40175425099138,1.387074726397978,0.03384872909419949,189,360,202,309,237,246
1776767871.3759844,2.7083669285613823,7,-9,11.40175425099138,1.387074726397978,0.03384872909419949,189,360,202,309,237,246
1776767871.4329634,2.7083669285613823,7,-9,11.40175425099138,1.387074726397978,0.03384872909419949,189,360,202,309,237,246
1776767871.4864745,2.7083669285613823,7,-9,11.40175425099138,1.387074726397978,0.03384872909419949,189,360,202,309,237,246
1776767871.5432296,2.7083669285613823,7,-9,11.40175425099138,1.387074726397978,0.03384872909419949,189,360,202,309,237,246
1776767871.6004777,2.7083669285613823,7,-9,11.40175425099138,1.387074726397978,0.03384872909419949,189,360,202,309,237,246
1776767871.6583483,2.7083669285613823,7,-9,11.40175425099138,1.387074726397978,0.03384872909419949,189,360,202,309,237,246
1776767871.7150977,2.7083669285613823,7,-9,11.40175425099138,1.387074726397978,0.03384872909419949,189,360,202,309,237,246
1776767871.7689967,2.7083669285613823,7,-9,11.40175425099138,1.387074726397978,0.03384872909419949,189,360,202,309,237,246
1776767871.8267596,2.7083669285613823,7,-9,11.40175425099138,1.387074726397978,0.03384872909419949,189,360,202,309,237,246
1776767871.8832083,2.7083669285613823,7,-9,11.40175425099138,1.387074726397978,0.03384872909419949,189,360,202,309,237,246
1776767871.9404626,2.7083669285613823,7,-9,11.40175425099138,1.387074726397978,0.03384872909419949,189,360,202,309,237,246
1776767871.9984908,2.7083669285613823,7,-9,11.40175425099138,1.387074726397978,0.03384872909419949,189,360,202,309,237,246
1776767872.0556343,2.7083669285613823,7,-9,11.40175425099138,1.387074726397978,0.03384872909419949,189,360,202,309,237,246
1776767872.108875,2.7083669285613823,7,-9,11.40175425099138,1.387074726397978,0.03384872909419949,189,360,202,309,237,246
1776767872.1667316,2.7083669285613823,7,-9,11.40175425099138,1.387074726397978,0.03384872909419949,189,360,202,309,237,246
1776767872.2236578,2.7083669285613823,7,-9,11.40175425099138,1.387074726397978,0.03384872909419949,189,360,202,309,237,246
1776767872.2808392,2.7083669285613823,7,-9,11.40175425099138,1.387074726397978,0.03384872909419949,189,360,202,309,237,246
1776767872.3380454,2.7083669285613823,7,-9,11.40175425099138,1.387074726397978,0.03384872909419949,189,360,202,309,237,246
1776767872.395812,2.7083669285613823,7,-9,11.40175425099138,1.387074726397978,0.03384872909419949,189,360,202,309,237,246
1776767872.4491289,2.7083669285613823,7,-9,11.40175425099138,1.387074726397978,0.03384872909419949,189,360,202,309,237,246
1776767872.50651,2.7083669285613823,7,-9,11.40175425099138,1.387074726397978,0.03384872909419949,189,360,202,309,237,246
1776767872.5637183,2.7083669285613823,7,-9,11.40175425099138,1.387074726397978,0.03384872909419949,189,360,202,309,237,246
1776767872.6208365,2.7083669285613823,7,-9,11.40175425099138,1.387074726397978,0.03384872909419949,189,360,202,309,237,246
1776767872.679519,2.7083669285613823,7,-9,11.40175425099138,1.387074726397978,0.03384872909419949,189,360,202,309,237,246
1776767872.7356575,2.7083669285613823,7,-9,11.40175425099138,1.387074726397978,0.03384872909419949,189,360,202,309,237,246
1776767872.7892754,2.7083669285613823,7,-9,11.40175425099138,1.387074726397978,0.03384872909419949,189,360,202,309,237,246
1776767872.846161,2.7083669285613823,7,-9,11.40175425099138,1.387074726397978,0.03384872909419949,189,360,202,309,237,246
1776767872.9040372,2.7083669285613823,7,-9,11.40175425099138,1.387074726397978,0.03384872909419949,189,360,202,309,237,246
1776767872.9612656,2.7083669285613823,7,-9,11.40175425099138,1.387074726397978,0.03384872909419949,189,360,202,309,237,246
1776767873.0753875,2.7083669285613823,7,-9,11.40175425099138,1.387074726397978,0.03384872909419949,189,360,202,309,237,246
1776767873.1284704,2.7083669285613823,7,-9,11.40175425099138,1.387074726397978,0.03384872909419949,189,360,202,309,237,246
1776767873.185588,2.7083669285613823,7,-9,11.40175425099138,1.387074726397978,0.03384872909419949,189,360,202,309,237,246
1776767873.243412,2.7083669285613823,7,-9,11.40175425099138,1.387074726397978,0.03384872909419949,189,360,202,309,237,246
1776767873.3006217,2.7083669285613823,7,-9,11.40175425099138,1.387074726397978,0.03384872909419949,189,360,202,309,237,246
1776767873.3575275,2.7083669285613823,7,-9,11.40175425099138,1.387074726397978,0.03384872909419949,189,360,202,309,237,246
1776767873.414841,2.7083669285613823,7,-9,11.40175425099138,1.387074726397978,0.03384872909419949,189,360,202,309,237,246
1776767873.4687378,2.7083669285613823,7,-9,11.40175425099138,1.387074726397978,0.03384872909419949,189,360,202,309,237,246
1776767873.5264902,2.7083669285613823,7,-9,11.40175425099138,1.387074726397978,0.03384872909419949,189,360,202,309,237,246
1776767873.583178,2.7083669285613823,7,-9,11.40175425099138,1.387074726397978,0.03384872909419949,189,360,202,309,237,246
1776767873.6405985,2.7083669285613823,7,-9,11.40175425099138,1.387074726397978,0.03384872909419949,189,360,202,309,237,246
1776767873.6974826,2.7083669285613823,7,-9,11.40175425099138,1.387074726397978,0.03384872909419949,189,360,202,309,237,246
1776767873.751086,2.7083669285613823,7,-9,11.40175425099138,1.387074726397978,0.03384872909419949,189,360,202,309,237,246
1776767873.809515,2.7083669285613823,7,-9,11.40175425099138,1.387074726397978,0.03384872909419949,189,360,202,309,237,246
1776767873.865643,2.7083669285613823,7,-9,11.40175425099138,1.387074726397978,0.03384872909419949,189,360,202,309,237,246
1776767873.9233038,2.7083669285613823,7,-9,11.40175425099138,1.387074726397978,0.03384872909419949,189,360,202,309,237,246
1776767873.980654,2.7083669285613823,7,-9,11.40175425099138,1.387074726397978,0.03384872909419949,189,360,202,309,237,246
1776767874.0382843,2.7083669285613823,7,-9,11.40175425099138,1.387074726397978,0.03384872909419949,189,360,202,309,237,246
1776767874.0913537,2.7083669285613823,7,-9,11.40175425099138,1.387074726397978,0.03384872909419949,189,360,202,309,237,246
1776767874.1486847,2.7083669285613823,7,-9,11.40175425099138,1.387074726397978,0.03384872909419949,189,360,202,309,237,246
1776767874.2059708,2.7083669285613823,7,-9,11.40175425099138,1.387074726397978,0.03384872909419949,189,360,202,309,237,246
1776767874.26344,2.7083669285613823,7,-9,11.40175425099138,1.387074726397978,0.03384872909419949,189,360,202,309,237,246
1776767874.3210812,2.7083669285613823,7,-9,11.40175425099138,1.387074726397978,0.03384872909419949,189,360,202,309,237,246
1776767874.3779924,2.7083669285613823,7,-9,11.40175425099138,1.387074726397978,0.03384872909419949,189,360,202,309,237,246
1776767874.4314976,2.7083669285613823,7,-9,11.40175425099138,1.387074726397978,0.03384872909419949,189,360,202,309,237,246
1776767874.488848,2.7083669285613823,7,-9,11.40175425099138,1.387074726397978,0.03384872909419949,189,360,202,309,237,246
1776767874.5457392,2.7083669285613823,7,-9,11.40175425099138,1.387074726397978,0.03384872909419949,189,360,202,309,237,246
1776767874.6028485,2.7083669285613823,7,-9,11.40175425099138,1.387074726397978,0.03384872909419949,189,360,202,309,237,246
1776767874.6605668,2.7083669285613823,7,-9,11.40175425099138,1.387074726397978,0.03384872909419949,189,360,202,309,237,246
1776767874.71744,2.7083669285613823,7,-9,11.40175425099138,1.387074726397978,0.03384872909419949,189,360,202,309,237,246
1776767874.7708695,2.7083669285613823,7,-9,11.40175425099138,1.387074726397978,0.03384872909419949,189,360,202,309,237,246
1776767874.8286855,2.7083669285613823,7,-9,11.40175425099138,1.387074726397978,0.03384872909419949,189,360,202,309,237,246
1776767874.8855052,2.7083669285613823,7,-9,11.40175425099138,1.387074726397978,0.03384872909419949,189,360,202,309,237,246
1776767874.9432604,2.7083669285613823,7,-9,11.40175425099138,1.387074726397978,0.03384872909419949,189,360,202,309,237,246
1776767875.0001838,2.7083669285613823,7,-9,11.40175425099138,1.387074726397978,0.03384872909419949,189,360,202,309,237,246
1776767875.057798,2.7083669285613823,7,-9,11.40175425099138,1.387074726397978,0.03384872909419949,189,360,202,309,237,246
1776767875.1117973,2.7083669285613823,7,-9,11.40175425099138,1.387074726397978,0.03384872909419949,189,360,202,309,237,246
1776767875.1685252,2.7083669285613823,7,-9,11.40175425099138,1.387074726397978,0.03384872909419949,189,360,202,309,237,246
1776767875.2834787,2.7083669285613823,7,-9,11.40175425099138,1.387074726397978,0.03384872909419949,189,360,202,309,237,246
1776767875.3407571,2.7083669285613823,7,-9,11.40175425099138,1.387074726397978,0.03384872909419949,189,360,202,309,237,246
1776767875.39823,2.7083669285613823,7,-9,11.40175425099138,1.387074726397978,0.03384872909419949,189,360,202,309,237,246
1776767875.4513361,2.7083669285613823,7,-9,11.40175425099138,1.387074726397978,0.03384872909419949,189,360,202,309,237,246
1776767875.508483,2.7083669285613823,7,-9,11.40175425099138,1.387074726397978,0.03384872909419949,189,360,202,309,237,246
1776767875.5653405,2.7083669285613823,7,-9,11.40175425099138,1.387074726397978,0.03384872909419949,189,360,202,309,237,246
1776767875.6227317,2.7083669285613823,7,-9,11.40175425099138,1.387074726397978,0.03384872909419949,189,360,202,309,237,246
1776767875.6800294,2.7083669285613823,7,-9,11.40175425099138,1.387074726397978,0.03384872909419949,189,360,202,309,237,246
1776767875.733376,2.7083669285613823,7,-9,11.40175425099138,1.387074726397978,0.03384872909419949,189,360,202,309,237,246
1776767875.791134,2.7083669285613823,7,-9,11.40175425099138,1.387074726397978,0.03384872909419949,189,360,202,309,237,246
1776767875.8479395,2.7083669285613823,7,-9,11.40175425099138,1.387074726397978,0.03384872909419949,189,360,202,309,237,246
1776767875.9056768,2.7083669285613823,7,-9,11.40175425099138,1.387074726397978,0.03384872909419949,189,360,202,309,237,246
1776767875.9627635,2.7083669285613823,7,-9,11.40175425099138,1.387074726397978,0.03384872909419949,189,360,202,309,237,246
1776767876.0201871,2.7083669285613823,7,-9,11.40175425099138,1.387074726397978,0.03384872909419949,189,360,202,309,237,246
1776767876.0736914,2.7083669285613823,7,-9,11.40175425099138,1.387074726397978,0.03384872909419949,189,360,202,309,237,246
1776767876.1308713,2.7083669285613823,7,-9,11.40175425099138,1.387074726397978,0.03384872909419949,189,360,202,309,237,246
1776767876.1886256,2.7083669285613823,7,-9,11.40175425099138,1.387074726397978,0.03384872909419949,189,360,202,309,237,246
1776767876.24597,2.7083669285613823,7,-9,11.40175425099138,1.387074726397978,0.03384872909419949,189,360,202,309,237,246
1776767876.3032475,2.7083669285613823,7,-9,11.40175425099138,1.387074726397978,0.03384872909419949,189,360,202,309,237,246
1776767876.3602679,2.7083669285613823,7,-9,11.40175425099138,1.387074726397978,0.03384872909419949,189,360,202,309,237,246
1776767876.4139192,2.7083669285613823,7,-9,11.40175425099138,1.387074726397978,0.03384872909419949,189,360,202,309,237,246
1776767876.4714663,2.7083669285613823,7,-9,11.40175425099138,1.387074726397978,0.03384872909419949,189,360,202,309,237,246
1776767876.528669,2.7083669285613823,7,-9,11.40175425099138,1.387074726397978,0.03384872909419949,189,360,202,309,237,246
1776767876.5855334,2.7083669285613823,7,-9,11.40175425099138,1.387074726397978,0.03384872909419949,189,360,202,309,237,246
1776767876.6425068,2.7083669285613823,7,-9,11.40175425099138,1.387074726397978,0.03384872909419949,189,360,202,309,237,246
1776767876.700416,2.7083669285613823,7,-9,11.40175425099138,1.387074726397978,0.03384872909419949,189,360,202,309,237,246
1776767876.7540035,2.7083669285613823,7,-9,11.40175425099138,1.387074726397978,0.03384872909419949,189,360,202,309,237,246
1776767876.8109415,2.7083669285613823,7,-9,11.40175425099138,1.387074726397978,0.03384872909419949,189,360,202,309,237,246
1776767876.8678172,2.7083669285613823,7,-9,11.40175425099138,1.387074726397978,0.03384872909419949,189,360,202,309,237,246
1776767876.92516,2.7083669285613823,7,-9,11.40175425099138,1.387074726397978,0.03384872909419949,189,360,202,309,237,246
1776767876.9823203,2.7083669285613823,7,-9,11.40175425099138,1.387074726397978,0.03384872909419949,189,360,202,309,237,246
1776767877.0397377,2.7083669285613823,7,-9,11.40175425099138,1.387074726397978,0.03384872909419949,189,360,202,309,237,246
1776767877.0935738,2.7083669285613823,7,-9,11.40175425099138,1.387074726397978,0.03384872909419949,189,360,202,309,237,246
1776767877.1504445,2.7083669285613823,7,-9,11.40175425099138,1.387074726397978,0.03384872909419949,189,360,202,309,237,246
1776767877.2077484,2.7083669285613823,7,-9,11.40175425099138,1.387074726397978,0.03384872909419949,189,360,202,309,237,246
1776767877.2654076,2.7083669285613823,7,-9,11.40175425099138,1.387074726397978,0.03384872909419949,189,360,202,309,237,246
1776767877.3232121,2.7083669285613823,7,-9,11.40175425099138,1.387074726397978,0.03384872909419949,189,360,202,309,237,246
1776767877.3766546,2.7083669285613823,7,-9,11.40175425099138,1.387074726397978,0.03384872909419949,189,360,202,309,237,246
1776767877.4335713,2.7083669285613823,7,-9,11.40175425099138,1.387074726397978,0.03384872909419949,189,360,202,309,237,246
1776767877.4906938,2.7083669285613823,7,-9,11.40175425099138,1.387074726397978,0.03384872909419949,189,360,202,309,237,246
1776767877.548232,2.7083669285613823,7,-9,11.40175425099138,1.387074726397978,0.03384872909419949,189,360,202,309,237,246
1776767877.6057184,2.7083669285613823,7,-9,11.40175425099138,1.387074726397978,0.03384872909419949,189,360,202,309,237,246
1776767877.6623757,2.7083669285613823,7,-9,11.40175425099138,1.387074726397978,0.03384872909419949,189,360,202,309,237,246
1776767877.7158856,2.7083669285613823,7,-9,11.40175425099138,1.387074726397978,0.03384872909419949,189,360,202,309,237,246
1776767877.7733073,2.7083669285613823,7,-9,11.40175425099138,1.387074726397978,0.03384872909419949,189,360,202,309,237,246
1776767877.831053,2.7083669285613823,7,-9,11.40175425099138,1.387074726397978,0.03384872909419949,189,360,202,309,237,246
1776767877.9450152,2.7083669285613823,7,-9,11.40175425099138,1.387074726397978,0.03384872909419949,189,360,202,309,237,246
1776767878.0023198,2.7083669285613823,7,-9,11.40175425099138,1.387074726397978,0.03384872909419949,189,360,202,309,237,246
1776767878.0562496,2.7083669285613823,7,-9,11.40175425099138,1.387074726397978,0.03384872909419949,189,360,202,309,237,246
1776767878.1138167,2.7083669285613823,7,-9,11.40175425099138,1.387074726397978,0.03384872909419949,189,360,202,309,237,246
1776767878.1706321,2.7083669285613823,7,-9,11.40175425099138,1.387074726397978,0.03384872909419949,189,360,202,309,237,246
1776767878.2279627,2.7083669285613823,7,-9,11.40175425099138,1.387074726397978,0.03384872909419949,189,360,202,309,237,246
1776767878.2862272,2.7083669285613823,7,-9,11.40175425099138,1.387074726397978,0.03384872909419949,189,360,202,309,237,246
1776767878.343046,2.7083669285613823,7,-9,11.40175425099138,1.387074726397978,0.03384872909419949,189,360,202,309,237,246
1776767878.3965535,2.7083669285613823,7,-9,11.40175425099138,1.387074726397978,0.03384872909419949,189,360,202,309,237,246
1776767878.4532692,2.7083669285613823,7,-9,11.40175425099138,1.387074726397978,0.03384872909419949,189,360,202,309,237,246
1776767878.5107517,2.7083669285613823,7,-9,11.40175425099138,1.387074726397978,0.03384872909419949,189,360,202,309,237,246
1776767878.5675979,2.7083669285613823,7,-9,11.40175425099138,1.387074726397978,0.03384872909419949,189,360,202,309,237,246
1776767878.6255445,2.7083669285613823,7,-9,11.40175425099138,1.387074726397978,0.03384872909419949,189,360,202,309,237,246
1776767878.6825953,2.7083669285613823,7,-9,11.40175425099138,1.387074726397978,0.03384872909419949,189,360,202,309,237,246
1776767878.736298,2.7083669285613823,7,-9,11.40175425099138,1.387074726397978,0.03384872909419949,189,360,202,309,237,246
1776767878.7934244,2.7083669285613823,7,-9,11.40175425099138,1.387074726397978,0.03384872909419949,189,360,202,309,237,246
1776767878.8503056,2.7083669285613823,7,-9,11.40175425099138,1.387074726397978,0.03384872909419949,189,360,202,309,237,246
1776767878.9081419,2.7083669285613823,7,-9,11.40175425099138,1.387074726397978,0.03384872909419949,189,360,202,309,237,246
1776767878.9654565,2.7083669285613823,7,-9,11.40175425099138,1.387074726397978,0.03384872909419949,189,360,202,309,237,246
1776767879.0226038,2.7083669285613823,7,-9,11.40175425099138,1.387074726397978,0.03384872909419949,189,360,202,309,237,246
1776767879.075619,2.7083669285613823,7,-9,11.40175425099138,1.387074726397978,0.03384872909419949,189,360,202,309,237,246
1776767879.1333177,2.7083669285613823,7,-9,11.40175425099138,1.387074726397978,0.03384872909419949,189,360,202,309,237,246
1776767879.1909747,2.7083669285613823,7,-9,11.40175425099138,1.387074726397978,0.03384872909419949,189,360,202,309,237,246
1776767879.2478044,2.7083669285613823,7,-9,11.40175425099138,1.387074726397978,0.03384872909419949,189,360,202,309,237,246
1776767879.3052886,2.7083669285613823,7,-9,11.40175425099138,1.387074726397978,0.03384872909419949,189,360,202,309,237,246
1776767879.3588767,2.7083669285613823,7,-9,11.40175425099138,1.387074726397978,0.03384872909419949,189,360,202,309,237,246
1776767879.4155085,2.7083669285613823,7,-9,11.40175425099138,1.387074726397978,0.03384872909419949,189,360,202,309,237,246
1776767879.4736269,2.7083669285613823,7,-9,11.40175425099138,1.387074726397978,0.03384872909419949,189,360,202,309,237,246
1776767879.530394,2.7083669285613823,7,-9,11.40175425099138,1.387074726397978,0.03384872909419949,189,360,202,309,237,246
1776767879.58823,2.7083669285613823,7,-9,11.40175425099138,1.387074726397978,0.03384872909419949,189,360,202,309,237,246
1776767879.6453767,2.7083669285613823,7,-9,11.40175425099138,1.387074726397978,0.03384872909419949,189,360,202,309,237,246
1776767879.698566,2.7083669285613823,7,-9,11.40175425099138,1.387074726397978,0.03384872909419949,189,360,202,309,237,246
1776767879.755856,2.7083669285613823,7,-9,11.40175425099138,1.387074726397978,0.03384872909419949,189,360,202,309,237,246
1776767879.812997,2.7083669285613823,7,-9,11.40175425099138,1.387074726397978,0.03384872909419949,189,360,202,309,237,246
1776767879.8704684,2.7083669285613823,7,-9,11.40175425099138,1.387074726397978,0.03384872909419949,189,360,202,309,237,246
1776767879.9280179,2.7083669285613823,7,-9,11.40175425099138,1.387074726397978,0.03384872909419949,189,360,202,309,237,246
1776767879.985302,2.7083669285613823,7,-9,11.40175425099138,1.387074726397978,0.03384872909419949,189,360,202,309,237,246
1776767880.037975,2.7083669285613823,7,-9,11.40175425099138,1.387074726397978,0.03384872909419949,189,360,202,309,237,246
1776767880.0953119,2.7083669285613823,7,-9,11.40175425099138,1.387074726397978,0.03384872909419949,189,360,202,309,237,246
1776767880.1526418,2.7083669285613823,7,-9,11.40175425099138,1.387074726397978,0.03384872909419949,189,360,202,309,237,246
1776767880.2099793,2.7083669285613823,7,-9,11.40175425099138,1.387074726397978,0.03384872909419949,189,360,202,309,237,246
1776767880.2677193,2.7083669285613823,7,-9,11.40175425099138,1.387074726397978,0.03384872909419949,189,360,202,309,237,246
1776767880.3255062,2.7083669285613823,7,-9,11.40175425099138,1.387074726397978,0.03384872909419949,189,360,202,309,237,246
1776767880.3785381,2.7083669285613823,7,-9,11.40175425099138,1.387074726397978,0.03384872909419949,189,360,202,309,237,246
1776767880.4352937,2.7083669285613823,7,-9,11.40175425099138,1.387074726397978,0.03384872909419949,189,360,202,309,237,246
1776767880.5506785,2.7083669285613823,7,-9,11.40175425099138,1.387074726397978,0.03384872909419949,189,360,202,309,237,246
1776767880.6075246,2.7083669285613823,7,-9,11.40175425099138,1.387074726397978,0.03384872909419949,189,360,202,309,237,246
1776767880.6647015,2.7083669285613823,7,-9,11.40175425099138,1.387074726397978,0.03384872909419949,189,360,202,309,237,246
1776767880.7185168,2.7083669285613823,7,-9,11.40175425099138,1.387074726397978,0.03384872909419949,189,360,202,309,237,246
1776767880.775267,2.7083669285613823,7,-9,11.40175425099138,1.387074726397978,0.03384872909419949,189,360,202,309,237,246
1776767880.8330352,2.7083669285613823,7,-9,11.40175425099138,1.387074726397978,0.03384872909419949,189,360,202,309,237,246
1776767880.8899903,2.7083669285613823,7,-9,11.40175425099138,1.387074726397978,0.03384872909419949,189,360,202,309,237,246
1776767880.947187,2.7083669285613823,7,-9,11.40175425099138,1.387074726397978,0.03384872909419949,189,360,202,309,237,246
1776767881.0050104,2.7083669285613823,7,-9,11.40175425099138,1.387074726397978,0.03384872909419949,189,360,202,309,237,246
1776767881.058302,2.7083669285613823,7,-9,11.40175425099138,1.387074726397978,0.03384872909419949,189,360,202,309,237,246
1776767881.1153278,2.7083669285613823,7,-9,11.40175425099138,1.387074726397978,0.03384872909419949,189,360,202,309,237,246
1776767881.17302,2.7083669285613823,7,-9,11.40175425099138,1.387074726397978,0.03384872909419949,189,360,202,309,237,246
1776767881.230196,2.7083669285613823,7,-9,11.40175425099138,1.387074726397978,0.03384872909419949,189,360,202,309,237,246
1776767881.2871757,2.7083669285613823,7,-9,11.40175425099138,1.387074726397978,0.03384872909419949,189,360,202,309,237,246
1776767881.3413045,2.7083669285613823,7,-9,11.40175425099138,1.387074726397978,0.03384872909419949,189,360,202,309,237,246
1776767881.3990586,2.7083669285613823,7,-9,11.40175425099138,1.387074726397978,0.03384872909419949,189,360,202,309,237,246
1776767881.4558668,2.7083669285613823,7,-9,11.40175425099138,1.387074726397978,0.03384872909419949,189,360,202,309,237,246
1776767881.5127485,2.7083669285613823,7,-9,11.40175425099138,1.387074726397978,0.03384872909419949,189,360,202,309,237,246
1776767881.5702643,2.7083669285613823,7,-9,11.40175425099138,1.387074726397978,0.03384872909419949,189,360,202,309,237,246
1776767881.6276546,2.7083669285613823,7,-9,11.40175425099138,1.387074726397978,0.03384872909419949,189,360,202,309,237,246
1776767881.681165,2.7083669285613823,7,-9,11.40175425099138,1.387074726397978,0.03384872909419949,189,360,202,309,237,246
1776767881.7383504,2.7083669285613823,7,-9,11.40175425099138,1.387074726397978,0.03384872909419949,189,360,202,309,237,246
1776767881.795138,2.7083669285613823,7,-9,11.40175425099138,1.387074726397978,0.03384872909419949,189,360,202,309,237,246
1776767881.8524244,2.7083669285613823,7,-9,11.40175425099138,1.387074726397978,0.03384872909419949,189,360,202,309,237,246
1776767881.9104023,2.7083669285613823,7,-9,11.40175425099138,1.387074726397978,0.03384872909419949,189,360,202,309,237,246
1776767881.9677596,2.7083669285613823,7,-9,11.40175425099138,1.387074726397978,0.03384872909419949,189,360,202,309,237,246
1776767882.020615,2.7083669285613823,7,-9,11.40175425099138,1.387074726397978,0.03384872909419949,189,360,202,309,237,246
1776767882.0783336,2.7083669285613823,7,-9,11.40175425099138,1.387074726397978,0.03384872909419949,189,360,202,309,237,246
1776767882.1356583,2.7083669285613823,7,-9,11.40175425099138,1.387074726397978,0.03384872909419949,189,360,202,309,237,246
1776767882.1930954,2.7083669285613823,7,-9,11.40175425099138,1.387074726397978,0.03384872909419949,189,360,202,309,237,246
1776767882.2501411,2.7083669285613823,7,-9,11.40175425099138,1.387074726397978,0.03384872909419949,189,360,202,309,237,246
1776767882.3074622,2.7083669285613823,7,-9,11.40175425099138,1.387074726397978,0.03384872909419949,189,360,202,309,237,246
1776767882.360364,2.7083669285613823,7,-9,11.40175425099138,1.387074726397978,0.03384872909419949,189,360,202,309,237,246
1776767882.4181106,2.7083669285613823,7,-9,11.40175425099138,1.387074726397978,0.03384872909419949,189,360,202,309,237,246
1776767882.4751005,2.7083669285613823,7,-9,11.40175425099138,1.387074726397978,0.03384872909419949,189,360,202,309,237,246
1776767882.5324807,2.7083669285613823,7,-9,11.40175425099138,1.387074726397978,0.03384872909419949,189,360,202,309,237,246
1776767882.5899282,2.7083669285613823,7,-9,11.40175425099138,1.387074726397978,0.03384872909419949,189,360,202,309,237,246
1776767882.6475925,2.7083669285613823,7,-9,11.40175425099138,1.387074726397978,0.03384872909419949,189,360,202,309,237,246
1776767882.700892,2.7083669285613823,7,-9,11.40175425099138,1.387074726397978,0.03384872909419949,189,360,202,309,237,246
1776767882.8156848,2.7083669285613823,7,-9,11.40175425099138,1.387074726397978,0.03384872909419949,189,360,202,309,237,246
1776767882.8722978,2.7083669285613823,7,-9,11.40175425099138,1.387074726397978,0.03384872909419949,189,360,202,309,237,246
1776767882.9298272,2.7083669285613823,7,-9,11.40175425099138,1.387074726397978,0.03384872909419949,189,360,202,309,237,246
1776767882.987727,2.7083669285613823,7,-9,11.40175425099138,1.387074726397978,0.03384872909419949,189,360,202,309,237,246
1776767883.0409164,2.7083669285613823,7,-9,11.40175425099138,1.387074726397978,0.03384872909419949,189,360,202,309,237,246
1776767883.0982983,2.7083669285613823,7,-9,11.40175425099138,1.387074726397978,0.03384872909419949,189,360,202,309,237,246
1776767883.1552587,2.7083669285613823,7,-9,11.40175425099138,1.387074726397978,0.03384872909419949,189,360,202,309,237,246
1776767883.2129254,2.7083669285613823,7,-9,11.40175425099138,1.387074726397978,0.03384872909419949,189,360,202,309,237,246
1776767883.2702053,2.7083669285613823,7,-9,11.40175425099138,1.387074726397978,0.03384872909419949,189,360,202,309,237,246
1776767883.3233688,2.7083669285613823,7,-9,11.40175425099138,1.387074726397978,0.03384872909419949,189,360,202,309,237,246
1776767883.380746,2.7083669285613823,7,-9,11.40175425099138,1.387074726397978,0.03384872909419949,189,360,202,309,237,246
1776767883.438842,2.7083669285613823,7,-9,11.40175425099138,1.387074726397978,0.03384872909419949,189,360,202,309,237,246
1776767883.4948697,2.7083669285613823,7,-9,11.40175425099138,1.387074726397978,0.03384872909419949,189,360,202,309,237,246
1776767883.5529737,2.7083669285613823,7,-9,11.40175425099138,1.387074726397978,0.03384872909419949,189,360,202,309,237,246
1776767883.610069,2.7083669285613823,7,-9,11.40175425099138,1.387074726397978,0.03384872909419949,189,360,202,309,237,246
1776767883.663612,2.7083669285613823,7,-9,11.40175425099138,1.387074726397978,0.03384872909419949,189,360,202,309,237,246
1776767883.7204027,2.7083669285613823,7,-9,11.40175425099138,1.387074726397978,0.03384872909419949,189,360,202,309,237,246
1776767883.7776697,2.7083669285613823,7,-9,11.40175425099138,1.387074726397978,0.03384872909419949,189,360,202,309,237,246
1776767883.8353264,2.7083669285613823,7,-9,11.40175425099138,1.387074726397978,0.03384872909419949,189,360,202,309,237,246
1776767883.8932934,2.7083669285613823,7,-9,11.40175425099138,1.387074726397978,0.03384872909419949,189,360,202,309,237,246
1776767883.950009,2.7083669285613823,7,-9,11.40175425099138,1.387074726397978,0.03384872909419949,189,360,202,309,237,246
1776767884.0033524,2.7083669285613823,7,-9,11.40175425099138,1.387074726397978,0.03384872909419949,189,360,202,309,237,246
1776767884.0607305,2.7083669285613823,7,-9,11.40175425099138,1.387074726397978,0.03384872909419949,189,360,202,309,237,246
1776767884.1175625,2.7083669285613823,7,-9,11.40175425099138,1.387074726397978,0.03384872909419949,189,360,202,309,237,246
1776767884.1753187,2.7083669285613823,7,-9,11.40175425099138,1.387074726397978,0.03384872909419949,189,360,202,309,237,246
1776767884.2325077,2.7083669285613823,7,-9,11.40175425099138,1.387074726397978,0.03384872909419949,189,360,202,309,237,246
1776767884.289876,2.7083669285613823,7,-9,11.40175425099138,1.387074726397978,0.03384872909419949,189,360,202,309,237,246
1776767884.3438015,2.7083669285613823,7,-9,11.40175425099138,1.387074726397978,0.03384872909419949,189,360,202,309,237,246
1776767884.4006207,2.7083669285613823,7,-9,11.40175425099138,1.387074726397978,0.03384872909419949,189,360,202,309,237,246
1776767884.457917,2.7083669285613823,7,-9,11.40175425099138,1.387074726397978,0.03384872909419949,189,360,202,309,237,246
1776767884.5154235,2.7083669285613823,7,-9,11.40175425099138,1.387074726397978,0.03384872909419949,189,360,202,309,237,246
1776767884.5730414,2.7083669285613823,7,-9,11.40175425099138,1.387074726397978,0.03384872909419949,189,360,202,309,237,246
1776767884.629344,2.7083669285613823,7,-9,11.40175425099138,1.387074726397978,0.03384872909419949,189,360,202,309,237,246
1776767884.6826916,2.7083669285613823,7,-9,11.40175425099138,1.387074726397978,0.03384872909419949,189,360,202,309,237,246
1776767884.7400246,2.7083669285613823,7,-9,11.40175425099138,1.387074726397978,0.03384872909419949,189,360,202,309,237,246
1776767884.7974691,2.7083669285613823,7,-9,11.40175425099138,1.387074726397978,0.03384872909419949,189,360,202,309,237,246
1776767884.854822,2.7083669285613823,7,-9,11.40175425099138,1.387074726397978,0.03384872909419949,189,360,202,309,237,246
1776767884.9123554,2.7083669285613823,7,-9,11.40175425099138,1.387074726397978,0.03384872909419949,189,360,202,309,237,246
1776767884.9699738,2.7083669285613823,7,-9,11.40175425099138,1.387074726397978,0.03384872909419949,189,360,202,309,237,246
1776767885.023222,2.7083669285613823,7,-9,11.40175425099138,1.387074726397978,0.03384872909419949,189,360,202,309,237,246
1776767885.0805826,2.7083669285613823,7,-9,11.40175425099138,1.387074726397978,0.03384872909419949,189,360,202,309,237,246
1776767885.1379158,2.7083669285613823,7,-9,11.40175425099138,1.387074726397978,0.03384872909419949,189,360,202,309,237,246
1776767885.1952443,2.7083669285613823,7,-9,11.40175425099138,1.387074726397978,0.03384872909419949,189,360,202,309,237,246
1776767885.2524006,2.7083669285613823,7,-9,11.40175425099138,1.387074726397978,0.03384872909419949,189,360,202,309,237,246
1776767885.3054833,2.7083669285613823,7,-9,11.40175425099138,1.387074726397978,0.03384872909419949,189,360,202,309,237,246
1776767885.363153,2.7083669285613823,7,-9,11.40175425099138,1.387074726397978,0.03384872909419949,189,360,202,309,237,246
1776767885.4203157,2.7083669285613823,7,-9,11.40175425099138,1.387074726397978,0.03384872909419949,189,360,202,309,237,246
1776767885.4776392,2.7083669285613823,7,-9,11.40175425099138,1.387074726397978,0.03384872909419949,189,360,202,309,237,246
1776767885.5923486,2.7083669285613823,7,-9,11.40175425099138,1.387074726397978,0.03384872909419949,189,360,202,309,237,246
1776767885.646106,2.7083669285613823,7,-9,11.40175425099138,1.387074726397978,0.03384872909419949,189,360,202,309,237,246
1776767885.7032745,2.7083669285613823,7,-9,11.40175425099138,1.387074726397978,0.03384872909419949,189,360,202,309,237,246
1776767885.7599566,2.7083669285613823,7,-9,11.40175425099138,1.387074726397978,0.03384872909419949,189,360,202,309,237,246
1776767885.817524,2.7083669285613823,7,-9,11.40175425099138,1.387074726397978,0.03384872909419949,189,360,202,309,237,246
1776767885.8749707,2.7083669285613823,7,-9,11.40175425099138,1.387074726397978,0.03384872909419949,189,360,202,309,237,246
1776767885.9317844,2.7083669285613823,7,-9,11.40175425099138,1.387074726397978,0.03384872909419949,189,360,202,309,237,246
1776767885.9859192,2.7083669285613823,7,-9,11.40175425099138,1.387074726397978,0.03384872909419949,189,360,202,309,237,246
1776767886.0432582,2.7083669285613823,7,-9,11.40175425099138,1.387074726397978,0.03384872909419949,189,360,202,309,237,246
1776767886.1007357,2.7083669285613823,7,-9,11.40175425099138,1.387074726397978,0.03384872909419949,189,360,202,309,237,246
1776767886.158098,2.7083669285613823,7,-9,11.40175425099138,1.387074726397978,0.03384872909419949,189,360,202,309,237,246
1776767886.215754,2.7083669285613823,7,-9,11.40175425099138,1.387074726397978,0.03384872909419949,189,360,202,309,237,246
1776767886.272233,2.7083669285613823,7,-9,11.40175425099138,1.387074726397978,0.03384872909419949,189,360,202,309,237,246
1776767886.32573,2.7083669285613823,7,-9,11.40175425099138,1.387074726397978,0.03384872909419949,189,360,202,309,237,246
1776767886.3834612,2.7083669285613823,7,-9,11.40175425099138,1.387074726397978,0.03384872909419949,189,360,202,309,237,246
1776767886.4412565,2.7083669285613823,7,-9,11.40175425099138,1.387074726397978,0.03384872909419949,189,360,202,309,237,246
1776767886.498124,2.7083669285613823,7,-9,11.40175425099138,1.387074726397978,0.03384872909419949,189,360,202,309,237,246
1776767886.555157,2.7083669285613823,7,-9,11.40175425099138,1.387074726397978,0.03384872909419949,189,360,202,309,237,246
1776767886.6129115,2.7083669285613823,7,-9,11.40175425099138,1.387074726397978,0.03384872909419949,189,360,202,309,237,246
1776767886.6655264,2.7083669285613823,7,-9,11.40175425099138,1.387074726397978,0.03384872909419949,189,360,202,309,237,246
1776767886.7228081,2.7083669285613823,7,-9,11.40175425099138,1.387074726397978,0.03384872909419949,189,360,202,309,237,246
1776767886.7806551,2.7083669285613823,7,-9,11.40175425099138,1.387074726397978,0.03384872909419949,189,360,202,309,237,246
1776767886.837788,2.7083669285613823,7,-10,12.206555615733702,1.4849824350040999,0.03662310859615193,189,360,201,309,237,245
1776767886.8943057,2.7083669285613823,7,-10,12.206555615733702,1.4849824350040999,0.03662310859615193,189,360,201,309,237,245
1776767886.9477487,2.7083669285613823,7,-10,12.206555615733702,1.4849824350040999,0.03662310859615193,189,360,201,309,237,245
1776767887.0055294,2.7083669285613823,7,-10,12.206555615733702,1.4849824350040999,0.035607318860319565,188,360,201,308,237,245
1776767887.0626187,2.7083669285613823,7,-10,12.206555615733702,1.4849824350040999,0.035607318860319565,188,360,201,308,237,245
1776767887.1196747,2.7083669285613823,7,-10,12.206555615733702,1.4849824350040999,0.035607318860319565,188,360,201,308,237,245
1776767887.1773536,2.7083669285613823,7,-10,12.206555615733702,1.4849824350040999,0.035607318860319565,188,360,201,308,237,245
1776767887.2346096,2.7083669285613823,7,-10,12.206555615733702,1.4849824350040999,0.035607318860319565,188,360,201,308,237,245
1776767887.2879634,2.7083669285613823,7,-10,12.206555615733702,1.4849824350040999,0.035607318860319565,188,360,201,308,237,245
1776767887.345579,2.7083669285613823,7,-10,12.206555615733702,1.4849824350040999,0.035607318860319565,188,360,201,308,237,245
1776767887.4029567,2.7083669285613823,7,-10,12.206555615733702,1.4849824350040999,0.035607318860319565,188,360,201,308,237,245
1776767887.459845,2.7083669285613823,7,-10,12.206555615733702,1.4849824350040999,0.035607318860319565,188,360,201,308,237,245
1776767887.5173125,2.7083669285613823,7,-10,12.206555615733702,1.4849824350040999,0.035607318860319565,188,360,201,308,237,245
1776767887.628157,2.7083669285613823,7,-10,12.206555615733702,1.4849824350040999,0.035607318860319565,188,360,201,308,237,245
1776767887.6855083,2.7083669285613823,7,-10,12.206555615733702,1.4849824350040999,0.035607318860319565,188,360,201,308,237,245
1776767887.7423804,2.7083669285613823,7,-10,12.206555615733702,1.4849824350040999,0.035607318860319565,188,360,201,308,237,245
1776767887.7998853,2.7083669285613823,7,-10,12.206555615733702,1.4849824350040999,0.035607318860319565,188,360,201,308,237,245
1776767887.8601146,2.7083669285613823,7,-10,12.206555615733702,1.4849824350040999,0.035607318860319565,188,360,201,308,237,245
1776767887.9146366,2.7083669285613823,7,-10,12.206555615733702,1.4849824350040999,0.035607318860319565,188,360,201,308,237,245
1776767887.9681904,2.7083669285613823,7,-10,12.206555615733702,1.4849824350040999,0.035607318860319565,188,360,201,308,237,245
1776767888.024871,2.7083669285613823,7,-10,12.206555615733702,1.4849824350040999,0.035607318860319565,188,360,201,308,237,245
1776767888.0822902,2.7083669285613823,7,-10,12.206555615733702,1.4849824350040999,0.035607318860319565,188,360,201,308,237,245
1776767888.1402988,2.7083669285613823,7,-10,12.206555615733702,1.4849824350040999,0.035607318860319565,188,360,201,308,237,245
1776767888.1968234,2.7083669285613823,7,-10,12.206555615733702,1.4849824350040999,0.035607318860319565,188,360,201,308,237,245
1776767888.2546194,2.7083669285613823,7,-10,12.206555615733702,1.4849824350040999,0.035607318860319565,188,360,201,308,237,245
1776767888.3083358,2.7083669285613823,7,-10,12.206555615733702,1.4849824350040999,0.035607318860319565,188,360,201,308,237,245
1776767888.365592,2.7083669285613823,7,-10,12.206555615733702,1.4849824350040999,0.035607318860319565,188,360,201,308,237,245
1776767888.4228027,2.7083669285613823,7,-10,12.206555615733702,1.4849824350040999,0.035607318860319565,188,360,201,308,237,245
1776767888.4804375,2.7083669285613823,7,-10,12.206555615733702,1.4849824350040999,0.035607318860319565,188,360,201,308,237,245
1776767888.537222,2.7083669285613823,7,-10,12.206555615733702,1.4849824350040999,0.035607318860319565,188,360,201,308,237,245
1776767888.594193,2.7083669285613823,7,-10,12.206555615733702,1.4849824350040999,0.035607318860319565,188,360,201,308,237,245
1776767888.6477294,2.7083669285613823,7,-10,12.206555615733702,1.4849824350040999,0.035607318860319565,188,360,201,308,237,245
1776767888.705553,2.7083669285613823,7,-10,12.206555615733702,1.4849824350040999,0.035607318860319565,188,360,201,308,237,245
1776767888.7624645,2.7083669285613823,7,-10,12.206555615733702,1.4849824350040999,0.035607318860319565,188,360,201,308,237,245
1776767888.819552,2.7083669285613823,7,-10,12.206555615733702,1.4849824350040999,0.035607318860319565,188,360,201,308,237,245
1776767888.876833,2.7083669285613823,7,-10,12.206555615733702,1.4849824350040999,0.035607318860319565,188,360,201,308,237,245
1776767888.9343102,2.7083669285613823,7,-10,12.206555615733702,1.4849824350040999,0.035607318860319565,188,360,201,308,237,245
1776767888.987991,2.7083669285613823,7,-10,12.206555615733702,1.4849824350040999,0.035607318860319565,188,360,201,308,237,245
1776767889.0452788,2.7083669285613823,7,-10,12.206555615733702,1.4849824350040999,0.035607318860319565,188,360,201,308,237,245
1776767889.1028254,2.7083669285613823,7,-10,12.206555615733702,1.4849824350040999,0.035607318860319565,188,360,201,308,237,245
1776767889.1595068,2.7083669285613823,7,-10,12.206555615733702,1.4849824350040999,0.035607318860319565,188,360,201,308,237,245
1776767889.2170656,2.7083669285613823,7,-10,12.206555615733702,1.4849824350040999,0.035607318860319565,188,360,201,308,237,245
1776767889.2701793,2.7083669285613823,7,-10,12.206555615733702,1.4849824350040999,0.035607318860319565,188,360,201,308,237,245
1776767889.3278694,2.7083669285613823,7,-10,12.206555615733702,1.4849824350040999,0.035607318860319565,188,360,201,308,237,245
1776767889.3850925,2.7083669285613823,7,-10,12.206555615733702,1.4849824350040999,0.035607318860319565,188,360,201,308,237,245
1776767889.4423714,2.7083669285613823,7,-10,12.206555615733702,1.4849824350040999,0.035607318860319565,188,360,201,308,237,245
1776767889.5002224,2.7083669285613823,7,-10,12.206555615733702,1.4849824350040999,0.035607318860319565,188,360,201,308,237,245
1776767889.5577703,2.7083669285613823,7,-10,12.206555615733702,1.4849824350040999,0.035607318860319565,188,360,201,308,237,245
1776767889.6106496,2.7083669285613823,7,-10,12.206555615733702,1.4849824350040999,0.035607318860319565,188,360,201,308,237,245
1776767889.6680381,2.7083669285613823,7,-10,12.206555615733702,1.4849824350040999,0.035607318860319565,188,360,201,308,237,245
1776767889.7825685,2.7083669285613823,7,-10,12.206555615733702,1.4849824350040999,0.035607318860319565,188,360,201,308,237,245
1776767889.8398817,2.7083669285613823,7,-10,12.206555615733702,1.4849824350040999,0.035607318860319565,188,360,201,308,237,245
1776767889.8971806,2.7083669285613823,7,-10,12.206555615733702,1.4849824350040999,0.035607318860319565,188,360,201,308,237,245
1776767889.950026,2.7083669285613823,7,-10,12.206555615733702,1.4849824350040999,0.035607318860319565,188,360,201,308,237,245
1776767890.0077417,2.7083669285613823,7,-10,12.206555615733702,1.4849824350040999,0.035607318860319565,188,360,201,308,237,245
1776767890.065965,2.7083669285613823,7,-10,12.206555615733702,1.4849824350040999,0.035607318860319565,188,360,201,308,237,245
1776767890.122668,2.7083669285613823,7,-10,12.206555615733702,1.4849824350040999,0.035607318860319565,188,360,201,308,237,245
1776767890.1797245,2.7083669285613823,7,-10,12.206555615733702,1.4849824350040999,0.035607318860319565,188,360,201,308,237,245
1776767890.2372248,2.7083669285613823,7,-10,12.206555615733702,1.4849824350040999,0.035607318860319565,188,360,201,308,237,245
1776767890.2901008,2.7083669285613823,7,-10,12.206555615733702,1.4849824350040999,0.035607318860319565,188,360,201,308,237,245
1776767890.3477945,2.7083669285613823,7,-10,12.206555615733702,1.4849824350040999,0.035607318860319565,188,360,201,308,237,245
1776767890.4050715,2.7083669285613823,7,-10,12.206555615733702,1.4849824350040999,0.035607318860319565,188,360,201,308,237,245
1776767890.4637496,2.7083669285613823,7,-10,12.206555615733702,1.4849824350040999,0.035607318860319565,188,360,201,308,237,245
1776767890.5192146,2.7083669285613823,7,-10,12.206555615733702,1.4849824350040999,0.03416620872660373,188,360,201,309,237,245
1776767890.5774162,2.7083669285613823,7,-10,12.206555615733702,1.4849824350040999,0.03416620872660373,188,360,201,309,237,245
1776767890.6303866,2.7083669285613823,7,-10,12.206555615733702,1.4849824350040999,0.03662310859615193,189,360,201,309,237,245
1776767890.6877024,2.7083669285613823,7,-10,12.206555615733702,1.4849824350040999,0.03662310859615193,189,360,201,309,237,245
1776767890.7449422,2.7083669285613823,7,-10,12.206555615733702,1.4849824350040999,0.03662310859615193,189,360,201,309,237,245
1776767890.8021798,2.7083669285613823,7,-10,12.206555615733702,1.4849824350040999,0.03662310859615193,189,360,201,309,237,245
1776767890.8597684,2.7083669285613823,7,-10,12.206555615733702,1.4849824350040999,0.03662310859615193,189,360,201,309,237,245
1776767890.9171684,2.7083669285613823,7,-10,12.206555615733702,1.4849824350040999,0.03662310859615193,189,360,201,309,237,245
1776767890.9698772,2.7083669285613823,7,-10,12.206555615733702,1.4849824350040999,0.03662310859615193,189,360,201,309,237,245
1776767891.027381,2.7083669285613823,7,-10,12.206555615733702,1.4849824350040999,0.03662310859615193,189,360,201,309,237,245
1776767891.0851607,2.7083669285613823,7,-10,12.206555615733702,1.4849824350040999,0.03662310859615193,189,360,201,309,237,245
1776767891.1424012,2.7083669285613823,7,-10,12.206555615733702,1.4849824350040999,0.03662310859615193,189,360,201,309,237,245
1776767891.199548,2.7083669285613823,7,-10,12.206555615733702,1.4849824350040999,0.03662310859615193,189,360,201,309,237,245
1776767891.2532032,2.7083669285613823,7,-10,12.206555615733702,1.4849824350040999,0.0327481261644248,189,360,202,309,237,245
1776767891.3105557,2.7083669285613823,7,-10,12.206555615733702,1.4849824350040999,0.0327481261644248,189,360,202,309,237,245
1776767891.3673317,2.7083669285613823,7,-10,12.206555615733702,1.4849824350040999,0.0327481261644248,189,360,202,309,237,245
1776767891.4244173,2.7083669285613823,7,-10,12.206555615733702,1.4849824350040999,0.0327481261644248,189,360,202,309,237,245
1776767891.4818945,2.7083669285613823,7,-10,12.206555615733702,1.4849824350040999,0.0327481261644248,189,360,202,309,237,245
1776767891.539483,2.7083669285613823,7,-10,12.206555615733702,1.4849824350040999,0.0327481261644248,189,360,202,309,237,245
1776767891.5927424,2.7083669285613823,7,-10,12.206555615733702,1.4849824350040999,0.0327481261644248,189,360,202,309,237,245
1776767891.6497524,2.7083669285613823,7,-10,12.206555615733702,1.4849824350040999,0.03418576950186792,189,360,202,308,237,245
1776767891.7073648,2.7083669285613823,7,-10,12.206555615733702,1.4849824350040999,0.03418576950186792,189,360,202,308,237,245
1776767891.765527,2.7083669285613823,7,-10,12.206555615733702,1.4849824350040999,0.03802113547119825,189,360,201,308,237,245
1776767891.8803961,2.7083669285613823,7,-10,12.206555615733702,1.4849824350040999,0.03802113547119825,189,360,201,308,237,245
1776767891.9323819,2.7083669285613823,7,-10,12.206555615733702,1.4849824350040999,0.035607318860319565,188,360,201,308,237,245
1776767891.9906082,2.7083669285613823,7,-10,12.206555615733702,1.4849824350040999,0.035607318860319565,188,360,201,308,237,245
1776767892.047486,2.7083669285613823,7,-10,12.206555615733702,1.4849824350040999,0.035607318860319565,188,360,201,308,237,245
1776767892.1046853,2.7083669285613823,7,-10,12.206555615733702,1.4849824350040999,0.035607318860319565,188,360,201,308,237,245
1776767892.161781,2.7083669285613823,7,-10,12.206555615733702,1.4849824350040999,0.035607318860319565,188,360,201,308,237,245
1776767892.219755,2.7083669285613823,7,-10,12.206555615733702,1.4849824350040999,0.035607318860319565,188,360,201,308,237,245
1776767892.2735474,2.7083669285613823,7,-10,12.206555615733702,1.4849824350040999,0.035607318860319565,188,360,201,308,237,245
1776767892.3300624,2.7083669285613823,7,-10,12.206555615733702,1.4849824350040999,0.035607318860319565,188,360,201,308,237,245
1776767892.3870866,2.7083669285613823,7,-10,12.206555615733702,1.4849824350040999,0.035607318860319565,188,360,201,308,237,245
1776767892.4448018,2.7083669285613823,7,-10,12.206555615733702,1.4849824350040999,0.035607318860319565,188,360,201,308,237,245
1776767892.501796,2.7083669285613823,7,-10,12.206555615733702,1.4849824350040999,0.035607318860319565,188,360,201,308,237,245
1776767892.5596726,2.7083669285613823,7,-10,12.206555615733702,1.4849824350040999,0.035607318860319565,188,360,201,308,237,245
1776767892.6132886,2.7083669285613823,7,-10,12.206555615733702,1.4849824350040999,0.035607318860319565,188,360,201,308,237,245
1776767892.6702647,2.7083669285613823,7,-10,12.206555615733702,1.4849824350040999,0.035607318860319565,188,360,201,308,237,245
1776767892.7275422,2.7083669285613823,7,-10,12.206555615733702,1.4849824350040999,0.035607318860319565,188,360,201,308,237,245
1776767892.7849092,2.7083669285613823,7,-10,12.206555615733702,1.4849824350040999,0.035607318860319565,188,360,201,308,237,245
1776767892.841981,2.7083669285613823,7,-10,12.206555615733702,1.4849824350040999,0.035607318860319565,188,360,201,308,237,245
1776767892.8992715,2.7083669285613823,7,-10,12.206555615733702,1.4849824350040999,0.035607318860319565,188,360,201,308,237,245
1776767892.9527032,2.7083669285613823,7,-10,12.206555615733702,1.4849824350040999,0.035607318860319565,188,360,201,308,237,245
1776767893.0096684,2.7083669285613823,7,-10,12.206555615733702,1.4849824350040999,0.035607318860319565,188,360,201,308,237,245
1776767893.0679777,2.7083669285613823,7,-10,12.206555615733702,1.4849824350040999,0.035607318860319565,188,360,201,308,237,245
1776767893.124733,2.7083669285613823,7,-10,12.206555615733702,1.4849824350040999,0.035607318860319565,188,360,201,308,237,245
1776767893.1818073,2.7083669285613823,7,-10,12.206555615733702,1.4849824350040999,0.035607318860319565,188,360,201,308,237,245
1776767893.2350297,2.7083669285613823,7,-10,12.206555615733702,1.4849824350040999,0.035607318860319565,188,360,201,308,237,245
1776767893.292465,2.7083669285613823,7,-10,12.206555615733702,1.4849824350040999,0.035607318860319565,188,360,201,308,237,245
1776767893.350536,2.7083669285613823,7,-10,12.206555615733702,1.4849824350040999,0.035607318860319565,188,360,201,308,237,245
1776767893.4071448,2.7083669285613823,7,-10,12.206555615733702,1.4849824350040999,0.035607318860319565,188,360,201,308,237,245
1776767893.4646568,2.7083669285613823,7,-10,12.206555615733702,1.4849824350040999,0.035607318860319565,188,360,201,308,237,245
1776767893.5216978,2.7083669285613823,7,-10,12.206555615733702,1.4849824350040999,0.035607318860319565,188,360,201,308,237,245
1776767893.5755885,2.7083669285613823,7,-10,12.206555615733702,1.4849824350040999,0.035607318860319565,188,360,201,308,237,245
1776767893.6323802,2.7083669285613823,7,-10,12.206555615733702,1.4849824350040999,0.035607318860319565,188,360,201,308,237,245
1776767893.6894999,2.7083669285613823,7,-10,12.206555615733702,1.4849824350040999,0.035607318860319565,188,360,201,308,237,245
1776767893.7468517,2.7083669285613823,7,-10,12.206555615733702,1.4849824350040999,0.035607318860319565,188,360,201,308,237,245
1776767893.8046243,2.7083669285613823,7,-10,12.206555615733702,1.4849824350040999,0.035607318860319565,188,360,201,308,237,245
1776767893.8615751,2.7083669285613823,7,-10,12.206555615733702,1.4849824350040999,0.035607318860319565,188,360,201,308,237,245
1776767894.029881,2.7083669285613823,7,-10,12.206555615733702,1.4849824350040999,0.035607318860319565,188,360,201,308,237,245
1776767894.0870295,2.7083669285613823,7,-10,12.206555615733702,1.4849824350040999,0.035607318860319565,188,360,201,308,237,245
1776767894.1440532,2.7083669285613823,7,-10,12.206555615733702,1.4849824350040999,0.035607318860319565,188,360,201,308,237,245
1776767894.2018328,2.7083669285613823,7,-10,12.206555615733702,1.4849824350040999,0.035607318860319565,188,360,201,308,237,245
1776767894.2553658,2.7083669285613823,7,-10,12.206555615733702,1.4849824350040999,0.035607318860319565,188,360,201,308,237,245
1776767894.3121345,2.7083669285613823,7,-10,12.206555615733702,1.4849824350040999,0.035607318860319565,188,360,201,308,237,245
1776767894.3696656,2.7083669285613823,7,-10,12.206555615733702,1.4849824350040999,0.035607318860319565,188,360,201,308,237,245
1776767894.4275436,2.7083669285613823,7,-10,12.206555615733702,1.4849824350040999,0.035607318860319565,188,360,201,308,237,245
1776767894.4845445,2.7083669285613823,7,-10,12.206555615733702,1.4849824350040999,0.035607318860319565,188,360,201,308,237,245
1776767894.5418465,2.7083669285613823,7,-10,12.206555615733702,1.4849824350040999,0.035607318860319565,188,360,201,308,237,245
1776767894.5951827,2.7083669285613823,7,-10,12.206555615733702,1.4849824350040999,0.035607318860319565,188,360,201,308,237,245
1776767894.6528473,2.7083669285613823,7,-10,12.206555615733702,1.4849824350040999,0.03416620872660373,188,360,201,309,237,245
1776767894.710218,2.7083669285613823,7,-10,12.206555615733702,1.4849824350040999,0.03416620872660373,188,360,201,309,237,245
1776767894.767287,2.7083669285613823,7,-10,12.206555615733702,1.4849824350040999,0.03416620872660373,188,360,201,309,237,245
1776767894.8244278,2.7083669285613823,7,-10,12.206555615733702,1.4849824350040999,0.03416620872660373,188,360,201,309,237,245
1776767894.8819485,2.7083669285613823,7,-10,12.206555615733702,1.4849824350040999,0.03416620872660373,188,360,201,309,237,245
1776767894.934721,2.7083669285613823,7,-10,12.206555615733702,1.4849824350040999,0.03416620872660373,188,360,201,309,237,245
1776767894.992497,2.7083669285613823,7,-10,12.206555615733702,1.4849824350040999,0.03416620872660373,188,360,201,309,237,245
1776767895.0492241,2.7083669285613823,7,-10,12.206555615733702,1.4849824350040999,0.03416620872660373,188,360,201,309,237,245
1776767895.1065712,2.7083669285613823,7,-10,12.206555615733702,1.4849824350040999,0.03416620872660373,188,360,201,309,237,245
1776767895.163864,2.7083669285613823,7,-10,12.206555615733702,1.4849824350040999,0.03416620872660373,188,360,201,309,237,245
1776767895.2175102,2.7083669285613823,7,-10,12.206555615733702,1.4849824350040999,0.03416620872660373,188,360,201,309,237,245
1776767895.2745662,2.7083669285613823,7,-10,12.206555615733702,1.4849824350040999,0.03416620872660373,188,360,201,309,237,245
1776767895.3318372,2.7083669285613823,7,-10,12.206555615733702,1.4849824350040999,0.03416620872660373,188,360,201,309,237,245
1776767895.3891637,2.7083669285613823,7,-10,12.206555615733702,1.4849824350040999,0.03662310859615193,189,360,201,309,237,245
1776767895.4466794,2.7083669285613823,7,-10,12.206555615733702,1.4849824350040999,0.03662310859615193,189,360,201,309,237,245
1776767895.5039883,2.7083669285613823,7,-10,12.206555615733702,1.4849824350040999,0.03662310859615193,189,360,201,309,237,245
1776767895.5571616,2.7083669285613823,7,-10,12.206555615733702,1.4849824350040999,0.03662310859615193,189,360,201,309,237,245
1776767895.6145616,2.7083669285613823,7,-10,12.206555615733702,1.4849824350040999,0.03662310859615193,189,360,201,309,237,245
1776767895.6719754,2.7083669285613823,7,-10,12.206555615733702,1.4849824350040999,0.03662310859615193,189,360,201,309,237,245
1776767895.7296224,2.7083669285613823,7,-10,12.206555615733702,1.4849824350040999,0.03662310859615193,189,360,201,309,237,245
1776767895.78656,2.7083669285613823,7,-10,12.206555615733702,1.4849824350040999,0.03662310859615193,189,360,201,309,237,245
1776767895.844273,2.7083669285613823,7,-10,12.206555615733702,1.4849824350040999,0.03662310859615193,189,360,201,309,237,245
1776767895.8972437,2.7083669285613823,7,-10,12.206555615733702,1.4849824350040999,0.03662310859615193,189,360,201,309,237,245
1776767895.9546604,2.7083669285613823,7,-10,12.206555615733702,1.4849824350040999,0.03662310859615193,189,360,201,309,237,245
1776767896.0119243,2.7083669285613823,7,-10,12.206555615733702,1.4849824350040999,0.03662310859615193,189,360,201,309,237,245
1776767896.0695667,2.7083669285613823,7,-10,12.206555615733702,1.4849824350040999,0.03662310859615193,189,360,201,309,237,245
1776767896.126345,2.7083669285613823,7,-10,12.206555615733702,1.4849824350040999,0.03662310859615193,189,360,201,309,237,245
1776767896.1837196,2.7083669285613823,7,-10,12.206555615733702,1.4849824350040999,0.03662310859615193,189,360,201,309,237,245
1776767896.2371278,2.7083669285613823,7,-10,12.206555615733702,1.4849824350040999,0.03662310859615193,189,360,201,309,237,245
1776767896.3518372,2.7083669285613823,7,-10,12.206555615733702,1.4849824350040999,0.03662310859615193,189,360,201,309,237,245
1776767896.409061,2.7083669285613823,7,-10,12.206555615733702,1.4849824350040999,0.03662310859615193,189,360,201,309,237,245
1776767896.466371,2.7083669285613823,7,-10,12.206555615733702,1.4849824350040999,0.03662310859615193,189,360,201,309,237,245
1776767896.5236924,2.7083669285613823,7,-10,12.206555615733702,1.4849824350040999,0.03662310859615193,189,360,201,309,237,245
1776767896.577188,2.7083669285613823,7,-10,12.206555615733702,1.4849824350040999,0.03662310859615193,189,360,201,309,237,245
1776767896.6343803,2.7083669285613823,7,-10,12.206555615733702,1.4849824350040999,0.03662310859615193,189,360,201,309,237,245
1776767896.6917057,2.7083669285613823,7,-10,12.206555615733702,1.4849824350040999,0.03662310859615193,189,360,201,309,237,245
1776767896.7490392,2.7083669285613823,7,-10,12.206555615733702,1.4849824350040999,0.03662310859615193,189,360,201,309,237,245
1776767896.806593,2.7083669285613823,7,-10,12.206555615733702,1.4849824350040999,0.03662310859615193,189,360,201,309,237,245
1776767896.8642368,2.7083669285613823,7,-10,12.206555615733702,1.4849824350040999,0.03662310859615193,189,360,201,309,237,245
1776767896.9179485,2.7083669285613823,7,-10,12.206555615733702,1.4849824350040999,0.03662310859615193,189,360,201,309,237,245
1776767896.9750538,2.7083669285613823,7,-10,12.206555615733702,1.4849824350040999,0.03662310859615193,189,360,201,309,237,245
1776767897.0317564,2.7083669285613823,7,-10,12.206555615733702,1.4849824350040999,0.03662310859615193,189,360,201,309,237,245
1776767897.0894258,2.7083669285613823,7,-10,12.206555615733702,1.4849824350040999,0.03662310859615193,189,360,201,309,237,245
1776767897.1462815,2.7083669285613823,7,-10,12.206555615733702,1.4849824350040999,0.03662310859615193,189,360,201,309,237,245
1776767897.1996405,2.7083669285613823,7,-10,12.206555615733702,1.4849824350040999,0.03662310859615193,189,360,201,309,237,245
1776767897.2573485,2.7083669285613823,7,-10,12.206555615733702,1.4849824350040999,0.03662310859615193,189,360,201,309,237,245
1776767897.3148725,2.7083669285613823,7,-10,12.206555615733702,1.4849824350040999,0.03662310859615193,189,360,201,309,237,245
1776767897.3718853,2.7083669285613823,7,-10,12.206555615733702,1.4849824350040999,0.03662310859615193,189,360,201,309,237,245
1776767897.4295936,2.7083669285613823,7,-10,12.206555615733702,1.4849824350040999,0.03662310859615193,189,360,201,309,237,245
1776767897.4870098,2.7083669285613823,7,-10,12.206555615733702,1.4849824350040999,0.03662310859615193,189,360,201,309,237,245
1776767897.5401926,2.7083669285613823,7,-10,12.206555615733702,1.4849824350040999,0.03662310859615193,189,360,201,309,237,245
1776767897.5969646,2.7083669285613823,7,-10,12.206555615733702,1.4849824350040999,0.03662310859615193,189,360,201,309,237,245
1776767897.6547484,2.7083669285613823,7,-10,12.206555615733702,1.4849824350040999,0.03662310859615193,189,360,201,309,237,245
1776767897.7115338,2.7083669285613823,7,-10,12.206555615733702,1.4849824350040999,0.03662310859615193,189,360,201,309,237,245
1776767897.7692575,2.7083669285613823,7,-10,12.206555615733702,1.4849824350040999,0.03662310859615193,189,360,201,309,237,245
1776767897.8261673,2.7083669285613823,7,-10,12.206555615733702,1.4849824350040999,0.03662310859615193,189,360,201,309,237,245
1776767897.8795373,2.7083669285613823,7,-10,12.206555615733702,1.4849824350040999,0.03662310859615193,189,360,201,309,237,245
1776767897.937163,2.7083669285613823,7,-10,12.206555615733702,1.4849824350040999,0.0327481261644248,189,360,202,309,237,245
1776767897.994883,2.7083669285613823,7,-10,12.206555615733702,1.4849824350040999,0.0327481261644248,189,360,202,309,237,245
1776767898.051621,2.7083669285613823,7,-10,12.206555615733702,1.4849824350040999,0.0327481261644248,189,360,202,309,237,245
1776767898.1089249,2.7083669285613823,7,-10,12.206555615733702,1.4849824350040999,0.0327481261644248,189,360,202,309,237,245
1776767898.1662545,2.7083669285613823,7,-10,12.206555615733702,1.4849824350040999,0.0327481261644248,189,360,202,309,237,245
1776767898.2195706,2.7083669285613823,7,-10,12.206555615733702,1.4849824350040999,0.0327481261644248,189,360,202,309,237,245
1776767898.2769217,2.7083669285613823,7,-10,12.206555615733702,1.4849824350040999,0.0327481261644248,189,360,202,309,237,245
1776767898.3346214,2.7083669285613823,7,-10,12.206555615733702,1.4849824350040999,0.0327481261644248,189,360,202,309,237,245
1776767898.3915594,2.7083669285613823,7,-10,12.206555615733702,1.4849824350040999,0.0327481261644248,189,360,202,309,237,245
1776767898.449224,2.7083669285613823,7,-10,12.206555615733702,1.4849824350040999,0.0327481261644248,189,360,202,309,237,245
1776767898.5060897,2.7083669285613823,7,-10,12.206555615733702,1.4849824350040999,0.0327481261644248,189,360,202,309,237,245
1776767898.5594702,2.7083669285613823,7,-10,12.206555615733702,1.4849824350040999,0.0327481261644248,189,360,202,309,237,245
1776767898.6169815,2.7083669285613823,7,-10,12.206555615733702,1.4849824350040999,0.0327481261644248,189,360,202,309,237,245
1776767898.6752748,2.7083669285613823,7,-10,12.206555615733702,1.4849824350040999,0.0327481261644248,189,360,202,309,237,245
1776767898.732641,2.7083669285613823,7,-10,12.206555615733702,1.4849824350040999,0.0327481261644248,189,360,202,309,237,245
1776767898.7898793,2.7083669285613823,7,-10,12.206555615733702,1.4849824350040999,0.0327481261644248,189,360,202,309,237,245
1776767898.8994317,2.7083669285613823,7,-10,12.206555615733702,1.4849824350040999,0.0327481261644248,189,360,202,309,237,245
1776767898.9571292,2.7083669285613823,7,-10,12.206555615733702,1.4849824350040999,0.0327481261644248,189,360,202,309,237,245
1776767899.0146134,2.7083669285613823,7,-10,12.206555615733702,1.4849824350040999,0.0327481261644248,189,360,202,309,237,245
1776767899.0716367,2.7083669285613823,7,-10,12.206555615733702,1.4849824350040999,0.03662310859615193,189,360,201,309,237,245
1776767899.1287913,2.7083669285613823,7,-10,12.206555615733702,1.4849824350040999,0.03662310859615193,189,360,201,309,237,245
1776767899.1820374,2.7083669285613823,7,-10,12.206555615733702,1.4849824350040999,0.03662310859615193,189,360,201,309,237,245
1776767899.2393706,2.7083669285613823,7,-10,12.206555615733702,1.4849824350040999,0.03662310859615193,189,360,201,309,237,245
1776767899.2975562,2.7083669285613823,7,-10,12.206555615733702,1.4849824350040999,0.03662310859615193,189,360,201,309,237,245
1776767899.354609,2.7083669285613823,7,-10,12.206555615733702,1.4849824350040999,0.03662310859615193,189,360,201,309,237,245
1776767899.4113069,2.7083669285613823,7,-10,12.206555615733702,1.4849824350040999,0.03662310859615193,189,360,201,309,237,245
1776767899.46858,2.7083669285613823,7,-10,12.206555615733702,1.4849824350040999,0.03662310859615193,189,360,201,309,237,245
1776767899.522804,2.7083669285613823,7,-10,12.206555615733702,1.4849824350040999,0.03662310859615193,189,360,201,309,237,245
1776767899.5795279,2.7083669285613823,7,-10,12.206555615733702,1.4849824350040999,0.03662310859615193,189,360,201,309,237,245
1776767899.6366973,2.7083669285613823,7,-10,12.206555615733702,1.4849824350040999,0.03662310859615193,189,360,201,309,237,245
1776767899.693881,2.7083669285613823,7,-10,12.206555615733702,1.4849824350040999,0.03662310859615193,189,360,201,309,237,245
1776767899.7513194,2.7083669285613823,7,-10,12.206555615733702,1.4849824350040999,0.03662310859615193,189,360,201,309,237,245
1776767899.8094227,2.7083669285613823,7,-10,12.206555615733702,1.4849824350040999,0.03662310859615193,189,360,201,309,237,245
1776767899.8621323,2.7083669285613823,7,-10,12.206555615733702,1.4849824350040999,0.03662310859615193,189,360,201,309,237,245
1776767899.920333,2.7083669285613823,7,-10,12.206555615733702,1.4849824350040999,0.03662310859615193,189,360,201,309,237,245
1776767899.976748,2.7083669285613823,7,-10,12.206555615733702,1.4849824350040999,0.03662310859615193,189,360,201,309,237,245
1776767900.0343018,2.7083669285613823,7,-10,12.206555615733702,1.4849824350040999,0.03662310859615193,189,360,201,309,237,245
1776767900.0917974,2.7083669285613823,7,-10,12.206555615733702,1.4849824350040999,0.03662310859615193,189,360,201,309,237,245
1776767900.1492157,2.7083669285613823,7,-10,12.206555615733702,1.4849824350040999,0.03662310859615193,189,360,201,309,237,245
1776767900.2023308,2.7083669285613823,7,-10,12.206555615733702,1.4849824350040999,0.03662310859615193,189,360,201,309,237,245
1776767900.2598598,2.7083669285613823,7,-10,12.206555615733702,1.4849824350040999,0.03662310859615193,189,360,201,309,237,245
1776767900.3173463,2.7083669285613823,7,-10,12.206555615733702,1.4849824350040999,0.03662310859615193,189,360,201,309,237,245
1776767900.3742957,2.7083669285613823,7,-10,12.206555615733702,1.4849824350040999,0.03662310859615193,189,360,201,309,237,245
1776767900.431148,2.7083669285613823,7,-10,12.206555615733702,1.4849824350040999,0.03662310859615193,189,360,201,309,237,245
1776767900.4885168,2.7083669285613823,7,-10,12.206555615733702,1.4849824350040999,0.03662310859615193,189,360,201,309,237,245
1776767900.5418875,2.7083669285613823,7,-10,12.206555615733702,1.4849824350040999,0.03662310859615193,189,360,201,309,237,245
1776767900.5991285,2.7083669285613823,7,-10,12.206555615733702,1.4849824350040999,0.03662310859615193,189,360,201,309,237,245
1776767900.656827,2.7083669285613823,7,-10,12.206555615733702,1.4849824350040999,0.03662310859615193,189,360,201,309,237,245
1776767900.7145224,2.7083669285613823,7,-10,12.206555615733702,1.4849824350040999,0.03662310859615193,189,360,201,309,237,245
1776767900.7715757,2.7083669285613823,7,-10,12.206555615733702,1.4849824350040999,0.03662310859615193,189,360,201,309,237,245
1776767900.8288145,2.7083669285613823,7,-10,12.206555615733702,1.4849824350040999,0.03662310859615193,189,360,201,309,237,245
1776767900.8821409,2.7083669285613823,7,-10,12.206555615733702,1.4849824350040999,0.03662310859615193,189,360,201,309,237,245
1776767900.9398382,2.7083669285613823,7,-10,12.206555615733702,1.4849824350040999,0.03662310859615193,189,360,201,309,237,245
1776767900.9970064,2.7083669285613823,7,-10,12.206555615733702,1.4849824350040999,0.03662310859615193,189,360,201,309,237,245
1776767901.0540726,2.7083669285613823,7,-10,12.206555615733702,1.4849824350040999,0.03662310859615193,189,360,201,309,237,245
1776767901.1109936,2.7083669285613823,7,-10,12.206555615733702,1.4849824350040999,0.03662310859615193,189,360,201,309,237,245
1776767901.1650448,2.7083669285613823,7,-10,12.206555615733702,1.4849824350040999,0.03662310859615193,189,360,201,309,237,245
1776767901.2224917,2.7083669285613823,7,-10,12.206555615733702,1.4849824350040999,0.03662310859615193,189,360,201,309,237,245
1776767901.279841,2.7083669285613823,7,-10,12.206555615733702,1.4849824350040999,0.03662310859615193,189,360,201,309,237,245
1776767901.3942213,2.7083669285613823,7,-10,12.206555615733702,1.4849824350040999,0.03662310859615193,189,360,201,309,237,245
1776767901.451688,2.7083669285613823,7,-10,12.206555615733702,1.4849824350040999,0.03662310859615193,189,360,201,309,237,245
1776767901.50509,2.7083669285613823,7,-10,12.206555615733702,1.4849824350040999,0.03662310859615193,189,360,201,309,237,245
1776767901.5626938,2.7083669285613823,7,-10,12.206555615733702,1.4849824350040999,0.03662310859615193,189,360,201,309,237,245
1776767901.6196742,2.7083669285613823,7,-10,12.206555615733702,1.4849824350040999,0.03662310859615193,189,360,201,309,237,245
1776767901.6768508,2.7083669285613823,7,-10,12.206555615733702,1.4849824350040999,0.03662310859615193,189,360,201,309,237,245
1776767901.7340329,2.7083669285613823,7,-10,12.206555615733702,1.4849824350040999,0.03662310859615193,189,360,201,309,237,245
1776767901.791688,2.7083669285613823,7,-10,12.206555615733702,1.4849824350040999,0.03662310859615193,189,360,201,309,237,245
1776767901.8444104,2.7083669285613823,7,-10,12.206555615733702,1.4849824350040999,0.03662310859615193,189,360,201,309,237,245
1776767901.9021811,2.7083669285613823,7,-10,12.206555615733702,1.4849824350040999,0.03662310859615193,189,360,201,309,237,245
1776767901.9590783,2.7083669285613823,7,-10,12.206555615733702,1.4849824350040999,0.03662310859615193,189,360,201,309,237,245
1776767902.017206,2.7083669285613823,7,-10,12.206555615733702,1.4849824350040999,0.03662310859615193,189,360,201,309,237,245
1776767902.073655,2.7083669285613823,7,-10,12.206555615733702,1.4849824350040999,0.03662310859615193,189,360,201,309,237,245
1776767902.1311076,2.7083669285613823,7,-10,12.206555615733702,1.4849824350040999,0.03662310859615193,189,360,201,309,237,245
1776767902.184699,2.7083669285613823,7,-10,12.206555615733702,1.4849824350040999,0.03662310859615193,189,360,201,309,237,245
1776767902.2417426,2.7083669285613823,7,-10,12.206555615733702,1.4849824350040999,0.03662310859615193,189,360,201,309,237,245
1776767902.2995334,2.7083669285613823,7,-10,12.206555615733702,1.4849824350040999,0.03662310859615193,189,360,201,309,237,245
1776767902.3567934,2.7083669285613823,7,-10,12.206555615733702,1.4849824350040999,0.03662310859615193,189,360,201,309,237,245
1776767902.414059,2.7083669285613823,7,-10,12.206555615733702,1.4849824350040999,0.03662310859615193,189,360,201,309,237,245
1776767902.470984,2.7083669285613823,7,-10,12.206555615733702,1.4849824350040999,0.03662310859615193,189,360,201,309,237,245
1776767902.5247502,2.7083669285613823,7,-10,12.206555615733702,1.4849824350040999,0.03662310859615193,189,360,201,309,237,245
1776767902.5820444,2.7083669285613823,7,-10,12.206555615733702,1.4849824350040999,0.03662310859615193,189,360,201,309,237,245
1776767902.6400256,2.7083669285613823,7,-10,12.206555615733702,1.4849824350040999,0.03662310859615193,189,360,201,309,237,245
1776767902.696227,2.7083669285613823,7,-10,12.206555615733702,1.4849824350040999,0.03662310859615193,189,360,201,309,237,245
1776767902.7534502,2.7083669285613823,7,-10,12.206555615733702,1.4849824350040999,0.03662310859615193,189,360,201,309,237,245
1776767902.810778,2.7083669285613823,7,-10,12.206555615733702,1.4849824350040999,0.03662310859615193,189,360,201,309,237,245
1776767902.8648982,2.7083669285613823,7,-10,12.206555615733702,1.4849824350040999,0.03662310859615193,189,360,201,309,237,245
1776767902.921559,2.7083669285613823,7,-10,12.206555615733702,1.4849824350040999,0.03662310859615193,189,360,201,309,237,245
1776767902.9793754,2.7083669285613823,7,-10,12.206555615733702,1.4849824350040999,0.03662310859615193,189,360,201,309,237,245
1776767903.0367384,2.7083669285613823,7,-10,12.206555615733702,1.4849824350040999,0.03662310859615193,189,360,201,309,237,245
1776767903.0943835,2.7083669285613823,7,-10,12.206555615733702,1.4849824350040999,0.03662310859615193,189,360,201,309,237,245
1776767903.1476903,2.7083669285613823,7,-10,12.206555615733702,1.4849824350040999,0.03662310859615193,189,360,201,309,237,245
1776767903.204844,2.7083669285613823,7,-10,12.206555615733702,1.4849824350040999,0.03662310859615193,189,360,201,309,237,245
1776767903.2620173,2.7083669285613823,7,-10,12.206555615733702,1.4849824350040999,0.0327481261644248,189,360,202,309,237,245
1776767903.319962,2.7083669285613823,7,-10,12.206555615733702,1.4849824350040999,0.0327481261644248,189,360,202,309,237,245
1776767903.3765109,2.7083669285613823,7,-10,12.206555615733702,1.4849824350040999,0.0327481261644248,189,360,202,309,237,245
1776767903.4338715,2.7083669285613823,7,-10,12.206555615733702,1.4849824350040999,0.0327481261644248,189,360,202,309,237,245
1776767903.4872139,2.7083669285613823,7,-10,12.206555615733702,1.4849824350040999,0.0327481261644248,189,360,202,309,237,245
1776767903.5444794,2.7083669285613823,7,-10,12.206555615733702,1.4849824350040999,0.0327481261644248,189,360,202,309,237,245
1776767903.6016064,2.7083669285613823,7,-10,12.206555615733702,1.4849824350040999,0.0327481261644248,189,360,202,309,237,245
1776767903.659734,2.7083669285613823,7,-10,12.206555615733702,1.4849824350040999,0.0327481261644248,189,360,202,309,237,245
1776767903.7744744,2.7083669285613823,7,-10,12.206555615733702,1.4849824350040999,0.0327481261644248,189,360,202,309,237,245
1776767903.8271596,2.7083669285613823,7,-10,12.206555615733702,1.4849824350040999,0.0327481261644248,189,360,202,309,237,245
1776767903.8846323,2.7083669285613823,7,-10,12.206555615733702,1.4849824350040999,0.0327481261644248,189,360,202,309,237,245
1776767903.9415345,2.7083669285613823,7,-10,12.206555615733702,1.4849824350040999,0.0327481261644248,189,360,202,309,237,245
1776767903.9994397,2.7083669285613823,7,-10,12.206555615733702,1.4849824350040999,0.0327481261644248,189,360,202,309,237,245
1776767904.0565643,2.7083669285613823,7,-10,12.206555615733702,1.4849824350040999,0.0327481261644248,189,360,202,309,237,245
1776767904.1134748,2.7083669285613823,7,-10,12.206555615733702,1.4849824350040999,0.0327481261644248,189,360,202,309,237,245
1776767904.1670132,2.7083669285613823,7,-10,12.206555615733702,1.4849824350040999,0.0327481261644248,189,360,202,309,237,245
1776767904.2246406,2.7083669285613823,7,-10,12.206555615733702,1.4849824350040999,0.0327481261644248,189,360,202,309,237,245
1776767904.2818124,2.7083669285613823,7,-10,12.206555615733702,1.4849824350040999,0.0327481261644248,189,360,202,309,237,245
1776767904.3390186,2.7083669285613823,7,-10,12.206555615733702,1.4849824350040999,0.0327481261644248,189,360,202,309,237,245
1776767904.3966818,2.7083669285613823,7,-10,12.206555615733702,1.4849824350040999,0.0327481261644248,189,360,202,309,237,245
1776767904.4540334,2.7083669285613823,7,-10,12.206555615733702,1.4849824350040999,0.0327481261644248,189,360,202,309,237,245
1776767904.50727,2.7083669285613823,7,-10,12.206555615733702,1.4849824350040999,0.0327481261644248,189,360,202,309,237,245
1776767904.5647101,2.7083669285613823,7,-10,12.206555615733702,1.4849824350040999,0.0327481261644248,189,360,202,309,237,245
1776767904.6220026,2.7083669285613823,7,-10,12.206555615733702,1.4849824350040999,0.0327481261644248,189,360,202,309,237,245
1776767904.679316,2.7083669285613823,7,-10,12.206555615733702,1.4849824350040999,0.0327481261644248,189,360,202,309,237,245
1776767904.7366126,2.7083669285613823,7,-10,12.206555615733702,1.4849824350040999,0.0327481261644248,189,360,202,309,237,245
1776767904.7935863,2.7083669285613823,7,-10,12.206555615733702,1.4849824350040999,0.0327481261644248,189,360,202,309,237,245
1776767904.8473067,2.7083669285613823,7,-10,12.206555615733702,1.4849824350040999,0.0327481261644248,189,360,202,309,237,245
1776767904.9049242,2.7083669285613823,7,-10,12.206555615733702,1.4849824350040999,0.0327481261644248,189,360,202,309,237,245
1776767904.9612339,2.7083669285613823,7,-10,12.206555615733702,1.4849824350040999,0.0327481261644248,189,360,202,309,237,245
1776767905.0185988,2.7083669285613823,7,-10,12.206555615733702,1.4849824350040999,0.0327481261644248,189,360,202,309,237,245
1776767905.075845,2.7083669285613823,7,-10,12.206555615733702,1.4849824350040999,0.0327481261644248,189,360,202,309,237,245
1776767905.129199,2.7083669285613823,7,-10,12.206555615733702,1.4849824350040999,0.0327481261644248,189,360,202,309,237,245
1776767905.186969,2.7083669285613823,7,-10,12.206555615733702,1.4849824350040999,0.0327481261644248,189,360,202,309,237,245
1776767905.2444007,2.7083669285613823,7,-10,12.206555615733702,1.4849824350040999,0.0327481261644248,189,360,202,309,237,245
1776767905.3011625,2.7083669285613823,7,-10,12.206555615733702,1.4849824350040999,0.0327481261644248,189,360,202,309,237,245
1776767905.3589504,2.7083669285613823,7,-10,12.206555615733702,1.4849824350040999,0.0327481261644248,189,360,202,309,237,245
1776767905.4161487,2.7083669285613823,7,-10,12.206555615733702,1.4849824350040999,0.0327481261644248,189,360,202,309,237,245
1776767905.469833,2.7083669285613823,7,-10,12.206555615733702,1.4849824350040999,0.0327481261644248,189,360,202,309,237,245
1776767905.5267801,2.7083669285613823,7,-10,12.206555615733702,1.4849824350040999,0.0327481261644248,189,360,202,309,237,245
1776767905.5844722,2.7083669285613823,7,-10,12.206555615733702,1.4849824350040999,0.0327481261644248,189,360,202,309,237,245
1776767905.6416192,2.7083669285613823,7,-10,12.206555615733702,1.4849824350040999,0.0327481261644248,189,360,202,309,237,245
1776767905.6989117,2.7083669285613823,7,-10,12.206555615733702,1.4849824350040999,0.0327481261644248,189,360,202,309,237,245
1776767905.7564013,2.7083669285613823,7,-10,12.206555615733702,1.4849824350040999,0.0327481261644248,189,360,202,309,237,245
1776767905.8098717,2.7083669285613823,7,-10,12.206555615733702,1.4849824350040999,0.0327481261644248,189,360,202,309,237,245
1776767905.8671317,2.7083669285613823,7,-10,12.206555615733702,1.4849824350040999,0.0327481261644248,189,360,202,309,237,245
1776767905.924487,2.7083669285613823,7,-10,12.206555615733702,1.4849824350040999,0.0327481261644248,189,360,202,309,237,245
1776767905.9817815,2.7083669285613823,7,-10,12.206555615733702,1.4849824350040999,0.0327481261644248,189,360,202,309,237,245
1776767906.0390964,2.7083669285613823,7,-10,12.206555615733702,1.4849824350040999,0.0327481261644248,189,360,202,309,237,245
1776767906.0963461,2.7083669285613823,7,-10,12.206555615733702,1.4849824350040999,0.0327481261644248,189,360,202,309,237,245
1776767906.1491408,2.7083669285613823,7,-10,12.206555615733702,1.4849824350040999,0.0327481261644248,189,360,202,309,237,245
1776767906.206891,2.7083669285613823,7,-10,12.206555615733702,1.4849824350040999,0.0327481261644248,189,360,202,309,237,245
1776767906.2641213,2.7083669285613823,7,-10,12.206555615733702,1.4849824350040999,0.0327481261644248,189,360,202,309,237,245
1776767906.3212683,2.7083669285613823,7,-10,12.206555615733702,1.4849824350040999,0.0327481261644248,189,360,202,309,237,245
1776767906.379102,2.7083669285613823,7,-10,12.206555615733702,1.4849824350040999,0.0327481261644248,189,360,202,309,237,245
1776767906.4898903,2.7083669285613823,7,-10,12.206555615733702,1.4849824350040999,0.0327481261644248,189,360,202,309,237,245
1776767906.546627,2.7083669285613823,7,-10,12.206555615733702,1.4849824350040999,0.0327481261644248,189,360,202,309,237,245
1776767906.604362,2.7083669285613823,7,-10,12.206555615733702,1.4849824350040999,0.0327481261644248,189,360,202,309,237,245
1776767906.6615822,2.7083669285613823,7,-10,12.206555615733702,1.4849824350040999,0.0327481261644248,189,360,202,309,237,245
1776767906.7187526,2.7083669285613823,7,-10,12.206555615733702,1.4849824350040999,0.0327481261644248,189,360,202,309,237,245
1776767906.7719502,2.7083669285613823,7,-10,12.206555615733702,1.4849824350040999,0.0327481261644248,189,360,202,309,237,245
1776767906.830005,2.7083669285613823,7,-10,12.206555615733702,1.4849824350040999,0.0327481261644248,189,360,202,309,237,245
1776767906.8878324,2.7083669285613823,7,-10,12.206555615733702,1.4849824350040999,0.0327481261644248,189,360,202,309,237,245
1776767906.944531,2.7083669285613823,7,-10,12.206555615733702,1.4849824350040999,0.0327481261644248,189,360,202,309,237,245
1776767907.0015838,2.7083669285613823,7,-10,12.206555615733702,1.4849824350040999,0.0327481261644248,189,360,202,309,237,245
1776767907.058548,2.7083669285613823,7,-10,12.206555615733702,1.4849824350040999,0.0327481261644248,189,360,202,309,237,245
1776767907.1116223,2.7083669285613823,7,-10,12.206555615733702,1.4849824350040999,0.03662310859615193,189,360,201,309,237,245
1776767907.1696062,2.7083669285613823,7,-10,12.206555615733702,1.4849824350040999,0.03662310859615193,189,360,201,309,237,245
1776767907.226201,2.7083669285613823,7,-10,12.206555615733702,1.4849824350040999,0.03662310859615193,189,360,201,309,237,245
1776767907.283731,2.7083669285613823,7,-10,12.206555615733702,1.4849824350040999,0.03662310859615193,189,360,201,309,237,245
1776767907.3409414,2.7083669285613823,7,-10,12.206555615733702,1.4849824350040999,0.03662310859615193,189,360,201,309,237,245
1776767907.3985384,2.7083669285613823,7,-10,12.206555615733702,1.4849824350040999,0.03662310859615193,189,360,201,309,237,245
1776767907.4519894,2.7083669285613823,7,-10,12.206555615733702,1.4849824350040999,0.03662310859615193,189,360,201,309,237,245
1776767907.509122,2.7083669285613823,7,-10,12.206555615733702,1.4849824350040999,0.03662310859615193,189,360,201,309,237,245
1776767907.5668526,2.7083669285613823,7,-10,12.206555615733702,1.4849824350040999,0.03662310859615193,189,360,201,309,237,245
1776767907.6237974,2.7083669285613823,7,-10,12.206555615733702,1.4849824350040999,0.03662310859615193,189,360,201,309,237,245
1776767907.6821442,2.7083669285613823,7,-10,12.206555615733702,1.4849824350040999,0.03662310859615193,189,360,201,309,237,245
1776767907.7389631,2.7083669285613823,7,-10,12.206555615733702,1.4849824350040999,0.03662310859615193,189,360,201,309,237,245
1776767907.7924502,2.7083669285613823,7,-10,12.206555615733702,1.4849824350040999,0.03662310859615193,189,360,201,309,237,245
1776767907.8488317,2.7083669285613823,7,-10,12.206555615733702,1.4849824350040999,0.03662310859615193,189,360,201,309,237,245
1776767907.9062333,2.7083669285613823,7,-10,12.206555615733702,1.4849824350040999,0.03662310859615193,189,360,201,309,237,245
1776767907.9639513,2.7083669285613823,7,-10,12.206555615733702,1.4849824350040999,0.03662310859615193,189,360,201,309,237,245
1776767908.0214088,2.7083669285613823,7,-10,12.206555615733702,1.4849824350040999,0.03662310859615193,189,360,201,309,237,245
1776767908.0789795,2.7083669285613823,7,-10,12.206555615733702,1.4849824350040999,0.03662310859615193,189,360,201,309,237,245
1776767908.131986,2.7083669285613823,7,-10,12.206555615733702,1.4849824350040999,0.03662310859615193,189,360,201,309,237,245
1776767908.1893432,2.7083669285613823,7,-10,12.206555615733702,1.4849824350040999,0.03662310859615193,189,360,201,309,237,245
1776767908.2467742,2.7083669285613823,7,-10,12.206555615733702,1.4849824350040999,0.03662310859615193,189,360,201,309,237,245
1776767908.304017,2.7083669285613823,7,-10,12.206555615733702,1.4849824350040999,0.03662310859615193,189,360,201,309,237,245
1776767908.3611362,2.7083669285613823,7,-10,12.206555615733702,1.4849824350040999,0.03662310859615193,189,360,201,309,237,245
1776767908.4187784,2.7083669285613823,7,-10,12.206555615733702,1.4849824350040999,0.03662310859615193,189,360,201,309,237,245
1776767908.4726126,2.7083669285613823,7,-10,12.206555615733702,1.4849824350040999,0.03662310859615193,189,360,201,309,237,245
1776767908.5297549,2.7083669285613823,7,-10,12.206555615733702,1.4849824350040999,0.03662310859615193,189,360,201,309,237,245
1776767908.6444163,2.7083669285613823,7,-10,12.206555615733702,1.4849824350040999,0.03662310859615193,189,360,201,309,237,245
1776767908.7010274,2.7083669285613823,7,-10,12.206555615733702,1.4849824350040999,0.03662310859615193,189,360,201,309,237,245
1776767908.758813,2.7083669285613823,7,-10,12.206555615733702,1.4849824350040999,0.03662310859615193,189,360,201,309,237,245
1776767908.8127577,2.7083669285613823,7,-10,12.206555615733702,1.4849824350040999,0.03662310859615193,189,360,201,309,237,245
1776767908.869232,2.7083669285613823,7,-10,12.206555615733702,1.4849824350040999,0.03662310859615193,189,360,201,309,237,245
1776767908.9264956,2.7083669285613823,7,-10,12.206555615733702,1.4849824350040999,0.03662310859615193,189,360,201,309,237,245
1776767908.9838035,2.7083669285613823,7,-10,12.206555615733702,1.4849824350040999,0.03662310859615193,189,360,201,309,237,245
1776767909.0413852,2.7083669285613823,7,-10,12.206555615733702,1.4849824350040999,0.03662310859615193,189,360,201,309,237,245
1776767909.0948164,2.7083669285613823,7,-10,12.206555615733702,1.4849824350040999,0.03662310859615193,189,360,201,309,237,245
1776767909.1520019,2.7083669285613823,7,-10,12.206555615733702,1.4849824350040999,0.03662310859615193,189,360,201,309,237,245
1776767909.209199,2.7083669285613823,7,-10,12.206555615733702,1.4849824350040999,0.03662310859615193,189,360,201,309,237,245
1776767909.2660434,2.7083669285613823,7,-10,12.206555615733702,1.4849824350040999,0.03662310859615193,189,360,201,309,237,245
1776767909.3237545,2.7083669285613823,7,-10,12.206555615733702,1.4849824350040999,0.03662310859615193,189,360,201,309,237,245
1776767909.3806868,2.7083669285613823,7,-10,12.206555615733702,1.4849824350040999,0.03662310859615193,189,360,201,309,237,245
1776767909.4346054,2.7083669285613823,7,-10,12.206555615733702,1.4849824350040999,0.03662310859615193,189,360,201,309,237,245
1776767909.4913304,2.7083669285613823,7,-10,12.206555615733702,1.4849824350040999,0.03662310859615193,189,360,201,309,237,245
1776767909.54878,2.7083669285613823,7,-10,12.206555615733702,1.4849824350040999,0.03662310859615193,189,360,201,309,237,245
1776767909.605821,2.7083669285613823,7,-10,12.206555615733702,1.4849824350040999,0.03662310859615193,189,360,201,309,237,245
1776767909.6637743,2.7083669285613823,7,-10,12.206555615733702,1.4849824350040999,0.03662310859615193,189,360,201,309,237,245
1776767909.7209628,2.7083669285613823,7,-10,12.206555615733702,1.4849824350040999,0.03662310859615193,189,360,201,309,237,245
1776767909.7747095,2.7083669285613823,7,-10,12.206555615733702,1.4849824350040999,0.03662310859615193,189,360,201,309,237,245
1776767909.831822,2.7083669285613823,7,-10,12.206555615733702,1.4849824350040999,0.03662310859615193,189,360,201,309,237,245
1776767909.8895233,2.7083669285613823,7,-10,12.206555615733702,1.4849824350040999,0.03662310859615193,189,360,201,309,237,245
1776767909.9465132,2.7083669285613823,7,-10,12.206555615733702,1.4849824350040999,0.03662310859615193,189,360,201,309,237,245
1776767910.0036201,2.7083669285613823,7,-10,12.206555615733702,1.4849824350040999,0.03662310859615193,189,360,201,309,237,245
1776767910.0612197,2.7083669285613823,7,-10,12.206555615733702,1.4849824350040999,0.03662310859615193,189,360,201,309,237,245
1776767910.1141918,2.7083669285613823,7,-10,12.206555615733702,1.4849824350040999,0.03662310859615193,189,360,201,309,237,245
1776767910.171431,2.7083669285613823,7,-10,12.206555615733702,1.4849824350040999,0.03662310859615193,189,360,201,309,237,245
1776767910.2291524,2.7083669285613823,7,-10,12.206555615733702,1.4849824350040999,0.03662310859615193,189,360,201,309,237,245
1776767910.286578,2.7083669285613823,7,-10,12.206555615733702,1.4849824350040999,0.03662310859615193,189,360,201,309,237,245
1776767910.3435597,2.7083669285613823,7,-10,12.206555615733702,1.4849824350040999,0.03662310859615193,189,360,201,309,237,245
1776767910.4008543,2.7083669285613823,7,-10,12.206555615733702,1.4849824350040999,0.03662310859615193,189,360,201,309,237,245
1776767910.4543643,2.7083669285613823,7,-10,12.206555615733702,1.4849824350040999,0.03662310859615193,189,360,201,309,237,245
1776767910.511123,2.7083669285613823,7,-10,12.206555615733702,1.4849824350040999,0.03662310859615193,189,360,201,309,237,245
1776767910.5688758,2.7083669285613823,7,-10,12.206555615733702,1.4849824350040999,0.03662310859615193,189,360,201,309,237,245
1776767910.6262884,2.7083669285613823,7,-10,12.206555615733702,1.4849824350040999,0.03662310859615193,189,360,201,309,237,245
1776767910.6837628,2.7083669285613823,7,-10,12.206555615733702,1.4849824350040999,0.03662310859615193,189,360,201,309,237,245
1776767910.7406175,2.7083669285613823,7,-10,12.206555615733702,1.4849824350040999,0.03662310859615193,189,360,201,309,237,245
1776767910.7945724,2.7083669285613823,7,-10,12.206555615733702,1.4849824350040999,0.03662310859615193,189,360,201,309,237,245
1776767910.851651,2.7083669285613823,7,-10,12.206555615733702,1.4849824350040999,0.03662310859615193,189,360,201,309,237,245
1776767910.9089293,2.7083669285613823,7,-10,12.206555615733702,1.4849824350040999,0.03662310859615193,189,360,201,309,237,245
1776767910.9662805,2.7083669285613823,7,-10,12.206555615733702,1.4849824350040999,0.03662310859615193,189,360,201,309,237,245
1776767911.0238266,2.7083669285613823,7,-10,12.206555615733702,1.4849824350040999,0.03662310859615193,189,360,201,309,237,245
1776767911.0767763,2.7083669285613823,7,-10,12.206555615733702,1.4849824350040999,0.03662310859615193,189,360,201,309,237,245
1776767911.1345384,2.7083669285613823,7,-10,12.206555615733702,1.4849824350040999,0.03662310859615193,189,360,201,309,237,245
1776767911.1913075,2.7083669285613823,7,-10,12.206555615733702,1.4849824350040999,0.03662310859615193,189,360,201,309,237,245
1776767911.249236,2.7083669285613823,7,-10,12.206555615733702,1.4849824350040999,0.03662310859615193,189,360,201,309,237,245
1776767911.3061893,2.7083669285613823,7,-10,12.206555615733702,1.4849824350040999,0.03662310859615193,189,360,201,309,237,245
1776767911.4165518,2.7083669285613823,7,-10,12.206555615733702,1.4849824350040999,0.03662310859615193,189,360,201,309,237,245
1776767911.4744487,2.7083669285613823,7,-10,12.206555615733702,1.4849824350040999,0.03662310859615193,189,360,201,309,237,245
1776767911.5315146,2.7083669285613823,7,-10,12.206555615733702,1.4849824350040999,0.03662310859615193,189,360,201,309,237,245
1776767911.5887885,2.7083669285613823,7,-10,12.206555615733702,1.4849824350040999,0.03662310859615193,189,360,201,309,237,245
1776767911.6463416,2.7083669285613823,7,-10,12.206555615733702,1.4849824350040999,0.03662310859615193,189,360,201,309,237,245
1776767911.7039793,2.7083669285613823,7,-10,12.206555615733702,1.4849824350040999,0.03662310859615193,189,360,201,309,237,245
1776767911.7562442,2.7083669285613823,7,-10,12.206555615733702,1.4849824350040999,0.03662310859615193,189,360,201,309,237,245
1776767911.8138103,2.7083669285613823,7,-10,12.206555615733702,1.4849824350040999,0.03662310859615193,189,360,201,309,237,245
1776767911.8711016,2.7083669285613823,7,-10,12.206555615733702,1.4849824350040999,0.03662310859615193,189,360,201,309,237,245
1776767911.9287918,2.7083669285613823,7,-10,12.206555615733702,1.4849824350040999,0.03662310859615193,189,360,201,309,237,245
1776767911.985712,2.7083669285613823,7,-10,12.206555615733702,1.4849824350040999,0.03662310859615193,189,360,201,309,237,245
1776767912.0433939,2.7083669285613823,7,-10,12.206555615733702,1.4849824350040999,0.03662310859615193,189,360,201,309,237,245
1776767912.0968535,2.7083669285613823,7,-10,12.206555615733702,1.4849824350040999,0.03662310859615193,189,360,201,309,237,245
1776767912.1535804,2.7083669285613823,7,-10,12.206555615733702,1.4849824350040999,0.03662310859615193,189,360,201,309,237,245
1776767912.2109456,2.7083669285613823,7,-10,12.206555615733702,1.4849824350040999,0.03662310859615193,189,360,201,309,237,245
1776767912.2692146,2.7083669285613823,7,-10,12.206555615733702,1.4849824350040999,0.03662310859615193,189,360,201,309,237,245
1776767912.325584,2.7083669285613823,7,-10,12.206555615733702,1.4849824350040999,0.03662310859615193,189,360,201,309,237,245
1776767912.3828347,2.7083669285613823,7,-10,12.206555615733702,1.4849824350040999,0.03662310859615193,189,360,201,309,237,245
1776767912.4364023,2.7083669285613823,7,-10,12.206555615733702,1.4849824350040999,0.03662310859615193,189,360,201,309,237,245
1776767912.4937122,2.7083669285613823,7,-10,12.206555615733702,1.4849824350040999,0.03662310859615193,189,360,201,309,237,245
1776767912.5510266,2.7083669285613823,7,-10,12.206555615733702,1.4849824350040999,0.03662310859615193,189,360,201,309,237,245
1776767912.608374,2.7083669285613823,7,-10,12.206555615733702,1.4849824350040999,0.03662310859615193,189,360,201,309,237,245
1776767912.6653686,2.7083669285613823,7,-10,12.206555615733702,1.4849824350040999,0.03662310859615193,189,360,201,309,237,245
1776767912.7228603,2.7083669285613823,7,-10,12.206555615733702,1.4849824350040999,0.03662310859615193,189,360,201,309,237,245
1776767912.7761962,2.7083669285613823,7,-10,12.206555615733702,1.4849824350040999,0.03662310859615193,189,360,201,309,237,245
1776767912.8334646,2.7083669285613823,7,-10,12.206555615733702,1.4849824350040999,0.03662310859615193,189,360,201,309,237,245
1776767912.8908527,2.7083669285613823,7,-10,12.206555615733702,1.4849824350040999,0.03662310859615193,189,360,201,309,237,245
1776767912.948239,2.7083669285613823,7,-10,12.206555615733702,1.4849824350040999,0.03662310859615193,189,360,201,309,237,245
1776767913.0054376,2.7083669285613823,7,-10,12.206555615733702,1.4849824350040999,0.03662310859615193,189,360,201,309,237,245
1776767913.0589156,2.7083669285613823,7,-10,12.206555615733702,1.4849824350040999,0.03662310859615193,189,360,201,309,237,245
1776767913.116459,2.7083669285613823,7,-10,12.206555615733702,1.4849824350040999,0.03662310859615193,189,360,201,309,237,245
1776767913.1734924,2.7083669285613823,7,-10,12.206555615733702,1.4849824350040999,0.03662310859615193,189,360,201,309,237,245
