time,pressure_kPa,dx_px,dy_px,tip_disp_px,tip_disp_mm,curvature_1_per_mm,base_x,base_y,mid_x,mid_y,tip_x,tip_y
1776764886.413823,0.8300000000000053,2,0,2.0,0.24330900243309,0.03305563343780528,188,365,204,300,258,217
1776764886.4710622,0.8300000000000053,2,0,2.0,0.24330900243309,0.03305563343780528,188,365,204,300,258,217
1776764886.5284445,0.8300000000000053,2,0,2.0,0.24330900243309,0.03305563343780528,188,365,204,300,258,217
1776764886.5817485,0.8300000000000053,2,0,2.0,0.24330900243309,0.03305563343780528,188,365,204,300,258,217
1776764886.6390681,0.8300000000000053,2,0,2.0,0.24330900243309,0.03305563343780528,188,365,204,300,258,217
1776764886.6968272,0.8300000000000053,2,0,2.0,0.24330900243309,0.03305563343780528,188,365,204,300,258,217
1776764886.7537503,0.8300000000000053,2,0,2.0,0.24330900243309,0.03305563343780528,188,365,204,300,258,217
1776764886.810974,0.8300000000000053,2,0,2.0,0.24330900243309,0.03305563343780528,188,365,204,300,258,217
1776764886.8683195,0.8300000000000053,2,0,2.0,0.24330900243309,0.03305563343780528,188,365,204,300,258,217
1776764886.9219828,0.8300000000000053,2,0,2.0,0.24330900243309,0.03305563343780528,188,365,204,300,258,217
1776764886.9790332,0.8300000000000053,2,0,2.0,0.24330900243309,0.03305563343780528,188,365,204,300,258,217
1776764887.0363498,0.8300000000000053,2,0,2.0,0.24330900243309,0.03305563343780528,188,365,204,300,258,217
1776764887.093697,0.8300000000000053,2,0,2.0,0.24330900243309,0.03305563343780528,188,365,204,300,258,217
1776764887.1509218,0.8300000000000053,2,0,2.0,0.24330900243309,0.03305563343780528,188,365,204,300,258,217
1776764887.204221,0.8300000000000053,2,0,2.0,0.24330900243309,0.03305563343780528,188,365,204,300,258,217
1776764887.261787,0.8300000000000053,2,0,2.0,0.24330900243309,0.03305563343780528,188,365,204,300,258,217
1776764887.3189604,0.8300000000000053,2,0,2.0,0.24330900243309,0.03305563343780528,188,365,204,300,258,217
1776764887.3769398,0.8300000000000053,2,0,2.0,0.24330900243309,0.03305563343780528,188,365,204,300,258,217
1776764887.4335873,0.8300000000000053,2,0,2.0,0.24330900243309,0.03305563343780528,188,365,204,300,258,217
1776764887.4909484,0.8300000000000053,2,0,2.0,0.24330900243309,0.03305563343780528,188,365,204,300,258,217
1776764887.5442874,0.8300000000000053,2,0,2.0,0.24330900243309,0.03305563343780528,188,365,204,300,258,217
1776764887.6015773,0.8300000000000053,2,0,2.0,0.24330900243309,0.03305563343780528,188,365,204,300,258,217
1776764887.659013,0.8300000000000053,2,0,2.0,0.24330900243309,0.03305563343780528,188,365,204,300,258,217
1776764887.7161756,0.8300000000000053,2,0,2.0,0.24330900243309,0.03305563343780528,188,365,204,300,258,217
1776764887.7737432,0.8300000000000053,2,0,2.0,0.24330900243309,0.03305563343780528,188,365,204,300,258,217
1776764887.8272104,0.8300000000000053,2,0,2.0,0.24330900243309,0.03305563343780528,188,365,204,300,258,217
1776764887.8841982,0.8300000000000053,2,0,2.0,0.24330900243309,0.03305563343780528,188,365,204,300,258,217
1776764887.9414682,0.8300000000000053,2,0,2.0,0.24330900243309,0.03305563343780528,188,365,204,300,258,217
1776764887.9987843,0.8300000000000053,2,0,2.0,0.24330900243309,0.03305563343780528,188,365,204,300,258,217
1776764888.0561144,0.8300000000000053,2,0,2.0,0.24330900243309,0.03305563343780528,188,365,204,300,258,217
1776764888.1134686,0.8300000000000053,2,0,2.0,0.24330900243309,0.03305563343780528,188,365,204,300,258,217
1776764888.1668334,0.8300000000000053,2,0,2.0,0.24330900243309,0.03305563343780528,188,365,204,300,258,217
1776764888.2241669,0.8300000000000053,2,0,2.0,0.24330900243309,0.03305563343780528,188,365,204,300,258,217
1776764888.2814434,0.8300000000000053,2,0,2.0,0.24330900243309,0.03305563343780528,188,365,204,300,258,217
1776764888.338749,0.8300000000000053,2,0,2.0,0.24330900243309,0.03305563343780528,188,365,204,300,258,217
1776764888.3960922,0.8300000000000053,2,0,2.0,0.24330900243309,0.03305563343780528,188,365,204,300,258,217
1776764888.4494274,0.8300000000000053,2,0,2.0,0.24330900243309,0.03305563343780528,188,365,204,300,258,217
1776764888.5069,0.8300000000000053,2,0,2.0,0.24330900243309,0.03305563343780528,188,365,204,300,258,217
1776764888.5640392,0.8300000000000053,2,0,2.0,0.24330900243309,0.03305563343780528,188,365,204,300,258,217
1776764888.621378,0.8300000000000053,2,0,2.0,0.24330900243309,0.03305563343780528,188,365,204,300,258,217
1776764888.6786852,0.8300000000000053,2,0,2.0,0.24330900243309,0.03305563343780528,188,365,204,300,258,217
1776764888.7328727,0.8300000000000053,2,0,2.0,0.24330900243309,0.03305563343780528,188,365,204,300,258,217
1776764888.7895176,0.8300000000000053,2,0,2.0,0.24330900243309,0.03305563343780528,188,365,204,300,258,217
1776764888.8466954,0.8300000000000053,2,0,2.0,0.24330900243309,0.03305563343780528,188,365,204,300,258,217
1776764888.9043381,0.8300000000000053,2,0,2.0,0.24330900243309,0.03305563343780528,188,365,204,300,258,217
1776764888.961296,0.8300000000000053,2,0,2.0,0.24330900243309,0.03305563343780528,188,365,204,300,258,217
1776764889.0186327,0.8300000000000053,2,0,2.0,0.24330900243309,0.03305563343780528,188,365,204,300,258,217
1776764889.0720487,0.8300000000000053,2,0,2.0,0.24330900243309,0.03305563343780528,188,365,204,300,258,217
1776764889.1293774,0.8300000000000053,2,0,2.0,0.24330900243309,0.03305563343780528,188,365,204,300,258,217
1776764889.1865716,0.8300000000000053,2,0,2.0,0.24330900243309,0.03305563343780528,188,365,204,300,258,217
1776764889.2439694,0.8300000000000053,2,0,2.0,0.24330900243309,0.03305563343780528,188,365,204,300,258,217
1776764889.3012521,0.8300000000000053,2,0,2.0,0.24330900243309,0.03305563343780528,188,365,204,300,258,217
1776764889.3546662,0.8300000000000053,2,0,2.0,0.24330900243309,0.03305563343780528,188,365,204,300,258,217
1776764889.4119818,0.8300000000000053,2,0,2.0,0.24330900243309,0.03305563343780528,188,365,204,300,258,217
1776764889.469243,0.8300000000000053,2,0,2.0,0.24330900243309,0.03305563343780528,188,365,204,300,258,217
1776764889.5265567,0.8300000000000053,2,0,2.0,0.24330900243309,0.03305563343780528,188,365,204,300,258,217
1776764889.5839186,0.8300000000000053,2,0,2.0,0.24330900243309,0.03305563343780528,188,365,204,300,258,217
1776764889.641199,0.8300000000000053,2,0,2.0,0.24330900243309,0.03305563343780528,188,365,204,300,258,217
1776764889.694592,0.8300000000000053,2,0,2.0,0.24330900243309,0.03305563343780528,188,365,204,300,258,217
1776764889.7521927,0.8300000000000053,2,0,2.0,0.24330900243309,0.03305563343780528,188,365,204,300,258,217
1776764889.80928,0.8300000000000053,2,0,2.0,0.24330900243309,0.03305563343780528,188,365,204,300,258,217
1776764889.866546,0.8300000000000053,2,0,2.0,0.24330900243309,0.03305563343780528,188,365,204,300,258,217
1776764889.923807,0.8300000000000053,2,0,2.0,0.24330900243309,0.03305563343780528,188,365,204,300,258,217
1776764889.977224,0.8300000000000053,2,0,2.0,0.24330900243309,0.03305563343780528,188,365,204,300,258,217
1776764890.0345235,0.8300000000000053,2,0,2.0,0.24330900243309,0.03305563343780528,188,365,204,300,258,217
1776764890.0918758,0.8300000000000053,2,0,2.0,0.24330900243309,0.03305563343780528,188,365,204,300,258,217
1776764890.1491694,0.8300000000000053,2,0,2.0,0.24330900243309,0.03305563343780528,188,365,204,300,258,217
1776764890.2064042,0.8300000000000053,2,0,2.0,0.24330900243309,0.03305563343780528,188,365,204,300,258,217
1776764890.2637813,0.8300000000000053,2,0,2.0,0.24330900243309,0.03305563343780528,188,365,204,300,258,217
1776764890.3171015,0.8300000000000053,2,0,2.0,0.24330900243309,0.03305563343780528,188,365,204,300,258,217
1776764890.3744886,0.8300000000000053,2,0,2.0,0.24330900243309,0.03305563343780528,188,365,204,300,258,217
1776764890.4317555,0.8300000000000053,2,0,2.0,0.24330900243309,0.03305563343780528,188,365,204,300,258,217
1776764890.4890332,0.8300000000000053,2,0,2.0,0.24330900243309,0.03305563343780528,188,365,204,300,258,217
1776764890.5465543,0.8300000000000053,2,0,2.0,0.24330900243309,0.03305563343780528,188,365,204,300,258,217
1776764890.5997634,0.8300000000000053,2,0,2.0,0.24330900243309,0.03305563343780528,188,365,204,300,258,217
1776764890.6571276,0.8300000000000053,2,0,2.0,0.24330900243309,0.03305563343780528,188,365,204,300,258,217
1776764890.7143548,0.8300000000000053,2,0,2.0,0.24330900243309,0.03305563343780528,188,365,204,300,258,217
1776764890.7716672,0.8300000000000053,2,0,2.0,0.24330900243309,0.03305563343780528,188,365,204,300,258,217
1776764890.8292124,0.8300000000000053,2,0,2.0,0.24330900243309,0.03305563343780528,188,365,204,300,258,217
1776764890.8824077,0.8300000000000053,2,0,2.0,0.24330900243309,0.03305563343780528,188,365,204,300,258,217
1776764890.9397697,0.8300000000000053,2,0,2.0,0.24330900243309,0.03305563343780528,188,365,204,300,258,217
1776764890.9969738,0.8300000000000053,2,0,2.0,0.24330900243309,0.03305563343780528,188,365,204,300,258,217
1776764891.0544615,0.8300000000000053,2,0,2.0,0.24330900243309,0.03305563343780528,188,365,204,300,258,217
1776764891.1116507,0.8300000000000053,2,0,2.0,0.24330900243309,0.03305563343780528,188,365,204,300,258,217
1776764891.1689703,0.8300000000000053,2,0,2.0,0.24330900243309,0.03305563343780528,188,365,204,300,258,217
1776764891.2222946,0.8300000000000053,2,0,2.0,0.24330900243309,0.03305563343780528,188,365,204,300,258,217
1776764891.279643,0.8300000000000053,2,0,2.0,0.24330900243309,0.03305563343780528,188,365,204,300,258,217
1776764891.3369875,0.8300000000000053,2,0,2.0,0.24330900243309,0.03305563343780528,188,365,204,300,258,217
1776764891.394319,0.8300000000000053,2,0,2.0,0.24330900243309,0.03305563343780528,188,365,204,300,258,217
1776764891.451626,0.8300000000000053,2,0,2.0,0.24330900243309,0.03305563343780528,188,365,204,300,258,217
1776764891.5054815,0.8300000000000053,2,0,2.0,0.24330900243309,0.03305563343780528,188,365,204,300,258,217
1776764891.562337,0.8300000000000053,2,0,2.0,0.24330900243309,0.03305563343780528,188,365,204,300,258,217
1776764891.6196284,0.8300000000000053,2,0,2.0,0.24330900243309,0.03305563343780528,188,365,204,300,258,217
1776764891.6769004,0.8300000000000053,2,0,2.0,0.24330900243309,0.03305563343780528,188,365,204,300,258,217
1776764891.7341893,0.8300000000000053,2,0,2.0,0.24330900243309,0.03305563343780528,188,365,204,300,258,217
1776764891.791548,0.8300000000000053,2,0,2.0,0.24330900243309,0.03305563343780528,188,365,204,300,258,217
1776764891.844908,0.8300000000000053,2,0,2.0,0.24330900243309,0.03305563343780528,188,365,204,300,258,217
1776764891.9025164,0.8300000000000053,2,0,2.0,0.24330900243309,0.03305563343780528,188,365,204,300,258,217
1776764891.9597335,0.8300000000000053,2,0,2.0,0.24330900243309,0.03305563343780528,188,365,204,300,258,217
1776764892.016876,0.8300000000000053,2,0,2.0,0.24330900243309,0.03305563343780528,188,365,204,300,258,217
1776764892.074135,0.8300000000000053,2,0,2.0,0.24330900243309,0.03305563343780528,188,365,204,300,258,217
1776764892.1275442,0.8300000000000053,2,0,2.0,0.24330900243309,0.03305563343780528,188,365,204,300,258,217
1776764892.1848335,0.8300000000000053,2,0,2.0,0.24330900243309,0.03305563343780528,188,365,204,300,258,217
1776764892.2421896,0.8300000000000053,2,0,2.0,0.24330900243309,0.03305563343780528,188,365,204,300,258,217
1776764892.2995207,0.8300000000000053,2,0,2.0,0.24330900243309,0.03305563343780528,188,365,204,300,258,217
1776764892.3567667,0.8300000000000053,2,0,2.0,0.24330900243309,0.03305563343780528,188,365,204,300,258,217
1776764892.414128,0.8300000000000053,2,0,2.0,0.24330900243309,0.03305563343780528,188,365,204,300,258,217
1776764892.4675019,0.8300000000000053,2,0,2.0,0.24330900243309,0.03305563343780528,188,365,204,300,258,217
1776764892.5247893,0.8300000000000053,2,0,2.0,0.24330900243309,0.03305563343780528,188,365,204,300,258,217
1776764892.5820959,0.8300000000000053,2,0,2.0,0.24330900243309,0.03305563343780528,188,365,204,300,258,217
1776764892.6393874,0.8300000000000053,2,0,2.0,0.24330900243309,0.03305563343780528,188,365,204,300,258,217
1776764892.696706,0.8300000000000053,2,0,2.0,0.24330900243309,0.03305563343780528,188,365,204,300,258,217
1776764892.7503428,0.8300000000000053,2,0,2.0,0.24330900243309,0.03305563343780528,188,365,204,300,258,217
1776764892.8076365,0.8300000000000053,2,0,2.0,0.24330900243309,0.03305563343780528,188,365,204,300,258,217
1776764892.8647454,0.8300000000000053,2,0,2.0,0.24330900243309,0.03305563343780528,188,365,204,300,258,217
1776764892.9220734,0.8300000000000053,2,0,2.0,0.24330900243309,0.03305563343780528,188,365,204,300,258,217
1776764892.9793081,0.8300000000000053,2,0,2.0,0.24330900243309,0.03305563343780528,188,365,204,300,258,217
1776764893.0332267,0.8300000000000053,2,0,2.0,0.24330900243309,0.03305563343780528,188,365,204,300,258,217
1776764893.0900652,0.8300000000000053,2,0,2.0,0.24330900243309,0.03305563343780528,188,365,204,300,258,217
1776764893.147395,0.8300000000000053,2,0,2.0,0.24330900243309,0.03305563343780528,188,365,204,300,258,217
1776764893.204749,0.8300000000000053,2,0,2.0,0.24330900243309,0.03305563343780528,188,365,204,300,258,217
1776764893.2619705,0.8300000000000053,2,0,2.0,0.24330900243309,0.03305563343780528,188,365,204,300,258,217
1776764893.3193011,0.8300000000000053,2,0,2.0,0.24330900243309,0.03305563343780528,188,365,204,300,258,217
1776764893.372601,0.8300000000000053,2,0,2.0,0.24330900243309,0.03305563343780528,188,365,204,300,258,217
1776764893.4299927,0.8300000000000053,2,0,2.0,0.24330900243309,0.03305563343780528,188,365,204,300,258,217
1776764893.487352,0.8300000000000053,2,0,2.0,0.24330900243309,0.03305563343780528,188,365,204,300,258,217
1776764893.5446072,0.8300000000000053,2,0,2.0,0.24330900243309,0.03305563343780528,188,365,204,300,258,217
1776764893.6018999,0.8300000000000053,2,0,2.0,0.24330900243309,0.03305563343780528,188,365,204,300,258,217
1776764893.655294,0.8300000000000053,2,0,2.0,0.24330900243309,0.03305563343780528,188,365,204,300,258,217
1776764893.7126164,0.8300000000000053,2,0,2.0,0.24330900243309,0.03305563343780528,188,365,204,300,258,217
1776764893.7698696,0.8300000000000053,2,0,2.0,0.24330900243309,0.03305563343780528,188,365,204,300,258,217
1776764893.827244,0.8300000000000053,2,0,2.0,0.24330900243309,0.03305563343780528,188,365,204,300,258,217
1776764893.8845031,0.8300000000000053,2,0,2.0,0.24330900243309,0.03305563343780528,188,365,204,300,258,217
1776764893.9418678,0.8300000000000053,2,0,2.0,0.24330900243309,0.03305563343780528,188,365,204,300,258,217
1776764894.0446153,0.8300000000000053,2,0,2.0,0.24330900243309,0.03305563343780528,188,365,204,300,258,217
1776764894.1098711,0.8300000000000053,2,0,2.0,0.24330900243309,0.03305563343780528,188,365,204,300,258,217
1776764894.1672096,0.8300000000000053,2,0,2.0,0.24330900243309,0.03305563343780528,188,365,204,300,258,217
1776764894.2246146,0.8300000000000053,2,0,2.0,0.24330900243309,0.03305563343780528,188,365,204,300,258,217
1776764894.2778556,0.8300000000000053,2,0,2.0,0.24330900243309,0.03305563343780528,188,365,204,300,258,217
1776764894.3352094,0.8300000000000053,2,0,2.0,0.24330900243309,0.03305563343780528,188,365,204,300,258,217
1776764894.3924992,0.8300000000000053,2,0,2.0,0.24330900243309,0.03305563343780528,188,365,204,300,258,217
1776764894.449776,0.8300000000000053,2,0,2.0,0.24330900243309,0.03305563343780528,188,365,204,300,258,217
1776764894.5072143,0.8300000000000053,2,0,2.0,0.24330900243309,0.03305563343780528,188,365,204,300,258,217
1776764894.56439,0.8300000000000053,2,0,2.0,0.24330900243309,0.03305563343780528,188,365,204,300,258,217
1776764894.6177936,0.8300000000000053,2,0,2.0,0.24330900243309,0.03305563343780528,188,365,204,300,258,217
1776764894.6750574,0.8300000000000053,2,0,2.0,0.24330900243309,0.03305563343780528,188,365,204,300,258,217
1776764894.732396,0.8300000000000053,2,0,2.0,0.24330900243309,0.03305563343780528,188,365,204,300,258,217
1776764894.7897248,0.8300000000000053,2,0,2.0,0.24330900243309,0.03305563343780528,188,365,204,300,258,217
1776764894.8470466,0.8300000000000053,2,0,2.0,0.24330900243309,0.03305563343780528,188,365,204,300,258,217
1776764894.9004333,0.8300000000000053,2,0,2.0,0.24330900243309,0.03305563343780528,188,365,204,300,258,217
1776764894.957735,0.8300000000000053,2,0,2.0,0.24330900243309,0.03305563343780528,188,365,204,300,258,217
1776764895.015099,0.8300000000000053,2,0,2.0,0.24330900243309,0.03305563343780528,188,365,204,300,258,217
1776764895.0723917,0.8300000000000053,2,0,2.0,0.24330900243309,0.03305563343780528,188,365,204,300,258,217
1776764895.1297116,0.8300000000000053,2,0,2.0,0.24330900243309,0.03305563343780528,188,365,204,300,258,217
1776764895.1830533,0.8300000000000053,2,0,2.0,0.24330900243309,0.03305563343780528,188,365,204,300,258,217
1776764895.240367,0.8300000000000053,2,0,2.0,0.24330900243309,0.03305563343780528,188,365,204,300,258,217
1776764895.29767,0.8300000000000053,2,0,2.0,0.24330900243309,0.03305563343780528,188,365,204,300,258,217
1776764895.3550715,0.8300000000000053,2,0,2.0,0.24330900243309,0.03305563343780528,188,365,204,300,258,217
1776764895.4122832,0.8300000000000053,2,0,2.0,0.24330900243309,0.03305563343780528,188,365,204,300,258,217
1776764895.4695995,0.8300000000000053,2,0,2.0,0.24330900243309,0.03305563343780528,188,365,204,300,258,217
1776764895.5230145,0.8300000000000053,2,0,2.0,0.24330900243309,0.03305563343780528,188,365,204,300,258,217
1776764895.5808349,0.8300000000000053,2,0,2.0,0.24330900243309,0.03305563343780528,188,365,204,300,258,217
1776764895.6376479,0.8300000000000053,2,0,2.0,0.24330900243309,0.03305563343780528,188,365,204,300,258,217
1776764895.6949234,0.8300000000000053,2,0,2.0,0.24330900243309,0.03305563343780528,188,365,204,300,258,217
1776764895.7522237,0.8300000000000053,2,0,2.0,0.24330900243309,0.03305563343780528,188,365,204,300,258,217
1776764895.805622,0.8300000000000053,2,0,2.0,0.24330900243309,0.03305563343780528,188,365,204,300,258,217
1776764895.8629465,0.8300000000000053,2,0,2.0,0.24330900243309,0.03305563343780528,188,365,204,300,258,217
1776764895.9204428,0.8300000000000053,2,0,2.0,0.24330900243309,0.03305563343780528,188,365,204,300,258,217
1776764895.9781122,0.8300000000000053,2,0,2.0,0.24330900243309,0.03305563343780528,188,365,204,300,258,217
1776764896.034908,0.8300000000000053,2,0,2.0,0.24330900243309,0.03305563343780528,188,365,204,300,258,217
1776764896.0921354,0.8300000000000053,2,0,2.0,0.24330900243309,0.03305563343780528,188,365,204,300,258,217
1776764896.1455805,0.8300000000000053,2,0,2.0,0.24330900243309,0.03305563343780528,188,365,204,300,258,217
1776764896.2028892,0.8300000000000053,2,0,2.0,0.24330900243309,0.03305563343780528,188,365,204,300,258,217
1776764896.260156,0.8300000000000053,2,0,2.0,0.24330900243309,0.03305563343780528,188,365,204,300,258,217
1776764896.3175168,0.8300000000000053,2,0,2.0,0.24330900243309,0.03305563343780528,188,365,204,300,258,217
1776764896.3748155,0.8300000000000053,2,0,2.0,0.24330900243309,0.03305563343780528,188,365,204,300,258,217
1776764896.4281838,0.8300000000000053,2,0,2.0,0.24330900243309,0.03305563343780528,188,365,204,300,258,217
1776764896.4854205,0.8300000000000053,2,0,2.0,0.24330900243309,0.03305563343780528,188,365,204,300,258,217
1776764896.5428538,0.8300000000000053,2,0,2.0,0.24330900243309,0.03305563343780528,188,365,204,300,258,217
1776764896.6000867,0.8300000000000053,2,0,2.0,0.24330900243309,0.03305563343780528,188,365,204,300,258,217
1776764896.6574268,0.8300000000000053,2,0,2.0,0.24330900243309,0.03305563343780528,188,365,204,300,258,217
1776764896.714942,0.8300000000000053,2,0,2.0,0.24330900243309,0.03305563343780528,188,365,204,300,258,217
1776764896.7680976,0.8300000000000053,2,0,2.0,0.24330900243309,0.03305563343780528,188,365,204,300,258,217
1776764896.8254204,0.8300000000000053,2,0,2.0,0.24330900243309,0.03305563343780528,188,365,204,300,258,217
1776764896.882764,0.8300000000000053,2,0,2.0,0.24330900243309,0.03305563343780528,188,365,204,300,258,217
1776764896.9401326,0.8300000000000053,2,0,2.0,0.24330900243309,0.03305563343780528,188,365,204,300,258,217
1776764896.9973013,0.8300000000000053,2,0,2.0,0.24330900243309,0.03305563343780528,188,365,204,300,258,217
1776764897.0507314,0.8300000000000053,2,0,2.0,0.24330900243309,0.03305563343780528,188,365,204,300,258,217
1776764897.1080515,0.8300000000000053,2,0,2.0,0.24330900243309,0.03305563343780528,188,365,204,300,258,217
1776764897.1653821,0.8300000000000053,2,0,2.0,0.24330900243309,0.03305563343780528,188,365,204,300,258,217
1776764897.222714,0.8300000000000053,2,0,2.0,0.24330900243309,0.03305563343780528,188,365,204,300,258,217
1776764897.2799919,0.8300000000000053,2,0,2.0,0.24330900243309,0.03305563343780528,188,365,204,300,258,217
1776764897.3332903,0.8300000000000053,2,0,2.0,0.24330900243309,0.03305563343780528,188,365,204,300,258,217
1776764897.3906767,0.8300000000000053,2,0,2.0,0.24330900243309,0.03305563343780528,188,365,204,300,258,217
1776764897.44809,0.8300000000000053,2,0,2.0,0.24330900243309,0.03305563343780528,188,365,204,300,258,217
1776764897.5053089,0.8300000000000053,2,0,2.0,0.24330900243309,0.03305563343780528,188,365,204,300,258,217
1776764897.5625923,0.8300000000000053,2,0,2.0,0.24330900243309,0.03305563343780528,188,365,204,300,258,217
1776764897.6198988,0.8300000000000053,2,0,2.0,0.24330900243309,0.03305563343780528,188,365,204,300,258,217
1776764897.6736887,0.8300000000000053,2,0,2.0,0.24330900243309,0.03305563343780528,188,365,204,300,258,217
1776764897.7305856,0.8300000000000053,2,0,2.0,0.24330900243309,0.03305563343780528,188,365,204,300,258,217
1776764897.7879744,0.8300000000000053,2,0,2.0,0.24330900243309,0.03305563343780528,188,365,204,300,258,217
1776764897.845266,0.8300000000000053,2,0,2.0,0.24330900243309,0.03305563343780528,188,365,204,300,258,217
1776764897.902599,0.8300000000000053,2,0,2.0,0.24330900243309,0.03305563343780528,188,365,204,300,258,217
1776764897.956001,0.8300000000000053,2,0,2.0,0.24330900243309,0.03305563343780528,188,365,204,300,258,217
1776764898.013374,0.8300000000000053,2,0,2.0,0.24330900243309,0.03305563343780528,188,365,204,300,258,217
1776764898.0706089,0.8300000000000053,2,0,2.0,0.24330900243309,0.03305563343780528,188,365,204,300,258,217
1776764898.1279414,0.8300000000000053,2,0,2.0,0.24330900243309,0.03305563343780528,188,365,204,300,258,217
1776764898.1851764,0.8300000000000053,2,0,2.0,0.24330900243309,0.03305563343780528,188,365,204,300,258,217
1776764898.2425697,0.8300000000000053,2,0,2.0,0.24330900243309,0.03305563343780528,188,365,204,300,258,217
1776764898.296201,0.8300000000000053,2,0,2.0,0.24330900243309,0.03305563343780528,188,365,204,300,258,217
1776764898.3531992,0.8300000000000053,2,0,2.0,0.24330900243309,0.03305563343780528,188,365,204,300,258,217
1776764898.4105837,0.8300000000000053,2,0,2.0,0.24330900243309,0.03305563343780528,188,365,204,300,258,217
1776764898.4686313,0.8300000000000053,2,0,2.0,0.24330900243309,0.03305563343780528,188,365,204,300,258,217
1776764898.5261788,0.8300000000000053,2,0,2.0,0.24330900243309,0.03305563343780528,188,365,204,300,258,217
1776764898.5785246,0.8300000000000053,2,0,2.0,0.24330900243309,0.03305563343780528,188,365,204,300,258,217
1776764898.6357524,0.8300000000000053,2,0,2.0,0.24330900243309,0.03305563343780528,188,365,204,300,258,217
1776764898.6930811,0.8300000000000053,2,0,2.0,0.24330900243309,0.03305563343780528,188,365,204,300,258,217
1776764898.7526457,0.8300000000000053,2,0,2.0,0.24330900243309,0.03305563343780528,188,365,204,300,258,217
1776764898.8077486,0.8300000000000053,2,0,2.0,0.24330900243309,0.03305563343780528,188,365,204,300,258,217
1776764898.8651023,0.8300000000000053,2,0,2.0,0.24330900243309,0.03305563343780528,188,365,204,300,258,217
1776764898.918454,0.8300000000000053,2,0,2.0,0.24330900243309,0.03305563343780528,188,365,204,300,258,217
1776764898.9757845,0.8300000000000053,2,0,2.0,0.24330900243309,0.03305563343780528,188,365,204,300,258,217
1776764899.0330577,0.8300000000000053,2,0,2.0,0.24330900243309,0.03305563343780528,188,365,204,300,258,217
1776764899.0904195,0.8300000000000053,2,0,2.0,0.24330900243309,0.03305563343780528,188,365,204,300,258,217
1776764899.1478765,0.8300000000000053,2,0,2.0,0.24330900243309,0.03305563343780528,188,365,204,300,258,217
1776764899.201085,0.8300000000000053,2,0,2.0,0.24330900243309,0.03305563343780528,188,365,204,300,258,217
1776764899.2583954,0.8300000000000053,2,0,2.0,0.24330900243309,0.03305563343780528,188,365,204,300,258,217
1776764899.3157158,0.8300000000000053,2,0,2.0,0.24330900243309,0.03305563343780528,188,365,204,300,258,217
1776764899.373065,0.8300000000000053,2,0,2.0,0.24330900243309,0.03305563343780528,188,365,204,300,258,217
1776764899.430295,0.8300000000000053,2,0,2.0,0.24330900243309,0.03305563343780528,188,365,204,300,258,217
1776764899.4838362,0.8300000000000053,2,0,2.0,0.24330900243309,0.03305563343780528,188,365,204,300,258,217
1776764899.541038,0.8300000000000053,2,0,2.0,0.24330900243309,0.03305563343780528,188,365,204,300,258,217
1776764899.5983312,0.8300000000000053,2,0,2.0,0.24330900243309,0.03305563343780528,188,365,204,300,258,217
1776764899.6556654,0.8300000000000053,2,0,2.0,0.24330900243309,0.03305563343780528,188,365,204,300,258,217
1776764899.7129378,0.8300000000000053,2,0,2.0,0.24330900243309,0.03305563343780528,188,365,204,300,258,217
1776764899.7702582,0.8300000000000053,2,0,2.0,0.24330900243309,0.03305563343780528,188,365,204,300,258,217
1776764899.8236382,0.8300000000000053,2,0,2.0,0.24330900243309,0.03305563343780528,188,365,204,300,258,217
1776764899.8809423,0.8300000000000053,2,0,2.0,0.24330900243309,0.03305563343780528,188,365,204,300,258,217
1776764899.9383416,0.8300000000000053,2,0,2.0,0.24330900243309,0.03305563343780528,188,365,204,300,258,217
1776764899.9956055,0.8300000000000053,2,0,2.0,0.24330900243309,0.03305563343780528,188,365,204,300,258,217
1776764900.052873,0.8300000000000053,2,0,2.0,0.24330900243309,0.03305563343780528,188,365,204,300,258,217
1776764900.106252,0.8300000000000053,2,0,2.0,0.24330900243309,0.03305563343780528,188,365,204,300,258,217
1776764900.1635847,0.8300000000000053,2,0,2.0,0.24330900243309,0.03305563343780528,188,365,204,300,258,217
1776764900.220981,0.8300000000000053,2,0,2.0,0.24330900243309,0.03305563343780528,188,365,204,300,258,217
1776764900.2781358,0.8300000000000053,2,0,2.0,0.24330900243309,0.03305563343780528,188,365,204,300,258,217
1776764900.335456,0.8300000000000053,2,0,2.0,0.24330900243309,0.03305563343780528,188,365,204,300,258,217
1776764900.392879,0.8300000000000053,2,0,2.0,0.24330900243309,0.03305563343780528,188,365,204,300,258,217
1776764900.446495,0.8300000000000053,2,0,2.0,0.24330900243309,0.03305563343780528,188,365,204,300,258,217
1776764900.5036938,0.8300000000000053,2,0,2.0,0.24330900243309,0.03305563343780528,188,365,204,300,258,217
1776764900.5608287,0.8300000000000053,2,0,2.0,0.24330900243309,0.03305563343780528,188,365,204,300,258,217
1776764900.6181564,0.8300000000000053,2,0,2.0,0.24330900243309,0.03305563343780528,188,365,204,300,258,217
1776764900.6754413,0.8300000000000053,2,0,2.0,0.24330900243309,0.03305563343780528,188,365,204,300,258,217
1776764900.7288172,0.8300000000000053,2,0,2.0,0.24330900243309,0.03305563343780528,188,365,204,300,258,217
1776764900.786148,0.8300000000000053,2,0,2.0,0.24330900243309,0.03305563343780528,188,365,204,300,258,217
1776764900.8434868,0.8300000000000053,2,0,2.0,0.24330900243309,0.03305563343780528,188,365,204,300,258,217
1776764900.9008324,0.8300000000000053,2,0,2.0,0.24330900243309,0.03305563343780528,188,365,204,300,258,217
1776764900.9582934,0.8300000000000053,2,0,2.0,0.24330900243309,0.03305563343780528,188,365,204,300,258,217
1776764901.0156112,0.8300000000000053,2,0,2.0,0.24330900243309,0.03305563343780528,188,365,204,300,258,217
1776764901.0688019,0.8300000000000053,2,0,2.0,0.24330900243309,0.03305563343780528,188,365,204,300,258,217
1776764901.126118,0.8300000000000053,2,0,2.0,0.24330900243309,0.03305563343780528,188,365,204,300,258,217
1776764901.1834624,0.8300000000000053,2,0,2.0,0.24330900243309,0.03305563343780528,188,365,204,300,258,217
1776764901.2406619,0.8300000000000053,2,0,2.0,0.24330900243309,0.03305563343780528,188,365,204,300,258,217
1776764901.2980235,0.8300000000000053,2,0,2.0,0.24330900243309,0.03305563343780528,188,365,204,300,258,217
1776764901.3513622,0.8300000000000053,2,0,2.0,0.24330900243309,0.03305563343780528,188,365,204,300,258,217
1776764901.4087017,0.8300000000000053,2,0,2.0,0.24330900243309,0.03305563343780528,188,365,204,300,258,217
1776764901.4660344,0.8300000000000053,2,0,2.0,0.24330900243309,0.03305563343780528,188,365,204,300,258,217
1776764901.523366,0.8300000000000053,2,0,2.0,0.24330900243309,0.03305563343780528,188,365,204,300,258,217
1776764901.5806382,0.8300000000000053,2,0,2.0,0.24330900243309,0.03305563343780528,188,365,204,300,258,217
1776764901.6340184,0.8300000000000053,2,0,2.0,0.24330900243309,0.03305563343780528,188,365,204,300,258,217
1776764901.691358,0.8300000000000053,2,0,2.0,0.24330900243309,0.03305563343780528,188,365,204,300,258,217
1776764901.7486782,0.8300000000000053,2,0,2.0,0.24330900243309,0.03305563343780528,188,365,204,300,258,217
1776764901.8060653,0.8300000000000053,2,0,2.0,0.24330900243309,0.03305563343780528,188,365,204,300,258,217
1776764901.8632407,0.8300000000000053,2,0,2.0,0.24330900243309,0.03305563343780528,188,365,204,300,258,217
1776764901.920594,0.8300000000000053,2,0,2.0,0.24330900243309,0.03305563343780528,188,365,204,300,258,217
1776764901.9739969,0.8300000000000053,2,0,2.0,0.24330900243309,0.03305563343780528,188,365,204,300,258,217
1776764902.0312436,0.8300000000000053,2,0,2.0,0.24330900243309,0.03305563343780528,188,365,204,300,258,217
1776764902.0885394,0.8300000000000053,2,0,2.0,0.24330900243309,0.03305563343780528,188,365,204,300,258,217
1776764902.145951,0.8300000000000053,2,0,2.0,0.24330900243309,0.03305563343780528,188,365,204,300,258,217
1776764902.203243,0.8300000000000053,2,0,2.0,0.24330900243309,0.03305563343780528,188,365,204,300,258,217
1776764902.256587,0.8300000000000053,2,0,2.0,0.24330900243309,0.03305563343780528,188,365,204,300,258,217
1776764902.3138897,0.8300000000000053,2,0,2.0,0.24330900243309,0.03305563343780528,188,365,204,300,258,217
1776764902.3711872,0.8300000000000053,2,0,2.0,0.24330900243309,0.03305563343780528,188,365,204,300,258,217
1776764902.4287784,0.8300000000000053,2,0,2.0,0.24330900243309,0.03305563343780528,188,365,204,300,258,217
1776764902.4862459,0.8300000000000053,2,0,2.0,0.24330900243309,0.03305563343780528,188,365,204,300,258,217
1776764902.54316,0.8300000000000053,2,0,2.0,0.24330900243309,0.03305563343780528,188,365,204,300,258,217
1776764902.5968568,0.8300000000000053,2,0,2.0,0.24330900243309,0.03305563343780528,188,365,204,300,258,217
1776764902.653855,0.8300000000000053,2,0,2.0,0.24330900243309,0.03305563343780528,188,365,204,300,258,217
1776764902.7110548,0.8300000000000053,2,0,2.0,0.24330900243309,0.03305563343780528,188,365,204,300,258,217
1776764902.7685013,0.8300000000000053,2,0,2.0,0.24330900243309,0.03305563343780528,188,365,204,300,258,217
1776764902.8257716,0.8300000000000053,2,0,2.0,0.24330900243309,0.03305563343780528,188,365,204,300,258,217
1776764902.879158,0.8300000000000053,2,0,2.0,0.24330900243309,0.03305563343780528,188,365,204,300,258,217
1776764902.936475,0.8300000000000053,2,0,2.0,0.24330900243309,0.03305563343780528,188,365,204,300,258,217
1776764902.9938102,0.8300000000000053,2,0,2.0,0.24330900243309,0.03305563343780528,188,365,204,300,258,217
1776764903.0511365,0.8300000000000053,2,0,2.0,0.24330900243309,0.03305563343780528,188,365,204,300,258,217
1776764903.1083796,0.8300000000000053,2,0,2.0,0.24330900243309,0.03305563343780528,188,365,204,300,258,217
1776764903.1659124,0.8300000000000053,2,0,2.0,0.24330900243309,0.03305563343780528,188,365,204,300,258,217
1776764903.219138,0.8300000000000053,2,0,2.0,0.24330900243309,0.03305563343780528,188,365,204,300,258,217
1776764903.2764435,0.8300000000000053,2,0,2.0,0.24330900243309,0.03305563343780528,188,365,204,300,258,217
1776764903.3336601,0.8300000000000053,2,0,2.0,0.24330900243309,0.03305563343780528,188,365,204,300,258,217
1776764903.3910918,0.8300000000000053,2,0,2.0,0.24330900243309,0.03305563343780528,188,365,204,300,258,217
1776764903.4483013,0.8300000000000053,2,0,2.0,0.24330900243309,0.03305563343780528,188,365,204,300,258,217
1776764903.5017426,0.8300000000000053,2,0,2.0,0.24330900243309,0.03305563343780528,188,365,204,300,258,217
1776764903.5589974,0.8300000000000053,2,0,2.0,0.24330900243309,0.03305563343780528,188,365,204,300,258,217
1776764903.6163747,0.8300000000000053,2,0,2.0,0.24330900243309,0.03305563343780528,188,365,204,300,258,217
1776764903.6736271,0.8300000000000053,2,0,2.0,0.24330900243309,0.03305563343780528,188,365,204,300,258,217
1776764903.7309685,0.8300000000000053,2,0,2.0,0.24330900243309,0.03305563343780528,188,365,204,300,258,217
1776764903.7843416,0.8300000000000053,2,0,2.0,0.24330900243309,0.03305563343780528,188,365,204,300,258,217
1776764903.8416972,0.8300000000000053,2,0,2.0,0.24330900243309,0.03305563343780528,188,365,204,300,258,217
1776764903.8990097,0.8300000000000053,2,0,2.0,0.24330900243309,0.03305563343780528,188,365,204,300,258,217
1776764903.9563043,0.8300000000000053,2,0,2.0,0.24330900243309,0.03305563343780528,188,365,204,300,258,217
1776764904.0136437,0.8300000000000053,2,0,2.0,0.24330900243309,0.03305563343780528,188,365,204,300,258,217
1776764904.0708988,0.8300000000000053,2,0,2.0,0.24330900243309,0.03305563343780528,188,365,204,300,258,217
1776764904.124248,0.8300000000000053,2,0,2.0,0.24330900243309,0.03305563343780528,188,365,204,300,258,217
1776764904.1816115,0.8300000000000053,2,0,2.0,0.24330900243309,0.03305563343780528,188,365,204,300,258,217
1776764904.2388349,0.8300000000000053,2,0,2.0,0.24330900243309,0.03305563343780528,188,365,204,300,258,217
1776764904.296246,0.8300000000000053,2,0,2.0,0.24330900243309,0.03305563343780528,188,365,204,300,258,217
1776764904.3535242,0.8300000000000053,2,0,2.0,0.24330900243309,0.03305563343780528,188,365,204,300,258,217
1776764904.4071167,0.8300000000000053,2,0,2.0,0.24330900243309,0.03305563343780528,188,365,204,300,258,217
1776764904.4642546,0.8300000000000053,2,0,2.0,0.24330900243309,0.03305563343780528,188,365,204,300,258,217
1776764904.5215905,0.8300000000000053,2,0,2.0,0.24330900243309,0.03305563343780528,188,365,204,300,258,217
1776764904.5788355,0.8300000000000053,2,0,2.0,0.24330900243309,0.03305563343780528,188,365,204,300,258,217
1776764904.6362464,0.8300000000000053,2,0,2.0,0.24330900243309,0.03305563343780528,188,365,204,300,258,217
1776764904.6934288,0.8300000000000053,2,0,2.0,0.24330900243309,0.03305563343780528,188,365,204,300,258,217
1776764904.7468715,0.8300000000000053,2,0,2.0,0.24330900243309,0.03305563343780528,188,365,204,300,258,217
1776764904.8041832,0.8300000000000053,2,0,2.0,0.24330900243309,0.03305563343780528,188,365,204,300,258,217
1776764904.8615792,0.8300000000000053,2,0,2.0,0.24330900243309,0.03305563343780528,188,365,204,300,258,217
1776764904.9188306,0.8300000000000053,2,0,2.0,0.24330900243309,0.03305563343780528,188,365,204,300,258,217
1776764904.9761028,0.8300000000000053,2,0,2.0,0.24330900243309,0.03305563343780528,188,365,204,300,258,217
1776764905.0295026,0.8300000000000053,2,0,2.0,0.24330900243309,0.03305563343780528,188,365,204,300,258,217
1776764905.0868206,0.8300000000000053,2,0,2.0,0.24330900243309,0.03305563343780528,188,365,204,300,258,217
1776764905.1441317,0.8300000000000053,2,0,2.0,0.24330900243309,0.03305563343780528,188,365,204,300,258,217
1776764905.20134,0.8300000000000053,2,0,2.0,0.24330900243309,0.03305563343780528,188,365,204,300,258,217
1776764905.258703,0.8300000000000053,2,0,2.0,0.24330900243309,0.03305563343780528,188,365,204,300,258,217
1776764905.312014,0.8300000000000053,2,0,2.0,0.24330900243309,0.03305563343780528,188,365,204,300,258,217
1776764905.369459,0.8300000000000053,2,0,2.0,0.24330900243309,0.03305563343780528,188,365,204,300,258,217
1776764905.4267123,0.8300000000000053,2,0,2.0,0.24330900243309,0.03305563343780528,188,365,204,300,258,217
1776764905.4840753,0.8300000000000053,2,0,2.0,0.24330900243309,0.03305563343780528,188,365,204,300,258,217
1776764905.5413406,0.8300000000000053,2,0,2.0,0.24330900243309,0.03305563343780528,188,365,204,300,258,217
1776764905.5989492,0.8300000000000053,2,0,2.0,0.24330900243309,0.03305563343780528,188,365,204,300,258,217
1776764905.6520567,0.8300000000000053,2,0,2.0,0.24330900243309,0.03305563343780528,188,365,204,300,258,217
1776764905.7093835,0.8300000000000053,2,0,2.0,0.24330900243309,0.03305563343780528,188,365,204,300,258,217
1776764905.7666252,0.8300000000000053,2,0,2.0,0.24330900243309,0.03305563343780528,188,365,204,300,258,217
1776764905.8240082,0.8300000000000053,2,0,2.0,0.24330900243309,0.03305563343780528,188,365,204,300,258,217
1776764905.8812404,0.8300000000000053,2,0,2.0,0.24330900243309,0.03305563343780528,188,365,204,300,258,217
1776764905.9346437,0.8300000000000053,2,0,2.0,0.24330900243309,0.03305563343780528,188,365,204,300,258,217
1776764905.992087,0.8300000000000053,2,0,2.0,0.24330900243309,0.03305563343780528,188,365,204,300,258,217
1776764906.0492914,0.8300000000000053,2,0,2.0,0.24330900243309,0.03305563343780528,188,365,204,300,258,217
1776764906.1066184,0.8300000000000053,2,0,2.0,0.24330900243309,0.03305563343780528,188,365,204,300,258,217
1776764906.1638873,0.8300000000000053,2,0,2.0,0.24330900243309,0.03305563343780528,188,365,204,300,258,217
1776764906.221242,0.8300000000000053,2,0,2.0,0.24330900243309,0.03305563343780528,188,365,204,300,258,217
1776764906.2745955,0.8300000000000053,2,0,2.0,0.24330900243309,0.03305563343780528,188,365,204,300,258,217
1776764906.3319278,0.8300000000000053,2,0,2.0,0.24330900243309,0.03305563343780528,188,365,204,300,258,217
1776764906.3892312,0.8300000000000053,2,0,2.0,0.24330900243309,0.03305563343780528,188,365,204,300,258,217
1776764906.446622,0.8300000000000053,2,0,2.0,0.24330900243309,0.03305563343780528,188,365,204,300,258,217
1776764906.5041177,0.8300000000000053,2,0,2.0,0.24330900243309,0.03305563343780528,188,365,204,300,258,217
1776764906.5572076,0.8300000000000053,2,0,2.0,0.24330900243309,0.03305563343780528,188,365,204,300,258,217
1776764906.6145153,0.8300000000000053,2,0,2.0,0.24330900243309,0.03305563343780528,188,365,204,300,258,217
1776764906.6719632,0.8300000000000053,2,0,2.0,0.24330900243309,0.03305563343780528,188,365,204,300,258,217
1776764906.729215,0.8300000000000053,2,0,2.0,0.24330900243309,0.03305563343780528,188,365,204,300,258,217
1776764906.7865474,0.8300000000000053,2,0,2.0,0.24330900243309,0.03305563343780528,188,365,204,300,258,217
1776764906.8438551,0.8300000000000053,2,0,2.0,0.24330900243309,0.03305563343780528,188,365,204,300,258,217
1776764906.897193,0.8300000000000053,2,0,2.0,0.24330900243309,0.03305563343780528,188,365,204,300,258,217
1776764906.9545221,0.8300000000000053,2,0,2.0,0.24330900243309,0.03305563343780528,188,365,204,300,258,217
1776764907.0122747,0.8300000000000053,2,0,2.0,0.24330900243309,0.03305563343780528,188,365,204,300,258,217
1776764907.06943,0.8300000000000053,2,0,2.0,0.24330900243309,0.03305563343780528,188,365,204,300,258,217
1776764907.1263766,0.8300000000000053,2,0,2.0,0.24330900243309,0.03305563343780528,188,365,204,300,258,217
1776764907.1798532,0.8300000000000053,2,0,2.0,0.24330900243309,0.03305563343780528,188,365,204,300,258,217
1776764907.2370815,0.8300000000000053,2,0,2.0,0.24330900243309,0.03305563343780528,188,365,204,300,258,217
1776764907.294478,0.8300000000000053,2,0,2.0,0.24330900243309,0.03305563343780528,188,365,204,300,258,217
1776764907.3518925,0.8300000000000053,2,0,2.0,0.24330900243309,0.03305563343780528,188,365,204,300,258,217
1776764907.4090457,0.8300000000000053,2,0,2.0,0.24330900243309,0.03305563343780528,188,365,204,300,258,217
1776764907.4663713,0.8300000000000053,2,0,2.0,0.24330900243309,0.03305563343780528,188,365,204,300,258,217
1776764907.5197637,0.8300000000000053,2,0,2.0,0.24330900243309,0.03305563343780528,188,365,204,300,258,217
1776764907.5770917,0.8300000000000053,2,0,2.0,0.24330900243309,0.03305563343780528,188,365,204,300,258,217
1776764907.6343699,0.8300000000000053,2,0,2.0,0.24330900243309,0.03305563343780528,188,365,204,300,258,217
1776764907.6918242,0.8300000000000053,2,0,2.0,0.24330900243309,0.03305563343780528,188,365,204,300,258,217
1776764907.7489798,0.8300000000000053,2,0,2.0,0.24330900243309,0.03305563343780528,188,365,204,300,258,217
1776764907.8023696,0.8300000000000053,2,0,2.0,0.24330900243309,0.03305563343780528,188,365,204,300,258,217
1776764907.85973,0.8300000000000053,2,0,2.0,0.24330900243309,0.03305563343780528,188,365,204,300,258,217
1776764907.9172113,0.8300000000000053,2,0,2.0,0.24330900243309,0.03305563343780528,188,365,204,300,258,217
1776764907.9743166,0.8300000000000053,2,0,2.0,0.24330900243309,0.03305563343780528,188,365,204,300,258,217
1776764908.031602,0.8300000000000053,2,0,2.0,0.24330900243309,0.03305563343780528,188,365,204,300,258,217
1776764908.0850039,0.8300000000000053,2,0,2.0,0.24330900243309,0.03305563343780528,188,365,204,300,258,217
1776764908.1424036,0.8300000000000053,2,0,2.0,0.24330900243309,0.03305563343780528,188,365,204,300,258,217
1776764908.1997519,0.8300000000000053,2,0,2.0,0.24330900243309,0.03305563343780528,188,365,204,300,258,217
1776764908.2569325,0.8300000000000053,2,0,2.0,0.24330900243309,0.03305563343780528,188,365,204,300,258,217
1776764908.3142323,0.8300000000000053,2,0,2.0,0.24330900243309,0.03305563343780528,188,365,204,300,258,217
1776764908.3715649,0.8300000000000053,2,0,2.0,0.24330900243309,0.03305563343780528,188,365,204,300,258,217
1776764908.424965,0.8300000000000053,2,0,2.0,0.24330900243309,0.03305563343780528,188,365,204,300,258,217
1776764908.4822469,0.8300000000000053,2,0,2.0,0.24330900243309,0.03305563343780528,188,365,204,300,258,217
1776764908.539857,0.8300000000000053,2,0,2.0,0.24330900243309,0.03305563343780528,188,365,204,300,258,217
1776764908.596871,0.8300000000000053,2,0,2.0,0.24330900243309,0.03305563343780528,188,365,204,300,258,217
1776764908.6541314,0.8300000000000053,2,0,2.0,0.24330900243309,0.03305563343780528,188,365,204,300,258,217
1776764908.7075343,0.8300000000000053,2,0,2.0,0.24330900243309,0.03305563343780528,188,365,204,300,258,217
1776764908.765196,0.8300000000000053,2,0,2.0,0.24330900243309,0.03305563343780528,188,365,204,300,258,217
1776764908.8222227,0.8300000000000053,2,0,2.0,0.24330900243309,0.03305563343780528,188,365,204,300,258,217
1776764908.8794672,0.8300000000000053,2,0,2.0,0.24330900243309,0.03305563343780528,188,365,204,300,258,217
1776764908.936805,0.8300000000000053,2,0,2.0,0.24330900243309,0.03305563343780528,188,365,204,300,258,217
1776764908.9941068,0.8300000000000053,2,0,2.0,0.24330900243309,0.03305563343780528,188,365,204,300,258,217
1776764909.0475204,0.8300000000000053,2,0,2.0,0.24330900243309,0.03305563343780528,188,365,204,300,258,217
1776764909.1047723,0.8300000000000053,2,0,2.0,0.24330900243309,0.03305563343780528,188,365,204,300,258,217
1776764909.162132,0.8300000000000053,2,0,2.0,0.24330900243309,0.03305563343780528,188,365,204,300,258,217
1776764909.2194521,0.8300000000000053,2,0,2.0,0.24330900243309,0.03305563343780528,188,365,204,300,258,217
1776764909.2768757,0.8300000000000053,2,0,2.0,0.24330900243309,0.03305563343780528,188,365,204,300,258,217
1776764909.3301206,0.8300000000000053,2,0,2.0,0.24330900243309,0.03305563343780528,188,365,204,300,258,217
1776764909.387456,0.8300000000000053,2,0,2.0,0.24330900243309,0.03305563343780528,188,365,204,300,258,217
1776764909.444812,0.8300000000000053,2,0,2.0,0.24330900243309,0.03305563343780528,188,365,204,300,258,217
1776764909.502047,0.8300000000000053,2,0,2.0,0.24330900243309,0.03305563343780528,188,365,204,300,258,217
1776764909.5593748,0.8300000000000053,2,0,2.0,0.24330900243309,0.03305563343780528,188,365,204,300,258,217
1776764909.6128826,0.8300000000000053,2,0,2.0,0.24330900243309,0.03305563343780528,188,365,204,300,258,217
1776764909.6700625,0.8300000000000053,2,0,2.0,0.24330900243309,0.03305563343780528,188,365,204,300,258,217
1776764909.7274077,0.8300000000000053,2,0,2.0,0.24330900243309,0.03305563343780528,188,365,204,300,258,217
1776764909.7846732,0.8300000000000053,2,0,2.0,0.24330900243309,0.03305563343780528,188,365,204,300,258,217
1776764909.8420086,0.8300000000000053,2,0,2.0,0.24330900243309,0.03305563343780528,188,365,204,300,258,217
1776764909.89931,0.8300000000000053,2,0,2.0,0.24330900243309,0.03305563343780528,188,365,204,300,258,217
1776764909.9527278,0.8300000000000053,2,0,2.0,0.24330900243309,0.03305563343780528,188,365,204,300,258,217
1776764910.00998,0.8300000000000053,2,0,2.0,0.24330900243309,0.03305563343780528,188,365,204,300,258,217
1776764910.0672772,0.8300000000000053,2,0,2.0,0.24330900243309,0.03305563343780528,188,365,204,300,258,217
1776764910.1246507,0.8300000000000053,2,0,2.0,0.24330900243309,0.03305563343780528,188,365,204,300,258,217
1776764910.181918,0.8300000000000053,2,0,2.0,0.24330900243309,0.03305563343780528,188,365,204,300,258,217
1776764910.235342,0.8300000000000053,2,0,2.0,0.24330900243309,0.03305563343780528,188,365,204,300,258,217
1776764910.2926595,0.8300000000000053,2,0,2.0,0.24330900243309,0.03305563343780528,188,365,204,300,258,217
1776764910.3499215,0.8300000000000053,2,0,2.0,0.24330900243309,0.03305563343780528,188,365,204,300,258,217
1776764910.4072585,0.8300000000000053,2,0,2.0,0.24330900243309,0.03305563343780528,188,365,204,300,258,217
1776764910.464579,0.8300000000000053,2,0,2.0,0.24330900243309,0.03305563343780528,188,365,204,300,258,217
1776764910.5218666,0.8300000000000053,2,0,2.0,0.24330900243309,0.03305563343780528,188,365,204,300,258,217
1776764910.5752635,0.8300000000000053,2,0,2.0,0.24330900243309,0.03305563343780528,188,365,204,300,258,217
1776764910.6325614,0.8300000000000053,2,0,2.0,0.24330900243309,0.03305563343780528,188,365,204,300,258,217
1776764910.6899283,0.8300000000000053,2,0,2.0,0.24330900243309,0.03305563343780528,188,365,204,300,258,217
1776764910.7472026,0.8300000000000053,2,0,2.0,0.24330900243309,0.03305563343780528,188,365,204,300,258,217
1776764910.8044667,0.8300000000000053,2,0,2.0,0.24330900243309,0.03305563343780528,188,365,204,300,258,217
1776764910.857952,0.8300000000000053,2,0,2.0,0.24330900243309,0.03305563343780528,188,365,204,300,258,217
1776764910.9151459,0.8300000000000053,2,0,2.0,0.24330900243309,0.03305563343780528,188,365,204,300,258,217
1776764910.9725559,0.8300000000000053,2,0,2.0,0.24330900243309,0.03305563343780528,188,365,204,300,258,217
1776764911.030419,0.8300000000000053,2,0,2.0,0.24330900243309,0.03305563343780528,188,365,204,300,258,217
1776764911.0871232,0.8300000000000053,2,0,2.0,0.24330900243309,0.03305563343780528,188,365,204,300,258,217
1776764911.1444502,0.8300000000000053,2,0,2.0,0.24330900243309,0.03305563343780528,188,365,204,300,258,217
1776764911.1980505,0.8300000000000053,2,0,2.0,0.24330900243309,0.03305563343780528,188,365,204,300,258,217
1776764911.2555363,0.8300000000000053,2,0,2.0,0.24330900243309,0.03305563343780528,188,365,204,300,258,217
1776764911.3124578,0.8300000000000053,2,0,2.0,0.24330900243309,0.03305563343780528,188,365,204,300,258,217
1776764911.3697834,0.8300000000000053,2,0,2.0,0.24330900243309,0.03305563343780528,188,365,204,300,258,217
1776764911.4270604,0.8300000000000053,2,0,2.0,0.24330900243309,0.03305563343780528,188,365,204,300,258,217
1776764911.4803796,0.8300000000000053,2,0,2.0,0.24330900243309,0.03305563343780528,188,365,204,300,258,217
1776764911.537787,0.8300000000000053,2,0,2.0,0.24330900243309,0.03305563343780528,188,365,204,300,258,217
1776764911.5951188,0.8300000000000053,2,0,2.0,0.24330900243309,0.03305563343780528,188,365,204,300,258,217
1776764911.6523368,0.8300000000000053,2,0,2.0,0.24330900243309,0.03305563343780528,188,365,204,300,258,217
1776764911.7096756,0.8300000000000053,2,0,2.0,0.24330900243309,0.03305563343780528,188,365,204,300,258,217
1776764911.7630334,0.8300000000000053,2,0,2.0,0.24330900243309,0.03305563343780528,188,365,204,300,258,217
1776764911.8206463,0.8300000000000053,2,0,2.0,0.24330900243309,0.03305563343780528,188,365,204,300,258,217
1776764911.8776574,0.8300000000000053,2,0,2.0,0.24330900243309,0.03305563343780528,188,365,204,300,258,217
1776764911.934958,0.8300000000000053,2,0,2.0,0.24330900243309,0.03305563343780528,188,365,204,300,258,217
1776764911.9923499,0.8300000000000053,2,0,2.0,0.24330900243309,0.03305563343780528,188,365,204,300,258,217
1776764912.0497658,0.8300000000000053,2,0,2.0,0.24330900243309,0.03305563343780528,188,365,204,300,258,217
1776764912.1030195,0.8300000000000053,2,0,2.0,0.24330900243309,0.03305563343780528,188,365,204,300,258,217
1776764912.160354,0.8300000000000053,2,0,2.0,0.24330900243309,0.03305563343780528,188,365,204,300,258,217
1776764912.2177854,0.8300000000000053,2,0,2.0,0.24330900243309,0.03305563343780528,188,365,204,300,258,217
1776764912.2749853,0.8300000000000053,2,0,2.0,0.24330900243309,0.03305563343780528,188,365,204,300,258,217
1776764912.3322392,0.8300000000000053,2,0,2.0,0.24330900243309,0.03305563343780528,188,365,204,300,258,217
1776764912.3855689,0.8300000000000053,2,0,2.0,0.24330900243309,0.03305563343780528,188,365,204,300,258,217
1776764912.442976,0.8300000000000053,2,0,2.0,0.24330900243309,0.03305563343780528,188,365,204,300,258,217
1776764912.5002842,0.8300000000000053,2,0,2.0,0.24330900243309,0.03305563343780528,188,365,204,300,258,217
1776764912.5578082,0.8300000000000053,2,0,2.0,0.24330900243309,0.03305563343780528,188,365,204,300,258,217
1776764912.614875,0.8300000000000053,2,0,2.0,0.24330900243309,0.03305563343780528,188,365,204,300,258,217
1776764912.672181,0.8300000000000053,2,0,2.0,0.24330900243309,0.03305563343780528,188,365,204,300,258,217
1776764912.7255883,0.8300000000000053,2,0,2.0,0.24330900243309,0.03305563343780528,188,365,204,300,258,217
1776764912.782916,0.8300000000000053,2,0,2.0,0.24330900243309,0.03305563343780528,188,365,204,300,258,217
1776764912.8401241,0.8300000000000053,2,0,2.0,0.24330900243309,0.03305563343780528,188,365,204,300,258,217
1776764912.8975744,0.8300000000000053,2,0,2.0,0.24330900243309,0.03305563343780528,188,365,204,300,258,217
1776764912.9549353,0.8300000000000053,2,0,2.0,0.24330900243309,0.03305563343780528,188,365,204,300,258,217
1776764913.0081375,0.8300000000000053,2,0,2.0,0.24330900243309,0.03305563343780528,188,365,204,300,258,217
1776764913.0655122,0.8300000000000053,2,0,2.0,0.24330900243309,0.03305563343780528,188,365,204,300,258,217
1776764913.1229208,0.8300000000000053,2,0,2.0,0.24330900243309,0.03305563343780528,188,365,204,300,258,217
1776764913.1802018,0.8300000000000053,2,0,2.0,0.24330900243309,0.03305563343780528,188,365,204,300,258,217
1776764913.237671,0.8300000000000053,2,0,2.0,0.24330900243309,0.03305563343780528,188,365,204,300,258,217
1776764913.294796,0.8300000000000053,2,0,2.0,0.24330900243309,0.03305563343780528,188,365,204,300,258,217
1776764913.3482437,0.8300000000000053,2,0,2.0,0.24330900243309,0.03305563343780528,188,365,204,300,258,217
1776764913.4054532,0.8300000000000053,2,0,2.0,0.24330900243309,0.03305563343780528,188,365,204,300,258,217
1776764913.4627767,0.8300000000000053,2,0,2.0,0.24330900243309,0.03305563343780528,188,365,204,300,258,217
1776764913.5200858,0.8300000000000053,2,0,2.0,0.24330900243309,0.03305563343780528,188,365,204,300,258,217
1776764913.577479,0.8300000000000053,2,0,2.0,0.24330900243309,0.03305563343780528,188,365,204,300,258,217
1776764913.6307952,0.8300000000000053,2,0,2.0,0.24330900243309,0.03305563343780528,188,365,204,300,258,217
1776764913.6882048,0.8300000000000053,2,0,2.0,0.24330900243309,0.03305563343780528,188,365,204,300,258,217
1776764913.745637,0.8300000000000053,2,0,2.0,0.24330900243309,0.03305563343780528,188,365,204,300,258,217
1776764913.8027241,0.8300000000000053,2,0,2.0,0.24330900243309,0.03305563343780528,188,365,204,300,258,217
1776764913.8600128,0.8300000000000053,2,0,2.0,0.24330900243309,0.03305563343780528,188,365,204,300,258,217
1776764913.9133844,0.8300000000000053,2,0,2.0,0.24330900243309,0.03305563343780528,188,365,204,300,258,217
1776764913.970753,0.8300000000000053,2,0,2.0,0.24330900243309,0.03305563343780528,188,365,204,300,258,217
1776764914.028439,0.8300000000000053,2,0,2.0,0.24330900243309,0.03305563343780528,188,365,204,300,258,217
1776764914.0853493,0.8300000000000053,2,0,2.0,0.24330900243309,0.03305563343780528,188,365,204,300,258,217
1776764914.1427312,0.8300000000000053,2,0,2.0,0.24330900243309,0.03305563343780528,188,365,204,300,258,217
1776764914.200033,0.8300000000000053,2,0,2.0,0.24330900243309,0.03305563343780528,188,365,204,300,258,217
1776764914.2536192,0.8300000000000053,2,0,2.0,0.24330900243309,0.03305563343780528,188,365,204,300,258,217
1776764914.3106422,0.8300000000000053,2,0,2.0,0.24330900243309,0.03305563343780528,188,365,204,300,258,217
1776764914.3680267,0.8300000000000053,2,0,2.0,0.24330900243309,0.03305563343780528,188,365,204,300,258,217
1776764914.4252937,0.8300000000000053,2,0,2.0,0.24330900243309,0.03305563343780528,188,365,204,300,258,217
1776764914.4825976,0.8300000000000053,2,0,2.0,0.24330900243309,0.03305563343780528,188,365,204,300,258,217
1776764914.536059,0.8300000000000053,2,0,2.0,0.24330900243309,0.03305563343780528,188,365,204,300,258,217
1776764914.5933433,0.8300000000000053,2,0,2.0,0.24330900243309,0.03305563343780528,188,365,204,300,258,217
1776764914.6506314,0.8300000000000053,2,0,2.0,0.24330900243309,0.03305563343780528,188,365,204,300,258,217
1776764914.7079058,0.8300000000000053,2,0,2.0,0.24330900243309,0.03305563343780528,188,365,204,300,258,217
1776764914.7652376,0.8300000000000053,2,0,2.0,0.24330900243309,0.03305563343780528,188,365,204,300,258,217
1776764914.8225386,0.8300000000000053,2,0,2.0,0.24330900243309,0.03305563343780528,188,365,204,300,258,217
1776764914.8759522,0.8300000000000053,2,0,2.0,0.24330900243309,0.03305563343780528,188,365,204,300,258,217
1776764914.9332108,0.8300000000000053,2,0,2.0,0.24330900243309,0.03305563343780528,188,365,204,300,258,217
1776764914.9905655,0.8300000000000053,2,0,2.0,0.24330900243309,0.03305563343780528,188,365,204,300,258,217
1776764915.048075,0.8300000000000053,2,0,2.0,0.24330900243309,0.03305563343780528,188,365,204,300,258,217
1776764915.1051674,0.8300000000000053,2,0,2.0,0.24330900243309,0.03305563343780528,188,365,204,300,258,217
1776764915.1585274,0.8300000000000053,2,0,2.0,0.24330900243309,0.03305563343780528,188,365,204,300,258,217
1776764915.2159545,0.8300000000000053,2,0,2.0,0.24330900243309,0.03305563343780528,188,365,204,300,258,217
1776764915.2731683,0.8300000000000053,2,0,2.0,0.24330900243309,0.03305563343780528,188,365,204,300,258,217
1776764915.3304949,0.8300000000000053,2,0,2.0,0.24330900243309,0.03305563343780528,188,365,204,300,258,217
1776764915.3877733,0.8300000000000053,2,0,2.0,0.24330900243309,0.03305563343780528,188,365,204,300,258,217
1776764915.4450095,0.8300000000000053,2,0,2.0,0.24330900243309,0.03305563343780528,188,365,204,300,258,217
1776764915.4985247,0.8300000000000053,2,0,2.0,0.24330900243309,0.03305563343780528,188,365,204,300,258,217
1776764915.555751,0.8300000000000053,2,0,2.0,0.24330900243309,0.03305563343780528,188,365,204,300,258,217
1776764915.6134198,0.8300000000000053,2,0,2.0,0.24330900243309,0.03305563343780528,188,365,204,300,258,217
1776764915.6704435,0.8300000000000053,2,0,2.0,0.24330900243309,0.03305563343780528,188,365,204,300,258,217
1776764915.7277675,0.8300000000000053,2,0,2.0,0.24330900243309,0.03305563343780528,188,365,204,300,258,217
1776764915.7810357,0.8300000000000053,2,0,2.0,0.24330900243309,0.03305563343780528,188,365,204,300,258,217
1776764915.8383815,0.8300000000000053,2,0,2.0,0.24330900243309,0.03305563343780528,188,365,204,300,258,217
1776764915.8957815,0.8300000000000053,2,0,2.0,0.24330900243309,0.03305563343780528,188,365,204,300,258,217
1776764915.9530594,0.8300000000000053,2,0,2.0,0.24330900243309,0.03305563343780528,188,365,204,300,258,217
1776764916.0103211,0.8300000000000053,2,0,2.0,0.24330900243309,0.03305563343780528,188,365,204,300,258,217
1776764916.0636725,0.8300000000000053,2,0,2.0,0.24330900243309,0.03305563343780528,188,365,204,300,258,217
1776764916.1210532,0.8300000000000053,2,0,2.0,0.24330900243309,0.03305563343780528,188,365,204,300,258,217
1776764916.1783059,0.8300000000000053,2,0,2.0,0.24330900243309,0.03305563343780528,188,365,204,300,258,217
1776764916.2356822,0.8300000000000053,2,0,2.0,0.24330900243309,0.03305563343780528,188,365,204,300,258,217
1776764916.2929337,0.8300000000000053,2,0,2.0,0.24330900243309,0.03305563343780528,188,365,204,300,258,217
1776764916.3503137,0.8300000000000053,2,0,2.0,0.24330900243309,0.03305563343780528,188,365,204,300,258,217
1776764916.4036734,0.8300000000000053,2,0,2.0,0.24330900243309,0.03305563343780528,188,365,204,300,258,217
1776764916.461638,0.8300000000000053,2,0,2.0,0.24330900243309,0.03305563343780528,188,365,204,300,258,217
1776764916.5183125,0.8300000000000053,2,0,2.0,0.24330900243309,0.03305563343780528,188,365,204,300,258,217
1776764916.5756328,0.8300000000000053,2,0,2.0,0.24330900243309,0.03305563343780528,188,365,204,300,258,217
1776764916.6328993,0.8300000000000053,2,0,2.0,0.24330900243309,0.03305563343780528,188,365,204,300,258,217
1776764916.6862755,0.8300000000000053,2,0,2.0,0.24330900243309,0.03305563343780528,188,365,204,300,258,217
1776764916.7436392,0.8300000000000053,2,0,2.0,0.24330900243309,0.03305563343780528,188,365,204,300,258,217
1776764916.8008797,0.8300000000000053,2,0,2.0,0.24330900243309,0.03305563343780528,188,365,204,300,258,217
1776764916.8582256,0.8300000000000053,2,0,2.0,0.24330900243309,0.03305563343780528,188,365,204,300,258,217
1776764916.9155612,0.8300000000000053,2,0,2.0,0.24330900243309,0.03305563343780528,188,365,204,300,258,217
1776764916.972854,0.8300000000000053,2,0,2.0,0.24330900243309,0.03305563343780528,188,365,204,300,258,217
1776764917.026244,0.8300000000000053,2,0,2.0,0.24330900243309,0.03305563343780528,188,365,204,300,258,217
1776764917.0835733,0.8300000000000053,2,0,2.0,0.24330900243309,0.03305563343780528,188,365,204,300,258,217
1776764917.1407824,0.8300000000000053,2,0,2.0,0.24330900243309,0.03305563343780528,188,365,204,300,258,217
1776764917.1982474,0.8300000000000053,2,0,2.0,0.24330900243309,0.03305563343780528,188,365,204,300,258,217
1776764917.2554648,0.8300000000000053,2,0,2.0,0.24330900243309,0.03305563343780528,188,365,204,300,258,217
1776764917.309205,0.8300000000000053,2,0,2.0,0.24330900243309,0.03305563343780528,188,365,204,300,258,217
1776764917.366198,0.8300000000000053,2,0,2.0,0.24330900243309,0.03305563343780528,188,365,204,300,258,217
1776764917.4234173,0.8300000000000053,2,0,2.0,0.24330900243309,0.03305563343780528,188,365,204,300,258,217
1776764917.4808521,0.8300000000000053,2,0,2.0,0.24330900243309,0.03305563343780528,188,365,204,300,258,217
1776764917.5380452,0.8300000000000053,2,0,2.0,0.24330900243309,0.03305563343780528,188,365,204,300,258,217
1776764917.5955234,0.8300000000000053,2,0,2.0,0.24330900243309,0.03305563343780528,188,365,204,300,258,217
1776764917.6488204,0.8300000000000053,2,0,2.0,0.24330900243309,0.03305563343780528,188,365,204,300,258,217
1776764917.706134,0.8300000000000053,2,0,2.0,0.24330900243309,0.03305563343780528,188,365,204,300,258,217
1776764917.7634292,0.8300000000000053,2,0,2.0,0.24330900243309,0.03305563343780528,188,365,204,300,258,217
1776764917.820783,0.8300000000000053,2,0,2.0,0.24330900243309,0.03305563343780528,188,365,204,300,258,217
1776764917.8780398,0.8300000000000053,2,0,2.0,0.24330900243309,0.03305563343780528,188,365,204,300,258,217
1776764917.9313934,0.8300000000000053,2,0,2.0,0.24330900243309,0.03305563343780528,188,365,204,300,258,217
1776764917.9887447,0.8300000000000053,2,0,2.0,0.24330900243309,0.03305563343780528,188,365,204,300,258,217
1776764918.0461247,0.8300000000000053,2,0,2.0,0.24330900243309,0.03305563343780528,188,365,204,300,258,217
1776764918.1034105,0.8300000000000053,2,0,2.0,0.24330900243309,0.03305563343780528,188,365,204,300,258,217
1776764918.1606338,0.8300000000000053,2,0,2.0,0.24330900243309,0.03305563343780528,188,365,204,300,258,217
1776764918.2186534,0.8300000000000053,2,0,2.0,0.24330900243309,0.03305563343780528,188,365,204,300,258,217
1776764918.2722247,0.8300000000000053,2,0,2.0,0.24330900243309,0.03305563343780528,188,365,204,300,258,217
1776764918.3287168,0.8300000000000053,2,0,2.0,0.24330900243309,0.03305563343780528,188,365,204,300,258,217
1776764918.386021,0.8300000000000053,2,0,2.0,0.24330900243309,0.03305563343780528,188,365,204,300,258,217
1776764918.4442778,0.8300000000000053,2,0,2.0,0.24330900243309,0.03305563343780528,188,365,204,300,258,217
1776764918.5010881,0.8300000000000053,2,0,2.0,0.24330900243309,0.03305563343780528,188,365,204,300,258,217
1776764918.5539656,0.8300000000000053,2,0,2.0,0.24330900243309,0.03305563343780528,188,365,204,300,258,217
1776764918.6116066,0.8300000000000053,2,0,2.0,0.24330900243309,0.03305563343780528,188,365,204,300,258,217
1776764918.6695895,0.8300000000000053,2,0,2.0,0.24330900243309,0.03305563343780528,188,365,204,300,258,217
1776764918.7265103,0.8300000000000053,2,0,2.0,0.24330900243309,0.03305563343780528,188,365,204,300,258,217
1776764918.7832344,0.8300000000000053,2,0,2.0,0.24330900243309,0.03305563343780528,188,365,204,300,258,217
1776764918.836992,0.8300000000000053,2,0,2.0,0.24330900243309,0.03305563343780528,188,365,204,300,258,217
1776764918.8940125,0.8300000000000053,2,0,2.0,0.24330900243309,0.03305563343780528,188,365,204,300,258,217
1776764918.9519768,0.8300000000000053,2,0,2.0,0.24330900243309,0.03305563343780528,188,365,204,300,258,217
1776764919.0088527,0.8300000000000053,2,0,2.0,0.24330900243309,0.03305563343780528,188,365,204,300,258,217
1776764919.0659516,0.8300000000000053,2,0,2.0,0.24330900243309,0.03305563343780528,188,365,204,300,258,217
1776764919.1236944,0.8300000000000053,2,0,2.0,0.24330900243309,0.03305563343780528,188,365,204,300,258,217
1776764919.1766822,0.8300000000000053,2,0,2.0,0.24330900243309,0.03305563343780528,188,365,204,300,258,217
1776764919.2348554,0.8300000000000053,2,0,2.0,0.24330900243309,0.03305563343780528,188,365,204,300,258,217
1776764919.2915955,0.8300000000000053,2,0,2.0,0.24330900243309,0.03305563343780528,188,365,204,300,258,217
1776764919.349074,0.8300000000000053,2,0,2.0,0.24330900243309,0.03305563343780528,188,365,204,300,258,217
1776764919.406206,0.8300000000000053,2,0,2.0,0.24330900243309,0.03305563343780528,188,365,204,300,258,217
1776764919.4593673,0.8300000000000053,2,0,2.0,0.24330900243309,0.03305563343780528,188,365,204,300,258,217
1776764919.5170777,0.8300000000000053,2,0,2.0,0.24330900243309,0.03305563343780528,188,365,204,300,258,217
1776764919.5743835,0.8300000000000053,2,0,2.0,0.24330900243309,0.03305563343780528,188,365,204,300,258,217
1776764919.6315591,0.8300000000000053,2,0,2.0,0.24330900243309,0.03305563343780528,188,365,204,300,258,217
1776764919.6886046,0.8300000000000053,2,0,2.0,0.24330900243309,0.03305563343780528,188,365,204,300,258,217
1776764919.746349,0.8300000000000053,2,0,2.0,0.24330900243309,0.03305563343780528,188,365,204,300,258,217
1776764919.799785,0.8300000000000053,2,0,2.0,0.24330900243309,0.03305563343780528,188,365,204,300,258,217
1776764919.856858,0.8300000000000053,2,0,2.0,0.24330900243309,0.03305563343780528,188,365,204,300,258,217
1776764919.9141626,0.8300000000000053,2,0,2.0,0.24330900243309,0.03305563343780528,188,365,204,300,258,217
1776764919.9716623,0.8300000000000053,2,0,2.0,0.24330900243309,0.03305563343780528,188,365,204,300,258,217
1776764920.028769,0.8300000000000053,2,0,2.0,0.24330900243309,0.03305563343780528,188,365,204,300,258,217
1776764920.082415,0.8300000000000053,2,0,2.0,0.24330900243309,0.03305563343780528,188,365,204,300,258,217
1776764920.1393468,0.8300000000000053,2,0,2.0,0.24330900243309,0.03305563343780528,188,365,204,300,258,217
1776764920.196868,0.8300000000000053,2,0,2.0,0.24330900243309,0.03305563343780528,188,365,204,300,258,217
1776764920.2540946,0.8300000000000053,2,0,2.0,0.24330900243309,0.03305563343780528,188,365,204,300,258,217
1776764920.3110216,0.8300000000000053,2,0,2.0,0.24330900243309,0.03305563343780528,188,365,204,300,258,217
1776764920.3643823,0.8300000000000053,2,0,2.0,0.24330900243309,0.03305563343780528,188,365,204,300,258,217
1776764920.4217584,0.8300000000000053,2,0,2.0,0.24330900243309,0.03305563343780528,188,365,204,300,258,217
1776764920.47942,0.8300000000000053,2,0,2.0,0.24330900243309,0.03305563343780528,188,365,204,300,258,217
1776764920.536643,0.8300000000000053,2,0,2.0,0.24330900243309,0.03305563343780528,188,365,204,300,258,217
1776764920.5939016,0.8300000000000053,2,0,2.0,0.24330900243309,0.03305563343780528,188,365,204,300,258,217
1776764920.6514597,0.8300000000000053,2,0,2.0,0.24330900243309,0.03305563343780528,188,365,204,300,258,217
1776764920.70428,0.8300000000000053,2,0,2.0,0.24330900243309,0.03305563343780528,188,365,204,300,258,217
1776764920.7618017,0.8300000000000053,2,0,2.0,0.24330900243309,0.03305563343780528,188,365,204,300,258,217
1776764920.8214931,0.8300000000000053,2,0,2.0,0.24330900243309,0.03305563343780528,188,365,204,300,258,217
1776764920.876138,0.8300000000000053,2,0,2.0,0.24330900243309,0.03305563343780528,188,365,204,300,258,217
1776764920.9339952,0.8300000000000053,2,0,2.0,0.24330900243309,0.03305563343780528,188,365,204,300,258,217
1776764920.9874673,0.8300000000000053,2,0,2.0,0.24330900243309,0.03305563343780528,188,365,204,300,258,217
1776764921.0447195,0.8300000000000053,2,0,2.0,0.24330900243309,0.03305563343780528,188,365,204,300,258,217
1776764921.1034079,0.8300000000000053,2,0,2.0,0.24330900243309,0.03305563343780528,188,365,204,300,258,217
1776764921.1595025,0.8300000000000053,2,0,2.0,0.24330900243309,0.03305563343780528,188,365,204,300,258,217
1776764921.2168343,0.8300000000000053,2,0,2.0,0.24330900243309,0.03305563343780528,188,365,204,300,258,217
1776764921.2741015,0.8300000000000053,2,0,2.0,0.24330900243309,0.03305563343780528,188,365,204,300,258,217
1776764921.327477,0.8300000000000053,2,0,2.0,0.24330900243309,0.03305563343780528,188,365,204,300,258,217
1776764921.3856022,0.8300000000000053,2,0,2.0,0.24330900243309,0.03305563343780528,188,365,204,300,258,217
1776764921.4420817,0.8300000000000053,2,0,2.0,0.24330900243309,0.03305563343780528,188,365,204,300,258,217
1776764921.4993267,0.8300000000000053,2,0,2.0,0.24330900243309,0.03305563343780528,188,365,204,300,258,217
1776764921.5561802,0.8300000000000053,2,0,2.0,0.24330900243309,0.03305563343780528,188,365,204,300,258,217
1776764921.6100945,0.8300000000000053,2,0,2.0,0.24330900243309,0.03305563343780528,188,365,204,300,258,217
1776764921.6675172,0.8300000000000053,2,0,2.0,0.24330900243309,0.03305563343780528,188,365,204,300,258,217
1776764921.7248878,0.8300000000000053,2,0,2.0,0.24330900243309,0.03305563343780528,188,365,204,300,258,217
1776764921.7817514,0.8300000000000053,2,0,2.0,0.24330900243309,0.03305563343780528,188,365,204,300,258,217
1776764921.8390756,0.8300000000000053,2,0,2.0,0.24330900243309,0.03305563343780528,188,365,204,300,258,217
1776764921.896496,0.8300000000000053,2,0,2.0,0.24330900243309,0.03305563343780528,188,365,204,300,258,217
1776764921.9495878,0.8300000000000053,2,0,2.0,0.24330900243309,0.03305563343780528,188,365,204,300,258,217
1776764922.0073698,0.8300000000000053,2,0,2.0,0.24330900243309,0.03305563343780528,188,365,204,300,258,217
1776764922.0646138,0.8300000000000053,2,0,2.0,0.24330900243309,0.03305563343780528,188,365,204,300,258,217
1776764922.1221492,0.8300000000000053,2,0,2.0,0.24330900243309,0.03305563343780528,188,365,204,300,258,217
1776764922.1791618,0.8300000000000053,2,0,2.0,0.24330900243309,0.03305563343780528,188,365,204,300,258,217
1776764922.2327282,0.8300000000000053,2,0,2.0,0.24330900243309,0.03305563343780528,188,365,204,300,258,217
1776764922.2898211,0.8300000000000053,2,0,2.0,0.24330900243309,0.03305563343780528,188,365,204,300,258,217
1776764922.3471777,0.8300000000000053,2,0,2.0,0.24330900243309,0.03305563343780528,188,365,204,300,258,217
1776764922.404503,0.8300000000000053,2,0,2.0,0.24330900243309,0.03305563343780528,188,365,204,300,258,217
1776764922.4614754,0.8300000000000053,2,0,2.0,0.24330900243309,0.03305563343780528,188,365,204,300,258,217
1776764922.5151446,0.8300000000000053,2,0,2.0,0.24330900243309,0.03305563343780528,188,365,204,300,258,217
1776764922.5724733,0.8300000000000053,2,0,2.0,0.24330900243309,0.03305563343780528,188,365,204,300,258,217
1776764922.6294165,0.8300000000000053,2,0,2.0,0.24330900243309,0.03305563343780528,188,365,204,300,258,217
1776764922.6868205,0.8300000000000053,2,0,2.0,0.24330900243309,0.03305563343780528,188,365,204,300,258,217
1776764922.744381,0.8300000000000053,2,0,2.0,0.24330900243309,0.03305563343780528,188,365,204,300,258,217
1776764922.801758,0.8300000000000053,2,0,2.0,0.24330900243309,0.03305563343780528,188,365,204,300,258,217
1776764922.8551779,0.8300000000000053,2,0,2.0,0.24330900243309,0.03305563343780528,188,365,204,300,258,217
1776764922.9120436,0.8300000000000053,2,0,2.0,0.24330900243309,0.03305563343780528,188,365,204,300,258,217
1776764922.969283,0.8300000000000053,2,0,2.0,0.24330900243309,0.03305563343780528,188,365,204,300,258,217
1776764923.0269997,0.8300000000000053,2,0,2.0,0.24330900243309,0.03305563343780528,188,365,204,300,258,217
1776764923.084445,0.8300000000000053,2,0,2.0,0.24330900243309,0.03305563343780528,188,365,204,300,258,217
1776764923.1377306,0.8300000000000053,2,0,2.0,0.24330900243309,0.03305563343780528,188,365,204,300,258,217
1776764923.1949286,0.8300000000000053,2,0,2.0,0.24330900243309,0.03305563343780528,188,365,204,300,258,217
1776764923.251947,0.8300000000000053,2,0,2.0,0.24330900243309,0.03305563343780528,188,365,204,300,258,217
1776764923.3096018,0.8300000000000053,2,0,2.0,0.24330900243309,0.03305563343780528,188,365,204,300,258,217
1776764923.3669765,0.8300000000000053,2,0,2.0,0.24330900243309,0.03305563343780528,188,365,204,300,258,217
1776764923.423931,0.8300000000000053,2,0,2.0,0.24330900243309,0.03305563343780528,188,365,204,300,258,217
1776764923.4776783,0.8300000000000053,2,0,2.0,0.24330900243309,0.03305563343780528,188,365,204,300,258,217
1776764923.5346677,0.8300000000000053,2,0,2.0,0.24330900243309,0.03305563343780528,188,365,204,300,258,217
1776764923.5928023,0.8300000000000053,2,0,2.0,0.24330900243309,0.03305563343780528,188,365,204,300,258,217
1776764923.6498427,0.8300000000000053,2,0,2.0,0.24330900243309,0.03305563343780528,188,365,204,300,258,217
1776764923.7067077,0.8300000000000053,2,0,2.0,0.24330900243309,0.03305563343780528,188,365,204,300,258,217
1776764923.7603116,0.8300000000000053,2,0,2.0,0.24330900243309,0.03305563343780528,188,365,204,300,258,217
1776764923.8175788,0.8300000000000053,2,0,2.0,0.24330900243309,0.03305563343780528,188,365,204,300,258,217
1776764923.8751235,0.8300000000000053,2,0,2.0,0.24330900243309,0.03305563343780528,188,365,204,300,258,217
1776764923.9325223,0.8300000000000053,2,0,2.0,0.24330900243309,0.03305563343780528,188,365,204,300,258,217
1776764923.9891095,0.8300000000000053,2,0,2.0,0.24330900243309,0.03305563343780528,188,365,204,300,258,217
1776764924.0466816,0.8300000000000053,2,0,2.0,0.24330900243309,0.03305563343780528,188,365,204,300,258,217
1776764924.1002257,0.8300000000000053,2,0,2.0,0.24330900243309,0.03305563343780528,188,365,204,300,258,217
1776764924.1576798,0.8300000000000053,2,0,2.0,0.24330900243309,0.03305563343780528,188,365,204,300,258,217
1776764924.2149894,0.8300000000000053,2,0,2.0,0.24330900243309,0.03305563343780528,188,365,204,300,258,217
1776764924.2723382,0.8300000000000053,2,0,2.0,0.24330900243309,0.03305563343780528,188,365,204,300,258,217
1776764924.3292842,0.8300000000000053,2,0,2.0,0.24330900243309,0.03305563343780528,188,365,204,300,258,217
1776764924.3827899,0.8300000000000053,2,0,2.0,0.24330900243309,0.03305563343780528,188,365,204,300,258,217
1776764924.4413714,0.8300000000000053,2,0,2.0,0.24330900243309,0.03305563343780528,188,365,204,300,258,217
1776764924.497585,0.8300000000000053,2,0,2.0,0.24330900243309,0.03305563343780528,188,365,204,300,258,217
1776764924.5547843,0.8300000000000053,2,0,2.0,0.24330900243309,0.03305563343780528,188,365,204,300,258,217
1776764924.6119616,0.8300000000000053,2,0,2.0,0.24330900243309,0.03305563343780528,188,365,204,300,258,217
1776764924.6651974,0.8300000000000053,2,0,2.0,0.24330900243309,0.03305563343780528,188,365,204,300,258,217
1776764924.7229645,0.8300000000000053,2,0,2.0,0.24330900243309,0.03305563343780528,188,365,204,300,258,217
1776764924.7802074,0.8300000000000053,2,0,2.0,0.24330900243309,0.03305563343780528,188,365,204,300,258,217
1776764924.8369172,0.8300000000000053,2,0,2.0,0.24330900243309,0.03305563343780528,188,365,204,300,258,217
1776764924.894301,0.8300000000000053,2,0,2.0,0.24330900243309,0.03305563343780528,188,365,204,300,258,217
1776764924.9520676,0.8300000000000053,2,0,2.0,0.24330900243309,0.03305563343780528,188,365,204,300,258,217
1776764925.0058973,0.8300000000000053,2,0,2.0,0.24330900243309,0.03305563343780528,188,365,204,300,258,217
1776764925.0627444,0.8300000000000053,2,0,2.0,0.24330900243309,0.03305563343780528,188,365,204,300,258,217
1776764925.1196644,0.8300000000000053,2,0,2.0,0.24330900243309,0.03305563343780528,188,365,204,300,258,217
1776764925.1772904,0.8300000000000053,2,0,2.0,0.24330900243309,0.03305563343780528,188,365,204,300,258,217
1776764925.2351093,0.8300000000000053,2,0,2.0,0.24330900243309,0.03305563343780528,188,365,204,300,258,217
1776764925.2880738,0.8300000000000053,2,0,2.0,0.24330900243309,0.03305563343780528,188,365,204,300,258,217
1776764925.3455358,0.8300000000000053,2,0,2.0,0.24330900243309,0.03305563343780528,188,365,204,300,258,217
1776764925.4021864,0.8300000000000053,2,0,2.0,0.24330900243309,0.03305563343780528,188,365,204,300,258,217
1776764925.4595158,0.8300000000000053,2,0,2.0,0.24330900243309,0.03305563343780528,188,365,204,300,258,217
1776764925.5173335,0.8300000000000053,2,0,2.0,0.24330900243309,0.03305563343780528,188,365,204,300,258,217
1776764925.574318,0.8300000000000053,2,0,2.0,0.24330900243309,0.03305563343780528,188,365,204,300,258,217
1776764925.6285303,0.8300000000000053,2,0,2.0,0.24330900243309,0.03305563343780528,188,365,204,300,258,217
1776764925.6857758,0.8300000000000053,2,0,2.0,0.24330900243309,0.03305563343780528,188,365,204,300,258,217
1776764925.7426746,0.8300000000000053,2,0,2.0,0.24330900243309,0.03305563343780528,188,365,204,300,258,217
1776764925.8000593,0.8300000000000053,2,0,2.0,0.24330900243309,0.03305563343780528,188,365,204,300,258,217
1776764925.857174,0.8300000000000053,2,0,2.0,0.24330900243309,0.03305563343780528,188,365,204,300,258,217
1776764925.9106085,0.8300000000000053,2,0,2.0,0.24330900243309,0.03305563343780528,188,365,204,300,258,217
1776764925.9678283,0.8300000000000053,2,0,2.0,0.24330900243309,0.03305563343780528,188,365,204,300,258,217
1776764926.0251803,0.8300000000000053,2,0,2.0,0.24330900243309,0.03305563343780528,188,365,204,300,258,217
1776764926.0829856,0.8300000000000053,2,0,2.0,0.24330900243309,0.03305563343780528,188,365,204,300,258,217
1776764926.140262,0.8300000000000053,2,0,2.0,0.24330900243309,0.03305563343780528,188,365,204,300,258,217
1776764926.1974597,0.8300000000000053,2,0,2.0,0.24330900243309,0.03305563343780528,188,365,204,300,258,217
1776764926.2501953,0.8300000000000053,2,0,2.0,0.24330900243309,0.03305563343780528,188,365,204,300,258,217
1776764926.3074532,0.8300000000000053,2,0,2.0,0.24330900243309,0.03305563343780528,188,365,204,300,258,217
1776764926.3650925,0.8300000000000053,2,0,2.0,0.24330900243309,0.03305563343780528,188,365,204,300,258,217
1776764926.422542,0.8300000000000053,2,0,2.0,0.24330900243309,0.03305563343780528,188,365,204,300,258,217
1776764926.4797306,0.8300000000000053,2,0,2.0,0.24330900243309,0.03305563343780528,188,365,204,300,258,217
1776764926.532683,0.8300000000000053,2,0,2.0,0.24330900243309,0.03305563343780528,188,365,204,300,258,217
1776764926.5900939,0.8300000000000053,2,0,2.0,0.24330900243309,0.03305563343780528,188,365,204,300,258,217
1776764926.647888,0.8300000000000053,2,0,2.0,0.24330900243309,0.03305563343780528,188,365,204,300,258,217
1776764926.705096,0.8300000000000053,2,0,2.0,0.24330900243309,0.03305563343780528,188,365,204,300,258,217
1776764926.7625604,0.8300000000000053,2,0,2.0,0.24330900243309,0.03305563343780528,188,365,204,300,258,217
1776764926.8156333,0.8300000000000053,2,0,2.0,0.24330900243309,0.03305563343780528,188,365,204,300,258,217
1776764926.8727121,0.8300000000000053,2,0,2.0,0.24330900243309,0.03305563343780528,188,365,204,300,258,217
1776764926.930395,0.8300000000000053,2,0,2.0,0.24330900243309,0.03305563343780528,188,365,204,300,258,217
1776764926.9878213,0.8300000000000053,2,0,2.0,0.24330900243309,0.03305563343780528,188,365,204,300,258,217
1776764927.0459778,0.8300000000000053,2,0,2.0,0.24330900243309,0.03305563343780528,188,365,204,300,258,217
1776764927.1018648,0.8300000000000053,2,0,2.0,0.24330900243309,0.03305563343780528,188,365,204,300,258,217
1776764927.155362,0.8300000000000053,2,0,2.0,0.24330900243309,0.03305563343780528,188,365,204,300,258,217
1776764927.2130775,0.8300000000000053,2,0,2.0,0.24330900243309,0.03305563343780528,188,365,204,300,258,217
1776764927.2703655,0.8300000000000053,2,0,2.0,0.24330900243309,0.03305563343780528,188,365,204,300,258,217
1776764927.3276567,0.8300000000000053,2,0,2.0,0.24330900243309,0.03305563343780528,188,365,204,300,258,217
1776764927.3846848,0.8300000000000053,2,0,2.0,0.24330900243309,0.03305563343780528,188,365,204,300,258,217
1776764927.4384902,0.8300000000000053,2,0,2.0,0.24330900243309,0.03305563343780528,188,365,204,300,258,217
1776764927.4959168,0.8300000000000053,2,0,2.0,0.24330900243309,0.03305563343780528,188,365,204,300,258,217
1776764927.5526617,0.8300000000000053,2,0,2.0,0.24330900243309,0.03305563343780528,188,365,204,300,258,217
1776764927.6098638,0.8300000000000053,2,0,2.0,0.24330900243309,0.03305563343780528,188,365,204,300,258,217
1776764927.6671805,0.8300000000000053,2,0,2.0,0.24330900243309,0.03305563343780528,188,365,204,300,258,217
1776764927.725471,0.8300000000000053,2,0,2.0,0.24330900243309,0.03305563343780528,188,365,204,300,258,217
1776764927.7785249,0.8300000000000053,2,0,2.0,0.24330900243309,0.03305563343780528,188,365,204,300,258,217
1776764927.835818,0.8300000000000053,2,0,2.0,0.24330900243309,0.03305563343780528,188,365,204,300,258,217
1776764927.8931077,0.8300000000000053,2,0,2.0,0.24330900243309,0.03305563343780528,188,365,204,300,258,217
1776764927.9500241,0.8300000000000053,2,0,2.0,0.24330900243309,0.03305563343780528,188,365,204,300,258,217
1776764928.0073977,0.8300000000000053,2,0,2.0,0.24330900243309,0.03305563343780528,188,365,204,300,258,217
1776764928.0610104,0.8300000000000053,2,0,2.0,0.24330900243309,0.03305563343780528,188,365,204,300,258,217
1776764928.1188428,0.8300000000000053,2,0,2.0,0.24330900243309,0.03305563343780528,188,365,204,300,258,217
1776764928.1756384,0.8300000000000053,2,0,2.0,0.24330900243309,0.03305563343780528,188,365,204,300,258,217
1776764928.2325456,0.8300000000000053,2,0,2.0,0.24330900243309,0.03305563343780528,188,365,204,300,258,217
1776764928.2899795,0.8300000000000053,2,0,2.0,0.24330900243309,0.03305563343780528,188,365,204,300,258,217
1776764928.347548,0.8300000000000053,2,0,2.0,0.24330900243309,0.03305563343780528,188,365,204,300,258,217
1776764928.4009736,0.8300000000000053,2,0,2.0,0.24330900243309,0.03305563343780528,188,365,204,300,258,217
1776764928.4577749,0.8300000000000053,2,0,2.0,0.24330900243309,0.03305563343780528,188,365,204,300,258,217
1776764928.514956,0.8300000000000053,2,0,2.0,0.24330900243309,0.03305563343780528,188,365,204,300,258,217
1776764928.5725615,0.8300000000000053,2,0,2.0,0.24330900243309,0.03305563343780528,188,365,204,300,258,217
1776764928.630113,0.8300000000000053,2,0,2.0,0.24330900243309,0.03305563343780528,188,365,204,300,258,217
1776764928.6835153,0.8300000000000053,2,0,2.0,0.24330900243309,0.03305563343780528,188,365,204,300,258,217
1776764928.7408333,0.8300000000000053,2,0,2.0,0.24330900243309,0.03305563343780528,188,365,204,300,258,217
1776764928.798728,0.8300000000000053,2,0,2.0,0.24330900243309,0.03305563343780528,188,365,204,300,258,217
1776764928.8555598,0.8300000000000053,2,0,2.0,0.24330900243309,0.03305563343780528,188,365,204,300,258,217
1776764928.9126859,0.8300000000000053,2,0,2.0,0.24330900243309,0.03305563343780528,188,365,204,300,258,217
1776764928.966135,0.8300000000000053,2,0,2.0,0.24330900243309,0.03305563343780528,188,365,204,300,258,217
1776764929.0282898,0.8300000000000053,2,0,2.0,0.24330900243309,0.03305563343780528,188,365,204,300,258,217
1776764929.0805762,0.8300000000000053,2,0,2.0,0.24330900243309,0.03305563343780528,188,365,204,300,258,217
1776764929.1381757,0.8300000000000053,2,0,2.0,0.24330900243309,0.03305563343780528,188,365,204,300,258,217
1776764929.195471,0.8300000000000053,2,0,2.0,0.24330900243309,0.03305563343780528,188,365,204,300,258,217
1776764929.2526965,0.8300000000000053,2,0,2.0,0.24330900243309,0.03305563343780528,188,365,204,300,258,217
1776764929.3057702,0.8300000000000053,2,0,2.0,0.24330900243309,0.03305563343780528,188,365,204,300,258,217
1776764929.3629062,0.8300000000000053,2,0,2.0,0.24330900243309,0.03305563343780528,188,365,204,300,258,217
1776764929.4202368,0.8300000000000053,2,0,2.0,0.24330900243309,0.03305563343780528,188,365,204,300,258,217
1776764929.4777071,0.8300000000000053,2,0,2.0,0.24330900243309,0.03305563343780528,188,365,204,300,258,217
1776764929.5350049,0.8300000000000053,2,0,2.0,0.24330900243309,0.03305563343780528,188,365,204,300,258,217
1776764929.5888536,0.8300000000000053,2,0,2.0,0.24330900243309,0.03305563343780528,188,365,204,300,258,217
1776764929.6458542,0.8300000000000053,2,0,2.0,0.24330900243309,0.03305563343780528,188,365,204,300,258,217
1776764929.7035217,0.8300000000000053,2,0,2.0,0.24330900243309,0.03305563343780528,188,365,204,300,258,217
1776764929.760736,0.8300000000000053,2,0,2.0,0.24330900243309,0.03305563343780528,188,365,204,300,258,217
1776764929.8179433,0.8300000000000053,2,0,2.0,0.24330900243309,0.03305563343780528,188,365,204,300,258,217
1776764929.8748984,0.8300000000000053,2,0,2.0,0.24330900243309,0.03305563343780528,188,365,204,300,258,217
1776764929.9283054,0.8300000000000053,2,0,2.0,0.24330900243309,0.03305563343780528,188,365,204,300,258,217
1776764929.985585,0.8300000000000053,2,0,2.0,0.24330900243309,0.03305563343780528,188,365,204,300,258,217
1776764930.042874,0.8300000000000053,2,0,2.0,0.24330900243309,0.03305563343780528,188,365,204,300,258,217
1776764930.1007562,0.8300000000000053,2,0,2.0,0.24330900243309,0.03305563343780528,188,365,204,300,258,217
1776764930.1579294,0.8300000000000053,2,0,2.0,0.24330900243309,0.03305563343780528,188,365,204,300,258,217
1776764930.2115932,0.8300000000000053,2,0,2.0,0.24330900243309,0.03305563343780528,188,365,204,300,258,217
1776764930.2686267,0.8300000000000053,2,0,2.0,0.24330900243309,0.03305563343780528,188,365,204,300,258,217
1776764930.3262618,0.8300000000000053,2,0,2.0,0.24330900243309,0.03305563343780528,188,365,204,300,258,217
1776764930.3830175,0.8300000000000053,2,0,2.0,0.24330900243309,0.03305563343780528,188,365,204,300,258,217
1776764930.4404273,0.8300000000000053,2,0,2.0,0.24330900243309,0.03305563343780528,188,365,204,300,258,217
1776764930.4978836,0.8300000000000053,2,0,2.0,0.24330900243309,0.03305563343780528,188,365,204,300,258,217
1776764930.5513742,0.8300000000000053,2,0,2.0,0.24330900243309,0.03305563343780528,188,365,204,300,258,217
1776764930.608229,0.8300000000000053,2,0,2.0,0.24330900243309,0.03305563343780528,188,365,204,300,258,217
1776764930.665531,0.8300000000000053,2,0,2.0,0.24330900243309,0.03305563343780528,188,365,204,300,258,217
1776764930.723039,0.8300000000000053,2,0,2.0,0.24330900243309,0.03305563343780528,188,365,204,300,258,217
1776764930.7805388,0.8300000000000053,2,0,2.0,0.24330900243309,0.03305563343780528,188,365,204,300,258,217
1776764930.8338194,0.8300000000000053,2,0,2.0,0.24330900243309,0.03305563343780528,188,365,204,300,258,217
1776764930.891319,0.8300000000000053,2,0,2.0,0.24330900243309,0.03305563343780528,188,365,204,300,258,217
1776764930.94848,0.8300000000000053,2,0,2.0,0.24330900243309,0.03305563343780528,188,365,204,300,258,217
1776764931.005618,0.8300000000000053,2,0,2.0,0.24330900243309,0.03305563343780528,188,365,204,300,258,217
1776764931.063144,0.8300000000000053,2,0,2.0,0.24330900243309,0.03305563343780528,188,365,204,300,258,217
1776764931.1168299,0.8300000000000053,2,0,2.0,0.24330900243309,0.03305563343780528,188,365,204,300,258,217
1776764931.173748,0.8300000000000053,2,0,2.0,0.24330900243309,0.03305563343780528,188,365,204,300,258,217
1776764931.2306998,0.8300000000000053,2,0,2.0,0.24330900243309,0.03305563343780528,188,365,204,300,258,217
1776764931.2887592,0.8300000000000053,2,0,2.0,0.24330900243309,0.03305563343780528,188,365,204,300,258,217
1776764931.3458102,0.8300000000000053,2,0,2.0,0.24330900243309,0.03305563343780528,188,365,204,300,258,217
1776764931.402819,0.8300000000000053,2,0,2.0,0.24330900243309,0.03305563343780528,188,365,204,300,258,217
1776764931.4563353,0.8300000000000053,2,0,2.0,0.24330900243309,0.03305563343780528,188,365,204,300,258,217
1776764931.513399,0.8300000000000053,2,0,2.0,0.24330900243309,0.03305563343780528,188,365,204,300,258,217
1776764931.5709388,0.8300000000000053,2,0,2.0,0.24330900243309,0.03305563343780528,188,365,204,300,258,217
1776764931.6279304,0.8300000000000053,2,0,2.0,0.24330900243309,0.03305563343780528,188,365,204,300,258,217
1776764931.6852405,0.8300000000000053,2,0,2.0,0.24330900243309,0.03305563343780528,188,365,204,300,258,217
1776764931.7385788,0.8300000000000053,2,0,2.0,0.24330900243309,0.03305563343780528,188,365,204,300,258,217
1776764931.7959127,0.8300000000000053,2,0,2.0,0.24330900243309,0.03305563343780528,188,365,204,300,258,217
1776764931.8535242,0.8300000000000053,2,0,2.0,0.24330900243309,0.03305563343780528,188,365,204,300,258,217
1776764931.9110563,0.8300000000000053,2,0,2.0,0.24330900243309,0.03305563343780528,188,365,204,300,258,217
1776764931.9682317,0.8300000000000053,2,0,2.0,0.24330900243309,0.03305563343780528,188,365,204,300,258,217
1776764932.0255017,0.8300000000000053,2,0,2.0,0.24330900243309,0.03305563343780528,188,365,204,300,258,217
1776764932.0788455,0.8300000000000053,2,0,2.0,0.24330900243309,0.03305563343780528,188,365,204,300,258,217
1776764932.1371832,0.8300000000000053,2,0,2.0,0.24330900243309,0.03305563343780528,188,365,204,300,258,217
1776764932.193519,0.8300000000000053,2,0,2.0,0.24330900243309,0.03305563343780528,188,365,204,300,258,217
1776764932.2509186,0.8300000000000053,2,0,2.0,0.24330900243309,0.03305563343780528,188,365,204,300,258,217
1776764932.3082478,0.8300000000000053,2,0,2.0,0.24330900243309,0.03305563343780528,188,365,204,300,258,217
1776764932.3615584,0.8300000000000053,2,0,2.0,0.24330900243309,0.03305563343780528,188,365,204,300,258,217
1776764932.4189456,0.8300000000000053,2,0,2.0,0.24330900243309,0.03305563343780528,188,365,204,300,258,217
1776764932.4763043,0.8300000000000053,2,0,2.0,0.24330900243309,0.03305563343780528,188,365,204,300,258,217
1776764932.5337172,0.8300000000000053,2,0,2.0,0.24330900243309,0.03305563343780528,188,365,204,300,258,217
1776764932.590613,0.8300000000000053,2,0,2.0,0.24330900243309,0.03305563343780528,188,365,204,300,258,217
1776764932.6486745,0.8300000000000053,2,0,2.0,0.24330900243309,0.03305563343780528,188,365,204,300,258,217
1776764932.701393,0.8300000000000053,2,0,2.0,0.24330900243309,0.03305563343780528,188,365,204,300,258,217
1776764932.7588694,0.8300000000000053,2,0,2.0,0.24330900243309,0.03305563343780528,188,365,204,300,258,217
1776764932.8160315,0.8300000000000053,2,0,2.0,0.24330900243309,0.03305563343780528,188,365,204,300,258,217
1776764932.8733325,0.8300000000000053,2,0,2.0,0.24330900243309,0.03305563343780528,188,365,204,300,258,217
1776764932.9309185,0.8300000000000053,2,0,2.0,0.24330900243309,0.03305563343780528,188,365,204,300,258,217
1776764932.9838226,0.8300000000000053,2,0,2.0,0.24330900243309,0.03305563343780528,188,365,204,300,258,217
1776764933.0415747,0.8300000000000053,2,0,2.0,0.24330900243309,0.03305563343780528,188,365,204,300,258,217
1776764933.098862,0.8300000000000053,2,0,2.0,0.24330900243309,0.03305563343780528,188,365,204,300,258,217
1776764933.156991,0.8300000000000053,2,0,2.0,0.24330900243309,0.03305563343780528,188,365,204,300,258,217
1776764933.2138116,0.8300000000000053,2,0,2.0,0.24330900243309,0.03305563343780528,188,365,204,300,258,217
1776764933.2668977,0.8300000000000053,2,0,2.0,0.24330900243309,0.03305563343780528,188,365,204,300,258,217
1776764933.323863,0.8300000000000053,2,0,2.0,0.24330900243309,0.03305563343780528,188,365,204,300,258,217
1776764933.381747,0.8300000000000053,2,0,2.0,0.24330900243309,0.03305563343780528,188,365,204,300,258,217
1776764933.4382465,0.8300000000000053,2,0,2.0,0.24330900243309,0.03305563343780528,188,365,204,300,258,217
1776764933.4960117,0.8300000000000053,2,0,2.0,0.24330900243309,0.03305563343780528,188,365,204,300,258,217
1776764933.553373,0.8300000000000053,2,0,2.0,0.24330900243309,0.03305563343780528,188,365,204,300,258,217
1776764933.6071763,0.8300000000000053,2,0,2.0,0.24330900243309,0.03305563343780528,188,365,204,300,258,217
1776764933.6638372,0.8300000000000053,2,0,2.0,0.24330900243309,0.03305563343780528,188,365,204,300,258,217
1776764933.7212365,0.8300000000000053,2,0,2.0,0.24330900243309,0.03305563343780528,188,365,204,300,258,217
1776764933.778864,0.8300000000000053,2,0,2.0,0.24330900243309,0.03305563343780528,188,365,204,300,258,217
1776764933.8357382,0.8300000000000053,2,0,2.0,0.24330900243309,0.03305563343780528,188,365,204,300,258,217
1776764933.8888776,0.8300000000000053,2,0,2.0,0.24330900243309,0.03305563343780528,188,365,204,300,258,217
1776764933.9462023,0.8300000000000053,2,0,2.0,0.24330900243309,0.03305563343780528,188,365,204,300,258,217
1776764934.0035827,0.8300000000000053,2,0,2.0,0.24330900243309,0.03305563343780528,188,365,204,300,258,217
1776764934.0615587,0.8300000000000053,2,0,2.0,0.24330900243309,0.03305563343780528,188,365,204,300,258,217
1776764934.118589,0.8300000000000053,2,0,2.0,0.24330900243309,0.03305563343780528,188,365,204,300,258,217
1776764934.1758742,0.8300000000000053,2,0,2.0,0.24330900243309,0.03305563343780528,188,365,204,300,258,217
1776764934.2294903,0.8300000000000053,2,0,2.0,0.24330900243309,0.03305563343780528,188,365,204,300,258,217
1776764934.2866373,0.8300000000000053,2,0,2.0,0.24330900243309,0.03305563343780528,188,365,204,300,258,217
1776764934.3442194,0.8300000000000053,2,0,2.0,0.24330900243309,0.03305563343780528,188,365,204,300,258,217
1776764934.4012015,0.8300000000000053,2,0,2.0,0.24330900243309,0.03305563343780528,188,365,204,300,258,217
1776764934.4584477,0.8300000000000053,2,0,2.0,0.24330900243309,0.03305563343780528,188,365,204,300,258,217
1776764934.5116677,0.8300000000000053,2,0,2.0,0.24330900243309,0.03305563343780528,188,365,204,300,258,217
1776764934.5688295,0.8300000000000053,2,0,2.0,0.24330900243309,0.03305563343780528,188,365,204,300,258,217
1776764934.626078,0.8300000000000053,2,0,2.0,0.24330900243309,0.03305563343780528,188,365,204,300,258,217
1776764934.6836042,0.8300000000000053,2,0,2.0,0.24330900243309,0.03305563343780528,188,365,204,300,258,217
1776764934.7412171,0.8300000000000053,2,0,2.0,0.24330900243309,0.03305563343780528,188,365,204,300,258,217
1776764934.798079,0.8300000000000053,2,0,2.0,0.24330900243309,0.03305563343780528,188,365,204,300,258,217
1776764934.8514159,0.8300000000000053,2,0,2.0,0.24330900243309,0.03305563343780528,188,365,204,300,258,217
1776764934.909173,0.8300000000000053,2,0,2.0,0.24330900243309,0.03305563343780528,188,365,204,300,258,217
1776764934.9670084,0.8300000000000053,2,0,2.0,0.24330900243309,0.03305563343780528,188,365,204,300,258,217
1776764935.0238564,0.8300000000000053,2,0,2.0,0.24330900243309,0.03305563343780528,188,365,204,300,258,217
1776764935.0806055,0.8300000000000053,2,0,2.0,0.24330900243309,0.03305563343780528,188,365,204,300,258,217
1776764935.134009,0.8300000000000053,2,0,2.0,0.24330900243309,0.03305563343780528,188,365,204,300,258,217
1776764935.1913314,0.8300000000000053,2,0,2.0,0.24330900243309,0.03305563343780528,188,365,204,300,258,217
1776764935.248811,0.8300000000000053,2,0,2.0,0.24330900243309,0.03305563343780528,188,365,204,300,258,217
1776764935.3059428,0.8300000000000053,2,0,2.0,0.24330900243309,0.03305563343780528,188,365,204,300,258,217
1776764935.3637667,0.8300000000000053,2,0,2.0,0.24330900243309,0.03305563343780528,188,365,204,300,258,217
1776764935.4167333,0.8300000000000053,2,0,2.0,0.24330900243309,0.03305563343780528,188,365,204,300,258,217
1776764935.4739795,0.8300000000000053,2,0,2.0,0.24330900243309,0.03305563343780528,188,365,204,300,258,217
1776764935.5312762,0.8300000000000053,2,0,2.0,0.24330900243309,0.03305563343780528,188,365,204,300,258,217
1776764935.588909,0.8300000000000053,2,0,2.0,0.24330900243309,0.03305563343780528,188,365,204,300,258,217
1776764935.6463761,0.8300000000000053,2,0,2.0,0.24330900243309,0.03305563343780528,188,365,204,300,258,217
1776764935.7033007,0.8300000000000053,2,0,2.0,0.24330900243309,0.03305563343780528,188,365,204,300,258,217
1776764935.7573068,0.8300000000000053,2,0,2.0,0.24330900243309,0.03305563343780528,188,365,204,300,258,217
1776764935.813879,0.8300000000000053,2,0,2.0,0.24330900243309,0.03305563343780528,188,365,204,300,258,217
1776764935.8754964,0.8300000000000053,2,0,2.0,0.24330900243309,0.03305563343780528,188,365,204,300,258,217
1776764935.928523,0.8300000000000053,2,0,2.0,0.24330900243309,0.03305563343780528,188,365,204,300,258,217
1776764935.9859054,0.8300000000000053,2,0,2.0,0.24330900243309,0.03305563343780528,188,365,204,300,258,217
1776764936.0397437,0.8300000000000053,2,0,2.0,0.24330900243309,0.03305563343780528,188,365,204,300,258,217
1776764936.0965207,0.8300000000000053,2,0,2.0,0.24330900243309,0.03305563343780528,188,365,204,300,258,217
1776764936.1543393,0.8300000000000053,2,0,2.0,0.24330900243309,0.03305563343780528,188,365,204,300,258,217
1776764936.2111895,0.8300000000000053,2,0,2.0,0.24330900243309,0.03305563343780528,188,365,204,300,258,217
1776764936.2686481,0.8300000000000053,2,0,2.0,0.24330900243309,0.03305563343780528,188,365,204,300,258,217
1776764936.325801,0.8300000000000053,2,0,2.0,0.24330900243309,0.03305563343780528,188,365,204,300,258,217
1776764936.3799114,0.8300000000000053,2,0,2.0,0.24330900243309,0.03305563343780528,188,365,204,300,258,217
1776764936.4368112,0.8300000000000053,2,0,2.0,0.24330900243309,0.03305563343780528,188,365,204,300,258,217
1776764936.494592,0.8300000000000053,2,0,2.0,0.24330900243309,0.03305563343780528,188,365,204,300,258,217
1776764936.5527587,0.8300000000000053,2,0,2.0,0.24330900243309,0.03305563343780528,188,365,204,300,258,217
1776764936.6093001,0.8300000000000053,2,0,2.0,0.24330900243309,0.03305563343780528,188,365,204,300,258,217
1776764936.662326,0.8300000000000053,2,0,2.0,0.24330900243309,0.03305563343780528,188,365,204,300,258,217
1776764936.7196937,0.8300000000000053,2,0,2.0,0.24330900243309,0.03305563343780528,188,365,204,300,258,217
1776764936.776418,0.8300000000000053,2,0,2.0,0.24330900243309,0.03305563343780528,188,365,204,300,258,217
1776764936.8337836,0.8300000000000053,2,0,2.0,0.24330900243309,0.03305563343780528,188,365,204,300,258,217
1776764936.891274,0.8300000000000053,2,0,2.0,0.24330900243309,0.03305563343780528,188,365,204,300,258,217
1776764936.9446106,0.8300000000000053,2,0,2.0,0.24330900243309,0.03305563343780528,188,365,204,300,258,217
1776764937.001782,0.8300000000000053,2,0,2.0,0.24330900243309,0.03305563343780528,188,365,204,300,258,217
1776764937.0590105,0.8300000000000053,2,0,2.0,0.24330900243309,0.03305563343780528,188,365,204,300,258,217
1776764937.1164763,0.8300000000000053,2,0,2.0,0.24330900243309,0.03305563343780528,188,365,204,300,258,217
1776764937.1742148,0.8300000000000053,2,0,2.0,0.24330900243309,0.03305563343780528,188,365,204,300,258,217
1776764937.2311773,0.8300000000000053,2,0,2.0,0.24330900243309,0.03305563343780528,188,365,204,300,258,217
1776764937.2849257,0.8300000000000053,2,0,2.0,0.24330900243309,0.03305563343780528,188,365,204,300,258,217
1776764937.3417048,0.8300000000000053,2,0,2.0,0.24330900243309,0.03305563343780528,188,365,204,300,258,217
1776764937.3989508,0.8300000000000053,2,0,2.0,0.24330900243309,0.03305563343780528,188,365,204,300,258,217
1776764937.456358,0.8300000000000053,2,0,2.0,0.24330900243309,0.03305563343780528,188,365,204,300,258,217
1776764937.5136123,0.8300000000000053,2,0,2.0,0.24330900243309,0.03305563343780528,188,365,204,300,258,217
1776764937.567126,0.8300000000000053,2,0,2.0,0.24330900243309,0.03305563343780528,188,365,204,300,258,217
1776764937.624734,0.8300000000000053,2,0,2.0,0.24330900243309,0.03305563343780528,188,365,204,300,258,217
1776764937.6818078,0.8300000000000053,2,0,2.0,0.24330900243309,0.03305563343780528,188,365,204,300,258,217
1776764937.7388813,0.8300000000000053,2,0,2.0,0.24330900243309,0.03305563343780528,188,365,204,300,258,217
1776764937.7963517,0.8300000000000053,2,0,2.0,0.24330900243309,0.03305563343780528,188,365,204,300,258,217
1776764937.8536744,0.8300000000000053,2,0,2.0,0.24330900243309,0.03305563343780528,188,365,204,300,258,217
1776764937.9073231,0.8300000000000053,2,0,2.0,0.24330900243309,0.03305563343780528,188,365,204,300,258,217
1776764937.9651744,0.8300000000000053,2,0,2.0,0.24330900243309,0.03305563343780528,188,365,204,300,258,217
1776764938.0218844,0.8300000000000053,2,0,2.0,0.24330900243309,0.03305563343780528,188,365,204,300,258,217
1776764938.0788472,0.8300000000000053,2,0,2.0,0.24330900243309,0.03305563343780528,188,365,204,300,258,217
1776764938.1361501,0.8300000000000053,2,0,2.0,0.24330900243309,0.03305563343780528,188,365,204,300,258,217
1776764938.1897552,0.8300000000000053,2,0,2.0,0.24330900243309,0.03305563343780528,188,365,204,300,258,217
1776764938.2469697,0.8300000000000053,2,0,2.0,0.24330900243309,0.03305563343780528,188,365,204,300,258,217
1776764938.304673,0.8300000000000053,2,0,2.0,0.24330900243309,0.03305563343780528,188,365,204,300,258,217
1776764938.3618398,0.8300000000000053,2,0,2.0,0.24330900243309,0.03305563343780528,188,365,204,300,258,217
1776764938.4188,0.8300000000000053,2,0,2.0,0.24330900243309,0.03305563343780528,188,365,204,300,258,217
1776764938.4762278,0.8300000000000053,2,0,2.0,0.24330900243309,0.03305563343780528,188,365,204,300,258,217
1776764938.5294952,0.8300000000000053,2,0,2.0,0.24330900243309,0.03305563343780528,188,365,204,300,258,217
1776764938.5868928,0.8300000000000053,2,0,2.0,0.24330900243309,0.03305563343780528,188,365,204,300,258,217
1776764938.644189,0.8300000000000053,2,0,2.0,0.24330900243309,0.03305563343780528,188,365,204,300,258,217
1776764938.7015483,0.8300000000000053,2,0,2.0,0.24330900243309,0.03305563343780528,188,365,204,300,258,217
1776764938.758702,0.8300000000000053,2,0,2.0,0.24330900243309,0.03305563343780528,188,365,204,300,258,217
1776764938.8121185,0.8300000000000053,2,0,2.0,0.24330900243309,0.03305563343780528,188,365,204,300,258,217
1776764938.86949,0.8300000000000053,2,0,2.0,0.24330900243309,0.03305563343780528,188,365,204,300,258,217
1776764938.9269989,0.8300000000000053,2,0,2.0,0.24330900243309,0.03305563343780528,188,365,204,300,258,217
1776764938.9848616,0.8300000000000053,2,0,2.0,0.24330900243309,0.03305563343780528,188,365,204,300,258,217
1776764939.0413334,0.8300000000000053,2,0,2.0,0.24330900243309,0.03305563343780528,188,365,204,300,258,217
1776764939.0947752,0.8300000000000053,2,0,2.0,0.24330900243309,0.03305563343780528,188,365,204,300,258,217
1776764939.1521025,0.8300000000000053,2,0,2.0,0.24330900243309,0.03305563343780528,188,365,204,300,258,217
1776764939.2094526,0.8300000000000053,2,0,2.0,0.24330900243309,0.03305563343780528,188,365,204,300,258,217
1776764939.267236,0.8300000000000053,2,-2,2.8284271247461903,0.3440908910883443,0.03235854612983315,188,365,204,300,258,216
1776764939.324678,0.8300000000000053,2,-2,2.8284271247461903,0.3440908910883443,0.03235854612983315,188,365,204,300,258,216
1776764939.3813336,0.8300000000000053,2,-2,2.8284271247461903,0.3440908910883443,0.03235854612983315,188,365,204,300,258,216
1776764939.4347045,0.8300000000000053,2,-2,2.8284271247461903,0.3440908910883443,0.03235854612983315,188,365,204,300,258,216
1776764939.4920025,0.8300000000000053,2,-2,2.8284271247461903,0.3440908910883443,0.03235854612983315,188,365,204,300,258,216
1776764939.5492942,0.8300000000000053,2,-2,2.8284271247461903,0.3440908910883443,0.03235854612983315,188,365,204,300,258,216
1776764939.6071398,0.8300000000000053,2,-2,2.8284271247461903,0.3440908910883443,0.03235854612983315,188,365,204,300,258,216
1776764939.6643662,0.8300000000000053,2,-2,2.8284271247461903,0.3440908910883443,0.03235854612983315,188,365,204,300,258,216
1776764939.717925,0.8300000000000053,2,-2,2.8284271247461903,0.3440908910883443,0.03235854612983315,188,365,204,300,258,216
1776764939.775066,0.8300000000000053,2,-2,2.8284271247461903,0.3440908910883443,0.03235854612983315,188,365,204,300,258,216
1776764939.8320725,0.8300000000000053,2,-2,2.8284271247461903,0.3440908910883443,0.03235854612983315,188,365,204,300,258,216
1776764939.8892171,0.8300000000000053,2,-2,2.8284271247461903,0.3440908910883443,0.03235854612983315,188,365,204,300,258,216
1776764939.946781,0.8300000000000053,2,-2,2.8284271247461903,0.3440908910883443,0.03235854612983315,188,365,204,300,258,216
1776764940.004304,0.8300000000000053,2,-2,2.8284271247461903,0.3440908910883443,0.03235854612983315,188,365,204,300,258,216
1776764940.0575597,0.8300000000000053,2,-2,2.8284271247461903,0.3440908910883443,0.03235854612983315,188,365,204,300,258,216
1776764940.1150463,0.8300000000000053,2,-2,2.8284271247461903,0.3440908910883443,0.03235854612983315,188,365,204,300,258,216
1776764940.17306,0.8300000000000053,2,-2,2.8284271247461903,0.3440908910883443,0.03235854612983315,188,365,204,300,258,216
1776764940.2297447,0.8300000000000053,2,-3,3.605551275463989,0.43863154202724924,0.031676495543111256,188,365,204,300,258,215
1776764940.2871473,0.8300000000000053,2,-3,3.605551275463989,0.43863154202724924,0.031676495543111256,188,365,204,300,258,215
1776764940.3400407,0.8300000000000053,2,-3,3.605551275463989,0.43863154202724924,0.031676495543111256,188,365,204,300,258,215
1776764940.39793,0.8300000000000053,2,-3,3.605551275463989,0.43863154202724924,0.031676495543111256,188,365,204,300,258,215
1776764940.4553914,0.8300000000000053,2,-3,3.605551275463989,0.43863154202724924,0.031676495543111256,188,365,204,300,258,215
1776764940.512313,0.8300000000000053,2,-3,3.605551275463989,0.43863154202724924,0.031676495543111256,188,365,204,300,258,215
1776764940.5696325,0.8300000000000053,2,-3,3.605551275463989,0.43863154202724924,0.031676495543111256,188,365,204,300,258,215
1776764940.6270485,0.8300000000000053,2,-3,3.605551275463989,0.43863154202724924,0.031676495543111256,188,365,204,300,258,215
1776764940.6800349,0.8300000000000053,2,-3,3.605551275463989,0.43863154202724924,0.031676495543111256,188,365,204,300,258,215
1776764940.7371085,0.8300000000000053,2,-3,3.605551275463989,0.43863154202724924,0.031676495543111256,188,365,204,300,258,215
1776764940.794848,0.8300000000000053,2,-3,3.605551275463989,0.43863154202724924,0.031676495543111256,188,365,204,300,258,215
1776764940.8521106,0.8300000000000053,3,-3,4.242640687119285,0.5161363366325163,0.03237697623586116,188,365,204,300,259,215
1776764940.9090297,0.8300000000000053,3,-4,5.0,0.608272506082725,0.03170550376948382,188,365,204,300,259,214
1776764940.9629092,0.8300000000000053,3,-4,5.0,0.608272506082725,0.03170550376948382,188,365,204,300,259,214
1776764941.0205457,0.8300000000000053,3,-4,5.0,0.608272506082725,0.03170550376948382,188,365,204,300,259,214
1776764941.0776813,0.8300000000000053,3,-4,5.0,0.608272506082725,0.03170550376948382,188,365,204,300,259,214
1776764941.1345327,0.8300000000000053,3,-5,5.830951894845301,0.709361544385073,0.031048274269902264,188,365,204,300,259,213
1776764941.1925476,0.8300000000000053,4,-5,6.4031242374328485,0.7789688853324632,0.03172606361113289,188,365,204,300,260,213
1776764941.2455907,0.8300000000000053,4,-5,6.4031242374328485,0.7789688853324632,0.03172606361113289,188,365,204,300,260,213
1776764941.302835,0.8300000000000053,4,-6,7.211102550927978,0.8772630840544985,0.031078798570220348,188,365,204,300,260,212
1776764941.359663,0.8300000000000053,4,-6,7.211102550927978,0.8772630840544985,0.031078798570220348,188,365,204,300,260,212
1776764941.4169981,0.8300000000000053,4,-6,7.211102550927978,0.8772630840544985,0.031078798570220348,188,365,204,300,260,212
1776764941.4748285,0.8300000000000053,4,-7,8.06225774829855,0.9808099450484852,0.030445038047209504,188,365,204,300,260,211
1776764941.5321517,0.8300000000000053,5,-7,8.602325267042627,1.046511589664553,0.03110121457423555,188,365,204,300,261,211
1776764941.5854208,0.8300000000000053,5,-7,8.602325267042627,1.046511589664553,0.03189112339960701,188,365,204,299,261,211
1776764941.6427567,0.8300000000000053,5,-8,9.433981132056603,1.1476862691066427,0.031256578712627436,188,365,204,299,261,210
1776764941.7009935,0.8300000000000053,5,-8,9.433981132056603,1.1476862691066427,0.031256578712627436,188,365,204,299,261,210
1776764941.75803,0.8300000000000053,5,-9,10.295630140987,1.2525097495118005,0.03063503670072054,188,365,204,299,261,209
1776764941.8153064,0.8300000000000053,6,-9,10.816653826391969,1.315894626081748,0.031269997129528035,188,365,204,299,262,209
1776764941.8678126,0.8300000000000053,6,-9,10.816653826391969,1.315894626081748,0.031269997129528035,188,365,204,299,262,209
1776764941.9254234,0.8300000000000053,6,-10,11.661903789690601,1.418723088770146,0.03065762970674796,188,365,204,299,262,208
1776764941.982324,0.8300000000000053,6,-10,11.661903789690601,1.418723088770146,0.03065762970674796,188,365,204,299,262,208
1776764942.0400426,0.8300000000000053,6,-10,11.661903789690601,1.418723088770146,0.03065762970674796,188,365,204,299,262,208
1776764942.0972755,0.8300000000000053,6,-10,11.661903789690601,1.418723088770146,0.03065762970674796,188,365,204,299,262,208
1776764942.1541388,0.8300000000000053,7,-11,13.038404810405298,1.5861806338692577,0.03067295277149769,188,365,204,299,263,207
1776764942.2080092,0.8300000000000053,7,-11,13.038404810405298,1.5861806338692577,0.03141803505263545,188,365,204,298,263,207
1776764942.265226,0.8300000000000053,7,-11,13.038404810405298,1.5861806338692577,0.03141803505263545,188,365,204,298,263,207
1776764942.3225098,0.8300000000000053,7,-11,13.038404810405298,1.5861806338692577,0.03141803505263545,188,365,204,298,263,207
1776764942.3800795,0.8300000000000053,7,-12,13.892443989449804,1.6900783442153045,0.03081739975267367,188,365,204,298,263,206
1776764942.4374168,0.8300000000000053,7,-12,13.892443989449804,1.6900783442153045,0.03081739975267367,188,365,204,298,263,206
1776764942.4905465,0.8300000000000053,7,-12,13.892443989449804,1.6900783442153045,0.03081739975267367,188,365,204,298,263,206
1776764942.5482612,0.8300000000000053,7,-12,13.892443989449804,1.6900783442153045,0.03081739975267367,188,365,204,298,263,206
1776764942.6061873,0.8300000000000053,7,-13,14.7648230602334,1.796207184943236,0.030228667560725706,188,365,204,298,263,205
1776764942.6626582,0.8300000000000053,8,-13,15.264337522473747,1.856975367697536,0.03082466040561709,188,365,204,298,264,205
1776764942.7198997,0.8300000000000053,8,-13,15.264337522473747,1.856975367697536,0.03154677997900033,188,365,204,297,264,205
1776764942.777098,0.8300000000000053,8,-13,15.264337522473747,1.856975367697536,0.029658417839888943,188,365,205,297,264,205
1776764942.830542,0.8300000000000053,8,-13,15.264337522473747,1.856975367697536,0.029658417839888943,188,365,205,297,264,205
1776764942.8877156,0.8300000000000053,8,-14,16.1245154965971,1.9616198900969704,0.029078627867159815,188,365,205,297,264,204
1776764942.9448798,0.8300000000000053,8,-14,16.1245154965971,1.9616198900969704,0.029078627867159815,188,365,205,297,264,204
1776764943.0021453,0.8300000000000053,8,-14,16.1245154965971,1.9616198900969704,0.029078627867159815,188,365,205,297,264,204
1776764943.0595474,0.8300000000000053,8,-14,16.1245154965971,1.9616198900969704,0.029078627867159815,188,365,205,297,264,204
1776764943.112882,0.8300000000000053,8,-15,17.0,2.068126520681265,0.028510350889344883,188,365,205,297,264,203
1776764943.1705537,0.8300000000000053,8,-15,17.0,2.068126520681265,0.028510350889344883,188,365,205,297,264,203
1776764943.2283297,0.8300000000000053,8,-15,17.0,2.068126520681265,0.028510350889344883,188,365,205,297,264,203
1776764943.28543,0.8300000000000053,8,-15,17.0,2.068126520681265,0.028510350889344883,188,365,205,297,264,203
1776764943.3431501,0.8300000000000053,8,-15,17.0,2.068126520681265,0.028510350889344883,188,365,205,297,264,203
1776764943.399815,0.8300000000000053,9,-15,17.4928556845359,2.128084633155219,0.02910342303900756,188,365,205,297,265,203
1776764943.4533956,0.8300000000000053,9,-16,18.35755975068582,2.2332797750226057,0.029252500571687722,188,365,205,296,265,202
1776764943.5103657,0.8300000000000053,9,-16,18.35755975068582,2.2332797750226057,0.029252500571687722,188,365,205,296,265,202
1776764943.567339,0.8300000000000053,9,-16,18.35755975068582,2.2332797750226057,0.029252500571687722,188,365,205,296,265,202
1776764943.6260512,0.8300000000000053,9,-16,18.35755975068582,2.2332797750226057,0.029252500571687722,188,365,205,296,265,202
1776764943.6828866,0.8300000000000053,9,-16,18.35755975068582,2.2332797750226057,0.029252500571687722,188,365,205,296,265,202
1776764943.736017,0.8300000000000053,9,-17,19.235384061671343,2.340071053731307,0.028694551815357475,188,365,205,296,265,201
1776764943.7930772,0.8300000000000053,9,-17,19.235384061671343,2.340071053731307,0.028694551815357475,188,365,205,296,265,201
1776764943.8504572,0.8300000000000053,9,-17,19.235384061671343,2.340071053731307,0.028694551815357475,188,365,205,296,265,201
1776764943.907819,0.8300000000000053,9,-17,19.235384061671343,2.340071053731307,0.028694551815357475,188,365,205,296,265,201
1776764943.9651835,0.8300000000000053,9,-17,19.235384061671343,2.340071053731307,0.028694551815357475,188,365,205,296,265,201
1776764944.0181942,0.8300000000000053,9,-17,19.235384061671343,2.340071053731307,0.028694551815357475,188,365,205,296,265,201
1776764944.075945,0.8300000000000053,10,-18,20.591260281974,2.505019499023601,0.028719240886659163,188,365,205,296,266,200
1776764944.1328547,0.8300000000000053,10,-18,20.591260281974,2.505019499023601,0.028719240886659163,188,365,205,296,266,200
1776764944.190851,0.8300000000000053,10,-18,20.591260281974,2.505019499023601,0.028719240886659163,188,365,205,296,266,200
1776764944.2478101,0.8300000000000053,10,-18,20.591260281974,2.505019499023601,0.029407408129689405,188,365,205,295,266,200
1776764944.305137,0.8300000000000053,10,-18,20.591260281974,2.505019499023601,0.029407408129689405,188,365,205,295,266,200
1776764944.358641,0.8300000000000053,10,-18,20.591260281974,2.505019499023601,0.029407408129689405,188,365,205,295,266,200
1776764944.4157622,0.8300000000000053,10,-18,20.591260281974,2.505019499023601,0.029407408129689405,188,365,205,295,266,200
1776764944.4727142,0.8300000000000053,10,-19,21.470910553583888,2.6120329140613,0.028859578671763607,188,365,205,295,266,199
1776764944.530342,0.8300000000000053,10,-19,21.470910553583888,2.6120329140613,0.028859578671763607,188,365,205,295,266,199
1776764944.587269,0.8300000000000053,10,-19,21.470910553583888,2.6120329140613,0.028859578671763607,188,365,205,295,266,199
1776764944.6410754,0.8300000000000053,10,-19,21.470910553583888,2.6120329140613,0.028859578671763607,188,365,205,295,266,199
1776764944.6983716,0.8300000000000053,10,-19,21.470910553583888,2.6120329140613,0.028859578671763607,188,365,205,295,266,199
1776764944.756181,0.8300000000000053,10,-19,21.470910553583888,2.6120329140613,0.027079737649365145,188,365,206,295,266,199
1776764944.8135097,0.8300000000000053,10,-20,22.360679774997898,2.720277344890255,0.026551305579969313,188,365,206,295,266,198
1776764944.870409,0.8300000000000053,10,-20,22.360679774997898,2.720277344890255,0.026551305579969313,188,365,206,295,266,198
1776764944.9274707,0.8300000000000053,11,-20,22.825424421026653,2.776815622995943,0.02780392990411266,188,365,206,294,267,198
1776764944.9811316,0.8300000000000053,11,-20,22.825424421026653,2.776815622995943,0.02780392990411266,188,365,206,294,267,198
1776764945.0388703,0.8300000000000053,11,-20,22.825424421026653,2.776815622995943,0.02780392990411266,188,365,206,294,267,198
1776764945.0955563,0.8300000000000053,11,-21,23.706539182259394,2.8840071997882473,0.027274449459486868,188,365,206,294,267,197
1776764945.1523728,0.8300000000000053,11,-21,23.706539182259394,2.8840071997882473,0.027274449459486868,188,365,206,294,267,197
1776764945.2096956,0.8300000000000053,11,-21,23.706539182259394,2.8840071997882473,0.027274449459486868,188,365,206,294,267,197
1776764945.2631738,0.8300000000000053,11,-21,23.706539182259394,2.8840071997882473,0.027274449459486868,188,365,206,294,267,197
1776764945.3205252,0.8300000000000053,11,-21,23.706539182259394,2.8840071997882473,0.027274449459486868,188,365,206,294,267,197
1776764945.377868,0.8300000000000053,11,-21,23.706539182259394,2.8840071997882473,0.027274449459486868,188,365,206,294,267,197
1776764945.4355109,0.8300000000000053,11,-22,24.596747752497688,2.9923050793792805,0.026755132651106735,188,365,206,294,267,196
1776764945.492809,0.8300000000000053,11,-22,24.596747752497688,2.9923050793792805,0.027419543677153182,188,365,206,293,267,196
1776764945.549984,0.8300000000000053,11,-22,24.596747752497688,2.9923050793792805,0.027419543677153182,188,365,206,293,267,196
1776764945.6034687,0.8300000000000053,11,-22,24.596747752497688,2.9923050793792805,0.027419543677153182,188,365,206,293,267,196
1776764945.6608422,0.8300000000000053,11,-22,24.596747752497688,2.9923050793792805,0.027419543677153182,188,365,206,293,267,196
1776764945.7181902,0.8300000000000053,11,-23,25.495097567963924,3.101593378097801,0.026902308057098673,188,365,206,293,267,195
1776764945.775461,0.8300000000000053,11,-23,25.495097567963924,3.101593378097801,0.026902308057098673,188,365,206,293,267,195
1776764945.8323646,0.8300000000000053,12,-23,25.942243542145693,3.15599069855787,0.02745063585141955,188,365,206,293,268,195
1776764945.8863049,0.8300000000000053,12,-23,25.942243542145693,3.15599069855787,0.02745063585141955,188,365,206,293,268,195
1776764945.9434376,0.8300000000000053,12,-23,25.942243542145693,3.15599069855787,0.02745063585141955,188,365,206,293,268,195
1776764946.00075,0.8300000000000053,12,-23,25.942243542145693,3.15599069855787,0.028602295626121994,189,365,206,293,268,195
1776764946.057819,0.8300000000000053,12,-24,26.832815729997478,3.264332813868306,0.028086606013797366,189,365,206,293,268,194
1776764946.1153233,0.8300000000000053,12,-24,26.832815729997478,3.264332813868306,0.028717331592459407,189,365,206,292,268,194
1776764946.1686425,0.8300000000000053,12,-24,26.832815729997478,3.264332813868306,0.028717331592459407,189,365,206,292,268,194
1776764946.2260456,0.8300000000000053,12,-24,26.832815729997478,3.264332813868306,0.028717331592459407,189,365,206,292,268,194
1776764946.2834253,0.8300000000000053,12,-24,26.832815729997478,3.264332813868306,0.028717331592459407,189,365,206,292,268,194
1776764946.340611,0.8300000000000053,12,-24,26.832815729997478,3.264332813868306,0.028717331592459407,189,365,206,292,268,194
1776764946.3976507,0.8300000000000053,12,-24,26.832815729997478,3.264332813868306,0.028717331592459407,189,365,206,292,268,194
1776764946.455473,0.8300000000000053,12,-24,26.832815729997478,3.264332813868306,0.028717331592459407,189,365,206,292,268,194
1776764946.508971,0.8300000000000053,12,-24,26.832815729997478,3.264332813868306,0.028717331592459407,189,365,206,292,268,194
1776764946.5657415,0.8300000000000053,12,-24,26.832815729997478,3.264332813868306,0.028717331592459407,189,365,206,292,268,194
1776764946.6229527,0.8300000000000053,12,-24,26.832815729997478,3.264332813868306,0.028717331592459407,189,365,206,292,268,194
1776764946.6807277,0.8300000000000053,12,-24,26.832815729997478,3.264332813868306,0.028717331592459407,189,365,206,292,268,194
1776764946.7382157,0.8300000000000053,12,-24,26.832815729997478,3.264332813868306,0.028717331592459407,189,365,206,292,268,194
1776764946.7916682,0.8300000000000053,12,-24,26.832815729997478,3.264332813868306,0.028717331592459407,189,365,206,292,268,194
1776764946.8485487,0.8300000000000053,12,-24,26.832815729997478,3.264332813868306,0.028717331592459407,189,365,206,292,268,194
1776764946.9061933,0.8300000000000053,12,-24,26.832815729997478,3.264332813868306,0.028717331592459407,189,365,206,292,268,194
1776764946.9632783,0.8300000000000053,12,-24,26.832815729997478,3.264332813868306,0.028717331592459407,189,365,206,292,268,194
1776764947.0205035,0.8300000000000053,12,-24,26.832815729997478,3.264332813868306,0.028717331592459407,189,365,206,292,268,194
1776764947.0779705,0.8300000000000053,12,-24,26.832815729997478,3.264332813868306,0.028717331592459407,189,365,206,292,268,194
1776764947.131599,0.8300000000000053,12,-24,26.832815729997478,3.264332813868306,0.028717331592459407,189,365,206,292,268,194
1776764947.188262,0.8300000000000053,12,-24,26.832815729997478,3.264332813868306,0.028717331592459407,189,365,206,292,268,194
1776764947.2453668,0.8300000000000053,12,-24,26.832815729997478,3.264332813868306,0.028717331592459407,189,365,206,292,268,194
1776764947.303275,0.8300000000000053,12,-24,26.832815729997478,3.264332813868306,0.027040546714829743,189,365,207,292,268,194
1776764947.3604178,0.8300000000000053,12,-24,26.832815729997478,3.264332813868306,0.027040546714829743,189,365,207,292,268,194
1776764947.413435,0.8300000000000053,12,-24,26.832815729997478,3.264332813868306,0.027040546714829743,189,365,207,292,268,194
1776764947.4709263,0.8300000000000053,12,-24,26.832815729997478,3.264332813868306,0.027040546714829743,189,365,207,292,268,194
1776764947.5283816,0.8300000000000053,12,-24,26.832815729997478,3.264332813868306,0.027040546714829743,189,365,207,292,268,194
1776764947.5858698,0.8300000000000053,12,-24,26.832815729997478,3.264332813868306,0.027040546714829743,189,365,207,292,268,194
1776764947.6431675,0.8300000000000053,12,-24,26.832815729997478,3.264332813868306,0.027040546714829743,189,365,207,292,268,194
1776764947.7004702,0.8300000000000053,12,-24,26.832815729997478,3.264332813868306,0.027040546714829743,189,365,207,292,268,194
1776764947.7535362,0.8300000000000053,12,-24,26.832815729997478,3.264332813868306,0.027040546714829743,189,365,207,292,268,194
1776764947.811716,0.8300000000000053,12,-24,26.832815729997478,3.264332813868306,0.027040546714829743,189,365,207,292,268,194
1776764947.8686323,0.8300000000000053,12,-24,26.832815729997478,3.264332813868306,0.027040546714829743,189,365,207,292,268,194
1776764947.9260805,0.8300000000000053,12,-24,26.832815729997478,3.264332813868306,0.027040546714829743,189,365,207,292,268,194
1776764947.9826133,0.8300000000000053,12,-24,26.832815729997478,3.264332813868306,0.027040546714829743,189,365,207,292,268,194
1776764948.0365906,0.8300000000000053,12,-24,26.832815729997478,3.264332813868306,0.027040546714829743,189,365,207,292,268,194
1776764948.0940645,0.8300000000000053,12,-25,27.730849247724095,3.373582633543077,0.026535216975701565,189,365,207,292,268,193
1776764948.1511188,0.8300000000000053,12,-25,27.730849247724095,3.373582633543077,0.026535216975701565,189,365,207,292,268,193
1776764948.2110157,0.8300000000000053,12,-25,27.730849247724095,3.373582633543077,0.026535216975701565,189,365,207,292,268,193
1776764948.2653816,0.8300000000000053,12,-25,27.730849247724095,3.373582633543077,0.026535216975701565,189,365,207,292,268,193
1776764948.322701,0.8300000000000053,12,-25,27.730849247724095,3.373582633543077,0.026535216975701565,189,365,207,292,268,193
1776764948.376704,0.8300000000000053,12,-25,27.730849247724095,3.373582633543077,0.026535216975701565,189,365,207,292,268,193
1776764948.4343626,0.8300000000000053,12,-25,27.730849247724095,3.373582633543077,0.026535216975701565,189,365,207,292,268,193
1776764948.4908457,0.8300000000000053,12,-25,27.730849247724095,3.373582633543077,0.026535216975701565,189,365,207,292,268,193
1776764948.548042,0.8300000000000053,12,-25,27.730849247724095,3.373582633543077,0.026535216975701565,189,365,207,292,268,193
1776764948.6058323,0.8300000000000053,12,-25,27.730849247724095,3.373582633543077,0.026535216975701565,189,365,207,292,268,193
1776764948.659511,0.8300000000000053,12,-25,27.730849247724095,3.373582633543077,0.026535216975701565,189,365,207,292,268,193
1776764948.7166336,0.8300000000000053,12,-25,27.730849247724095,3.373582633543077,0.026535216975701565,189,365,207,292,268,193
1776764948.773603,0.8300000000000053,12,-25,27.730849247724095,3.373582633543077,0.026535216975701565,189,365,207,292,268,193
1776764948.8314598,0.8300000000000053,12,-25,27.730849247724095,3.373582633543077,0.026535216975701565,189,365,207,292,268,193
1776764948.8887975,0.8300000000000053,12,-25,27.730849247724095,3.373582633543077,0.026535216975701565,189,365,207,292,268,193
1776764948.9416423,0.8300000000000053,12,-25,27.730849247724095,3.373582633543077,0.026535216975701565,189,365,207,292,268,193
1776764948.9989176,0.8300000000000053,12,-25,27.730849247724095,3.373582633543077,0.026535216975701565,189,365,207,292,268,193
1776764949.0562744,0.8300000000000053,12,-25,27.730849247724095,3.373582633543077,0.026535216975701565,189,365,207,292,268,193
1776764949.1137433,0.8300000000000053,12,-25,27.730849247724095,3.373582633543077,0.026535216975701565,189,365,207,292,268,193
1776764949.1710587,0.8300000000000053,12,-25,27.730849247724095,3.373582633543077,0.026535216975701565,189,365,207,292,268,193
1776764949.2283423,0.8300000000000053,12,-25,27.730849247724095,3.373582633543077,0.026535216975701565,189,365,207,292,268,193
1776764949.2812831,0.8300000000000053,12,-25,27.730849247724095,3.373582633543077,0.026535216975701565,189,365,207,292,268,193
1776764949.3389795,0.8300000000000053,12,-25,27.730849247724095,3.373582633543077,0.026535216975701565,189,365,207,292,268,193
1776764949.3961155,0.8300000000000053,12,-25,27.730849247724095,3.373582633543077,0.026535216975701565,189,365,207,292,268,193
1776764949.454182,0.8300000000000053,12,-25,27.730849247724095,3.373582633543077,0.026535216975701565,189,365,207,292,268,193
1776764949.510865,0.8300000000000053,12,-25,27.730849247724095,3.373582633543077,0.026535216975701565,189,365,207,292,268,193
1776764949.5638247,0.8300000000000053,12,-25,27.730849247724095,3.373582633543077,0.026535216975701565,189,365,207,292,268,193
1776764949.6216102,0.8300000000000053,12,-25,27.730849247724095,3.373582633543077,0.026535216975701565,189,365,207,292,268,193
1776764949.6785288,0.8300000000000053,12,-25,27.730849247724095,3.373582633543077,0.026535216975701565,189,365,207,292,268,193
1776764949.7364602,0.8300000000000053,12,-25,27.730849247724095,3.373582633543077,0.026535216975701565,189,365,207,292,268,193
1776764949.7931035,0.8300000000000053,12,-25,27.730849247724095,3.373582633543077,0.026535216975701565,189,365,207,292,268,193
1776764949.8507845,0.8300000000000053,12,-25,27.730849247724095,3.373582633543077,0.026535216975701565,189,365,207,292,268,193
1776764949.9040883,0.8300000000000053,12,-25,27.730849247724095,3.373582633543077,0.026535216975701565,189,365,207,292,268,193
1776764949.9614065,0.8300000000000053,12,-25,27.730849247724095,3.373582633543077,0.026535216975701565,189,365,207,292,268,193
1776764950.0187767,0.8300000000000053,12,-25,27.730849247724095,3.373582633543077,0.026535216975701565,189,365,207,292,268,193
1776764950.0762112,0.8300000000000053,12,-25,27.730849247724095,3.373582633543077,0.026535216975701565,189,365,207,292,268,193
1776764950.1334624,0.8300000000000053,12,-25,27.730849247724095,3.373582633543077,0.026535216975701565,189,365,207,292,268,193
1776764950.1866417,0.8300000000000053,12,-25,27.730849247724095,3.373582633543077,0.026535216975701565,189,365,207,292,268,193
1776764950.2443228,0.8300000000000053,12,-25,27.730849247724095,3.373582633543077,0.026535216975701565,189,365,207,292,268,193
1776764950.3015995,0.8300000000000053,12,-25,27.730849247724095,3.373582633543077,0.026535216975701565,189,365,207,292,268,193
1776764950.3588984,0.8300000000000053,12,-25,27.730849247724095,3.373582633543077,0.026535216975701565,189,365,207,292,268,193
1776764950.4160335,0.8300000000000053,12,-25,27.730849247724095,3.373582633543077,0.026535216975701565,189,365,207,292,268,193
1776764950.473277,0.8300000000000053,12,-25,27.730849247724095,3.373582633543077,0.026535216975701565,189,365,207,292,268,193
1776764950.5271003,0.8300000000000053,12,-25,27.730849247724095,3.373582633543077,0.026535216975701565,189,365,207,292,268,193
1776764950.5843613,0.8300000000000053,12,-25,27.730849247724095,3.373582633543077,0.026535216975701565,189,365,207,292,268,193
1776764950.641532,0.8300000000000053,12,-25,27.730849247724095,3.373582633543077,0.026535216975701565,189,365,207,292,268,193
1776764950.6982193,0.8300000000000053,12,-25,27.730849247724095,3.373582633543077,0.02717026047188936,189,365,207,291,268,193
1776764950.7560053,0.8300000000000053,12,-25,27.730849247724095,3.373582633543077,0.02717026047188936,189,365,207,291,268,193
1776764950.8093324,0.8300000000000053,12,-25,27.730849247724095,3.373582633543077,0.02717026047188936,189,365,207,291,268,193
1776764950.8667276,0.8300000000000053,12,-25,27.730849247724095,3.373582633543077,0.02717026047188936,189,365,207,291,268,193
1776764950.9238849,0.8300000000000053,12,-25,27.730849247724095,3.373582633543077,0.02717026047188936,189,365,207,291,268,193
1776764950.981185,0.8300000000000053,13,-25,28.178005607210743,3.4279812174222313,0.02771206822515048,189,365,207,291,269,193
1776764951.0381532,0.8300000000000053,13,-25,28.178005607210743,3.4279812174222313,0.02771206822515048,189,365,207,291,269,193
1776764951.0920527,0.8300000000000053,13,-25,28.178005607210743,3.4279812174222313,0.02771206822515048,189,365,207,291,269,193
1776764951.1493576,0.8300000000000053,13,-25,28.178005607210743,3.4279812174222313,0.02771206822515048,189,365,207,291,269,193
1776764951.2067134,0.8300000000000053,13,-25,28.178005607210743,3.4279812174222313,0.02771206822515048,189,365,207,291,269,193
1776764951.2637496,0.8300000000000053,13,-25,28.178005607210743,3.4279812174222313,0.02771206822515048,189,365,207,291,269,193
1776764951.3210094,0.8300000000000053,13,-25,28.178005607210743,3.4279812174222313,0.02771206822515048,189,365,207,291,269,193
1776764951.378828,0.8300000000000053,13,-26,29.068883707497267,3.5363605483573317,0.027205830712148864,189,365,207,291,269,192
1776764951.4315755,0.8300000000000053,13,-26,29.068883707497267,3.5363605483573317,0.027205830712148864,189,365,207,291,269,192
1776764951.4889789,0.8300000000000053,13,-26,29.068883707497267,3.5363605483573317,0.027205830712148864,189,365,207,291,269,192
1776764951.546082,0.8300000000000053,13,-26,29.068883707497267,3.5363605483573317,0.027205830712148864,189,365,207,291,269,192
1776764951.6039667,0.8300000000000053,13,-26,29.068883707497267,3.5363605483573317,0.027205830712148864,189,365,207,291,269,192
1776764951.6614642,0.8300000000000053,13,-26,29.068883707497267,3.5363605483573317,0.027205830712148864,189,365,207,291,269,192
1776764951.7145467,0.8300000000000053,13,-26,29.068883707497267,3.5363605483573317,0.027205830712148864,189,365,207,291,269,192
1776764951.771987,0.8300000000000053,13,-26,29.068883707497267,3.5363605483573317,0.027205830712148864,189,365,207,291,269,192
1776764951.8294153,0.8300000000000053,13,-26,29.068883707497267,3.5363605483573317,0.027205830712148864,189,365,207,291,269,192
1776764951.886228,0.8300000000000053,13,-26,29.068883707497267,3.5363605483573317,0.027205830712148864,189,365,207,291,269,192
1776764951.9434574,0.8300000000000053,13,-26,29.068883707497267,3.5363605483573317,0.027205830712148864,189,365,207,291,269,192
1776764952.0007563,0.8300000000000053,13,-26,29.068883707497267,3.5363605483573317,0.027205830712148864,189,365,207,291,269,192
1776764952.0542295,0.8300000000000053,13,-26,29.068883707497267,3.5363605483573317,0.027205830712148864,189,365,207,291,269,192
1776764952.111414,0.8300000000000053,13,-26,29.068883707497267,3.5363605483573317,0.027205830712148864,189,365,207,291,269,192
1776764952.1690695,0.8300000000000053,13,-26,29.068883707497267,3.5363605483573317,0.027205830712148864,189,365,207,291,269,192
1776764952.2260475,0.8300000000000053,13,-26,29.068883707497267,3.5363605483573317,0.027205830712148864,189,365,207,291,269,192
1776764952.2836978,0.8300000000000053,13,-26,29.068883707497267,3.5363605483573317,0.027205830712148864,189,365,207,291,269,192
1776764952.3370225,0.8300000000000053,13,-26,29.068883707497267,3.5363605483573317,0.027205830712148864,189,365,207,291,269,192
1776764952.3942597,0.8300000000000053,13,-26,29.068883707497267,3.5363605483573317,0.027205830712148864,189,365,207,291,269,192
1776764952.452058,0.8300000000000053,13,-26,29.068883707497267,3.5363605483573317,0.027205830712148864,189,365,207,291,269,192
1776764952.5093808,0.8300000000000053,13,-26,29.068883707497267,3.5363605483573317,0.027205830712148864,189,365,207,291,269,192
1776764952.5667067,0.8300000000000053,13,-26,29.068883707497267,3.5363605483573317,0.027205830712148864,189,365,207,291,269,192
1776764952.6232424,0.8300000000000053,13,-26,29.068883707497267,3.5363605483573317,0.027205830712148864,189,365,207,291,269,192
1776764952.6771064,0.8300000000000053,13,-26,29.068883707497267,3.5363605483573317,0.027205830712148864,189,365,207,291,269,192
1776764952.7345624,0.8300000000000053,13,-26,29.068883707497267,3.5363605483573317,0.027205830712148864,189,365,207,291,269,192
1776764952.7922328,0.8300000000000053,13,-26,29.068883707497267,3.5363605483573317,0.027205830712148864,189,365,207,291,269,192
1776764952.8490202,0.8300000000000053,13,-26,29.068883707497267,3.5363605483573317,0.027205830712148864,189,365,207,291,269,192
1776764952.906283,0.8300000000000053,13,-26,29.068883707497267,3.5363605483573317,0.027205830712148864,189,365,207,291,269,192
1776764952.9603136,0.8300000000000053,13,-26,29.068883707497267,3.5363605483573317,0.027205830712148864,189,365,207,291,269,192
1776764953.016483,0.8300000000000053,13,-26,29.068883707497267,3.5363605483573317,0.027205830712148864,189,365,207,291,269,192
1776764953.0743928,0.8300000000000053,13,-26,29.068883707497267,3.5363605483573317,0.027205830712148864,189,365,207,291,269,192
1776764953.1317465,0.8300000000000053,13,-26,29.068883707497267,3.5363605483573317,0.027205830712148864,189,365,207,291,269,192
1776764953.1890402,0.8300000000000053,13,-26,29.068883707497267,3.5363605483573317,0.027205830712148864,189,365,207,291,269,192
1776764953.2422924,0.8300000000000053,13,-26,29.068883707497267,3.5363605483573317,0.027205830712148864,189,365,207,291,269,192
1776764953.299668,0.8300000000000053,13,-26,29.068883707497267,3.5363605483573317,0.027205830712148864,189,365,207,291,269,192
1776764953.357426,0.8300000000000053,13,-27,29.966648127543394,3.645577631088004,0.02670907259519199,189,365,207,291,269,191
1776764953.414294,0.8300000000000053,13,-27,29.966648127543394,3.645577631088004,0.02670907259519199,189,365,207,291,269,191
1776764953.4714131,0.8300000000000053,13,-27,29.966648127543394,3.645577631088004,0.02670907259519199,189,365,207,291,269,191
1776764953.528769,0.8300000000000053,13,-27,29.966648127543394,3.645577631088004,0.02670907259519199,189,365,207,291,269,191
1776764953.582674,0.8300000000000053,13,-27,29.966648127543394,3.645577631088004,0.02670907259519199,189,365,207,291,269,191
1776764953.6396837,0.8300000000000053,13,-27,29.966648127543394,3.645577631088004,0.02670907259519199,189,365,207,291,269,191
1776764953.6967115,0.8300000000000053,13,-27,29.966648127543394,3.645577631088004,0.02732632465293437,189,365,207,290,269,191
1776764953.754135,0.8300000000000053,13,-27,29.966648127543394,3.645577631088004,0.02732632465293437,189,365,207,290,269,191
1776764953.8117173,0.8300000000000053,14,-27,30.4138126514911,3.699977208210596,0.02785229546654935,189,365,207,290,270,191
1776764953.8650763,0.8300000000000053,14,-28,31.304951684997057,3.808388282846357,0.027354785144623722,189,365,207,290,270,190
1776764953.9225364,0.8300000000000053,14,-28,31.304951684997057,3.808388282846357,0.02575405524664516,189,365,208,290,270,190
1776764953.9794958,0.8300000000000053,14,-28,31.304951684997057,3.808388282846357,0.026374675101301686,189,365,208,289,270,190
1776764954.0371456,0.8300000000000053,14,-29,32.202484376209235,3.917577174721318,0.02588680739313984,189,365,208,289,270,189
1776764954.0937119,0.8300000000000053,14,-29,32.202484376209235,3.917577174721318,0.02588680739313984,189,365,208,289,270,189
1776764954.1514714,0.8300000000000053,14,-29,32.202484376209235,3.917577174721318,0.02588680739313984,189,365,208,289,270,189
1776764954.2056768,0.8300000000000053,15,-30,33.54101966249684,4.0804160173353825,0.02592835260533466,189,365,208,289,271,188
1776764954.261657,0.8300000000000053,15,-30,33.54101966249684,4.0804160173353825,0.026531914600911425,189,365,208,288,271,188
1776764954.3190954,0.8300000000000053,15,-30,33.54101966249684,4.0804160173353825,0.026531914600911425,189,365,208,288,271,188
1776764954.3763986,0.8300000000000053,15,-31,34.438350715445125,4.189580379007922,0.026052216874360507,189,365,208,288,271,187
1776764954.4340339,0.8300000000000053,15,-31,34.438350715445125,4.189580379007922,0.026052216874360507,189,365,208,288,271,187
1776764954.487515,0.8300000000000053,15,-32,35.34119409414458,4.299415339920265,0.02616871273622028,189,365,208,287,271,186
1776764954.5447767,0.8300000000000053,15,-32,35.34119409414458,4.299415339920265,0.024639517250439856,189,365,209,287,271,186
1776764954.6017885,0.8300000000000053,15,-32,35.34119409414458,4.299415339920265,0.024639517250439856,189,365,209,287,271,186
1776764954.6597352,0.8300000000000053,16,-33,36.6742416417845,4.461586574426337,0.02528226533716327,189,365,209,286,272,185
1776764954.7169456,0.8300000000000053,16,-33,36.6742416417845,4.461586574426337,0.02528226533716327,189,365,209,286,272,185
1776764954.7740486,0.8300000000000053,16,-33,36.6742416417845,4.461586574426337,0.02528226533716327,189,365,209,286,272,185
1776764954.8273365,0.8300000000000053,16,-34,37.57658845611187,4.571361126047672,0.024819539021300536,189,365,209,286,272,184
1776764954.8848622,0.8300000000000053,16,-34,37.57658845611187,4.571361126047672,0.02540082245258059,189,365,209,285,272,184
1776764954.9419403,0.8300000000000053,16,-35,38.48376280978771,4.681722969560549,0.02493987897902607,189,365,209,285,272,183
1776764954.9999378,0.8300000000000053,16,-35,38.48376280978771,4.681722969560549,0.02493987897902607,189,365,209,285,272,183
1776764955.056591,0.8300000000000053,16,-35,38.48376280978771,4.681722969560549,0.025512559987258557,189,365,209,284,272,183
1776764955.1100526,0.8300000000000053,16,-36,39.395431207184416,4.792631533720732,0.025053411891208546,189,365,209,284,272,182
1776764955.1671374,0.8300000000000053,16,-36,39.395431207184416,4.792631533720732,0.025053411891208546,189,365,209,284,272,182
1776764955.2245045,0.8300000000000053,16,-36,39.395431207184416,4.792631533720732,0.025053411891208546,189,365,209,284,272,182
1776764955.2819655,0.8300000000000053,17,-36,39.81205847478876,4.843316116154351,0.026114533543338835,189,365,209,283,273,182
1776764955.3390708,0.8300000000000053,17,-37,40.718546143004666,4.953594421290105,0.02422012802998102,189,365,210,283,273,181
1776764955.3925374,0.8300000000000053,17,-37,40.718546143004666,4.953594421290105,0.02422012802998102,189,365,210,283,273,181
1776764955.4495025,0.8300000000000053,17,-37,40.718546143004666,4.953594421290105,0.02422012802998102,189,365,210,283,273,181
1776764955.5072808,0.8300000000000053,17,-38,41.6293165929973,5.0643937461067265,0.02377524333184914,189,365,210,283,273,180
1776764955.5641153,0.8300000000000053,17,-38,41.6293165929973,5.0643937461067265,0.02433535230708195,189,365,210,282,273,180
1776764955.621933,0.8300000000000053,17,-38,41.6293165929973,5.0643937461067265,0.02433535230708195,189,365,210,282,273,180
1776764955.6849804,0.8300000000000053,17,-38,41.6293165929973,5.0643937461067265,0.02433535230708195,189,365,210,282,273,180
1776764955.7326639,0.8300000000000053,17,-39,42.5440947723653,5.17568062924152,0.02389214124838169,189,365,210,282,273,179
1776764955.7903028,0.8300000000000053,17,-39,42.5440947723653,5.17568062924152,0.024444264193283115,189,365,210,281,273,179
1776764955.847201,0.8300000000000053,17,-39,42.5440947723653,5.17568062924152,0.024444264193283115,189,365,210,281,273,179
1776764955.9043498,0.8300000000000053,18,-39,42.95346318982906,5.22548213988188,0.024935430218312363,189,365,210,281,274,179
1776764955.9614453,0.8300000000000053,18,-40,43.86342439892262,5.336183016900561,0.024491248203988788,189,365,210,281,274,178
1776764956.015449,0.8300000000000053,18,-40,43.86342439892262,5.336183016900561,0.024491248203988788,189,365,210,281,274,178
1776764956.072741,0.8300000000000053,18,-40,43.86342439892262,5.336183016900561,0.02503564050019939,189,365,210,280,274,178
1776764956.1316211,0.8300000000000053,18,-40,43.86342439892262,5.336183016900561,0.02503564050019939,189,365,210,280,274,178
1776764956.1871824,0.8300000000000053,18,-41,44.77722635447622,5.447351138014138,0.024593175479850383,189,365,210,280,274,177
1776764956.2440042,0.8300000000000053,18,-41,44.77722635447622,5.447351138014138,0.024593175479850383,189,365,210,280,274,177
1776764956.3014748,0.8300000000000053,18,-41,44.77722635447622,5.447351138014138,0.024593175479850383,189,365,210,280,274,177
1776764956.3547673,0.8300000000000053,18,-41,44.77722635447622,5.447351138014138,0.025130080149244824,189,365,210,279,274,177
1776764956.412434,0.8300000000000053,18,-41,44.77722635447622,5.447351138014138,0.025130080149244824,189,365,210,279,274,177
1776764956.4699662,0.8300000000000053,18,-42,45.69463863518345,5.55895847143351,0.024689340608674788,189,365,210,279,274,176
1776764956.526855,0.8300000000000053,18,-42,45.69463863518345,5.55895847143351,0.023329991493744075,189,365,211,279,274,176
1776764956.5838518,0.8300000000000053,18,-42,45.69463863518345,5.55895847143351,0.023329991493744075,189,365,211,279,274,176
1776764956.6373653,0.8300000000000053,18,-42,45.69463863518345,5.55895847143351,0.023329991493744075,189,365,211,279,274,176
1776764956.6945739,0.8300000000000053,18,-42,45.69463863518345,5.55895847143351,0.02386880027021346,189,365,211,278,274,176
1776764956.752415,0.8300000000000053,18,-43,46.61544808322666,5.670979085550688,0.02343611833894165,189,365,211,278,274,175
1776764956.8099062,0.8300000000000053,18,-43,46.61544808322666,5.670979085550688,0.02343611833894165,189,365,211,278,274,175
1776764956.8671176,0.8300000000000053,18,-43,46.61544808322666,5.670979085550688,0.02343611833894165,189,365,211,278,274,175
1776764956.924512,0.8300000000000053,18,-43,46.61544808322666,5.670979085550688,0.02343611833894165,189,365,211,278,274,175
1776764956.9775913,0.8300000000000053,18,-43,46.61544808322666,5.670979085550688,0.023967658776627897,189,365,211,277,274,175
1776764957.0350132,0.8300000000000053,18,-44,47.53945729601885,5.783388965452414,0.023536621169892618,189,365,211,277,274,174
1776764957.0923529,0.8300000000000053,18,-44,47.53945729601885,5.783388965452414,0.023536621169892618,189,365,211,277,274,174
1776764957.1497324,0.8300000000000053,18,-44,47.53945729601885,5.783388965452414,0.023536621169892618,189,365,211,277,274,174
1776764957.2069929,0.8300000000000053,18,-44,47.53945729601885,5.783388965452414,0.023536621169892618,189,365,211,277,274,174
1776764957.2602594,0.8300000000000053,18,-44,47.53945729601885,5.783388965452414,0.023536621169892618,189,365,211,277,274,174
1776764957.3176901,0.8300000000000053,18,-45,48.46648326421054,5.896165847227559,0.023631720025747135,189,365,211,276,274,173
1776764957.3745644,0.8300000000000053,18,-45,48.46648326421054,5.896165847227559,0.023631720025747135,189,365,211,276,274,173
1776764957.4324563,0.8300000000000053,18,-45,48.46648326421054,5.896165847227559,0.023631720025747135,189,365,211,276,274,173
1776764957.4895616,0.8300000000000053,18,-45,48.46648326421054,5.896165847227559,0.023631720025747135,189,365,211,276,274,173
1776764957.5430822,0.8300000000000053,18,-45,48.46648326421054,5.896165847227559,0.023631720025747135,189,365,211,276,274,173
1776764957.6002579,0.8300000000000053,18,-45,48.46648326421054,5.896165847227559,0.023631720025747135,189,365,211,276,274,173
1776764957.6585152,0.8300000000000053,18,-46,49.39635614091387,6.009289068237697,0.02372162528313849,189,365,211,275,274,172
1776764957.7146373,0.8300000000000053,19,-46,49.76946855251722,6.054679872569004,0.024196966950386648,189,365,211,275,275,172
1776764957.7717311,0.8300000000000053,19,-46,49.76946855251722,6.054679872569004,0.024196966950386648,189,365,211,275,275,172
1776764957.8296323,0.8300000000000053,19,-46,49.76946855251722,6.054679872569004,0.024196966950386648,189,365,211,275,275,172
1776764957.8829818,0.8300000000000053,19,-46,49.76946855251722,6.054679872569004,0.024196966950386648,189,365,211,275,275,172
1776764957.9403548,0.8300000000000053,19,-46,49.76946855251722,6.054679872569004,0.02289980142814312,189,365,212,275,275,172
1776764957.9974906,0.8300000000000053,19,-46,49.76946855251722,6.054679872569004,0.02289980142814312,189,365,212,275,275,172
1776764958.0550902,0.8300000000000053,19,-47,50.695167422546305,6.167295306879112,0.022996421243064776,189,365,212,274,275,171
1776764958.1128786,0.8300000000000053,19,-47,50.695167422546305,6.167295306879112,0.022996421243064776,189,365,212,274,275,171
1776764958.165533,0.8300000000000053,19,-47,50.695167422546305,6.167295306879112,0.022996421243064776,189,365,212,274,275,171
1776764958.2226493,0.8300000000000053,19,-47,50.695167422546305,6.167295306879112,0.022996421243064776,189,365,212,274,275,171
1776764958.2811553,0.8300000000000053,19,-47,50.695167422546305,6.167295306879112,0.022996421243064776,189,365,212,274,275,171
1776764958.3375242,0.8300000000000053,19,-47,50.695167422546305,6.167295306879112,0.022996421243064776,189,365,212,274,275,171
1776764958.3943496,0.8300000000000053,19,-48,51.62363799656123,6.280247931455137,0.02258142395238845,189,365,212,274,275,170
1776764958.4521968,0.8300000000000053,19,-48,51.62363799656123,6.280247931455137,0.02308799938701308,189,365,212,273,275,170
1776764958.5050704,0.8300000000000053,19,-48,51.62363799656123,6.280247931455137,0.02308799938701308,189,365,212,273,275,170
1776764958.562614,0.8300000000000053,19,-48,51.62363799656123,6.280247931455137,0.02308799938701308,189,365,212,273,275,170
1776764958.6205459,0.8300000000000053,19,-48,51.62363799656123,6.280247931455137,0.02308799938701308,189,365,212,273,275,170
1776764958.677411,0.8300000000000053,19,-49,52.55473337388365,6.393519875168327,0.02267455525561656,189,365,212,273,275,169
1776764958.7346954,0.8300000000000053,19,-49,52.55473337388365,6.393519875168327,0.02267455525561656,189,365,212,273,275,169
1776764958.787567,0.8300000000000053,19,-49,52.55473337388365,6.393519875168327,0.023174726343045446,189,365,212,272,275,169
1776764958.8454401,0.8300000000000053,19,-49,52.55473337388365,6.393519875168327,0.023174726343045446,189,365,212,272,275,169
1776764958.9024155,0.8300000000000053,19,-49,52.55473337388365,6.393519875168327,0.023174726343045446,189,365,212,272,275,169
1776764958.959666,0.8300000000000053,19,-49,52.55473337388365,6.393519875168327,0.023174726343045446,189,365,212,272,275,169
1776764959.0171893,0.8300000000000053,19,-49,52.55473337388365,6.393519875168327,0.023174726343045446,189,365,212,272,275,169
1776764959.074791,0.8300000000000053,19,-49,52.55473337388365,6.393519875168327,0.023174726343045446,189,365,212,272,275,169
1776764959.128135,0.8300000000000053,19,-49,52.55473337388365,6.393519875168327,0.023174726343045446,189,365,212,272,275,169
1776764959.185267,0.8300000000000053,19,-49,52.55473337388365,6.393519875168327,0.023174726343045446,189,365,212,272,275,169
1776764959.2424793,0.8300000000000053,19,-49,52.55473337388365,6.393519875168327,0.023174726343045446,189,365,212,272,275,169
1776764959.299852,0.8300000000000053,19,-49,52.55473337388365,6.393519875168327,0.023174726343045446,189,365,212,272,275,169
1776764959.3576894,0.8300000000000053,19,-49,52.55473337388365,6.393519875168327,0.023174726343045446,189,365,212,272,275,169
1776764959.4104805,0.8300000000000053,19,-49,52.55473337388365,6.393519875168327,0.023174726343045446,189,365,212,272,275,169
1776764959.4680445,0.8300000000000053,19,-49,52.55473337388365,6.393519875168327,0.023174726343045446,189,365,212,272,275,169
1776764959.5251734,0.8300000000000053,19,-49,52.55473337388365,6.393519875168327,0.023174726343045446,189,365,212,272,275,169
1776764959.5823464,0.8300000000000053,19,-49,52.55473337388365,6.393519875168327,0.023174726343045446,189,365,212,272,275,169
1776764959.6400437,0.8300000000000053,19,-49,52.55473337388365,6.393519875168327,0.023174726343045446,189,365,212,272,275,169
1776764959.693165,0.8300000000000053,19,-49,52.55473337388365,6.393519875168327,0.023174726343045446,189,365,212,272,275,169
1776764959.7507484,0.8300000000000053,19,-49,52.55473337388365,6.393519875168327,0.023174726343045446,189,365,212,272,275,169
1776764959.807769,0.8300000000000053,19,-49,52.55473337388365,6.393519875168327,0.023174726343045446,189,365,212,272,275,169
1776764959.8648164,0.8300000000000053,19,-49,52.55473337388365,6.393519875168327,0.023174726343045446,189,365,212,272,275,169
1776764959.9225767,0.8300000000000053,19,-49,52.55473337388365,6.393519875168327,0.023174726343045446,189,365,212,272,275,169
1776764959.9800105,0.8300000000000053,19,-49,52.55473337388365,6.393519875168327,0.023174726343045446,189,365,212,272,275,169
1776764960.0334373,0.8300000000000053,19,-49,52.55473337388365,6.393519875168327,0.023174726343045446,189,365,212,272,275,169
1776764960.0906453,0.8300000000000053,19,-49,52.55473337388365,6.393519875168327,0.023174726343045446,189,365,212,272,275,169
1776764960.148028,0.8300000000000053,19,-49,52.55473337388365,6.393519875168327,0.023174726343045446,189,365,212,272,275,169
1776764960.2053792,0.8300000000000053,19,-49,52.55473337388365,6.393519875168327,0.023174726343045446,189,365,212,272,275,169
1776764960.262651,0.8300000000000053,19,-49,52.55473337388365,6.393519875168327,0.023174726343045446,189,365,212,272,275,169
1776764960.3161025,0.8300000000000053,19,-49,52.55473337388365,6.393519875168327,0.023174726343045446,189,365,212,272,275,169
1776764960.3741734,0.8300000000000053,19,-49,52.55473337388365,6.393519875168327,0.023174726343045446,189,365,212,272,275,169
1776764960.4300592,0.8300000000000053,19,-50,53.48831648126533,6.507094462441037,0.022762841609865206,189,365,212,272,275,168
1776764960.4877152,0.8300000000000053,19,-50,53.48831648126533,6.507094462441037,0.022762841609865206,189,365,212,272,275,168
1776764960.5450578,0.8300000000000053,19,-50,53.48831648126533,6.507094462441037,0.022762841609865206,189,365,212,272,275,168
1776764960.6022627,0.8300000000000053,19,-50,53.48831648126533,6.507094462441037,0.022762841609865206,189,365,212,272,275,168
1776764960.6559026,0.8300000000000053,19,-50,53.48831648126533,6.507094462441037,0.022762841609865206,189,365,212,272,275,168
1776764960.71291,0.8300000000000053,19,-50,53.48831648126533,6.507094462441037,0.022762841609865206,189,365,212,272,275,168
1776764960.7706828,0.8300000000000053,19,-50,53.48831648126533,6.507094462441037,0.022762841609865206,189,365,212,272,275,168
1776764960.8279665,0.8300000000000053,19,-50,53.48831648126533,6.507094462441037,0.022762841609865206,189,365,212,272,275,168
1776764960.8850589,0.8300000000000053,19,-50,53.48831648126533,6.507094462441037,0.022762841609865206,189,365,212,272,275,168
1776764960.9381723,0.8300000000000053,19,-50,53.48831648126533,6.507094462441037,0.022762841609865206,189,365,212,272,275,168
1776764960.9952424,0.8300000000000053,19,-50,53.48831648126533,6.507094462441037,0.022762841609865206,189,365,212,272,275,168
1776764961.0527062,0.8300000000000053,19,-50,53.48831648126533,6.507094462441037,0.022762841609865206,189,365,212,272,275,168
1776764961.1099315,0.8300000000000053,19,-50,53.48831648126533,6.507094462441037,0.022762841609865206,189,365,212,272,275,168
1776764961.1676052,0.8300000000000053,19,-50,53.48831648126533,6.507094462441037,0.022762841609865206,189,365,212,272,275,168
1776764961.224699,0.8300000000000053,19,-50,53.48831648126533,6.507094462441037,0.022762841609865206,189,365,212,272,275,168
1776764961.2780135,0.8300000000000053,19,-50,53.48831648126533,6.507094462441037,0.022762841609865206,189,365,212,272,275,168
1776764961.3357828,0.8300000000000053,19,-50,53.48831648126533,6.507094462441037,0.022762841609865206,189,365,212,272,275,168
1776764961.3928761,0.8300000000000053,19,-50,53.48831648126533,6.507094462441037,0.022762841609865206,189,365,212,272,275,168
1776764961.450276,0.8300000000000053,19,-50,53.48831648126533,6.507094462441037,0.022762841609865206,189,365,212,272,275,168
1776764961.507905,0.8300000000000053,19,-50,53.48831648126533,6.507094462441037,0.022762841609865206,189,365,212,272,275,168
1776764961.5607283,0.8300000000000053,19,-50,53.48831648126533,6.507094462441037,0.022762841609865206,189,365,212,272,275,168
1776764961.6185944,0.8300000000000053,19,-50,53.48831648126533,6.507094462441037,0.022762841609865206,189,365,212,272,275,168
1776764961.6755,0.8300000000000053,19,-50,53.48831648126533,6.507094462441037,0.022762841609865206,189,365,212,272,275,168
1776764961.733187,0.8300000000000053,19,-50,53.48831648126533,6.507094462441037,0.022762841609865206,189,365,212,272,275,168
1776764961.7908347,0.8300000000000053,19,-50,53.48831648126533,6.507094462441037,0.022762841609865206,189,365,212,272,275,168
1776764961.8432286,0.8300000000000053,19,-50,53.48831648126533,6.507094462441037,0.022762841609865206,189,365,212,272,275,168
1776764961.900782,0.8300000000000053,19,-50,53.48831648126533,6.507094462441037,0.022762841609865206,189,365,212,272,275,168
1776764961.958502,0.8300000000000053,19,-50,53.48831648126533,6.507094462441037,0.022762841609865206,189,365,212,272,275,168
1776764962.0152977,0.8300000000000053,19,-50,53.48831648126533,6.507094462441037,0.022762841609865206,189,365,212,272,275,168
1776764962.0726128,0.8300000000000053,19,-50,53.48831648126533,6.507094462441037,0.022762841609865206,189,365,212,272,275,168
1776764962.1302533,0.8300000000000053,19,-50,53.48831648126533,6.507094462441037,0.022762841609865206,189,365,212,272,275,168
1776764962.1836622,0.8300000000000053,19,-50,53.48831648126533,6.507094462441037,0.022762841609865206,189,365,212,272,275,168
1776764962.2408943,0.8300000000000053,19,-50,53.48831648126533,6.507094462441037,0.022762841609865206,189,365,212,272,275,168
1776764962.2979507,0.8300000000000053,19,-50,53.48831648126533,6.507094462441037,0.022762841609865206,189,365,212,272,275,168
1776764962.3556404,0.8300000000000053,19,-50,53.48831648126533,6.507094462441037,0.022762841609865206,189,365,212,272,275,168
1776764962.4125032,0.8300000000000053,19,-50,53.48831648126533,6.507094462441037,0.022762841609865206,189,365,212,272,275,168
1776764962.4661467,0.8300000000000053,19,-50,53.48831648126533,6.507094462441037,0.022762841609865206,189,365,212,272,275,168
1776764962.5236852,0.8300000000000053,19,-50,53.48831648126533,6.507094462441037,0.022762841609865206,189,365,212,272,275,168
1776764962.580918,0.8300000000000053,19,-50,53.48831648126533,6.507094462441037,0.022762841609865206,189,365,212,272,275,168
1776764962.6384451,0.8300000000000053,19,-50,53.48831648126533,6.507094462441037,0.022762841609865206,189,365,212,272,275,168
1776764962.6951137,0.8300000000000053,19,-50,53.48831648126533,6.507094462441037,0.022762841609865206,189,365,212,272,275,168
1776764962.7527924,0.8300000000000053,19,-50,53.48831648126533,6.507094462441037,0.023256784549820636,189,365,212,271,275,168
1776764962.8086016,0.8300000000000053,19,-50,53.48831648126533,6.507094462441037,0.023256784549820636,189,365,212,271,275,168
1776764962.8629966,0.8300000000000053,19,-50,53.48831648126533,6.507094462441037,0.023256784549820636,189,365,212,271,275,168
1776764962.921006,0.8300000000000053,19,-50,53.48831648126533,6.507094462441037,0.023256784549820636,189,365,212,271,275,168
1776764962.978316,0.8300000000000053,19,-50,53.48831648126533,6.507094462441037,0.023256784549820636,189,365,212,271,275,168
1776764963.0353677,0.8300000000000053,19,-50,53.48831648126533,6.507094462441037,0.023256784549820636,189,365,212,271,275,168
1776764963.0887427,0.8300000000000053,19,-50,53.48831648126533,6.507094462441037,0.023256784549820636,189,365,212,271,275,168
1776764963.1457462,0.8300000000000053,19,-50,53.48831648126533,6.507094462441037,0.023256784549820636,189,365,212,271,275,168
1776764963.203696,0.8300000000000053,19,-50,53.48831648126533,6.507094462441037,0.023256784549820636,189,365,212,271,275,168
1776764963.2612731,0.8300000000000053,19,-50,53.48831648126533,6.507094462441037,0.023256784549820636,189,365,212,271,275,168
1776764963.3178294,0.8300000000000053,19,-50,53.48831648126533,6.507094462441037,0.023256784549820636,189,365,212,271,275,168
1776764963.3750107,0.8300000000000053,19,-50,53.48831648126533,6.507094462441037,0.023256784549820636,189,365,212,271,275,168
1776764963.4284256,0.8300000000000053,19,-50,53.48831648126533,6.507094462441037,0.023256784549820636,189,365,212,271,275,168
1776764963.4871104,0.8300000000000053,19,-50,53.48831648126533,6.507094462441037,0.023256784549820636,189,365,212,271,275,168
1776764963.5435972,0.8300000000000053,19,-50,53.48831648126533,6.507094462441037,0.023256784549820636,189,365,212,271,275,168
1776764963.600596,0.8300000000000053,19,-50,53.48831648126533,6.507094462441037,0.023256784549820636,189,365,212,271,275,168
1776764963.6577485,0.8300000000000053,19,-50,53.48831648126533,6.507094462441037,0.023256784549820636,189,365,212,271,275,168
1776764963.711065,0.8300000000000053,19,-50,53.48831648126533,6.507094462441037,0.023256784549820636,189,365,212,271,275,168
1776764963.7689602,0.8300000000000053,19,-50,53.48831648126533,6.507094462441037,0.023256784549820636,189,365,212,271,275,168
1776764963.8257236,0.8300000000000053,19,-50,53.48831648126533,6.507094462441037,0.023256784549820636,189,365,212,271,275,168
1776764963.8833122,0.8300000000000053,19,-50,53.48831648126533,6.507094462441037,0.023256784549820636,189,365,212,271,275,168
1776764963.9405465,0.8300000000000053,19,-50,53.48831648126533,6.507094462441037,0.023256784549820636,189,365,212,271,275,168
1776764963.9939342,0.8300000000000053,19,-50,53.48831648126533,6.507094462441037,0.023256784549820636,189,365,212,271,275,168
1776764964.0515058,0.8300000000000053,19,-50,53.48831648126533,6.507094462441037,0.023256784549820636,189,365,212,271,275,168
1776764964.1089532,0.8300000000000053,19,-50,53.48831648126533,6.507094462441037,0.023256784549820636,189,365,212,271,275,168
1776764964.1660514,0.8300000000000053,19,-50,53.48831648126533,6.507094462441037,0.023256784549820636,189,365,212,271,275,168
1776764964.2234762,0.8300000000000053,19,-50,53.48831648126533,6.507094462441037,0.023256784549820636,189,365,212,271,275,168
1776764964.2804174,0.8300000000000053,19,-50,53.48831648126533,6.507094462441037,0.023256784549820636,189,365,212,271,275,168
1776764964.3334768,0.8300000000000053,19,-50,53.48831648126533,6.507094462441037,0.023256784549820636,189,365,212,271,275,168
1776764964.390994,0.8300000000000053,19,-50,53.48831648126533,6.507094462441037,0.023256784549820636,189,365,212,271,275,168
1776764964.448519,0.8300000000000053,19,-50,53.48831648126533,6.507094462441037,0.023256784549820636,189,365,212,271,275,168
1776764964.5057435,0.8300000000000053,19,-50,53.48831648126533,6.507094462441037,0.023256784549820636,189,365,212,271,275,168
1776764964.563188,0.8300000000000053,19,-50,53.48831648126533,6.507094462441037,0.023256784549820636,189,365,212,271,275,168
1776764964.6170533,0.8300000000000053,19,-50,53.48831648126533,6.507094462441037,0.023256784549820636,189,365,212,271,275,168
1776764964.6738107,0.8300000000000053,19,-50,53.48831648126533,6.507094462441037,0.023256784549820636,189,365,212,271,275,168
1776764964.7314436,0.8300000000000053,19,-50,53.48831648126533,6.507094462441037,0.023256784549820636,189,365,212,271,275,168
1776764964.7887075,0.8300000000000053,19,-50,53.48831648126533,6.507094462441037,0.023256784549820636,189,365,212,271,275,168
1776764964.8457391,0.8300000000000053,19,-50,53.48831648126533,6.507094462441037,0.023256784549820636,189,365,212,271,275,168
1776764964.903383,0.8300000000000053,19,-50,53.48831648126533,6.507094462441037,0.023256784549820636,189,365,212,271,275,168
1776764964.957035,0.8300000000000053,19,-50,53.48831648126533,6.507094462441037,0.023256784549820636,189,365,212,271,275,168
1776764965.0140822,0.8300000000000053,19,-50,53.48831648126533,6.507094462441037,0.023256784549820636,189,365,212,271,275,168
1776764965.0714793,0.8300000000000053,19,-50,53.48831648126533,6.507094462441037,0.023256784549820636,189,365,212,271,275,168
1776764965.128399,0.8300000000000053,19,-50,53.48831648126533,6.507094462441037,0.023256784549820636,189,365,212,271,275,168
1776764965.1858053,0.8300000000000053,19,-50,53.48831648126533,6.507094462441037,0.023256784549820636,189,365,212,271,275,168
1776764965.2392786,0.8300000000000053,19,-50,53.48831648126533,6.507094462441037,0.023256784549820636,189,365,212,271,275,168
1776764965.295937,0.8300000000000053,19,-50,53.48831648126533,6.507094462441037,0.023256784549820636,189,365,212,271,275,168
1776764965.3536158,0.8300000000000053,19,-50,53.48831648126533,6.507094462441037,0.023256784549820636,189,365,212,271,275,168
1776764965.4110959,0.8300000000000053,19,-50,53.48831648126533,6.507094462441037,0.023256784549820636,189,365,212,271,275,168
1776764965.468534,0.8300000000000053,19,-50,53.48831648126533,6.507094462441037,0.023256784549820636,189,365,212,271,275,168
1776764965.5251114,0.8300000000000053,19,-50,53.48831648126533,6.507094462441037,0.023256784549820636,189,365,212,271,275,168
1776764965.5790105,0.8300000000000053,19,-50,53.48831648126533,6.507094462441037,0.023256784549820636,189,365,212,271,275,168
1776764965.6359246,0.8300000000000053,19,-50,53.48831648126533,6.507094462441037,0.023256784549820636,189,365,212,271,275,168
1776764965.6932514,0.8300000000000053,19,-50,53.48831648126533,6.507094462441037,0.023256784549820636,189,365,212,271,275,168
1776764965.7509782,0.8300000000000053,19,-50,53.48831648126533,6.507094462441037,0.023256784549820636,189,365,212,271,275,168
1776764965.8082166,0.8300000000000053,19,-50,53.48831648126533,6.507094462441037,0.023256784549820636,189,365,212,271,275,168
1776764965.8616533,0.8300000000000053,19,-50,53.48831648126533,6.507094462441037,0.023256784549820636,189,365,212,271,275,168
1776764965.9185402,0.8300000000000053,19,-50,53.48831648126533,6.507094462441037,0.023256784549820636,189,365,212,271,275,168
1776764965.9765892,0.8300000000000053,19,-50,53.48831648126533,6.507094462441037,0.023256784549820636,189,365,212,271,275,168
1776764966.0335689,0.8300000000000053,19,-50,53.48831648126533,6.507094462441037,0.023256784549820636,189,365,212,271,275,168
1776764966.0907469,0.8300000000000053,19,-50,53.48831648126533,6.507094462441037,0.023256784549820636,189,365,212,271,275,168
1776764966.1441972,0.8300000000000053,19,-50,53.48831648126533,6.507094462441037,0.023256784549820636,189,365,212,271,275,168
1776764966.201486,0.8300000000000053,19,-50,53.48831648126533,6.507094462441037,0.023256784549820636,189,365,212,271,275,168
1776764966.258451,0.8300000000000053,19,-50,53.48831648126533,6.507094462441037,0.023256784549820636,189,365,212,271,275,168
1776764966.3159766,0.8300000000000053,19,-50,53.48831648126533,6.507094462441037,0.023256784549820636,189,365,212,271,275,168
1776764966.373167,0.8300000000000053,19,-50,53.48831648126533,6.507094462441037,0.023256784549820636,189,365,212,271,275,168
1776764966.4304092,0.8300000000000053,19,-50,53.48831648126533,6.507094462441037,0.023256784549820636,189,365,212,271,275,168
1776764966.4842112,0.8300000000000053,19,-50,53.48831648126533,6.507094462441037,0.023256784549820636,189,365,212,271,275,168
1776764966.5417154,0.8300000000000053,19,-50,53.48831648126533,6.507094462441037,0.023256784549820636,189,365,212,271,275,168
1776764966.5990362,0.8300000000000053,19,-50,53.48831648126533,6.507094462441037,0.023256784549820636,189,365,212,271,275,168
1776764966.6557744,0.8300000000000053,19,-50,53.48831648126533,6.507094462441037,0.023256784549820636,189,365,212,271,275,168
1776764966.7130878,0.8300000000000053,19,-50,53.48831648126533,6.507094462441037,0.023256784549820636,189,365,212,271,275,168
1776764966.766717,0.8300000000000053,19,-50,53.48831648126533,6.507094462441037,0.023256784549820636,189,365,212,271,275,168
1776764966.8245153,0.8300000000000053,19,-50,53.48831648126533,6.507094462441037,0.023256784549820636,189,365,212,271,275,168
1776764966.8811188,0.8300000000000053,19,-50,53.48831648126533,6.507094462441037,0.023256784549820636,189,365,212,271,275,168
1776764966.93864,0.8300000000000053,19,-50,53.48831648126533,6.507094462441037,0.023256784549820636,189,365,212,271,275,168
1776764966.99631,0.8300000000000053,19,-50,53.48831648126533,6.507094462441037,0.023256784549820636,189,365,212,271,275,168
1776764967.0540812,0.8300000000000053,19,-50,53.48831648126533,6.507094462441037,0.023256784549820636,189,365,212,271,275,168
1776764967.1064708,0.8300000000000053,19,-50,53.48831648126533,6.507094462441037,0.023256784549820636,189,365,212,271,275,168
1776764967.1641486,0.8300000000000053,19,-50,53.48831648126533,6.507094462441037,0.023256784549820636,189,365,212,271,275,168
1776764967.2213993,0.8300000000000053,19,-50,53.48831648126533,6.507094462441037,0.023256784549820636,189,365,212,271,275,168
1776764967.2786825,0.8300000000000053,19,-50,53.48831648126533,6.507094462441037,0.023256784549820636,189,365,212,271,275,168
1776764967.3362868,0.8300000000000053,19,-50,53.48831648126533,6.507094462441037,0.023256784549820636,189,365,212,271,275,168
1776764967.3892071,0.8300000000000053,19,-50,53.48831648126533,6.507094462441037,0.023256784549820636,189,365,212,271,275,168
1776764967.446763,0.8300000000000053,19,-51,54.42425929675111,6.620956118826169,0.022846464637226106,189,365,212,271,275,167
1776764967.5038226,0.8300000000000053,19,-51,54.42425929675111,6.620956118826169,0.022846464637226106,189,365,212,271,275,167
1776764967.5611255,0.8300000000000053,19,-51,54.42425929675111,6.620956118826169,0.022846464637226106,189,365,212,271,275,167
1776764967.61867,0.8300000000000053,19,-51,54.42425929675111,6.620956118826169,0.022846464637226106,189,365,212,271,275,167
1776764967.6760168,0.8300000000000053,19,-51,54.42425929675111,6.620956118826169,0.022846464637226106,189,365,212,271,275,167
1776764967.7293642,0.8300000000000053,19,-51,54.42425929675111,6.620956118826169,0.022846464637226106,189,365,212,271,275,167
1776764967.786418,0.8300000000000053,19,-51,54.42425929675111,6.620956118826169,0.022846464637226106,189,365,212,271,275,167
1776764967.8434882,0.8300000000000053,19,-51,54.42425929675111,6.620956118826169,0.022846464637226106,189,365,212,271,275,167
1776764967.9008322,0.8300000000000053,19,-51,54.42425929675111,6.620956118826169,0.022846464637226106,189,365,212,271,275,167
1776764967.9581246,0.8300000000000053,19,-51,54.42425929675111,6.620956118826169,0.022846464637226106,189,365,212,271,275,167
1776764968.0115287,0.8300000000000053,19,-51,54.42425929675111,6.620956118826169,0.022846464637226106,189,365,212,271,275,167
1776764968.0692701,0.8300000000000053,19,-51,54.42425929675111,6.620956118826169,0.022846464637226106,189,365,212,271,275,167
1776764968.1264062,0.8300000000000053,19,-51,54.42425929675111,6.620956118826169,0.022846464637226106,189,365,212,271,275,167
1776764968.1835046,0.8300000000000053,19,-51,54.42425929675111,6.620956118826169,0.022846464637226106,189,365,212,271,275,167
1776764968.2411978,0.8300000000000053,19,-51,54.42425929675111,6.620956118826169,0.022846464637226106,189,365,212,271,275,167
1776764968.2984693,0.8300000000000053,19,-51,54.42425929675111,6.620956118826169,0.022846464637226106,189,365,212,271,275,167
1776764968.3515031,0.8300000000000053,19,-51,54.42425929675111,6.620956118826169,0.022846464637226106,189,365,212,271,275,167
1776764968.40877,0.8300000000000053,19,-51,54.42425929675111,6.620956118826169,0.022846464637226106,189,365,212,271,275,167
1776764968.4666183,0.8300000000000053,19,-51,54.42425929675111,6.620956118826169,0.022846464637226106,189,365,212,271,275,167
1776764968.523853,0.8300000000000053,19,-51,54.42425929675111,6.620956118826169,0.022846464637226106,189,365,212,271,275,167
1776764968.581429,0.8300000000000053,19,-51,54.42425929675111,6.620956118826169,0.022846464637226106,189,365,212,271,275,167
1776764968.6349342,0.8300000000000053,19,-51,54.42425929675111,6.620956118826169,0.022846464637226106,189,365,212,271,275,167
1776764968.6918378,0.8300000000000053,19,-51,54.42425929675111,6.620956118826169,0.022846464637226106,189,365,212,271,275,167
1776764968.7495499,0.8300000000000053,19,-51,54.42425929675111,6.620956118826169,0.022846464637226106,189,365,212,271,275,167
1776764968.8066237,0.8300000000000053,19,-51,54.42425929675111,6.620956118826169,0.022846464637226106,189,365,212,271,275,167
1776764968.863411,0.8300000000000053,19,-51,54.42425929675111,6.620956118826169,0.022846464637226106,189,365,212,271,275,167
1776764968.9171705,0.8300000000000053,19,-51,54.42425929675111,6.620956118826169,0.022846464637226106,189,365,212,271,275,167
1776764968.9746947,0.8300000000000053,19,-51,54.42425929675111,6.620956118826169,0.022846464637226106,189,365,212,271,275,167
1776764969.0320191,0.8300000000000053,19,-51,54.42425929675111,6.620956118826169,0.022846464637226106,189,365,212,271,275,167
1776764969.0890377,0.8300000000000053,19,-51,54.42425929675111,6.620956118826169,0.022846464637226106,189,365,212,271,275,167
1776764969.1460295,0.8300000000000053,19,-51,54.42425929675111,6.620956118826169,0.022846464637226106,189,365,212,271,275,167
1776764969.203844,0.8300000000000053,19,-51,54.42425929675111,6.620956118826169,0.022846464637226106,189,365,212,271,275,167
1776764969.2570615,0.8300000000000053,19,-51,54.42425929675111,6.620956118826169,0.022846464637226106,189,365,212,271,275,167
1776764969.3145661,0.8300000000000053,19,-51,54.42425929675111,6.620956118826169,0.022846464637226106,189,365,212,271,275,167
1776764969.429045,0.8300000000000053,19,-51,54.42425929675111,6.620956118826169,0.022846464637226106,189,365,212,271,275,167
1776764969.4859025,0.8300000000000053,19,-51,54.42425929675111,6.620956118826169,0.022846464637226106,189,365,212,271,275,167
1776764969.5395944,0.8300000000000053,19,-51,54.42425929675111,6.620956118826169,0.022846464637226106,189,365,212,271,275,167
1776764969.5981405,0.8300000000000053,19,-51,54.42425929675111,6.620956118826169,0.022846464637226106,189,365,212,271,275,167
1776764969.6545954,0.8300000000000053,19,-51,54.42425929675111,6.620956118826169,0.02160259398107427,189,365,213,271,275,167
1776764969.7114573,0.8300000000000053,19,-51,54.42425929675111,6.620956118826169,0.02160259398107427,189,365,213,271,275,167
1776764969.7687123,0.8300000000000053,19,-51,54.42425929675111,6.620956118826169,0.02160259398107427,189,365,213,271,275,167
1776764969.8263123,0.8300000000000053,19,-51,54.42425929675111,6.620956118826169,0.02160259398107427,189,365,213,271,275,167
1776764969.8798492,0.8300000000000053,19,-51,54.42425929675111,6.620956118826169,0.02160259398107427,189,365,213,271,275,167
1776764969.9375474,0.8300000000000053,19,-51,54.42425929675111,6.620956118826169,0.02160259398107427,189,365,213,271,275,167
1776764969.994341,0.8300000000000053,19,-51,54.42425929675111,6.620956118826169,0.02160259398107427,189,365,213,271,275,167
1776764970.0513968,0.8300000000000053,19,-51,54.42425929675111,6.620956118826169,0.02160259398107427,189,365,213,271,275,167
1776764970.1086,0.8300000000000053,19,-51,54.42425929675111,6.620956118826169,0.02160259398107427,189,365,213,271,275,167
1776764970.1618724,0.8300000000000053,19,-51,54.42425929675111,6.620956118826169,0.02160259398107427,189,365,213,271,275,167
1776764970.2193606,0.8300000000000053,20,-51,54.78138369920935,6.664401909879483,0.02257226509337446,189,365,213,270,276,167
1776764970.277248,0.8300000000000053,20,-51,54.78138369920935,6.664401909879483,0.02257226509337446,189,365,213,270,276,167
1776764970.3343134,0.8300000000000053,20,-51,54.78138369920935,6.664401909879483,0.02257226509337446,189,365,213,270,276,167
1776764970.3914938,0.8300000000000053,20,-51,54.78138369920935,6.664401909879483,0.02257226509337446,189,365,213,270,276,167
1776764970.4486754,0.8300000000000053,20,-51,54.78138369920935,6.664401909879483,0.02257226509337446,189,365,213,270,276,167
1776764970.5022788,0.8300000000000053,20,-51,54.78138369920935,6.664401909879483,0.02257226509337446,189,365,213,270,276,167
1776764970.5595381,0.8300000000000053,20,-51,54.78138369920935,6.664401909879483,0.02257226509337446,189,365,213,270,276,167
1776764970.616545,0.8300000000000053,20,-51,54.78138369920935,6.664401909879483,0.02257226509337446,189,365,213,270,276,167
1776764970.6741855,0.8300000000000053,20,-51,54.78138369920935,6.664401909879483,0.02257226509337446,189,365,213,270,276,167
1776764970.7316456,0.8300000000000053,20,-51,54.78138369920935,6.664401909879483,0.02257226509337446,189,365,213,270,276,167
1776764970.784876,0.8300000000000053,20,-51,54.78138369920935,6.664401909879483,0.02257226509337446,189,365,213,270,276,167
1776764970.842242,0.8300000000000053,20,-51,54.78138369920935,6.664401909879483,0.02257226509337446,189,365,213,270,276,167
1776764970.9000103,0.8300000000000053,20,-51,54.78138369920935,6.664401909879483,0.02257226509337446,189,365,213,270,276,167
1776764970.9565513,0.8300000000000053,20,-51,54.78138369920935,6.664401909879483,0.02257226509337446,189,365,213,270,276,167
1776764971.0142858,0.8300000000000053,20,-51,54.78138369920935,6.664401909879483,0.02257226509337446,189,365,213,270,276,167
1776764971.067704,0.8300000000000053,20,-51,54.78138369920935,6.664401909879483,0.02257226509337446,189,365,213,270,276,167
1776764971.1249735,0.8300000000000053,20,-51,54.78138369920935,6.664401909879483,0.02257226509337446,189,365,213,270,276,167
1776764971.1824865,0.8300000000000053,20,-51,54.78138369920935,6.664401909879483,0.02257226509337446,189,365,213,270,276,167
1776764971.2397084,0.8300000000000053,20,-51,54.78138369920935,6.664401909879483,0.02257226509337446,189,365,213,270,276,167
1776764971.2969584,0.8300000000000053,20,-51,54.78138369920935,6.664401909879483,0.02257226509337446,189,365,213,270,276,167
1776764971.353938,0.8300000000000053,20,-51,54.78138369920935,6.664401909879483,0.02257226509337446,189,365,213,270,276,167
1776764971.4069934,0.8300000000000053,20,-51,54.78138369920935,6.664401909879483,0.02257226509337446,189,365,213,270,276,167
1776764971.4643455,0.8300000000000053,20,-51,54.78138369920935,6.664401909879483,0.02257226509337446,189,365,213,270,276,167
1776764971.5217526,0.8300000000000053,20,-51,54.78138369920935,6.664401909879483,0.02257226509337446,189,365,213,270,276,167
1776764971.5794709,0.8300000000000053,20,-51,54.78138369920935,6.664401909879483,0.02257226509337446,189,365,213,270,276,167
1776764971.6371677,0.8300000000000053,20,-51,54.78138369920935,6.664401909879483,0.02257226509337446,189,365,213,270,276,167
1776764971.6904318,0.8300000000000053,20,-51,54.78138369920935,6.664401909879483,0.02257226509337446,189,365,213,270,276,167
1776764971.7474725,0.8300000000000053,20,-51,54.78138369920935,6.664401909879483,0.02257226509337446,189,365,213,270,276,167
1776764971.8042915,0.8300000000000053,20,-51,54.78138369920935,6.664401909879483,0.02257226509337446,189,365,213,270,276,167
1776764971.8620696,0.8300000000000053,20,-51,54.78138369920935,6.664401909879483,0.02257226509337446,189,365,213,270,276,167
1776764971.9190736,0.8300000000000053,20,-51,54.78138369920935,6.664401909879483,0.02257226509337446,189,365,213,270,276,167
1776764971.9763248,0.8300000000000053,20,-51,54.78138369920935,6.664401909879483,0.02257226509337446,189,365,213,270,276,167
1776764972.0298474,0.8300000000000053,20,-51,54.78138369920935,6.664401909879483,0.02257226509337446,189,365,213,270,276,167
1776764972.0870833,0.8300000000000053,20,-51,54.78138369920935,6.664401909879483,0.02257226509337446,189,365,213,270,276,167
1776764972.1445968,0.8300000000000053,20,-51,54.78138369920935,6.664401909879483,0.02257226509337446,189,365,213,270,276,167
1776764972.201665,0.8300000000000053,20,-51,54.78138369920935,6.664401909879483,0.02257226509337446,189,365,213,270,276,167
1776764972.259271,0.8300000000000053,20,-51,54.78138369920935,6.664401909879483,0.02257226509337446,189,365,213,270,276,167
1776764972.3121128,0.8300000000000053,20,-51,54.78138369920935,6.664401909879483,0.02257226509337446,189,365,213,270,276,167
1776764972.369465,0.8300000000000053,20,-52,55.71355310873648,6.777804514444826,0.022166694977330568,189,365,213,270,276,166
1776764972.4268644,0.8300000000000053,20,-52,55.71355310873648,6.777804514444826,0.022166694977330568,189,365,213,270,276,166
1776764972.4846373,0.8300000000000053,20,-52,55.71355310873648,6.777804514444826,0.022166694977330568,189,365,213,270,276,166
1776764972.5414214,0.8300000000000053,20,-52,55.71355310873648,6.777804514444826,0.022166694977330568,189,365,213,270,276,166
1776764972.5952353,0.8300000000000053,20,-52,55.71355310873648,6.777804514444826,0.022166694977330568,189,365,213,270,276,166
1776764972.6521823,0.8300000000000053,20,-52,55.71355310873648,6.777804514444826,0.022166694977330568,189,365,213,270,276,166
1776764972.7093875,0.8300000000000053,20,-52,55.71355310873648,6.777804514444826,0.022166694977330568,189,365,213,270,276,166
1776764972.766654,0.8300000000000053,20,-52,55.71355310873648,6.777804514444826,0.022166694977330568,189,365,213,270,276,166
1776764972.8240283,0.8300000000000053,20,-52,55.71355310873648,6.777804514444826,0.022166694977330568,189,365,213,270,276,166
1776764972.8813486,0.8300000000000053,20,-52,55.71355310873648,6.777804514444826,0.022166694977330568,189,365,213,270,276,166
1776764972.9347563,0.8300000000000053,20,-52,55.71355310873648,6.777804514444826,0.022166694977330568,189,365,213,270,276,166
1776764972.9919412,0.8300000000000053,20,-52,55.71355310873648,6.777804514444826,0.022166694977330568,189,365,213,270,276,166
1776764973.050226,0.8300000000000053,20,-52,55.71355310873648,6.777804514444826,0.022166694977330568,189,365,213,270,276,166
1776764973.1067429,0.8300000000000053,20,-52,55.71355310873648,6.777804514444826,0.022166694977330568,189,365,213,270,276,166
1776764973.1644025,0.8300000000000053,20,-52,55.71355310873648,6.777804514444826,0.022166694977330568,189,365,213,270,276,166
1776764973.2173436,0.8300000000000053,20,-52,55.71355310873648,6.777804514444826,0.022166694977330568,189,365,213,270,276,166
1776764973.2754476,0.8300000000000053,20,-52,55.71355310873648,6.777804514444826,0.022166694977330568,189,365,213,270,276,166
1776764973.3326805,0.8300000000000053,20,-52,55.71355310873648,6.777804514444826,0.022166694977330568,189,365,213,270,276,166
1776764973.389211,0.8300000000000053,20,-52,55.71355310873648,6.777804514444826,0.022166694977330568,189,365,213,270,276,166
1776764973.4465928,0.8300000000000053,20,-52,55.71355310873648,6.777804514444826,0.022166694977330568,189,365,213,270,276,166
1776764973.5039103,0.8300000000000053,20,-52,55.71355310873648,6.777804514444826,0.022166694977330568,189,365,213,270,276,166
1776764973.5572858,0.8300000000000053,20,-52,55.71355310873648,6.777804514444826,0.022166694977330568,189,365,213,270,276,166
1776764973.614683,0.8300000000000053,20,-52,55.71355310873648,6.777804514444826,0.022166694977330568,189,365,213,270,276,166
1776764973.672022,0.8300000000000053,20,-52,55.71355310873648,6.777804514444826,0.022166694977330568,189,365,213,270,276,166
1776764973.7292547,0.8300000000000053,20,-52,55.71355310873648,6.777804514444826,0.022166694977330568,189,365,213,270,276,166
1776764973.7866378,0.8300000000000053,20,-52,55.71355310873648,6.777804514444826,0.022166694977330568,189,365,213,270,276,166
1776764973.8400142,0.8300000000000053,20,-52,55.71355310873648,6.777804514444826,0.022166694977330568,189,365,213,270,276,166
1776764973.8976297,0.8300000000000053,20,-52,55.71355310873648,6.777804514444826,0.022166694977330568,189,365,213,270,276,166
1776764973.9551,0.8300000000000053,20,-52,55.71355310873648,6.777804514444826,0.022166694977330568,189,365,213,270,276,166
1776764974.0119843,0.8300000000000053,20,-52,55.71355310873648,6.777804514444826,0.022166694977330568,189,365,213,270,276,166
1776764974.069584,0.8300000000000053,20,-52,55.71355310873648,6.777804514444826,0.022166694977330568,189,365,213,270,276,166
1776764974.1318042,0.8300000000000053,20,-52,55.71355310873648,6.777804514444826,0.022166694977330568,189,365,213,270,276,166
1776764974.238987,0.8300000000000053,20,-52,55.71355310873648,6.777804514444826,0.022166694977330568,189,365,213,270,276,166
1776764974.2953858,0.8300000000000053,20,-52,55.71355310873648,6.777804514444826,0.022166694977330568,189,365,213,270,276,166
1776764974.352412,0.8300000000000053,20,-52,55.71355310873648,6.777804514444826,0.022166694977330568,189,365,213,270,276,166
1776764974.4094138,0.8300000000000053,20,-52,55.71355310873648,6.777804514444826,0.022166694977330568,189,365,213,270,276,166
1776764974.4626946,0.8300000000000053,20,-52,55.71355310873648,6.777804514444826,0.022166694977330568,189,365,213,270,276,166
1776764974.5201764,0.8300000000000053,20,-52,55.71355310873648,6.777804514444826,0.022166694977330568,189,365,213,270,276,166
1776764974.5770726,0.8300000000000053,20,-52,55.71355310873648,6.777804514444826,0.022166694977330568,189,365,213,270,276,166
1776764974.6346993,0.8300000000000053,20,-52,55.71355310873648,6.777804514444826,0.022166694977330568,189,365,213,270,276,166
1776764974.692181,0.8300000000000053,20,-52,55.71355310873648,6.777804514444826,0.022166694977330568,189,365,213,270,276,166
1776764974.7491195,0.8300000000000053,20,-52,55.71355310873648,6.777804514444826,0.02093794869037232,189,365,214,270,276,166
1776764974.8025186,0.8300000000000053,20,-52,55.71355310873648,6.777804514444826,0.02093794869037232,189,365,214,270,276,166
1776764974.8600368,0.8300000000000053,20,-52,55.71355310873648,6.777804514444826,0.02093794869037232,189,365,214,270,276,166
1776764974.9176173,0.8300000000000053,20,-52,55.71355310873648,6.777804514444826,0.021433905838327084,189,365,214,269,276,166
1776764974.9746456,0.8300000000000053,20,-52,55.71355310873648,6.777804514444826,0.021433905838327084,189,365,214,269,276,166
1776764975.0324254,0.8300000000000053,20,-52,55.71355310873648,6.777804514444826,0.021433905838327084,189,365,214,269,276,166
1776764975.085638,0.8300000000000053,20,-52,55.71355310873648,6.777804514444826,0.021433905838327084,189,365,214,269,276,166
1776764975.1429157,0.8300000000000053,20,-52,55.71355310873648,6.777804514444826,0.021433905838327084,189,365,214,269,276,166
1776764975.200619,0.8300000000000053,20,-52,55.71355310873648,6.777804514444826,0.021433905838327084,189,365,214,269,276,166
1776764975.257594,0.8300000000000053,20,-52,55.71355310873648,6.777804514444826,0.021433905838327084,189,365,214,269,276,166
1776764975.3147576,0.8300000000000053,20,-52,55.71355310873648,6.777804514444826,0.021433905838327084,189,365,214,269,276,166
1776764975.3687851,0.8300000000000053,20,-52,55.71355310873648,6.777804514444826,0.021433905838327084,189,365,214,269,276,166
1776764975.4254417,0.8300000000000053,20,-52,55.71355310873648,6.777804514444826,0.021433905838327084,189,365,214,269,276,166
1776764975.4822805,0.8300000000000053,20,-52,55.71355310873648,6.777804514444826,0.021433905838327084,189,365,214,269,276,166
1776764975.5397518,0.8300000000000053,20,-52,55.71355310873648,6.777804514444826,0.021433905838327084,189,365,214,269,276,166
1776764975.5977244,0.8300000000000053,20,-52,55.71355310873648,6.777804514444826,0.021433905838327084,189,365,214,269,276,166
1776764975.6547284,0.8300000000000053,20,-52,55.71355310873648,6.777804514444826,0.021433905838327084,189,365,214,269,276,166
1776764975.7080932,0.8300000000000053,20,-52,55.71355310873648,6.777804514444826,0.021433905838327084,189,365,214,269,276,166
1776764975.7654183,0.8300000000000053,20,-52,55.71355310873648,6.777804514444826,0.021433905838327084,189,365,214,269,276,166
1776764975.8223932,0.8300000000000053,20,-52,55.71355310873648,6.777804514444826,0.021433905838327084,189,365,214,269,276,166
1776764975.8804915,0.8300000000000053,20,-52,55.71355310873648,6.777804514444826,0.021433905838327084,189,365,214,269,276,166
1776764975.9375052,0.8300000000000053,20,-52,55.71355310873648,6.777804514444826,0.021433905838327084,189,365,214,269,276,166
1776764975.9907267,0.8300000000000053,20,-52,55.71355310873648,6.777804514444826,0.021433905838327084,189,365,214,269,276,166
1776764976.0483665,0.8300000000000053,20,-52,55.71355310873648,6.777804514444826,0.021433905838327084,189,365,214,269,276,166
1776764976.1056266,0.8300000000000053,20,-52,55.71355310873648,6.777804514444826,0.021433905838327084,189,365,214,269,276,166
1776764976.16271,0.8300000000000053,20,-52,55.71355310873648,6.777804514444826,0.021433905838327084,189,365,214,269,276,166
1776764976.2195666,0.8300000000000053,20,-52,55.71355310873648,6.777804514444826,0.021433905838327084,189,365,214,269,276,166
1776764976.2772808,0.8300000000000053,20,-52,55.71355310873648,6.777804514444826,0.021433905838327084,189,365,214,269,276,166
1776764976.3306007,0.8300000000000053,20,-52,55.71355310873648,6.777804514444826,0.021433905838327084,189,365,214,269,276,166
1776764976.3882174,0.8300000000000053,20,-52,55.71355310873648,6.777804514444826,0.021433905838327084,189,365,214,269,276,166
1776764976.4457717,0.8300000000000053,20,-52,55.71355310873648,6.777804514444826,0.021433905838327084,189,365,214,269,276,166
1776764976.5020752,0.8300000000000053,20,-52,55.71355310873648,6.777804514444826,0.021433905838327084,189,365,214,269,276,166
1776764976.5598428,0.8300000000000053,20,-52,55.71355310873648,6.777804514444826,0.021433905838327084,189,365,214,269,276,166
1776764976.6133502,0.8300000000000053,20,-52,55.71355310873648,6.777804514444826,0.021433905838327084,189,365,214,269,276,166
1776764976.670347,0.8300000000000053,20,-52,55.71355310873648,6.777804514444826,0.021433905838327084,189,365,214,269,276,166
1776764976.7284088,0.8300000000000053,20,-52,55.71355310873648,6.777804514444826,0.021433905838327084,189,365,214,269,276,166
1776764976.7853413,0.8300000000000053,20,-53,56.64803615307419,6.891488583099049,0.0210357117569989,189,365,214,269,276,165
1776764976.8420506,0.8300000000000053,20,-53,56.64803615307419,6.891488583099049,0.0210357117569989,189,365,214,269,276,165
1776764976.8993871,0.8300000000000053,20,-53,56.64803615307419,6.891488583099049,0.0210357117569989,189,365,214,269,276,165
1776764976.9528275,0.8300000000000053,20,-53,56.64803615307419,6.891488583099049,0.0210357117569989,189,365,214,269,276,165
1776764977.0106149,0.8300000000000053,20,-53,56.64803615307419,6.891488583099049,0.0210357117569989,189,365,214,269,276,165
1776764977.0684025,0.8300000000000053,20,-53,56.64803615307419,6.891488583099049,0.0210357117569989,189,365,214,269,276,165
1776764977.1255248,0.8300000000000053,20,-53,56.64803615307419,6.891488583099049,0.0210357117569989,189,365,214,269,276,165
1776764977.1826673,0.8300000000000053,20,-53,56.64803615307419,6.891488583099049,0.0210357117569989,189,365,214,269,276,165
1776764977.2356553,0.8300000000000053,20,-53,56.64803615307419,6.891488583099049,0.0210357117569989,189,365,214,269,276,165
1776764977.293506,0.8300000000000053,20,-53,56.64803615307419,6.891488583099049,0.0210357117569989,189,365,214,269,276,165
1776764977.3506596,0.8300000000000053,20,-53,56.64803615307419,6.891488583099049,0.0210357117569989,189,365,214,269,276,165
1776764977.4072938,0.8300000000000053,20,-53,56.64803615307419,6.891488583099049,0.0210357117569989,189,365,214,269,276,165
1776764977.464893,0.8300000000000053,20,-53,56.64803615307419,6.891488583099049,0.0210357117569989,189,365,214,269,276,165
1776764977.5182953,0.8300000000000053,20,-53,56.64803615307419,6.891488583099049,0.0210357117569989,189,365,214,269,276,165
1776764977.57582,0.8300000000000053,20,-53,56.64803615307419,6.891488583099049,0.0210357117569989,189,365,214,269,276,165
1776764977.6332526,0.8300000000000053,20,-53,56.64803615307419,6.891488583099049,0.0210357117569989,189,365,214,269,276,165
1776764977.6900847,0.8300000000000053,20,-53,56.64803615307419,6.891488583099049,0.0210357117569989,189,365,214,269,276,165
1776764977.7477357,0.8300000000000053,20,-53,56.64803615307419,6.891488583099049,0.0210357117569989,189,365,214,269,276,165
1776764977.8055735,0.8300000000000053,20,-53,56.64803615307419,6.891488583099049,0.0210357117569989,189,365,214,269,276,165
1776764977.8585045,0.8300000000000053,20,-53,56.64803615307419,6.891488583099049,0.0210357117569989,189,365,214,269,276,165
1776764977.915787,0.8300000000000053,20,-53,56.64803615307419,6.891488583099049,0.0210357117569989,189,365,214,269,276,165
1776764977.9734251,0.8300000000000053,20,-53,56.64803615307419,6.891488583099049,0.0210357117569989,189,365,214,269,276,165
1776764978.0303886,0.8300000000000053,20,-53,56.64803615307419,6.891488583099049,0.0210357117569989,189,365,214,269,276,165
1776764978.088064,0.8300000000000053,20,-53,56.64803615307419,6.891488583099049,0.0210357117569989,189,365,214,269,276,165
1776764978.141352,0.8300000000000053,20,-53,56.64803615307419,6.891488583099049,0.0210357117569989,189,365,214,269,276,165
1776764978.1982634,0.8300000000000053,20,-53,56.64803615307419,6.891488583099049,0.0210357117569989,189,365,214,269,276,165
1776764978.2551522,0.8300000000000053,20,-53,56.64803615307419,6.891488583099049,0.0210357117569989,189,365,214,269,276,165
1776764978.3127925,0.8300000000000053,20,-53,56.64803615307419,6.891488583099049,0.0210357117569989,189,365,214,269,276,165
1776764978.370424,0.8300000000000053,20,-53,56.64803615307419,6.891488583099049,0.0210357117569989,189,365,214,269,276,165
1776764978.4276292,0.8300000000000053,20,-53,56.64803615307419,6.891488583099049,0.0210357117569989,189,365,214,269,276,165
1776764978.480827,0.8300000000000053,20,-53,56.64803615307419,6.891488583099049,0.0210357117569989,189,365,214,269,276,165
1776764978.5384974,0.8300000000000053,20,-53,56.64803615307419,6.891488583099049,0.0210357117569989,189,365,214,269,276,165
1776764978.5956106,0.8300000000000053,20,-53,56.64803615307419,6.891488583099049,0.0210357117569989,189,365,214,269,276,165
1776764978.6537669,0.8300000000000053,20,-53,56.64803615307419,6.891488583099049,0.0210357117569989,189,365,214,269,276,165
1776764978.7103088,0.8300000000000053,20,-53,56.64803615307419,6.891488583099049,0.0210357117569989,189,365,214,269,276,165
1776764978.764378,0.8300000000000053,20,-53,56.64803615307419,6.891488583099049,0.0210357117569989,189,365,214,269,276,165
1776764978.8215616,0.8300000000000053,20,-53,56.64803615307419,6.891488583099049,0.0210357117569989,189,365,214,269,276,165
1776764978.8783762,0.8300000000000053,20,-53,56.64803615307419,6.891488583099049,0.0210357117569989,189,365,214,269,276,165
1776764978.9356031,0.8300000000000053,20,-53,56.64803615307419,6.891488583099049,0.0210357117569989,189,365,214,269,276,165
1776764978.9929755,0.8300000000000053,20,-53,56.64803615307419,6.891488583099049,0.0210357117569989,189,365,214,269,276,165
1776764979.0499988,0.8300000000000053,20,-53,56.64803615307419,6.891488583099049,0.0210357117569989,189,365,214,269,276,165
1776764979.103092,0.8300000000000053,20,-53,56.64803615307419,6.891488583099049,0.0210357117569989,189,365,214,269,276,165
1776764979.1604347,0.8300000000000053,20,-53,56.64803615307419,6.891488583099049,0.0210357117569989,189,365,214,269,276,165
1776764979.2177975,0.8300000000000053,20,-53,56.64803615307419,6.891488583099049,0.0210357117569989,189,365,214,269,276,165
1776764979.275554,0.8300000000000053,20,-53,56.64803615307419,6.891488583099049,0.0210357117569989,189,365,214,269,276,165
1776764979.3328574,0.8300000000000053,20,-53,56.64803615307419,6.891488583099049,0.0210357117569989,189,365,214,269,276,165
1776764979.3856816,0.8300000000000053,20,-53,56.64803615307419,6.891488583099049,0.0210357117569989,189,365,214,269,276,165
1776764979.443848,0.8300000000000053,20,-53,56.64803615307419,6.891488583099049,0.0210357117569989,189,365,214,269,276,165
1776764979.5007076,0.8300000000000053,20,-53,56.64803615307419,6.891488583099049,0.0215256328487282,189,365,214,268,276,165
1776764979.5581493,0.8300000000000053,20,-53,56.64803615307419,6.891488583099049,0.0215256328487282,189,365,214,268,276,165
1776764979.615234,0.8300000000000053,20,-53,56.64803615307419,6.891488583099049,0.0215256328487282,189,365,214,268,276,165
1776764979.6686642,0.8300000000000053,20,-53,56.64803615307419,6.891488583099049,0.0215256328487282,189,365,214,268,276,165
1776764979.7260752,0.8300000000000053,20,-53,56.64803615307419,6.891488583099049,0.0215256328487282,189,365,214,268,276,165
1776764979.783454,0.8300000000000053,20,-53,56.64803615307419,6.891488583099049,0.0215256328487282,189,365,214,268,276,165
1776764979.8407137,0.8300000000000053,20,-53,56.64803615307419,6.891488583099049,0.0215256328487282,189,365,214,268,276,165
1776764979.8980572,0.8300000000000053,20,-53,56.64803615307419,6.891488583099049,0.0215256328487282,189,365,214,268,276,165
1776764979.9554322,0.8300000000000053,20,-53,56.64803615307419,6.891488583099049,0.0215256328487282,189,365,214,268,276,165
1776764980.008426,0.8300000000000053,20,-53,56.64803615307419,6.891488583099049,0.0215256328487282,189,365,214,268,276,165
1776764980.0665076,0.8300000000000053,20,-53,56.64803615307419,6.891488583099049,0.0215256328487282,189,365,214,268,276,165
1776764980.1232605,0.8300000000000053,20,-53,56.64803615307419,6.891488583099049,0.0215256328487282,189,365,214,268,276,165
1776764980.180736,0.8300000000000053,20,-53,56.64803615307419,6.891488583099049,0.0215256328487282,189,365,214,268,276,165
1776764980.237967,0.8300000000000053,20,-53,56.64803615307419,6.891488583099049,0.0215256328487282,189,365,214,268,276,165
1776764980.29116,0.8300000000000053,20,-53,56.64803615307419,6.891488583099049,0.0215256328487282,189,365,214,268,276,165
1776764980.349097,0.8300000000000053,20,-53,56.64803615307419,6.891488583099049,0.0215256328487282,189,365,214,268,276,165
1776764980.4060757,0.8300000000000053,20,-53,56.64803615307419,6.891488583099049,0.0215256328487282,189,365,214,268,276,165
1776764980.4632175,0.8300000000000053,20,-53,56.64803615307419,6.891488583099049,0.0215256328487282,189,365,214,268,276,165
1776764980.5203252,0.8300000000000053,20,-53,56.64803615307419,6.891488583099049,0.0215256328487282,189,365,214,268,276,165
1776764980.5775626,0.8300000000000053,20,-53,56.64803615307419,6.891488583099049,0.0215256328487282,189,365,214,268,276,165
1776764980.6313267,0.8300000000000053,20,-53,56.64803615307419,6.891488583099049,0.0215256328487282,189,365,214,268,276,165
1776764980.688619,0.8300000000000053,20,-54,57.584720195551874,7.005440413084169,0.021128878086923902,189,365,214,268,276,164
1776764980.7460773,0.8300000000000053,20,-54,57.584720195551874,7.005440413084169,0.021128878086923902,189,365,214,268,276,164
1776764980.8028796,0.8300000000000053,20,-54,57.584720195551874,7.005440413084169,0.021128878086923902,189,365,214,268,276,164
1776764980.8603377,0.8300000000000053,20,-54,57.584720195551874,7.005440413084169,0.021128878086923902,189,365,214,268,276,164
1776764980.914518,0.8300000000000053,20,-54,57.584720195551874,7.005440413084169,0.021128878086923902,189,365,214,268,276,164
1776764980.971282,0.8300000000000053,20,-54,57.584720195551874,7.005440413084169,0.021128878086923902,189,365,214,268,276,164
1776764981.0288062,0.8300000000000053,20,-54,57.584720195551874,7.005440413084169,0.021128878086923902,189,365,214,268,276,164
1776764981.085869,0.8300000000000053,20,-54,57.584720195551874,7.005440413084169,0.021128878086923902,189,365,214,268,276,164
1776764981.1432636,0.8300000000000053,20,-54,57.584720195551874,7.005440413084169,0.021128878086923902,189,365,214,268,276,164
1776764981.2004735,0.8300000000000053,20,-54,57.584720195551874,7.005440413084169,0.021128878086923902,189,365,214,268,276,164
1776764981.2542436,0.8300000000000053,20,-54,57.584720195551874,7.005440413084169,0.021128878086923902,189,365,214,268,276,164
1776764981.311032,0.8300000000000053,20,-54,57.584720195551874,7.005440413084169,0.021128878086923902,189,365,214,268,276,164
1776764981.368065,0.8300000000000053,20,-54,57.584720195551874,7.005440413084169,0.021128878086923902,189,365,214,268,276,164
1776764981.4254642,0.8300000000000053,20,-54,57.584720195551874,7.005440413084169,0.021128878086923902,189,365,214,268,276,164
1776764981.4826002,0.8300000000000053,20,-54,57.584720195551874,7.005440413084169,0.021128878086923902,189,365,214,268,276,164
1776764981.5363433,0.8300000000000053,20,-54,57.584720195551874,7.005440413084169,0.021128878086923902,189,365,214,268,276,164
1776764981.593354,0.8300000000000053,20,-54,57.584720195551874,7.005440413084169,0.021128878086923902,189,365,214,268,276,164
1776764981.6510642,0.8300000000000053,20,-54,57.584720195551874,7.005440413084169,0.021128878086923902,189,365,214,268,276,164
1776764981.7088008,0.8300000000000053,20,-54,57.584720195551874,7.005440413084169,0.021128878086923902,189,365,214,268,276,164
1776764981.765745,0.8300000000000053,20,-54,57.584720195551874,7.005440413084169,0.021128878086923902,189,365,214,268,276,164
1776764981.818948,0.8300000000000053,20,-54,57.584720195551874,7.005440413084169,0.021128878086923902,189,365,214,268,276,164
1776764981.8765626,0.8300000000000053,20,-54,57.584720195551874,7.005440413084169,0.021128878086923902,189,365,214,268,276,164
1776764981.9340665,0.8300000000000053,20,-54,57.584720195551874,7.005440413084169,0.021128878086923902,189,365,214,268,276,164
1776764981.9913805,0.8300000000000053,20,-54,57.584720195551874,7.005440413084169,0.021128878086923902,189,365,214,268,276,164
1776764982.0485454,0.8300000000000053,20,-54,57.584720195551874,7.005440413084169,0.021128878086923902,189,365,214,268,276,164
1776764982.1057339,0.8300000000000053,20,-54,57.584720195551874,7.005440413084169,0.021128878086923902,189,365,214,268,276,164
1776764982.1588495,0.8300000000000053,20,-54,57.584720195551874,7.005440413084169,0.021128878086923902,189,365,214,268,276,164
1776764982.2167222,0.8300000000000053,20,-54,57.584720195551874,7.005440413084169,0.021128878086923902,189,365,214,268,276,164
1776764982.2740479,0.8300000000000053,20,-54,57.584720195551874,7.005440413084169,0.021128878086923902,189,365,214,268,276,164
1776764982.33092,0.8300000000000053,20,-54,57.584720195551874,7.005440413084169,0.021128878086923902,189,365,214,268,276,164
1776764982.3883057,0.8300000000000053,20,-54,57.584720195551874,7.005440413084169,0.021128878086923902,189,365,214,268,276,164
1776764982.44155,0.8300000000000053,21,-54,57.9396237474839,7.04861602767444,0.021597791007218068,189,365,214,268,277,164
1776764982.499082,0.8300000000000053,21,-54,57.9396237474839,7.04861602767444,0.021597791007218068,189,365,214,268,277,164
1776764982.556038,0.8300000000000053,21,-54,57.9396237474839,7.04861602767444,0.021597791007218068,189,365,214,268,277,164
1776764982.6136456,0.8300000000000053,21,-54,57.9396237474839,7.04861602767444,0.021597791007218068,189,365,214,268,277,164
1776764982.670652,0.8300000000000053,21,-54,57.9396237474839,7.04861602767444,0.021597791007218068,189,365,214,268,277,164
1776764982.7279465,0.8300000000000053,21,-54,57.9396237474839,7.04861602767444,0.021597791007218068,189,365,214,268,277,164
1776764982.7818155,0.8300000000000053,21,-54,57.9396237474839,7.04861602767444,0.021597791007218068,189,365,214,268,277,164
1776764982.8390143,0.8300000000000053,21,-54,57.9396237474839,7.04861602767444,0.021597791007218068,189,365,214,268,277,164
1776764982.896257,0.8300000000000053,21,-54,57.9396237474839,7.04861602767444,0.021597791007218068,189,365,214,268,277,164
1776764982.953158,0.8300000000000053,21,-54,57.9396237474839,7.04861602767444,0.021597791007218068,189,365,214,268,277,164
1776764983.0109642,0.8300000000000053,21,-54,57.9396237474839,7.04861602767444,0.021597791007218068,189,365,214,268,277,164
1776764983.0646045,0.8300000000000053,21,-54,57.9396237474839,7.04861602767444,0.021597791007218068,189,365,214,268,277,164
1776764983.1215453,0.8300000000000053,21,-54,57.9396237474839,7.04861602767444,0.021597791007218068,189,365,214,268,277,164
1776764983.1789968,0.8300000000000053,21,-54,57.9396237474839,7.04861602767444,0.021597791007218068,189,365,214,268,277,164
1776764983.2362688,0.8300000000000053,21,-54,57.9396237474839,7.04861602767444,0.021597791007218068,189,365,214,268,277,164
1776764983.2937686,0.8300000000000053,21,-54,57.9396237474839,7.04861602767444,0.021597791007218068,189,365,214,268,277,164
1776764983.3504307,0.8300000000000053,21,-54,57.9396237474839,7.04861602767444,0.021597791007218068,189,365,214,268,277,164
1776764983.4045622,0.8300000000000053,21,-54,57.9396237474839,7.04861602767444,0.021597791007218068,189,365,214,268,277,164
1776764983.4614956,0.8300000000000053,21,-54,57.9396237474839,7.04861602767444,0.021597791007218068,189,365,214,268,277,164
1776764983.518963,0.8300000000000053,21,-54,57.9396237474839,7.04861602767444,0.021597791007218068,189,365,214,268,277,164
1776764983.57634,0.8300000000000053,21,-54,57.9396237474839,7.04861602767444,0.021597791007218068,189,365,214,268,277,164
1776764983.6328955,0.8300000000000053,21,-54,57.9396237474839,7.04861602767444,0.021597791007218068,189,365,214,268,277,164
1776764983.6863294,0.8300000000000053,21,-54,57.9396237474839,7.04861602767444,0.021597791007218068,189,365,214,268,277,164
1776764983.743778,0.8300000000000053,21,-54,57.9396237474839,7.04861602767444,0.021597791007218068,189,365,214,268,277,164
1776764983.8013506,0.8300000000000053,21,-54,57.9396237474839,7.04861602767444,0.021597791007218068,189,365,214,268,277,164
1776764983.8587532,0.8300000000000053,21,-54,57.9396237474839,7.04861602767444,0.021597791007218068,189,365,214,268,277,164
1776764983.9157834,0.8300000000000053,21,-54,57.9396237474839,7.04861602767444,0.021597791007218068,189,365,214,268,277,164
1776764983.9735005,0.8300000000000053,21,-54,57.9396237474839,7.04861602767444,0.021597791007218068,189,365,214,268,277,164
1776764984.0264044,0.8300000000000053,21,-54,57.9396237474839,7.04861602767444,0.021597791007218068,189,365,214,268,277,164
1776764984.0843046,0.8300000000000053,21,-54,57.9396237474839,7.04861602767444,0.021597791007218068,189,365,214,268,277,164
1776764984.1422205,0.8300000000000053,21,-54,57.9396237474839,7.04861602767444,0.021597791007218068,189,365,214,268,277,164
1776764984.1983504,0.8300000000000053,21,-54,57.9396237474839,7.04861602767444,0.021597791007218068,189,365,214,268,277,164
1776764984.256002,0.8300000000000053,21,-54,57.9396237474839,7.04861602767444,0.021597791007218068,189,365,214,268,277,164
1776764984.309338,0.8300000000000053,21,-54,57.9396237474839,7.04861602767444,0.021597791007218068,189,365,214,268,277,164
1776764984.3665674,0.8300000000000053,21,-54,57.9396237474839,7.04861602767444,0.021597791007218068,189,365,214,268,277,164
1776764984.4244425,0.8300000000000053,21,-54,57.9396237474839,7.04861602767444,0.021597791007218068,189,365,214,268,277,164
1776764984.4813619,0.8300000000000053,21,-54,57.9396237474839,7.04861602767444,0.021597791007218068,189,365,214,268,277,164
1776764984.5385277,0.8300000000000053,21,-54,57.9396237474839,7.04861602767444,0.021597791007218068,189,365,214,268,277,164
1776764984.5915906,0.8300000000000053,21,-54,57.9396237474839,7.04861602767444,0.021597791007218068,189,365,214,268,277,164
1776764984.6492531,0.8300000000000053,21,-54,57.9396237474839,7.04861602767444,0.021597791007218068,189,365,214,268,277,164
1776764984.706151,0.8300000000000053,21,-54,57.9396237474839,7.04861602767444,0.021597791007218068,189,365,214,268,277,164
1776764984.763434,0.8300000000000053,21,-54,57.9396237474839,7.04861602767444,0.021597791007218068,189,365,214,268,277,164
1776764984.8214517,0.8300000000000053,21,-54,57.9396237474839,7.04861602767444,0.021597791007218068,189,365,214,268,277,164
1776764984.8780875,0.8300000000000053,21,-54,57.9396237474839,7.04861602767444,0.021597791007218068,189,365,214,268,277,164
1776764984.9314914,0.8300000000000053,21,-54,57.9396237474839,7.04861602767444,0.021597791007218068,189,365,214,268,277,164
1776764984.9899771,0.8300000000000053,21,-54,57.9396237474839,7.04861602767444,0.021597791007218068,189,365,214,268,277,164
1776764985.046741,0.8300000000000053,21,-54,57.9396237474839,7.04861602767444,0.021597791007218068,189,365,214,268,277,164
1776764985.1040177,0.8300000000000053,21,-54,57.9396237474839,7.04861602767444,0.021597791007218068,189,365,214,268,277,164
1776764985.1610646,0.8300000000000053,21,-54,57.9396237474839,7.04861602767444,0.021597791007218068,189,365,214,268,277,164
1776764985.214242,0.8300000000000053,21,-54,57.9396237474839,7.04861602767444,0.021597791007218068,189,365,214,268,277,164
1776764985.2719035,0.8300000000000053,21,-54,57.9396237474839,7.04861602767444,0.021597791007218068,189,365,214,268,277,164
1776764985.329227,0.8300000000000053,21,-54,57.9396237474839,7.04861602767444,0.021597791007218068,189,365,214,268,277,164
1776764985.3865461,0.8300000000000053,21,-54,57.9396237474839,7.04861602767444,0.021597791007218068,189,365,214,268,277,164
1776764985.4439087,0.8300000000000053,21,-54,57.9396237474839,7.04861602767444,0.021597791007218068,189,365,214,268,277,164
1776764985.5009415,0.8300000000000053,21,-54,57.9396237474839,7.04861602767444,0.021597791007218068,189,365,214,268,277,164
1776764985.5547822,0.8300000000000053,21,-54,57.9396237474839,7.04861602767444,0.021597791007218068,189,365,214,268,277,164
1776764985.6120853,0.8300000000000053,22,-54,58.309518948453004,7.09361544385073,0.022059257776040484,189,365,214,268,278,164
1776764985.6693459,0.8300000000000053,22,-54,58.309518948453004,7.09361544385073,0.022059257776040484,189,365,214,268,278,164
1776764985.7265077,0.8300000000000053,22,-54,58.309518948453004,7.09361544385073,0.022059257776040484,189,365,214,268,278,164
1776764985.7839315,0.8300000000000053,22,-54,58.309518948453004,7.09361544385073,0.022059257776040484,189,365,214,268,278,164
1776764985.837405,0.8300000000000053,22,-54,58.309518948453004,7.09361544385073,0.022059257776040484,189,365,214,268,278,164
1776764985.8939576,0.8300000000000053,22,-54,58.309518948453004,7.09361544385073,0.022059257776040484,189,365,214,268,278,164
1776764985.951349,0.8300000000000053,22,-54,58.309518948453004,7.09361544385073,0.022059257776040484,189,365,214,268,278,164
1776764986.0087447,0.8300000000000053,22,-54,58.309518948453004,7.09361544385073,0.022059257776040484,189,365,214,268,278,164
1776764986.0662866,0.8300000000000053,22,-54,58.309518948453004,7.09361544385073,0.022059257776040484,189,365,214,268,278,164
1776764986.1234572,0.8300000000000053,22,-54,58.309518948453004,7.09361544385073,0.022059257776040484,189,365,214,268,278,164
1776764986.1773336,0.8300000000000053,22,-54,58.309518948453004,7.09361544385073,0.022059257776040484,189,365,214,268,278,164
1776764986.2342618,0.8300000000000053,22,-54,58.309518948453004,7.09361544385073,0.022059257776040484,189,365,214,268,278,164
1776764986.2919178,0.8300000000000053,22,-54,58.309518948453004,7.09361544385073,0.022059257776040484,189,365,214,268,278,164
1776764986.349409,0.8300000000000053,22,-54,58.309518948453004,7.09361544385073,0.022059257776040484,189,365,214,268,278,164
1776764986.406325,0.8300000000000053,22,-54,58.309518948453004,7.09361544385073,0.022059257776040484,189,365,214,268,278,164
1776764986.4593604,0.8300000000000053,22,-54,58.309518948453004,7.09361544385073,0.022059257776040484,189,365,214,268,278,164
1776764986.5169978,0.8300000000000053,22,-54,58.309518948453004,7.09361544385073,0.022059257776040484,189,365,214,268,278,164
1776764986.5741634,0.8300000000000053,22,-54,58.309518948453004,7.09361544385073,0.022059257776040484,189,365,214,268,278,164
1776764986.631708,0.8300000000000053,22,-54,58.309518948453004,7.09361544385073,0.022059257776040484,189,365,214,268,278,164
1776764986.688863,0.8300000000000053,22,-54,58.309518948453004,7.09361544385073,0.022059257776040484,189,365,214,268,278,164
1776764986.7423134,0.8300000000000053,22,-54,58.309518948453004,7.09361544385073,0.022059257776040484,189,365,214,268,278,164
1776764986.7993774,0.8300000000000053,22,-54,58.309518948453004,7.09361544385073,0.022059257776040484,189,365,214,268,278,164
1776764986.8567607,0.8300000000000053,22,-54,58.309518948453004,7.09361544385073,0.022059257776040484,189,365,214,268,278,164
1776764986.9141092,0.8300000000000053,22,-54,58.309518948453004,7.09361544385073,0.022059257776040484,189,365,214,268,278,164
1776764986.9710798,0.8300000000000053,22,-54,58.309518948453004,7.09361544385073,0.022059257776040484,189,365,214,268,278,164
1776764987.0293248,0.8300000000000053,22,-54,58.309518948453004,7.09361544385073,0.022059257776040484,189,365,214,268,278,164
1776764987.0826352,0.8300000000000053,22,-54,58.309518948453004,7.09361544385073,0.022059257776040484,189,365,214,268,278,164
1776764987.1396751,0.8300000000000053,22,-54,58.309518948453004,7.09361544385073,0.022059257776040484,189,365,214,268,278,164
1776764987.1987662,0.8300000000000053,22,-54,58.309518948453004,7.09361544385073,0.022059257776040484,189,365,214,268,278,164
1776764987.254213,0.8300000000000053,22,-54,58.309518948453004,7.09361544385073,0.022059257776040484,189,365,214,268,278,164
1776764987.311478,0.8300000000000053,22,-54,58.309518948453004,7.09361544385073,0.022059257776040484,189,365,214,268,278,164
1776764987.364805,0.8300000000000053,22,-54,58.309518948453004,7.09361544385073,0.022059257776040484,189,365,214,268,278,164
1776764987.4222581,0.8300000000000053,22,-54,58.309518948453004,7.09361544385073,0.022059257776040484,189,365,214,268,278,164
1776764987.48013,0.8300000000000053,22,-54,58.309518948453004,7.09361544385073,0.022059257776040484,189,365,214,268,278,164
1776764987.5368268,0.8300000000000053,22,-54,58.309518948453004,7.09361544385073,0.022059257776040484,189,365,214,268,278,164
1776764987.5936847,0.8300000000000053,22,-54,58.309518948453004,7.09361544385073,0.022059257776040484,189,365,214,268,278,164
1776764987.651341,0.8300000000000053,22,-54,58.309518948453004,7.09361544385073,0.022059257776040484,189,365,214,268,278,164
1776764987.7046142,0.8300000000000053,22,-54,58.309518948453004,7.09361544385073,0.022059257776040484,189,365,214,268,278,164
1776764987.7624717,0.8300000000000053,22,-54,58.309518948453004,7.09361544385073,0.022059257776040484,189,365,214,268,278,164
1776764987.8194542,0.8300000000000053,22,-54,58.309518948453004,7.09361544385073,0.022059257776040484,189,365,214,268,278,164
1776764987.8770888,0.8300000000000053,22,-55,59.23681287847955,7.206424924389239,0.021664336486105176,189,365,214,268,278,163
1776764987.9343996,0.8300000000000053,22,-55,59.23681287847955,7.206424924389239,0.021664336486105176,189,365,214,268,278,163
1776764987.9876976,0.8300000000000053,22,-55,59.23681287847955,7.206424924389239,0.021664336486105176,189,365,214,268,278,163
1776764988.0449955,0.8300000000000053,22,-55,59.23681287847955,7.206424924389239,0.021664336486105176,189,365,214,268,278,163
1776764988.1018085,0.8300000000000053,22,-55,59.23681287847955,7.206424924389239,0.021664336486105176,189,365,214,268,278,163
1776764988.1588771,0.8300000000000053,22,-55,59.23681287847955,7.206424924389239,0.021664336486105176,189,365,214,268,278,163
1776764988.2161689,0.8300000000000053,22,-55,59.23681287847955,7.206424924389239,0.021664336486105176,189,365,214,268,278,163
1776764988.2740202,0.8300000000000053,22,-55,59.23681287847955,7.206424924389239,0.021664336486105176,189,365,214,268,278,163
1776764988.3276463,0.8300000000000053,22,-55,59.23681287847955,7.206424924389239,0.021664336486105176,189,365,214,268,278,163
1776764988.3846977,0.8300000000000053,22,-55,59.23681287847955,7.206424924389239,0.022143385712618608,189,365,214,267,278,163
1776764988.4416192,0.8300000000000053,22,-55,59.23681287847955,7.206424924389239,0.022143385712618608,189,365,214,267,278,163
1776764988.4992933,0.8300000000000053,22,-55,59.23681287847955,7.206424924389239,0.022143385712618608,189,365,214,267,278,163
1776764988.5568218,0.8300000000000053,22,-55,59.23681287847955,7.206424924389239,0.022143385712618608,189,365,214,267,278,163
1776764988.6101377,0.8300000000000053,22,-55,59.23681287847955,7.206424924389239,0.022143385712618608,189,365,214,267,278,163
1776764988.667094,0.8300000000000053,22,-55,59.23681287847955,7.206424924389239,0.022143385712618608,189,365,214,267,278,163
1776764988.7246623,0.8300000000000053,22,-55,59.23681287847955,7.206424924389239,0.022143385712618608,189,365,214,267,278,163
1776764988.7815652,0.8300000000000053,22,-55,59.23681287847955,7.206424924389239,0.022143385712618608,189,365,214,267,278,163
1776764988.8391836,0.8300000000000053,22,-55,59.23681287847955,7.206424924389239,0.022143385712618608,189,365,214,267,278,163
1776764988.8930752,0.8300000000000053,22,-55,59.23681287847955,7.206424924389239,0.022143385712618608,189,365,214,267,278,163
1776764988.950199,0.8300000000000053,22,-55,59.23681287847955,7.206424924389239,0.022143385712618608,189,365,214,267,278,163
1776764989.0070617,0.8300000000000053,22,-55,59.23681287847955,7.206424924389239,0.022143385712618608,189,365,214,267,278,163
1776764989.064513,0.8300000000000053,22,-55,59.23681287847955,7.206424924389239,0.022143385712618608,189,365,214,267,278,163
1776764989.122146,0.8300000000000053,22,-55,59.23681287847955,7.206424924389239,0.022143385712618608,189,365,214,267,278,163
1776764989.1803281,0.8300000000000053,22,-55,59.23681287847955,7.206424924389239,0.022143385712618608,189,365,214,267,278,163
1776764989.2324808,0.8300000000000053,22,-55,59.23681287847955,7.206424924389239,0.022143385712618608,189,365,214,267,278,163
1776764989.2899535,0.8300000000000053,22,-55,59.23681287847955,7.206424924389239,0.022143385712618608,189,365,214,267,278,163
1776764989.3470912,0.8300000000000053,22,-55,59.23681287847955,7.206424924389239,0.022143385712618608,189,365,214,267,278,163
1776764989.404978,0.8300000000000053,22,-55,59.23681287847955,7.206424924389239,0.022143385712618608,189,365,214,267,278,163
1776764989.4618611,0.8300000000000053,22,-55,59.23681287847955,7.206424924389239,0.022143385712618608,189,365,214,267,278,163
1776764989.515148,0.8300000000000053,22,-55,59.23681287847955,7.206424924389239,0.022143385712618608,189,365,214,267,278,163
1776764989.5726287,0.8300000000000053,22,-55,59.23681287847955,7.206424924389239,0.022143385712618608,189,365,214,267,278,163
1776764989.6296368,0.8300000000000053,22,-55,59.23681287847955,7.206424924389239,0.022143385712618608,189,365,214,267,278,163
1776764989.6872454,0.8300000000000053,22,-55,59.23681287847955,7.206424924389239,0.022143385712618608,189,365,214,267,278,163
1776764989.7440307,0.8300000000000053,22,-55,59.23681287847955,7.206424924389239,0.022143385712618608,189,365,214,267,278,163
1776764989.8013487,0.8300000000000053,22,-55,59.23681287847955,7.206424924389239,0.022143385712618608,189,365,214,267,278,163
1776764989.8555007,0.8300000000000053,22,-55,59.23681287847955,7.206424924389239,0.022143385712618608,189,365,214,267,278,163
1776764989.9123948,0.8300000000000053,22,-55,59.23681287847955,7.206424924389239,0.022143385712618608,189,365,214,267,278,163
1776764989.9718933,0.8300000000000053,22,-55,59.23681287847955,7.206424924389239,0.022143385712618608,189,365,214,267,278,163
1776764990.027068,0.8300000000000053,22,-55,59.23681287847955,7.206424924389239,0.022143385712618608,189,365,214,267,278,163
1776764990.0846426,0.8300000000000053,22,-55,59.23681287847955,7.206424924389239,0.022143385712618608,189,365,214,267,278,163
1776764990.1378715,0.8300000000000053,22,-55,59.23681287847955,7.206424924389239,0.022143385712618608,189,365,214,267,278,163
1776764990.195438,0.8300000000000053,22,-55,59.23681287847955,7.206424924389239,0.022143385712618608,189,365,214,267,278,163
1776764990.25269,0.8300000000000053,22,-55,59.23681287847955,7.206424924389239,0.022143385712618608,189,365,214,267,278,163
1776764990.3100324,0.8300000000000053,22,-55,59.23681287847955,7.206424924389239,0.022143385712618608,189,365,214,267,278,163
1776764990.366496,0.8300000000000053,22,-55,59.23681287847955,7.206424924389239,0.022143385712618608,189,365,214,267,278,163
1776764990.423835,0.8300000000000053,22,-55,59.23681287847955,7.206424924389239,0.022143385712618608,189,365,214,267,278,163
1776764990.4772701,0.8300000000000053,22,-55,59.23681287847955,7.206424924389239,0.022143385712618608,189,365,214,267,278,163
1776764990.5351927,0.8300000000000053,22,-55,59.23681287847955,7.206424924389239,0.022143385712618608,189,365,214,267,278,163
1776764990.5920346,0.8300000000000053,22,-55,59.23681287847955,7.206424924389239,0.022143385712618608,189,365,214,267,278,163
1776764990.6497602,0.8300000000000053,22,-55,59.23681287847955,7.206424924389239,0.022143385712618608,189,365,214,267,278,163
1776764990.707294,0.8300000000000053,22,-55,59.23681287847955,7.206424924389239,0.022143385712618608,189,365,214,267,278,163
1776764990.7607026,0.8300000000000053,22,-55,59.23681287847955,7.206424924389239,0.022143385712618608,189,365,214,267,278,163
1776764990.8179474,0.8300000000000053,22,-55,59.23681287847955,7.206424924389239,0.022143385712618608,189,365,214,267,278,163
1776764990.8749855,0.8300000000000053,22,-55,59.23681287847955,7.206424924389239,0.022143385712618608,189,365,214,267,278,163
1776764990.932398,0.8300000000000053,22,-55,59.23681287847955,7.206424924389239,0.022143385712618608,189,365,214,267,278,163
1776764990.9897594,0.8300000000000053,22,-55,59.23681287847955,7.206424924389239,0.022143385712618608,189,365,214,267,278,163
1776764991.0430675,0.8300000000000053,22,-55,59.23681287847955,7.206424924389239,0.022143385712618608,189,365,214,267,278,163
1776764991.1006837,0.8300000000000053,22,-55,59.23681287847955,7.206424924389239,0.022143385712618608,189,365,214,267,278,163
1776764991.1570902,0.8300000000000053,22,-55,59.23681287847955,7.206424924389239,0.022143385712618608,189,365,214,267,278,163
1776764991.2147043,0.8300000000000053,22,-55,59.23681287847955,7.206424924389239,0.022143385712618608,189,365,214,267,278,163
1776764991.272939,0.8300000000000053,22,-55,59.23681287847955,7.206424924389239,0.022143385712618608,189,365,214,267,278,163
1776764991.3295472,0.8300000000000053,22,-55,59.23681287847955,7.206424924389239,0.022143385712618608,189,365,214,267,278,163
1776764991.3831828,0.8300000000000053,22,-55,59.23681287847955,7.206424924389239,0.022143385712618608,189,365,214,267,278,163
1776764991.4402409,0.8300000000000053,22,-55,59.23681287847955,7.206424924389239,0.022143385712618608,189,365,214,267,278,163
1776764991.4971423,0.8300000000000053,22,-55,59.23681287847955,7.206424924389239,0.022143385712618608,189,365,214,267,278,163
1776764991.554878,0.8300000000000053,22,-55,59.23681287847955,7.206424924389239,0.022143385712618608,189,365,214,267,278,163
1776764991.6116953,0.8300000000000053,22,-55,59.23681287847955,7.206424924389239,0.022143385712618608,189,365,214,267,278,163
1776764991.6654575,0.8300000000000053,22,-55,59.23681287847955,7.206424924389239,0.022143385712618608,189,365,214,267,278,163
1776764991.7229462,0.8300000000000053,22,-55,59.23681287847955,7.206424924389239,0.022143385712618608,189,365,214,267,278,163
1776764991.7801611,0.8300000000000053,22,-55,59.23681287847955,7.206424924389239,0.022143385712618608,189,365,214,267,278,163
1776764991.837856,0.8300000000000053,22,-55,59.23681287847955,7.206424924389239,0.022143385712618608,189,365,214,267,278,163
1776764991.895021,0.8300000000000053,22,-55,59.23681287847955,7.206424924389239,0.022143385712618608,189,365,214,267,278,163
1776764991.9517984,0.8300000000000053,22,-55,59.23681287847955,7.206424924389239,0.022143385712618608,189,365,214,267,278,163
1776764992.0054882,0.8300000000000053,22,-55,59.23681287847955,7.206424924389239,0.022143385712618608,189,365,214,267,278,163
1776764992.0626547,0.8300000000000053,22,-55,59.23681287847955,7.206424924389239,0.022143385712618608,189,365,214,267,278,163
1776764992.12058,0.8300000000000053,22,-55,59.23681287847955,7.206424924389239,0.022143385712618608,189,365,214,267,278,163
1776764992.1775236,0.8300000000000053,22,-55,59.23681287847955,7.206424924389239,0.022143385712618608,189,365,214,267,278,163
1776764992.2343326,0.8300000000000053,22,-55,59.23681287847955,7.206424924389239,0.022143385712618608,189,365,214,267,278,163
1776764992.288036,0.8300000000000053,22,-55,59.23681287847955,7.206424924389239,0.022143385712618608,189,365,214,267,278,163
1776764992.345307,0.8300000000000053,22,-55,59.23681287847955,7.206424924389239,0.022143385712618608,189,365,214,267,278,163
1776764992.4023542,0.8300000000000053,22,-55,59.23681287847955,7.206424924389239,0.022143385712618608,189,365,214,267,278,163
1776764992.460208,0.8300000000000053,22,-55,59.23681287847955,7.206424924389239,0.022143385712618608,189,365,214,267,278,163
1776764992.5174387,0.8300000000000053,22,-55,59.23681287847955,7.206424924389239,0.022143385712618608,189,365,214,267,278,163
1776764992.5743434,0.8300000000000053,22,-55,59.23681287847955,7.206424924389239,0.022143385712618608,189,365,214,267,278,163
1776764992.6275222,0.8300000000000053,22,-55,59.23681287847955,7.206424924389239,0.022143385712618608,189,365,214,267,278,163
1776764992.6853278,0.8300000000000053,22,-55,59.23681287847955,7.206424924389239,0.022143385712618608,189,365,214,267,278,163
1776764992.742207,0.8300000000000053,22,-55,59.23681287847955,7.206424924389239,0.022143385712618608,189,365,214,267,278,163
1776764992.799544,0.8300000000000053,22,-55,59.23681287847955,7.206424924389239,0.022143385712618608,189,365,214,267,278,163
1776764992.8571007,0.8300000000000053,22,-55,59.23681287847955,7.206424924389239,0.022143385712618608,189,365,214,267,278,163
1776764992.911652,0.8300000000000053,22,-55,59.23681287847955,7.206424924389239,0.022143385712618608,189,365,214,267,278,163
1776764992.968422,0.8300000000000053,22,-55,59.23681287847955,7.206424924389239,0.022143385712618608,189,365,214,267,278,163
1776764993.0252392,0.8300000000000053,22,-55,59.23681287847955,7.206424924389239,0.022143385712618608,189,365,214,267,278,163
1776764993.0826075,0.8300000000000053,22,-55,59.23681287847955,7.206424924389239,0.022143385712618608,189,365,214,267,278,163
1776764993.1400785,0.8300000000000053,22,-55,59.23681287847955,7.206424924389239,0.022143385712618608,189,365,214,267,278,163
1776764993.1937916,0.8300000000000053,22,-55,59.23681287847955,7.206424924389239,0.022143385712618608,189,365,214,267,278,163
1776764993.25062,0.8300000000000053,22,-55,59.23681287847955,7.206424924389239,0.022143385712618608,189,365,214,267,278,163
1776764993.3076737,0.8300000000000053,22,-55,59.23681287847955,7.206424924389239,0.022143385712618608,189,365,214,267,278,163
1776764993.3653295,0.8300000000000053,22,-55,59.23681287847955,7.206424924389239,0.022143385712618608,189,365,214,267,278,163
1776764993.4222777,0.8300000000000053,22,-55,59.23681287847955,7.206424924389239,0.022143385712618608,189,365,214,267,278,163
1776764993.4797907,0.8300000000000053,22,-55,59.23681287847955,7.206424924389239,0.022143385712618608,189,365,214,267,278,163
1776764993.5338602,0.8300000000000053,22,-55,59.23681287847955,7.206424924389239,0.022143385712618608,189,365,214,267,278,163
1776764993.5910826,0.8300000000000053,22,-55,59.23681287847955,7.206424924389239,0.022143385712618608,189,365,214,267,278,163
1776764993.6478374,0.8300000000000053,22,-55,59.23681287847955,7.206424924389239,0.022143385712618608,189,365,214,267,278,163
1776764993.7047658,0.8300000000000053,22,-55,59.23681287847955,7.206424924389239,0.022143385712618608,189,365,214,267,278,163
1776764993.7620916,0.8300000000000053,22,-55,59.23681287847955,7.206424924389239,0.022143385712618608,189,365,214,267,278,163
1776764993.8159206,0.8300000000000053,22,-55,59.23681287847955,7.206424924389239,0.022143385712618608,189,365,214,267,278,163
1776764993.8731961,0.8300000000000053,22,-55,59.23681287847955,7.206424924389239,0.022143385712618608,189,365,214,267,278,163
1776764993.9301202,0.8300000000000053,22,-55,59.23681287847955,7.206424924389239,0.022143385712618608,189,365,214,267,278,163
1776764993.9878793,0.8300000000000053,22,-55,59.23681287847955,7.206424924389239,0.022143385712618608,189,365,214,267,278,163
1776764994.0450091,0.8300000000000053,22,-55,59.23681287847955,7.206424924389239,0.022143385712618608,189,365,214,267,278,163
1776764994.1026084,0.8300000000000053,22,-55,59.23681287847955,7.206424924389239,0.022143385712618608,189,365,214,267,278,163
1776764994.1560996,0.8300000000000053,22,-55,59.23681287847955,7.206424924389239,0.022143385712618608,189,365,214,267,278,163
1776764994.2131147,0.8300000000000053,22,-55,59.23681287847955,7.206424924389239,0.022143385712618608,189,365,214,267,278,163
1776764994.270263,0.8300000000000053,22,-55,59.23681287847955,7.206424924389239,0.022143385712618608,189,365,214,267,278,163
1776764994.327724,0.8300000000000053,22,-55,59.23681287847955,7.206424924389239,0.022143385712618608,189,365,214,267,278,163
1776764994.3850334,0.8300000000000053,22,-55,59.23681287847955,7.206424924389239,0.022143385712618608,189,365,214,267,278,163
1776764994.4378939,0.8300000000000053,22,-55,59.23681287847955,7.206424924389239,0.022143385712618608,189,365,214,267,278,163
1776764994.4952512,0.8300000000000053,22,-55,59.23681287847955,7.206424924389239,0.022143385712618608,189,365,214,267,278,163
1776764994.55284,0.8300000000000053,22,-55,59.23681287847955,7.206424924389239,0.022143385712618608,189,365,214,267,278,163
1776764994.6102777,0.8300000000000053,22,-55,59.23681287847955,7.206424924389239,0.022143385712618608,189,365,214,267,278,163
1776764994.6673682,0.8300000000000053,22,-55,59.23681287847955,7.206424924389239,0.022143385712618608,189,365,214,267,278,163
1776764994.725121,0.8300000000000053,22,-55,59.23681287847955,7.206424924389239,0.022143385712618608,189,365,214,267,278,163
1776764994.7780254,0.8300000000000053,22,-55,59.23681287847955,7.206424924389239,0.022143385712618608,189,365,214,267,278,163
1776764994.8352914,0.8300000000000053,22,-55,59.23681287847955,7.206424924389239,0.022143385712618608,189,365,214,267,278,163
1776764994.892823,0.8300000000000053,22,-55,59.23681287847955,7.206424924389239,0.022143385712618608,189,365,214,267,278,163
1776764994.949901,0.8300000000000053,22,-55,59.23681287847955,7.206424924389239,0.022143385712618608,189,365,214,267,278,163
1776764995.0073018,0.8300000000000053,22,-55,59.23681287847955,7.206424924389239,0.022143385712618608,189,365,214,267,278,163
1776764995.0605137,0.8300000000000053,22,-55,59.23681287847955,7.206424924389239,0.022143385712618608,189,365,214,267,278,163
1776764995.118144,0.8300000000000053,22,-55,59.23681287847955,7.206424924389239,0.022143385712618608,189,365,214,267,278,163
1776764995.175877,0.8300000000000053,22,-55,59.23681287847955,7.206424924389239,0.022143385712618608,189,365,214,267,278,163
1776764995.2332275,0.8300000000000053,22,-55,59.23681287847955,7.206424924389239,0.022143385712618608,189,365,214,267,278,163
1776764995.2903156,0.8300000000000053,22,-55,59.23681287847955,7.206424924389239,0.022143385712618608,189,365,214,267,278,163
1776764995.347811,0.8300000000000053,22,-55,59.23681287847955,7.206424924389239,0.022143385712618608,189,365,214,267,278,163
1776764995.4004855,0.8300000000000053,22,-55,59.23681287847955,7.206424924389239,0.022143385712618608,189,365,214,267,278,163
1776764995.45835,0.8300000000000053,22,-55,59.23681287847955,7.206424924389239,0.022143385712618608,189,365,214,267,278,163
1776764995.5157044,0.8300000000000053,22,-55,59.23681287847955,7.206424924389239,0.022143385712618608,189,365,214,267,278,163
1776764995.5736115,0.8300000000000053,22,-55,59.23681287847955,7.206424924389239,0.022143385712618608,189,365,214,267,278,163
1776764995.6297088,0.8300000000000053,22,-55,59.23681287847955,7.206424924389239,0.022143385712618608,189,365,214,267,278,163
1776764995.6836407,0.8300000000000053,22,-55,59.23681287847955,7.206424924389239,0.022143385712618608,189,365,214,267,278,163
1776764995.7407353,0.8300000000000053,22,-55,59.23681287847955,7.206424924389239,0.022143385712618608,189,365,214,267,278,163
1776764995.7981875,0.8300000000000053,22,-56,60.166435825965294,7.319517740385072,0.021749904202726877,189,365,214,267,278,162
1776764995.8550332,0.8300000000000053,22,-56,60.166435825965294,7.319517740385072,0.021749904202726877,189,365,214,267,278,162
1776764995.9125571,0.8300000000000053,22,-56,60.166435825965294,7.319517740385072,0.021749904202726877,189,365,214,267,278,162
1776764995.9657402,0.8300000000000053,22,-56,60.166435825965294,7.319517740385072,0.021749904202726877,189,365,214,267,278,162
1776764996.023523,0.8300000000000053,22,-56,60.166435825965294,7.319517740385072,0.021749904202726877,189,365,214,267,278,162
1776764996.080815,0.8300000000000053,22,-56,60.166435825965294,7.319517740385072,0.021749904202726877,189,365,214,267,278,162
1776764996.1382053,0.8300000000000053,22,-56,60.166435825965294,7.319517740385072,0.021749904202726877,189,365,214,267,278,162
1776764996.1950645,0.8300000000000053,22,-56,60.166435825965294,7.319517740385072,0.021749904202726877,189,365,214,267,278,162
1776764996.2531102,0.8300000000000053,22,-56,60.166435825965294,7.319517740385072,0.021749904202726877,189,365,214,267,278,162
1776764996.3064656,0.8300000000000053,22,-56,60.166435825965294,7.319517740385072,0.021749904202726877,189,365,214,267,278,162
1776764996.3638585,0.8300000000000053,22,-56,60.166435825965294,7.319517740385072,0.021749904202726877,189,365,214,267,278,162
1776764996.420349,0.8300000000000053,22,-56,60.166435825965294,7.319517740385072,0.021749904202726877,189,365,214,267,278,162
1776764996.4777956,0.8300000000000053,22,-56,60.166435825965294,7.319517740385072,0.021749904202726877,189,365,214,267,278,162
1776764996.5354266,0.8300000000000053,22,-56,60.166435825965294,7.319517740385072,0.021749904202726877,189,365,214,267,278,162
1776764996.5892332,0.8300000000000053,22,-56,60.166435825965294,7.319517740385072,0.021749904202726877,189,365,214,267,278,162
1776764996.6461632,0.8300000000000053,22,-56,60.166435825965294,7.319517740385072,0.021749904202726877,189,365,214,267,278,162
1776764996.703001,0.8300000000000053,22,-56,60.166435825965294,7.319517740385072,0.021749904202726877,189,365,214,267,278,162
1776764996.760469,0.8300000000000053,22,-56,60.166435825965294,7.319517740385072,0.021749904202726877,189,365,214,267,278,162
1776764996.8180282,0.8300000000000053,22,-56,60.166435825965294,7.319517740385072,0.021749904202726877,189,365,214,267,278,162
1776764996.8756602,0.8300000000000053,22,-56,60.166435825965294,7.319517740385072,0.021749904202726877,189,365,214,267,278,162
1776764996.9286668,0.8300000000000053,22,-56,60.166435825965294,7.319517740385072,0.021749904202726877,189,365,214,267,278,162
1776764996.9861133,0.8300000000000053,22,-56,60.166435825965294,7.319517740385072,0.021749904202726877,189,365,214,267,278,162
1776764997.0429885,0.8300000000000053,22,-56,60.166435825965294,7.319517740385072,0.021749904202726877,189,365,214,267,278,162
1776764997.1009848,0.8300000000000053,22,-56,60.166435825965294,7.319517740385072,0.021749904202726877,189,365,214,267,278,162
1776764997.1574519,0.8300000000000053,22,-56,60.166435825965294,7.319517740385072,0.021749904202726877,189,365,214,267,278,162
1776764997.2108924,0.8300000000000053,22,-56,60.166435825965294,7.319517740385072,0.021749904202726877,189,365,214,267,278,162
1776764997.2683344,0.8300000000000053,22,-56,60.166435825965294,7.319517740385072,0.021749904202726877,189,365,214,267,278,162
1776764997.3260672,0.8300000000000053,22,-56,60.166435825965294,7.319517740385072,0.021749904202726877,189,365,214,267,278,162
1776764997.38327,0.8300000000000053,22,-56,60.166435825965294,7.319517740385072,0.021749904202726877,189,365,214,267,278,162
1776764997.4406116,0.8300000000000053,22,-56,60.166435825965294,7.319517740385072,0.021749904202726877,189,365,214,267,278,162
1776764997.4979053,0.8300000000000053,22,-56,60.166435825965294,7.319517740385072,0.021749904202726877,189,365,214,267,278,162
1776764997.5512393,0.8300000000000053,22,-56,60.166435825965294,7.319517740385072,0.021749904202726877,189,365,214,267,278,162
1776764997.6086438,0.8300000000000053,22,-56,60.166435825965294,7.319517740385072,0.021749904202726877,189,365,214,267,278,162
1776764997.6659675,0.8300000000000053,22,-56,60.166435825965294,7.319517740385072,0.021749904202726877,189,365,214,267,278,162
1776764997.7232704,0.8300000000000053,22,-56,60.166435825965294,7.319517740385072,0.021749904202726877,189,365,214,267,278,162
1776764997.7805455,0.8300000000000053,22,-56,60.166435825965294,7.319517740385072,0.021749904202726877,189,365,214,267,278,162
1776764997.8334749,0.8300000000000053,22,-56,60.166435825965294,7.319517740385072,0.021749904202726877,189,365,214,267,278,162
1776764997.891289,0.8300000000000053,22,-56,60.166435825965294,7.319517740385072,0.021749904202726877,189,365,214,267,278,162
1776764997.9483752,0.8300000000000053,22,-56,60.166435825965294,7.319517740385072,0.021749904202726877,189,365,214,267,278,162
1776764998.0060258,0.8300000000000053,22,-56,60.166435825965294,7.319517740385072,0.021749904202726877,189,365,214,267,278,162
1776764998.0628746,0.8300000000000053,22,-56,60.166435825965294,7.319517740385072,0.021749904202726877,189,365,214,267,278,162
1776764998.1165762,0.8300000000000053,22,-56,60.166435825965294,7.319517740385072,0.021749904202726877,189,365,214,267,278,162
1776764998.174148,0.8300000000000053,22,-56,60.166435825965294,7.319517740385072,0.021749904202726877,189,365,214,267,278,162
1776764998.231894,0.8300000000000053,22,-56,60.166435825965294,7.319517740385072,0.021749904202726877,189,365,214,267,278,162
1776764998.2881413,0.8300000000000053,22,-56,60.166435825965294,7.319517740385072,0.021749904202726877,189,365,214,267,278,162
1776764998.3453782,0.8300000000000053,22,-56,60.166435825965294,7.319517740385072,0.021749904202726877,189,365,214,267,278,162
1776764998.4026527,0.8300000000000053,22,-56,60.166435825965294,7.319517740385072,0.021749904202726877,189,365,214,267,278,162
1776764998.4563534,0.8300000000000053,22,-56,60.166435825965294,7.319517740385072,0.021749904202726877,189,365,214,267,278,162
1776764998.5139122,0.8300000000000053,22,-56,60.166435825965294,7.319517740385072,0.021749904202726877,189,365,214,267,278,162
1776764998.571141,0.8300000000000053,22,-56,60.166435825965294,7.319517740385072,0.021749904202726877,189,365,214,267,278,162
1776764998.6284974,0.8300000000000053,22,-56,60.166435825965294,7.319517740385072,0.021749904202726877,189,365,214,267,278,162
1776764998.6856227,0.8300000000000053,22,-56,60.166435825965294,7.319517740385072,0.021749904202726877,189,365,214,267,278,162
1776764998.7393339,0.8300000000000053,22,-56,60.166435825965294,7.319517740385072,0.021749904202726877,189,365,214,267,278,162
1776764998.7963946,0.8300000000000053,22,-56,60.166435825965294,7.319517740385072,0.021749904202726877,189,365,214,267,278,162
1776764998.8534992,0.8300000000000053,22,-56,60.166435825965294,7.319517740385072,0.022223297026858563,189,365,214,266,278,162
1776764998.9109745,0.8300000000000053,22,-56,60.166435825965294,7.319517740385072,0.022223297026858563,189,365,214,266,278,162
1776764998.9683695,0.8300000000000053,22,-56,60.166435825965294,7.319517740385072,0.022223297026858563,189,365,214,266,278,162
1776764999.0253494,0.8300000000000053,22,-56,60.166435825965294,7.319517740385072,0.022223297026858563,189,365,214,266,278,162
1776764999.0791957,0.8300000000000053,22,-56,60.166435825965294,7.319517740385072,0.022223297026858563,189,365,214,266,278,162
1776764999.1360188,0.8300000000000053,22,-56,60.166435825965294,7.319517740385072,0.022223297026858563,189,365,214,266,278,162
1776764999.1936243,0.8300000000000053,22,-56,60.166435825965294,7.319517740385072,0.022223297026858563,189,365,214,266,278,162
1776764999.2511556,0.8300000000000053,22,-56,60.166435825965294,7.319517740385072,0.022223297026858563,189,365,214,266,278,162
1776764999.3084555,0.8300000000000053,22,-56,60.166435825965294,7.319517740385072,0.022223297026858563,189,365,214,266,278,162
1776764999.3619146,0.8300000000000053,22,-56,60.166435825965294,7.319517740385072,0.022223297026858563,189,365,214,266,278,162
1776764999.4184744,0.8300000000000053,22,-56,60.166435825965294,7.319517740385072,0.022223297026858563,189,365,214,266,278,162
1776764999.4758487,0.8300000000000053,22,-56,60.166435825965294,7.319517740385072,0.022223297026858563,189,365,214,266,278,162
1776764999.5340805,0.8300000000000053,22,-56,60.166435825965294,7.319517740385072,0.022223297026858563,189,365,214,266,278,162
1776764999.5914552,0.8300000000000053,22,-56,60.166435825965294,7.319517740385072,0.022223297026858563,189,365,214,266,278,162
1776764999.6481416,0.8300000000000053,22,-56,60.166435825965294,7.319517740385072,0.022223297026858563,189,365,214,266,278,162
1776764999.7015657,0.8300000000000053,22,-56,60.166435825965294,7.319517740385072,0.022223297026858563,189,365,214,266,278,162
1776764999.7584863,0.8300000000000053,22,-56,60.166435825965294,7.319517740385072,0.022223297026858563,189,365,214,266,278,162
1776764999.8162344,0.8300000000000053,22,-56,60.166435825965294,7.319517740385072,0.022223297026858563,189,365,214,266,278,162
1776764999.8730536,0.8300000000000053,22,-56,60.166435825965294,7.319517740385072,0.022223297026858563,189,365,214,266,278,162
1776764999.9307866,0.8300000000000053,22,-56,60.166435825965294,7.319517740385072,0.022223297026858563,189,365,214,266,278,162
1776764999.9841309,0.8300000000000053,22,-56,60.166435825965294,7.319517740385072,0.022223297026858563,189,365,214,266,278,162
1776765000.0410712,0.8300000000000053,22,-56,60.166435825965294,7.319517740385072,0.022223297026858563,189,365,214,266,278,162
1776765000.0988526,0.8300000000000053,22,-56,60.166435825965294,7.319517740385072,0.022223297026858563,189,365,214,266,278,162
1776765000.1565185,0.8300000000000053,22,-56,60.166435825965294,7.319517740385072,0.022223297026858563,189,365,214,266,278,162
1776765000.213721,0.8300000000000053,22,-56,60.166435825965294,7.319517740385072,0.022223297026858563,189,365,214,266,278,162
1776765000.2671216,0.8300000000000053,22,-56,60.166435825965294,7.319517740385072,0.022223297026858563,189,365,214,266,278,162
1776765000.323761,0.8300000000000053,22,-56,60.166435825965294,7.319517740385072,0.022223297026858563,189,365,214,266,278,162
1776765000.3811493,0.8300000000000053,22,-56,60.166435825965294,7.319517740385072,0.022223297026858563,189,365,214,266,278,162
1776765000.4382527,0.8300000000000053,22,-56,60.166435825965294,7.319517740385072,0.022223297026858563,189,365,214,266,278,162
1776765000.4957674,0.8300000000000053,22,-56,60.166435825965294,7.319517740385072,0.022223297026858563,189,365,214,266,278,162
1776765000.5533004,0.8300000000000053,22,-56,60.166435825965294,7.319517740385072,0.022223297026858563,189,365,214,266,278,162
1776765000.6072037,0.8300000000000053,22,-56,60.166435825965294,7.319517740385072,0.022223297026858563,189,365,214,266,278,162
1776765000.6638408,0.8300000000000053,22,-56,60.166435825965294,7.319517740385072,0.022223297026858563,189,365,214,266,278,162
1776765000.7210546,0.8300000000000053,22,-56,60.166435825965294,7.319517740385072,0.022223297026858563,189,365,214,266,278,162
1776765000.7785282,0.8300000000000053,22,-56,60.166435825965294,7.319517740385072,0.022223297026858563,189,365,214,266,278,162
1776765000.8355787,0.8300000000000053,22,-56,60.166435825965294,7.319517740385072,0.022223297026858563,189,365,214,266,278,162
1776765000.888888,0.8300000000000053,22,-56,60.166435825965294,7.319517740385072,0.022223297026858563,189,365,214,266,278,162
1776765000.9462526,0.8300000000000053,22,-56,60.166435825965294,7.319517740385072,0.022223297026858563,189,365,214,266,278,162
1776765001.0036423,0.8300000000000053,22,-56,60.166435825965294,7.319517740385072,0.022223297026858563,189,365,214,266,278,162
1776765001.062078,0.8300000000000053,22,-56,60.166435825965294,7.319517740385072,0.022223297026858563,189,365,214,266,278,162
1776765001.1185029,0.8300000000000053,22,-56,60.166435825965294,7.319517740385072,0.022223297026858563,189,365,214,266,278,162
1776765001.1760955,0.8300000000000053,22,-56,60.166435825965294,7.319517740385072,0.022223297026858563,189,365,214,266,278,162
1776765001.228913,0.8300000000000053,22,-56,60.166435825965294,7.319517740385072,0.022223297026858563,189,365,214,266,278,162
1776765001.2861776,0.8300000000000053,22,-56,60.166435825965294,7.319517740385072,0.022223297026858563,189,365,214,266,278,162
1776765001.3434815,0.8300000000000053,22,-56,60.166435825965294,7.319517740385072,0.022223297026858563,189,365,214,266,278,162
1776765001.4007885,0.8300000000000053,22,-56,60.166435825965294,7.319517740385072,0.022223297026858563,189,365,214,266,278,162
1776765001.4581254,0.8300000000000053,22,-56,60.166435825965294,7.319517740385072,0.022223297026858563,189,365,214,266,278,162
1776765001.512429,0.8300000000000053,22,-56,60.166435825965294,7.319517740385072,0.022223297026858563,189,365,214,266,278,162
1776765001.5693746,0.8300000000000053,22,-56,60.166435825965294,7.319517740385072,0.022223297026858563,189,365,214,266,278,162
1776765001.626123,0.8300000000000053,22,-56,60.166435825965294,7.319517740385072,0.022223297026858563,189,365,214,266,278,162
1776765001.6834345,0.8300000000000053,22,-56,60.166435825965294,7.319517740385072,0.022223297026858563,189,365,214,266,278,162
1776765001.7413614,0.8300000000000053,22,-56,60.166435825965294,7.319517740385072,0.022223297026858563,189,365,214,266,278,162
1776765001.7982373,0.8300000000000053,22,-56,60.166435825965294,7.319517740385072,0.022223297026858563,189,365,214,266,278,162
1776765001.852459,0.8300000000000053,22,-56,60.166435825965294,7.319517740385072,0.022223297026858563,189,365,214,266,278,162
1776765001.9088023,0.8300000000000053,22,-56,60.166435825965294,7.319517740385072,0.022223297026858563,189,365,214,266,278,162
1776765001.966084,0.8300000000000053,22,-56,60.166435825965294,7.319517740385072,0.022223297026858563,189,365,214,266,278,162
1776765002.0234795,0.8300000000000053,22,-56,60.166435825965294,7.319517740385072,0.022223297026858563,189,365,214,266,278,162
1776765002.081565,0.8300000000000053,22,-56,60.166435825965294,7.319517740385072,0.022223297026858563,189,365,214,266,278,162
1776765002.1347697,0.8300000000000053,22,-56,60.166435825965294,7.319517740385072,0.022223297026858563,189,365,214,266,278,162
1776765002.1919196,0.8300000000000053,22,-56,60.166435825965294,7.319517740385072,0.022223297026858563,189,365,214,266,278,162
1776765002.248821,0.8300000000000053,22,-56,60.166435825965294,7.319517740385072,0.022223297026858563,189,365,214,266,278,162
1776765002.3060584,0.8300000000000053,22,-56,60.166435825965294,7.319517740385072,0.022223297026858563,189,365,214,266,278,162
1776765002.363292,0.8300000000000053,22,-56,60.166435825965294,7.319517740385072,0.022223297026858563,189,365,214,266,278,162
1776765002.416807,0.8300000000000053,22,-56,60.166435825965294,7.319517740385072,0.022223297026858563,189,365,214,266,278,162
1776765002.4743521,0.8300000000000053,22,-56,60.166435825965294,7.319517740385072,0.022223297026858563,189,365,214,266,278,162
1776765002.5321202,0.8300000000000053,22,-56,60.166435825965294,7.319517740385072,0.022223297026858563,189,365,214,266,278,162
1776765002.5892916,0.8300000000000053,22,-56,60.166435825965294,7.319517740385072,0.022223297026858563,189,365,214,266,278,162
1776765002.645987,0.8300000000000053,22,-56,60.166435825965294,7.319517740385072,0.022223297026858563,189,365,214,266,278,162
1776765002.7032568,0.8300000000000053,22,-56,60.166435825965294,7.319517740385072,0.022223297026858563,189,365,214,266,278,162
1776765002.7567928,0.8300000000000053,22,-56,60.166435825965294,7.319517740385072,0.022223297026858563,189,365,214,266,278,162
1776765002.8139572,0.8300000000000053,22,-56,60.166435825965294,7.319517740385072,0.022223297026858563,189,365,214,266,278,162
1776765002.8719246,0.8300000000000053,22,-56,60.166435825965294,7.319517740385072,0.022223297026858563,189,365,214,266,278,162
1776765002.9291255,0.8300000000000053,22,-56,60.166435825965294,7.319517740385072,0.022223297026858563,189,365,214,266,278,162
1776765002.986024,0.8300000000000053,22,-56,60.166435825965294,7.319517740385072,0.022223297026858563,189,365,214,266,278,162
1776765003.0393212,0.8300000000000053,22,-56,60.166435825965294,7.319517740385072,0.022223297026858563,189,365,214,266,278,162
1776765003.0966108,0.8300000000000053,22,-56,60.166435825965294,7.319517740385072,0.022223297026858563,189,365,214,266,278,162
1776765003.1540937,0.8300000000000053,22,-56,60.166435825965294,7.319517740385072,0.022223297026858563,189,365,214,266,278,162
1776765003.2112591,0.8300000000000053,22,-56,60.166435825965294,7.319517740385072,0.022223297026858563,189,365,214,266,278,162
1776765003.269102,0.8300000000000053,22,-56,60.166435825965294,7.319517740385072,0.022223297026858563,189,365,214,266,278,162
1776765003.3265371,0.8300000000000053,22,-56,60.166435825965294,7.319517740385072,0.022223297026858563,189,365,214,266,278,162
1776765003.3796635,0.8300000000000053,22,-56,60.166435825965294,7.319517740385072,0.022223297026858563,189,365,214,266,278,162
1776765003.4371147,0.8300000000000053,22,-56,60.166435825965294,7.319517740385072,0.022223297026858563,189,365,214,266,278,162
1776765003.4938111,0.8300000000000053,22,-56,60.166435825965294,7.319517740385072,0.022223297026858563,189,365,214,266,278,162
1776765003.5512023,0.8300000000000053,22,-56,60.166435825965294,7.319517740385072,0.022223297026858563,189,365,214,266,278,162
1776765003.608506,0.8300000000000053,22,-56,60.166435825965294,7.319517740385072,0.022223297026858563,189,365,214,266,278,162
1776765003.662315,0.8300000000000053,22,-56,60.166435825965294,7.319517740385072,0.022223297026858563,189,365,214,266,278,162
1776765003.719775,0.8300000000000053,22,-56,60.166435825965294,7.319517740385072,0.022223297026858563,189,365,214,266,278,162
1776765003.7769277,0.8300000000000053,22,-56,60.166435825965294,7.319517740385072,0.022223297026858563,189,365,214,266,278,162
1776765003.8351226,0.8300000000000053,22,-56,60.166435825965294,7.319517740385072,0.022223297026858563,189,365,214,266,278,162
1776765003.891377,0.8300000000000053,22,-56,60.166435825965294,7.319517740385072,0.022223297026858563,189,365,214,266,278,162
1776765003.9488857,0.8300000000000053,22,-56,60.166435825965294,7.319517740385072,0.022223297026858563,189,365,214,266,278,162
1776765004.0018206,0.8300000000000053,22,-56,60.166435825965294,7.319517740385072,0.022223297026858563,189,365,214,266,278,162
1776765004.059123,0.8300000000000053,22,-56,60.166435825965294,7.319517740385072,0.022223297026858563,189,365,214,266,278,162
1776765004.117371,0.8300000000000053,22,-56,60.166435825965294,7.319517740385072,0.022223297026858563,189,365,214,266,278,162
1776765004.1749754,0.8300000000000053,22,-56,60.166435825965294,7.319517740385072,0.022223297026858563,189,365,214,266,278,162
1776765004.2309391,0.8300000000000053,22,-56,60.166435825965294,7.319517740385072,0.022223297026858563,189,365,214,266,278,162
1776765004.2843986,0.8300000000000053,22,-56,60.166435825965294,7.319517740385072,0.022223297026858563,189,365,214,266,278,162
1776765004.3421376,0.8300000000000053,22,-56,60.166435825965294,7.319517740385072,0.022223297026858563,189,365,214,266,278,162
1776765004.399136,0.8300000000000053,22,-56,60.166435825965294,7.319517740385072,0.022223297026858563,189,365,214,266,278,162
1776765004.4563854,0.8300000000000053,22,-56,60.166435825965294,7.319517740385072,0.022223297026858563,189,365,214,266,278,162
1776765004.5137312,0.8300000000000053,22,-56,60.166435825965294,7.319517740385072,0.022223297026858563,189,365,214,266,278,162
1776765004.5709383,0.8300000000000053,22,-56,60.166435825965294,7.319517740385072,0.022223297026858563,189,365,214,266,278,162
1776765004.6247566,0.8300000000000053,22,-56,60.166435825965294,7.319517740385072,0.022223297026858563,189,365,214,266,278,162
1776765004.6817365,0.8300000000000053,22,-56,60.166435825965294,7.319517740385072,0.022223297026858563,189,365,214,266,278,162
1776765004.7389486,0.8300000000000053,22,-56,60.166435825965294,7.319517740385072,0.022223297026858563,189,365,214,266,278,162
1776765004.7971299,0.8300000000000053,22,-56,60.166435825965294,7.319517740385072,0.022223297026858563,189,365,214,266,278,162
1776765004.8535948,0.8300000000000053,22,-56,60.166435825965294,7.319517740385072,0.022223297026858563,189,365,214,266,278,162
1776765004.9069653,0.8300000000000053,22,-56,60.166435825965294,7.319517740385072,0.022223297026858563,189,365,214,266,278,162
1776765004.9655073,0.8300000000000053,22,-56,60.166435825965294,7.319517740385072,0.022223297026858563,189,365,214,266,278,162
1776765005.0216823,0.8300000000000053,22,-56,60.166435825965294,7.319517740385072,0.022223297026858563,189,365,214,266,278,162
1776765005.079498,0.8300000000000053,22,-56,60.166435825965294,7.319517740385072,0.022223297026858563,189,365,214,266,278,162
1776765005.136218,0.8300000000000053,22,-56,60.166435825965294,7.319517740385072,0.022223297026858563,189,365,214,266,278,162
1776765005.1896465,0.8300000000000053,22,-56,60.166435825965294,7.319517740385072,0.022223297026858563,189,365,214,266,278,162
1776765005.2469661,0.8300000000000053,22,-56,60.166435825965294,7.319517740385072,0.022223297026858563,189,365,214,266,278,162
1776765005.3042698,0.8300000000000053,22,-56,60.166435825965294,7.319517740385072,0.022223297026858563,189,365,214,266,278,162
1776765005.3622437,0.8300000000000053,22,-56,60.166435825965294,7.319517740385072,0.022223297026858563,189,365,214,266,278,162
1776765005.419474,0.8300000000000053,22,-56,60.166435825965294,7.319517740385072,0.022223297026858563,189,365,214,266,278,162
1776765005.4768338,0.8300000000000053,22,-56,60.166435825965294,7.319517740385072,0.022223297026858563,189,365,214,266,278,162
1776765005.5300312,0.8300000000000053,22,-56,60.166435825965294,7.319517740385072,0.022223297026858563,189,365,214,266,278,162
1776765005.5873563,0.8300000000000053,22,-56,60.166435825965294,7.319517740385072,0.022223297026858563,189,365,214,266,278,162
1776765005.6447918,0.8300000000000053,22,-56,60.166435825965294,7.319517740385072,0.022223297026858563,189,365,214,266,278,162
1776765005.701979,0.8300000000000053,22,-56,60.166435825965294,7.319517740385072,0.022223297026858563,189,365,214,266,278,162
1776765005.7589114,0.8300000000000053,22,-56,60.166435825965294,7.319517740385072,0.022223297026858563,189,365,214,266,278,162
1776765005.8126388,0.8300000000000053,22,-56,60.166435825965294,7.319517740385072,0.022223297026858563,189,365,214,266,278,162
1776765005.8696866,0.8300000000000053,22,-56,60.166435825965294,7.319517740385072,0.022223297026858563,189,365,214,266,278,162
1776765005.9273653,0.8300000000000053,22,-56,60.166435825965294,7.319517740385072,0.022223297026858563,189,365,214,266,278,162
1776765005.9845953,0.8300000000000053,22,-56,60.166435825965294,7.319517740385072,0.022223297026858563,189,365,214,266,278,162
1776765006.0417066,0.8300000000000053,22,-56,60.166435825965294,7.319517740385072,0.022223297026858563,189,365,214,266,278,162
1776765006.099251,0.8300000000000053,22,-56,60.166435825965294,7.319517740385072,0.022223297026858563,189,365,214,266,278,162
1776765006.152566,0.8300000000000053,22,-56,60.166435825965294,7.319517740385072,0.022223297026858563,189,365,214,266,278,162
1776765006.2094617,0.8300000000000053,22,-56,60.166435825965294,7.319517740385072,0.022223297026858563,189,365,214,266,278,162
1776765006.2667112,0.8300000000000053,22,-56,60.166435825965294,7.319517740385072,0.022223297026858563,189,365,214,266,278,162
1776765006.3241153,0.8300000000000053,22,-56,60.166435825965294,7.319517740385072,0.022223297026858563,189,365,214,266,278,162
1776765006.3817093,0.8300000000000053,22,-56,60.166435825965294,7.319517740385072,0.022223297026858563,189,365,214,266,278,162
1776765006.4352045,0.8300000000000053,22,-56,60.166435825965294,7.319517740385072,0.022223297026858563,189,365,214,266,278,162
1776765006.492371,0.8300000000000053,22,-56,60.166435825965294,7.319517740385072,0.022223297026858563,189,365,214,266,278,162
1776765006.5494006,0.8300000000000053,22,-56,60.166435825965294,7.319517740385072,0.022223297026858563,189,365,214,266,278,162
1776765006.6070707,0.8300000000000053,22,-56,60.166435825965294,7.319517740385072,0.022223297026858563,189,365,214,266,278,162
1776765006.6643205,0.8300000000000053,22,-56,60.166435825965294,7.319517740385072,0.022223297026858563,189,365,214,266,278,162
1776765006.718752,0.8300000000000053,22,-56,60.166435825965294,7.319517740385072,0.022223297026858563,189,365,214,266,278,162
1776765006.7752144,0.8300000000000053,22,-56,60.166435825965294,7.319517740385072,0.022223297026858563,189,365,214,266,278,162
1776765006.832524,0.8300000000000053,22,-56,60.166435825965294,7.319517740385072,0.022223297026858563,189,365,214,266,278,162
1776765006.8896377,0.8300000000000053,22,-56,60.166435825965294,7.319517740385072,0.022223297026858563,189,365,214,266,278,162
1776765006.9474046,0.8300000000000053,22,-56,60.166435825965294,7.319517740385072,0.022223297026858563,189,365,214,266,278,162
1776765007.0046573,0.8300000000000053,22,-56,60.166435825965294,7.319517740385072,0.022223297026858563,189,365,214,266,278,162
1776765007.0578609,0.8300000000000053,22,-56,60.166435825965294,7.319517740385072,0.022223297026858563,189,365,214,266,278,162
1776765007.1152165,0.8300000000000053,22,-56,60.166435825965294,7.319517740385072,0.022223297026858563,189,365,214,266,278,162
1776765007.172169,0.8300000000000053,22,-56,60.166435825965294,7.319517740385072,0.022223297026858563,189,365,214,266,278,162
1776765007.2300239,0.8300000000000053,22,-56,60.166435825965294,7.319517740385072,0.022223297026858563,189,365,214,266,278,162
1776765007.2870212,0.8300000000000053,22,-56,60.166435825965294,7.319517740385072,0.022223297026858563,189,365,214,266,278,162
1776765007.3406446,0.8300000000000053,22,-56,60.166435825965294,7.319517740385072,0.022223297026858563,189,365,214,266,278,162
1776765007.3990638,0.8300000000000053,22,-56,60.166435825965294,7.319517740385072,0.022223297026858563,189,365,214,266,278,162
1776765007.4545853,0.8300000000000053,22,-56,60.166435825965294,7.319517740385072,0.022223297026858563,189,365,214,266,278,162
1776765007.512289,0.8300000000000053,22,-56,60.166435825965294,7.319517740385072,0.022223297026858563,189,365,214,266,278,162
1776765007.5694861,0.8300000000000053,22,-56,60.166435825965294,7.319517740385072,0.022223297026858563,189,365,214,266,278,162
1776765007.626916,0.8300000000000053,22,-56,60.166435825965294,7.319517740385072,0.022223297026858563,189,365,214,266,278,162
1776765007.680245,0.8300000000000053,22,-56,60.166435825965294,7.319517740385072,0.022223297026858563,189,365,214,266,278,162
1776765007.7375772,0.8300000000000053,22,-56,60.166435825965294,7.319517740385072,0.022223297026858563,189,365,214,266,278,162
1776765007.7950523,0.8300000000000053,22,-56,60.166435825965294,7.319517740385072,0.022223297026858563,189,365,214,266,278,162
1776765007.851949,0.8300000000000053,22,-56,60.166435825965294,7.319517740385072,0.022223297026858563,189,365,214,266,278,162
1776765007.9098475,0.8300000000000053,22,-56,60.166435825965294,7.319517740385072,0.022223297026858563,189,365,214,266,278,162
1776765007.9631677,0.8300000000000053,22,-56,60.166435825965294,7.319517740385072,0.022223297026858563,189,365,214,266,278,162
1776765008.0197701,0.8300000000000053,22,-56,60.166435825965294,7.319517740385072,0.022223297026858563,189,365,214,266,278,162
1776765008.0785291,0.8300000000000053,22,-56,60.166435825965294,7.319517740385072,0.022223297026858563,189,365,214,266,278,162
1776765008.134936,0.8300000000000053,22,-56,60.166435825965294,7.319517740385072,0.022223297026858563,189,365,214,266,278,162
1776765008.1924975,0.8300000000000053,22,-56,60.166435825965294,7.319517740385072,0.022223297026858563,189,365,214,266,278,162
1776765008.2490358,0.8300000000000053,22,-56,60.166435825965294,7.319517740385072,0.022223297026858563,189,365,214,266,278,162
1776765008.3026955,0.8300000000000053,22,-56,60.166435825965294,7.319517740385072,0.022223297026858563,189,365,214,266,278,162
1776765008.3602479,0.8300000000000053,22,-56,60.166435825965294,7.319517740385072,0.022223297026858563,189,365,214,266,278,162
1776765008.4183297,0.8300000000000053,22,-56,60.166435825965294,7.319517740385072,0.022223297026858563,189,365,214,266,278,162
1776765008.4745336,0.8300000000000053,22,-56,60.166435825965294,7.319517740385072,0.022223297026858563,189,365,214,266,278,162
1776765008.5316544,0.8300000000000053,22,-56,60.166435825965294,7.319517740385072,0.022223297026858563,189,365,214,266,278,162
1776765008.5851307,0.8300000000000053,22,-56,60.166435825965294,7.319517740385072,0.022223297026858563,189,365,214,266,278,162
1776765008.6424778,0.8300000000000053,22,-56,60.166435825965294,7.319517740385072,0.022223297026858563,189,365,214,266,278,162
1776765008.699685,0.8300000000000053,22,-56,60.166435825965294,7.319517740385072,0.022223297026858563,189,365,214,266,278,162
1776765008.7575295,0.8300000000000053,22,-56,60.166435825965294,7.319517740385072,0.022223297026858563,189,365,214,266,278,162
1776765008.8146787,0.8300000000000053,22,-56,60.166435825965294,7.319517740385072,0.022223297026858563,189,365,214,266,278,162
1776765008.868143,0.8300000000000053,22,-56,60.166435825965294,7.319517740385072,0.022223297026858563,189,365,214,266,278,162
1776765008.9258916,0.8300000000000053,22,-56,60.166435825965294,7.319517740385072,0.022223297026858563,189,365,214,266,278,162
1776765008.9828525,0.8300000000000053,22,-56,60.166435825965294,7.319517740385072,0.022223297026858563,189,365,214,266,278,162
1776765009.0402203,0.8300000000000053,22,-56,60.166435825965294,7.319517740385072,0.022223297026858563,189,365,214,266,278,162
1776765009.097366,0.8300000000000053,22,-56,60.166435825965294,7.319517740385072,0.022223297026858563,189,365,214,266,278,162
1776765009.1542041,0.8300000000000053,22,-56,60.166435825965294,7.319517740385072,0.022223297026858563,189,365,214,266,278,162
1776765009.208402,0.8300000000000053,22,-56,60.166435825965294,7.319517740385072,0.022223297026858563,189,365,214,266,278,162
1776765009.265812,0.8300000000000053,22,-56,60.166435825965294,7.319517740385072,0.022223297026858563,189,365,214,266,278,162
1776765009.3226259,0.8300000000000053,22,-56,60.166435825965294,7.319517740385072,0.022223297026858563,189,365,214,266,278,162
1776765009.3801546,0.8300000000000053,22,-56,60.166435825965294,7.319517740385072,0.022223297026858563,189,365,214,266,278,162
1776765009.437698,0.8300000000000053,22,-56,60.166435825965294,7.319517740385072,0.022223297026858563,189,365,214,266,278,162
1776765009.4906914,0.8300000000000053,22,-56,60.166435825965294,7.319517740385072,0.022223297026858563,189,365,214,266,278,162
1776765009.5480585,0.8300000000000053,22,-56,60.166435825965294,7.319517740385072,0.022223297026858563,189,365,214,266,278,162
1776765009.6053815,0.8300000000000053,22,-56,60.166435825965294,7.319517740385072,0.022223297026858563,189,365,214,266,278,162
1776765009.6621423,0.8300000000000053,22,-56,60.166435825965294,7.319517740385072,0.022223297026858563,189,365,214,266,278,162
1776765009.7203012,0.8300000000000053,22,-56,60.166435825965294,7.319517740385072,0.022223297026858563,189,365,214,266,278,162
1776765009.777263,0.8300000000000053,22,-56,60.166435825965294,7.319517740385072,0.022223297026858563,189,365,214,266,278,162
1776765009.8306577,0.8300000000000053,22,-56,60.166435825965294,7.319517740385072,0.022223297026858563,189,365,214,266,278,162
1776765009.8878117,0.8300000000000053,22,-56,60.166435825965294,7.319517740385072,0.022223297026858563,189,365,214,266,278,162
1776765009.9448652,0.8300000000000053,22,-56,60.166435825965294,7.319517740385072,0.022223297026858563,189,365,214,266,278,162
1776765010.00267,0.8300000000000053,22,-56,60.166435825965294,7.319517740385072,0.022223297026858563,189,365,214,266,278,162
1776765010.0595026,0.8300000000000053,22,-56,60.166435825965294,7.319517740385072,0.022223297026858563,189,365,214,266,278,162
1776765010.1132324,0.8300000000000053,22,-56,60.166435825965294,7.319517740385072,0.022223297026858563,189,365,214,266,278,162
1776765010.170575,0.8300000000000053,22,-56,60.166435825965294,7.319517740385072,0.022223297026858563,189,365,214,266,278,162
1776765010.2279146,0.8300000000000053,22,-56,60.166435825965294,7.319517740385072,0.022223297026858563,189,365,214,266,278,162
1776765010.2855077,0.8300000000000053,22,-56,60.166435825965294,7.319517740385072,0.022223297026858563,189,365,214,266,278,162
1776765010.3427553,0.8300000000000053,22,-56,60.166435825965294,7.319517740385072,0.022223297026858563,189,365,214,266,278,162
1776765010.4000173,0.8300000000000053,22,-56,60.166435825965294,7.319517740385072,0.022223297026858563,189,365,214,266,278,162
1776765010.4530084,0.8300000000000053,22,-56,60.166435825965294,7.319517740385072,0.022223297026858563,189,365,214,266,278,162
1776765010.5101395,0.8300000000000053,22,-56,60.166435825965294,7.319517740385072,0.022223297026858563,189,365,214,266,278,162
1776765010.5679324,0.8300000000000053,22,-56,60.166435825965294,7.319517740385072,0.022223297026858563,189,365,214,266,278,162
1776765010.6252067,0.8300000000000053,22,-56,60.166435825965294,7.319517740385072,0.022223297026858563,189,365,214,266,278,162
1776765010.6821187,0.8300000000000053,22,-56,60.166435825965294,7.319517740385072,0.022223297026858563,189,365,214,266,278,162
1776765010.7355566,0.8300000000000053,22,-56,60.166435825965294,7.319517740385072,0.022223297026858563,189,365,214,266,278,162
1776765010.7926877,0.8300000000000053,22,-56,60.166435825965294,7.319517740385072,0.022223297026858563,189,365,214,266,278,162
1776765010.8500178,0.8300000000000053,22,-56,60.166435825965294,7.319517740385072,0.022223297026858563,189,365,214,266,278,162
1776765010.907503,0.8300000000000053,22,-56,60.166435825965294,7.319517740385072,0.022223297026858563,189,365,214,266,278,162
1776765010.9651222,0.8300000000000053,22,-56,60.166435825965294,7.319517740385072,0.022223297026858563,189,365,214,266,278,162
1776765011.0239658,0.8300000000000053,22,-56,60.166435825965294,7.319517740385072,0.022223297026858563,189,365,214,266,278,162
1776765011.075848,0.8300000000000053,22,-56,60.166435825965294,7.319517740385072,0.022223297026858563,189,365,214,266,278,162
1776765011.133657,0.8300000000000053,22,-56,60.166435825965294,7.319517740385072,0.022223297026858563,189,365,214,266,278,162
1776765011.1906219,0.8300000000000053,22,-56,60.166435825965294,7.319517740385072,0.022223297026858563,189,365,214,266,278,162
1776765011.247579,0.8300000000000053,22,-56,60.166435825965294,7.319517740385072,0.022223297026858563,189,365,214,266,278,162
1776765011.3046336,0.8300000000000053,22,-56,60.166435825965294,7.319517740385072,0.022223297026858563,189,365,214,266,278,162
1776765011.3588836,0.8300000000000053,22,-56,60.166435825965294,7.319517740385072,0.022223297026858563,189,365,214,266,278,162
1776765011.416272,0.8300000000000053,22,-56,60.166435825965294,7.319517740385072,0.022223297026858563,189,365,214,266,278,162
1776765011.4733927,0.8300000000000053,22,-56,60.166435825965294,7.319517740385072,0.022223297026858563,189,365,214,266,278,162
1776765011.5307233,0.8300000000000053,22,-56,60.166435825965294,7.319517740385072,0.022223297026858563,189,365,214,266,278,162
1776765011.587722,0.8300000000000053,22,-56,60.166435825965294,7.319517740385072,0.022223297026858563,189,365,214,266,278,162
1776765011.6408172,0.8300000000000053,22,-56,60.166435825965294,7.319517740385072,0.022223297026858563,189,365,214,266,278,162
1776765011.6986647,0.8300000000000053,22,-56,60.166435825965294,7.319517740385072,0.022223297026858563,189,365,214,266,278,162
1776765011.7554379,0.8300000000000053,22,-56,60.166435825965294,7.319517740385072,0.022223297026858563,189,365,214,266,278,162
1776765011.8131092,0.8300000000000053,22,-56,60.166435825965294,7.319517740385072,0.022223297026858563,189,365,214,266,278,162
1776765011.8700604,0.8300000000000053,22,-56,60.166435825965294,7.319517740385072,0.022223297026858563,189,365,214,266,278,162
1776765011.9276586,0.8300000000000053,22,-56,60.166435825965294,7.319517740385072,0.022223297026858563,189,365,214,266,278,162
1776765011.9820755,0.8300000000000053,22,-56,60.166435825965294,7.319517740385072,0.022223297026858563,189,365,214,266,278,162
1776765012.0382707,0.8300000000000053,22,-56,60.166435825965294,7.319517740385072,0.022223297026858563,189,365,214,266,278,162
1776765012.0953176,0.8300000000000053,22,-56,60.166435825965294,7.319517740385072,0.022223297026858563,189,365,214,266,278,162
1776765012.1534388,0.8300000000000053,22,-56,60.166435825965294,7.319517740385072,0.022223297026858563,189,365,214,266,278,162
1776765012.2108493,0.8300000000000053,22,-56,60.166435825965294,7.319517740385072,0.022223297026858563,189,365,214,266,278,162
1776765012.2631109,0.8300000000000053,22,-56,60.166435825965294,7.319517740385072,0.022223297026858563,189,365,214,266,278,162
1776765012.3209462,0.8300000000000053,22,-56,60.166435825965294,7.319517740385072,0.022223297026858563,189,365,214,266,278,162
1776765012.3782616,0.8300000000000053,22,-56,60.166435825965294,7.319517740385072,0.022223297026858563,189,365,214,266,278,162
1776765012.4356976,0.8300000000000053,22,-56,60.166435825965294,7.319517740385072,0.022223297026858563,189,365,214,266,278,162
1776765012.4932413,0.8300000000000053,22,-56,60.166435825965294,7.319517740385072,0.022223297026858563,189,365,214,266,278,162
1776765012.5502977,0.8300000000000053,22,-56,60.166435825965294,7.319517740385072,0.022223297026858563,189,365,214,266,278,162
1776765012.6034765,0.8300000000000053,22,-57,61.09828148156051,7.432880958827313,0.021831259885963628,189,365,214,266,278,161
1776765012.660931,0.8300000000000053,22,-57,61.09828148156051,7.432880958827313,0.021831259885963628,189,365,214,266,278,161
1776765012.7190692,0.8300000000000053,22,-57,61.09828148156051,7.432880958827313,0.021831259885963628,189,365,214,266,278,161
1776765012.7757642,0.8300000000000053,22,-57,61.09828148156051,7.432880958827313,0.021831259885963628,189,365,214,266,278,161
1776765012.8323085,0.8300000000000053,22,-57,61.09828148156051,7.432880958827313,0.021831259885963628,189,365,214,266,278,161
1776765012.8857036,0.8300000000000053,22,-57,61.09828148156051,7.432880958827313,0.021831259885963628,189,365,214,266,278,161
1776765012.943007,0.8300000000000053,22,-57,61.09828148156051,7.432880958827313,0.021831259885963628,189,365,214,266,278,161
1776765013.0002913,0.8300000000000053,22,-57,61.09828148156051,7.432880958827313,0.021831259885963628,189,365,214,266,278,161
1776765013.0576653,0.8300000000000053,22,-57,61.09828148156051,7.432880958827313,0.021831259885963628,189,365,214,266,278,161
1776765013.115053,0.8300000000000053,22,-57,61.09828148156051,7.432880958827313,0.021831259885963628,189,365,214,266,278,161
1776765013.1726804,0.8300000000000053,22,-57,61.09828148156051,7.432880958827313,0.021831259885963628,189,365,214,266,278,161
1776765013.225702,0.8300000000000053,22,-57,61.09828148156051,7.432880958827313,0.021831259885963628,189,365,214,266,278,161
1776765013.2829783,0.8300000000000053,22,-57,61.09828148156051,7.432880958827313,0.021831259885963628,189,365,214,266,278,161
1776765013.341003,0.8300000000000053,22,-57,61.09828148156051,7.432880958827313,0.021831259885963628,189,365,214,266,278,161
1776765013.3981953,0.8300000000000053,22,-57,61.09828148156051,7.432880958827313,0.021831259885963628,189,365,214,266,278,161
1776765013.455295,0.8300000000000053,22,-57,61.09828148156051,7.432880958827313,0.021831259885963628,189,365,214,266,278,161
1776765013.5093615,0.8300000000000053,22,-57,61.09828148156051,7.432880958827313,0.021831259885963628,189,365,214,266,278,161
1776765013.565989,0.8300000000000053,22,-57,61.09828148156051,7.432880958827313,0.021831259885963628,189,365,214,266,278,161
1776765013.6235704,0.8300000000000053,22,-57,61.09828148156051,7.432880958827313,0.021831259885963628,189,365,214,266,278,161
1776765013.6809664,0.8300000000000053,22,-57,61.09828148156051,7.432880958827313,0.021831259885963628,189,365,214,266,278,161
1776765013.7379358,0.8300000000000053,22,-57,61.09828148156051,7.432880958827313,0.021831259885963628,189,365,214,266,278,161
1776765013.7911656,0.8300000000000053,22,-57,61.09828148156051,7.432880958827313,0.021831259885963628,189,365,214,266,278,161
1776765013.8486392,0.8300000000000053,22,-57,61.09828148156051,7.432880958827313,0.021831259885963628,189,365,214,266,278,161
1776765013.906217,0.8300000000000053,22,-57,61.09828148156051,7.432880958827313,0.021831259885963628,189,365,214,266,278,161
1776765013.9635346,0.8300000000000053,22,-57,61.09828148156051,7.432880958827313,0.021831259885963628,189,365,214,266,278,161
1776765014.0204434,0.8300000000000053,22,-57,61.09828148156051,7.432880958827313,0.021831259885963628,189,365,214,266,278,161
1776765014.078604,0.8300000000000053,22,-57,61.09828148156051,7.432880958827313,0.021831259885963628,189,365,214,266,278,161
1776765014.1315386,0.8300000000000053,22,-57,61.09828148156051,7.432880958827313,0.021831259885963628,189,365,214,266,278,161
1776765014.1882153,0.8300000000000053,22,-57,61.09828148156051,7.432880958827313,0.021831259885963628,189,365,214,266,278,161
1776765014.245946,0.8300000000000053,22,-57,61.09828148156051,7.432880958827313,0.021831259885963628,189,365,214,266,278,161
1776765014.303171,0.8300000000000053,22,-57,61.09828148156051,7.432880958827313,0.021831259885963628,189,365,214,266,278,161
1776765014.3602543,0.8300000000000053,22,-57,61.09828148156051,7.432880958827313,0.021831259885963628,189,365,214,266,278,161
1776765014.4137561,0.8300000000000053,22,-57,61.09828148156051,7.432880958827313,0.021831259885963628,189,365,214,266,278,161
1776765014.471206,0.8300000000000053,22,-57,61.09828148156051,7.432880958827313,0.021831259885963628,189,365,214,266,278,161
1776765014.5284553,0.8300000000000053,22,-57,61.09828148156051,7.432880958827313,0.021831259885963628,189,365,214,266,278,161
1776765014.5854323,0.8300000000000053,22,-57,61.09828148156051,7.432880958827313,0.021831259885963628,189,365,214,266,278,161
1776765014.6432383,0.8300000000000053,22,-57,61.09828148156051,7.432880958827313,0.021831259885963628,189,365,214,266,278,161
1776765014.7006145,0.8300000000000053,22,-57,61.09828148156051,7.432880958827313,0.021831259885963628,189,365,214,266,278,161
1776765014.7539933,0.8300000000000053,22,-57,61.09828148156051,7.432880958827313,0.021831259885963628,189,365,214,266,278,161
1776765014.8109903,0.8300000000000053,22,-57,61.09828148156051,7.432880958827313,0.021831259885963628,189,365,214,266,278,161
1776765014.8682091,0.8300000000000053,22,-57,61.09828148156051,7.432880958827313,0.021831259885963628,189,365,214,266,278,161
1776765014.9302516,0.8300000000000053,22,-57,61.09828148156051,7.432880958827313,0.021831259885963628,189,365,214,266,278,161
1776765014.9832628,0.8300000000000053,22,-57,61.09828148156051,7.432880958827313,0.021831259885963628,189,365,214,266,278,161
1776765015.036562,0.8300000000000053,22,-57,61.09828148156051,7.432880958827313,0.021831259885963628,189,365,214,266,278,161
1776765015.0933094,0.8300000000000053,22,-57,61.09828148156051,7.432880958827313,0.021831259885963628,189,365,214,266,278,161
1776765015.151058,0.8300000000000053,22,-57,61.09828148156051,7.432880958827313,0.021831259885963628,189,365,214,266,278,161
1776765015.2083397,0.8300000000000053,22,-57,61.09828148156051,7.432880958827313,0.021831259885963628,189,365,214,266,278,161
1776765015.2651613,0.8300000000000053,22,-57,61.09828148156051,7.432880958827313,0.021831259885963628,189,365,214,266,278,161
1776765015.3186705,0.8300000000000053,22,-57,61.09828148156051,7.432880958827313,0.021831259885963628,189,365,214,266,278,161
1776765015.3764288,0.8300000000000053,22,-57,61.09828148156051,7.432880958827313,0.021831259885963628,189,365,214,266,278,161
1776765015.4337263,0.8300000000000053,22,-57,61.09828148156051,7.432880958827313,0.021831259885963628,189,365,214,266,278,161
1776765015.49104,0.8300000000000053,22,-57,61.09828148156051,7.432880958827313,0.021831259885963628,189,365,214,266,278,161
1776765015.54844,0.8300000000000053,22,-57,61.09828148156051,7.432880958827313,0.021831259885963628,189,365,214,266,278,161
1776765015.6059241,0.8300000000000053,22,-57,61.09828148156051,7.432880958827313,0.021831259885963628,189,365,214,266,278,161
1776765015.659273,0.8300000000000053,22,-57,61.09828148156051,7.432880958827313,0.021831259885963628,189,365,214,266,278,161
1776765015.7164602,0.8300000000000053,22,-57,61.09828148156051,7.432880958827313,0.021831259885963628,189,365,214,266,278,161
1776765015.774635,0.8300000000000053,22,-57,61.09828148156051,7.432880958827313,0.021831259885963628,189,365,214,266,278,161
1776765015.8309903,0.8300000000000053,22,-57,61.09828148156051,7.432880958827313,0.021831259885963628,189,365,214,266,278,161
1776765015.8878326,0.8300000000000053,22,-57,61.09828148156051,7.432880958827313,0.021831259885963628,189,365,214,266,278,161
1776765015.941738,0.8300000000000053,22,-57,61.09828148156051,7.432880958827313,0.021831259885963628,189,365,214,266,278,161
1776765015.9988961,0.8300000000000053,22,-57,61.09828148156051,7.432880958827313,0.021831259885963628,189,365,214,266,278,161
1776765016.0566428,0.8300000000000053,22,-57,61.09828148156051,7.432880958827313,0.021831259885963628,189,365,214,266,278,161
1776765016.113833,0.8300000000000053,22,-57,61.09828148156051,7.432880958827313,0.021831259885963628,189,365,214,266,278,161
1776765016.1709802,0.8300000000000053,22,-57,61.09828148156051,7.432880958827313,0.021831259885963628,189,365,214,266,278,161
1776765016.227943,0.8300000000000053,22,-57,61.09828148156051,7.432880958827313,0.021831259885963628,189,365,214,266,278,161
1776765016.2815473,0.8300000000000053,22,-57,61.09828148156051,7.432880958827313,0.021831259885963628,189,365,214,266,278,161
1776765016.3389158,0.8300000000000053,22,-57,61.09828148156051,7.432880958827313,0.021831259885963628,189,365,214,266,278,161
1776765016.3963652,0.8300000000000053,22,-57,61.09828148156051,7.432880958827313,0.021831259885963628,189,365,214,266,278,161
1776765016.453522,0.8300000000000053,22,-57,61.09828148156051,7.432880958827313,0.021831259885963628,189,365,214,266,278,161
1776765016.510448,0.8300000000000053,22,-57,61.09828148156051,7.432880958827313,0.021831259885963628,189,365,214,266,278,161
1776765016.5643842,0.8300000000000053,22,-57,61.09828148156051,7.432880958827313,0.021831259885963628,189,365,214,266,278,161
1776765016.621934,0.8300000000000053,22,-57,61.09828148156051,7.432880958827313,0.021831259885963628,189,365,214,266,278,161
1776765016.6791284,0.8300000000000053,22,-57,61.09828148156051,7.432880958827313,0.021831259885963628,189,365,214,266,278,161
1776765016.736258,0.8300000000000053,22,-57,61.09828148156051,7.432880958827313,0.021831259885963628,189,365,214,266,278,161
1776765016.7929828,0.8300000000000053,22,-57,61.09828148156051,7.432880958827313,0.021831259885963628,189,365,214,266,278,161
1776765016.8502603,0.8300000000000053,22,-57,61.09828148156051,7.432880958827313,0.021831259885963628,189,365,214,266,278,161
1776765016.9042678,0.8300000000000053,22,-57,61.09828148156051,7.432880958827313,0.021831259885963628,189,365,214,266,278,161
1776765016.9615717,0.8300000000000053,22,-57,61.09828148156051,7.432880958827313,0.021831259885963628,189,365,214,266,278,161
1776765017.0189204,0.8300000000000053,22,-57,61.09828148156051,7.432880958827313,0.021831259885963628,189,365,214,266,278,161
1776765017.0762753,0.8300000000000053,22,-57,61.09828148156051,7.432880958827313,0.021831259885963628,189,365,214,266,278,161
1776765017.1336277,0.8300000000000053,22,-57,61.09828148156051,7.432880958827313,0.021831259885963628,189,365,214,266,278,161
1776765017.1868875,0.8300000000000053,22,-57,61.09828148156051,7.432880958827313,0.021831259885963628,189,365,214,266,278,161
1776765017.2445781,0.8300000000000053,22,-57,61.09828148156051,7.432880958827313,0.021831259885963628,189,365,214,266,278,161
1776765017.3009431,0.8300000000000053,22,-57,61.09828148156051,7.432880958827313,0.021831259885963628,189,365,214,266,278,161
1776765017.3582754,0.8300000000000053,22,-57,61.09828148156051,7.432880958827313,0.021831259885963628,189,365,214,266,278,161
1776765017.4159026,0.8300000000000053,22,-57,61.09828148156051,7.432880958827313,0.021831259885963628,189,365,214,266,278,161
1776765017.4695902,0.8300000000000053,22,-57,61.09828148156051,7.432880958827313,0.021831259885963628,189,365,214,266,278,161
1776765017.5262556,0.8300000000000053,22,-57,61.09828148156051,7.432880958827313,0.021831259885963628,189,365,214,266,278,161
1776765017.583608,0.8300000000000053,22,-57,61.09828148156051,7.432880958827313,0.021831259885963628,189,365,214,266,278,161
1776765017.6410408,0.8300000000000053,22,-57,61.09828148156051,7.432880958827313,0.021831259885963628,189,365,214,266,278,161
1776765017.6986742,0.8300000000000053,22,-57,61.09828148156051,7.432880958827313,0.021831259885963628,189,365,214,266,278,161
1776765017.7555358,0.8300000000000053,22,-57,61.09828148156051,7.432880958827313,0.021831259885963628,189,365,214,266,278,161
1776765017.8093967,0.8300000000000053,22,-57,61.09828148156051,7.432880958827313,0.021831259885963628,189,365,214,266,278,161
1776765017.8664732,0.8300000000000053,22,-57,61.09828148156051,7.432880958827313,0.021831259885963628,189,365,214,266,278,161
1776765017.9240487,0.8300000000000053,22,-57,61.09828148156051,7.432880958827313,0.021831259885963628,189,365,214,266,278,161
1776765017.9817994,0.8300000000000053,22,-57,61.09828148156051,7.432880958827313,0.021831259885963628,189,365,214,266,278,161
1776765018.0389743,0.8300000000000053,22,-57,61.09828148156051,7.432880958827313,0.021831259885963628,189,365,214,266,278,161
1776765018.0915902,0.8300000000000053,22,-57,61.09828148156051,7.432880958827313,0.021831259885963628,189,365,214,266,278,161
1776765018.1494167,0.8300000000000053,22,-57,61.09828148156051,7.432880958827313,0.021831259885963628,189,365,214,266,278,161
1776765018.2069416,0.8300000000000053,22,-57,61.09828148156051,7.432880958827313,0.021831259885963628,189,365,214,266,278,161
1776765018.2651274,0.8300000000000053,22,-57,61.09828148156051,7.432880958827313,0.021831259885963628,189,365,214,266,278,161
1776765018.3212688,0.8300000000000053,22,-57,61.09828148156051,7.432880958827313,0.021831259885963628,189,365,214,266,278,161
1776765018.3784902,0.8300000000000053,22,-57,61.09828148156051,7.432880958827313,0.021831259885963628,189,365,214,266,278,161
1776765018.4320164,0.8300000000000053,22,-57,61.09828148156051,7.432880958827313,0.021831259885963628,189,365,214,266,278,161
1776765018.4890606,0.8300000000000053,22,-57,61.09828148156051,7.432880958827313,0.021831259885963628,189,365,214,266,278,161
1776765018.5465462,0.8300000000000053,22,-57,61.09828148156051,7.432880958827313,0.021831259885963628,189,365,214,266,278,161
1776765018.6041272,0.8300000000000053,22,-57,61.09828148156051,7.432880958827313,0.021831259885963628,189,365,214,266,278,161
1776765018.6614172,0.8300000000000053,22,-57,61.09828148156051,7.432880958827313,0.021831259885963628,189,365,214,266,278,161
1776765018.7145636,0.8300000000000053,22,-57,61.09828148156051,7.432880958827313,0.021831259885963628,189,365,214,266,278,161
1776765018.7719736,0.8300000000000053,22,-57,61.09828148156051,7.432880958827313,0.021831259885963628,189,365,214,266,278,161
1776765018.8294559,0.8300000000000053,22,-57,61.09828148156051,7.432880958827313,0.021831259885963628,189,365,214,266,278,161
1776765018.8866668,0.8300000000000053,22,-57,61.09828148156051,7.432880958827313,0.021831259885963628,189,365,214,266,278,161
1776765018.9436114,0.8300000000000053,22,-57,61.09828148156051,7.432880958827313,0.021831259885963628,189,365,214,266,278,161
1776765019.0009592,0.8300000000000053,22,-57,61.09828148156051,7.432880958827313,0.021831259885963628,189,365,214,266,278,161
1776765019.0557976,0.8300000000000053,22,-57,61.09828148156051,7.432880958827313,0.021831259885963628,189,365,214,266,278,161
1776765019.1118348,0.8300000000000053,22,-57,61.09828148156051,7.432880958827313,0.021831259885963628,189,365,214,266,278,161
1776765019.1691105,0.8300000000000053,22,-57,61.09828148156051,7.432880958827313,0.021831259885963628,189,365,214,266,278,161
1776765019.2262697,0.8300000000000053,22,-57,61.09828148156051,7.432880958827313,0.021831259885963628,189,365,214,266,278,161
1776765019.2837071,0.8300000000000053,22,-57,61.09828148156051,7.432880958827313,0.021831259885963628,189,365,214,266,278,161
1776765019.3371048,0.8300000000000053,22,-57,61.09828148156051,7.432880958827313,0.021831259885963628,189,365,214,266,278,161
1776765019.3940842,0.8300000000000053,22,-57,61.09828148156051,7.432880958827313,0.021831259885963628,189,365,214,266,278,161
1776765019.4517498,0.8300000000000053,22,-57,61.09828148156051,7.432880958827313,0.021831259885963628,189,365,214,266,278,161
1776765019.5092123,0.8300000000000053,22,-57,61.09828148156051,7.432880958827313,0.021831259885963628,189,365,214,266,278,161
1776765019.5658867,0.8300000000000053,22,-57,61.09828148156051,7.432880958827313,0.021831259885963628,189,365,214,266,278,161
1776765019.6197824,0.8300000000000053,22,-57,61.09828148156051,7.432880958827313,0.021831259885963628,189,365,214,266,278,161
1776765019.6777065,0.8300000000000053,22,-57,61.09828148156051,7.432880958827313,0.021831259885963628,189,365,214,266,278,161
1776765019.7342582,0.8300000000000053,22,-57,61.09828148156051,7.432880958827313,0.021831259885963628,189,365,214,266,278,161
1776765019.7911491,0.8300000000000053,22,-57,61.09828148156051,7.432880958827313,0.021831259885963628,189,365,214,266,278,161
1776765019.8484612,0.8300000000000053,22,-57,61.09828148156051,7.432880958827313,0.021831259885963628,189,365,214,266,278,161
1776765019.90624,0.8300000000000053,22,-57,61.09828148156051,7.432880958827313,0.021831259885963628,189,365,214,266,278,161
1776765019.9597442,0.8300000000000053,22,-57,61.09828148156051,7.432880958827313,0.021831259885963628,189,365,214,266,278,161
1776765020.0167966,0.8300000000000053,22,-57,61.09828148156051,7.432880958827313,0.021831259885963628,189,365,214,266,278,161
1776765020.0742095,0.8300000000000053,22,-57,61.09828148156051,7.432880958827313,0.021831259885963628,189,365,214,266,278,161
1776765020.1326427,0.8300000000000053,22,-57,61.09828148156051,7.432880958827313,0.021831259885963628,189,365,214,266,278,161
1776765020.189552,0.8300000000000053,22,-57,61.09828148156051,7.432880958827313,0.021831259885963628,189,365,214,266,278,161
1776765020.2422957,0.8300000000000053,22,-57,61.09828148156051,7.432880958827313,0.021831259885963628,189,365,214,266,278,161
1776765020.2994206,0.8300000000000053,22,-57,61.09828148156051,7.432880958827313,0.021831259885963628,189,365,214,266,278,161
1776765020.357035,0.8300000000000053,22,-57,61.09828148156051,7.432880958827313,0.022299141432130687,189,365,214,265,278,161
1776765020.4138153,0.8300000000000053,22,-57,61.09828148156051,7.432880958827313,0.022299141432130687,189,365,214,265,278,161
1776765020.4715874,0.8300000000000053,22,-57,61.09828148156051,7.432880958827313,0.022299141432130687,189,365,214,265,278,161
1776765020.5295787,0.8300000000000053,22,-57,61.09828148156051,7.432880958827313,0.022299141432130687,189,365,214,265,278,161
1776765020.5821688,0.8300000000000053,22,-57,61.09828148156051,7.432880958827313,0.022299141432130687,189,365,214,265,278,161
1776765020.6395285,0.8300000000000053,22,-57,61.09828148156051,7.432880958827313,0.022299141432130687,189,365,214,265,278,161
1776765020.6971188,0.8300000000000053,22,-57,61.09828148156051,7.432880958827313,0.022299141432130687,189,365,214,265,278,161
1776765020.754404,0.8300000000000053,22,-57,61.09828148156051,7.432880958827313,0.022299141432130687,189,365,214,265,278,161
1776765020.81157,0.8300000000000053,22,-57,61.09828148156051,7.432880958827313,0.022299141432130687,189,365,214,265,278,161
1776765020.8648582,0.8300000000000053,22,-57,61.09828148156051,7.432880958827313,0.022299141432130687,189,365,214,265,278,161
1776765020.9223988,0.8300000000000053,22,-57,61.09828148156051,7.432880958827313,0.022299141432130687,189,365,214,265,278,161
1776765020.9795945,0.8300000000000053,22,-57,61.09828148156051,7.432880958827313,0.022299141432130687,189,365,214,265,278,161
1776765021.0365796,0.8300000000000053,22,-57,61.09828148156051,7.432880958827313,0.022299141432130687,189,365,214,265,278,161
1776765021.093906,0.8300000000000053,22,-57,61.09828148156051,7.432880958827313,0.022299141432130687,189,365,214,265,278,161
1776765021.1513987,0.8300000000000053,22,-57,61.09828148156051,7.432880958827313,0.022299141432130687,189,365,214,265,278,161
1776765021.2047305,0.8300000000000053,22,-57,61.09828148156051,7.432880958827313,0.022299141432130687,189,365,214,265,278,161
1776765021.261957,0.8300000000000053,22,-57,61.09828148156051,7.432880958827313,0.022299141432130687,189,365,214,265,278,161
1776765021.319331,0.8300000000000053,22,-57,61.09828148156051,7.432880958827313,0.022299141432130687,189,365,214,265,278,161
1776765021.377119,0.8300000000000053,22,-57,61.09828148156051,7.432880958827313,0.022299141432130687,189,365,214,265,278,161
1776765021.4335542,0.8300000000000053,22,-57,61.09828148156051,7.432880958827313,0.022299141432130687,189,365,214,265,278,161
1776765021.4871314,0.8300000000000053,22,-57,61.09828148156051,7.432880958827313,0.022299141432130687,189,365,214,265,278,161
1776765021.5443945,0.8300000000000053,22,-57,61.09828148156051,7.432880958827313,0.022299141432130687,189,365,214,265,278,161
1776765021.6017532,0.8300000000000053,22,-57,61.09828148156051,7.432880958827313,0.022299141432130687,189,365,214,265,278,161
1776765021.659064,0.8300000000000053,22,-57,61.09828148156051,7.432880958827313,0.022299141432130687,189,365,214,265,278,161
1776765021.7165499,0.8300000000000053,22,-57,61.09828148156051,7.432880958827313,0.022299141432130687,189,365,214,265,278,161
1776765021.7699056,0.8300000000000053,22,-57,61.09828148156051,7.432880958827313,0.022299141432130687,189,365,214,265,278,161
1776765021.827274,0.8300000000000053,22,-57,61.09828148156051,7.432880958827313,0.022299141432130687,189,365,214,265,278,161
1776765021.8852637,0.8300000000000053,22,-57,61.09828148156051,7.432880958827313,0.022299141432130687,189,365,214,265,278,161
1776765021.9422872,0.8300000000000053,22,-57,61.09828148156051,7.432880958827313,0.022299141432130687,189,365,214,265,278,161
1776765021.9990673,0.8300000000000053,22,-57,61.09828148156051,7.432880958827313,0.022299141432130687,189,365,214,265,278,161
1776765022.0561135,0.8300000000000053,22,-57,61.09828148156051,7.432880958827313,0.022299141432130687,189,365,214,265,278,161
1776765022.1095903,0.8300000000000053,22,-57,61.09828148156051,7.432880958827313,0.022299141432130687,189,365,214,265,278,161
1776765022.1673524,0.8300000000000053,22,-57,61.09828148156051,7.432880958827313,0.022299141432130687,189,365,214,265,278,161
1776765022.2246037,0.8300000000000053,22,-57,61.09828148156051,7.432880958827313,0.022299141432130687,189,365,214,265,278,161
1776765022.281504,0.8300000000000053,22,-57,61.09828148156051,7.432880958827313,0.022299141432130687,189,365,214,265,278,161
1776765022.3392165,0.8300000000000053,22,-57,61.09828148156051,7.432880958827313,0.022299141432130687,189,365,214,265,278,161
1776765022.3923774,0.8300000000000053,22,-57,61.09828148156051,7.432880958827313,0.022299141432130687,189,365,214,265,278,161
1776765022.4499145,0.8300000000000053,22,-57,61.09828148156051,7.432880958827313,0.022299141432130687,189,365,214,265,278,161
1776765022.507557,0.8300000000000053,22,-57,61.09828148156051,7.432880958827313,0.022299141432130687,189,365,214,265,278,161
1776765022.5646052,0.8300000000000053,22,-57,61.09828148156051,7.432880958827313,0.022299141432130687,189,365,214,265,278,161
1776765022.6220348,0.8300000000000053,22,-57,61.09828148156051,7.432880958827313,0.022299141432130687,189,365,214,265,278,161
1776765022.6792297,0.8300000000000053,22,-57,61.09828148156051,7.432880958827313,0.022299141432130687,189,365,214,265,278,161
1776765022.7326117,0.8300000000000053,22,-57,61.09828148156051,7.432880958827313,0.022299141432130687,189,365,214,265,278,161
1776765022.7899027,0.8300000000000053,22,-57,61.09828148156051,7.432880958827313,0.022299141432130687,189,365,214,265,278,161
1776765022.8477335,0.8300000000000053,22,-57,61.09828148156051,7.432880958827313,0.022299141432130687,189,365,214,265,278,161
1776765022.9043884,0.8300000000000053,22,-57,61.09828148156051,7.432880958827313,0.022299141432130687,189,365,214,265,278,161
1776765022.9634967,0.8300000000000053,22,-57,61.09828148156051,7.432880958827313,0.022299141432130687,189,365,214,265,278,161
1776765023.015321,0.8300000000000053,22,-57,61.09828148156051,7.432880958827313,0.022299141432130687,189,365,214,265,278,161
1776765023.0726256,0.8300000000000053,22,-57,61.09828148156051,7.432880958827313,0.022299141432130687,189,365,214,265,278,161
1776765023.1294494,0.8300000000000053,22,-57,61.09828148156051,7.432880958827313,0.022299141432130687,189,365,214,265,278,161
1776765023.187324,0.8300000000000053,22,-57,61.09828148156051,7.432880958827313,0.022299141432130687,189,365,214,265,278,161
1776765023.2444658,0.8300000000000053,22,-57,61.09828148156051,7.432880958827313,0.022299141432130687,189,365,214,265,278,161
1776765023.30188,0.8300000000000053,22,-57,61.09828148156051,7.432880958827313,0.022299141432130687,189,365,214,265,278,161
1776765023.3553023,0.8300000000000053,22,-57,61.09828148156051,7.432880958827313,0.022299141432130687,189,365,214,265,278,161
1776765023.4125478,0.8300000000000053,22,-57,61.09828148156051,7.432880958827313,0.022299141432130687,189,365,214,265,278,161
1776765023.4699528,0.8300000000000053,22,-57,61.09828148156051,7.432880958827313,0.022299141432130687,189,365,214,265,278,161
1776765023.5271583,0.8300000000000053,22,-57,61.09828148156051,7.432880958827313,0.022299141432130687,189,365,214,265,278,161
1776765023.5843642,0.8300000000000053,22,-57,61.09828148156051,7.432880958827313,0.022299141432130687,189,365,214,265,278,161
1776765023.637936,0.8300000000000053,22,-57,61.09828148156051,7.432880958827313,0.022299141432130687,189,365,214,265,278,161
1776765023.6957943,0.8300000000000053,22,-57,61.09828148156051,7.432880958827313,0.022299141432130687,189,365,214,265,278,161
1776765023.752214,0.8300000000000053,22,-57,61.09828148156051,7.432880958827313,0.022299141432130687,189,365,214,265,278,161
1776765023.8092506,0.8300000000000053,22,-57,61.09828148156051,7.432880958827313,0.022299141432130687,189,365,214,265,278,161
1776765023.8665736,0.8300000000000053,22,-57,61.09828148156051,7.432880958827313,0.022299141432130687,189,365,214,265,278,161
1776765023.9200127,0.8300000000000053,22,-57,61.09828148156051,7.432880958827313,0.022299141432130687,189,365,214,265,278,161
1776765023.9775958,0.8300000000000053,22,-57,61.09828148156051,7.432880958827313,0.022299141432130687,189,365,214,265,278,161
1776765024.0350637,0.8300000000000053,22,-57,61.09828148156051,7.432880958827313,0.022299141432130687,189,365,214,265,278,161
1776765024.0936909,0.8300000000000053,22,-57,61.09828148156051,7.432880958827313,0.022299141432130687,189,365,214,265,278,161
1776765024.1498098,0.8300000000000053,22,-57,61.09828148156051,7.432880958827313,0.022299141432130687,189,365,214,265,278,161
1776765024.206819,0.8300000000000053,22,-57,61.09828148156051,7.432880958827313,0.022299141432130687,189,365,214,265,278,161
1776765024.2603323,0.8300000000000053,22,-57,61.09828148156051,7.432880958827313,0.022299141432130687,189,365,214,265,278,161
1776765024.3174565,0.8300000000000053,22,-57,61.09828148156051,7.432880958827313,0.022299141432130687,189,365,214,265,278,161
1776765024.3744502,0.8300000000000053,22,-57,61.09828148156051,7.432880958827313,0.022299141432130687,189,365,214,265,278,161
1776765024.4319475,0.8300000000000053,22,-57,61.09828148156051,7.432880958827313,0.022299141432130687,189,365,214,265,278,161
1776765024.4893527,0.8300000000000053,22,-57,61.09828148156051,7.432880958827313,0.022299141432130687,189,365,214,265,278,161
1776765024.542527,0.8300000000000053,22,-57,61.09828148156051,7.432880958827313,0.022299141432130687,189,365,214,265,278,161
1776765024.6002817,0.8300000000000053,22,-57,61.09828148156051,7.432880958827313,0.022299141432130687,189,365,214,265,278,161
1776765024.6576908,0.8300000000000053,22,-57,61.09828148156051,7.432880958827313,0.022299141432130687,189,365,214,265,278,161
1776765024.7147381,0.8300000000000053,22,-57,61.09828148156051,7.432880958827313,0.022299141432130687,189,365,214,265,278,161
1776765024.7721539,0.8300000000000053,22,-57,61.09828148156051,7.432880958827313,0.022299141432130687,189,365,214,265,278,161
1776765024.8308082,0.8300000000000053,22,-57,61.09828148156051,7.432880958827313,0.022299141432130687,189,365,214,265,278,161
1776765024.883317,0.8300000000000053,22,-57,61.09828148156051,7.432880958827313,0.022299141432130687,189,365,214,265,278,161
1776765024.939731,0.8300000000000053,22,-57,61.09828148156051,7.432880958827313,0.022299141432130687,189,365,214,265,278,161
1776765024.9972415,0.8300000000000053,22,-57,61.09828148156051,7.432880958827313,0.022299141432130687,189,365,214,265,278,161
1776765025.0598738,0.8300000000000053,22,-57,61.09828148156051,7.432880958827313,0.022299141432130687,189,365,214,265,278,161
1776765025.111865,0.8300000000000053,22,-57,61.09828148156051,7.432880958827313,0.022299141432130687,189,365,214,265,278,161
1776765025.1650739,0.8300000000000053,22,-57,61.09828148156051,7.432880958827313,0.022299141432130687,189,365,214,265,278,161
1776765025.2223155,0.8300000000000053,22,-57,61.09828148156051,7.432880958827313,0.022299141432130687,189,365,214,265,278,161
1776765025.2800024,0.8300000000000053,22,-57,61.09828148156051,7.432880958827313,0.022299141432130687,189,365,214,265,278,161
1776765025.3369198,0.8300000000000053,22,-57,61.09828148156051,7.432880958827313,0.022299141432130687,189,365,214,265,278,161
1776765025.3942902,0.8300000000000053,22,-57,61.09828148156051,7.432880958827313,0.022299141432130687,189,365,214,265,278,161
1776765025.45162,0.8300000000000053,22,-57,61.09828148156051,7.432880958827313,0.022299141432130687,189,365,214,265,278,161
1776765025.5050018,0.8300000000000053,22,-57,61.09828148156051,7.432880958827313,0.022299141432130687,189,365,214,265,278,161
1776765025.5626764,0.8300000000000053,22,-57,61.09828148156051,7.432880958827313,0.022299141432130687,189,365,214,265,278,161
1776765025.6200674,0.8300000000000053,22,-57,61.09828148156051,7.432880958827313,0.022299141432130687,189,365,214,265,278,161
1776765025.6778448,0.8300000000000053,22,-57,61.09828148156051,7.432880958827313,0.022299141432130687,189,365,214,265,278,161
1776765025.7345014,0.8300000000000053,22,-57,61.09828148156051,7.432880958827313,0.022299141432130687,189,365,214,265,278,161
1776765025.788477,0.8300000000000053,22,-57,61.09828148156051,7.432880958827313,0.022299141432130687,189,365,214,265,278,161
1776765025.8455923,0.8300000000000053,22,-57,61.09828148156051,7.432880958827313,0.022299141432130687,189,365,214,265,278,161
1776765025.9024668,0.8300000000000053,22,-57,61.09828148156051,7.432880958827313,0.022299141432130687,189,365,214,265,278,161
1776765025.960173,0.8300000000000053,22,-57,61.09828148156051,7.432880958827313,0.022299141432130687,189,365,214,265,278,161
1776765026.0176704,0.8300000000000053,22,-57,61.09828148156051,7.432880958827313,0.022299141432130687,189,365,214,265,278,161
1776765026.070925,0.8300000000000053,22,-57,61.09828148156051,7.432880958827313,0.022299141432130687,189,365,214,265,278,161
1776765026.127852,0.8300000000000053,22,-57,61.09828148156051,7.432880958827313,0.022299141432130687,189,365,214,265,278,161
1776765026.185265,0.8300000000000053,22,-57,61.09828148156051,7.432880958827313,0.022299141432130687,189,365,214,265,278,161
1776765026.2427244,0.8300000000000053,22,-57,61.09828148156051,7.432880958827313,0.022299141432130687,189,365,214,265,278,161
1776765026.2997627,0.8300000000000053,22,-57,61.09828148156051,7.432880958827313,0.022299141432130687,189,365,214,265,278,161
1776765026.3575263,0.8300000000000053,22,-57,61.09828148156051,7.432880958827313,0.022299141432130687,189,365,214,265,278,161
1776765026.4104402,0.8300000000000053,22,-57,61.09828148156051,7.432880958827313,0.022299141432130687,189,365,214,265,278,161
1776765026.4682639,0.8300000000000053,22,-57,61.09828148156051,7.432880958827313,0.022299141432130687,189,365,214,265,278,161
1776765026.526095,0.8300000000000053,22,-57,61.09828148156051,7.432880958827313,0.022299141432130687,189,365,214,265,278,161
1776765026.5821307,0.8300000000000053,22,-57,61.09828148156051,7.432880958827313,0.022299141432130687,189,365,214,265,278,161
1776765026.6394506,0.8300000000000053,22,-57,61.09828148156051,7.432880958827313,0.022299141432130687,189,365,214,265,278,161
1776765026.6929376,0.8300000000000053,22,-57,61.09828148156051,7.432880958827313,0.022299141432130687,189,365,214,265,278,161
1776765026.7501993,0.8300000000000053,22,-57,61.09828148156051,7.432880958827313,0.022299141432130687,189,365,214,265,278,161
1776765026.8083088,0.8300000000000053,22,-57,61.09828148156051,7.432880958827313,0.022299141432130687,189,365,214,265,278,161
1776765026.8654494,0.8300000000000053,22,-57,61.09828148156051,7.432880958827313,0.022299141432130687,189,365,214,265,278,161
1776765026.9224389,0.8300000000000053,22,-57,61.09828148156051,7.432880958827313,0.022299141432130687,189,365,214,265,278,161
1776765026.979549,0.8300000000000053,22,-57,61.09828148156051,7.432880958827313,0.022299141432130687,189,365,214,265,278,161
1776765027.0330658,0.8300000000000053,22,-57,61.09828148156051,7.432880958827313,0.022299141432130687,189,365,214,265,278,161
1776765027.090367,0.8300000000000053,22,-57,61.09828148156051,7.432880958827313,0.022299141432130687,189,365,214,265,278,161
1776765027.1478217,0.8300000000000053,22,-57,61.09828148156051,7.432880958827313,0.022299141432130687,189,365,214,265,278,161
1776765027.205243,0.8300000000000053,22,-57,61.09828148156051,7.432880958827313,0.022299141432130687,189,365,214,265,278,161
1776765027.2623146,0.8300000000000053,22,-57,61.09828148156051,7.432880958827313,0.022299141432130687,189,365,214,265,278,161
1776765027.3159928,0.8300000000000053,22,-57,61.09828148156051,7.432880958827313,0.022299141432130687,189,365,214,265,278,161
1776765027.3733547,0.8300000000000053,22,-57,61.09828148156051,7.432880958827313,0.022299141432130687,189,365,214,265,278,161
1776765027.4303138,0.8300000000000053,22,-57,61.09828148156051,7.432880958827313,0.022299141432130687,189,365,214,265,278,161
1776765027.487344,0.8300000000000053,22,-57,61.09828148156051,7.432880958827313,0.022299141432130687,189,365,214,265,278,161
1776765027.5450065,0.8300000000000053,22,-57,61.09828148156051,7.432880958827313,0.022299141432130687,189,365,214,265,278,161
1776765027.6024022,0.8300000000000053,22,-57,61.09828148156051,7.432880958827313,0.022299141432130687,189,365,214,265,278,161
1776765027.655804,0.8300000000000053,22,-57,61.09828148156051,7.432880958827313,0.022299141432130687,189,365,214,265,278,161
1776765027.7127817,0.8300000000000053,22,-57,61.09828148156051,7.432880958827313,0.022299141432130687,189,365,214,265,278,161
1776765027.7699838,0.8300000000000053,22,-57,61.09828148156051,7.432880958827313,0.022299141432130687,189,365,214,265,278,161
1776765027.8278308,0.8300000000000053,22,-57,61.09828148156051,7.432880958827313,0.022299141432130687,189,365,214,265,278,161
1776765027.8862286,0.8300000000000053,22,-57,61.09828148156051,7.432880958827313,0.022299141432130687,189,365,214,265,278,161
1776765027.9384735,0.8300000000000053,22,-57,61.09828148156051,7.432880958827313,0.022299141432130687,189,365,214,265,278,161
1776765027.9955223,0.8300000000000053,22,-57,61.09828148156051,7.432880958827313,0.022299141432130687,189,365,214,265,278,161
1776765028.0526915,0.8300000000000053,22,-57,61.09828148156051,7.432880958827313,0.022299141432130687,189,365,214,265,278,161
1776765028.1098309,0.8300000000000053,22,-57,61.09828148156051,7.432880958827313,0.022299141432130687,189,365,214,265,278,161
1776765028.1677043,0.8300000000000053,22,-57,61.09828148156051,7.432880958827313,0.022299141432130687,189,365,214,265,278,161
1776765028.2213378,0.8300000000000053,22,-57,61.09828148156051,7.432880958827313,0.022299141432130687,189,365,214,265,278,161
1776765028.278378,0.8300000000000053,22,-57,61.09828148156051,7.432880958827313,0.022299141432130687,189,365,214,265,278,161
1776765028.3357947,0.8300000000000053,22,-57,61.09828148156051,7.432880958827313,0.022299141432130687,189,365,214,265,278,161
1776765028.393034,0.8300000000000053,22,-57,61.09828148156051,7.432880958827313,0.022299141432130687,189,365,214,265,278,161
1776765028.450432,0.8300000000000053,22,-57,61.09828148156051,7.432880958827313,0.022299141432130687,189,365,214,265,278,161
1776765028.5078392,0.8300000000000053,22,-57,61.09828148156051,7.432880958827313,0.022299141432130687,189,365,214,265,278,161
1776765028.5610905,0.8300000000000053,22,-57,61.09828148156051,7.432880958827313,0.022299141432130687,189,365,214,265,278,161
1776765028.6182802,0.8300000000000053,22,-57,61.09828148156051,7.432880958827313,0.022299141432130687,189,365,214,265,278,161
1776765028.675654,0.8300000000000053,22,-57,61.09828148156051,7.432880958827313,0.022299141432130687,189,365,214,265,278,161
1776765028.7329304,0.8300000000000053,22,-57,61.09828148156051,7.432880958827313,0.022299141432130687,189,365,214,265,278,161
1776765028.7896621,0.8300000000000053,22,-57,61.09828148156051,7.432880958827313,0.022299141432130687,189,365,214,265,278,161
1776765028.8430533,0.8300000000000053,22,-57,61.09828148156051,7.432880958827313,0.022299141432130687,189,365,214,265,278,161
1776765028.9005485,0.8300000000000053,22,-57,61.09828148156051,7.432880958827313,0.022299141432130687,189,365,214,265,278,161
1776765028.9578316,0.8300000000000053,22,-57,61.09828148156051,7.432880958827313,0.022299141432130687,189,365,214,265,278,161
1776765029.01554,0.8300000000000053,22,-57,61.09828148156051,7.432880958827313,0.022299141432130687,189,365,214,265,278,161
1776765029.0728087,0.8300000000000053,22,-57,61.09828148156051,7.432880958827313,0.022299141432130687,189,365,214,265,278,161
1776765029.1301196,0.8300000000000053,22,-57,61.09828148156051,7.432880958827313,0.022299141432130687,189,365,214,265,278,161
1776765029.1834328,0.8300000000000053,22,-57,61.09828148156051,7.432880958827313,0.022299141432130687,189,365,214,265,278,161
1776765029.2405488,0.8300000000000053,22,-57,61.09828148156051,7.432880958827313,0.022299141432130687,189,365,214,265,278,161
1776765029.298301,0.8300000000000053,22,-57,61.09828148156051,7.432880958827313,0.022299141432130687,189,365,214,265,278,161
1776765029.3555799,0.8300000000000053,22,-57,61.09828148156051,7.432880958827313,0.022299141432130687,189,365,214,265,278,161
1776765029.4127345,0.8300000000000053,22,-57,61.09828148156051,7.432880958827313,0.022299141432130687,189,365,214,265,278,161
1776765029.466279,0.8300000000000053,22,-57,61.09828148156051,7.432880958827313,0.022299141432130687,189,365,214,265,278,161
1776765029.5235007,0.8300000000000053,22,-57,61.09828148156051,7.432880958827313,0.022299141432130687,189,365,214,265,278,161
1776765029.580685,0.8300000000000053,22,-57,61.09828148156051,7.432880958827313,0.022299141432130687,189,365,214,265,278,161
1776765029.6383514,0.8300000000000053,22,-57,61.09828148156051,7.432880958827313,0.022299141432130687,189,365,214,265,278,161
1776765029.6951346,0.8300000000000053,22,-57,61.09828148156051,7.432880958827313,0.022299141432130687,189,365,214,265,278,161
1776765029.7525127,0.8300000000000053,22,-57,61.09828148156051,7.432880958827313,0.022299141432130687,189,365,214,265,278,161
1776765029.8067625,0.8300000000000053,22,-57,61.09828148156051,7.432880958827313,0.022299141432130687,189,365,214,265,278,161
1776765029.86432,0.8300000000000053,22,-57,61.09828148156051,7.432880958827313,0.022299141432130687,189,365,214,265,278,161
1776765029.9208653,0.8300000000000053,22,-57,61.09828148156051,7.432880958827313,0.022299141432130687,189,365,214,265,278,161
1776765029.9778259,0.8300000000000053,22,-57,61.09828148156051,7.432880958827313,0.022299141432130687,189,365,214,265,278,161
1776765030.0354044,0.8300000000000053,22,-57,61.09828148156051,7.432880958827313,0.022299141432130687,189,365,214,265,278,161
1776765030.0882587,0.8300000000000053,22,-57,61.09828148156051,7.432880958827313,0.022299141432130687,189,365,214,265,278,161
1776765030.1461556,0.8300000000000053,22,-57,61.09828148156051,7.432880958827313,0.022299141432130687,189,365,214,265,278,161
1776765030.2032123,0.8300000000000053,22,-57,61.09828148156051,7.432880958827313,0.022299141432130687,189,365,214,265,278,161
1776765030.2608469,0.8300000000000053,22,-57,61.09828148156051,7.432880958827313,0.022299141432130687,189,365,214,265,278,161
1776765030.3176215,0.8300000000000053,22,-57,61.09828148156051,7.432880958827313,0.022299141432130687,189,365,214,265,278,161
1776765030.3714142,0.8300000000000053,22,-57,61.09828148156051,7.432880958827313,0.022299141432130687,189,365,214,265,278,161
1776765030.4287057,0.8300000000000053,22,-57,61.09828148156051,7.432880958827313,0.022299141432130687,189,365,214,265,278,161
1776765030.4862413,0.8300000000000053,22,-57,61.09828148156051,7.432880958827313,0.022299141432130687,189,365,214,265,278,161
1776765030.542797,0.8300000000000053,22,-57,61.09828148156051,7.432880958827313,0.022299141432130687,189,365,214,265,278,161
1776765030.600185,0.8300000000000053,22,-57,61.09828148156051,7.432880958827313,0.022299141432130687,189,365,214,265,278,161
1776765030.6580653,0.8300000000000053,22,-57,61.09828148156051,7.432880958827313,0.022299141432130687,189,365,214,265,278,161
1776765030.7108006,0.8300000000000053,22,-57,61.09828148156051,7.432880958827313,0.022299141432130687,189,365,214,265,278,161
1776765030.7682161,0.8300000000000053,22,-57,61.09828148156051,7.432880958827313,0.022299141432130687,189,365,214,265,278,161
1776765030.8255308,0.8300000000000053,22,-57,61.09828148156051,7.432880958827313,0.022299141432130687,189,365,214,265,278,161
1776765030.8828175,0.8300000000000053,22,-57,61.09828148156051,7.432880958827313,0.022299141432130687,189,365,214,265,278,161
1776765030.9403703,0.8300000000000053,22,-57,61.09828148156051,7.432880958827313,0.022299141432130687,189,365,214,265,278,161
1776765030.9934657,0.8300000000000053,22,-57,61.09828148156051,7.432880958827313,0.022299141432130687,189,365,214,265,278,161
1776765031.0508268,0.8300000000000053,22,-57,61.09828148156051,7.432880958827313,0.022299141432130687,189,365,214,265,278,161
1776765031.1080189,0.8300000000000053,22,-57,61.09828148156051,7.432880958827313,0.022299141432130687,189,365,214,265,278,161
1776765031.1654334,0.8300000000000053,22,-57,61.09828148156051,7.432880958827313,0.022299141432130687,189,365,214,265,278,161
1776765031.222819,0.8300000000000053,22,-57,61.09828148156051,7.432880958827313,0.022299141432130687,189,365,214,265,278,161
1776765031.280407,0.8300000000000053,22,-57,61.09828148156051,7.432880958827313,0.022299141432130687,189,365,214,265,278,161
1776765031.3339188,0.8300000000000053,22,-57,61.09828148156051,7.432880958827313,0.022299141432130687,189,365,214,265,278,161
1776765031.3909984,0.8300000000000053,22,-57,61.09828148156051,7.432880958827313,0.022299141432130687,189,365,214,265,278,161
1776765031.4482253,0.8300000000000053,22,-57,61.09828148156051,7.432880958827313,0.022299141432130687,189,365,214,265,278,161
1776765031.5059712,0.8300000000000053,22,-57,61.09828148156051,7.432880958827313,0.022299141432130687,189,365,214,265,278,161
1776765031.563635,0.8300000000000053,22,-57,61.09828148156051,7.432880958827313,0.022299141432130687,189,365,214,265,278,161
1776765031.6163824,0.8300000000000053,22,-57,61.09828148156051,7.432880958827313,0.022299141432130687,189,365,214,265,278,161
1776765031.6734092,0.8300000000000053,22,-57,61.09828148156051,7.432880958827313,0.022299141432130687,189,365,214,265,278,161
1776765031.7311926,0.8300000000000053,22,-57,61.09828148156051,7.432880958827313,0.022299141432130687,189,365,214,265,278,161
1776765031.7889254,0.8300000000000053,22,-57,61.09828148156051,7.432880958827313,0.022299141432130687,189,365,214,265,278,161
1776765031.8458843,0.8300000000000053,22,-57,61.09828148156051,7.432880958827313,0.022299141432130687,189,365,214,265,278,161
1776765031.9027078,0.8300000000000053,22,-57,61.09828148156051,7.432880958827313,0.022299141432130687,189,365,214,265,278,161
1776765031.956005,0.8300000000000053,22,-57,61.09828148156051,7.432880958827313,0.022299141432130687,189,365,214,265,278,161
1776765032.0137076,0.8300000000000053,22,-57,61.09828148156051,7.432880958827313,0.022299141432130687,189,365,214,265,278,161
1776765032.0716717,0.8300000000000053,22,-57,61.09828148156051,7.432880958827313,0.022299141432130687,189,365,214,265,278,161
1776765032.1283128,0.8300000000000053,22,-57,61.09828148156051,7.432880958827313,0.022299141432130687,189,365,214,265,278,161
1776765032.18569,0.8300000000000053,22,-57,61.09828148156051,7.432880958827313,0.022299141432130687,189,365,214,265,278,161
1776765032.2385833,0.8300000000000053,22,-57,61.09828148156051,7.432880958827313,0.022299141432130687,189,365,214,265,278,161
1776765032.296111,0.8300000000000053,22,-57,61.09828148156051,7.432880958827313,0.022299141432130687,189,365,214,265,278,161
1776765032.3538527,0.8300000000000053,22,-57,61.09828148156051,7.432880958827313,0.022299141432130687,189,365,214,265,278,161
1776765032.4108043,0.8300000000000053,22,-57,61.09828148156051,7.432880958827313,0.022299141432130687,189,365,214,265,278,161
1776765032.4683356,0.8300000000000053,22,-57,61.09828148156051,7.432880958827313,0.022299141432130687,189,365,214,265,278,161
1776765032.5217333,0.8300000000000053,22,-57,61.09828148156051,7.432880958827313,0.022299141432130687,189,365,214,265,278,161
1776765032.5785966,0.8300000000000053,22,-57,61.09828148156051,7.432880958827313,0.022299141432130687,189,365,214,265,278,161
1776765032.6364233,0.8300000000000053,22,-57,61.09828148156051,7.432880958827313,0.022299141432130687,189,365,214,265,278,161
1776765032.6933906,0.8300000000000053,22,-57,61.09828148156051,7.432880958827313,0.022299141432130687,189,365,214,265,278,161
1776765032.750783,0.8300000000000053,22,-57,61.09828148156051,7.432880958827313,0.022299141432130687,189,365,214,265,278,161
1776765032.808719,0.8300000000000053,22,-57,61.09828148156051,7.432880958827313,0.022299141432130687,189,365,214,265,278,161
1776765032.8619864,0.8300000000000053,22,-57,61.09828148156051,7.432880958827313,0.022299141432130687,189,365,214,265,278,161
1776765032.9191086,0.8300000000000053,22,-57,61.09828148156051,7.432880958827313,0.022299141432130687,189,365,214,265,278,161
1776765032.9764369,0.8300000000000053,22,-57,61.09828148156051,7.432880958827313,0.022299141432130687,189,365,214,265,278,161
1776765033.0336266,0.8300000000000053,22,-57,61.09828148156051,7.432880958827313,0.022299141432130687,189,365,214,265,278,161
1776765033.0909877,0.8300000000000053,22,-57,61.09828148156051,7.432880958827313,0.022299141432130687,189,365,214,265,278,161
1776765033.1438057,0.8300000000000053,22,-57,61.09828148156051,7.432880958827313,0.022299141432130687,189,365,214,265,278,161
1776765033.2011456,0.8300000000000053,22,-57,61.09828148156051,7.432880958827313,0.022299141432130687,189,365,214,265,278,161
1776765033.259097,0.8300000000000053,22,-57,61.09828148156051,7.432880958827313,0.022299141432130687,189,365,214,265,278,161
1776765033.3157482,0.8300000000000053,22,-57,61.09828148156051,7.432880958827313,0.022299141432130687,189,365,214,265,278,161
1776765033.3733742,0.8300000000000053,22,-57,61.09828148156051,7.432880958827313,0.022299141432130687,189,365,214,265,278,161
1776765033.4303617,0.8300000000000053,22,-57,61.09828148156051,7.432880958827313,0.022299141432130687,189,365,214,265,278,161
1776765033.4841304,0.8300000000000053,22,-57,61.09828148156051,7.432880958827313,0.022299141432130687,189,365,214,265,278,161
1776765033.5415726,0.8300000000000053,22,-57,61.09828148156051,7.432880958827313,0.022299141432130687,189,365,214,265,278,161
1776765033.5985265,0.8300000000000053,22,-57,61.09828148156051,7.432880958827313,0.022299141432130687,189,365,214,265,278,161
1776765033.6560826,0.8300000000000053,22,-57,61.09828148156051,7.432880958827313,0.022299141432130687,189,365,214,265,278,161
1776765033.713439,0.8300000000000053,22,-57,61.09828148156051,7.432880958827313,0.022299141432130687,189,365,214,265,278,161
1776765033.7669895,0.8300000000000053,22,-57,61.09828148156051,7.432880958827313,0.022299141432130687,189,365,214,265,278,161
1776765033.8243806,0.8300000000000053,22,-57,61.09828148156051,7.432880958827313,0.022299141432130687,189,365,214,265,278,161
1776765033.8812723,0.8300000000000053,22,-57,61.09828148156051,7.432880958827313,0.022299141432130687,189,365,214,265,278,161
1776765033.9388785,0.8300000000000053,22,-57,61.09828148156051,7.432880958827313,0.022299141432130687,189,365,214,265,278,161
1776765033.996067,0.8300000000000053,22,-57,61.09828148156051,7.432880958827313,0.022299141432130687,189,365,214,265,278,161
1776765034.0534296,0.8300000000000053,22,-57,61.09828148156051,7.432880958827313,0.022299141432130687,189,365,214,265,278,161
1776765034.1067488,0.8300000000000053,22,-57,61.09828148156051,7.432880958827313,0.022299141432130687,189,365,214,265,278,161
1776765034.1643972,0.8300000000000053,22,-57,61.09828148156051,7.432880958827313,0.022299141432130687,189,365,214,265,278,161
1776765034.2218394,0.8300000000000053,22,-57,61.09828148156051,7.432880958827313,0.022299141432130687,189,365,214,265,278,161
1776765034.2786558,0.8300000000000053,22,-57,61.09828148156051,7.432880958827313,0.022299141432130687,189,365,214,265,278,161
1776765034.3359435,0.8300000000000053,22,-57,61.09828148156051,7.432880958827313,0.022299141432130687,189,365,214,265,278,161
1776765034.3894506,0.8300000000000053,22,-57,61.09828148156051,7.432880958827313,0.022299141432130687,189,365,214,265,278,161
1776765034.4463272,0.8300000000000053,22,-57,61.09828148156051,7.432880958827313,0.022299141432130687,189,365,214,265,278,161
1776765034.5041559,0.8300000000000053,22,-57,61.09828148156051,7.432880958827313,0.022299141432130687,189,365,214,265,278,161
1776765034.5612676,0.8300000000000053,22,-57,61.09828148156051,7.432880958827313,0.022299141432130687,189,365,214,265,278,161
1776765034.6183414,0.8300000000000053,22,-57,61.09828148156051,7.432880958827313,0.022299141432130687,189,365,214,265,278,161
1776765034.675683,0.8300000000000053,22,-57,61.09828148156051,7.432880958827313,0.022299141432130687,189,365,214,265,278,161
1776765034.7292004,0.8300000000000053,22,-57,61.09828148156051,7.432880958827313,0.022299141432130687,189,365,214,265,278,161
1776765034.7867332,0.8300000000000053,22,-57,61.09828148156051,7.432880958827313,0.022299141432130687,189,365,214,265,278,161
1776765034.8438182,0.8300000000000053,22,-57,61.09828148156051,7.432880958827313,0.022299141432130687,189,365,214,265,278,161
1776765034.9013023,0.8300000000000053,22,-57,61.09828148156051,7.432880958827313,0.022299141432130687,189,365,214,265,278,161
1776765034.9586506,0.8300000000000053,22,-57,61.09828148156051,7.432880958827313,0.022299141432130687,189,365,214,265,278,161
1776765035.0122259,0.8300000000000053,22,-57,61.09828148156051,7.432880958827313,0.022299141432130687,189,365,214,265,278,161
1776765035.069811,0.8300000000000053,22,-57,61.09828148156051,7.432880958827313,0.022299141432130687,189,365,214,265,278,161
1776765035.1262026,0.8300000000000053,22,-57,61.09828148156051,7.432880958827313,0.022299141432130687,189,365,214,265,278,161
1776765035.1839483,0.8300000000000053,22,-57,61.09828148156051,7.432880958827313,0.022299141432130687,189,365,214,265,278,161
1776765035.240735,0.8300000000000053,22,-57,61.09828148156051,7.432880958827313,0.022299141432130687,189,365,214,265,278,161
1776765035.2941332,0.8300000000000053,22,-57,61.09828148156051,7.432880958827313,0.022299141432130687,189,365,214,265,278,161
1776765035.3525476,0.8300000000000053,22,-57,61.09828148156051,7.432880958827313,0.022299141432130687,189,365,214,265,278,161
1776765035.4091177,0.8300000000000053,22,-57,61.09828148156051,7.432880958827313,0.022299141432130687,189,365,214,265,278,161
1776765035.4667666,0.8300000000000053,22,-57,61.09828148156051,7.432880958827313,0.022299141432130687,189,365,214,265,278,161
1776765035.5238378,0.8300000000000053,22,-57,61.09828148156051,7.432880958827313,0.022299141432130687,189,365,214,265,278,161
1776765035.580588,0.8300000000000053,22,-57,61.09828148156051,7.432880958827313,0.022299141432130687,189,365,214,265,278,161
1776765035.634032,0.8300000000000053,22,-57,61.09828148156051,7.432880958827313,0.022299141432130687,189,365,214,265,278,161
1776765035.6913595,0.8300000000000053,22,-57,61.09828148156051,7.432880958827313,0.022299141432130687,189,365,214,265,278,161
1776765035.749182,0.8300000000000053,22,-57,61.09828148156051,7.432880958827313,0.022299141432130687,189,365,214,265,278,161
1776765035.8060334,0.8300000000000053,22,-57,61.09828148156051,7.432880958827313,0.022299141432130687,189,365,214,265,278,161
1776765035.8641481,0.8300000000000053,22,-57,61.09828148156051,7.432880958827313,0.022299141432130687,189,365,214,265,278,161
1776765035.917623,0.8300000000000053,22,-57,61.09828148156051,7.432880958827313,0.022299141432130687,189,365,214,265,278,161
1776765035.9748619,0.8300000000000053,22,-57,61.09828148156051,7.432880958827313,0.022299141432130687,189,365,214,265,278,161
1776765036.031439,0.8300000000000053,22,-57,61.09828148156051,7.432880958827313,0.022299141432130687,189,365,214,265,278,161
1776765036.0893133,0.8300000000000053,22,-57,61.09828148156051,7.432880958827313,0.022299141432130687,189,365,214,265,278,161
1776765036.14677,0.8300000000000053,22,-57,61.09828148156051,7.432880958827313,0.022299141432130687,189,365,214,265,278,161
1776765036.2039328,0.8300000000000053,22,-57,61.09828148156051,7.432880958827313,0.022299141432130687,189,365,214,265,278,161
1776765036.257101,0.8300000000000053,22,-57,61.09828148156051,7.432880958827313,0.022299141432130687,189,365,214,265,278,161
1776765036.3142927,0.8300000000000053,22,-57,61.09828148156051,7.432880958827313,0.022299141432130687,189,365,214,265,278,161
1776765036.3719904,0.8300000000000053,22,-57,61.09828148156051,7.432880958827313,0.022299141432130687,189,365,214,265,278,161
1776765036.429362,0.8300000000000053,22,-57,61.09828148156051,7.432880958827313,0.022299141432130687,189,365,214,265,278,161
1776765036.486596,0.8300000000000053,22,-57,61.09828148156051,7.432880958827313,0.022299141432130687,189,365,214,265,278,161
1776765036.5400093,0.8300000000000053,22,-57,61.09828148156051,7.432880958827313,0.022299141432130687,189,365,214,265,278,161
1776765036.5970647,0.8300000000000053,22,-57,61.09828148156051,7.432880958827313,0.022299141432130687,189,365,214,265,278,161
1776765036.6540897,0.8300000000000053,22,-57,61.09828148156051,7.432880958827313,0.022299141432130687,189,365,214,265,278,161
1776765036.711871,0.8300000000000053,22,-57,61.09828148156051,7.432880958827313,0.022299141432130687,189,365,214,265,278,161
1776765036.7689877,0.8300000000000053,22,-57,61.09828148156051,7.432880958827313,0.022299141432130687,189,365,214,265,278,161
1776765036.8262002,0.8300000000000053,22,-57,61.09828148156051,7.432880958827313,0.022299141432130687,189,365,214,265,278,161
1776765036.8796518,0.8300000000000053,22,-57,61.09828148156051,7.432880958827313,0.022299141432130687,189,365,214,265,278,161
1776765036.936896,0.8300000000000053,22,-57,61.09828148156051,7.432880958827313,0.022299141432130687,189,365,214,265,278,161
1776765036.9943178,0.8300000000000053,22,-57,61.09828148156051,7.432880958827313,0.022299141432130687,189,365,214,265,278,161
1776765037.0515964,0.8300000000000053,22,-57,61.09828148156051,7.432880958827313,0.022299141432130687,189,365,214,265,278,161
1776765037.1085107,0.8300000000000053,22,-57,61.09828148156051,7.432880958827313,0.022299141432130687,189,365,214,265,278,161
1776765037.162308,0.8300000000000053,22,-57,61.09828148156051,7.432880958827313,0.022299141432130687,189,365,214,265,278,161
1776765037.2196648,0.8300000000000053,22,-57,61.09828148156051,7.432880958827313,0.022299141432130687,189,365,214,265,278,161
1776765037.2772024,0.8300000000000053,22,-57,61.09828148156051,7.432880958827313,0.022299141432130687,189,365,214,265,278,161
1776765037.3344705,0.8300000000000053,22,-57,61.09828148156051,7.432880958827313,0.022299141432130687,189,365,214,265,278,161
1776765037.3909795,0.8300000000000053,22,-57,61.09828148156051,7.432880958827313,0.022299141432130687,189,365,214,265,278,161
1776765037.4449823,0.8300000000000053,22,-57,61.09828148156051,7.432880958827313,0.022299141432130687,189,365,214,265,278,161
1776765037.5021605,0.8300000000000053,22,-57,61.09828148156051,7.432880958827313,0.022299141432130687,189,365,214,265,278,161
1776765037.5594118,0.8300000000000053,22,-57,61.09828148156051,7.432880958827313,0.022299141432130687,189,365,214,265,278,161
1776765037.6169496,0.8300000000000053,22,-57,61.09828148156051,7.432880958827313,0.022299141432130687,189,365,214,265,278,161
1776765037.6737404,0.8300000000000053,22,-57,61.09828148156051,7.432880958827313,0.022299141432130687,189,365,214,265,278,161
1776765037.7317052,0.8300000000000053,22,-57,61.09828148156051,7.432880958827313,0.022299141432130687,189,365,214,265,278,161
1776765037.7846954,0.8300000000000053,22,-57,61.09828148156051,7.432880958827313,0.022299141432130687,189,365,214,265,278,161
1776765037.8418667,0.8300000000000053,22,-57,61.09828148156051,7.432880958827313,0.022299141432130687,189,365,214,265,278,161
1776765037.8990417,0.8300000000000053,22,-57,61.09828148156051,7.432880958827313,0.022299141432130687,189,365,214,265,278,161
1776765037.9564993,0.8300000000000053,22,-57,61.09828148156051,7.432880958827313,0.022299141432130687,189,365,214,265,278,161
1776765038.0136228,0.8300000000000053,22,-57,61.09828148156051,7.432880958827313,0.022299141432130687,189,365,214,265,278,161
1776765038.067288,0.8300000000000053,22,-57,61.09828148156051,7.432880958827313,0.022299141432130687,189,365,214,265,278,161
1776765038.124445,0.8300000000000053,22,-57,61.09828148156051,7.432880958827313,0.022299141432130687,189,365,214,265,278,161
1776765038.1816373,0.8300000000000053,22,-57,61.09828148156051,7.432880958827313,0.022299141432130687,189,365,214,265,278,161
1776765038.2389417,0.8300000000000053,22,-57,61.09828148156051,7.432880958827313,0.022299141432130687,189,365,214,265,278,161
1776765038.2964327,0.8300000000000053,22,-57,61.09828148156051,7.432880958827313,0.022299141432130687,189,365,214,265,278,161
1776765038.3540795,0.8300000000000053,22,-57,61.09828148156051,7.432880958827313,0.022299141432130687,189,365,214,265,278,161
1776765038.4078126,0.8300000000000053,22,-57,61.09828148156051,7.432880958827313,0.022299141432130687,189,365,214,265,278,161
1776765038.4649866,0.8300000000000053,22,-57,61.09828148156051,7.432880958827313,0.022299141432130687,189,365,214,265,278,161
1776765038.521868,0.8300000000000053,22,-57,61.09828148156051,7.432880958827313,0.022299141432130687,189,365,214,265,278,161
1776765038.5790584,0.8300000000000053,22,-57,61.09828148156051,7.432880958827313,0.022299141432130687,189,365,214,265,278,161
1776765038.6373863,0.8300000000000053,22,-57,61.09828148156051,7.432880958827313,0.022299141432130687,189,365,214,265,278,161
1776765038.6896253,0.8300000000000053,22,-57,61.09828148156051,7.432880958827313,0.022299141432130687,189,365,214,265,278,161
1776765038.7470481,0.8300000000000053,22,-57,61.09828148156051,7.432880958827313,0.022299141432130687,189,365,214,265,278,161
1776765038.804364,0.8300000000000053,22,-57,61.09828148156051,7.432880958827313,0.022299141432130687,189,365,214,265,278,161
1776765038.8617065,0.8300000000000053,22,-57,61.09828148156051,7.432880958827313,0.022299141432130687,189,365,214,265,278,161
1776765038.9195125,0.8300000000000053,22,-57,61.09828148156051,7.432880958827313,0.022299141432130687,189,365,214,265,278,161
1776765038.9767327,0.8300000000000053,22,-57,61.09828148156051,7.432880958827313,0.022299141432130687,189,365,214,265,278,161
1776765039.030074,0.8300000000000053,22,-57,61.09828148156051,7.432880958827313,0.022299141432130687,189,365,214,265,278,161
1776765039.0872073,0.8300000000000053,22,-57,61.09828148156051,7.432880958827313,0.022299141432130687,189,365,214,265,278,161
1776765039.1441565,0.8300000000000053,22,-57,61.09828148156051,7.432880958827313,0.022299141432130687,189,365,214,265,278,161
1776765039.202087,0.8300000000000053,22,-57,61.09828148156051,7.432880958827313,0.022299141432130687,189,365,214,265,278,161
1776765039.2595758,0.8300000000000053,22,-57,61.09828148156051,7.432880958827313,0.022299141432130687,189,365,214,265,278,161
1776765039.3126814,0.8300000000000053,22,-57,61.09828148156051,7.432880958827313,0.022299141432130687,189,365,214,265,278,161
1776765039.369835,0.8300000000000053,22,-57,61.09828148156051,7.432880958827313,0.022299141432130687,189,365,214,265,278,161
1776765039.4274328,0.8300000000000053,22,-57,61.09828148156051,7.432880958827313,0.022299141432130687,189,365,214,265,278,161
1776765039.4844685,0.8300000000000053,22,-57,61.09828148156051,7.432880958827313,0.022299141432130687,189,365,214,265,278,161
1776765039.5418298,0.8300000000000053,22,-57,61.09828148156051,7.432880958827313,0.022299141432130687,189,365,214,265,278,161
1776765039.5954216,0.8300000000000053,22,-57,61.09828148156051,7.432880958827313,0.022299141432130687,189,365,214,265,278,161
1776765039.652784,0.8300000000000053,22,-57,61.09828148156051,7.432880958827313,0.022299141432130687,189,365,214,265,278,161
1776765039.710128,0.8300000000000053,22,-57,61.09828148156051,7.432880958827313,0.022299141432130687,189,365,214,265,278,161
1776765039.7672174,0.8300000000000053,22,-57,61.09828148156051,7.432880958827313,0.022299141432130687,189,365,214,265,278,161
1776765039.824245,0.8300000000000053,22,-57,61.09828148156051,7.432880958827313,0.022299141432130687,189,365,214,265,278,161
1776765039.8813508,0.8300000000000053,22,-57,61.09828148156051,7.432880958827313,0.022299141432130687,189,365,214,265,278,161
1776765039.9346569,0.8300000000000053,22,-57,61.09828148156051,7.432880958827313,0.022299141432130687,189,365,214,265,278,161
1776765039.992069,0.8300000000000053,22,-57,61.09828148156051,7.432880958827313,0.022299141432130687,189,365,214,265,278,161
1776765040.049691,0.8300000000000053,22,-57,61.09828148156051,7.432880958827313,0.022299141432130687,189,365,214,265,278,161
1776765040.1067517,0.8300000000000053,22,-57,61.09828148156051,7.432880958827313,0.022299141432130687,189,365,214,265,278,161
1776765040.163859,0.8300000000000053,22,-57,61.09828148156051,7.432880958827313,0.022299141432130687,189,365,214,265,278,161
1776765040.2173667,0.8300000000000053,22,-57,61.09828148156051,7.432880958827313,0.022299141432130687,189,365,214,265,278,161
1776765040.2747219,0.8300000000000053,22,-57,61.09828148156051,7.432880958827313,0.022299141432130687,189,365,214,265,278,161
1776765040.3327196,0.8300000000000053,22,-57,61.09828148156051,7.432880958827313,0.022299141432130687,189,365,214,265,278,161
1776765040.389654,0.8300000000000053,22,-57,61.09828148156051,7.432880958827313,0.022299141432130687,189,365,214,265,278,161
1776765040.4470239,0.8300000000000053,22,-57,61.09828148156051,7.432880958827313,0.022299141432130687,189,365,214,265,278,161
1776765040.5046463,0.8300000000000053,22,-57,61.09828148156051,7.432880958827313,0.022299141432130687,189,365,214,265,278,161
1776765040.5573368,0.8300000000000053,22,-57,61.09828148156051,7.432880958827313,0.022299141432130687,189,365,214,265,278,161
1776765040.6151261,0.8300000000000053,22,-57,61.09828148156051,7.432880958827313,0.022299141432130687,189,365,214,265,278,161
1776765040.6721687,0.8300000000000053,22,-57,61.09828148156051,7.432880958827313,0.022299141432130687,189,365,214,265,278,161
1776765040.7295487,0.8300000000000053,22,-57,61.09828148156051,7.432880958827313,0.022299141432130687,189,365,214,265,278,161
1776765040.7869968,0.8300000000000053,22,-57,61.09828148156051,7.432880958827313,0.022299141432130687,189,365,214,265,278,161
1776765040.8398752,0.8300000000000053,22,-57,61.09828148156051,7.432880958827313,0.022299141432130687,189,365,214,265,278,161
1776765040.8978457,0.8300000000000053,22,-57,61.09828148156051,7.432880958827313,0.022299141432130687,189,365,214,265,278,161
1776765040.9557974,0.8300000000000053,22,-57,61.09828148156051,7.432880958827313,0.022299141432130687,189,365,214,265,278,161
1776765041.012294,0.8300000000000053,22,-57,61.09828148156051,7.432880958827313,0.022299141432130687,189,365,214,265,278,161
1776765041.0693898,0.8300000000000053,22,-57,61.09828148156051,7.432880958827313,0.022299141432130687,189,365,214,265,278,161
1776765041.1269453,0.8300000000000053,22,-57,61.09828148156051,7.432880958827313,0.022299141432130687,189,365,214,265,278,161
1776765041.1803236,0.8300000000000053,22,-57,61.09828148156051,7.432880958827313,0.022299141432130687,189,365,214,265,278,161
1776765041.2377126,0.8300000000000053,22,-57,61.09828148156051,7.432880958827313,0.022299141432130687,189,365,214,265,278,161
1776765041.2948694,0.8300000000000053,22,-57,61.09828148156051,7.432880958827313,0.022299141432130687,189,365,214,265,278,161
1776765041.3521712,0.8300000000000053,22,-57,61.09828148156051,7.432880958827313,0.022299141432130687,189,365,214,265,278,161
1776765041.409573,0.8300000000000053,22,-57,61.09828148156051,7.432880958827313,0.022299141432130687,189,365,214,265,278,161
1776765041.4629633,0.8300000000000053,22,-57,61.09828148156051,7.432880958827313,0.022299141432130687,189,365,214,265,278,161
1776765041.52027,0.8300000000000053,22,-57,61.09828148156051,7.432880958827313,0.022299141432130687,189,365,214,265,278,161
1776765041.577395,0.8300000000000053,22,-57,61.09828148156051,7.432880958827313,0.022299141432130687,189,365,214,265,278,161
1776765041.6351788,0.8300000000000053,22,-57,61.09828148156051,7.432880958827313,0.022299141432130687,189,365,214,265,278,161
1776765041.6920345,0.8300000000000053,22,-57,61.09828148156051,7.432880958827313,0.022299141432130687,189,365,214,265,278,161
1776765041.749543,0.8300000000000053,22,-57,61.09828148156051,7.432880958827313,0.022299141432130687,189,365,214,265,278,161
1776765041.8029559,0.8300000000000053,22,-57,61.09828148156051,7.432880958827313,0.022299141432130687,189,365,214,265,278,161
1776765041.8602524,0.8300000000000053,22,-57,61.09828148156051,7.432880958827313,0.022299141432130687,189,365,214,265,278,161
1776765041.9183338,0.8300000000000053,22,-57,61.09828148156051,7.432880958827313,0.022299141432130687,189,365,214,265,278,161
1776765041.9750726,0.8300000000000053,22,-57,61.09828148156051,7.432880958827313,0.022299141432130687,189,365,214,265,278,161
1776765042.0321052,0.8300000000000053,22,-57,61.09828148156051,7.432880958827313,0.022299141432130687,189,365,214,265,278,161
1776765042.0858297,0.8300000000000053,22,-57,61.09828148156051,7.432880958827313,0.022299141432130687,189,365,214,265,278,161
1776765042.142684,0.8300000000000053,22,-57,61.09828148156051,7.432880958827313,0.022299141432130687,189,365,214,265,278,161
1776765042.20012,0.8300000000000053,22,-57,61.09828148156051,7.432880958827313,0.022299141432130687,189,365,214,265,278,161
1776765042.2575362,0.8300000000000053,22,-57,61.09828148156051,7.432880958827313,0.022299141432130687,189,365,214,265,278,161
1776765042.3144996,0.8300000000000053,22,-57,61.09828148156051,7.432880958827313,0.022299141432130687,189,365,214,265,278,161
1776765042.3676665,0.8300000000000053,22,-57,61.09828148156051,7.432880958827313,0.022299141432130687,189,365,214,265,278,161
1776765042.4249947,0.8300000000000053,22,-57,61.09828148156051,7.432880958827313,0.022299141432130687,189,365,214,265,278,161
1776765042.482275,0.8300000000000053,22,-57,61.09828148156051,7.432880958827313,0.022299141432130687,189,365,214,265,278,161
1776765042.5398402,0.8300000000000053,22,-57,61.09828148156051,7.432880958827313,0.022299141432130687,189,365,214,265,278,161
1776765042.5973477,0.8300000000000053,22,-57,61.09828148156051,7.432880958827313,0.021141787257742805,189,365,215,265,278,161
1776765042.6543496,0.8300000000000053,22,-57,61.09828148156051,7.432880958827313,0.021141787257742805,189,365,215,265,278,161
1776765042.7080762,0.8300000000000053,22,-57,61.09828148156051,7.432880958827313,0.021141787257742805,189,365,215,265,278,161
1776765042.7659907,0.8300000000000053,22,-57,61.09828148156051,7.432880958827313,0.021141787257742805,189,365,215,265,278,161
1776765042.8222582,0.8300000000000053,22,-57,61.09828148156051,7.432880958827313,0.021141787257742805,189,365,215,265,278,161
1776765042.880101,0.8300000000000053,22,-57,61.09828148156051,7.432880958827313,0.021141787257742805,189,365,215,265,278,161
1776765042.9374862,0.8300000000000053,22,-57,61.09828148156051,7.432880958827313,0.021141787257742805,189,365,215,265,278,161
1776765042.9902325,0.8300000000000053,22,-57,61.09828148156051,7.432880958827313,0.021141787257742805,189,365,215,265,278,161
1776765043.0483592,0.8300000000000053,22,-57,61.09828148156051,7.432880958827313,0.021141787257742805,189,365,215,265,278,161
1776765043.1054745,0.8300000000000053,22,-57,61.09828148156051,7.432880958827313,0.021141787257742805,189,365,215,265,278,161
1776765043.1627162,0.8300000000000053,22,-57,61.09828148156051,7.432880958827313,0.021141787257742805,189,365,215,265,278,161
1776765043.219406,0.8300000000000053,22,-57,61.09828148156051,7.432880958827313,0.021141787257742805,189,365,215,265,278,161
1776765043.2772298,0.8300000000000053,22,-57,61.09828148156051,7.432880958827313,0.021141787257742805,189,365,215,265,278,161
1776765043.330693,0.8300000000000053,22,-57,61.09828148156051,7.432880958827313,0.021141787257742805,189,365,215,265,278,161
1776765043.388472,0.8300000000000053,22,-57,61.09828148156051,7.432880958827313,0.021141787257742805,189,365,215,265,278,161
1776765043.4451258,0.8300000000000053,22,-57,61.09828148156051,7.432880958827313,0.021141787257742805,189,365,215,265,278,161
1776765043.502119,0.8300000000000053,22,-57,61.09828148156051,7.432880958827313,0.021141787257742805,189,365,215,265,278,161
1776765043.559569,0.8300000000000053,22,-57,61.09828148156051,7.432880958827313,0.021141787257742805,189,365,215,265,278,161
1776765043.6136658,0.8300000000000053,22,-57,61.09828148156051,7.432880958827313,0.021141787257742805,189,365,215,265,278,161
1776765043.670598,0.8300000000000053,22,-57,61.09828148156051,7.432880958827313,0.021141787257742805,189,365,215,265,278,161
1776765043.7280452,0.8300000000000053,22,-57,61.09828148156051,7.432880958827313,0.021141787257742805,189,365,215,265,278,161
1776765043.7847338,0.8300000000000053,22,-57,61.09828148156051,7.432880958827313,0.021141787257742805,189,365,215,265,278,161
1776765043.8424752,0.8300000000000053,22,-57,61.09828148156051,7.432880958827313,0.021141787257742805,189,365,215,265,278,161
1776765043.8995855,0.8300000000000053,22,-57,61.09828148156051,7.432880958827313,0.021141787257742805,189,365,215,265,278,161
1776765043.95327,0.8300000000000053,22,-57,61.09828148156051,7.432880958827313,0.021141787257742805,189,365,215,265,278,161
1776765044.0105238,0.8300000000000053,22,-57,61.09828148156051,7.432880958827313,0.021141787257742805,189,365,215,265,278,161
1776765044.068331,0.8300000000000053,22,-57,61.09828148156051,7.432880958827313,0.021141787257742805,189,365,215,265,278,161
1776765044.1253452,0.8300000000000053,22,-57,61.09828148156051,7.432880958827313,0.021141787257742805,189,365,215,265,278,161
1776765044.182357,0.8300000000000053,22,-57,61.09828148156051,7.432880958827313,0.021141787257742805,189,365,215,265,278,161
1776765044.235828,0.8300000000000053,22,-57,61.09828148156051,7.432880958827313,0.021141787257742805,189,365,215,265,278,161
1776765044.2931857,0.8300000000000053,22,-57,61.09828148156051,7.432880958827313,0.021141787257742805,189,365,215,265,278,161
1776765044.350073,0.8300000000000053,22,-57,61.09828148156051,7.432880958827313,0.021141787257742805,189,365,215,265,278,161
1776765044.4075665,0.8300000000000053,22,-57,61.09828148156051,7.432880958827313,0.021141787257742805,189,365,215,265,278,161
1776765044.4652562,0.8300000000000053,22,-57,61.09828148156051,7.432880958827313,0.021141787257742805,189,365,215,265,278,161
1776765044.5187304,0.8300000000000053,22,-57,61.09828148156051,7.432880958827313,0.021141787257742805,189,365,215,265,278,161
1776765044.57585,0.8300000000000053,22,-57,61.09828148156051,7.432880958827313,0.021141787257742805,189,365,215,265,278,161
1776765044.6331797,0.8300000000000053,22,-57,61.09828148156051,7.432880958827313,0.021141787257742805,189,365,215,265,278,161
1776765044.6898978,0.8300000000000053,22,-57,61.09828148156051,7.432880958827313,0.021141787257742805,189,365,215,265,278,161
1776765044.747216,0.8300000000000053,22,-57,61.09828148156051,7.432880958827313,0.021141787257742805,189,365,215,265,278,161
1776765044.8046176,0.8300000000000053,22,-57,61.09828148156051,7.432880958827313,0.021141787257742805,189,365,215,265,278,161
1776765044.8580415,0.8300000000000053,22,-57,61.09828148156051,7.432880958827313,0.021141787257742805,189,365,215,265,278,161
1776765044.9157968,0.8300000000000053,22,-57,61.09828148156051,7.432880958827313,0.021141787257742805,189,365,215,265,278,161
1776765044.9734602,0.8300000000000053,22,-57,61.09828148156051,7.432880958827313,0.021141787257742805,189,365,215,265,278,161
1776765045.0301778,0.8300000000000053,22,-57,61.09828148156051,7.432880958827313,0.021141787257742805,189,365,215,265,278,161
1776765045.087562,0.8300000000000053,22,-57,61.09828148156051,7.432880958827313,0.021141787257742805,189,365,215,265,278,161
1776765045.140921,0.8300000000000053,22,-57,61.09828148156051,7.432880958827313,0.021141787257742805,189,365,215,265,278,161
1776765045.1979306,0.8300000000000053,22,-57,61.09828148156051,7.432880958827313,0.021141787257742805,189,365,215,265,278,161
1776765045.255652,0.8300000000000053,22,-57,61.09828148156051,7.432880958827313,0.021141787257742805,189,365,215,265,278,161
1776765045.313212,0.8300000000000053,22,-57,61.09828148156051,7.432880958827313,0.021141787257742805,189,365,215,265,278,161
1776765045.3703704,0.8300000000000053,22,-57,61.09828148156051,7.432880958827313,0.021141787257742805,189,365,215,265,278,161
1776765045.427595,0.8300000000000053,22,-57,61.09828148156051,7.432880958827313,0.021141787257742805,189,365,215,265,278,161
1776765045.4806638,0.8300000000000053,22,-57,61.09828148156051,7.432880958827313,0.021141787257742805,189,365,215,265,278,161
1776765045.5379434,0.8300000000000053,22,-57,61.09828148156051,7.432880958827313,0.021141787257742805,189,365,215,265,278,161
1776765045.5952144,0.8300000000000053,22,-57,61.09828148156051,7.432880958827313,0.021141787257742805,189,365,215,265,278,161
1776765045.652963,0.8300000000000053,22,-57,61.09828148156051,7.432880958827313,0.021141787257742805,189,365,215,265,278,161
1776765045.7100668,0.8300000000000053,22,-57,61.09828148156051,7.432880958827313,0.021141787257742805,189,365,215,265,278,161
1776765045.7637167,0.8300000000000053,22,-57,61.09828148156051,7.432880958827313,0.021141787257742805,189,365,215,265,278,161
1776765045.821168,0.8300000000000053,22,-57,61.09828148156051,7.432880958827313,0.021141787257742805,189,365,215,265,278,161
1776765045.878232,0.8300000000000053,22,-57,61.09828148156051,7.432880958827313,0.021141787257742805,189,365,215,265,278,161
1776765045.9358025,0.8300000000000053,22,-57,61.09828148156051,7.432880958827313,0.021141787257742805,189,365,215,265,278,161
1776765045.9924572,0.8300000000000053,22,-57,61.09828148156051,7.432880958827313,0.021141787257742805,189,365,215,265,278,161
1776765046.0501363,0.8300000000000053,22,-57,61.09828148156051,7.432880958827313,0.021141787257742805,189,365,215,265,278,161
1776765046.1037104,0.8300000000000053,22,-57,61.09828148156051,7.432880958827313,0.021141787257742805,189,365,215,265,278,161
1776765046.160917,0.8300000000000053,22,-57,61.09828148156051,7.432880958827313,0.021141787257742805,189,365,215,265,278,161
1776765046.2179422,0.8300000000000053,22,-57,61.09828148156051,7.432880958827313,0.021141787257742805,189,365,215,265,278,161
1776765046.2757576,0.8300000000000053,22,-57,61.09828148156051,7.432880958827313,0.021141787257742805,189,365,215,265,278,161
1776765046.3325741,0.8300000000000053,22,-57,61.09828148156051,7.432880958827313,0.021141787257742805,189,365,215,265,278,161
1776765046.3861544,0.8300000000000053,22,-57,61.09828148156051,7.432880958827313,0.021141787257742805,189,365,215,265,278,161
1776765046.4437442,0.8300000000000053,22,-57,61.09828148156051,7.432880958827313,0.021141787257742805,189,365,215,265,278,161
1776765046.5010812,0.8300000000000053,22,-57,61.09828148156051,7.432880958827313,0.021141787257742805,189,365,215,265,278,161
1776765046.5577588,0.8300000000000053,22,-57,61.09828148156051,7.432880958827313,0.021141787257742805,189,365,215,265,278,161
1776765046.6154063,0.8300000000000053,22,-57,61.09828148156051,7.432880958827313,0.021141787257742805,189,365,215,265,278,161
1776765046.668821,0.8300000000000053,22,-57,61.09828148156051,7.432880958827313,0.021141787257742805,189,365,215,265,278,161
1776765046.7258494,0.8300000000000053,22,-57,61.09828148156051,7.432880958827313,0.021141787257742805,189,365,215,265,278,161
1776765046.7832744,0.8300000000000053,22,-57,61.09828148156051,7.432880958827313,0.021141787257742805,189,365,215,265,278,161
1776765046.840417,0.8300000000000053,22,-57,61.09828148156051,7.432880958827313,0.021141787257742805,189,365,215,265,278,161
1776765046.9549193,0.8300000000000053,22,-57,61.09828148156051,7.432880958827313,0.021141787257742805,189,365,215,265,278,161
1776765047.0082679,0.8300000000000053,22,-57,61.09828148156051,7.432880958827313,0.021141787257742805,189,365,215,265,278,161
1776765047.065688,0.8300000000000053,22,-57,61.09828148156051,7.432880958827313,0.021141787257742805,189,365,215,265,278,161
1776765047.1227503,0.8300000000000053,22,-57,61.09828148156051,7.432880958827313,0.021141787257742805,189,365,215,265,278,161
1776765047.1804085,0.8300000000000053,22,-57,61.09828148156051,7.432880958827313,0.021141787257742805,189,365,215,265,278,161
1776765047.2376788,0.8300000000000053,22,-57,61.09828148156051,7.432880958827313,0.021141787257742805,189,365,215,265,278,161
1776765047.2914186,0.8300000000000053,22,-57,61.09828148156051,7.432880958827313,0.021141787257742805,189,365,215,265,278,161
1776765047.3488748,0.8300000000000053,22,-57,61.09828148156051,7.432880958827313,0.021141787257742805,189,365,215,265,278,161
1776765047.4061928,0.8300000000000053,22,-57,61.09828148156051,7.432880958827313,0.021141787257742805,189,365,215,265,278,161
1776765047.4632797,0.8300000000000053,22,-57,61.09828148156051,7.432880958827313,0.021141787257742805,189,365,215,265,278,161
1776765047.5203502,0.8300000000000053,22,-57,61.09828148156051,7.432880958827313,0.021141787257742805,189,365,215,265,278,161
1776765047.5780041,0.8300000000000053,22,-57,61.09828148156051,7.432880958827313,0.021141787257742805,189,365,215,265,278,161
1776765047.6311986,0.8300000000000053,22,-57,61.09828148156051,7.432880958827313,0.021141787257742805,189,365,215,265,278,161
1776765047.6880527,0.8300000000000053,22,-57,61.09828148156051,7.432880958827313,0.021141787257742805,189,365,215,265,278,161
1776765047.7460396,0.8300000000000053,22,-57,61.09828148156051,7.432880958827313,0.021141787257742805,189,365,215,265,278,161
1776765047.803493,0.8300000000000053,22,-57,61.09828148156051,7.432880958827313,0.021141787257742805,189,365,215,265,278,161
1776765047.8607366,0.8300000000000053,22,-57,61.09828148156051,7.432880958827313,0.021141787257742805,189,365,215,265,278,161
1776765047.9137914,0.8300000000000053,22,-57,61.09828148156051,7.432880958827313,0.021141787257742805,189,365,215,265,278,161
1776765047.971005,0.8300000000000053,22,-57,61.09828148156051,7.432880958827313,0.021141787257742805,189,365,215,265,278,161
1776765048.0282474,0.8300000000000053,22,-57,61.09828148156051,7.432880958827313,0.021141787257742805,189,365,215,265,278,161
1776765048.085997,0.8300000000000053,22,-57,61.09828148156051,7.432880958827313,0.021141787257742805,189,365,215,265,278,161
1776765048.1428037,0.8300000000000053,22,-57,61.09828148156051,7.432880958827313,0.021141787257742805,189,365,215,265,278,161
1776765048.199962,0.8300000000000053,22,-57,61.09828148156051,7.432880958827313,0.021141787257742805,189,365,215,265,278,161
1776765048.2537134,0.8300000000000053,22,-57,61.09828148156051,7.432880958827313,0.021141787257742805,189,365,215,265,278,161
1776765048.3116567,0.8300000000000053,22,-57,61.09828148156051,7.432880958827313,0.021141787257742805,189,365,215,265,278,161
1776765048.3685162,0.8300000000000053,22,-57,61.09828148156051,7.432880958827313,0.021141787257742805,189,365,215,265,278,161
1776765048.425611,0.8300000000000053,22,-57,61.09828148156051,7.432880958827313,0.021141787257742805,189,365,215,265,278,161
1776765048.4832897,0.8300000000000053,22,-57,61.09828148156051,7.432880958827313,0.021141787257742805,189,365,215,265,278,161
1776765048.5363286,0.8300000000000053,22,-57,61.09828148156051,7.432880958827313,0.021141787257742805,189,365,215,265,278,161
1776765048.5938272,0.8300000000000053,22,-57,61.09828148156051,7.432880958827313,0.021141787257742805,189,365,215,265,278,161
1776765048.651292,0.8300000000000053,22,-57,61.09828148156051,7.432880958827313,0.021141787257742805,189,365,215,265,278,161
1776765048.7087662,0.8300000000000053,22,-57,61.09828148156051,7.432880958827313,0.021141787257742805,189,365,215,265,278,161
1776765048.7655826,0.8300000000000053,22,-57,61.09828148156051,7.432880958827313,0.021141787257742805,189,365,215,265,278,161
1776765048.818773,0.8300000000000053,22,-57,61.09828148156051,7.432880958827313,0.021141787257742805,189,365,215,265,278,161
1776765048.876986,0.8300000000000053,22,-57,61.09828148156051,7.432880958827313,0.021141787257742805,189,365,215,265,278,161
1776765048.9337926,0.8300000000000053,22,-57,61.09828148156051,7.432880958827313,0.021141787257742805,189,365,215,265,278,161
1776765048.9909587,0.8300000000000053,22,-57,61.09828148156051,7.432880958827313,0.021141787257742805,189,365,215,265,278,161
1776765049.0481665,0.8300000000000053,22,-58,62.03224967708329,7.546502393805753,0.02075662011945536,189,365,215,265,278,160
1776765049.1057823,0.8300000000000053,22,-58,62.03224967708329,7.546502393805753,0.02075662011945536,189,365,215,265,278,160
1776765049.1587355,0.8300000000000053,22,-58,62.03224967708329,7.546502393805753,0.02075662011945536,189,365,215,265,278,160
1776765049.2158837,0.8300000000000053,22,-58,62.03224967708329,7.546502393805753,0.02075662011945536,189,365,215,265,278,160
1776765049.2732468,0.8300000000000053,22,-58,62.03224967708329,7.546502393805753,0.02075662011945536,189,365,215,265,278,160
1776765049.3308551,0.8300000000000053,22,-58,62.03224967708329,7.546502393805753,0.02075662011945536,189,365,215,265,278,160
1776765049.3880777,0.8300000000000053,22,-58,62.03224967708329,7.546502393805753,0.02075662011945536,189,365,215,265,278,160
1776765049.4413798,0.8300000000000053,22,-58,62.03224967708329,7.546502393805753,0.02075662011945536,189,365,215,265,278,160
1776765049.4990954,0.8300000000000053,22,-58,62.03224967708329,7.546502393805753,0.02075662011945536,189,365,215,265,278,160
1776765049.5564275,0.8300000000000053,22,-58,62.03224967708329,7.546502393805753,0.02075662011945536,189,365,215,265,278,160
1776765049.6138082,0.8300000000000053,22,-58,62.03224967708329,7.546502393805753,0.02075662011945536,189,365,215,265,278,160
1776765049.6709201,0.8300000000000053,22,-58,62.03224967708329,7.546502393805753,0.02075662011945536,189,365,215,265,278,160
1776765049.728256,0.8300000000000053,22,-58,62.03224967708329,7.546502393805753,0.02075662011945536,189,365,215,265,278,160
1776765049.7818816,0.8300000000000053,22,-58,62.03224967708329,7.546502393805753,0.02075662011945536,189,365,215,265,278,160
1776765049.8387842,0.8300000000000053,22,-58,62.03224967708329,7.546502393805753,0.02075662011945536,189,365,215,265,278,160
1776765049.8974905,0.8300000000000053,22,-58,62.03224967708329,7.546502393805753,0.02075662011945536,189,365,215,265,278,160
1776765049.9534664,0.8300000000000053,22,-58,62.03224967708329,7.546502393805753,0.02075662011945536,189,365,215,265,278,160
1776765050.0110028,0.8300000000000053,22,-58,62.03224967708329,7.546502393805753,0.02075662011945536,189,365,215,265,278,160
1776765050.0642135,0.8300000000000053,22,-58,62.03224967708329,7.546502393805753,0.02075662011945536,189,365,215,265,278,160
1776765050.1214368,0.8300000000000053,22,-58,62.03224967708329,7.546502393805753,0.02075662011945536,189,365,215,265,278,160
1776765050.1786976,0.8300000000000053,22,-58,62.03224967708329,7.546502393805753,0.02075662011945536,189,365,215,265,278,160
1776765050.236704,0.8300000000000053,22,-58,62.03224967708329,7.546502393805753,0.02075662011945536,189,365,215,265,278,160
1776765050.2935324,0.8300000000000053,22,-58,62.03224967708329,7.546502393805753,0.02075662011945536,189,365,215,265,278,160
1776765050.3504443,0.8300000000000053,22,-58,62.03224967708329,7.546502393805753,0.02075662011945536,189,365,215,265,278,160
1776765050.403886,0.8300000000000053,22,-58,62.03224967708329,7.546502393805753,0.02075662011945536,189,365,215,265,278,160
1776765050.4615736,0.8300000000000053,22,-58,62.03224967708329,7.546502393805753,0.02075662011945536,189,365,215,265,278,160
1776765050.518933,0.8300000000000053,22,-58,62.03224967708329,7.546502393805753,0.02075662011945536,189,365,215,265,278,160
1776765050.5756922,0.8300000000000053,22,-58,62.03224967708329,7.546502393805753,0.02075662011945536,189,365,215,265,278,160
1776765050.6330044,0.8300000000000053,22,-58,62.03224967708329,7.546502393805753,0.02075662011945536,189,365,215,265,278,160
1776765050.6869519,0.8300000000000053,22,-58,62.03224967708329,7.546502393805753,0.02075662011945536,189,365,215,265,278,160
1776765050.7444322,0.8300000000000053,22,-58,62.03224967708329,7.546502393805753,0.02075662011945536,189,365,215,265,278,160
1776765050.8015947,0.8300000000000053,22,-58,62.03224967708329,7.546502393805753,0.02075662011945536,189,365,215,265,278,160
1776765050.858756,0.8300000000000053,22,-58,62.03224967708329,7.546502393805753,0.02075662011945536,189,365,215,265,278,160
1776765050.9161673,0.8300000000000053,22,-58,62.03224967708329,7.546502393805753,0.02075662011945536,189,365,215,265,278,160
1776765050.9692564,0.8300000000000053,22,-58,62.03224967708329,7.546502393805753,0.02075662011945536,189,365,215,265,278,160
1776765051.0273669,0.8300000000000053,22,-58,62.03224967708329,7.546502393805753,0.02075662011945536,189,365,215,265,278,160
1776765051.084341,0.8300000000000053,22,-58,62.03224967708329,7.546502393805753,0.02075662011945536,189,365,215,265,278,160
1776765051.141464,0.8300000000000053,22,-58,62.03224967708329,7.546502393805753,0.02075662011945536,189,365,215,265,278,160
1776765051.1984243,0.8300000000000053,22,-58,62.03224967708329,7.546502393805753,0.02075662011945536,189,365,215,265,278,160
1776765051.2565348,0.8300000000000053,22,-58,62.03224967708329,7.546502393805753,0.02075662011945536,189,365,215,265,278,160
1776765051.310223,0.8300000000000053,22,-58,62.03224967708329,7.546502393805753,0.02075662011945536,189,365,215,265,278,160
1776765051.3667204,0.8300000000000053,22,-58,62.03224967708329,7.546502393805753,0.02075662011945536,189,365,215,265,278,160
1776765051.4236789,0.8300000000000053,22,-58,62.03224967708329,7.546502393805753,0.02075662011945536,189,365,215,265,278,160
1776765051.480937,0.8300000000000053,22,-58,62.03224967708329,7.546502393805753,0.02075662011945536,189,365,215,265,278,160
1776765051.5382035,0.8300000000000053,22,-58,62.03224967708329,7.546502393805753,0.02075662011945536,189,365,215,265,278,160
1776765051.5921571,0.8300000000000053,22,-58,62.03224967708329,7.546502393805753,0.02075662011945536,189,365,215,265,278,160
1776765051.649677,0.8300000000000053,22,-58,62.03224967708329,7.546502393805753,0.02075662011945536,189,365,215,265,278,160
1776765051.7066958,0.8300000000000053,22,-58,62.03224967708329,7.546502393805753,0.02075662011945536,189,365,215,265,278,160
1776765051.7642026,0.8300000000000053,22,-58,62.03224967708329,7.546502393805753,0.02075662011945536,189,365,215,265,278,160
1776765051.821823,0.8300000000000053,22,-58,62.03224967708329,7.546502393805753,0.02075662011945536,189,365,215,265,278,160
1776765051.8788066,0.8300000000000053,22,-58,62.03224967708329,7.546502393805753,0.02075662011945536,189,365,215,265,278,160
1776765051.9321785,0.8300000000000053,22,-58,62.03224967708329,7.546502393805753,0.02075662011945536,189,365,215,265,278,160
1776765051.9892867,0.8300000000000053,22,-58,62.03224967708329,7.546502393805753,0.02075662011945536,189,365,215,265,278,160
1776765052.046637,0.8300000000000053,22,-58,62.03224967708329,7.546502393805753,0.02075662011945536,189,365,215,265,278,160
1776765052.1039755,0.8300000000000053,22,-58,62.03224967708329,7.546502393805753,0.02075662011945536,189,365,215,265,278,160
1776765052.1612954,0.8300000000000053,22,-58,62.03224967708329,7.546502393805753,0.02075662011945536,189,365,215,265,278,160
1776765052.2148721,0.8300000000000053,22,-58,62.03224967708329,7.546502393805753,0.02075662011945536,189,365,215,265,278,160
1776765052.2717543,0.8300000000000053,22,-58,62.03224967708329,7.546502393805753,0.02075662011945536,189,365,215,265,278,160
1776765052.3288577,0.8300000000000053,22,-58,62.03224967708329,7.546502393805753,0.02075662011945536,189,365,215,265,278,160
1776765052.386385,0.8300000000000053,22,-58,62.03224967708329,7.546502393805753,0.02075662011945536,189,365,215,265,278,160
1776765052.4439023,0.8300000000000053,22,-58,62.03224967708329,7.546502393805753,0.02075662011945536,189,365,215,265,278,160
1776765052.5011945,0.8300000000000053,22,-58,62.03224967708329,7.546502393805753,0.02075662011945536,189,365,215,265,278,160
1776765052.5544348,0.8300000000000053,22,-58,62.03224967708329,7.546502393805753,0.02075662011945536,189,365,215,265,278,160
1776765052.6123357,0.8300000000000053,22,-58,62.03224967708329,7.546502393805753,0.02075662011945536,189,365,215,265,278,160
1776765052.6690762,0.8300000000000053,22,-58,62.03224967708329,7.546502393805753,0.02075662011945536,189,365,215,265,278,160
1776765052.7272956,0.8300000000000053,22,-58,62.03224967708329,7.546502393805753,0.02075662011945536,189,365,215,265,278,160
1776765052.7840672,0.8300000000000053,22,-58,62.03224967708329,7.546502393805753,0.02075662011945536,189,365,215,265,278,160
1776765052.8371446,0.8300000000000053,22,-58,62.03224967708329,7.546502393805753,0.02075662011945536,189,365,215,265,278,160
1776765052.8940232,0.8300000000000053,22,-58,62.03224967708329,7.546502393805753,0.02075662011945536,189,365,215,265,278,160
1776765052.9517062,0.8300000000000053,22,-58,62.03224967708329,7.546502393805753,0.02075662011945536,189,365,215,265,278,160
1776765053.008607,0.8300000000000053,22,-58,62.03224967708329,7.546502393805753,0.02075662011945536,189,365,215,265,278,160
1776765053.0658605,0.8300000000000053,22,-58,62.03224967708329,7.546502393805753,0.02075662011945536,189,365,215,265,278,160
1776765053.1193411,0.8300000000000053,22,-58,62.03224967708329,7.546502393805753,0.02075662011945536,189,365,215,265,278,160
1776765053.1770053,0.8300000000000053,22,-58,62.03224967708329,7.546502393805753,0.02075662011945536,189,365,215,265,278,160
1776765053.2343702,0.8300000000000053,22,-58,62.03224967708329,7.546502393805753,0.02075662011945536,189,365,215,265,278,160
1776765053.2918236,0.8300000000000053,22,-58,62.03224967708329,7.546502393805753,0.02075662011945536,189,365,215,265,278,160
1776765053.3491323,0.8300000000000053,22,-58,62.03224967708329,7.546502393805753,0.02075662011945536,189,365,215,265,278,160
1776765053.4060464,0.8300000000000053,22,-58,62.03224967708329,7.546502393805753,0.02075662011945536,189,365,215,265,278,160
1776765053.459423,0.8300000000000053,22,-58,62.03224967708329,7.546502393805753,0.02075662011945536,189,365,215,265,278,160
1776765053.517469,0.8300000000000053,22,-58,62.03224967708329,7.546502393805753,0.02075662011945536,189,365,215,265,278,160
1776765053.573936,0.8300000000000053,22,-58,62.03224967708329,7.546502393805753,0.02075662011945536,189,365,215,265,278,160
1776765053.6312327,0.8300000000000053,22,-58,62.03224967708329,7.546502393805753,0.02075662011945536,189,365,215,265,278,160
1776765053.6884677,0.8300000000000053,22,-58,62.03224967708329,7.546502393805753,0.02075662011945536,189,365,215,265,278,160
1776765053.7419884,0.8300000000000053,22,-58,62.03224967708329,7.546502393805753,0.02075662011945536,189,365,215,265,278,160
1776765053.7991884,0.8300000000000053,22,-58,62.03224967708329,7.546502393805753,0.02075662011945536,189,365,215,265,278,160
1776765053.857034,0.8300000000000053,22,-58,62.03224967708329,7.546502393805753,0.02075662011945536,189,365,215,265,278,160
1776765053.914336,0.8300000000000053,22,-58,62.03224967708329,7.546502393805753,0.02075662011945536,189,365,215,265,278,160
1776765053.9716377,0.8300000000000053,22,-58,62.03224967708329,7.546502393805753,0.02075662011945536,189,365,215,265,278,160
1776765054.0292509,0.8300000000000053,22,-58,62.03224967708329,7.546502393805753,0.02075662011945536,189,365,215,265,278,160
1776765054.0823038,0.8300000000000053,22,-58,62.03224967708329,7.546502393805753,0.02075662011945536,189,365,215,265,278,160
1776765054.1398156,0.8300000000000053,22,-58,62.03224967708329,7.546502393805753,0.02075662011945536,189,365,215,265,278,160
1776765054.197073,0.8300000000000053,22,-58,62.03224967708329,7.546502393805753,0.02075662011945536,189,365,215,265,278,160
1776765054.2540047,0.8300000000000053,22,-58,62.03224967708329,7.546502393805753,0.02075662011945536,189,365,215,265,278,160
1776765054.3117323,0.8300000000000053,22,-58,62.03224967708329,7.546502393805753,0.02075662011945536,189,365,215,265,278,160
1776765054.3647566,0.8300000000000053,22,-58,62.03224967708329,7.546502393805753,0.02075662011945536,189,365,215,265,278,160
1776765054.421679,0.8300000000000053,22,-58,62.03224967708329,7.546502393805753,0.02075662011945536,189,365,215,265,278,160
1776765054.4792085,0.8300000000000053,22,-58,62.03224967708329,7.546502393805753,0.02075662011945536,189,365,215,265,278,160
1776765054.5364504,0.8300000000000053,22,-58,62.03224967708329,7.546502393805753,0.02075662011945536,189,365,215,265,278,160
1776765054.594211,0.8300000000000053,22,-58,62.03224967708329,7.546502393805753,0.02075662011945536,189,365,215,265,278,160
1776765054.6515331,0.8300000000000053,22,-58,62.03224967708329,7.546502393805753,0.02075662011945536,189,365,215,265,278,160
1776765054.7049582,0.8300000000000053,22,-58,62.03224967708329,7.546502393805753,0.02075662011945536,189,365,215,265,278,160
1776765054.761705,0.8300000000000053,22,-58,62.03224967708329,7.546502393805753,0.02075662011945536,189,365,215,265,278,160
1776765054.8197434,0.8300000000000053,22,-58,62.03224967708329,7.546502393805753,0.02075662011945536,189,365,215,265,278,160
1776765054.8770714,0.8300000000000053,22,-58,62.03224967708329,7.546502393805753,0.02075662011945536,189,365,215,265,278,160
1776765054.9338548,0.8300000000000053,22,-58,62.03224967708329,7.546502393805753,0.02075662011945536,189,365,215,265,278,160
1776765054.9873002,0.8300000000000053,22,-58,62.03224967708329,7.546502393805753,0.02075662011945536,189,365,215,265,278,160
1776765055.0447958,0.8300000000000053,22,-58,62.03224967708329,7.546502393805753,0.02075662011945536,189,365,215,265,278,160
1776765055.1019654,0.8300000000000053,22,-58,62.03224967708329,7.546502393805753,0.02075662011945536,189,365,215,265,278,160
1776765055.1596022,0.8300000000000053,22,-58,62.03224967708329,7.546502393805753,0.02075662011945536,189,365,215,265,278,160
1776765055.2167194,0.8300000000000053,22,-58,62.03224967708329,7.546502393805753,0.02075662011945536,189,365,215,265,278,160
1776765055.269771,0.8300000000000053,22,-58,62.03224967708329,7.546502393805753,0.02075662011945536,189,365,215,265,278,160
1776765055.3277378,0.8300000000000053,22,-58,62.03224967708329,7.546502393805753,0.02075662011945536,189,365,215,265,278,160
1776765055.3847196,0.8300000000000053,22,-58,62.03224967708329,7.546502393805753,0.02075662011945536,189,365,215,265,278,160
1776765055.4416142,0.8300000000000053,22,-58,62.03224967708329,7.546502393805753,0.02075662011945536,189,365,215,265,278,160
1776765055.4996805,0.8300000000000053,22,-58,62.03224967708329,7.546502393805753,0.02075662011945536,189,365,215,265,278,160
1776765055.5569715,0.8300000000000053,22,-58,62.03224967708329,7.546502393805753,0.02075662011945536,189,365,215,265,278,160
1776765055.6105576,0.8300000000000053,22,-58,62.03224967708329,7.546502393805753,0.02075662011945536,189,365,215,265,278,160
1776765055.6671045,0.8300000000000053,22,-58,62.03224967708329,7.546502393805753,0.02075662011945536,189,365,215,265,278,160
1776765055.7255213,0.8300000000000053,22,-58,62.03224967708329,7.546502393805753,0.02075662011945536,189,365,215,265,278,160
1776765055.7815502,0.8300000000000053,22,-58,62.03224967708329,7.546502393805753,0.02075662011945536,189,365,215,265,278,160
1776765055.8392553,0.8300000000000053,22,-58,62.03224967708329,7.546502393805753,0.02075662011945536,189,365,215,265,278,160
1776765055.8927717,0.8300000000000053,22,-58,62.03224967708329,7.546502393805753,0.02075662011945536,189,365,215,265,278,160
1776765055.9502208,0.8300000000000053,22,-58,62.03224967708329,7.546502393805753,0.02075662011945536,189,365,215,265,278,160
1776765056.0068638,0.8300000000000053,22,-58,62.03224967708329,7.546502393805753,0.02075662011945536,189,365,215,265,278,160
1776765056.0641837,0.8300000000000053,22,-58,62.03224967708329,7.546502393805753,0.02075662011945536,189,365,215,265,278,160
1776765056.121553,0.8300000000000053,22,-58,62.03224967708329,7.546502393805753,0.02122504587463399,189,365,215,264,278,160
1776765056.1792412,0.8300000000000053,22,-58,62.03224967708329,7.546502393805753,0.02122504587463399,189,365,215,264,278,160
1776765056.2320635,0.8300000000000053,22,-58,62.03224967708329,7.546502393805753,0.02122504587463399,189,365,215,264,278,160
1776765056.289963,0.8300000000000053,22,-58,62.03224967708329,7.546502393805753,0.02122504587463399,189,365,215,264,278,160
1776765056.3472068,0.8300000000000053,22,-58,62.03224967708329,7.546502393805753,0.02122504587463399,189,365,215,264,278,160
1776765056.4045002,0.8300000000000053,22,-58,62.03224967708329,7.546502393805753,0.02122504587463399,189,365,215,264,278,160
1776765056.4618096,0.8300000000000053,22,-58,62.03224967708329,7.546502393805753,0.02122504587463399,189,365,215,264,278,160
1776765056.5153224,0.8300000000000053,22,-58,62.03224967708329,7.546502393805753,0.02122504587463399,189,365,215,264,278,160
1776765056.5726066,0.8300000000000053,22,-58,62.03224967708329,7.546502393805753,0.02122504587463399,189,365,215,264,278,160
1776765056.6298554,0.8300000000000053,22,-58,62.03224967708329,7.546502393805753,0.02122504587463399,189,365,215,264,278,160
1776765056.687217,0.8300000000000053,22,-58,62.03224967708329,7.546502393805753,0.02122504587463399,189,365,215,264,278,160
1776765056.7441204,0.8300000000000053,22,-58,62.03224967708329,7.546502393805753,0.02122504587463399,189,365,215,264,278,160
1776765056.8018718,0.8300000000000053,22,-58,62.03224967708329,7.546502393805753,0.02122504587463399,189,365,215,264,278,160
1776765056.855282,0.8300000000000053,22,-58,62.03224967708329,7.546502393805753,0.02122504587463399,189,365,215,264,278,160
1776765056.9126158,0.8300000000000053,22,-58,62.03224967708329,7.546502393805753,0.02122504587463399,189,365,215,264,278,160
1776765056.969908,0.8300000000000053,22,-58,62.03224967708329,7.546502393805753,0.02122504587463399,189,365,215,264,278,160
1776765057.027665,0.8300000000000053,22,-58,62.03224967708329,7.546502393805753,0.02122504587463399,189,365,215,264,278,160
1776765057.0849206,0.8300000000000053,22,-58,62.03224967708329,7.546502393805753,0.02122504587463399,189,365,215,264,278,160
1776765057.13804,0.8300000000000053,22,-58,62.03224967708329,7.546502393805753,0.02122504587463399,189,365,215,264,278,160
1776765057.1952662,0.8300000000000053,22,-58,62.03224967708329,7.546502393805753,0.02122504587463399,189,365,215,264,278,160
1776765057.2527483,0.8300000000000053,22,-58,62.03224967708329,7.546502393805753,0.02122504587463399,189,365,215,264,278,160
1776765057.3101852,0.8300000000000053,22,-58,62.03224967708329,7.546502393805753,0.02122504587463399,189,365,215,264,278,160
1776765057.3669083,0.8300000000000053,22,-58,62.03224967708329,7.546502393805753,0.02122504587463399,189,365,215,264,278,160
1776765057.4205883,0.8300000000000053,22,-58,62.03224967708329,7.546502393805753,0.02122504587463399,189,365,215,264,278,160
1776765057.477298,0.8300000000000053,22,-58,62.03224967708329,7.546502393805753,0.02122504587463399,189,365,215,264,278,160
1776765057.5352578,0.8300000000000053,22,-58,62.03224967708329,7.546502393805753,0.02122504587463399,189,365,215,264,278,160
1776765057.5927339,0.8300000000000053,22,-58,62.03224967708329,7.546502393805753,0.02122504587463399,189,365,215,264,278,160
1776765057.6494734,0.8300000000000053,22,-58,62.03224967708329,7.546502393805753,0.02122504587463399,189,365,215,264,278,160
1776765057.7071273,0.8300000000000053,22,-58,62.03224967708329,7.546502393805753,0.02122504587463399,189,365,215,264,278,160
1776765057.7605042,0.8300000000000053,22,-58,62.03224967708329,7.546502393805753,0.02122504587463399,189,365,215,264,278,160
1776765057.8179092,0.8300000000000053,22,-58,62.03224967708329,7.546502393805753,0.02122504587463399,189,365,215,264,278,160
1776765057.8751278,0.8300000000000053,22,-58,62.03224967708329,7.546502393805753,0.02122504587463399,189,365,215,264,278,160
1776765057.9326923,0.8300000000000053,23,-58,62.39390995922599,7.590499995039657,0.02167903535053649,189,365,215,264,279,160
1776765057.9891267,0.8300000000000053,23,-58,62.39390995922599,7.590499995039657,0.02167903535053649,189,365,215,264,279,160
1776765058.0430038,0.8300000000000053,23,-58,62.39390995922599,7.590499995039657,0.02167903535053649,189,365,215,264,279,160
1776765058.1002023,0.8300000000000053,23,-58,62.39390995922599,7.590499995039657,0.02167903535053649,189,365,215,264,279,160
1776765058.1575606,0.8300000000000053,23,-58,62.39390995922599,7.590499995039657,0.02167903535053649,189,365,215,264,279,160
1776765058.2152858,0.8300000000000053,23,-58,62.39390995922599,7.590499995039657,0.02167903535053649,189,365,215,264,279,160
1776765058.2716649,0.8300000000000053,23,-58,62.39390995922599,7.590499995039657,0.02167903535053649,189,365,215,264,279,160
1776765058.3290226,0.8300000000000053,23,-58,62.39390995922599,7.590499995039657,0.02167903535053649,189,365,215,264,279,160
1776765058.3826149,0.8300000000000053,23,-58,62.39390995922599,7.590499995039657,0.02167903535053649,189,365,215,264,279,160
1776765058.440175,0.8300000000000053,23,-58,62.39390995922599,7.590499995039657,0.02167903535053649,189,365,215,264,279,160
1776765058.4970984,0.8300000000000053,23,-58,62.39390995922599,7.590499995039657,0.02167903535053649,189,365,215,264,279,160
1776765058.554924,0.8300000000000053,23,-58,62.39390995922599,7.590499995039657,0.02167903535053649,189,365,215,264,279,160
1776765058.6121693,0.8300000000000053,23,-58,62.39390995922599,7.590499995039657,0.02167903535053649,189,365,215,264,279,160
1776765058.6651156,0.8300000000000053,23,-58,62.39390995922599,7.590499995039657,0.02167903535053649,189,365,215,264,279,160
1776765058.7230186,0.8300000000000053,23,-58,62.39390995922599,7.590499995039657,0.02167903535053649,189,365,215,264,279,160
1776765058.7812157,0.8300000000000053,23,-58,62.39390995922599,7.590499995039657,0.02167903535053649,189,365,215,264,279,160
1776765058.8375518,0.8300000000000053,23,-58,62.39390995922599,7.590499995039657,0.02167903535053649,189,365,215,264,279,160
1776765058.8945541,0.8300000000000053,23,-58,62.39390995922599,7.590499995039657,0.02167903535053649,189,365,215,264,279,160
1776765058.951996,0.8300000000000053,23,-58,62.39390995922599,7.590499995039657,0.02167903535053649,189,365,215,264,279,160
1776765059.0063245,0.8300000000000053,23,-58,62.39390995922599,7.590499995039657,0.02167903535053649,189,365,215,264,279,160
1776765059.063357,0.8300000000000053,23,-58,62.39390995922599,7.590499995039657,0.02167903535053649,189,365,215,264,279,160
1776765059.1200793,0.8300000000000053,23,-58,62.39390995922599,7.590499995039657,0.02167903535053649,189,365,215,264,279,160
1776765059.177515,0.8300000000000053,23,-58,62.39390995922599,7.590499995039657,0.02167903535053649,189,365,215,264,279,160
1776765059.2345455,0.8300000000000053,23,-58,62.39390995922599,7.590499995039657,0.02167903535053649,189,365,215,264,279,160
1776765059.2881467,0.8300000000000053,23,-58,62.39390995922599,7.590499995039657,0.02167903535053649,189,365,215,264,279,160
1776765059.3454268,0.8300000000000053,23,-58,62.39390995922599,7.590499995039657,0.02167903535053649,189,365,215,264,279,160
1776765059.4028056,0.8300000000000053,23,-58,62.39390995922599,7.590499995039657,0.02167903535053649,189,365,215,264,279,160
1776765059.460491,0.8300000000000053,23,-58,62.39390995922599,7.590499995039657,0.02167903535053649,189,365,215,264,279,160
1776765059.5178833,0.8300000000000053,23,-58,62.39390995922599,7.590499995039657,0.02167903535053649,189,365,215,264,279,160
1776765059.5703812,0.8300000000000053,23,-58,62.39390995922599,7.590499995039657,0.02167903535053649,189,365,215,264,279,160
1776765059.6284096,0.8300000000000053,23,-58,62.39390995922599,7.590499995039657,0.02167903535053649,189,365,215,264,279,160
1776765059.685443,0.8300000000000053,23,-58,62.39390995922599,7.590499995039657,0.02167903535053649,189,365,215,264,279,160
1776765059.742506,0.8300000000000053,23,-58,62.39390995922599,7.590499995039657,0.02167903535053649,189,365,215,264,279,160
1776765059.8001258,0.8300000000000053,23,-58,62.39390995922599,7.590499995039657,0.02167903535053649,189,365,215,264,279,160
1776765059.8574162,0.8300000000000053,23,-58,62.39390995922599,7.590499995039657,0.02167903535053649,189,365,215,264,279,160
1776765059.9107125,0.8300000000000053,23,-58,62.39390995922599,7.590499995039657,0.02167903535053649,189,365,215,264,279,160
1776765059.9680502,0.8300000000000053,23,-58,62.39390995922599,7.590499995039657,0.02167903535053649,189,365,215,264,279,160
1776765060.0251153,0.8300000000000053,23,-58,62.39390995922599,7.590499995039657,0.02167903535053649,189,365,215,264,279,160
1776765060.0821617,0.8300000000000053,23,-58,62.39390995922599,7.590499995039657,0.02167903535053649,189,365,215,264,279,160
1776765060.1394055,0.8300000000000053,23,-58,62.39390995922599,7.590499995039657,0.02167903535053649,189,365,215,264,279,160
1776765060.1934772,0.8300000000000053,23,-58,62.39390995922599,7.590499995039657,0.02167903535053649,189,365,215,264,279,160
1776765060.25032,0.8300000000000053,23,-58,62.39390995922599,7.590499995039657,0.02167903535053649,189,365,215,264,279,160
1776765060.3083837,0.8300000000000053,23,-58,62.39390995922599,7.590499995039657,0.02167903535053649,189,365,215,264,279,160
1776765060.365066,0.8300000000000053,23,-58,62.39390995922599,7.590499995039657,0.02167903535053649,189,365,215,264,279,160
1776765060.4223123,0.8300000000000053,23,-58,62.39390995922599,7.590499995039657,0.02167903535053649,189,365,215,264,279,160
1776765060.4798179,0.8300000000000053,23,-58,62.39390995922599,7.590499995039657,0.02167903535053649,189,365,215,264,279,160
1776765060.5328014,0.8300000000000053,23,-58,62.39390995922599,7.590499995039657,0.02167903535053649,189,365,215,264,279,160
1776765060.5901153,0.8300000000000053,23,-58,62.39390995922599,7.590499995039657,0.02167903535053649,189,365,215,264,279,160
1776765060.6480722,0.8300000000000053,23,-58,62.39390995922599,7.590499995039657,0.02167903535053649,189,365,215,264,279,160
1776765060.7051747,0.8300000000000053,23,-58,62.39390995922599,7.590499995039657,0.02167903535053649,189,365,215,264,279,160
1776765060.7623498,0.8300000000000053,23,-58,62.39390995922599,7.590499995039657,0.02167903535053649,189,365,215,264,279,160
1776765060.8158288,0.8300000000000053,23,-58,62.39390995922599,7.590499995039657,0.02167903535053649,189,365,215,264,279,160
1776765060.873241,0.8300000000000053,23,-58,62.39390995922599,7.590499995039657,0.02167903535053649,189,365,215,264,279,160
1776765060.9310184,0.8300000000000053,23,-58,62.39390995922599,7.590499995039657,0.02167903535053649,189,365,215,264,279,160
1776765060.9880295,0.8300000000000053,23,-58,62.39390995922599,7.590499995039657,0.02167903535053649,189,365,215,264,279,160
1776765061.0452847,0.8300000000000053,23,-58,62.39390995922599,7.590499995039657,0.02167903535053649,189,365,215,264,279,160
1776765061.1022172,0.8300000000000053,23,-58,62.39390995922599,7.590499995039657,0.02167903535053649,189,365,215,264,279,160
1776765061.155926,0.8300000000000053,23,-58,62.39390995922599,7.590499995039657,0.02167903535053649,189,365,215,264,279,160
1776765061.213289,0.8300000000000053,23,-58,62.39390995922599,7.590499995039657,0.02167903535053649,189,365,215,264,279,160
1776765061.269941,0.8300000000000053,23,-58,62.39390995922599,7.590499995039657,0.02167903535053649,189,365,215,264,279,160
1776765061.3280015,0.8300000000000053,23,-58,62.39390995922599,7.590499995039657,0.02167903535053649,189,365,215,264,279,160
1776765061.3851404,0.8300000000000053,23,-58,62.39390995922599,7.590499995039657,0.02167903535053649,189,365,215,264,279,160
1776765061.4379268,0.8300000000000053,23,-58,62.39390995922599,7.590499995039657,0.02167903535053649,189,365,215,264,279,160
1776765061.495882,0.8300000000000053,23,-58,62.39390995922599,7.590499995039657,0.02167903535053649,189,365,215,264,279,160
1776765061.5530164,0.8300000000000053,23,-58,62.39390995922599,7.590499995039657,0.02167903535053649,189,365,215,264,279,160
1776765061.6101525,0.8300000000000053,23,-58,62.39390995922599,7.590499995039657,0.02167903535053649,189,365,215,264,279,160
1776765061.667847,0.8300000000000053,23,-59,63.324560795950255,7.703717858388108,0.02129270679985842,189,365,215,264,279,159
1776765061.7211053,0.8300000000000053,23,-59,63.324560795950255,7.703717858388108,0.02129270679985842,189,365,215,264,279,159
1776765061.7786932,0.8300000000000053,23,-59,63.324560795950255,7.703717858388108,0.02129270679985842,189,365,215,264,279,159
1776765061.8369894,0.8300000000000053,23,-59,63.324560795950255,7.703717858388108,0.02129270679985842,189,365,215,264,279,159
1776765061.8932898,0.8300000000000053,23,-59,63.324560795950255,7.703717858388108,0.02129270679985842,189,365,215,264,279,159
1776765061.9502156,0.8300000000000053,23,-59,63.324560795950255,7.703717858388108,0.02129270679985842,189,365,215,264,279,159
1776765062.007888,0.8300000000000053,23,-59,63.324560795950255,7.703717858388108,0.02129270679985842,189,365,215,264,279,159
1776765062.0606086,0.8300000000000053,23,-59,63.324560795950255,7.703717858388108,0.02129270679985842,189,365,215,264,279,159
1776765062.1183586,0.8300000000000053,23,-59,63.324560795950255,7.703717858388108,0.02129270679985842,189,365,215,264,279,159
1776765062.1756167,0.8300000000000053,23,-59,63.324560795950255,7.703717858388108,0.02129270679985842,189,365,215,264,279,159
1776765062.2325084,0.8300000000000053,23,-59,63.324560795950255,7.703717858388108,0.02129270679985842,189,365,215,264,279,159
1776765062.2900805,0.8300000000000053,23,-59,63.324560795950255,7.703717858388108,0.02129270679985842,189,365,215,264,279,159
1776765062.3437927,0.8300000000000053,23,-59,63.324560795950255,7.703717858388108,0.02129270679985842,189,365,215,264,279,159
1776765062.4014757,0.8300000000000053,23,-59,63.324560795950255,7.703717858388108,0.02129270679985842,189,365,215,264,279,159
1776765062.4584787,0.8300000000000053,23,-59,63.324560795950255,7.703717858388108,0.02129270679985842,189,365,215,264,279,159
1776765062.515488,0.8300000000000053,23,-59,63.324560795950255,7.703717858388108,0.02129270679985842,189,365,215,264,279,159
1776765062.572455,0.8300000000000053,23,-59,63.324560795950255,7.703717858388108,0.02129270679985842,189,365,215,264,279,159
1776765062.6300652,0.8300000000000053,23,-59,63.324560795950255,7.703717858388108,0.02129270679985842,189,365,215,264,279,159
1776765062.6835897,0.8300000000000053,23,-59,63.324560795950255,7.703717858388108,0.02129270679985842,189,365,215,264,279,159
1776765062.7415063,0.8300000000000053,23,-59,63.324560795950255,7.703717858388108,0.02129270679985842,189,365,215,264,279,159
1776765062.7976282,0.8300000000000053,23,-59,63.324560795950255,7.703717858388108,0.02129270679985842,189,365,215,264,279,159
1776765062.8550725,0.8300000000000053,23,-59,63.324560795950255,7.703717858388108,0.02129270679985842,189,365,215,264,279,159
1776765062.9139886,0.8300000000000053,23,-59,63.324560795950255,7.703717858388108,0.02129270679985842,189,365,215,264,279,159
1776765062.965892,0.8300000000000053,23,-59,63.324560795950255,7.703717858388108,0.02129270679985842,189,365,215,264,279,159
1776765063.0230827,0.8300000000000053,23,-59,63.324560795950255,7.703717858388108,0.02129270679985842,189,365,215,264,279,159
1776765063.080654,0.8300000000000053,23,-59,63.324560795950255,7.703717858388108,0.02129270679985842,189,365,215,264,279,159
1776765063.1378934,0.8300000000000053,23,-59,63.324560795950255,7.703717858388108,0.02129270679985842,189,365,215,264,279,159
1776765063.1954143,0.8300000000000053,23,-59,63.324560795950255,7.703717858388108,0.02129270679985842,189,365,215,264,279,159
1776765063.2526033,0.8300000000000053,23,-59,63.324560795950255,7.703717858388108,0.02129270679985842,189,365,215,264,279,159
1776765063.3056352,0.8300000000000053,23,-59,63.324560795950255,7.703717858388108,0.02129270679985842,189,365,215,264,279,159
1776765063.3633552,0.8300000000000053,23,-59,63.324560795950255,7.703717858388108,0.02129270679985842,189,365,215,264,279,159
1776765063.421264,0.8300000000000053,23,-59,63.324560795950255,7.703717858388108,0.02129270679985842,189,365,215,264,279,159
1776765063.4783173,0.8300000000000053,23,-59,63.324560795950255,7.703717858388108,0.02129270679985842,189,365,215,264,279,159
1776765063.5351295,0.8300000000000053,23,-59,63.324560795950255,7.703717858388108,0.02129270679985842,189,365,215,264,279,159
1776765063.58889,0.8300000000000053,23,-59,63.324560795950255,7.703717858388108,0.02129270679985842,189,365,215,264,279,159
1776765063.646048,0.8300000000000053,23,-59,63.324560795950255,7.703717858388108,0.02129270679985842,189,365,215,264,279,159
1776765063.7040706,0.8300000000000053,23,-59,63.324560795950255,7.703717858388108,0.02129270679985842,189,365,215,264,279,159
1776765063.7607214,0.8300000000000053,23,-59,63.324560795950255,7.703717858388108,0.02129270679985842,189,365,215,264,279,159
1776765063.817906,0.8300000000000053,23,-59,63.324560795950255,7.703717858388108,0.02129270679985842,189,365,215,264,279,159
1776765063.87147,0.8300000000000053,23,-59,63.324560795950255,7.703717858388108,0.02129270679985842,189,365,215,264,279,159
1776765063.928732,0.8300000000000053,23,-59,63.324560795950255,7.703717858388108,0.02129270679985842,189,365,215,264,279,159
1776765063.986335,0.8300000000000053,23,-59,63.324560795950255,7.703717858388108,0.02129270679985842,189,365,215,264,279,159
1776765064.0429316,0.8300000000000053,23,-59,63.324560795950255,7.703717858388108,0.02129270679985842,189,365,215,264,279,159
1776765064.1007335,0.8300000000000053,23,-59,63.324560795950255,7.703717858388108,0.02129270679985842,189,365,215,264,279,159
1776765064.1576288,0.8300000000000053,23,-59,63.324560795950255,7.703717858388108,0.02129270679985842,189,365,215,264,279,159
1776765064.2113934,0.8300000000000053,23,-59,63.324560795950255,7.703717858388108,0.02129270679985842,189,365,215,264,279,159
1776765064.2691965,0.8300000000000053,23,-59,63.324560795950255,7.703717858388108,0.02129270679985842,189,365,215,264,279,159
1776765064.3274803,0.8300000000000053,23,-59,63.324560795950255,7.703717858388108,0.02129270679985842,189,365,215,264,279,159
1776765064.3830569,0.8300000000000053,23,-59,63.324560795950255,7.703717858388108,0.02129270679985842,189,365,215,264,279,159
1776765064.4403698,0.8300000000000053,23,-59,63.324560795950255,7.703717858388108,0.02129270679985842,189,365,215,264,279,159
1776765064.4938276,0.8300000000000053,23,-59,63.324560795950255,7.703717858388108,0.02129270679985842,189,365,215,264,279,159
1776765064.550826,0.8300000000000053,23,-59,63.324560795950255,7.703717858388108,0.02129270679985842,189,365,215,264,279,159
1776765064.608137,0.8300000000000053,23,-59,63.324560795950255,7.703717858388108,0.02129270679985842,189,365,215,264,279,159
1776765064.665834,0.8300000000000053,23,-59,63.324560795950255,7.703717858388108,0.02129270679985842,189,365,215,264,279,159
1776765064.723208,0.8300000000000053,23,-59,63.324560795950255,7.703717858388108,0.02129270679985842,189,365,215,264,279,159
1776765064.780586,0.8300000000000053,23,-59,63.324560795950255,7.703717858388108,0.02129270679985842,189,365,215,264,279,159
1776765064.8342056,0.8300000000000053,23,-59,63.324560795950255,7.703717858388108,0.02129270679985842,189,365,215,264,279,159
1776765064.8914223,0.8300000000000053,23,-59,63.324560795950255,7.703717858388108,0.02129270679985842,189,365,215,264,279,159
1776765064.9487739,0.8300000000000053,23,-59,63.324560795950255,7.703717858388108,0.02129270679985842,189,365,215,264,279,159
1776765065.0059614,0.8300000000000053,23,-59,63.324560795950255,7.703717858388108,0.02129270679985842,189,365,215,264,279,159
1776765065.0626307,0.8300000000000053,23,-59,63.324560795950255,7.703717858388108,0.02129270679985842,189,365,215,264,279,159
1776765065.1163542,0.8300000000000053,23,-59,63.324560795950255,7.703717858388108,0.02129270679985842,189,365,215,264,279,159
1776765065.1738913,0.8300000000000053,23,-59,63.324560795950255,7.703717858388108,0.02129270679985842,189,365,215,264,279,159
1776765065.2306628,0.8300000000000053,23,-59,63.324560795950255,7.703717858388108,0.02129270679985842,189,365,215,264,279,159
1776765065.288032,0.8300000000000053,23,-59,63.324560795950255,7.703717858388108,0.02129270679985842,189,365,215,264,279,159
1776765065.3454912,0.8300000000000053,23,-59,63.324560795950255,7.703717858388108,0.02129270679985842,189,365,215,264,279,159
1776765065.4028234,0.8300000000000053,23,-59,63.324560795950255,7.703717858388108,0.02129270679985842,189,365,215,264,279,159
1776765065.4565136,0.8300000000000053,23,-59,63.324560795950255,7.703717858388108,0.02129270679985842,189,365,215,264,279,159
1776765065.5136218,0.8300000000000053,23,-59,63.324560795950255,7.703717858388108,0.02129270679985842,189,365,215,264,279,159
1776765065.5708814,0.8300000000000053,23,-59,63.324560795950255,7.703717858388108,0.02129270679985842,189,365,215,264,279,159
1776765065.6292477,0.8300000000000053,23,-59,63.324560795950255,7.703717858388108,0.02129270679985842,189,365,215,264,279,159
1776765065.6857471,0.8300000000000053,23,-59,63.324560795950255,7.703717858388108,0.02129270679985842,189,365,215,264,279,159
1776765065.738545,0.8300000000000053,23,-59,63.324560795950255,7.703717858388108,0.02129270679985842,189,365,215,264,279,159
1776765065.796239,0.8300000000000053,23,-59,63.324560795950255,7.703717858388108,0.02129270679985842,189,365,215,264,279,159
1776765065.854312,0.8300000000000053,23,-59,63.324560795950255,7.703717858388108,0.02129270679985842,189,365,215,264,279,159
1776765065.9126976,0.8300000000000053,23,-59,63.324560795950255,7.703717858388108,0.02129270679985842,189,365,215,264,279,159
1776765065.967813,0.8300000000000053,23,-59,63.324560795950255,7.703717858388108,0.02129270679985842,189,365,215,264,279,159
1776765066.0252488,0.8300000000000053,23,-59,63.324560795950255,7.703717858388108,0.02129270679985842,189,365,215,264,279,159
1776765066.0785427,0.8300000000000053,23,-59,63.324560795950255,7.703717858388108,0.02129270679985842,189,365,215,264,279,159
1776765066.1359718,0.8300000000000053,23,-59,63.324560795950255,7.703717858388108,0.02129270679985842,189,365,215,264,279,159
1776765066.1936438,0.8300000000000053,23,-59,63.324560795950255,7.703717858388108,0.02129270679985842,189,365,215,264,279,159
1776765066.2506323,0.8300000000000053,23,-59,63.324560795950255,7.703717858388108,0.02129270679985842,189,365,215,264,279,159
1776765066.3077805,0.8300000000000053,23,-59,63.324560795950255,7.703717858388108,0.02129270679985842,189,365,215,264,279,159
1776765066.361107,0.8300000000000053,23,-59,63.324560795950255,7.703717858388108,0.02129270679985842,189,365,215,264,279,159
1776765066.419231,0.8300000000000053,23,-59,63.324560795950255,7.703717858388108,0.02129270679985842,189,365,215,264,279,159
1776765066.4760196,0.8300000000000053,23,-59,63.324560795950255,7.703717858388108,0.02129270679985842,189,365,215,264,279,159
1776765066.5330994,0.8300000000000053,23,-59,63.324560795950255,7.703717858388108,0.02129270679985842,189,365,215,264,279,159
1776765066.5906878,0.8300000000000053,23,-59,63.324560795950255,7.703717858388108,0.02129270679985842,189,365,215,264,279,159
1776765066.643816,0.8300000000000053,23,-59,63.324560795950255,7.703717858388108,0.02129270679985842,189,365,215,264,279,159
1776765066.7014976,0.8300000000000053,23,-59,63.324560795950255,7.703717858388108,0.02129270679985842,189,365,215,264,279,159
1776765066.758503,0.8300000000000053,23,-59,63.324560795950255,7.703717858388108,0.02129270679985842,189,365,215,264,279,159
1776765066.8157022,0.8300000000000053,23,-59,63.324560795950255,7.703717858388108,0.02129270679985842,189,365,215,264,279,159
1776765066.8732183,0.8300000000000053,23,-59,63.324560795950255,7.703717858388108,0.02129270679985842,189,365,215,264,279,159
1776765066.9304762,0.8300000000000053,23,-59,63.324560795950255,7.703717858388108,0.02129270679985842,189,365,215,264,279,159
1776765066.9837666,0.8300000000000053,23,-59,63.324560795950255,7.703717858388108,0.02129270679985842,189,365,215,264,279,159
1776765067.0411763,0.8300000000000053,23,-59,63.324560795950255,7.703717858388108,0.02129270679985842,189,365,215,264,279,159
1776765067.0983691,0.8300000000000053,23,-59,63.324560795950255,7.703717858388108,0.02129270679985842,189,365,215,264,279,159
1776765067.1563423,0.8300000000000053,23,-59,63.324560795950255,7.703717858388108,0.02129270679985842,189,365,215,264,279,159
1776765067.2132952,0.8300000000000053,23,-59,63.324560795950255,7.703717858388108,0.02129270679985842,189,365,215,264,279,159
1776765067.2664437,0.8300000000000053,23,-59,63.324560795950255,7.703717858388108,0.02129270679985842,189,365,215,264,279,159
1776765067.323709,0.8300000000000053,23,-59,63.324560795950255,7.703717858388108,0.02129270679985842,189,365,215,264,279,159
1776765067.3811028,0.8300000000000053,23,-59,63.324560795950255,7.703717858388108,0.02129270679985842,189,365,215,264,279,159
1776765067.4391134,0.8300000000000053,23,-59,63.324560795950255,7.703717858388108,0.02129270679985842,189,365,215,264,279,159
1776765067.495753,0.8300000000000053,23,-59,63.324560795950255,7.703717858388108,0.02129270679985842,189,365,215,264,279,159
1776765067.5535398,0.8300000000000053,23,-59,63.324560795950255,7.703717858388108,0.02129270679985842,189,365,215,264,279,159
1776765067.6062882,0.8300000000000053,23,-59,63.324560795950255,7.703717858388108,0.02129270679985842,189,365,215,264,279,159
1776765067.6637225,0.8300000000000053,23,-59,63.324560795950255,7.703717858388108,0.02129270679985842,189,365,215,264,279,159
1776765067.72092,0.8300000000000053,23,-59,63.324560795950255,7.703717858388108,0.02129270679985842,189,365,215,264,279,159
1776765067.7784727,0.8300000000000053,23,-59,63.324560795950255,7.703717858388108,0.02129270679985842,189,365,215,264,279,159
1776765067.8362768,0.8300000000000053,23,-59,63.324560795950255,7.703717858388108,0.02129270679985842,189,365,215,264,279,159
1776765067.8896499,0.8300000000000053,23,-59,63.324560795950255,7.703717858388108,0.02129270679985842,189,365,215,264,279,159
1776765067.946478,0.8300000000000053,23,-59,63.324560795950255,7.703717858388108,0.02129270679985842,189,365,215,264,279,159
1776765068.0035841,0.8300000000000053,23,-59,63.324560795950255,7.703717858388108,0.02129270679985842,189,365,215,264,279,159
1776765068.060976,0.8300000000000053,23,-59,63.324560795950255,7.703717858388108,0.02129270679985842,189,365,215,264,279,159
1776765068.1181557,0.8300000000000053,23,-59,63.324560795950255,7.703717858388108,0.02129270679985842,189,365,215,264,279,159
1776765068.1756654,0.8300000000000053,23,-59,63.324560795950255,7.703717858388108,0.02129270679985842,189,365,215,264,279,159
1776765068.229218,0.8300000000000053,23,-59,63.324560795950255,7.703717858388108,0.02129270679985842,189,365,215,264,279,159
1776765068.2865095,0.8300000000000053,23,-59,63.324560795950255,7.703717858388108,0.02129270679985842,189,365,215,264,279,159
1776765068.344255,0.8300000000000053,23,-59,63.324560795950255,7.703717858388108,0.02129270679985842,189,365,215,264,279,159
1776765068.4033875,0.8300000000000053,23,-59,63.324560795950255,7.703717858388108,0.02129270679985842,189,365,215,264,279,159
1776765068.458134,0.8300000000000053,23,-59,63.324560795950255,7.703717858388108,0.02129270679985842,189,365,215,264,279,159
1776765068.5115137,0.8300000000000053,23,-59,63.324560795950255,7.703717858388108,0.02129270679985842,189,365,215,264,279,159
1776765068.5688329,0.8300000000000053,23,-59,63.324560795950255,7.703717858388108,0.02129270679985842,189,365,215,264,279,159
1776765068.6263657,0.8300000000000053,23,-59,63.324560795950255,7.703717858388108,0.02129270679985842,189,365,215,264,279,159
1776765068.6844127,0.8300000000000053,23,-59,63.324560795950255,7.703717858388108,0.02129270679985842,189,365,215,264,279,159
1776765068.7413251,0.8300000000000053,23,-59,63.324560795950255,7.703717858388108,0.02129270679985842,189,365,215,264,279,159
1776765068.794226,0.8300000000000053,23,-59,63.324560795950255,7.703717858388108,0.02129270679985842,189,365,215,264,279,159
1776765068.851922,0.8300000000000053,23,-59,63.324560795950255,7.703717858388108,0.02129270679985842,189,365,215,264,279,159
1776765068.909633,0.8300000000000053,23,-59,63.324560795950255,7.703717858388108,0.02129270679985842,189,365,215,264,279,159
1776765068.9660952,0.8300000000000053,23,-59,63.324560795950255,7.703717858388108,0.02129270679985842,189,365,215,264,279,159
1776765069.0234215,0.8300000000000053,23,-59,63.324560795950255,7.703717858388108,0.02129270679985842,189,365,215,264,279,159
1776765069.080705,0.8300000000000053,23,-59,63.324560795950255,7.703717858388108,0.02129270679985842,189,365,215,264,279,159
1776765069.1349196,0.8300000000000053,23,-59,63.324560795950255,7.703717858388108,0.02129270679985842,189,365,215,264,279,159
1776765069.1915503,0.8300000000000053,23,-59,63.324560795950255,7.703717858388108,0.02129270679985842,189,365,215,264,279,159
