time,pressure_kPa,dx_px,dy_px,tip_disp_px,tip_disp_mm,curvature_1_per_mm,base_x,base_y,mid_x,mid_y,tip_x,tip_y
1776766273.8526428,0.0,0,0,0.0,0.0,0.022081074649843994,189,366,216,263,283,158
1776766273.910005,0.0,0,0,0.0,0.0,0.022081074649843994,189,366,216,263,283,158
1776766273.9675167,0.0,0,0,0.0,0.0,0.022081074649843994,189,366,216,263,283,158
1776766274.025405,0.0,0,0,0.0,0.0,0.022081074649843994,189,366,216,263,283,158
1776766274.0786169,0.0,0,0,0.0,0.0,0.022081074649843994,189,366,216,263,283,158
1776766274.1353357,0.0,0,0,0.0,0.0,0.022081074649843994,189,366,216,263,283,158
1776766274.192532,0.0,0,0,0.0,0.0,0.022081074649843994,189,366,216,263,283,158
1776766274.2503006,0.0,0,0,0.0,0.0,0.022081074649843994,189,366,216,263,283,158
1776766274.3078766,0.0,0,0,0.0,0.0,0.022081074649843994,189,366,216,263,283,158
1776766274.3606646,0.0,0,0,0.0,0.0,0.022081074649843994,189,366,216,263,283,158
1776766274.4185252,0.0,0,0,0.0,0.0,0.022081074649843994,189,366,216,263,283,158
1776766274.475353,0.0,0,0,0.0,0.0,0.022081074649843994,189,366,216,263,283,158
1776766274.5326686,0.0,0,0,0.0,0.0,0.022081074649843994,189,366,216,263,283,158
1776766274.5903344,0.0,0,0,0.0,0.0,0.022081074649843994,189,366,216,263,283,158
1776766274.6429281,0.0,0,0,0.0,0.0,0.022081074649843994,189,366,216,263,283,158
1776766274.700679,0.0,0,0,0.0,0.0,0.022081074649843994,189,366,216,263,283,158
1776766274.758424,0.0,0,0,0.0,0.0,0.022081074649843994,189,366,216,263,283,158
1776766274.814961,0.0,0,0,0.0,0.0,0.022081074649843994,189,366,216,263,283,158
1776766274.8721173,0.0,0,0,0.0,0.0,0.022081074649843994,189,366,216,263,283,158
1776766274.9254644,0.0,0,0,0.0,0.0,0.022081074649843994,189,366,216,263,283,158
1776766274.983034,0.0,0,0,0.0,0.0,0.022081074649843994,189,366,216,263,283,158
1776766275.0408103,0.0,0,0,0.0,0.0,0.022081074649843994,189,366,216,263,283,158
1776766275.097812,0.0,0,0,0.0,0.0,0.022081074649843994,189,366,216,263,283,158
1776766275.1550102,0.0,0,0,0.0,0.0,0.022081074649843994,189,366,216,263,283,158
1776766275.2085044,0.0,0,0,0.0,0.0,0.022081074649843994,189,366,216,263,283,158
1776766275.2659743,0.0,0,0,0.0,0.0,0.022081074649843994,189,366,216,263,283,158
1776766275.3237252,0.0,0,0,0.0,0.0,0.022081074649843994,189,366,216,263,283,158
1776766275.3809404,0.0,0,0,0.0,0.0,0.022081074649843994,189,366,216,263,283,158
1776766275.4382281,0.0,0,0,0.0,0.0,0.022081074649843994,189,366,216,263,283,158
1776766275.4909363,0.0,0,0,0.0,0.0,0.022081074649843994,189,366,216,263,283,158
1776766275.5491493,0.0,0,0,0.0,0.0,0.022081074649843994,189,366,216,263,283,158
1776766275.6063788,0.0,0,0,0.0,0.0,0.022081074649843994,189,366,216,263,283,158
1776766275.6629531,0.0,0,0,0.0,0.0,0.022081074649843994,189,366,216,263,283,158
1776766275.719938,0.0,0,0,0.0,0.0,0.022081074649843994,189,366,216,263,283,158
1776766275.7734187,0.0,0,0,0.0,0.0,0.022081074649843994,189,366,216,263,283,158
1776766275.8311808,0.0,0,0,0.0,0.0,0.022081074649843994,189,366,216,263,283,158
1776766275.8885636,0.0,0,0,0.0,0.0,0.022081074649843994,189,366,216,263,283,158
1776766275.945639,0.0,0,0,0.0,0.0,0.022081074649843994,189,366,216,263,283,158
1776766276.0040777,0.0,0,0,0.0,0.0,0.022081074649843994,189,366,216,263,283,158
1776766276.0572648,0.0,0,0,0.0,0.0,0.022081074649843994,189,366,216,263,283,158
1776766276.1141865,0.0,0,0,0.0,0.0,0.022081074649843994,189,366,216,263,283,158
1776766276.1710317,0.0,0,0,0.0,0.0,0.022081074649843994,189,366,216,263,283,158
1776766276.227947,0.0,0,0,0.0,0.0,0.022081074649843994,189,366,216,263,283,158
1776766276.285714,0.0,0,0,0.0,0.0,0.022081074649843994,189,366,216,263,283,158
1776766276.3390934,0.0,0,0,0.0,0.0,0.022081074649843994,189,366,216,263,283,158
1776766276.395818,0.0,0,0,0.0,0.0,0.022081074649843994,189,366,216,263,283,158
1776766276.4536617,0.0,0,0,0.0,0.0,0.022081074649843994,189,366,216,263,283,158
1776766276.5107296,0.0,0,0,0.0,0.0,0.022081074649843994,189,366,216,263,283,158
1776766276.5687854,0.0,0,0,0.0,0.0,0.022081074649843994,189,366,216,263,283,158
1776766276.622114,0.0,0,0,0.0,0.0,0.022081074649843994,189,366,216,263,283,158
1776766276.6790035,0.0,0,0,0.0,0.0,0.022081074649843994,189,366,216,263,283,158
1776766276.736223,0.0,0,0,0.0,0.0,0.022081074649843994,189,366,216,263,283,158
1776766276.7936592,0.0,0,0,0.0,0.0,0.022081074649843994,189,366,216,263,283,158
1776766276.8513498,0.0,0,0,0.0,0.0,0.022081074649843994,189,366,216,263,283,158
1776766276.9045603,0.0,0,0,0.0,0.0,0.022081074649843994,189,366,216,263,283,158
1776766276.9620328,0.0,0,0,0.0,0.0,0.022081074649843994,189,366,216,263,283,158
1776766277.018858,0.0,0,0,0.0,0.0,0.022081074649843994,189,366,216,263,283,158
1776766277.0761738,0.0,0,0,0.0,0.0,0.022081074649843994,189,366,216,263,283,158
1776766277.132959,0.0,0,0,0.0,0.0,0.022081074649843994,189,366,216,263,283,158
1776766277.1866844,0.0,0,0,0.0,0.0,0.022081074649843994,189,366,216,263,283,158
1776766277.2442331,0.0,0,0,0.0,0.0,0.022081074649843994,189,366,216,263,283,158
1776766277.3016047,0.0,0,0,0.0,0.0,0.022081074649843994,189,366,216,263,283,158
1776766277.358675,0.0,0,0,0.0,0.0,0.022081074649843994,189,366,216,263,283,158
1776766277.417073,0.0,0,0,0.0,0.0,0.022081074649843994,189,366,216,263,283,158
1776766277.4699597,0.0,0,0,0.0,0.0,0.022081074649843994,189,366,216,263,283,158
1776766277.526929,0.0,0,0,0.0,0.0,0.022081074649843994,189,366,216,263,283,158
1776766277.5841613,0.0,0,0,0.0,0.0,0.022081074649843994,189,366,216,263,283,158
1776766277.641666,0.0,0,0,0.0,0.0,0.022081074649843994,189,366,216,263,283,158
1776766277.6993551,0.0,0,0,0.0,0.0,0.022081074649843994,189,366,216,263,283,158
1776766277.7530339,0.0,0,0,0.0,0.0,0.022081074649843994,189,366,216,263,283,158
1776766277.8095357,0.0,0,0,0.0,0.0,0.022081074649843994,189,366,216,263,283,158
1776766277.8668478,0.0,0,0,0.0,0.0,0.022081074649843994,189,366,216,263,283,158
1776766277.9250576,0.0,0,0,0.0,0.0,0.022081074649843994,189,366,216,263,283,158
1776766277.9816864,0.0,0,0,0.0,0.0,0.022081074649843994,189,366,216,263,283,158
1776766278.0358565,0.0,0,0,0.0,0.0,0.022081074649843994,189,366,216,263,283,158
1776766278.0921996,0.0,0,0,0.0,0.0,0.022081074649843994,189,366,216,263,283,158
1776766278.149414,0.0,0,0,0.0,0.0,0.022081074649843994,189,366,216,263,283,158
1776766278.2066913,0.0,0,0,0.0,0.0,0.022081074649843994,189,366,216,263,283,158
1776766278.264103,0.0,0,0,0.0,0.0,0.022081074649843994,189,366,216,263,283,158
1776766278.3177989,0.0,0,0,0.0,0.0,0.022081074649843994,189,366,216,263,283,158
1776766278.3748474,0.0,0,0,0.0,0.0,0.022081074649843994,189,366,216,263,283,158
1776766278.4317677,0.0,0,0,0.0,0.0,0.022081074649843994,189,366,216,263,283,158
1776766278.489511,0.0,0,0,0.0,0.0,0.022081074649843994,189,366,216,263,283,158
1776766278.5472684,0.0,0,0,0.0,0.0,0.022081074649843994,189,366,216,263,283,158
1776766278.600197,0.0,0,0,0.0,0.0,0.022081074649843994,189,366,216,263,283,158
1776766278.656759,0.0,0,0,0.0,0.0,0.022081074649843994,189,366,216,263,283,158
1776766278.7146752,0.0,0,0,0.0,0.0,0.022081074649843994,189,366,216,263,283,158
1776766278.771754,0.0,0,0,0.0,0.0,0.022081074649843994,189,366,216,263,283,158
1776766278.8295171,0.0,0,0,0.0,0.0,0.022081074649843994,189,366,216,263,283,158
1776766278.883021,0.0,0,0,0.0,0.0,0.022081074649843994,189,366,216,263,283,158
1776766278.939936,0.0,0,0,0.0,0.0,0.022081074649843994,189,366,216,263,283,158
1776766278.9967225,0.0,0,0,0.0,0.0,0.022081074649843994,189,366,216,263,283,158
1776766279.0544896,0.0,0,0,0.0,0.0,0.022081074649843994,189,366,216,263,283,158
1776766279.1123283,0.0,0,0,0.0,0.0,0.022081074649843994,189,366,216,263,283,158
1776766279.1650515,0.0,0,0,0.0,0.0,0.022081074649843994,189,366,216,263,283,158
1776766279.223389,0.0,0,0,0.0,0.0,0.022081074649843994,189,366,216,263,283,158
1776766279.279948,0.0,0,0,0.0,0.0,0.022081074649843994,189,366,216,263,283,158
1776766279.336597,0.0,0,0,0.0,0.0,0.022081074649843994,189,366,216,263,283,158
1776766279.389973,0.0,0,0,0.0,0.0,0.022081074649843994,189,366,216,263,283,158
1776766279.4473145,0.0,0,0,0.0,0.0,0.022081074649843994,189,366,216,263,283,158
1776766279.504807,0.0,0,0,0.0,0.0,0.022081074649843994,189,366,216,263,283,158
1776766279.5624475,0.0,0,0,0.0,0.0,0.022081074649843994,189,366,216,263,283,158
1776766279.619391,0.0,0,0,0.0,0.0,0.022081074649843994,189,366,216,263,283,158
1776766279.6729128,0.26599999999999996,0,0,0.0,0.0,0.022081074649843994,189,366,216,263,283,158
1776766279.73008,0.5838,0,0,0.0,0.0,0.022081074649843994,189,366,216,263,283,158
1776766279.7878418,0.9661399999999999,0,0,0.0,0.0,0.022081074649843994,189,366,216,263,283,158
1776766279.8452358,1.4378419999999998,0,0,0.0,0.0,0.022081074649843994,189,366,216,263,283,158
1776766279.9018967,1.9503525999999998,0,0,0.0,0.0,0.022081074649843994,189,366,216,263,283,158
1776766279.959873,2.5521057799999998,0,0,0.0,0.0,0.022081074649843994,189,366,216,263,283,158
1776766280.0133302,3.180631734,0,0,0.0,0.0,0.022081074649843994,189,366,216,263,283,158
1776766280.0709033,3.8731895201999995,0,0,0.0,0.0,0.022081074649843994,189,366,216,263,283,158
1776766280.1278872,4.675956856059999,0,0,0.0,0.0,0.022081074649843994,189,366,216,263,283,158
1776766280.1852562,5.532787056818,0,0,0.0,0.0,0.022081074649843994,189,366,216,263,283,158
1776766280.242211,6.4828361170454,0,0,0.0,0.0,0.022081074649843994,189,366,216,263,283,158
1776766280.2954094,7.46085083511362,0,0,0.0,0.0,0.022081074649843994,189,366,216,263,283,158
1776766280.353464,8.496255250534086,0,0,0.0,0.0,0.022081074649843994,189,366,216,263,283,158
1776766280.4102993,9.590876575160225,0,0,0.0,0.0,0.022081074649843994,189,366,216,263,283,158
1776766280.4676976,10.773262972548066,0,0,0.0,0.0,0.022081074649843994,189,366,216,263,283,158
1776766280.5273142,12.03097889176442,0,0,0.0,0.0,0.022081074649843994,189,366,216,263,283,158
1776766280.5822306,13.339293667529326,0,0,0.0,0.0,0.022081074649843994,189,366,216,263,283,158
1776766280.6355863,14.683788100258795,0,0,0.0,0.0,0.022081074649843994,189,366,216,263,283,158
1776766280.6930537,16.03913643007764,0,0,0.0,0.0,0.022081074649843994,189,366,216,263,283,158
1776766280.7502406,17.432740929023293,0,0,0.0,0.0,0.022081074649843994,189,366,216,263,283,158
1776766280.8081238,18.830822278706986,0,0,0.0,0.0,0.022081074649843994,189,366,216,263,283,158
1776766280.8650339,19.649246683612095,0,0,0.0,0.0,0.022081074649843994,189,366,216,263,283,158
1776766280.9219637,19.89477400508363,0,0,0.0,0.0,0.022081074649843994,189,366,216,263,283,158
1776766280.9758542,19.96843220152509,0,0,0.0,0.0,0.022081074649843994,189,366,216,263,283,158
1776766281.03325,19.990529660457526,0,0,0.0,0.0,0.022081074649843994,189,366,216,263,283,158
1776766281.090567,19.997158898137258,0,0,0.0,0.0,0.022081074649843994,189,366,216,263,283,158
1776766281.1476378,19.99914766944118,0,0,0.0,0.0,0.022081074649843994,189,366,216,263,283,158
1776766281.204742,19.999744300832354,0,0,0.0,0.0,0.022081074649843994,189,366,216,263,283,158
1776766281.2591317,19.999923290249704,0,0,0.0,0.0,0.022081074649843994,189,366,216,263,283,158
1776766281.3151796,19.99997698707491,0,0,0.0,0.0,0.022081074649843994,189,366,216,263,283,158
1776766281.3725455,19.999993096122473,0,0,0.0,0.0,0.022081074649843994,189,366,216,263,283,158
1776766281.430467,19.99999792883674,0,0,0.0,0.0,0.022081074649843994,189,366,216,263,283,158
1776766281.4878733,19.999999378651022,0,0,0.0,0.0,0.022081074649843994,189,366,216,263,283,158
1776766281.5459101,19.999999813595306,0,0,0.0,0.0,0.022081074649843994,189,366,216,263,283,158
1776766281.598118,19.999999944078592,0,0,0.0,0.0,0.022081074649843994,189,366,216,263,283,158
1776766281.6553786,19.999999983223578,0,0,0.0,0.0,0.022081074649843994,189,366,216,263,283,158
1776766281.7122614,19.999999994967073,0,0,0.0,0.0,0.022081074649843994,189,366,216,263,283,158
1776766281.7700212,19.99999999849012,0,0,0.0,0.0,0.022081074649843994,189,366,216,263,283,158
1776766281.8269289,19.999999999547036,0,0,0.0,0.0,0.022081074649843994,189,366,216,263,283,158
1776766281.8804386,19.99999999986411,0,0,0.0,0.0,0.022081074649843994,189,366,216,263,283,158
1776766281.9391341,19.999999999959233,0,0,0.0,0.0,0.02165346037825467,189,366,216,263,282,158
1776766281.9954705,19.99999999998777,0,0,0.0,0.0,0.02165346037825467,189,366,216,263,282,158
1776766282.0529099,19.99999999999633,0,0,0.0,0.0,0.02165346037825467,189,366,216,263,282,158
1776766282.110225,19.9999999999989,0,0,0.0,0.0,0.02165346037825467,189,366,216,263,282,158
1776766282.1637094,19.99999999999967,0,0,0.0,0.0,0.02165346037825467,189,366,216,263,282,158
1776766282.2211812,19.9999999999999,0,0,0.0,0.0,0.02165346037825467,189,366,216,263,282,158
1776766282.2779448,19.99999999999997,0,0,0.0,0.0,0.02165346037825467,189,366,216,263,282,158
1776766282.3351543,19.999999999999993,0,0,0.0,0.0,0.02165346037825467,189,366,216,263,282,158
1776766282.3921175,19.999999999999996,0,0,0.0,0.0,0.02165346037825467,189,366,216,263,282,158
1776766282.4500952,20.0,0,0,0.0,0.0,0.02165346037825467,189,366,216,263,282,158
1776766282.5043986,20.0,0,0,0.0,0.0,0.02165346037825467,189,366,216,263,282,158
1776766282.5610878,20.0,0,0,0.0,0.0,0.02165346037825467,189,366,216,263,282,158
1776766282.6196513,20.0,0,0,0.0,0.0,0.02165346037825467,189,366,216,263,282,158
1776766282.6749105,20.0,0,0,0.0,0.0,0.02165346037825467,189,366,216,263,282,158
1776766282.7321417,20.0,0,0,0.0,0.0,0.02165346037825467,189,366,216,263,282,158
1776766282.7860508,20.0,0,0,0.0,0.0,0.02165346037825467,189,366,216,263,282,158
1776766282.8433967,20.0,0,0,0.0,0.0,0.02165346037825467,189,366,216,263,282,158
1776766282.901031,20.0,0,0,0.0,0.0,0.02165346037825467,189,366,216,263,282,158
1776766282.9580896,20.0,0,0,0.0,0.0,0.02165346037825467,189,366,216,263,282,158
1776766283.0155454,20.0,0,0,0.0,0.0,0.02165346037825467,189,366,216,263,282,158
1776766283.0722718,20.0,0,0,0.0,0.0,0.02165346037825467,189,366,216,263,282,158
1776766283.1258762,20.0,0,0,0.0,0.0,0.02165346037825467,189,366,216,263,282,158
1776766283.1832895,20.0,0,0,0.0,0.0,0.02165346037825467,189,366,216,263,282,158
1776766283.2410145,20.0,0,0,0.0,0.0,0.02165346037825467,189,366,216,263,282,158
1776766283.29812,20.0,0,0,0.0,0.0,0.02165346037825467,189,366,216,263,282,158
1776766283.3547244,20.0,0,0,0.0,0.0,0.02165346037825467,189,366,216,263,282,158
1776766283.4085393,20.0,0,0,0.0,0.0,0.02165346037825467,189,366,216,263,282,158
1776766283.4658427,20.0,0,0,0.0,0.0,0.02165346037825467,189,366,216,263,282,158
1776766283.5231936,20.0,0,0,0.0,0.0,0.02165346037825467,189,366,216,263,282,158
1776766283.5808015,20.0,0,0,0.0,0.0,0.02165346037825467,189,366,216,263,282,158
1776766283.637812,20.0,0,0,0.0,0.0,0.02165346037825467,189,366,216,263,282,158
1776766283.6908703,20.0,0,0,0.0,0.0,0.02165346037825467,189,366,216,263,282,158
1776766283.7486,20.0,0,0,0.0,0.0,0.02165346037825467,189,366,216,263,282,158
1776766283.8059149,20.0,0,0,0.0,0.0,0.02165346037825467,189,366,216,263,282,158
1776766283.8635046,20.0,0,0,0.0,0.0,0.02165346037825467,189,366,216,263,282,158
1776766283.9197857,20.0,0,0,0.0,0.0,0.02165346037825467,189,366,216,263,282,158
1776766283.9772573,20.0,0,0,0.0,0.0,0.02165346037825467,189,366,216,263,282,158
1776766284.031078,20.0,0,0,0.0,0.0,0.02165346037825467,189,366,216,263,282,158
1776766284.0879302,20.0,0,0,0.0,0.0,0.02165346037825467,189,366,216,263,282,158
1776766284.1456842,20.0,0,0,0.0,0.0,0.02165346037825467,189,366,216,263,282,158
1776766284.202638,20.0,0,0,0.0,0.0,0.02165346037825467,189,366,216,263,282,158
1776766284.2601593,20.0,0,0,0.0,0.0,0.02165346037825467,189,366,216,263,282,158
1776766284.3135433,20.0,0,0,0.0,0.0,0.02165346037825467,189,366,216,263,282,158
1776766284.371415,20.0,0,0,0.0,0.0,0.02165346037825467,189,366,216,263,282,158
1776766284.4287777,20.0,0,0,0.0,0.0,0.02165346037825467,189,366,216,263,282,158
1776766284.4860988,20.0,0,0,0.0,0.0,0.02165346037825467,189,366,216,263,282,158
1776766284.5432718,20.0,0,0,0.0,0.0,0.02165346037825467,189,366,216,263,282,158
1776766284.5963242,20.0,0,0,0.0,0.0,0.02165346037825467,189,366,216,263,282,158
1776766284.6539257,20.0,0,0,0.0,0.0,0.02165346037825467,189,366,216,263,282,158
1776766284.711636,20.0,0,0,0.0,0.0,0.02165346037825467,189,366,216,263,282,158
1776766284.7682958,20.0,0,0,0.0,0.0,0.02165346037825467,189,366,216,263,282,158
1776766284.8253794,20.0,0,0,0.0,0.0,0.02165346037825467,189,366,216,263,282,158
1776766284.8832185,20.0,0,0,0.0,0.0,0.02165346037825467,189,366,216,263,282,158
1776766284.93617,20.0,0,0,0.0,0.0,0.02165346037825467,189,366,216,263,282,158
1776766284.9938216,20.0,0,0,0.0,0.0,0.02165346037825467,189,366,216,263,282,158
1776766285.0508704,20.0,0,0,0.0,0.0,0.02165346037825467,189,366,216,263,282,158
1776766285.1082897,20.0,0,0,0.0,0.0,0.02165346037825467,189,366,216,263,282,158
1776766285.1658733,20.0,0,0,0.0,0.0,0.02165346037825467,189,366,216,263,282,158
1776766285.2188795,20.0,0,0,0.0,0.0,0.02165346037825467,189,366,216,263,282,158
1776766285.2761853,20.0,0,0,0.0,0.0,0.02165346037825467,189,366,216,263,282,158
1776766285.3332055,20.0,0,0,0.0,0.0,0.02165346037825467,189,366,216,263,282,158
1776766285.3911629,20.0,0,0,0.0,0.0,0.02165346037825467,189,366,216,263,282,158
1776766285.4477375,20.0,0,0,0.0,0.0,0.02165346037825467,189,366,216,263,282,158
1776766285.5285153,20.0,0,0,0.0,0.0,0.02165346037825467,189,366,216,263,282,158
1776766285.6063135,20.0,0,0,0.0,0.0,0.02165346037825467,189,366,216,263,282,158
1776766285.6703188,20.0,0,0,0.0,0.0,0.02165346037825467,189,366,216,263,282,158
1776766285.7354345,20.0,0,0,0.0,0.0,0.02165346037825467,189,366,216,263,282,158
1776766285.8176649,20.0,0,0,0.0,0.0,0.02165346037825467,189,366,216,263,282,158
1776766285.8965502,20.0,0,0,0.0,0.0,0.02165346037825467,189,366,216,263,282,158
1776766285.9776876,20.0,0,0,0.0,0.0,0.02165346037825467,189,366,216,263,282,158
1776766286.055367,20.0,0,0,0.0,0.0,0.02165346037825467,189,366,216,263,282,158
1776766286.12106,20.0,0,0,0.0,0.0,0.02165346037825467,189,366,216,263,282,158
1776766286.192074,20.0,0,0,0.0,0.0,0.02165346037825467,189,366,216,263,282,158
1776766286.26204,20.0,0,0,0.0,0.0,0.02165346037825467,189,366,216,263,282,158
1776766286.3429263,20.0,0,0,0.0,0.0,0.02165346037825467,189,366,216,263,282,158
1776766286.4261189,20.0,0,0,0.0,0.0,0.02165346037825467,189,366,216,263,282,158
1776766286.5033488,20.0,0,0,0.0,0.0,0.02165346037825467,189,366,216,263,282,158
1776766286.5851378,20.0,0,0,0.0,0.0,0.02165346037825467,189,366,216,263,282,158
1776766286.6684608,20.0,0,0,0.0,0.0,0.02165346037825467,189,366,216,263,282,158
1776766286.7633107,20.0,0,0,0.0,0.0,0.02165346037825467,189,366,216,263,282,158
1776766286.857499,20.0,0,0,0.0,0.0,0.02165346037825467,189,366,216,263,282,158
1776766286.93744,20.0,0,0,0.0,0.0,0.02165346037825467,189,366,216,263,282,158
1776766287.0176892,20.0,0,0,0.0,0.0,0.02165346037825467,189,366,216,263,282,158
1776766287.0970745,20.0,0,0,0.0,0.0,0.02165346037825467,189,366,216,263,282,158
1776766287.1782172,20.0,0,0,0.0,0.0,0.02165346037825467,189,366,216,263,282,158
1776766287.2574017,20.0,0,0,0.0,0.0,0.02165346037825467,189,366,216,263,282,158
1776766287.368671,20.0,0,0,0.0,0.0,0.02165346037825467,189,366,216,263,282,158
1776766287.4489446,20.0,0,0,0.0,0.0,0.02165346037825467,189,366,216,263,282,158
1776766287.527928,20.0,0,0,0.0,0.0,0.02165346037825467,189,366,216,263,282,158
1776766287.6096435,20.0,0,0,0.0,0.0,0.02165346037825467,189,366,216,263,282,158
1776766287.688309,20.0,0,0,0.0,0.0,0.02165346037825467,189,366,216,263,282,158
1776766287.7686934,20.0,0,0,0.0,0.0,0.02165346037825467,189,366,216,263,282,158
1776766287.8649821,20.0,0,0,0.0,0.0,0.02165346037825467,189,366,216,263,282,158
1776766287.9459994,20.0,0,0,0.0,0.0,0.02165346037825467,189,366,216,263,282,158
1776766288.0257654,20.0,0,0,0.0,0.0,0.02165346037825467,189,366,216,263,282,158
1776766288.1047606,20.0,0,0,0.0,0.0,0.02165346037825467,189,366,216,263,282,158
1776766288.1857944,20.0,0,0,0.0,0.0,0.02165346037825467,189,366,216,263,282,158
1776766288.267854,20.0,0,0,0.0,0.0,0.02165346037825467,189,366,216,263,282,158
1776766288.3633847,20.0,0,0,0.0,0.0,0.02165346037825467,189,366,216,263,282,158
1776766288.4561331,20.0,0,0,0.0,0.0,0.02165346037825467,189,366,216,263,282,158
1776766288.5352736,20.0,0,0,0.0,0.0,0.02165346037825467,189,366,216,263,282,158
1776766288.6012657,20.0,0,0,0.0,0.0,0.02165346037825467,189,366,216,263,282,158
1776766288.6793082,20.0,0,0,0.0,0.0,0.021274648637850006,189,366,216,263,282,157
1776766288.761278,20.0,0,0,0.0,0.0,0.021274648637850006,189,366,216,263,282,157
1776766288.8578706,20.0,0,0,0.0,0.0,0.021274648637850006,189,366,216,263,282,157
1776766288.939002,20.0,0,0,0.0,0.0,0.021274648637850006,189,366,216,263,282,157
1776766289.019837,20.0,0,0,0.0,0.0,0.021274648637850006,189,366,216,263,282,157
1776766289.0962894,20.0,0,0,0.0,0.0,0.021274648637850006,189,366,216,263,282,157
1776766289.1781998,20.0,0,0,0.0,0.0,0.021274648637850006,189,366,216,263,282,157
1776766289.258499,20.0,0,0,0.0,0.0,0.021274648637850006,189,366,216,263,282,157
1776766289.3385131,20.0,0,0,0.0,0.0,0.021274648637850006,189,366,216,263,282,157
1776766289.4158971,20.0,0,0,0.0,0.0,0.021274648637850006,189,366,216,263,282,157
1776766289.4964747,20.0,0,0,0.0,0.0,0.021728735757777614,189,366,216,262,282,157
1776766289.5763638,20.0,0,0,0.0,0.0,0.021728735757777614,189,366,216,262,282,157
1776766289.6575718,20.0,0,0,0.0,0.0,0.021728735757777614,189,366,216,262,282,157
1776766289.738999,20.0,0,0,0.0,0.0,0.021728735757777614,189,366,216,262,282,157
1776766289.8167348,20.0,0,0,0.0,0.0,0.021728735757777614,189,366,216,262,282,157
1776766289.8966715,20.0,0,0,0.0,0.0,0.021728735757777614,189,366,216,262,282,157
1776766289.9770284,20.0,0,0,0.0,0.0,0.021728735757777614,189,366,216,262,282,157
1776766290.0607686,20.0,0,0,0.0,0.0,0.021728735757777614,189,366,216,262,282,157
1776766290.1394491,20.0,0,0,0.0,0.0,0.021728735757777614,189,366,216,262,282,157
1776766290.216418,20.0,0,0,0.0,0.0,0.021728735757777614,189,366,216,262,282,157
1776766290.29968,20.0,0,0,0.0,0.0,0.021728735757777614,189,366,216,262,282,157
1776766290.391853,20.0,0,0,0.0,0.0,0.021728735757777614,189,366,216,262,282,157
1776766290.457139,20.0,0,0,0.0,0.0,0.021728735757777614,189,366,216,262,282,157
1776766290.5392628,20.0,0,0,0.0,0.0,0.021728735757777614,189,366,216,262,282,157
1776766290.6182268,20.0,0,0,0.0,0.0,0.021728735757777614,189,366,216,262,282,157
1776766290.6984236,20.0,0,0,0.0,0.0,0.021728735757777614,189,366,216,262,282,157
1776766290.775184,20.0,0,0,0.0,0.0,0.021728735757777614,189,366,216,262,282,157
1776766290.856198,20.0,0,0,0.0,0.0,0.021728735757777614,189,366,216,262,282,157
1776766290.9359765,20.0,0,0,0.0,0.0,0.021728735757777614,189,366,216,262,282,157
1776766291.0167809,20.0,0,0,0.0,0.0,0.021728735757777614,189,366,216,262,282,157
1776766291.0981567,20.0,0,0,0.0,0.0,0.021728735757777614,189,366,216,262,282,157
1776766291.1774683,20.0,0,0,0.0,0.0,0.021728735757777614,189,366,216,262,282,157
1776766291.2769313,20.0,0,0,0.0,0.0,0.021728735757777614,189,366,216,262,282,157
1776766291.3528793,20.0,0,-2,2.0,0.24330900243309,0.021351279238195357,189,366,216,262,282,156
1776766291.4343505,20.0,0,-2,2.0,0.24330900243309,0.021351279238195357,189,366,216,262,282,156
1776766291.512085,20.0,0,-2,2.0,0.24330900243309,0.021351279238195357,189,366,216,262,282,156
1776766291.5957975,20.0,0,-2,2.0,0.24330900243309,0.021351279238195357,189,366,216,262,282,156
1776766291.6888046,20.0,0,-2,2.0,0.24330900243309,0.021351279238195357,189,366,216,262,282,156
1776766291.7722502,20.0,0,-2,2.0,0.24330900243309,0.021351279238195357,189,366,216,262,282,156
1776766291.8505435,20.0,0,-2,2.0,0.24330900243309,0.021351279238195357,189,366,216,262,282,156
1776766291.9280977,20.0,0,-2,2.0,0.24330900243309,0.021351279238195357,189,366,216,262,282,156
1776766291.993816,20.0,0,-2,2.0,0.24330900243309,0.021351279238195357,189,366,216,262,282,156
1776766292.0745525,20.0,0,-2,2.0,0.24330900243309,0.021351279238195357,189,366,216,262,282,156
1776766292.153309,20.0,0,-2,2.0,0.24330900243309,0.02180035042438261,189,366,216,261,282,156
1776766292.232801,20.0,0,-2,2.0,0.24330900243309,0.02180035042438261,189,366,216,261,282,156
1776766292.3130999,20.0,0,-2,2.0,0.24330900243309,0.02180035042438261,189,366,216,261,282,156
1776766292.3929086,20.0,0,-2,2.0,0.24330900243309,0.02180035042438261,189,366,216,261,282,156
1776766292.4734898,20.0,0,-2,2.0,0.24330900243309,0.02180035042438261,189,366,216,261,282,156
1776766292.553299,20.0,0,-2,2.0,0.24330900243309,0.02180035042438261,189,366,216,261,282,156
1776766292.633214,20.0,0,-2,2.0,0.24330900243309,0.02180035042438261,189,366,216,261,282,156
1776766292.7122316,20.0,0,-2,2.0,0.24330900243309,0.02180035042438261,189,366,216,261,282,156
1776766292.7926776,20.0,0,-2,2.0,0.24330900243309,0.02180035042438261,189,366,216,261,282,156
1776766292.8731918,20.0,0,-2,2.0,0.24330900243309,0.02180035042438261,189,366,216,261,282,156
1776766292.9679637,20.0,0,-2,2.0,0.24330900243309,0.02180035042438261,189,366,216,261,282,156
1776766293.047176,20.0,0,-2,2.0,0.24330900243309,0.02180035042438261,189,366,216,261,282,156
1776766293.127819,20.0,0,-2,2.0,0.24330900243309,0.02180035042438261,189,366,216,261,282,156
1776766293.2084768,20.0,0,-2,2.0,0.24330900243309,0.02180035042438261,189,366,216,261,282,156
1776766293.2889686,20.0,0,-2,2.0,0.24330900243309,0.02180035042438261,189,366,216,261,282,156
1776766293.3726583,20.0,0,-2,2.0,0.24330900243309,0.02180035042438261,189,366,216,261,282,156
1776766293.4642928,20.0,0,-2,2.0,0.24330900243309,0.02180035042438261,189,366,216,261,282,156
1776766293.5441985,20.0,0,-2,2.0,0.24330900243309,0.02180035042438261,189,366,216,261,282,156
1776766293.62559,20.0,0,-2,2.0,0.24330900243309,0.02180035042438261,189,366,216,261,282,156
1776766293.7061005,20.0,0,-2,2.0,0.24330900243309,0.02180035042438261,189,366,216,261,282,156
1776766293.7843544,20.0,0,-2,2.0,0.24330900243309,0.020722599700407074,189,366,217,261,282,156
1776766293.8665316,20.0,0,-2,2.0,0.24330900243309,0.020722599700407074,189,366,217,261,282,156
1776766293.9460156,20.0,0,-2,2.0,0.24330900243309,0.020722599700407074,189,366,217,261,282,156
1776766294.0245261,20.0,0,-2,2.0,0.24330900243309,0.020722599700407074,189,366,217,261,282,156
1776766294.108259,20.0,0,-2,2.0,0.24330900243309,0.020722599700407074,189,366,217,261,282,156
1776766294.1854186,20.0,0,-2,2.0,0.24330900243309,0.020722599700407074,189,366,217,261,282,156
1776766294.2658665,20.0,0,-2,2.0,0.24330900243309,0.020722599700407074,189,366,217,261,282,156
1776766294.3453484,20.0,0,-2,2.0,0.24330900243309,0.020722599700407074,189,366,217,261,282,156
1776766294.4248517,20.0,0,-2,2.0,0.24330900243309,0.020722599700407074,189,366,217,261,282,156
1776766294.505859,20.0,0,-3,3.0,0.36496350364963503,0.020351328782968848,189,366,217,261,282,155
1776766294.6177008,20.0,0,-3,3.0,0.36496350364963503,0.020351328782968848,189,366,217,261,282,155
1776766294.6991205,20.0,0,-3,3.0,0.36496350364963503,0.020351328782968848,189,366,217,261,282,155
1776766294.7780137,20.0,0,-3,3.0,0.36496350364963503,0.020351328782968848,189,366,217,261,282,155
1776766294.8569918,20.0,0,-3,3.0,0.36496350364963503,0.020351328782968848,189,366,217,261,282,155
1776766294.9361053,20.0,0,-3,3.0,0.36496350364963503,0.020351328782968848,189,366,217,261,282,155
1776766295.0006702,20.0,0,-3,3.0,0.36496350364963503,0.020351328782968848,189,366,217,261,282,155
1776766295.0795236,20.0,0,-3,3.0,0.36496350364963503,0.020351328782968848,189,366,217,261,282,155
1776766295.1621337,20.0,0,-3,3.0,0.36496350364963503,0.020268202830320547,189,365,217,261,282,155
1776766295.23923,20.0,0,-3,3.0,0.36496350364963503,0.020268202830320547,189,365,217,261,282,155
1776766295.3185015,20.0,0,-3,3.0,0.36496350364963503,0.020268202830320547,189,365,217,261,282,155
1776766295.3841634,20.0,0,-3,3.0,0.36496350364963503,0.020268202830320547,189,365,217,261,282,155
1776766295.4629955,20.0,0,-3,3.0,0.36496350364963503,0.020268202830320547,189,365,217,261,282,155
1776766295.5306692,20.0,0,-3,3.0,0.36496350364963503,0.020268202830320547,189,365,217,261,282,155
1776766295.6105318,20.0,0,-3,3.0,0.36496350364963503,0.020268202830320547,189,365,217,261,282,155
1776766295.688582,20.0,0,-3,3.0,0.36496350364963503,0.020722599700407074,189,365,217,260,282,155
1776766295.7683182,20.0,0,-3,3.0,0.36496350364963503,0.020722599700407074,189,365,217,260,282,155
1776766295.8494947,20.0,0,-3,3.0,0.36496350364963503,0.020722599700407074,189,365,217,260,282,155
1776766295.928633,20.0,0,-3,3.0,0.36496350364963503,0.020722599700407074,189,365,217,260,282,155
1776766296.008317,20.0,0,-3,3.0,0.36496350364963503,0.020722599700407074,189,365,217,260,282,155
1776766296.0896275,20.0,0,-3,3.0,0.36496350364963503,0.020722599700407074,189,365,217,260,282,155
1776766296.162084,20.0,0,-3,3.0,0.36496350364963503,0.020722599700407074,189,365,217,260,282,155
1776766296.233842,20.0,0,-3,3.0,0.36496350364963503,0.020722599700407074,189,365,217,260,282,155
1776766296.313785,20.0,0,-3,3.0,0.36496350364963503,0.020722599700407074,189,365,217,260,282,155
1776766296.3935318,20.0,0,-3,3.0,0.36496350364963503,0.020722599700407074,189,365,217,260,282,155
1776766296.4736972,20.0,0,-3,3.0,0.36496350364963503,0.020722599700407074,189,365,217,260,282,155
1776766296.5528452,20.0,0,-3,3.0,0.36496350364963503,0.020722599700407074,189,365,217,260,282,155
1776766296.634583,20.0,0,-3,3.0,0.36496350364963503,0.020722599700407074,189,365,217,260,282,155
1776766296.7144516,20.0,0,-3,3.0,0.36496350364963503,0.020722599700407074,189,365,217,260,282,155
1776766296.7952838,20.0,0,-3,3.0,0.36496350364963503,0.020722599700407074,189,365,217,260,282,155
1776766296.873326,20.0,0,-3,3.0,0.36496350364963503,0.020722599700407074,189,365,217,260,282,155
1776766296.9518778,20.0,0,-3,3.0,0.36496350364963503,0.020722599700407074,189,365,217,260,282,155
1776766297.0339386,20.0,0,-3,3.0,0.36496350364963503,0.020722599700407074,189,365,217,260,282,155
1776766297.1161082,20.0,0,-3,3.0,0.36496350364963503,0.020722599700407074,189,365,217,260,282,155
1776766297.2102103,20.0,0,-3,3.0,0.36496350364963503,0.020722599700407074,189,365,217,260,282,155
1776766297.290966,20.0,0,-3,3.0,0.36496350364963503,0.020722599700407074,189,365,217,260,282,155
1776766297.366441,20.0,0,-3,3.0,0.36496350364963503,0.020722599700407074,189,365,217,260,282,155
1776766297.449803,20.0,0,-4,4.0,0.48661800486618,0.020351328782968848,189,365,217,260,282,154
1776766297.5437663,20.0,0,-4,4.0,0.48661800486618,0.020351328782968848,189,365,217,260,282,154
1776766297.6216412,20.0,0,-4,4.0,0.48661800486618,0.020351328782968848,189,365,217,260,282,154
1776766297.7051108,20.0,0,-4,4.0,0.48661800486618,0.020351328782968848,189,365,217,260,282,154
1776766297.7825623,20.0,0,-4,4.0,0.48661800486618,0.020351328782968848,189,365,217,260,282,154
1776766297.8668475,20.0,0,-4,4.0,0.48661800486618,0.020351328782968848,189,365,217,260,282,154
1776766297.9462607,20.0,0,-4,4.0,0.48661800486618,0.020780840469151667,189,365,217,260,283,154
1776766298.0574186,20.0,0,-4,4.0,0.48661800486618,0.020780840469151667,189,365,217,260,283,154
1776766298.1412723,20.0,0,-4,4.0,0.48661800486618,0.021230466541499925,189,365,217,259,283,154
1776766298.2154484,20.0,0,-4,4.0,0.48661800486618,0.021230466541499925,189,365,217,259,283,154
1776766298.2978804,20.0,0,-4,4.0,0.48661800486618,0.021230466541499925,189,365,217,259,283,154
1776766298.3772154,20.0,0,-4,4.0,0.48661800486618,0.021230466541499925,189,365,217,259,283,154
1776766298.4555523,20.0,0,-4,4.0,0.48661800486618,0.021230466541499925,189,365,217,259,283,154
1776766298.5360723,20.0,0,-4,4.0,0.48661800486618,0.021230466541499925,189,365,217,259,283,154
1776766298.6170304,20.0,0,-4,4.0,0.48661800486618,0.021230466541499925,189,365,217,259,283,154
1776766298.6974587,20.0,0,-4,4.0,0.48661800486618,0.021230466541499925,189,365,217,259,283,154
1776766298.776841,20.0,0,-4,4.0,0.48661800486618,0.021230466541499925,189,365,217,259,283,154
1776766298.8585217,20.0,0,-4,4.0,0.48661800486618,0.021230466541499925,189,365,217,259,283,154
1776766298.9377239,20.0,0,-4,4.0,0.48661800486618,0.021230466541499925,189,365,217,259,283,154
1776766299.0320914,20.0,0,-4,4.0,0.48661800486618,0.021230466541499925,189,365,217,259,283,154
1776766299.1141129,20.0,0,-4,4.0,0.48661800486618,0.021230466541499925,189,365,217,259,283,154
1776766299.2075136,20.0,0,-4,4.0,0.48661800486618,0.021230466541499925,189,365,217,259,283,154
1776766299.271913,20.0,0,-4,4.0,0.48661800486618,0.021230466541499925,189,365,217,259,283,154
1776766299.3531604,20.0,0,-4,4.0,0.48661800486618,0.021230466541499925,189,365,217,259,283,154
1776766299.4357505,20.0,0,-4,4.0,0.48661800486618,0.021230466541499925,189,365,217,259,283,154
1776766299.5304482,20.0,0,-4,4.0,0.48661800486618,0.021230466541499925,189,365,217,259,283,154
1776766299.6090565,20.0,0,-4,4.0,0.48661800486618,0.021230466541499925,189,365,217,259,283,154
1776766299.6885693,20.0,0,-4,4.0,0.48661800486618,0.021230466541499925,189,365,217,259,283,154
1776766299.769121,20.0,0,-4,4.0,0.48661800486618,0.021230466541499925,189,365,217,259,283,154
1776766299.848544,20.0,0,-4,4.0,0.48661800486618,0.021230466541499925,189,365,217,259,283,154
1776766299.9134202,20.0,0,-4,4.0,0.48661800486618,0.021230466541499925,189,365,217,259,283,154
1776766299.9928582,20.0,0,-4,4.0,0.48661800486618,0.021230466541499925,189,365,217,259,283,154
1776766300.0736356,20.0,0,-4,4.0,0.48661800486618,0.021230466541499925,189,365,217,259,283,154
1776766300.1522489,20.0,0,-4,4.0,0.48661800486618,0.021230466541499925,189,365,217,259,283,154
1776766300.2321355,20.0,0,-4,4.0,0.48661800486618,0.021230466541499925,189,365,217,259,283,154
1776766300.3142235,20.0,0,-4,4.0,0.48661800486618,0.021230466541499925,189,365,217,259,283,154
1776766300.394976,20.0,0,-4,4.0,0.48661800486618,0.021230466541499925,189,365,217,259,283,154
1776766300.473887,20.0,0,-4,4.0,0.48661800486618,0.021230466541499925,189,365,217,259,283,154
1776766300.5525498,20.0,0,-4,4.0,0.48661800486618,0.021680350715332728,189,365,217,258,283,154
1776766300.6328967,20.0,0,-4,4.0,0.48661800486618,0.021680350715332728,189,365,217,258,283,154
1776766300.712003,20.0,0,-5,5.0,0.608272506082725,0.021302993151762283,189,365,217,258,283,153
1776766300.7771137,20.0,0,-5,5.0,0.608272506082725,0.021302993151762283,189,365,217,258,283,153
1776766300.8561425,20.0,0,-5,5.0,0.608272506082725,0.021302993151762283,189,365,217,258,283,153
1776766300.9369686,20.0,0,-5,5.0,0.608272506082725,0.021302993151762283,189,365,217,258,283,153
1776766301.0177124,20.0,0,-5,5.0,0.608272506082725,0.021302993151762283,189,365,217,258,283,153
1776766301.0950067,20.0,0,-5,5.0,0.608272506082725,0.021302993151762283,189,365,217,258,283,153
1776766301.1612148,20.0,0,-5,5.0,0.608272506082725,0.021302993151762283,189,365,217,258,283,153
1776766301.241259,20.0,0,-5,5.0,0.608272506082725,0.021302993151762283,189,365,217,258,283,153
1776766301.3204975,20.0,0,-5,5.0,0.608272506082725,0.021302993151762283,189,365,217,258,283,153
1776766301.4033506,20.0,0,-5,5.0,0.608272506082725,0.021302993151762283,189,365,217,258,283,153
1776766301.4812853,20.0,0,-5,5.0,0.608272506082725,0.021302993151762283,189,365,217,258,283,153
1776766301.562211,20.0,0,-5,5.0,0.608272506082725,0.021302993151762283,189,365,217,258,283,153
1776766301.6430945,20.0,0,-5,5.0,0.608272506082725,0.021302993151762283,189,365,217,258,283,153
1776766301.7197306,20.0,0,-5,5.0,0.608272506082725,0.021302993151762283,189,365,217,258,283,153
1776766301.803502,20.0,0,-5,5.0,0.608272506082725,0.021302993151762283,189,365,217,258,283,153
1776766301.9140544,20.0,0,-5,5.0,0.608272506082725,0.021302993151762283,189,365,217,258,283,153
1776766302.0082524,20.0,0,-5,5.0,0.608272506082725,0.021302993151762283,189,365,217,258,283,153
1776766302.0873837,20.0,0,-5,5.0,0.608272506082725,0.021302993151762283,189,365,217,258,283,153
1776766302.167797,20.0,0,-5,5.0,0.608272506082725,0.021302993151762283,189,365,217,258,283,153
1776766302.2501633,20.0,0,-5,5.0,0.608272506082725,0.021302993151762283,189,365,217,258,283,153
1776766302.3446581,20.0,0,-5,5.0,0.608272506082725,0.021302993151762283,189,365,217,258,283,153
1776766302.425235,20.0,0,-5,5.0,0.608272506082725,0.021302993151762283,189,365,217,258,283,153
1776766302.50862,20.0,0,-5,5.0,0.608272506082725,0.021302993151762283,189,365,217,258,283,153
1776766302.5859845,20.0,0,-5,5.0,0.608272506082725,0.021302993151762283,189,365,217,258,283,153
1776766302.6646187,20.0,0,-5,5.0,0.608272506082725,0.021302993151762283,189,365,217,258,283,153
1776766302.747328,20.0,0,-5,5.0,0.608272506082725,0.021302993151762283,189,365,217,258,283,153
1776766302.8267908,20.0,0,-5,5.0,0.608272506082725,0.021302993151762283,189,365,217,258,283,153
1776766302.9040263,20.0,0,-5,5.0,0.608272506082725,0.021302993151762283,189,365,217,258,283,153
1776766302.9841845,20.0,0,-5,5.0,0.608272506082725,0.021302993151762283,189,365,217,258,283,153
1776766303.0652845,20.0,0,-5,5.0,0.608272506082725,0.021302993151762283,189,365,217,258,283,153
1776766303.1453016,20.0,0,-5,5.0,0.608272506082725,0.021302993151762283,189,365,217,258,283,153
1776766303.2402625,20.0,0,-5,5.0,0.608272506082725,0.021748074378782737,189,365,217,257,283,153
1776766303.3221211,20.0,0,-5,5.0,0.608272506082725,0.021748074378782737,189,365,217,257,283,153
1776766303.4034998,20.0,0,-5,5.0,0.608272506082725,0.021748074378782737,189,365,217,257,283,153
1776766303.4804077,20.0,0,-6,6.0,0.7299270072992701,0.02137207728177016,189,365,217,257,283,152
1776766303.5604987,20.0,0,-6,6.0,0.7299270072992701,0.02137207728177016,189,365,217,257,283,152
1776766303.6413083,20.0,0,-6,6.0,0.7299270072992701,0.02137207728177016,189,365,217,257,283,152
1776766303.7217703,20.0,0,-6,6.0,0.7299270072992701,0.02137207728177016,189,365,217,257,283,152
1776766303.800681,20.0,0,-6,6.0,0.7299270072992701,0.02137207728177016,189,365,217,257,283,152
1776766303.8797228,20.0,0,-6,6.0,0.7299270072992701,0.02137207728177016,189,365,217,257,283,152
1776766303.9590757,20.0,0,-6,6.0,0.7299270072992701,0.02137207728177016,189,365,217,257,283,152
1776766304.042371,20.0,0,-6,6.0,0.7299270072992701,0.02137207728177016,189,365,217,257,283,152
1776766304.121573,20.0,0,-6,6.0,0.7299270072992701,0.02137207728177016,189,365,217,257,283,152
1776766304.2011714,20.0,0,-6,6.0,0.7299270072992701,0.02137207728177016,189,365,217,257,283,152
1776766304.2818701,20.0,0,-6,6.0,0.7299270072992701,0.02137207728177016,189,365,217,257,283,152
1776766304.3754761,20.0,0,-6,6.0,0.7299270072992701,0.02137207728177016,189,365,217,257,283,152
1776766304.4547226,20.0,0,-6,6.0,0.7299270072992701,0.02137207728177016,189,365,217,257,283,152
1776766304.5355287,20.0,0,-6,6.0,0.7299270072992701,0.02137207728177016,189,365,217,257,283,152
1776766304.616551,20.0,0,-6,6.0,0.7299270072992701,0.02137207728177016,189,365,217,257,283,152
1776766304.6960666,20.0,0,-6,6.0,0.7299270072992701,0.02137207728177016,189,365,217,257,283,152
1776766304.7788436,20.0,0,-6,6.0,0.7299270072992701,0.02137207728177016,189,365,217,257,283,152
1776766304.8742843,20.0,0,-6,6.0,0.7299270072992701,0.02137207728177016,189,365,217,257,283,152
1776766304.955307,20.0,0,-6,6.0,0.7299270072992701,0.02137207728177016,189,365,217,257,283,152
1776766305.0323472,20.0,0,-6,6.0,0.7299270072992701,0.02137207728177016,189,365,217,257,283,152
1776766305.1120903,20.0,0,-6,6.0,0.7299270072992701,0.02137207728177016,189,365,217,257,283,152
1776766305.191982,20.0,0,-6,6.0,0.7299270072992701,0.02137207728177016,189,365,217,257,283,152
1776766305.2744493,20.0,0,-6,6.0,0.7299270072992701,0.02137207728177016,189,365,217,257,283,152
1776766305.351305,20.0,0,-6,6.0,0.7299270072992701,0.02137207728177016,189,365,217,257,283,152
1776766305.4176285,20.0,0,-6,6.0,0.7299270072992701,0.02137207728177016,189,365,217,257,283,152
1776766305.5430882,20.0,0,-6,6.0,0.7299270072992701,0.02137207728177016,189,365,217,257,283,152
1776766305.6076918,20.0,0,-6,6.0,0.7299270072992701,0.02137207728177016,189,365,217,257,283,152
1776766305.6892998,20.0,0,-6,6.0,0.7299270072992701,0.02137207728177016,189,365,217,257,283,152
1776766305.7726772,20.0,0,-6,6.0,0.7299270072992701,0.02137207728177016,189,365,217,257,283,152
1776766305.8486178,20.0,0,-6,6.0,0.7299270072992701,0.02137207728177016,189,365,217,257,283,152
1776766305.9297218,20.0,0,-6,6.0,0.7299270072992701,0.02137207728177016,189,365,217,257,283,152
1776766306.0098739,20.0,0,-6,6.0,0.7299270072992701,0.02137207728177016,189,365,217,257,283,152
1776766306.0911224,20.0,0,-6,6.0,0.7299270072992701,0.02137207728177016,189,365,217,257,283,152
1776766306.1858826,20.0,0,-6,6.0,0.7299270072992701,0.02137207728177016,189,365,217,257,283,152
1776766306.263155,20.0,0,-6,6.0,0.7299270072992701,0.02137207728177016,189,365,217,257,283,152
1776766306.345404,20.0,0,-6,6.0,0.7299270072992701,0.02137207728177016,189,365,217,257,283,152
1776766306.4254904,20.0,0,-6,6.0,0.7299270072992701,0.02137207728177016,189,365,217,257,283,152
1776766306.5207763,20.0,0,-6,6.0,0.7299270072992701,0.02137207728177016,189,365,217,257,283,152
1776766306.5990686,20.0,0,-6,6.0,0.7299270072992701,0.02137207728177016,189,365,217,257,283,152
1776766306.6794684,20.0,0,-6,6.0,0.7299270072992701,0.02137207728177016,189,365,217,257,283,152
1776766306.759083,20.0,0,-6,6.0,0.7299270072992701,0.02137207728177016,189,365,217,257,283,152
1776766306.8414588,20.0,0,-6,6.0,0.7299270072992701,0.02137207728177016,189,365,217,257,283,152
1776766306.921134,20.0,0,-6,6.0,0.7299270072992701,0.02137207728177016,189,365,217,257,283,152
1776766307.0021071,20.0,0,-6,6.0,0.7299270072992701,0.02137207728177016,189,365,217,257,283,152
1776766307.0793898,20.0,0,-6,6.0,0.7299270072992701,0.02137207728177016,189,365,217,257,283,152
1776766307.1450808,20.0,0,-6,6.0,0.7299270072992701,0.02137207728177016,189,365,217,257,283,152
1776766307.224947,20.0,0,-6,6.0,0.7299270072992701,0.02137207728177016,189,365,217,257,283,152
1776766307.3070385,20.0,0,-6,6.0,0.7299270072992701,0.02181246702229892,189,365,217,256,283,152
1776766307.3849626,20.0,0,-7,7.0,0.851581508515815,0.02143783212689896,189,365,217,256,283,151
1776766307.4657283,20.0,0,-7,7.0,0.851581508515815,0.02143783212689896,189,365,217,256,283,151
1776766307.5474923,20.0,0,-7,7.0,0.851581508515815,0.02143783212689896,189,365,217,256,283,151
1776766307.6256769,20.0,0,-7,7.0,0.851581508515815,0.02143783212689896,189,365,217,256,283,151
1776766307.7063212,20.0,0,-7,7.0,0.851581508515815,0.02143783212689896,189,365,217,256,283,151
1776766307.7852008,20.0,0,-7,7.0,0.851581508515815,0.02143783212689896,189,365,217,256,283,151
1776766307.864303,20.0,0,-7,7.0,0.851581508515815,0.02143783212689896,189,365,217,256,283,151
1776766307.9292579,20.0,0,-7,7.0,0.851581508515815,0.02143783212689896,189,365,217,256,283,151
1776766308.010131,20.0,0,-7,7.0,0.851581508515815,0.02143783212689896,189,365,217,256,283,151
1776766308.0882597,20.0,0,-7,7.0,0.851581508515815,0.02143783212689896,189,365,217,256,283,151
1776766308.1537452,20.0,0,-7,7.0,0.851581508515815,0.02143783212689896,189,365,217,256,283,151
1776766308.2314754,20.0,0,-7,7.0,0.851581508515815,0.02143783212689896,189,365,217,256,283,151
1776766308.3124723,20.0,0,-7,7.0,0.851581508515815,0.02143783212689896,189,365,217,256,283,151
1776766308.3781145,20.0,0,-7,7.0,0.851581508515815,0.02143783212689896,189,365,217,256,283,151
1776766308.4570332,20.0,0,-7,7.0,0.851581508515815,0.02143783212689896,189,365,217,256,283,151
1776766308.5378785,20.0,0,-7,7.0,0.851581508515815,0.02143783212689896,189,365,217,256,283,151
1776766308.6157,20.0,0,-7,7.0,0.851581508515815,0.02143783212689896,189,365,217,256,283,151
1776766308.695082,20.0,0,-7,7.0,0.851581508515815,0.02143783212689896,189,365,217,256,283,151
1776766308.8104124,20.0,0,-7,7.0,0.851581508515815,0.02143783212689896,189,365,217,256,283,151
1776766308.88753,20.0,0,-7,7.0,0.851581508515815,0.02143783212689896,189,365,217,256,283,151
1776766308.9657006,20.0,0,-7,7.0,0.851581508515815,0.02143783212689896,189,365,217,256,283,151
1776766309.0324042,20.0,0,-7,7.0,0.851581508515815,0.02143783212689896,189,365,217,256,283,151
1776766309.1082928,20.0,0,-7,7.0,0.851581508515815,0.02143783212689896,189,365,217,256,283,151
1776766309.1918185,20.0,0,-7,7.0,0.851581508515815,0.02143783212689896,189,365,217,256,283,151
1776766309.258106,20.0,0,-7,7.0,0.851581508515815,0.02143783212689896,189,365,217,256,283,151
1776766309.3368819,20.0,0,-7,7.0,0.851581508515815,0.02143783212689896,189,365,217,256,283,151
1776766309.4178803,20.0,0,-7,7.0,0.851581508515815,0.02143783212689896,189,365,217,256,283,151
1776766309.4980638,20.0,0,-7,7.0,0.851581508515815,0.02143783212689896,189,365,217,256,283,151
1776766309.5773444,20.0,0,-7,7.0,0.851581508515815,0.02143783212689896,189,365,217,256,283,151
1776766309.6588964,20.0,0,-7,7.0,0.851581508515815,0.02143783212689896,189,365,217,256,283,151
1776766309.7361932,20.0,0,-7,7.0,0.851581508515815,0.02143783212689896,189,365,217,256,283,151
1776766309.8007662,20.0,0,-7,7.0,0.851581508515815,0.02143783212689896,189,365,217,256,283,151
1776766309.8814273,20.0,0,-7,7.0,0.851581508515815,0.02143783212689896,189,365,217,256,283,151
1776766309.962619,20.0,0,-7,7.0,0.851581508515815,0.02143783212689896,189,365,217,256,283,151
1776766310.0403666,20.0,0,-7,7.0,0.851581508515815,0.020400791203997463,189,365,218,256,283,151
1776766310.1224456,20.0,0,-7,7.0,0.851581508515815,0.020400791203997463,189,365,218,256,283,151
1776766310.2040672,20.0,0,-7,7.0,0.851581508515815,0.020400791203997463,189,365,218,256,283,151
1776766310.2797053,20.0,0,-7,7.0,0.851581508515815,0.020400791203997463,189,365,218,256,283,151
1776766310.3449328,20.0,0,-7,7.0,0.851581508515815,0.020400791203997463,189,365,218,256,283,151
1776766310.427814,20.0,0,-7,7.0,0.851581508515815,0.020400791203997463,189,365,218,256,283,151
1776766310.5056598,20.0,0,-7,7.0,0.851581508515815,0.020400791203997463,189,365,218,256,283,151
1776766310.5850697,20.0,0,-7,7.0,0.851581508515815,0.020400791203997463,189,365,218,256,283,151
1776766310.664725,20.0,0,-7,7.0,0.851581508515815,0.020400791203997463,189,365,218,256,283,151
1776766310.746187,20.0,0,-7,7.0,0.851581508515815,0.020400791203997463,189,365,218,256,283,151
1776766310.8271735,20.0,0,-7,7.0,0.851581508515815,0.020400791203997463,189,365,218,256,283,151
1776766310.912694,20.0,0,-7,7.0,0.851581508515815,0.020400791203997463,189,365,218,256,283,151
1776766310.985538,20.0,0,-8,8.0,0.97323600973236,0.020037149667522864,189,365,218,256,283,150
1776766311.0656168,20.0,0,-8,8.0,0.97323600973236,0.020037149667522864,189,365,218,256,283,150
1776766311.1436281,20.0,0,-8,8.0,0.97323600973236,0.020472651182549456,189,365,218,255,283,150
1776766311.223869,20.0,0,-8,8.0,0.97323600973236,0.020472651182549456,189,365,218,255,283,150
1776766311.304242,20.0,0,-8,8.0,0.97323600973236,0.020472651182549456,189,365,218,255,283,150
1776766311.38601,20.0,0,-8,8.0,0.97323600973236,0.020472651182549456,189,365,218,255,283,150
1776766311.4655654,20.0,0,-8,8.0,0.97323600973236,0.020472651182549456,189,365,218,255,283,150
1776766311.5465088,20.0,0,-8,8.0,0.97323600973236,0.020472651182549456,189,365,218,255,283,150
1776766311.6281705,20.0,0,-8,8.0,0.97323600973236,0.020472651182549456,189,365,218,255,283,150
1776766311.7039182,20.0,0,-8,8.0,0.97323600973236,0.020472651182549456,189,365,218,255,283,150
1776766311.7842593,20.0,0,-8,8.0,0.97323600973236,0.020472651182549456,189,365,218,255,283,150
1776766311.855086,20.0,0,-8,8.0,0.97323600973236,0.020472651182549456,189,365,218,255,283,150
1776766311.9271522,20.0,0,-8,8.0,0.97323600973236,0.020472651182549456,189,365,218,255,283,150
1776766312.0096662,20.0,0,-8,8.0,0.97323600973236,0.020472651182549456,189,365,218,255,283,150
1776766312.0896199,20.0,0,-8,8.0,0.97323600973236,0.020472651182549456,189,365,218,255,283,150
1776766312.1704047,20.0,0,-8,8.0,0.97323600973236,0.020472651182549456,189,365,218,255,283,150
1776766312.2503538,20.0,0,-8,8.0,0.97323600973236,0.020472651182549456,189,365,218,255,283,150
1776766312.328433,20.0,0,-8,8.0,0.97323600973236,0.020472651182549456,189,365,218,255,283,150
1776766312.394089,20.0,0,-8,8.0,0.97323600973236,0.020472651182549456,189,365,218,255,283,150
1776766312.5362272,20.0,0,-8,8.0,0.97323600973236,0.020472651182549456,189,365,218,255,283,150
1776766312.619658,20.0,0,-8,8.0,0.97323600973236,0.020472651182549456,189,365,218,255,283,150
1776766312.6965415,20.0,0,-8,8.0,0.97323600973236,0.020472651182549456,189,365,218,255,283,150
1776766312.7752526,20.0,0,-8,8.0,0.97323600973236,0.020472651182549456,189,365,218,255,283,150
1776766312.859591,20.0,0,-8,8.0,0.97323600973236,0.020472651182549456,189,365,218,255,283,150
1776766312.9359913,20.0,0,-8,8.0,0.97323600973236,0.020472651182549456,189,365,218,255,283,150
1776766313.0201023,20.0,0,-8,8.0,0.97323600973236,0.020472651182549456,189,365,218,255,283,150
1776766313.115006,20.0,0,-8,8.0,0.97323600973236,0.020472651182549456,189,365,218,255,283,150
1776766313.1948774,20.0,0,-8,8.0,0.97323600973236,0.020472651182549456,189,365,218,255,283,150
1776766313.2717762,20.0,0,-8,8.0,0.97323600973236,0.020472651182549456,189,365,218,255,283,150
1776766313.3516507,20.0,0,-8,8.0,0.97323600973236,0.020472651182549456,189,365,218,255,283,150
1776766313.43053,20.0,0,-8,8.0,0.97323600973236,0.020472651182549456,189,365,218,255,283,150
1776766313.5115178,20.0,0,-8,8.0,0.97323600973236,0.020472651182549456,189,365,218,255,283,150
1776766313.5919797,20.0,0,-8,8.0,0.97323600973236,0.020472651182549456,189,365,218,255,283,150
1776766313.6740499,20.0,0,-8,8.0,0.97323600973236,0.020472651182549456,189,365,218,255,283,150
1776766313.7531812,20.0,0,-8,8.0,0.97323600973236,0.020472651182549456,189,365,218,255,283,150
1776766313.8342056,20.0,0,-8,8.0,0.97323600973236,0.020472651182549456,189,365,218,255,283,150
1776766313.9155073,20.0,0,-8,8.0,0.97323600973236,0.020472651182549456,189,365,218,255,283,150
1776766313.994178,20.0,0,-8,8.0,0.97323600973236,0.020472651182549456,189,365,218,255,283,150
1776766314.0749953,20.0,0,-8,8.0,0.97323600973236,0.020472651182549456,189,365,218,255,283,150
1776766314.1526475,20.0,0,-8,8.0,0.97323600973236,0.020472651182549456,189,365,218,255,283,150
1776766314.2346272,20.0,0,-8,8.0,0.97323600973236,0.02090866679476229,189,365,218,254,283,150
1776766314.3146734,20.0,0,-9,9.0,1.094890510948905,0.020541247448027898,189,365,218,254,283,149
1776766314.3924756,20.0,0,-9,9.0,1.094890510948905,0.020541247448027898,189,365,218,254,283,149
1776766314.4896543,20.0,0,-9,9.0,1.094890510948905,0.020541247448027898,189,365,218,254,283,149
1776766314.5684392,20.0,0,-9,9.0,1.094890510948905,0.019516452551533885,189,365,219,254,283,149
1776766314.65056,20.0,0,-9,9.0,1.094890510948905,0.019516452551533885,189,365,219,254,283,149
1776766314.7274876,20.0,0,-9,9.0,1.094890510948905,0.019516452551533885,189,365,219,254,283,149
1776766314.8082566,20.0,0,-9,9.0,1.094890510948905,0.019516452551533885,189,365,219,254,283,149
1776766314.8905087,20.0,0,-9,9.0,1.094890510948905,0.019080910456360584,189,365,219,254,282,149
1776766314.9685242,20.0,0,-9,9.0,1.094890510948905,0.019080910456360584,189,365,219,254,282,149
1776766315.049278,20.0,0,-9,9.0,1.094890510948905,0.019080910456360584,189,365,219,254,282,149
1776766315.1291904,20.0,0,-9,9.0,1.094890510948905,0.019080910456360584,189,365,219,254,282,149
1776766315.2071993,20.0,-2,-9,9.219544457292887,1.1215990823957283,0.01863870825310488,189,365,219,254,281,149
1776766315.2906423,20.0,-2,-9,9.219544457292887,1.1215990823957283,0.01863870825310488,189,365,219,254,281,149
1776766315.3669357,20.0,-2,-8,8.246211251235321,1.0031887166952944,0.018996407424142814,189,365,219,254,281,150
1776766315.4964986,20.0,-2,-8,8.246211251235321,1.0031887166952944,0.018996407424142814,189,365,219,254,281,150
1776766315.5916743,20.0,-2,-8,8.246211251235321,1.0031887166952944,0.018996407424142814,189,365,219,254,281,150
1776766315.6714916,20.0,-2,-8,8.246211251235321,1.0031887166952944,0.018996407424142814,189,365,219,254,281,150
1776766315.749788,20.0,-2,-8,8.246211251235321,1.0031887166952944,0.018996407424142814,189,365,219,254,281,150
1776766315.8153317,20.0,-2,-8,8.246211251235321,1.0031887166952944,0.018996407424142814,189,365,219,254,281,150
1776766315.9005218,20.0,-2,-8,8.246211251235321,1.0031887166952944,0.018996407424142814,189,365,219,254,281,150
1776766315.978013,20.0,-2,-8,8.246211251235321,1.0031887166952944,0.018996407424142814,189,365,219,254,281,150
1776766316.056671,20.0,-2,-8,8.246211251235321,1.0031887166952944,0.018996407424142814,189,365,219,254,281,150
1776766316.1353948,20.0,-2,-8,8.246211251235321,1.0031887166952944,0.018996407424142814,189,365,219,254,281,150
1776766316.215404,20.0,-2,-8,8.246211251235321,1.0031887166952944,0.018996407424142814,189,365,219,254,281,150
1776766316.298766,20.0,-2,-8,8.246211251235321,1.0031887166952944,0.018996407424142814,189,365,219,254,281,150
1776766316.3915503,20.0,-2,-8,8.246211251235321,1.0031887166952944,0.018996407424142814,189,365,219,254,281,150
1776766316.4712167,20.0,-2,-8,8.246211251235321,1.0031887166952944,0.018996407424142814,189,365,219,254,281,150
1776766316.5526364,20.0,-2,-8,8.246211251235321,1.0031887166952944,0.018996407424142814,189,365,219,254,281,150
1776766316.634396,20.0,-2,-8,8.246211251235321,1.0031887166952944,0.018996407424142814,189,365,219,254,281,150
1776766316.7286584,20.0,-2,-8,8.246211251235321,1.0031887166952944,0.018996407424142814,189,365,219,254,281,150
1776766316.8069746,20.0,-2,-8,8.246211251235321,1.0031887166952944,0.018996407424142814,189,365,219,254,281,150
1776766316.8887315,20.0,-2,-8,8.246211251235321,1.0031887166952944,0.018996407424142814,189,365,219,254,281,150
1776766316.97097,20.0,-2,-8,8.246211251235321,1.0031887166952944,0.018996407424142814,189,365,219,254,281,150
1776766317.0639298,20.0,-2,-8,8.246211251235321,1.0031887166952944,0.018996407424142814,189,365,219,254,281,150
1776766317.1427627,20.0,-2,-8,8.246211251235321,1.0031887166952944,0.018996407424142814,189,365,219,254,281,150
1776766317.2258801,20.0,-2,-8,8.246211251235321,1.0031887166952944,0.018996407424142814,189,365,219,254,281,150
1776766317.305401,20.0,-2,-8,8.246211251235321,1.0031887166952944,0.018996407424142814,189,365,219,254,281,150
1776766317.3849754,20.0,-2,-9,9.219544457292887,1.1215990823957283,0.01863870825310488,189,365,219,254,281,149
1776766317.463898,20.0,-2,-9,9.219544457292887,1.1215990823957283,0.018031383412162007,189,365,220,253,281,149
1776766317.542557,20.0,-2,-9,9.219544457292887,1.1215990823957283,0.018031383412162007,189,365,220,253,281,149
1776766317.624077,20.0,-2,-9,9.219544457292887,1.1215990823957283,0.018031383412162007,189,365,220,253,281,149
1776766317.7050524,20.0,-2,-9,9.219544457292887,1.1215990823957283,0.018471006834445202,189,365,220,252,281,149
1776766317.7831035,20.0,-2,-10,10.198039027185569,1.2406373512391202,0.018114364510122393,189,365,220,252,281,148
1776766317.849101,20.0,-2,-10,10.198039027185569,1.2406373512391202,0.018114364510122393,189,365,220,252,281,148
1776766317.9275682,20.0,-2,-10,10.198039027185569,1.2406373512391202,0.018549501964350634,189,365,220,251,281,148
1776766318.006577,20.0,0,-11,11.0,1.338199513381995,0.018640534384241233,189,365,220,251,282,147
1776766318.0892365,20.0,0,-11,11.0,1.338199513381995,0.018549501964350634,190,364,221,250,282,147
1776766318.2193177,20.0,0,-11,11.0,1.338199513381995,0.018549501964350634,190,364,221,250,282,147
1776766318.2994454,20.0,0,-12,12.0,1.4598540145985401,0.01819406464995415,190,364,221,250,282,146
1776766318.3741062,20.0,0,-12,12.0,1.4598540145985401,0.018624814073743473,190,364,221,249,282,146
1776766318.4559832,20.0,0,-13,13.0,1.581508515815085,0.01871502931845,190,364,221,249,283,145
1776766318.537385,20.0,0,-13,13.0,1.581508515815085,0.01871502931845,190,364,221,249,283,145
1776766318.6180353,20.0,0,-13,13.0,1.581508515815085,0.019142126826459906,190,364,221,248,283,145
1776766318.6971855,20.0,0,-14,14.0,1.70316301703163,0.01778098031618166,190,364,222,248,283,144
1776766318.7944264,20.0,0,-14,14.0,1.70316301703163,0.018207419127192283,190,364,222,247,283,144
1776766318.8717413,20.0,0,-14,14.0,1.70316301703163,0.018207419127192283,190,364,222,247,283,144
1776766318.9519026,20.0,0,-15,15.0,1.824817518248175,0.01865148205495213,190,363,222,246,284,143
1776766319.0315175,20.0,0,-15,15.0,1.824817518248175,0.017651253267699195,190,363,223,246,284,143
1776766319.1109715,20.0,0,-16,16.0,1.94647201946472,0.017730171553458365,190,363,223,245,284,142
1776766319.1943302,20.0,0,-16,16.0,1.94647201946472,0.017730171553458365,190,363,223,245,284,142
1776766319.2730246,20.0,2,-16,16.1245154965971,1.9616198900969704,0.018601121569211215,190,363,223,244,285,142
1776766319.3522906,20.0,2,-17,17.11724276862369,2.082389631219427,0.017264947426821175,190,363,224,244,285,141
1776766319.4332297,20.0,2,-17,17.11724276862369,2.082389631219427,0.017264947426821175,190,363,224,244,285,141
1776766319.51086,20.0,2,-17,17.11724276862369,2.082389631219427,0.01769200687689784,190,363,224,243,285,141
1776766319.591487,20.0,2,-18,18.110770276274835,2.2032567246076438,0.01734390776818587,190,363,224,243,285,140
1776766319.6723468,20.0,2,-18,18.110770276274835,2.2032567246076438,0.01734390776818587,190,363,224,243,285,140
1776766319.7546203,20.0,2,-18,18.110770276274835,2.2032567246076438,0.017766889624230404,190,363,224,242,285,140
1776766319.8324852,20.0,2,-19,19.1049731745428,2.3242059823044765,0.01741994049546267,190,363,224,242,285,139
1776766319.9119992,20.0,2,-19,19.1049731745428,2.3242059823044765,0.01741994049546267,190,363,224,242,285,139
1776766319.996152,20.0,2,-19,19.1049731745428,2.3242059823044765,0.017838927661656033,190,363,224,241,285,139
1776766320.0723174,20.0,2,-19,19.1049731745428,2.3242059823044765,0.017838927661656033,190,363,224,241,285,139
1776766320.1539037,20.0,2,-20,20.09975124224178,2.4452252119515547,0.01749313041271886,190,363,224,241,285,138
1776766320.2316148,20.0,2,-20,20.09975124224178,2.4452252119515547,0.01741994049546267,190,362,224,241,285,138
1776766320.3112562,20.0,2,-20,20.09975124224178,2.4452252119515547,0.017838927661656033,190,362,224,240,285,138
1776766320.4252062,20.0,2,-20,20.09975124224178,2.4452252119515547,0.017838927661656033,190,362,224,240,285,138
1776766320.5208075,20.0,2,-21,21.095023109728988,2.5663045145655703,0.01749313041271886,190,362,224,240,285,137
1776766320.6002774,20.0,2,-21,21.095023109728988,2.5663045145655703,0.01749313041271886,190,362,224,240,285,137
1776766320.6803882,20.0,2,-21,21.095023109728988,2.5663045145655703,0.01749313041271886,190,362,224,240,285,137
1776766320.7616627,20.0,2,-21,21.095023109728988,2.5663045145655703,0.01790820340577033,190,362,224,239,285,137
1776766320.8397346,20.0,2,-21,21.095023109728988,2.5663045145655703,0.01790820340577033,190,362,224,239,285,137
1776766320.9226718,20.0,2,-22,22.090722034374522,2.687435770605173,0.017563559603004382,190,362,224,239,285,136
1776766321.0035768,20.0,2,-22,22.090722034374522,2.687435770605173,0.017563559603004382,190,362,224,239,285,136
1776766321.0961082,20.0,2,-22,22.090722034374522,2.687435770605173,0.017563559603004382,190,362,224,239,285,136
1776766321.1752498,20.0,2,-22,22.090722034374522,2.687435770605173,0.01797479663630149,190,362,224,238,285,136
1776766321.2603958,20.0,2,-22,22.090722034374522,2.687435770605173,0.01797479663630149,190,362,224,238,285,136
1776766321.3379023,20.0,2,-22,22.090722034374522,2.687435770605173,0.01702075236946553,190,362,225,238,285,136
1776766321.4168591,20.0,2,-23,23.08679276123039,2.808612258057225,0.016681952540997302,190,362,225,238,285,135
1776766321.49728,20.0,2,-23,23.08679276123039,2.808612258057225,0.016681952540997302,190,362,225,238,285,135
1776766321.5750587,20.0,2,-23,23.08679276123039,2.808612258057225,0.017092159688075953,190,362,225,237,285,135
1776766321.6402314,20.0,2,-23,23.08679276123039,2.808612258057225,0.017092159688075953,190,362,225,237,285,135
1776766321.7207332,20.0,2,-23,23.08679276123039,2.808612258057225,0.017092159688075953,190,362,225,237,285,135
1776766321.8028138,20.0,2,-23,23.08679276123039,2.808612258057225,0.017092159688075953,190,362,225,237,285,135
1776766321.8801434,20.0,2,-23,23.08679276123039,2.808612258057225,0.017092159688075953,190,362,225,237,285,135
1776766321.9626906,20.0,2,-24,24.08318915758459,2.929828364669658,0.017160935187352226,190,362,225,236,285,134
1776766322.0416374,20.0,2,-24,24.08318915758459,2.929828364669658,0.017160935187352226,190,362,225,236,285,134
1776766322.122062,20.0,2,-24,24.08318915758459,2.929828364669658,0.017160935187352226,190,362,225,236,285,134
1776766322.2010193,20.0,2,-24,24.08318915758459,2.929828364669658,0.017160935187352226,190,362,225,236,285,134
1776766322.2820058,20.0,2,-24,24.08318915758459,2.929828364669658,0.017160935187352226,190,362,225,236,285,134
1776766322.3620336,20.0,2,-24,24.08318915758459,2.929828364669658,0.017160935187352226,190,362,225,236,285,134
1776766322.4413297,20.0,2,-25,25.079872407968907,3.0510793683660467,0.017227153085610594,190,362,225,235,285,133
1776766322.5187316,20.0,2,-25,25.079872407968907,3.0510793683660467,0.017227153085610594,190,362,225,235,285,133
1776766322.600268,20.0,2,-25,25.079872407968907,3.0510793683660467,0.017227153085610594,190,362,225,235,285,133
1776766322.6810086,20.0,2,-25,25.079872407968907,3.0510793683660467,0.017227153085610594,190,362,225,235,285,133
1776766322.7602003,20.0,2,-25,25.079872407968907,3.0510793683660467,0.017227153085610594,190,362,225,235,285,133
1776766322.88817,20.0,2,-25,25.079872407968907,3.0510793683660467,0.01815924147215707,190,362,224,235,285,133
1776766322.970607,20.0,0,-25,25.0,3.041362530413625,0.017723507263737504,190,362,224,235,284,133
1776766323.0468354,20.0,0,-26,26.0,3.16301703163017,0.017386111591971665,190,362,224,235,284,132
1776766323.1284304,20.0,0,-26,26.0,3.16301703163017,0.017386111591971665,190,362,224,235,284,132
1776766323.2072408,20.0,0,-26,26.0,3.16301703163017,0.017386111591971665,190,362,224,235,284,132
1776766323.2739341,20.0,0,-26,26.0,3.16301703163017,0.017386111591971665,190,362,224,235,284,132
1776766323.3550124,20.0,0,-26,26.0,3.16301703163017,0.017781978734447878,190,362,224,234,284,132
1776766323.4317174,20.0,0,-26,26.0,3.16301703163017,0.017781978734447878,190,362,224,234,284,132
1776766323.512331,20.0,0,-26,26.0,3.16301703163017,0.017781978734447878,190,362,224,234,284,132
1776766323.5927618,20.0,0,-27,27.0,3.284671532846715,0.01744572323723075,190,362,224,234,284,131
1776766323.6737185,20.0,0,-27,27.0,3.284671532846715,0.01744572323723075,190,362,224,234,284,131
1776766323.752838,20.0,0,-27,27.0,3.284671532846715,0.01744572323723075,190,362,224,234,284,131
1776766323.8356187,20.0,0,-27,27.0,3.284671532846715,0.01744572323723075,190,362,224,234,284,131
1776766323.9119177,20.0,0,-27,27.0,3.284671532846715,0.01744572323723075,190,362,224,234,284,131
1776766323.995445,20.0,0,-27,27.0,3.284671532846715,0.017838112033114792,190,362,224,233,284,131
1776766324.075183,20.0,0,-27,27.0,3.284671532846715,0.017838112033114792,190,362,224,233,284,131
1776766324.1522112,20.0,0,-27,27.0,3.284671532846715,0.017838112033114792,190,362,224,233,284,131
1776766324.233967,20.0,0,-27,27.0,3.284671532846715,0.017838112033114792,190,362,224,233,284,131
1776766324.31308,20.0,0,-28,28.0,3.40632603406326,0.017502996782644258,190,362,224,233,284,130
1776766324.3934917,20.0,0,-28,28.0,3.40632603406326,0.017502996782644258,190,362,224,233,284,130
1776766324.4743173,20.0,0,-28,28.0,3.40632603406326,0.017502996782644258,190,362,224,233,284,130
1776766324.5538807,20.0,0,-28,28.0,3.40632603406326,0.017502996782644258,190,362,224,233,284,130
1776766324.6322432,20.0,0,-28,28.0,3.40632603406326,0.0178919733162739,190,362,224,232,284,130
1776766324.713099,20.0,0,-28,28.0,3.40632603406326,0.0178919733162739,190,362,224,232,284,130
1776766324.7926548,20.0,0,-28,28.0,3.40632603406326,0.0178919733162739,190,362,224,232,284,130
1776766324.8721523,20.0,0,-28,28.0,3.40632603406326,0.0178919733162739,190,362,224,232,284,130
1776766324.9363582,20.0,0,-28,28.0,3.40632603406326,0.0178919733162739,190,362,224,232,284,130
1776766325.016918,20.0,0,-29,29.0,3.5279805352798053,0.017557998138010296,190,362,224,232,284,129
1776766325.0973094,20.0,0,-29,29.0,3.5279805352798053,0.017557998138010296,190,362,224,232,284,129
1776766325.1920645,20.0,0,-29,29.0,3.5279805352798053,0.017557998138010296,190,362,224,232,284,129
1776766325.272997,20.0,0,-29,29.0,3.5279805352798053,0.017557998138010296,190,362,224,232,284,129
1776766325.3534107,20.0,0,-29,29.0,3.5279805352798053,0.017557998138010296,190,362,224,232,284,129
1776766325.4326165,20.0,0,-29,29.0,3.5279805352798053,0.017557998138010296,190,362,224,232,284,129
1776766325.5619774,20.0,0,-29,29.0,3.5279805352798053,0.017557998138010296,190,362,224,232,284,129
1776766325.6399868,20.0,0,-29,29.0,3.5279805352798053,0.017943626689288488,190,362,224,231,284,129
1776766325.720527,20.0,0,-30,30.0,3.64963503649635,0.017610791173102606,190,362,224,231,284,128
1776766325.8016376,20.0,0,-30,30.0,3.64963503649635,0.016703985463552545,190,362,225,231,284,128
1776766325.8972237,20.0,0,-30,30.0,3.64963503649635,0.016703985463552545,190,362,225,231,284,128
1776766325.9768093,20.0,0,-30,30.0,3.64963503649635,0.016703985463552545,190,362,225,231,284,128
1776766326.0559373,20.0,0,-30,30.0,3.64963503649635,0.017088597871877022,190,362,225,230,284,128
1776766326.13839,20.0,0,-30,30.0,3.64963503649635,0.017088597871877022,190,362,225,230,284,128
1776766326.2158875,20.0,0,-30,30.0,3.64963503649635,0.017088597871877022,190,362,225,230,284,128
1776766326.2976046,20.0,0,-30,30.0,3.64963503649635,0.017088597871877022,190,362,225,230,284,128
1776766326.3927867,20.0,0,-31,31.0,3.771289537712895,0.016761371421034527,190,362,225,230,284,127
1776766326.4769006,20.0,0,-31,31.0,3.771289537712895,0.017231122563666577,190,362,224,230,283,127
1776766326.5514805,20.0,0,-31,31.0,3.771289537712895,0.017231122563666577,190,362,224,230,283,127
1776766326.633531,20.0,0,-31,31.0,3.771289537712895,0.017231122563666577,190,362,224,230,283,127
1776766326.7128246,20.0,0,-31,31.0,3.771289537712895,0.01760936471801782,190,362,224,229,283,127
1776766326.7939498,20.0,0,-31,31.0,3.771289537712895,0.01760936471801782,190,362,224,229,283,127
1776766326.8717318,20.0,0,-31,31.0,3.771289537712895,0.018077856418682092,190,362,223,229,282,127
1776766326.96015,20.0,0,-31,31.0,3.771289537712895,0.018077856418682092,190,362,223,229,282,127
1776766327.0313036,20.0,0,-31,31.0,3.771289537712895,0.018077856418682092,190,362,223,229,282,127
1776766327.1103485,20.0,-2,-31,31.064449134018133,3.779130064965709,0.01764102734143755,190,362,223,229,281,127
1776766327.1765637,20.0,-2,-31,31.064449134018133,3.779130064965709,0.01764102734143755,190,362,223,229,281,127
1776766327.2578478,20.0,-2,-31,31.064449134018133,3.779130064965709,0.018548109028760803,190,362,222,229,281,127
1776766327.3389204,20.0,-2,-31,31.064449134018133,3.779130064965709,0.018548109028760803,190,362,222,229,281,127
1776766327.4163358,20.0,-2,-31,31.064449134018133,3.779130064965709,0.018548109028760803,190,362,222,229,281,127
1776766327.4957793,20.0,-2,-31,31.064449134018133,3.779130064965709,0.018548109028760803,190,362,222,229,281,127
1776766327.5785239,20.0,-2,-32,32.0624390837628,3.900540034521021,0.01821669167109087,190,362,222,229,281,126
1776766327.6589513,20.0,-2,-32,32.0624390837628,3.900540034521021,0.01821669167109087,190,362,222,229,281,126
1776766327.736095,20.0,-2,-32,32.0624390837628,3.900540034521021,0.01821669167109087,190,362,222,229,281,126
1776766327.8327227,20.0,-2,-32,32.0624390837628,3.900540034521021,0.01821669167109087,190,362,222,229,281,126
1776766327.9124322,20.0,-2,-32,32.0624390837628,3.900540034521021,0.01731415019975866,190,362,223,229,281,126
1776766327.9949353,20.0,-2,-32,32.0624390837628,3.900540034521021,0.01731415019975866,190,362,223,229,281,126
1776766328.1207135,20.0,-2,-32,32.0624390837628,3.900540034521021,0.01731415019975866,190,362,223,229,281,126
1776766328.200489,20.0,-2,-32,32.0624390837628,3.900540034521021,0.01731415019975866,190,362,223,229,281,126
1776766328.2811947,20.0,-2,-32,32.0624390837628,3.900540034521021,0.01731415019975866,190,362,223,229,281,126
1776766328.361542,20.0,-2,-32,32.0624390837628,3.900540034521021,0.01731415019975866,190,362,223,229,281,126
1776766328.4418354,20.0,-2,-32,32.0624390837628,3.900540034521021,0.01731415019975866,190,362,223,229,281,126
1776766328.521986,20.0,-3,-32,32.14031735997639,3.9100142773693904,0.017783378076436613,190,362,222,229,280,126
1776766328.6020474,20.0,-3,-32,32.14031735997639,3.9100142773693904,0.017783378076436613,190,362,222,229,280,126
1776766328.6803904,20.0,-3,-32,32.14031735997639,3.9100142773693904,0.017783378076436613,190,362,222,229,280,126
1776766328.7684264,20.0,-3,-32,32.14031735997639,3.9100142773693904,0.017783378076436613,190,362,222,229,280,126
1776766328.8409023,20.0,-3,-32,32.14031735997639,3.9100142773693904,0.017783378076436613,190,362,222,229,280,126
1776766328.92124,20.0,-4,-32,32.2490309931942,3.9232397801939407,0.01734379212383119,190,362,222,229,279,126
1776766329.002433,20.0,-4,-32,32.2490309931942,3.9232397801939407,0.01734379212383119,190,362,222,229,279,126
1776766329.0802777,20.0,-4,-32,32.2490309931942,3.9232397801939407,0.01734379212383119,190,362,222,229,279,126
1776766329.1622775,20.0,-4,-32,32.2490309931942,3.9232397801939407,0.01734379212383119,190,362,222,229,279,126
1776766329.2395496,20.0,-4,-32,32.2490309931942,3.9232397801939407,0.01734379212383119,190,362,222,229,279,126
1776766329.3188405,20.0,-4,-32,32.2490309931942,3.9232397801939407,0.01734379212383119,190,362,222,229,279,126
1776766329.384684,20.0,-4,-32,32.2490309931942,3.9232397801939407,0.017385937496864727,190,363,222,229,279,126
1776766329.46476,20.0,-4,-32,32.2490309931942,3.9232397801939407,0.017385937496864727,190,363,222,229,279,126
1776766329.5459094,20.0,-4,-32,32.2490309931942,3.9232397801939407,0.017385937496864727,190,363,222,229,279,126
1776766329.62468,20.0,-4,-32,32.2490309931942,3.9232397801939407,0.017385937496864727,190,363,222,229,279,126
1776766329.703918,20.0,-4,-32,32.2490309931942,3.9232397801939407,0.017385937496864727,190,363,222,229,279,126
1776766329.768729,20.0,-4,-32,32.2490309931942,3.9232397801939407,0.017385937496864727,190,363,222,229,279,126
1776766329.8499703,20.0,-4,-32,32.2490309931942,3.9232397801939407,0.017385937496864727,190,363,222,229,279,126
1776766329.9447014,20.0,-4,-32,32.2490309931942,3.9232397801939407,0.017385937496864727,190,363,222,229,279,126
1776766330.024855,20.0,-4,-32,32.2490309931942,3.9232397801939407,0.017385937496864727,190,363,222,229,279,126
1776766330.107299,20.0,-4,-32,32.2490309931942,3.9232397801939407,0.017385937496864727,190,363,222,229,279,126
1776766330.2017415,20.0,-4,-32,32.2490309931942,3.9232397801939407,0.017385937496864727,190,363,222,229,279,126
1776766330.2823567,20.0,-3,-32,32.14031735997639,3.9100142773693904,0.01782371323611074,190,363,222,229,280,126
1776766330.3622482,20.0,-3,-32,32.14031735997639,3.9100142773693904,0.01782371323611074,190,363,222,229,280,126
1776766330.440126,20.0,-3,-32,32.14031735997639,3.9100142773693904,0.01782371323611074,190,363,222,229,280,126
1776766330.5219512,20.0,-3,-32,32.14031735997639,3.9100142773693904,0.01782371323611074,190,363,222,229,280,126
1776766330.6001723,20.0,-3,-32,32.14031735997639,3.9100142773693904,0.01782371323611074,190,363,222,229,280,126
1776766330.7131915,20.0,-3,-32,32.14031735997639,3.9100142773693904,0.016920909064821393,190,363,223,229,280,126
1776766330.7926354,20.0,-3,-32,32.14031735997639,3.9100142773693904,0.016920909064821393,190,363,223,229,280,126
1776766330.8807142,20.0,-3,-32,32.14031735997639,3.9100142773693904,0.016920909064821393,190,363,223,229,280,126
1776766330.952964,20.0,-3,-32,32.14031735997639,3.9100142773693904,0.016920909064821393,190,363,223,229,280,126
1776766331.0327914,20.0,-3,-32,32.14031735997639,3.9100142773693904,0.016920909064821393,190,363,223,229,280,126
1776766331.1147592,20.0,-2,-32,32.0624390837628,3.900540034521021,0.017359392056686056,190,363,223,229,281,126
1776766331.1925418,20.0,-2,-32,32.0624390837628,3.900540034521021,0.017359392056686056,190,363,223,229,281,126
1776766331.272678,20.0,-2,-32,32.0624390837628,3.900540034521021,0.017359392056686056,190,363,223,229,281,126
1776766331.3520324,20.0,-2,-32,32.0624390837628,3.900540034521021,0.017359392056686056,190,363,223,229,281,126
1776766331.433222,20.0,-2,-32,32.0624390837628,3.900540034521021,0.017359392056686056,190,363,223,229,281,126
1776766331.5112417,20.0,-2,-32,32.0624390837628,3.900540034521021,0.017359392056686056,190,363,223,229,281,126
1776766331.5900145,20.0,-2,-32,32.0624390837628,3.900540034521021,0.017359392056686056,190,363,223,229,281,126
1776766331.6733253,20.0,-2,-32,32.0624390837628,3.900540034521021,0.017359392056686056,190,363,223,229,281,126
1776766331.7668548,20.0,-2,-32,32.0624390837628,3.900540034521021,0.017359392056686056,190,363,223,229,281,126
1776766331.8329837,20.0,-2,-32,32.0624390837628,3.900540034521021,0.017359392056686056,190,363,223,229,281,126
1776766331.9167914,20.0,-2,-32,32.0624390837628,3.900540034521021,0.017359392056686056,190,363,223,229,281,126
1776766331.9939494,20.0,-2,-32,32.0624390837628,3.900540034521021,0.017359392056686056,190,363,223,229,281,126
1776766332.0732539,20.0,-2,-32,32.0624390837628,3.900540034521021,0.017359392056686056,190,363,223,229,281,126
1776766332.1545186,20.0,-2,-32,32.0624390837628,3.900540034521021,0.017359392056686056,190,363,223,229,281,126
1776766332.2330077,20.0,-2,-32,32.0624390837628,3.900540034521021,0.017359392056686056,190,363,223,229,281,126
1776766332.312222,20.0,-2,-33,33.06055050963308,4.021964782193805,0.017039504425023715,190,363,223,229,281,125
1776766332.3939598,20.0,-2,-33,33.06055050963308,4.021964782193805,0.0174027002983562,190,363,223,228,281,125
1776766332.4732068,20.0,-2,-33,33.06055050963308,4.021964782193805,0.0174027002983562,190,363,223,228,281,125
1776766332.5511062,20.0,-2,-33,33.06055050963308,4.021964782193805,0.0174027002983562,190,363,223,228,281,125
1776766332.6325674,20.0,-2,-33,33.06055050963308,4.021964782193805,0.0174027002983562,190,363,223,228,281,125
1776766332.7116723,20.0,-2,-33,33.06055050963308,4.021964782193805,0.0174027002983562,190,363,223,228,281,125
1776766332.7906246,20.0,-3,-33,33.13608305156178,4.031153655907759,0.016966018263373808,190,363,223,228,280,125
1776766332.8726614,20.0,-3,-33,33.13608305156178,4.031153655907759,0.016966018263373808,190,363,223,228,280,125
1776766332.9538183,20.0,-3,-33,33.13608305156178,4.031153655907759,0.016966018263373808,190,363,223,228,280,125
1776766333.0326688,20.0,-3,-33,33.13608305156178,4.031153655907759,0.016966018263373808,190,363,223,228,280,125
1776766333.1129222,20.0,-3,-33,33.13608305156178,4.031153655907759,0.017862187732940047,190,363,222,228,280,125
1776766333.1932592,20.0,-4,-33,33.24154027718932,4.043983002091158,0.017426205562811985,190,363,222,228,279,125
1776766333.2717984,20.0,-4,-33,33.24154027718932,4.043983002091158,0.017426205562811985,190,363,222,228,279,125
1776766333.3850176,20.0,-4,-33,33.24154027718932,4.043983002091158,0.017426205562811985,190,363,222,228,279,125
1776766333.4651752,20.0,-4,-33,33.24154027718932,4.043983002091158,0.017426205562811985,190,363,222,228,279,125
1776766333.5460246,20.0,-4,-33,33.24154027718932,4.043983002091158,0.017426205562811985,190,363,222,228,279,125
1776766333.6251872,20.0,-5,-33,33.37663853655727,4.06041831344979,0.01698400399013389,190,363,222,228,278,125
1776766333.7077532,20.0,-5,-33,33.37663853655727,4.06041831344979,0.01698400399013389,190,363,222,228,278,125
1776766333.7832155,20.0,-5,-33,33.37663853655727,4.06041831344979,0.01698400399013389,190,363,222,228,278,125
1776766333.8615577,20.0,-5,-33,33.37663853655727,4.06041831344979,0.01698400399013389,190,363,222,228,278,125
1776766333.9445496,20.0,-5,-33,33.37663853655727,4.06041831344979,0.01698400399013389,190,363,222,228,278,125
1776766334.0244157,20.0,-5,-33,33.37663853655727,4.06041831344979,0.017888022711665487,190,363,221,228,278,125
1776766334.103252,20.0,-5,-33,33.37663853655727,4.06041831344979,0.017888022711665487,190,363,221,228,278,125
1776766334.173415,20.0,-5,-33,33.37663853655727,4.06041831344979,0.017888022711665487,190,363,221,228,278,125
1776766334.249817,20.0,-5,-33,33.37663853655727,4.06041831344979,0.017888022711665487,190,363,221,228,278,125
1776766334.330115,20.0,-5,-33,33.37663853655727,4.06041831344979,0.017888022711665487,190,363,221,228,278,125
1776766334.4112842,20.0,-5,-33,33.37663853655727,4.06041831344979,0.017888022711665487,190,363,221,228,278,125
1776766334.4891438,20.0,-6,-33,33.54101966249684,4.0804160173353825,0.017446524825453624,190,363,221,228,277,125
1776766334.5697038,20.0,-6,-33,33.54101966249684,4.0804160173353825,0.017446524825453624,190,363,221,228,277,125
1776766334.6503081,20.0,-6,-33,33.54101966249684,4.0804160173353825,0.017446524825453624,190,363,221,228,277,125
1776766334.7368348,20.0,-6,-33,33.54101966249684,4.0804160173353825,0.017446524825453624,190,363,221,228,277,125
1776766334.8243904,20.0,-6,-33,33.54101966249684,4.0804160173353825,0.017446524825453624,190,363,221,228,277,125
1776766334.9048724,20.0,-6,-33,33.54101966249684,4.0804160173353825,0.017446524825453624,190,363,221,228,277,125
1776766334.9838622,20.0,-6,-33,33.54101966249684,4.0804160173353825,0.017446524825453624,190,363,221,228,277,125
1776766335.0648763,20.0,-6,-33,33.54101966249684,4.0804160173353825,0.017446524825453624,190,363,221,228,277,125
1776766335.1492069,20.0,-6,-33,33.54101966249684,4.0804160173353825,0.017446524825453624,190,363,221,228,277,125
1776766335.2263424,20.0,-6,-33,33.54101966249684,4.0804160173353825,0.017446524825453624,190,363,221,228,277,125
1776766335.3038888,20.0,-6,-33,33.54101966249684,4.0804160173353825,0.017446524825453624,190,363,221,228,277,125
1776766335.3852253,20.0,-6,-33,33.54101966249684,4.0804160173353825,0.017446524825453624,190,363,221,228,277,125
1776766335.465381,20.0,-6,-33,33.54101966249684,4.0804160173353825,0.017446524825453624,190,363,221,228,277,125
1776766335.5469325,20.0,-6,-33,33.54101966249684,4.0804160173353825,0.017446524825453624,190,363,221,228,277,125
1776766335.6251945,20.0,-6,-33,33.54101966249684,4.0804160173353825,0.017446524825453624,190,363,221,228,277,125
1776766335.7065773,20.0,-6,-33,33.54101966249684,4.0804160173353825,0.017446524825453624,190,363,221,228,277,125
1776766335.7867475,20.0,-6,-33,33.54101966249684,4.0804160173353825,0.017446524825453624,190,363,221,228,277,125
1776766335.863049,20.0,-6,-33,33.54101966249684,4.0804160173353825,0.017446524825453624,190,363,221,228,277,125
1776766335.933219,20.0,-6,-33,33.54101966249684,4.0804160173353825,0.017446524825453624,190,363,221,228,277,125
1776766336.0070572,20.0,-6,-33,33.54101966249684,4.0804160173353825,0.017446524825453624,190,363,221,228,277,125
1776766336.0862663,20.0,-6,-33,33.54101966249684,4.0804160173353825,0.017446524825453624,190,363,221,228,277,125
1776766336.1520617,20.0,-6,-33,33.54101966249684,4.0804160173353825,0.017446524825453624,190,363,221,228,277,125
1776766336.2325616,20.0,-6,-33,33.54101966249684,4.0804160173353825,0.017446524825453624,190,363,221,228,277,125
1776766336.315095,20.0,-6,-33,33.54101966249684,4.0804160173353825,0.017446524825453624,190,363,221,228,277,125
1776766336.3946974,20.0,-6,-33,33.54101966249684,4.0804160173353825,0.017446524825453624,190,363,221,228,277,125
1776766336.4732122,20.0,-6,-33,33.54101966249684,4.0804160173353825,0.017446524825453624,190,363,221,228,277,125
1776766336.5543444,20.0,-6,-33,33.54101966249684,4.0804160173353825,0.017446524825453624,190,363,221,228,277,125
1776766336.633163,20.0,-6,-33,33.54101966249684,4.0804160173353825,0.017446524825453624,190,363,221,228,277,125
1776766336.7122262,20.0,-6,-33,33.54101966249684,4.0804160173353825,0.017446524825453624,190,363,221,228,277,125
1776766336.8081908,20.0,-6,-33,33.54101966249684,4.0804160173353825,0.017446524825453624,190,363,221,228,277,125
1776766336.8882809,20.0,-6,-33,33.54101966249684,4.0804160173353825,0.017446524825453624,190,363,221,228,277,125
1776766337.0189056,20.0,-6,-33,33.54101966249684,4.0804160173353825,0.017446524825453624,190,363,221,228,277,125
1776766337.0970936,20.0,-6,-33,33.54101966249684,4.0804160173353825,0.017446524825453624,190,363,221,228,277,125
1776766337.1766841,20.0,-6,-33,33.54101966249684,4.0804160173353825,0.017446524825453624,190,363,221,228,277,125
1776766337.257067,20.0,-6,-33,33.54101966249684,4.0804160173353825,0.017446524825453624,190,363,221,228,277,125
1776766337.335088,20.0,-6,-33,33.54101966249684,4.0804160173353825,0.017446524825453624,190,363,221,228,277,125
1776766337.416423,20.0,-6,-33,33.54101966249684,4.0804160173353825,0.017446524825453624,190,363,221,228,277,125
1776766337.5145063,20.0,-6,-33,33.54101966249684,4.0804160173353825,0.017446524825453624,190,363,221,228,277,125
1776766337.595454,20.0,-6,-34,34.52535300326414,4.200164598937243,0.017130185161076974,190,363,221,228,277,124
1776766337.6714284,20.0,-6,-34,34.52535300326414,4.200164598937243,0.017130185161076974,190,363,221,228,277,124
1776766337.7540445,20.0,-6,-34,34.52535300326414,4.200164598937243,0.017130185161076974,190,363,221,228,277,124
1776766337.8351412,20.0,-6,-34,34.52535300326414,4.200164598937243,0.017130185161076974,190,363,221,228,277,124
1776766337.9278662,20.0,-6,-34,34.52535300326414,4.200164598937243,0.017130185161076974,190,363,221,228,277,124
1776766338.0121827,20.0,-6,-34,34.52535300326414,4.200164598937243,0.017130185161076974,190,363,221,228,277,124
1776766338.0944073,20.0,-6,-34,34.52535300326414,4.200164598937243,0.017130185161076974,190,363,221,228,277,124
1776766338.1693988,20.0,-6,-34,34.52535300326414,4.200164598937243,0.017130185161076974,190,363,221,228,277,124
1776766338.2505805,20.0,-6,-34,34.52535300326414,4.200164598937243,0.017130185161076974,190,363,221,228,277,124
1776766338.3271432,20.0,-6,-34,34.52535300326414,4.200164598937243,0.017130185161076974,190,363,221,228,277,124
1776766338.4075973,20.0,-6,-34,34.52535300326414,4.200164598937243,0.017130185161076974,190,363,221,228,277,124
1776766338.487972,20.0,-6,-34,34.52535300326414,4.200164598937243,0.017130185161076974,190,363,221,228,277,124
1776766338.5680504,20.0,-6,-34,34.52535300326414,4.200164598937243,0.017130185161076974,190,363,221,228,277,124
1776766338.652524,20.0,-6,-34,34.52535300326414,4.200164598937243,0.017130185161076974,190,363,221,228,277,124
1776766338.7292166,20.0,-6,-34,34.52535300326414,4.200164598937243,0.017481949665300617,190,363,221,227,277,124
1776766338.809027,20.0,-6,-34,34.52535300326414,4.200164598937243,0.017481949665300617,190,363,221,227,277,124
1776766338.873171,20.0,-6,-34,34.52535300326414,4.200164598937243,0.017481949665300617,190,363,221,227,277,124
1776766338.9530935,20.0,-6,-34,34.52535300326414,4.200164598937243,0.017481949665300617,190,363,221,227,277,124
1776766339.0497057,20.0,-6,-34,34.52535300326414,4.200164598937243,0.017481949665300617,190,363,221,227,277,124
1776766339.1283038,20.0,-6,-34,34.52535300326414,4.200164598937243,0.017481949665300617,190,363,221,227,277,124
1776766339.2161496,20.0,-6,-34,34.52535300326414,4.200164598937243,0.017481949665300617,190,363,221,227,277,124
1776766339.3043308,20.0,-6,-34,34.52535300326414,4.200164598937243,0.017481949665300617,190,363,221,227,277,124
1776766339.3872676,20.0,-6,-34,34.52535300326414,4.200164598937243,0.017481949665300617,190,363,221,227,277,124
1776766339.4626656,20.0,-6,-34,34.52535300326414,4.200164598937243,0.017481949665300617,190,363,221,227,277,124
1776766339.5457404,20.0,-6,-34,34.52535300326414,4.200164598937243,0.017481949665300617,190,363,221,227,277,124
1776766339.6257117,20.0,-6,-34,34.52535300326414,4.200164598937243,0.017481949665300617,190,363,221,227,277,124
1776766339.7234654,20.0,-6,-34,34.52535300326414,4.200164598937243,0.017481949665300617,190,363,221,227,277,124
1776766339.802848,20.0,-6,-34,34.52535300326414,4.200164598937243,0.017481949665300617,190,363,221,227,277,124
1776766339.8801866,20.0,-6,-34,34.52535300326414,4.200164598937243,0.017481949665300617,190,363,221,227,277,124
1776766340.0087945,20.0,-6,-34,34.52535300326414,4.200164598937243,0.017481949665300617,190,363,221,227,277,124
1776766340.08951,20.0,-6,-34,34.52535300326414,4.200164598937243,0.017481949665300617,190,363,221,227,277,124
1776766340.1686728,20.0,-6,-34,34.52535300326414,4.200164598937243,0.017481949665300617,190,363,221,227,277,124
1776766340.2516434,20.0,-6,-34,34.52535300326414,4.200164598937243,0.017481949665300617,190,363,221,227,277,124
1776766340.3274164,20.0,-6,-34,34.52535300326414,4.200164598937243,0.017481949665300617,190,363,221,227,277,124
1776766340.410209,20.0,-6,-34,34.52535300326414,4.200164598937243,0.017481949665300617,190,363,221,227,277,124
1776766340.490832,20.0,-6,-34,34.52535300326414,4.200164598937243,0.017481949665300617,190,363,221,227,277,124
1776766340.5670443,20.0,-6,-34,34.52535300326414,4.200164598937243,0.017481949665300617,190,363,221,227,277,124
1776766340.6452055,20.0,-6,-34,34.52535300326414,4.200164598937243,0.017481949665300617,190,363,221,227,277,124
1776766340.712216,20.0,-6,-34,34.52535300326414,4.200164598937243,0.017481949665300617,190,363,221,227,277,124
1776766340.7928653,20.0,-6,-34,34.52535300326414,4.200164598937243,0.017481949665300617,190,363,221,227,277,124
1776766340.8746486,20.0,-6,-34,34.52535300326414,4.200164598937243,0.017481949665300617,190,363,221,227,277,124
1776766340.9521582,20.0,-6,-34,34.52535300326414,4.200164598937243,0.017481949665300617,190,363,221,227,277,124
1776766341.0333192,20.0,-6,-34,34.52535300326414,4.200164598937243,0.017481949665300617,190,363,221,227,277,124
1776766341.1129966,20.0,-6,-34,34.52535300326414,4.200164598937243,0.017481949665300617,190,363,221,227,277,124
1776766341.1945405,20.0,-6,-34,34.52535300326414,4.200164598937243,0.017481949665300617,190,363,221,227,277,124
1776766341.2718942,20.0,-6,-34,34.52535300326414,4.200164598937243,0.017481949665300617,190,363,221,227,277,124
1776766341.3366632,20.0,-6,-34,34.52535300326414,4.200164598937243,0.017481949665300617,190,363,221,227,277,124
1776766341.4173775,20.0,-6,-34,34.52535300326414,4.200164598937243,0.017481949665300617,190,363,221,227,277,124
1776766341.4970076,20.0,-6,-34,34.52535300326414,4.200164598937243,0.017481949665300617,190,363,221,227,277,124
1776766341.576928,20.0,-6,-34,34.52535300326414,4.200164598937243,0.017481949665300617,190,363,221,227,277,124
1776766341.6591785,20.0,-6,-34,34.52535300326414,4.200164598937243,0.017481949665300617,190,363,221,227,277,124
1776766341.7377818,20.0,-6,-34,34.52535300326414,4.200164598937243,0.017481949665300617,190,363,221,227,277,124
1776766341.795479,20.0,-6,-34,34.52535300326414,4.200164598937243,0.017481949665300617,190,363,221,227,277,124
1776766341.848834,20.0,-6,-34,34.52535300326414,4.200164598937243,0.017481949665300617,190,363,221,227,277,124
1776766341.905948,20.0,-6,-34,34.52535300326414,4.200164598937243,0.017481949665300617,190,363,221,227,277,124
1776766341.962559,20.0,-6,-34,34.52535300326414,4.200164598937243,0.017481949665300617,190,363,221,227,277,124
1776766342.0202837,20.0,-6,-34,34.52535300326414,4.200164598937243,0.017481949665300617,190,363,221,227,277,124
1776766342.076925,20.0,-6,-34,34.52535300326414,4.200164598937243,0.017481949665300617,190,363,221,227,277,124
1776766342.13433,20.0,-6,-34,34.52535300326414,4.200164598937243,0.017481949665300617,190,363,221,227,277,124
1776766342.1883717,20.0,-6,-34,34.52535300326414,4.200164598937243,0.017481949665300617,190,363,221,227,277,124
1776766342.2455678,20.0,-6,-34,34.52535300326414,4.200164598937243,0.017481949665300617,190,363,221,227,277,124
1776766342.3040752,20.0,-6,-34,34.52535300326414,4.200164598937243,0.017481949665300617,190,363,221,227,277,124
1776766342.3600984,20.0,-6,-34,34.52535300326414,4.200164598937243,0.017481949665300617,190,363,221,227,277,124
1776766342.4177008,20.0,-6,-34,34.52535300326414,4.200164598937243,0.017481949665300617,190,363,221,227,277,124
1776766342.4711227,20.0,-6,-34,34.52535300326414,4.200164598937243,0.017481949665300617,190,363,221,227,277,124
1776766342.58582,20.0,-6,-34,34.52535300326414,4.200164598937243,0.017481949665300617,190,363,221,227,277,124
1776766342.6432018,20.0,-6,-34,34.52535300326414,4.200164598937243,0.017481949665300617,190,363,221,227,277,124
1776766342.7003155,20.0,-6,-34,34.52535300326414,4.200164598937243,0.017481949665300617,190,363,221,227,277,124
1776766342.7570636,20.0,-6,-34,34.52535300326414,4.200164598937243,0.017481949665300617,190,363,221,227,277,124
1776766342.810171,20.0,-6,-34,34.52535300326414,4.200164598937243,0.017481949665300617,190,363,221,227,277,124
1776766342.867534,20.0,-6,-34,34.52535300326414,4.200164598937243,0.017481949665300617,190,363,221,227,277,124
1776766342.924838,20.0,-6,-34,34.52535300326414,4.200164598937243,0.017481949665300617,190,363,221,227,277,124
1776766342.9822543,20.0,-6,-34,34.52535300326414,4.200164598937243,0.017481949665300617,190,363,221,227,277,124
1776766343.0399296,20.0,-6,-34,34.52535300326414,4.200164598937243,0.017481949665300617,190,363,221,227,277,124
1776766343.0930326,20.0,-6,-34,34.52535300326414,4.200164598937243,0.017481949665300617,190,363,221,227,277,124
1776766343.1509411,20.0,-6,-34,34.52535300326414,4.200164598937243,0.017481949665300617,190,363,221,227,277,124
1776766343.20792,20.0,-6,-34,34.52535300326414,4.200164598937243,0.017481949665300617,190,363,221,227,277,124
1776766343.265446,20.0,-6,-34,34.52535300326414,4.200164598937243,0.017481949665300617,190,363,221,227,277,124
1776766343.322546,20.0,-6,-34,34.52535300326414,4.200164598937243,0.017481949665300617,190,363,221,227,277,124
1776766343.375921,20.0,-6,-34,34.52535300326414,4.200164598937243,0.017481949665300617,190,363,221,227,277,124
1776766343.4334497,20.0,-6,-34,34.52535300326414,4.200164598937243,0.017481949665300617,190,363,221,227,277,124
1776766343.491474,20.0,-6,-34,34.52535300326414,4.200164598937243,0.017481949665300617,190,363,221,227,277,124
1776766343.5481324,20.0,-6,-34,34.52535300326414,4.200164598937243,0.017481949665300617,190,363,221,227,277,124
1776766343.6048234,20.0,-6,-34,34.52535300326414,4.200164598937243,0.017481949665300617,190,363,221,227,277,124
1776766343.6624773,20.0,-6,-34,34.52535300326414,4.200164598937243,0.017481949665300617,190,363,221,227,277,124
1776766343.716216,20.0,-6,-34,34.52535300326414,4.200164598937243,0.01657766510659054,190,363,222,227,277,124
1776766343.7730331,20.0,-6,-34,34.52535300326414,4.200164598937243,0.01657766510659054,190,363,222,227,277,124
1776766343.8305943,20.0,-6,-34,34.52535300326414,4.200164598937243,0.01657766510659054,190,363,222,227,277,124
1776766343.887993,20.0,-6,-34,34.52535300326414,4.200164598937243,0.01657766510659054,190,363,222,227,277,124
1776766343.945366,20.0,-6,-34,34.52535300326414,4.200164598937243,0.01657766510659054,190,363,222,227,277,124
1776766343.998966,20.0,-6,-34,34.52535300326414,4.200164598937243,0.01657766510659054,190,363,222,227,277,124
1776766344.0563946,20.0,-6,-34,34.52535300326414,4.200164598937243,0.01657766510659054,190,363,222,227,277,124
1776766344.1132026,20.0,-6,-34,34.52535300326414,4.200164598937243,0.01657766510659054,190,363,222,227,277,124
1776766344.1705441,20.0,-6,-34,34.52535300326414,4.200164598937243,0.01657766510659054,190,363,222,227,277,124
1776766344.2279534,20.0,-6,-34,34.52535300326414,4.200164598937243,0.01657766510659054,190,363,222,227,277,124
1776766344.2819672,20.0,-6,-34,34.52535300326414,4.200164598937243,0.01657766510659054,190,363,222,227,277,124
1776766344.3385882,20.0,-6,-34,34.52535300326414,4.200164598937243,0.01657766510659054,190,363,222,227,277,124
1776766344.396023,20.0,-6,-34,34.52535300326414,4.200164598937243,0.01657766510659054,190,363,222,227,277,124
1776766344.4533942,20.0,-6,-34,34.52535300326414,4.200164598937243,0.01657766510659054,190,363,222,227,277,124
1776766344.5104504,20.0,-6,-34,34.52535300326414,4.200164598937243,0.01657766510659054,190,363,222,227,277,124
1776766344.5676734,20.0,-6,-34,34.52535300326414,4.200164598937243,0.01657766510659054,190,363,222,227,277,124
1776766344.6215298,20.0,-6,-34,34.52535300326414,4.200164598937243,0.01657766510659054,190,363,222,227,277,124
1776766344.677925,20.0,-6,-34,34.52535300326414,4.200164598937243,0.01657766510659054,190,363,222,227,277,124
1776766344.7357852,20.0,-6,-34,34.52535300326414,4.200164598937243,0.01657766510659054,190,363,222,227,277,124
1776766344.7937026,20.0,-6,-34,34.52535300326414,4.200164598937243,0.01657766510659054,190,363,222,227,277,124
1776766344.8505201,20.0,-6,-34,34.52535300326414,4.200164598937243,0.01657766510659054,190,363,222,227,277,124
1776766344.9035854,20.0,-6,-34,34.52535300326414,4.200164598937243,0.01657766510659054,190,363,222,227,277,124
1776766344.9610999,20.0,-6,-34,34.52535300326414,4.200164598937243,0.01657766510659054,190,363,222,227,277,124
1776766345.01825,20.0,-6,-34,34.52535300326414,4.200164598937243,0.01657766510659054,190,363,222,227,277,124
1776766345.0751483,20.0,-6,-34,34.52535300326414,4.200164598937243,0.017481949665300617,190,363,221,227,277,124
1776766345.1324382,20.0,-6,-34,34.52535300326414,4.200164598937243,0.017481949665300617,190,363,221,227,277,124
1776766345.1899185,20.0,-6,-34,34.52535300326414,4.200164598937243,0.017481949665300617,190,363,221,227,277,124
1776766345.2443721,20.0,-6,-34,34.52535300326414,4.200164598937243,0.017481949665300617,190,363,221,227,277,124
1776766345.358536,20.0,-6,-34,34.52535300326414,4.200164598937243,0.017481949665300617,190,363,221,227,277,124
1776766345.4154174,20.0,-6,-34,34.52535300326414,4.200164598937243,0.017481949665300617,190,363,221,227,277,124
1776766345.4728646,20.0,-6,-34,34.52535300326414,4.200164598937243,0.017481949665300617,190,363,221,227,277,124
1776766345.5263174,20.0,-6,-34,34.52535300326414,4.200164598937243,0.017481949665300617,190,363,221,227,277,124
1776766345.5836158,20.0,-6,-34,34.52535300326414,4.200164598937243,0.017481949665300617,190,363,221,227,277,124
1776766345.6409523,20.0,-6,-34,34.52535300326414,4.200164598937243,0.017481949665300617,190,363,221,227,277,124
1776766345.6987128,20.0,-6,-34,34.52535300326414,4.200164598937243,0.017481949665300617,190,363,221,227,277,124
1776766345.7556384,20.0,-6,-34,34.52535300326414,4.200164598937243,0.017481949665300617,190,363,221,227,277,124
1776766345.8090744,20.0,-6,-34,34.52535300326414,4.200164598937243,0.017481949665300617,190,363,221,227,277,124
1776766345.8662443,20.0,-6,-34,34.52535300326414,4.200164598937243,0.017481949665300617,190,363,221,227,277,124
1776766345.9238012,20.0,-6,-34,34.52535300326414,4.200164598937243,0.017481949665300617,190,363,221,227,277,124
1776766345.980876,20.0,-6,-34,34.52535300326414,4.200164598937243,0.017481949665300617,190,363,221,227,277,124
1776766346.037731,20.0,-6,-34,34.52535300326414,4.200164598937243,0.017481949665300617,190,363,221,227,277,124
1776766346.095315,20.0,-6,-34,34.52535300326414,4.200164598937243,0.017835566360051576,190,363,221,226,277,124
1776766346.1488674,20.0,-6,-34,34.52535300326414,4.200164598937243,0.017835566360051576,190,363,221,226,277,124
1776766346.2064505,20.0,-6,-35,35.510561809129406,4.32001968480893,0.01751565701744378,190,363,221,226,277,123
1776766346.263225,20.0,-6,-35,35.510561809129406,4.32001968480893,0.01751565701744378,190,363,221,226,277,123
1776766346.3209698,20.0,-6,-35,35.510561809129406,4.32001968480893,0.016617942202459962,190,363,222,226,277,123
1776766346.3778431,20.0,-6,-35,35.510561809129406,4.32001968480893,0.016617942202459962,190,363,222,226,277,123
1776766346.4319203,20.0,-6,-35,35.510561809129406,4.32001968480893,0.016617942202459962,190,363,222,226,277,123
1776766346.4884026,20.0,-6,-35,35.510561809129406,4.32001968480893,0.016617942202459962,190,363,222,226,277,123
1776766346.5461686,20.0,-6,-35,35.510561809129406,4.32001968480893,0.016617942202459962,190,363,222,226,277,123
1776766346.603452,20.0,-6,-35,35.510561809129406,4.32001968480893,0.016617942202459962,190,363,222,226,277,123
1776766346.6603029,20.0,-6,-35,35.510561809129406,4.32001968480893,0.016617942202459962,190,363,222,226,277,123
1776766346.7176793,20.0,-6,-35,35.510561809129406,4.32001968480893,0.016617942202459962,190,363,222,226,277,123
1776766346.7713568,20.0,-6,-35,35.510561809129406,4.32001968480893,0.016617942202459962,190,363,222,226,277,123
1776766346.828939,20.0,-6,-35,35.510561809129406,4.32001968480893,0.016617942202459962,190,363,222,226,277,123
1776766346.886262,20.0,-6,-35,35.510561809129406,4.32001968480893,0.016617942202459962,190,363,222,226,277,123
1776766346.9434838,20.0,-6,-35,35.510561809129406,4.32001968480893,0.016617942202459962,190,363,222,226,277,123
1776766347.001277,20.0,-6,-35,35.510561809129406,4.32001968480893,0.016617942202459962,190,363,222,226,277,123
1776766347.0538335,20.0,-6,-35,35.510561809129406,4.32001968480893,0.016617942202459962,190,363,222,226,277,123
1776766347.1117358,20.0,-6,-35,35.510561809129406,4.32001968480893,0.016617942202459962,190,363,222,226,277,123
1776766347.168864,20.0,-6,-35,35.510561809129406,4.32001968480893,0.016617942202459962,190,363,222,226,277,123
1776766347.2263355,20.0,-6,-35,35.510561809129406,4.32001968480893,0.016617942202459962,190,363,222,226,277,123
1776766347.3362184,20.0,-6,-35,35.510561809129406,4.32001968480893,0.016617942202459962,190,363,222,226,277,123
1776766347.3935728,20.0,-6,-35,35.510561809129406,4.32001968480893,0.016617942202459962,190,363,222,226,277,123
1776766347.4513152,20.0,-6,-35,35.510561809129406,4.32001968480893,0.016617942202459962,190,363,222,226,277,123
1776766347.5082612,20.0,-6,-35,35.510561809129406,4.32001968480893,0.016617942202459962,190,363,222,226,277,123
1776766347.5655756,20.0,-6,-35,35.510561809129406,4.32001968480893,0.016617942202459962,190,363,222,226,277,123
1776766347.6228645,20.0,-6,-35,35.510561809129406,4.32001968480893,0.016617942202459962,190,363,222,226,277,123
1776766347.6765013,20.0,-6,-35,35.510561809129406,4.32001968480893,0.016617942202459962,190,363,222,226,277,123
1776766347.734059,20.0,-6,-35,35.510561809129406,4.32001968480893,0.016617942202459962,190,363,222,226,277,123
1776766347.791212,20.0,-6,-35,35.510561809129406,4.32001968480893,0.016617942202459962,190,363,222,226,277,123
1776766347.848399,20.0,-6,-35,35.510561809129406,4.32001968480893,0.016617942202459962,190,363,222,226,277,123
1776766347.9062548,20.0,-6,-35,35.510561809129406,4.32001968480893,0.016617942202459962,190,363,222,226,277,123
1776766347.9599812,20.0,-6,-35,35.510561809129406,4.32001968480893,0.016617942202459962,190,363,222,226,277,123
1776766348.0170236,20.0,-6,-35,35.510561809129406,4.32001968480893,0.016617942202459962,190,363,222,226,277,123
1776766348.0741773,20.0,-6,-35,35.510561809129406,4.32001968480893,0.016617942202459962,190,363,222,226,277,123
1776766348.1307378,20.0,-6,-35,35.510561809129406,4.32001968480893,0.016617942202459962,190,363,222,226,277,123
1776766348.1880586,20.0,-6,-35,35.510561809129406,4.32001968480893,0.016617942202459962,190,363,222,226,277,123
1776766348.2458131,20.0,-6,-35,35.510561809129406,4.32001968480893,0.016617942202459962,190,363,222,226,277,123
1776766348.2991943,20.0,-6,-35,35.510561809129406,4.32001968480893,0.016617942202459962,190,363,222,226,277,123
1776766348.3565824,20.0,-6,-35,35.510561809129406,4.32001968480893,0.016617942202459962,190,363,222,226,277,123
1776766348.4140365,20.0,-6,-35,35.510561809129406,4.32001968480893,0.016617942202459962,190,363,222,226,277,123
1776766348.4708366,20.0,-6,-35,35.510561809129406,4.32001968480893,0.016617942202459962,190,363,222,226,277,123
1776766348.5285802,20.0,-6,-35,35.510561809129406,4.32001968480893,0.016617942202459962,190,363,222,226,277,123
1776766348.5819962,20.0,-6,-35,35.510561809129406,4.32001968480893,0.016617942202459962,190,363,222,226,277,123
1776766348.6392572,20.0,-6,-35,35.510561809129406,4.32001968480893,0.016617942202459962,190,363,222,226,277,123
1776766348.696844,20.0,-6,-35,35.510561809129406,4.32001968480893,0.016617942202459962,190,363,222,226,277,123
1776766348.7539158,20.0,-6,-35,35.510561809129406,4.32001968480893,0.016617942202459962,190,363,222,226,277,123
1776766348.8111203,20.0,-6,-35,35.510561809129406,4.32001968480893,0.016617942202459962,190,363,222,226,277,123
1776766348.8645768,20.0,-6,-35,35.510561809129406,4.32001968480893,0.016617942202459962,190,363,222,226,277,123
1776766348.9215708,20.0,-6,-35,35.510561809129406,4.32001968480893,0.016617942202459962,190,363,222,226,277,123
1776766348.9788013,20.0,-6,-35,35.510561809129406,4.32001968480893,0.016617942202459962,190,363,222,226,277,123
1776766349.036453,20.0,-6,-35,35.510561809129406,4.32001968480893,0.016617942202459962,190,363,222,226,277,123
1776766349.0936513,20.0,-6,-35,35.510561809129406,4.32001968480893,0.016617942202459962,190,363,222,226,277,123
1776766349.1511073,20.0,-6,-35,35.510561809129406,4.32001968480893,0.016617942202459962,190,363,222,226,277,123
1776766349.2041106,20.0,-6,-35,35.510561809129406,4.32001968480893,0.016617942202459962,190,363,222,226,277,123
1776766349.2612224,20.0,-6,-35,35.510561809129406,4.32001968480893,0.016617942202459962,190,363,222,226,277,123
1776766349.3193018,20.0,-6,-35,35.510561809129406,4.32001968480893,0.016617942202459962,190,363,222,226,277,123
1776766349.3760726,20.0,-6,-35,35.510561809129406,4.32001968480893,0.016617942202459962,190,363,222,226,277,123
1776766349.433362,20.0,-6,-35,35.510561809129406,4.32001968480893,0.016617942202459962,190,363,222,226,277,123
1776766349.5444353,20.0,-6,-35,35.510561809129406,4.32001968480893,0.016617942202459962,190,363,222,226,277,123
1776766349.623912,20.0,-6,-35,35.510561809129406,4.32001968480893,0.016617942202459962,190,363,222,226,277,123
1776766349.658387,20.0,-5,-35,35.35533905932738,4.301136138604304,0.017062712929292716,190,363,222,226,278,123
1776766349.7362971,20.0,-5,-35,35.35533905932738,4.301136138604304,0.017062712929292716,190,363,222,226,278,123
1776766349.8182812,20.0,-5,-35,35.35533905932738,4.301136138604304,0.017062712929292716,190,363,222,226,278,123
1776766349.8961341,20.0,-5,-35,35.35533905932738,4.301136138604304,0.017062712929292716,190,363,222,226,278,123
1776766349.9782045,20.0,-5,-35,35.35533905932738,4.301136138604304,0.017062712929292716,190,363,222,226,278,123
1776766350.0570676,20.0,-5,-35,35.35533905932738,4.301136138604304,0.017062712929292716,190,363,222,226,278,123
1776766350.1353333,20.0,-5,-35,35.35533905932738,4.301136138604304,0.017062712929292716,190,363,222,226,278,123
1776766350.2168353,20.0,-6,-35,35.510561809129406,4.32001968480893,0.016617942202459962,190,363,222,226,277,123
1776766350.297948,20.0,-6,-35,35.510561809129406,4.32001968480893,0.016617942202459962,190,363,222,226,277,123
1776766350.3769248,20.0,-6,-35,35.510561809129406,4.32001968480893,0.016617942202459962,190,363,222,226,277,123
1776766350.459583,20.0,-6,-35,35.510561809129406,4.32001968480893,0.01751565701744378,190,363,221,226,277,123
1776766350.5356598,20.0,-6,-35,35.510561809129406,4.32001968480893,0.01751565701744378,190,363,221,226,277,123
1776766350.6187701,20.0,-6,-35,35.510561809129406,4.32001968480893,0.01751565701744378,190,363,221,226,277,123
1776766350.6963625,20.0,-6,-35,35.510561809129406,4.32001968480893,0.01751565701744378,190,363,221,226,277,123
1776766350.7758386,20.0,-6,-35,35.510561809129406,4.32001968480893,0.01751565701744378,190,363,221,226,277,123
1776766350.840889,20.0,-6,-35,35.510561809129406,4.32001968480893,0.01751565701744378,190,363,221,226,277,123
1776766350.9215162,20.0,-6,-35,35.510561809129406,4.32001968480893,0.01751565701744378,190,363,221,226,277,123
1776766351.0021763,20.0,-6,-35,35.510561809129406,4.32001968480893,0.01751565701744378,190,363,221,226,277,123
1776766351.0989654,20.0,-6,-35,35.510561809129406,4.32001968480893,0.01751565701744378,190,363,221,226,277,123
1776766351.1769414,20.0,-6,-35,35.510561809129406,4.32001968480893,0.01751565701744378,190,363,221,226,277,123
1776766351.256632,20.0,-6,-35,35.510561809129406,4.32001968480893,0.01751565701744378,190,363,221,226,277,123
1776766351.3381689,20.0,-6,-35,35.510561809129406,4.32001968480893,0.01751565701744378,190,363,221,226,277,123
1776766351.434754,20.0,-6,-35,35.510561809129406,4.32001968480893,0.01751565701744378,190,363,221,226,277,123
1776766351.5136864,20.0,-6,-35,35.510561809129406,4.32001968480893,0.01751565701744378,190,363,221,226,277,123
1776766351.5948315,20.0,-6,-35,35.510561809129406,4.32001968480893,0.01751565701744378,190,363,221,226,277,123
1776766351.6721647,20.0,-6,-35,35.510561809129406,4.32001968480893,0.01751565701744378,190,363,221,226,277,123
1776766351.755774,20.0,-6,-35,35.510561809129406,4.32001968480893,0.01751565701744378,190,363,221,226,277,123
1776766351.8332562,20.0,-6,-35,35.510561809129406,4.32001968480893,0.01751565701744378,190,363,221,226,277,123
1776766351.9247177,20.0,-6,-35,35.510561809129406,4.32001968480893,0.01751565701744378,190,363,221,226,277,123
1776766351.9913394,20.0,-6,-35,35.510561809129406,4.32001968480893,0.01751565701744378,190,363,221,226,277,123
1776766352.056096,20.0,-6,-35,35.510561809129406,4.32001968480893,0.01751565701744378,190,363,221,226,277,123
1776766352.1380548,20.0,-6,-35,35.510561809129406,4.32001968480893,0.01751565701744378,190,363,221,226,277,123
1776766352.2324188,20.0,-6,-35,35.510561809129406,4.32001968480893,0.01751565701744378,190,363,221,226,277,123
1776766352.2977493,20.0,-6,-35,35.510561809129406,4.32001968480893,0.01751565701744378,190,363,221,226,277,123
1776766352.3763564,20.0,-6,-35,35.510561809129406,4.32001968480893,0.01751565701744378,190,363,221,226,277,123
1776766352.4584594,20.0,-6,-35,35.510561809129406,4.32001968480893,0.01751565701744378,190,363,221,226,277,123
1776766352.5360522,20.0,-6,-35,35.510561809129406,4.32001968480893,0.01751565701744378,190,363,221,226,277,123
1776766352.634382,20.0,-6,-35,35.510561809129406,4.32001968480893,0.01751565701744378,190,363,221,226,277,123
1776766352.714129,20.0,-6,-35,35.510561809129406,4.32001968480893,0.01751565701744378,190,363,221,226,277,123
1776766352.7937808,20.0,-6,-35,35.510561809129406,4.32001968480893,0.01751565701744378,190,363,221,226,277,123
1776766352.8725262,20.0,-6,-35,35.510561809129406,4.32001968480893,0.01751565701744378,190,363,221,226,277,123
1776766352.9521937,20.0,-6,-35,35.510561809129406,4.32001968480893,0.01751565701744378,190,363,221,226,277,123
1776766353.017386,20.0,-6,-35,35.510561809129406,4.32001968480893,0.01751565701744378,190,363,221,226,277,123
1776766353.1614387,20.0,-6,-35,35.510561809129406,4.32001968480893,0.01751565701744378,190,363,221,226,277,123
1776766353.2390313,20.0,-6,-35,35.510561809129406,4.32001968480893,0.01751565701744378,190,363,221,226,277,123
1776766353.320897,20.0,-6,-35,35.510561809129406,4.32001968480893,0.01751565701744378,190,363,221,226,277,123
1776766353.4040728,20.0,-6,-35,35.510561809129406,4.32001968480893,0.01751565701744378,190,363,221,226,277,123
1776766353.4800546,20.0,-6,-35,35.510561809129406,4.32001968480893,0.01751565701744378,190,363,221,226,277,123
1776766353.5610712,20.0,-6,-35,35.510561809129406,4.32001968480893,0.01751565701744378,190,363,221,226,277,123
1776766353.6586487,20.0,-6,-35,35.510561809129406,4.32001968480893,0.01751565701744378,190,363,221,226,277,123
1776766353.7390308,20.0,-6,-35,35.510561809129406,4.32001968480893,0.01751565701744378,190,363,221,226,277,123
1776766353.8151119,20.0,-6,-35,35.510561809129406,4.32001968480893,0.01751565701744378,190,363,221,226,277,123
1776766353.8958602,20.0,-6,-35,35.510561809129406,4.32001968480893,0.01751565701744378,190,363,221,226,277,123
1776766353.9760222,20.0,-6,-35,35.510561809129406,4.32001968480893,0.01751565701744378,190,363,221,226,277,123
1776766354.0574105,20.0,-6,-35,35.510561809129406,4.32001968480893,0.01751565701744378,190,363,221,226,277,123
1776766354.135766,20.0,-6,-35,35.510561809129406,4.32001968480893,0.01751565701744378,190,363,221,226,277,123
1776766354.2135773,20.0,-6,-35,35.510561809129406,4.32001968480893,0.01751565701744378,190,363,221,226,277,123
1776766354.2961144,20.0,-6,-35,35.510561809129406,4.32001968480893,0.01751565701744378,190,363,221,226,277,123
1776766354.3760128,20.0,-6,-35,35.510561809129406,4.32001968480893,0.01751565701744378,190,363,221,226,277,123
1776766354.4558687,20.0,-6,-35,35.510561809129406,4.32001968480893,0.01751565701744378,190,363,221,226,277,123
1776766354.5391178,20.0,-6,-35,35.510561809129406,4.32001968480893,0.01751565701744378,190,363,221,226,277,123
1776766354.6337576,20.0,-6,-35,35.510561809129406,4.32001968480893,0.01751565701744378,190,363,221,226,277,123
1776766354.7129085,20.0,-6,-35,35.510561809129406,4.32001968480893,0.01751565701744378,190,363,221,226,277,123
1776766354.792673,20.0,-6,-35,35.510561809129406,4.32001968480893,0.01751565701744378,190,363,221,226,277,123
1776766354.8740683,20.0,-6,-35,35.510561809129406,4.32001968480893,0.01751565701744378,190,363,221,226,277,123
1776766354.9555469,20.0,-6,-35,35.510561809129406,4.32001968480893,0.01751565701744378,190,363,221,226,277,123
1776766355.0324843,20.0,-6,-35,35.510561809129406,4.32001968480893,0.01751565701744378,190,363,221,226,277,123
1776766355.1143,20.0,-6,-35,35.510561809129406,4.32001968480893,0.01751565701744378,190,363,221,226,277,123
1776766355.1929083,20.0,-6,-35,35.510561809129406,4.32001968480893,0.01751565701744378,190,363,221,226,277,123
1776766355.2885091,20.0,-6,-35,35.510561809129406,4.32001968480893,0.01751565701744378,190,363,221,226,277,123
1776766355.3689075,20.0,-6,-36,36.49657518178932,4.439972649852715,0.0175476954929812,190,363,221,225,277,122
1776766355.4647145,20.0,-6,-36,36.49657518178932,4.439972649852715,0.0175476954929812,190,363,221,225,277,122
1776766355.5448596,20.0,-6,-36,36.49657518178932,4.439972649852715,0.0175476954929812,190,363,221,225,277,122
1776766355.6246393,20.0,-6,-36,36.49657518178932,4.439972649852715,0.0175476954929812,190,363,221,225,277,122
1776766355.7048655,20.0,-6,-36,36.49657518178932,4.439972649852715,0.0175476954929812,190,363,221,225,277,122
1776766355.7858913,20.0,-6,-36,36.49657518178932,4.439972649852715,0.0175476954929812,190,363,221,225,277,122
1776766355.8669033,20.0,-6,-36,36.49657518178932,4.439972649852715,0.0175476954929812,190,363,221,225,277,122
1776766355.945971,20.0,-6,-36,36.49657518178932,4.439972649852715,0.01789574026063111,190,363,221,224,277,122
1776766356.0255544,20.0,-6,-36,36.49657518178932,4.439972649852715,0.01789574026063111,190,363,221,224,277,122
1776766356.1070535,20.0,-6,-36,36.49657518178932,4.439972649852715,0.01789574026063111,190,363,221,224,277,122
1776766356.1841598,20.0,-5,-36,36.345563690772494,4.421601422235097,0.018333067036812357,190,363,221,224,278,122
1776766356.3119793,20.0,-5,-37,37.33630940518894,4.542130097954859,0.01713446220412388,190,363,222,224,278,121
1776766356.3914073,20.0,-5,-37,37.33630940518894,4.542130097954859,0.01713446220412388,190,363,222,224,278,121
1776766356.4712281,20.0,-5,-37,37.33630940518894,4.542130097954859,0.01713446220412388,190,363,222,224,278,121
1776766356.5361593,20.0,-5,-37,37.33630940518894,4.542130097954859,0.01713446220412388,190,363,222,224,278,121
1776766356.6164548,20.0,-5,-37,37.33630940518894,4.542130097954859,0.01713446220412388,190,363,222,224,278,121
1776766356.6981356,20.0,-5,-37,37.33630940518894,4.542130097954859,0.01713446220412388,190,363,222,224,278,121
1776766356.7772324,20.0,-5,-37,37.33630940518894,4.542130097954859,0.01713446220412388,190,363,222,224,278,121
1776766356.8565538,20.0,-5,-37,37.33630940518894,4.542130097954859,0.01713446220412388,190,363,222,224,278,121
1776766356.9407086,20.0,-5,-37,37.33630940518894,4.542130097954859,0.01713446220412388,190,363,222,224,278,121
1776766357.0163965,20.0,-5,-37,37.33630940518894,4.542130097954859,0.01713446220412388,190,363,222,224,278,121
1776766357.0999978,20.0,-5,-37,37.33630940518894,4.542130097954859,0.01713446220412388,190,363,222,224,278,121
1776766357.178667,20.0,-5,-37,37.33630940518894,4.542130097954859,0.01713446220412388,190,363,222,224,278,121
1776766357.25651,20.0,-5,-37,37.33630940518894,4.542130097954859,0.01713446220412388,190,363,222,224,278,121
1776766357.3368566,20.0,-5,-37,37.33630940518894,4.542130097954859,0.01713446220412388,190,363,222,224,278,121
1776766357.417392,20.0,-5,-37,37.33630940518894,4.542130097954859,0.01713446220412388,190,363,222,224,278,121
1776766357.496009,20.0,-5,-37,37.33630940518894,4.542130097954859,0.01713446220412388,190,363,222,224,278,121
1776766357.5788279,20.0,-5,-37,37.33630940518894,4.542130097954859,0.01713446220412388,190,363,222,224,278,121
1776766357.659912,20.0,-5,-37,37.33630940518894,4.542130097954859,0.01713446220412388,190,363,222,224,278,121
1776766357.736695,20.0,-5,-37,37.33630940518894,4.542130097954859,0.01713446220412388,190,363,222,224,278,121
1776766357.8179874,20.0,-5,-37,37.33630940518894,4.542130097954859,0.01713446220412388,190,363,222,224,278,121
1776766357.8983266,20.0,-5,-37,37.33630940518894,4.542130097954859,0.01713446220412388,190,363,222,224,278,121
1776766357.9764938,20.0,-5,-37,37.33630940518894,4.542130097954859,0.01713446220412388,190,363,222,224,278,121
1776766358.0600996,20.0,-5,-37,37.33630940518894,4.542130097954859,0.01713446220412388,190,363,222,224,278,121
1776766358.1390636,20.0,-5,-37,37.33630940518894,4.542130097954859,0.01713446220412388,190,363,222,224,278,121
1776766358.2175965,20.0,-5,-37,37.33630940518894,4.542130097954859,0.01713446220412388,190,363,222,224,278,121
1776766358.2984934,20.0,-5,-37,37.33630940518894,4.542130097954859,0.01713446220412388,190,363,222,224,278,121
1776766358.3767798,20.0,-5,-37,37.33630940518894,4.542130097954859,0.01713446220412388,190,363,222,224,278,121
1776766358.457258,20.0,-5,-37,37.33630940518894,4.542130097954859,0.01713446220412388,190,363,222,224,278,121
1776766358.5380557,20.0,-5,-37,37.33630940518894,4.542130097954859,0.01713446220412388,190,363,222,224,278,121
1776766358.616996,20.0,-5,-37,37.33630940518894,4.542130097954859,0.01713446220412388,190,363,222,224,278,121
1776766358.6954794,20.0,-5,-37,37.33630940518894,4.542130097954859,0.01713446220412388,190,363,222,224,278,121
1776766358.7735133,20.0,-5,-37,37.33630940518894,4.542130097954859,0.01713446220412388,190,363,222,224,278,121
1776766358.8568623,20.0,-5,-37,37.33630940518894,4.542130097954859,0.01713446220412388,190,363,222,224,278,121
1776766358.9380548,20.0,-5,-37,37.33630940518894,4.542130097954859,0.01713446220412388,190,363,222,224,278,121
1776766359.0184884,20.0,-5,-37,37.33630940518894,4.542130097954859,0.01713446220412388,190,363,222,224,278,121
1776766359.0974157,20.0,-5,-37,37.33630940518894,4.542130097954859,0.01713446220412388,190,363,222,224,278,121
1776766359.1776307,20.0,-5,-37,37.33630940518894,4.542130097954859,0.01713446220412388,190,363,222,224,278,121
1776766359.3057058,20.0,-5,-37,37.33630940518894,4.542130097954859,0.01713446220412388,190,363,222,224,278,121
1776766359.40056,20.0,-5,-37,37.33630940518894,4.542130097954859,0.01713446220412388,190,363,222,224,278,121
1776766359.4791434,20.0,-5,-37,37.33630940518894,4.542130097954859,0.01713446220412388,190,363,222,224,278,121
1776766359.5621977,20.0,-5,-37,37.33630940518894,4.542130097954859,0.01713446220412388,190,363,222,224,278,121
1776766359.6425517,20.0,-5,-37,37.33630940518894,4.542130097954859,0.01713446220412388,190,363,222,224,278,121
1776766359.720389,20.0,-5,-37,37.33630940518894,4.542130097954859,0.01713446220412388,190,363,222,224,278,121
1776766359.8021522,20.0,-5,-37,37.33630940518894,4.542130097954859,0.01713446220412388,190,363,222,224,278,121
1776766359.8788366,20.0,-5,-37,37.33630940518894,4.542130097954859,0.01713446220412388,190,363,222,224,278,121
1776766359.9610984,20.0,-5,-37,37.33630940518894,4.542130097954859,0.01713446220412388,190,363,222,224,278,121
1776766360.043064,20.0,-5,-37,37.33630940518894,4.542130097954859,0.01713446220412388,190,363,222,224,278,121
1776766360.1212065,20.0,-5,-37,37.33630940518894,4.542130097954859,0.01713446220412388,190,363,222,224,278,121
1776766360.2005727,20.0,-5,-37,37.33630940518894,4.542130097954859,0.01713446220412388,190,363,222,224,278,121
1776766360.280801,20.0,-5,-37,37.33630940518894,4.542130097954859,0.01713446220412388,190,363,222,224,278,121
1776766360.3615053,20.0,-5,-37,37.33630940518894,4.542130097954859,0.01713446220412388,190,363,222,224,278,121
1776766360.439919,20.0,-5,-37,37.33630940518894,4.542130097954859,0.01713446220412388,190,363,222,224,278,121
1776766360.5043147,20.0,-5,-37,37.33630940518894,4.542130097954859,0.01713446220412388,190,363,222,224,278,121
1776766360.599312,20.0,-5,-37,37.33630940518894,4.542130097954859,0.01713446220412388,190,363,222,224,278,121
1776766360.680076,20.0,-5,-37,37.33630940518894,4.542130097954859,0.01713446220412388,190,363,222,224,278,121
1776766360.7612846,20.0,-5,-37,37.33630940518894,4.542130097954859,0.01713446220412388,190,363,222,224,278,121
1776766360.8422031,20.0,-5,-37,37.33630940518894,4.542130097954859,0.01713446220412388,190,363,222,224,278,121
1776766360.919824,20.0,-5,-37,37.33630940518894,4.542130097954859,0.01713446220412388,190,363,222,224,278,121
1776766360.9989097,20.0,-5,-37,37.33630940518894,4.542130097954859,0.01713446220412388,190,363,222,224,278,121
1776766361.0631788,20.0,-5,-37,37.33630940518894,4.542130097954859,0.01713446220412388,190,363,222,224,278,121
1776766361.1438122,20.0,-5,-37,37.33630940518894,4.542130097954859,0.01713446220412388,190,363,222,224,278,121
1776766361.2238748,20.0,-5,-37,37.33630940518894,4.542130097954859,0.01713446220412388,190,363,222,224,278,121
1776766361.3063214,20.0,-5,-37,37.33630940518894,4.542130097954859,0.01713446220412388,190,363,222,224,278,121
1776766361.3815377,20.0,-5,-37,37.33630940518894,4.542130097954859,0.01713446220412388,190,363,222,224,278,121
1776766361.4647543,20.0,-5,-37,37.33630940518894,4.542130097954859,0.017482723235099286,190,363,222,223,278,121
1776766361.5449867,20.0,-5,-37,37.33630940518894,4.542130097954859,0.017482723235099286,190,363,222,223,278,121
1776766361.6252017,20.0,-5,-37,37.33630940518894,4.542130097954859,0.017482723235099286,190,363,222,223,278,121
1776766361.7064905,20.0,-5,-37,37.33630940518894,4.542130097954859,0.017482723235099286,190,363,222,223,278,121
1776766361.7836862,20.0,-5,-37,37.33630940518894,4.542130097954859,0.017482723235099286,190,363,222,223,278,121
1776766361.8656754,20.0,-5,-37,37.33630940518894,4.542130097954859,0.017482723235099286,190,363,222,223,278,121
1776766361.94607,20.0,-5,-37,37.33630940518894,4.542130097954859,0.017482723235099286,190,363,222,223,278,121
1776766362.0266268,20.0,-5,-37,37.33630940518894,4.542130097954859,0.017482723235099286,190,363,222,223,278,121
1776766362.1052542,20.0,-5,-37,37.33630940518894,4.542130097954859,0.017482723235099286,190,363,222,223,278,121
1776766362.1864662,20.0,-5,-37,37.33630940518894,4.542130097954859,0.017482723235099286,190,363,222,223,278,121
1776766362.2655966,20.0,-5,-37,37.33630940518894,4.542130097954859,0.017482723235099286,190,363,222,223,278,121
1776766362.3466897,20.0,-5,-37,37.33630940518894,4.542130097954859,0.017482723235099286,190,363,222,223,278,121
1776766362.4396818,20.0,-5,-37,37.33630940518894,4.542130097954859,0.017482723235099286,190,363,222,223,278,121
1776766362.5189502,20.0,-5,-37,37.33630940518894,4.542130097954859,0.017482723235099286,190,363,222,223,278,121
1776766362.6039047,20.0,-5,-37,37.33630940518894,4.542130097954859,0.017482723235099286,190,363,222,223,278,121
1776766362.6789815,20.0,-5,-37,37.33630940518894,4.542130097954859,0.017450450166156487,190,362,222,223,278,121
1776766362.7738137,20.0,-5,-37,37.33630940518894,4.542130097954859,0.017450450166156487,190,362,222,223,278,121
1776766362.8540163,20.0,-5,-37,37.33630940518894,4.542130097954859,0.017450450166156487,190,362,222,223,278,121
1776766362.982786,20.0,-5,-37,37.33630940518894,4.542130097954859,0.017450450166156487,190,362,222,223,278,121
1776766363.0477295,20.0,-5,-37,37.33630940518894,4.542130097954859,0.017450450166156487,190,362,222,223,278,121
1776766363.127917,20.0,-5,-37,37.33630940518894,4.542130097954859,0.017450450166156487,190,362,222,223,278,121
1776766363.2076066,20.0,-5,-37,37.33630940518894,4.542130097954859,0.017450450166156487,190,362,222,223,278,121
1776766363.2858012,20.0,-5,-37,37.33630940518894,4.542130097954859,0.017450450166156487,190,362,222,223,278,121
1776766363.367532,20.0,-5,-37,37.33630940518894,4.542130097954859,0.017450450166156487,190,362,222,223,278,121
1776766363.4336123,20.0,-5,-37,37.33630940518894,4.542130097954859,0.017450450166156487,190,362,222,223,278,121
1776766363.513142,20.0,-5,-38,38.3275357934736,4.662717249814306,0.01713446220412388,190,362,222,223,278,120
1776766363.5899382,20.0,-5,-38,38.3275357934736,4.662717249814306,0.01713446220412388,190,362,222,223,278,120
1776766363.670698,20.0,-5,-38,38.3275357934736,4.662717249814306,0.01713446220412388,190,362,222,223,278,120
1776766363.7360983,20.0,-5,-38,38.3275357934736,4.662717249814306,0.01713446220412388,190,362,222,223,278,120
1776766363.8143792,20.0,-5,-38,38.3275357934736,4.662717249814306,0.01713446220412388,190,362,222,223,278,120
1776766363.8798912,20.0,-5,-38,38.3275357934736,4.662717249814306,0.01713446220412388,190,362,222,223,278,120
1776766363.958137,20.0,-5,-38,38.3275357934736,4.662717249814306,0.01713446220412388,190,362,222,223,278,120
1776766364.0249686,20.0,-5,-38,38.3275357934736,4.662717249814306,0.01713446220412388,190,362,222,223,278,120
1776766364.1057847,20.0,-5,-38,38.3275357934736,4.662717249814306,0.01713446220412388,190,362,222,223,278,120
1776766364.1840796,20.0,-5,-38,38.3275357934736,4.662717249814306,0.01713446220412388,190,362,222,223,278,120
1776766364.2672114,20.0,-5,-38,38.3275357934736,4.662717249814306,0.01713446220412388,190,362,222,223,278,120
1776766364.3459804,20.0,-5,-38,38.3275357934736,4.662717249814306,0.01713446220412388,190,362,222,223,278,120
1776766364.4255152,20.0,-5,-38,38.3275357934736,4.662717249814306,0.01713446220412388,190,362,222,223,278,120
1776766364.5048127,20.0,-5,-38,38.3275357934736,4.662717249814306,0.01713446220412388,190,362,222,223,278,120
1776766364.5854588,20.0,-5,-38,38.3275357934736,4.662717249814306,0.01713446220412388,190,362,222,223,278,120
1776766364.6646004,20.0,-5,-38,38.3275357934736,4.662717249814306,0.01713446220412388,190,362,222,223,278,120
1776766364.746738,20.0,-5,-38,38.3275357934736,4.662717249814306,0.01713446220412388,190,362,222,223,278,120
1776766364.8256125,20.0,-5,-38,38.3275357934736,4.662717249814306,0.01713446220412388,190,362,222,223,278,120
1776766364.9051006,20.0,-5,-38,38.3275357934736,4.662717249814306,0.01713446220412388,190,362,222,223,278,120
1776766364.985655,20.0,-5,-38,38.3275357934736,4.662717249814306,0.01713446220412388,190,362,222,223,278,120
1776766365.064606,20.0,-5,-38,38.3275357934736,4.662717249814306,0.01713446220412388,190,362,222,223,278,120
1776766365.144944,20.0,-5,-38,38.3275357934736,4.662717249814306,0.01713446220412388,190,362,222,223,278,120
1776766365.223679,20.0,-5,-38,38.3275357934736,4.662717249814306,0.01713446220412388,190,362,222,223,278,120
1776766365.3053474,20.0,-5,-38,38.3275357934736,4.662717249814306,0.01713446220412388,190,362,222,223,278,120
1776766365.3858228,20.0,-5,-38,38.3275357934736,4.662717249814306,0.01713446220412388,190,362,222,223,278,120
1776766365.4625244,20.0,-5,-38,38.3275357934736,4.662717249814306,0.01713446220412388,190,362,222,223,278,120
1776766365.54298,20.0,-5,-38,38.3275357934736,4.662717249814306,0.01713446220412388,190,362,222,223,278,120
1776766365.6248136,20.0,-5,-38,38.3275357934736,4.662717249814306,0.01713446220412388,190,362,222,223,278,120
1776766365.7041314,20.0,-5,-38,38.3275357934736,4.662717249814306,0.01713446220412388,190,362,222,223,278,120
1776766365.7850063,20.0,-5,-38,38.3275357934736,4.662717249814306,0.01713446220412388,190,362,222,223,278,120
1776766365.865222,20.0,-5,-38,38.3275357934736,4.662717249814306,0.01713446220412388,190,362,222,223,278,120
1776766365.9454997,20.0,-5,-38,38.3275357934736,4.662717249814306,0.01713446220412388,190,362,222,223,278,120
1776766366.0730467,20.0,-5,-38,38.3275357934736,4.662717249814306,0.01713446220412388,190,362,222,223,278,120
1776766366.1547706,20.0,-5,-38,38.3275357934736,4.662717249814306,0.01713446220412388,190,362,222,223,278,120
1776766366.2328277,20.0,-5,-38,38.3275357934736,4.662717249814306,0.01713446220412388,190,362,222,223,278,120
1776766366.3133612,20.0,-5,-38,38.3275357934736,4.662717249814306,0.01713446220412388,190,362,222,223,278,120
1776766366.3923116,20.0,-5,-38,38.3275357934736,4.662717249814306,0.01713446220412388,190,362,222,223,278,120
1776766366.4739854,20.0,-5,-38,38.3275357934736,4.662717249814306,0.01713446220412388,190,362,222,223,278,120
1776766366.5515528,20.0,-5,-38,38.3275357934736,4.662717249814306,0.01713446220412388,190,362,222,223,278,120
1776766366.6342633,20.0,-5,-38,38.3275357934736,4.662717249814306,0.01713446220412388,190,362,222,223,278,120
1776766366.713084,20.0,-5,-38,38.3275357934736,4.662717249814306,0.01713446220412388,190,362,222,223,278,120
1776766366.811079,20.0,-5,-38,38.3275357934736,4.662717249814306,0.01713446220412388,190,362,222,223,278,120
1776766366.8881917,20.0,-5,-38,38.3275357934736,4.662717249814306,0.01713446220412388,190,362,222,223,278,120
1776766366.9690619,20.0,-5,-38,38.3275357934736,4.662717249814306,0.01713446220412388,190,362,222,223,278,120
1776766367.049242,20.0,-5,-38,38.3275357934736,4.662717249814306,0.01713446220412388,190,362,222,223,278,120
1776766367.1293917,20.0,-5,-38,38.3275357934736,4.662717249814306,0.01713446220412388,190,362,222,223,278,120
1776766367.20863,20.0,-5,-38,38.3275357934736,4.662717249814306,0.01713446220412388,190,362,222,223,278,120
1776766367.289884,20.0,-5,-38,38.3275357934736,4.662717249814306,0.01713446220412388,190,362,222,223,278,120
1776766367.367781,20.0,-5,-38,38.3275357934736,4.662717249814306,0.01713446220412388,190,362,222,223,278,120
1776766367.4498074,20.0,-5,-38,38.3275357934736,4.662717249814306,0.01713446220412388,190,362,222,223,278,120
1776766367.545862,20.0,-5,-38,38.3275357934736,4.662717249814306,0.01713446220412388,190,362,222,223,278,120
1776766367.6243763,20.0,-5,-38,38.3275357934736,4.662717249814306,0.01713446220412388,190,362,222,223,278,120
1776766367.7040524,20.0,-5,-38,38.3275357934736,4.662717249814306,0.01713446220412388,190,362,222,223,278,120
1776766367.7834358,20.0,-5,-38,38.3275357934736,4.662717249814306,0.01713446220412388,190,362,222,223,278,120
1776766367.8482804,20.0,-5,-38,38.3275357934736,4.662717249814306,0.01713446220412388,190,362,222,223,278,120
1776766367.9281685,20.0,-5,-38,38.3275357934736,4.662717249814306,0.01713446220412388,190,362,222,223,278,120
1776766368.0090275,20.0,-5,-38,38.3275357934736,4.662717249814306,0.01713446220412388,190,362,222,223,278,120
1776766368.0898886,20.0,-5,-38,38.3275357934736,4.662717249814306,0.01713446220412388,190,362,222,223,278,120
1776766368.1723542,20.0,-5,-38,38.3275357934736,4.662717249814306,0.01713446220412388,190,362,222,223,278,120
1776766368.2487392,20.0,-5,-38,38.3275357934736,4.662717249814306,0.01713446220412388,190,362,222,223,278,120
1776766368.32974,20.0,-5,-38,38.3275357934736,4.662717249814306,0.01713446220412388,190,362,222,223,278,120
1776766368.4087248,20.0,-5,-38,38.3275357934736,4.662717249814306,0.01713446220412388,190,362,222,223,278,120
1776766368.4892564,20.0,-5,-38,38.3275357934736,4.662717249814306,0.01713446220412388,190,362,222,223,278,120
1776766368.5683606,20.0,-5,-38,38.3275357934736,4.662717249814306,0.01713446220412388,190,362,222,223,278,120
1776766368.648675,20.0,-5,-38,38.3275357934736,4.662717249814306,0.01713446220412388,190,362,222,223,278,120
1776766368.7296069,20.0,-5,-38,38.3275357934736,4.662717249814306,0.01713446220412388,190,362,222,223,278,120
1776766368.8107736,20.0,-5,-38,38.3275357934736,4.662717249814306,0.01713446220412388,190,362,222,223,278,120
1776766368.8901768,20.0,-5,-38,38.3275357934736,4.662717249814306,0.01713446220412388,190,362,222,223,278,120
1776766368.9683046,20.0,-5,-38,38.3275357934736,4.662717249814306,0.01713446220412388,190,362,222,223,278,120
1776766369.0514166,20.0,-5,-38,38.3275357934736,4.662717249814306,0.01713446220412388,190,362,222,223,278,120
1776766369.1314418,20.0,-5,-38,38.3275357934736,4.662717249814306,0.01713446220412388,190,362,222,223,278,120
1776766369.2098684,20.0,-5,-38,38.3275357934736,4.662717249814306,0.01713446220412388,190,362,222,223,278,120
1776766369.2881896,20.0,-5,-38,38.3275357934736,4.662717249814306,0.01713446220412388,190,362,222,223,278,120
1776766369.369345,20.0,-5,-38,38.3275357934736,4.662717249814306,0.01713446220412388,190,362,222,223,278,120
1776766369.4513645,20.0,-5,-38,38.3275357934736,4.662717249814306,0.01713446220412388,190,362,222,223,278,120
1776766369.5433276,20.0,-5,-38,38.3275357934736,4.662717249814306,0.01713446220412388,190,362,222,223,278,120
1776766369.6242545,20.0,-5,-38,38.3275357934736,4.662717249814306,0.01713446220412388,190,362,222,223,278,120
1776766369.7062352,20.0,-5,-38,38.3275357934736,4.662717249814306,0.01713446220412388,190,362,222,223,278,120
1776766369.785213,20.0,-5,-38,38.3275357934736,4.662717249814306,0.01713446220412388,190,362,222,223,278,120
1776766369.8655534,20.0,-5,-38,38.3275357934736,4.662717249814306,0.01713446220412388,190,362,222,223,278,120
1776766369.9908118,20.0,-5,-38,38.3275357934736,4.662717249814306,0.01713446220412388,190,362,222,223,278,120
1776766370.0637684,20.0,-5,-38,38.3275357934736,4.662717249814306,0.017482723235099286,190,362,222,222,278,120
1776766370.1358926,20.0,-5,-38,38.3275357934736,4.662717249814306,0.017482723235099286,190,362,222,222,278,120
1776766370.216001,20.0,-5,-38,38.3275357934736,4.662717249814306,0.017482723235099286,190,362,222,222,278,120
1776766370.2971597,20.0,-5,-38,38.3275357934736,4.662717249814306,0.017482723235099286,190,362,222,222,278,120
1776766370.375888,20.0,-5,-38,38.3275357934736,4.662717249814306,0.017482723235099286,190,362,222,222,278,120
1776766370.4576495,20.0,-5,-38,38.3275357934736,4.662717249814306,0.017482723235099286,190,362,222,222,278,120
1776766370.5389726,20.0,-5,-38,38.3275357934736,4.662717249814306,0.017482723235099286,190,362,222,222,278,120
1776766370.6474013,20.0,-5,-38,38.3275357934736,4.662717249814306,0.017482723235099286,190,362,222,222,278,120
1776766370.7122364,20.0,-5,-38,38.3275357934736,4.662717249814306,0.017482723235099286,190,362,222,222,278,120
1776766370.795115,20.0,-5,-38,38.3275357934736,4.662717249814306,0.017482723235099286,190,362,222,222,278,120
1776766370.8720937,20.0,-5,-38,38.3275357934736,4.662717249814306,0.017482723235099286,190,362,222,222,278,120
1776766370.9542308,20.0,-5,-38,38.3275357934736,4.662717249814306,0.017482723235099286,190,362,222,222,278,120
1776766371.049934,20.0,-5,-38,38.3275357934736,4.662717249814306,0.017482723235099286,190,362,222,222,278,120
1776766371.1316016,20.0,-5,-38,38.3275357934736,4.662717249814306,0.017482723235099286,190,362,222,222,278,120
1776766371.2103195,20.0,-5,-38,38.3275357934736,4.662717249814306,0.017482723235099286,190,362,222,222,278,120
1776766371.2881076,20.0,-5,-38,38.3275357934736,4.662717249814306,0.017482723235099286,190,362,222,222,278,120
1776766371.3537705,20.0,-5,-38,38.3275357934736,4.662717249814306,0.017482723235099286,190,362,222,222,278,120
1776766371.431565,20.0,-5,-38,38.3275357934736,4.662717249814306,0.017482723235099286,190,362,222,222,278,120
1776766371.513865,20.0,-5,-38,38.3275357934736,4.662717249814306,0.017482723235099286,190,362,222,222,278,120
1776766371.5943503,20.0,-5,-38,38.3275357934736,4.662717249814306,0.017482723235099286,190,362,222,222,278,120
1776766371.6714118,20.0,-5,-38,38.3275357934736,4.662717249814306,0.017482723235099286,190,362,222,222,278,120
1776766371.7534795,20.0,-5,-38,38.3275357934736,4.662717249814306,0.017482723235099286,190,362,222,222,278,120
1776766371.8344214,20.0,-5,-38,38.3275357934736,4.662717249814306,0.017482723235099286,190,362,222,222,278,120
1776766371.9162738,20.0,-5,-38,38.3275357934736,4.662717249814306,0.017482723235099286,190,362,222,222,278,120
1776766372.0099688,20.0,-5,-38,38.3275357934736,4.662717249814306,0.017482723235099286,190,362,222,222,278,120
1776766372.0882773,20.0,-5,-38,38.3275357934736,4.662717249814306,0.017482723235099286,190,362,222,222,278,120
1776766372.1838474,20.0,-5,-38,38.3275357934736,4.662717249814306,0.017482723235099286,190,362,222,222,278,120
1776766372.2625566,20.0,-5,-38,38.3275357934736,4.662717249814306,0.017482723235099286,190,362,222,222,278,120
1776766372.3410952,20.0,-5,-38,38.3275357934736,4.662717249814306,0.017482723235099286,190,362,222,222,278,120
1776766372.409311,20.0,-5,-38,38.3275357934736,4.662717249814306,0.017482723235099286,190,362,222,222,278,120
1776766372.4881403,20.0,-5,-38,38.3275357934736,4.662717249814306,0.017482723235099286,190,362,222,222,278,120
1776766372.5696337,20.0,-5,-38,38.3275357934736,4.662717249814306,0.017482723235099286,190,362,222,222,278,120
1776766372.6487813,20.0,-5,-38,38.3275357934736,4.662717249814306,0.017482723235099286,190,362,222,222,278,120
1776766372.7290797,20.0,-5,-38,38.3275357934736,4.662717249814306,0.017482723235099286,190,362,222,222,278,120
1776766372.8026285,20.0,-5,-38,38.3275357934736,4.662717249814306,0.017482723235099286,190,362,222,222,278,120
1776766372.8722968,20.0,-5,-38,38.3275357934736,4.662717249814306,0.017482723235099286,190,362,222,222,278,120
1776766372.9538114,20.0,-5,-38,38.3275357934736,4.662717249814306,0.017482723235099286,190,362,222,222,278,120
1776766373.0345328,20.0,-5,-38,38.3275357934736,4.662717249814306,0.017482723235099286,190,362,222,222,278,120
1776766373.1122165,20.0,-5,-38,38.3275357934736,4.662717249814306,0.017482723235099286,190,362,222,222,278,120
1776766373.192046,20.0,-5,-38,38.3275357934736,4.662717249814306,0.017482723235099286,190,362,222,222,278,120
1776766373.2725542,20.0,-5,-38,38.3275357934736,4.662717249814306,0.017482723235099286,190,362,222,222,278,120
1776766373.3557663,20.0,-5,-38,38.3275357934736,4.662717249814306,0.017482723235099286,190,362,222,222,278,120
1776766373.481626,20.0,-5,-38,38.3275357934736,4.662717249814306,0.017482723235099286,190,362,222,222,278,120
1776766373.5619304,20.0,-5,-38,38.3275357934736,4.662717249814306,0.017482723235099286,190,362,222,222,278,120
1776766373.6420913,20.0,-5,-38,38.3275357934736,4.662717249814306,0.017482723235099286,190,362,222,222,278,120
1776766373.70758,20.0,-5,-38,38.3275357934736,4.662717249814306,0.017482723235099286,190,362,222,222,278,120
1776766373.7854567,20.0,-5,-38,38.3275357934736,4.662717249814306,0.017482723235099286,190,362,222,222,278,120
1776766373.8679705,20.0,-5,-38,38.3275357934736,4.662717249814306,0.017482723235099286,190,362,222,222,278,120
1776766373.944334,20.0,-5,-38,38.3275357934736,4.662717249814306,0.017482723235099286,190,362,222,222,278,120
1776766374.022334,20.0,-5,-38,38.3275357934736,4.662717249814306,0.017482723235099286,190,362,222,222,278,120
1776766374.1041863,20.0,-5,-38,38.3275357934736,4.662717249814306,0.017482723235099286,190,362,222,222,278,120
1776766374.1872098,20.0,-5,-38,38.3275357934736,4.662717249814306,0.017482723235099286,190,362,222,222,278,120
1776766374.2645698,20.0,-5,-39,39.319206502675,4.78335845531326,0.017167847178463244,190,362,222,222,278,119
1776766374.3488255,20.0,-5,-39,39.319206502675,4.78335845531326,0.017167847178463244,190,362,222,222,278,119
1776766374.426399,20.0,-5,-39,39.319206502675,4.78335845531326,0.017167847178463244,190,362,222,222,278,119
1776766374.5037446,20.0,-5,-39,39.319206502675,4.78335845531326,0.017167847178463244,190,362,222,222,278,119
1776766374.5816839,20.0,-5,-39,39.319206502675,4.78335845531326,0.017167847178463244,190,362,222,222,278,119
1776766374.6512055,20.0,-5,-39,39.319206502675,4.78335845531326,0.017167847178463244,190,362,222,222,278,119
1776766374.725763,20.0,-5,-39,39.319206502675,4.78335845531326,0.017167847178463244,190,362,222,222,278,119
1776766374.8101816,20.0,-5,-39,39.319206502675,4.78335845531326,0.017167847178463244,190,362,222,222,278,119
1776766374.8895762,20.0,-5,-39,39.319206502675,4.78335845531326,0.017167847178463244,190,362,222,222,278,119
1776766374.96787,20.0,-5,-39,39.319206502675,4.78335845531326,0.017167847178463244,190,362,222,222,278,119
1776766375.0308256,20.0,-5,-39,39.319206502675,4.78335845531326,0.017167847178463244,190,362,222,222,278,119
1776766375.0965476,20.0,-5,-39,39.319206502675,4.78335845531326,0.017167847178463244,190,362,222,222,278,119
1776766375.177868,20.0,-5,-39,39.319206502675,4.78335845531326,0.017167847178463244,190,362,222,222,278,119
1776766375.2570221,20.0,-5,-39,39.319206502675,4.78335845531326,0.017167847178463244,190,362,222,222,278,119
1776766375.337098,20.0,-5,-39,39.319206502675,4.78335845531326,0.017167847178463244,190,362,222,222,278,119
1776766375.4120438,20.0,-5,-39,39.319206502675,4.78335845531326,0.017167847178463244,190,362,222,222,278,119
1776766375.4812877,20.0,-5,-39,39.319206502675,4.78335845531326,0.017167847178463244,190,362,222,222,278,119
1776766375.5600867,20.0,-5,-39,39.319206502675,4.78335845531326,0.017167847178463244,190,362,222,222,278,119
1776766375.624533,20.0,-5,-39,39.319206502675,4.78335845531326,0.017167847178463244,190,362,222,222,278,119
1776766375.7051396,20.0,-5,-39,39.319206502675,4.78335845531326,0.017167847178463244,190,362,222,222,278,119
1776766375.7856352,20.0,-5,-39,39.319206502675,4.78335845531326,0.017167847178463244,190,362,222,222,278,119
1776766375.8803163,20.0,-5,-39,39.319206502675,4.78335845531326,0.017167847178463244,190,362,222,222,278,119
1776766375.9460511,20.0,-5,-39,39.319206502675,4.78335845531326,0.017167847178463244,190,362,222,222,278,119
1776766376.0257733,20.0,-5,-39,39.319206502675,4.78335845531326,0.017167847178463244,190,362,222,222,278,119
1776766376.1050918,20.0,-5,-39,39.319206502675,4.78335845531326,0.017167847178463244,190,362,222,222,278,119
1776766376.1853535,20.0,-5,-39,39.319206502675,4.78335845531326,0.017167847178463244,190,362,222,222,278,119
1776766376.2649996,20.0,-5,-39,39.319206502675,4.78335845531326,0.017167847178463244,190,362,222,222,278,119
1776766376.3454483,20.0,-5,-39,39.319206502675,4.78335845531326,0.017167847178463244,190,362,222,222,278,119
1776766376.4265394,20.0,-5,-39,39.319206502675,4.78335845531326,0.017167847178463244,190,362,222,222,278,119
1776766376.5053651,20.0,-5,-39,39.319206502675,4.78335845531326,0.017167847178463244,190,362,222,222,278,119
1776766376.5858095,20.0,-5,-39,39.319206502675,4.78335845531326,0.017167847178463244,190,362,222,222,278,119
1776766376.7115881,20.0,-5,-39,39.319206502675,4.78335845531326,0.017167847178463244,190,362,222,222,278,119
1776766376.7906046,20.0,-5,-39,39.319206502675,4.78335845531326,0.017167847178463244,190,362,222,222,278,119
1776766376.8693714,20.0,-5,-39,39.319206502675,4.78335845531326,0.017167847178463244,190,362,222,222,278,119
1776766376.9511871,20.0,-5,-39,39.319206502675,4.78335845531326,0.017167847178463244,190,362,222,222,278,119
1776766377.0320842,20.0,-5,-39,39.319206502675,4.78335845531326,0.017167847178463244,190,362,222,222,278,119
1776766377.1148791,20.0,-5,-39,39.319206502675,4.78335845531326,0.017167847178463244,190,362,222,222,278,119
1776766377.1923258,20.0,-5,-39,39.319206502675,4.78335845531326,0.017167847178463244,190,362,222,222,278,119
1776766377.2715957,20.0,-5,-39,39.319206502675,4.78335845531326,0.01751340015274548,190,362,222,221,278,119
1776766377.3540246,20.0,-5,-39,39.319206502675,4.78335845531326,0.01751340015274548,190,362,222,221,278,119
1776766377.4332683,20.0,-5,-39,39.319206502675,4.78335845531326,0.01751340015274548,190,362,222,221,278,119
1776766377.5125651,20.0,-5,-39,39.319206502675,4.78335845531326,0.01751340015274548,190,362,222,221,278,119
1776766377.5927477,20.0,-5,-39,39.319206502675,4.78335845531326,0.01751340015274548,190,362,222,221,278,119
1776766377.6709588,20.0,-5,-39,39.319206502675,4.78335845531326,0.01751340015274548,190,362,222,221,278,119
1776766377.7522516,20.0,-5,-39,39.319206502675,4.78335845531326,0.01751340015274548,190,362,222,221,278,119
1776766377.8319438,20.0,-5,-39,39.319206502675,4.78335845531326,0.01751340015274548,190,362,222,221,278,119
1776766377.9123592,20.0,-5,-39,39.319206502675,4.78335845531326,0.01751340015274548,190,362,222,221,278,119
1776766377.992157,20.0,-5,-39,39.319206502675,4.78335845531326,0.01751340015274548,190,362,222,221,278,119
1776766378.07239,20.0,-5,-39,39.319206502675,4.78335845531326,0.01751340015274548,190,362,222,221,278,119
1776766378.1518896,20.0,-5,-39,39.319206502675,4.78335845531326,0.01751340015274548,190,362,222,221,278,119
1776766378.248487,20.0,-5,-39,39.319206502675,4.78335845531326,0.01751340015274548,190,362,222,221,278,119
1776766378.3284059,20.0,-5,-39,39.319206502675,4.78335845531326,0.01751340015274548,190,362,222,221,278,119
1776766378.4078057,20.0,-5,-39,39.319206502675,4.78335845531326,0.01751340015274548,190,362,222,221,278,119
1776766378.4879982,20.0,-5,-39,39.319206502675,4.78335845531326,0.01751340015274548,190,362,222,221,278,119
1776766378.567172,20.0,-5,-39,39.319206502675,4.78335845531326,0.01751340015274548,190,362,222,221,278,119
1776766378.6483645,20.0,-5,-39,39.319206502675,4.78335845531326,0.01751340015274548,190,362,222,221,278,119
1776766378.728065,20.0,-5,-39,39.319206502675,4.78335845531326,0.01751340015274548,190,362,222,221,278,119
