time,pressure_kPa,dx_px,dy_px,tip_disp_px,tip_disp_mm,curvature_1_per_mm,base_x,base_y,mid_x,mid_y,tip_x,tip_y
1776766569.1123087,0.0,5,3,5.830951894845301,0.709361544385073,0.015522703738353426,191,360,227,224,283,122
1776766569.1760373,0.0,5,3,5.830951894845301,0.709361544385073,0.015522703738353426,191,360,227,224,283,122
1776766569.2340522,0.0,5,3,5.830951894845301,0.709361544385073,0.015522703738353426,191,360,227,224,283,122
1776766569.290363,0.0,5,3,5.830951894845301,0.709361544385073,0.015522703738353426,191,360,227,224,283,122
1776766569.3482602,0.0,5,3,5.830951894845301,0.709361544385073,0.015522703738353426,191,360,227,224,283,122
1776766569.4013202,0.0,5,3,5.830951894845301,0.709361544385073,0.015522703738353426,191,360,227,224,283,122
1776766569.4585369,0.0,5,3,5.830951894845301,0.709361544385073,0.015522703738353426,191,360,227,224,283,122
1776766569.5163047,0.0,5,3,5.830951894845301,0.709361544385073,0.015522703738353426,191,360,227,224,283,122
1776766569.5748405,0.0,5,3,5.830951894845301,0.709361544385073,0.015522703738353426,191,360,227,224,283,122
1776766569.630845,0.0,5,3,5.830951894845301,0.709361544385073,0.015522703738353426,191,360,227,224,283,122
1776766569.6837726,0.0,5,3,5.830951894845301,0.709361544385073,0.015522703738353426,191,360,227,224,283,122
1776766569.7414348,0.0,5,3,5.830951894845301,0.709361544385073,0.015522703738353426,191,360,227,224,283,122
1776766569.7989857,0.0,5,3,5.830951894845301,0.709361544385073,0.015522703738353426,191,360,227,224,283,122
1776766569.8560705,0.0,5,3,5.830951894845301,0.709361544385073,0.015522703738353426,191,360,227,224,283,122
1776766569.9134076,0.0,5,3,5.830951894845301,0.709361544385073,0.015522703738353426,191,360,227,224,283,122
1776766569.9707687,0.0,5,3,5.830951894845301,0.709361544385073,0.015522703738353426,191,360,227,224,283,122
1776766570.023749,0.0,5,3,5.830951894845301,0.709361544385073,0.015522703738353426,191,360,227,224,283,122
1776766570.0811307,0.0,5,3,5.830951894845301,0.709361544385073,0.015522703738353426,191,360,227,224,283,122
1776766570.138771,0.0,5,3,5.830951894845301,0.709361544385073,0.015522703738353426,191,360,227,224,283,122
1776766570.195669,0.0,5,3,5.830951894845301,0.709361544385073,0.015522703738353426,191,360,227,224,283,122
1776766570.2533822,0.0,5,3,5.830951894845301,0.709361544385073,0.015522703738353426,191,360,227,224,283,122
1776766570.306666,0.0,5,3,5.830951894845301,0.709361544385073,0.015522703738353426,191,360,227,224,283,122
1776766570.3645875,0.0,5,3,5.830951894845301,0.709361544385073,0.015522703738353426,191,360,227,224,283,122
1776766570.4218097,0.0,5,3,5.830951894845301,0.709361544385073,0.015522703738353426,191,360,227,224,283,122
1776766570.4789872,0.0,5,3,5.830951894845301,0.709361544385073,0.015522703738353426,191,360,227,224,283,122
1776766570.5362437,0.0,5,3,5.830951894845301,0.709361544385073,0.015522703738353426,191,360,227,224,283,122
1776766570.5954514,0.0,5,3,5.830951894845301,0.709361544385073,0.015522703738353426,191,360,227,224,283,122
1776766570.6472178,0.0,5,3,5.830951894845301,0.709361544385073,0.015522703738353426,191,360,227,224,283,122
1776766570.7041132,0.0,5,3,5.830951894845301,0.709361544385073,0.015522703738353426,191,360,227,224,283,122
1776766570.7610862,0.0,5,3,5.830951894845301,0.709361544385073,0.015522703738353426,191,360,227,224,283,122
1776766570.8182585,0.0,5,3,5.830951894845301,0.709361544385073,0.015522703738353426,191,360,227,224,283,122
1776766570.8764257,0.0,5,3,5.830951894845301,0.709361544385073,0.015522703738353426,191,360,227,224,283,122
1776766570.9293013,0.0,5,3,5.830951894845301,0.709361544385073,0.015522703738353426,191,360,227,224,283,122
1776766570.9870226,0.0,5,3,5.830951894845301,0.709361544385073,0.015522703738353426,191,360,227,224,283,122
1776766571.043925,0.0,5,3,5.830951894845301,0.709361544385073,0.015522703738353426,191,360,227,224,283,122
1776766571.1013572,0.0,5,3,5.830951894845301,0.709361544385073,0.015522703738353426,191,360,227,224,283,122
1776766571.158758,0.0,5,3,5.830951894845301,0.709361544385073,0.015522703738353426,191,360,227,224,283,122
1776766571.2159739,0.0,5,3,5.830951894845301,0.709361544385073,0.015522703738353426,191,360,227,224,283,122
1776766571.2693987,0.0,5,3,5.830951894845301,0.709361544385073,0.015522703738353426,191,360,227,224,283,122
1776766571.326755,0.0,5,3,5.830951894845301,0.709361544385073,0.015522703738353426,191,360,227,224,283,122
1776766571.3836586,0.0,5,3,5.830951894845301,0.709361544385073,0.015522703738353426,191,360,227,224,283,122
1776766571.441712,0.0,5,3,5.830951894845301,0.709361544385073,0.015522703738353426,191,360,227,224,283,122
1776766571.4988096,0.0,5,3,5.830951894845301,0.709361544385073,0.015522703738353426,191,360,227,224,283,122
1776766571.551417,0.0,5,3,5.830951894845301,0.709361544385073,0.015522703738353426,191,360,227,224,283,122
1776766571.6088207,0.0,5,3,5.830951894845301,0.709361544385073,0.015522703738353426,191,360,227,224,283,122
1776766571.6661692,0.0,5,3,5.830951894845301,0.709361544385073,0.015522703738353426,191,360,227,224,283,122
1776766571.7239366,0.0,5,3,5.830951894845301,0.709361544385073,0.015522703738353426,191,360,227,224,283,122
1776766571.7811992,0.0,5,3,5.830951894845301,0.709361544385073,0.015522703738353426,191,360,227,224,283,122
1776766571.8384895,0.0,5,3,5.830951894845301,0.709361544385073,0.015522703738353426,191,360,227,224,283,122
1776766571.891736,0.0,5,3,5.830951894845301,0.709361544385073,0.015522703738353426,191,360,227,224,283,122
1776766571.9488873,0.0,5,3,5.830951894845301,0.709361544385073,0.015522703738353426,191,360,227,224,283,122
1776766572.0070236,0.0,5,3,5.830951894845301,0.709361544385073,0.015522703738353426,191,360,227,224,283,122
1776766572.0638714,0.0,5,3,5.830951894845301,0.709361544385073,0.015522703738353426,191,360,227,224,283,122
1776766572.1214437,0.0,5,3,5.830951894845301,0.709361544385073,0.015522703738353426,191,360,227,224,283,122
1776766572.1745462,0.0,5,3,5.830951894845301,0.709361544385073,0.015522703738353426,191,360,227,224,283,122
1776766572.2319639,0.0,5,3,5.830951894845301,0.709361544385073,0.015522703738353426,191,360,227,224,283,122
1776766572.2894404,0.0,5,3,5.830951894845301,0.709361544385073,0.015522703738353426,191,360,227,224,283,122
1776766572.3465903,0.0,5,3,5.830951894845301,0.709361544385073,0.015522703738353426,191,360,227,224,283,122
1776766572.4039109,0.0,5,3,5.830951894845301,0.709361544385073,0.015522703738353426,191,360,227,224,283,122
1776766572.4606605,0.0,5,3,5.830951894845301,0.709361544385073,0.015522703738353426,191,360,227,224,283,122
1776766572.5139475,0.0,5,3,5.830951894845301,0.709361544385073,0.015522703738353426,191,360,227,224,283,122
1776766572.57181,0.0,5,3,5.830951894845301,0.709361544385073,0.015522703738353426,191,360,227,224,283,122
1776766572.6294498,0.0,5,3,5.830951894845301,0.709361544385073,0.015522703738353426,191,360,227,224,283,122
1776766572.686661,0.0,5,3,5.830951894845301,0.709361544385073,0.015522703738353426,191,360,227,224,283,122
1776766572.7435384,0.0,5,3,5.830951894845301,0.709361544385073,0.015522703738353426,191,360,227,224,283,122
1776766572.7971108,0.0,5,3,5.830951894845301,0.709361544385073,0.015522703738353426,191,360,227,224,283,122
1776766572.8543253,0.0,5,3,5.830951894845301,0.709361544385073,0.015522703738353426,191,360,227,224,283,122
1776766572.9119258,0.0,5,3,5.830951894845301,0.709361544385073,0.015522703738353426,191,360,227,224,283,122
1776766572.9689407,0.0,5,3,5.830951894845301,0.709361544385073,0.015522703738353426,191,360,227,224,283,122
1776766573.0262077,0.0,5,3,5.830951894845301,0.709361544385073,0.015522703738353426,191,360,227,224,283,122
1776766573.083962,0.0,5,3,5.830951894845301,0.709361544385073,0.015522703738353426,191,360,227,224,283,122
1776766573.137465,0.0,5,3,5.830951894845301,0.709361544385073,0.01642064275002146,191,360,226,224,283,122
1776766573.1944609,0.0,5,3,5.830951894845301,0.709361544385073,0.01642064275002146,191,360,226,224,283,122
1776766573.2514827,0.0,5,3,5.830951894845301,0.709361544385073,0.01642064275002146,191,360,226,224,283,122
1776766573.3092134,0.0,5,3,5.830951894845301,0.709361544385073,0.01642064275002146,191,360,226,224,283,122
1776766573.3661249,0.0,5,3,5.830951894845301,0.709361544385073,0.01642064275002146,191,360,226,224,283,122
1776766573.4204128,0.0,5,3,5.830951894845301,0.709361544385073,0.01642064275002146,191,360,226,224,283,122
1776766573.4773884,0.0,5,3,5.830951894845301,0.709361544385073,0.01642064275002146,191,360,226,224,283,122
1776766573.5344112,0.0,5,3,5.830951894845301,0.709361544385073,0.01642064275002146,191,360,226,224,283,122
1776766573.5926085,0.0,5,3,5.830951894845301,0.709361544385073,0.01642064275002146,191,360,226,224,283,122
1776766573.6491208,0.0,5,3,5.830951894845301,0.709361544385073,0.01642064275002146,191,360,226,224,283,122
1776766573.7062302,0.0,5,3,5.830951894845301,0.709361544385073,0.01642064275002146,191,360,226,224,283,122
1776766573.7591767,0.0,5,3,5.830951894845301,0.709361544385073,0.01642064275002146,191,360,226,224,283,122
1776766573.8164163,0.0,5,3,5.830951894845301,0.709361544385073,0.01642064275002146,191,360,226,224,283,122
1776766573.8737311,0.0,5,3,5.830951894845301,0.709361544385073,0.01642064275002146,191,360,226,224,283,122
1776766573.9314682,0.0,5,3,5.830951894845301,0.709361544385073,0.01642064275002146,191,360,226,224,283,122
1776766573.9886243,0.0,5,3,5.830951894845301,0.709361544385073,0.01642064275002146,191,360,226,224,283,122
1776766574.0451107,0.0,5,3,5.830951894845301,0.709361544385073,0.01642064275002146,191,360,226,224,283,122
1776766574.0991278,0.0,5,3,5.830951894845301,0.709361544385073,0.01642064275002146,191,360,226,224,283,122
1776766574.1573017,0.0,5,3,5.830951894845301,0.709361544385073,0.01642064275002146,191,360,226,224,283,122
1776766574.214592,0.0,5,3,5.830951894845301,0.709361544385073,0.01642064275002146,191,360,226,224,283,122
1776766574.2718556,0.0,5,3,5.830951894845301,0.709361544385073,0.01642064275002146,191,360,226,224,283,122
1776766574.3287299,0.0,5,3,5.830951894845301,0.709361544385073,0.01642064275002146,191,360,226,224,283,122
1776766574.3825972,0.0,5,3,5.830951894845301,0.709361544385073,0.01642064275002146,191,360,226,224,283,122
1776766574.4397843,0.0,5,3,5.830951894845301,0.709361544385073,0.01642064275002146,191,360,226,224,283,122
1776766574.4968941,0.0,5,3,5.830951894845301,0.709361544385073,0.01642064275002146,191,360,226,224,283,122
1776766574.553665,0.0,5,3,5.830951894845301,0.709361544385073,0.01642064275002146,191,360,226,224,283,122
1776766574.611354,0.0,5,3,5.830951894845301,0.709361544385073,0.01642064275002146,191,360,226,224,283,122
1776766574.6643603,0.0,5,3,5.830951894845301,0.709361544385073,0.01642064275002146,191,360,226,224,283,122
1776766574.7220144,0.0,5,3,5.830951894845301,0.709361544385073,0.01605084358125171,191,360,226,225,283,122
1776766574.779568,0.0,5,3,5.830951894845301,0.709361544385073,0.01605084358125171,191,360,226,225,283,122
1776766574.8369536,0.0,5,3,5.830951894845301,0.709361544385073,0.01605084358125171,191,360,226,225,283,122
1776766574.8941193,0.0,5,3,5.830951894845301,0.709361544385073,0.01605084358125171,191,360,226,225,283,122
1776766574.9508953,0.0,5,3,5.830951894845301,0.709361544385073,0.01605084358125171,191,360,226,225,283,122
1776766575.004766,0.0,5,3,5.830951894845301,0.709361544385073,0.01605084358125171,191,360,226,225,283,122
1776766575.0616922,0.0,5,3,5.830951894845301,0.709361544385073,0.01605084358125171,191,360,226,225,283,122
1776766575.119546,0.0,5,3,5.830951894845301,0.709361544385073,0.01605084358125171,191,360,226,225,283,122
1776766575.1764555,0.0,5,3,5.830951894845301,0.709361544385073,0.01605084358125171,191,360,226,225,283,122
1776766575.233929,0.0,5,3,5.830951894845301,0.709361544385073,0.01605084358125171,191,360,226,225,283,122
1776766575.2872195,0.0,5,3,5.830951894845301,0.709361544385073,0.01605084358125171,191,360,226,225,283,122
1776766575.3447547,0.0,5,3,5.830951894845301,0.709361544385073,0.01605084358125171,191,360,226,225,283,122
1776766575.4015455,0.0,5,3,5.830951894845301,0.709361544385073,0.01605084358125171,191,360,226,225,283,122
1776766575.4588616,0.0,5,3,5.830951894845301,0.709361544385073,0.01605084358125171,191,360,226,225,283,122
1776766575.516932,0.0,5,3,5.830951894845301,0.709361544385073,0.01605084358125171,191,360,226,225,283,122
1776766575.574566,0.0,5,3,5.830951894845301,0.709361544385073,0.01605084358125171,191,360,226,225,283,122
1776766575.6274102,0.0,5,3,5.830951894845301,0.709361544385073,0.01605084358125171,191,360,226,225,283,122
1776766575.6848476,0.0,5,3,5.830951894845301,0.709361544385073,0.01605084358125171,191,360,226,225,283,122
1776766575.7417984,0.0,5,3,5.830951894845301,0.709361544385073,0.01605084358125171,191,360,226,225,283,122
1776766575.7997272,0.0,5,3,5.830951894845301,0.709361544385073,0.01605084358125171,191,360,226,225,283,122
1776766575.8567927,0.0,5,3,5.830951894845301,0.709361544385073,0.015151216759537697,191,360,227,225,283,122
1776766575.9101946,0.0,5,3,5.830951894845301,0.709361544385073,0.015151216759537697,191,360,227,225,283,122
1776766575.967209,0.0,5,3,5.830951894845301,0.709361544385073,0.015151216759537697,191,360,227,225,283,122
1776766576.0246859,0.0,5,3,5.830951894845301,0.709361544385073,0.015151216759537697,191,360,227,225,283,122
1776766576.0813556,0.0,5,3,5.830951894845301,0.709361544385073,0.015151216759537697,191,360,227,225,283,122
1776766576.1387334,0.0,5,3,5.830951894845301,0.709361544385073,0.015151216759537697,191,360,227,225,283,122
1776766576.1966093,0.0,5,3,5.830951894845301,0.709361544385073,0.015151216759537697,191,360,227,225,283,122
1776766576.2494676,0.0,5,3,5.830951894845301,0.709361544385073,0.015151216759537697,191,360,227,225,283,122
1776766576.3072875,0.0,5,3,5.830951894845301,0.709361544385073,0.015151216759537697,191,360,227,225,283,122
1776766576.3644276,0.0,5,3,5.830951894845301,0.709361544385073,0.015151216759537697,191,360,227,225,283,122
1776766576.4237874,0.0,5,3,5.830951894845301,0.709361544385073,0.015151216759537697,191,360,227,225,283,122
1776766576.479158,0.0,5,3,5.830951894845301,0.709361544385073,0.015151216759537697,191,360,227,225,283,122
1776766576.5325203,0.0,5,3,5.830951894845301,0.709361544385073,0.015151216759537697,191,360,227,225,283,122
1776766576.590529,0.0,5,3,5.830951894845301,0.709361544385073,0.015151216759537697,191,360,227,225,283,122
1776766576.6474166,0.0,5,3,5.830951894845301,0.709361544385073,0.015151216759537697,191,360,227,225,283,122
1776766576.7046018,0.0,5,3,5.830951894845301,0.709361544385073,0.015151216759537697,191,360,227,225,283,122
1776766576.7617085,0.0,5,3,5.830951894845301,0.709361544385073,0.01605084358125171,191,360,226,225,283,122
1776766576.8188927,0.0,5,3,5.830951894845301,0.709361544385073,0.01605084358125171,191,360,226,225,283,122
1776766576.8722644,0.0,5,3,5.830951894845301,0.709361544385073,0.01605084358125171,191,360,226,225,283,122
1776766576.9300065,0.0,5,3,5.830951894845301,0.709361544385073,0.01605084358125171,191,360,226,225,283,122
1776766576.9874473,0.0,5,3,5.830951894845301,0.709361544385073,0.01605084358125171,191,360,226,225,283,122
1776766577.0449743,0.0,5,3,5.830951894845301,0.709361544385073,0.01605084358125171,191,360,226,225,283,122
1776766577.1017072,0.0,5,3,5.830951894845301,0.709361544385073,0.01605084358125171,191,360,226,225,283,122
1776766577.1546218,0.0,5,3,5.830951894845301,0.709361544385073,0.01605084358125171,191,360,226,225,283,122
1776766577.2121403,0.0,5,3,5.830951894845301,0.709361544385073,0.01605084358125171,191,360,226,225,283,122
1776766577.2702308,0.0,5,3,5.830951894845301,0.709361544385073,0.01605084358125171,191,360,226,225,283,122
1776766577.3274784,0.0,5,3,5.830951894845301,0.709361544385073,0.01605084358125171,191,360,226,225,283,122
1776766577.3854246,0.0,5,3,5.830951894845301,0.709361544385073,0.01605084358125171,191,360,226,225,283,122
1776766577.441566,0.0,5,3,5.830951894845301,0.709361544385073,0.01605084358125171,191,360,226,225,283,122
1776766577.4948382,0.0,5,3,5.830951894845301,0.709361544385073,0.01605084358125171,191,360,226,225,283,122
1776766577.5525534,0.0,5,3,5.830951894845301,0.709361544385073,0.01605084358125171,191,360,226,225,283,122
1776766577.6096675,0.0,5,3,5.830951894845301,0.709361544385073,0.01605084358125171,191,360,226,225,283,122
1776766577.6666715,0.0,5,3,5.830951894845301,0.709361544385073,0.01605084358125171,191,360,226,225,283,122
1776766577.7239234,0.0,5,3,5.830951894845301,0.709361544385073,0.01605084358125171,191,360,226,225,283,122
1776766577.7779794,0.0,5,3,5.830951894845301,0.709361544385073,0.01605084358125171,191,360,226,225,283,122
1776766577.8351178,0.0,5,3,5.830951894845301,0.709361544385073,0.01605084358125171,191,360,226,225,283,122
1776766577.8922367,0.0,5,3,5.830951894845301,0.709361544385073,0.01605084358125171,191,360,226,225,283,122
1776766577.950029,0.0,5,3,5.830951894845301,0.709361544385073,0.01605084358125171,191,360,226,225,283,122
1776766578.0067217,0.0,5,3,5.830951894845301,0.709361544385073,0.01605084358125171,191,360,226,225,283,122
1776766578.064227,0.0,5,3,5.830951894845301,0.709361544385073,0.01605084358125171,191,360,226,225,283,122
1776766578.117664,0.0,5,3,5.830951894845301,0.709361544385073,0.01605084358125171,191,360,226,225,283,122
1776766578.1747007,0.0,5,3,5.830951894845301,0.709361544385073,0.01605084358125171,191,360,226,225,283,122
1776766578.2322855,0.0,5,3,5.830951894845301,0.709361544385073,0.01605084358125171,191,360,226,225,283,122
1776766578.2900608,0.0,5,3,5.830951894845301,0.709361544385073,0.01605084358125171,191,360,226,225,283,122
1776766578.3463178,0.0,5,3,5.830951894845301,0.709361544385073,0.01605084358125171,191,360,226,225,283,122
1776766578.3997407,0.0,5,3,5.830951894845301,0.709361544385073,0.01605084358125171,191,360,226,225,283,122
1776766578.4570467,0.0,5,3,5.830951894845301,0.709361544385073,0.01605084358125171,191,360,226,225,283,122
1776766578.5149813,0.0,5,3,5.830951894845301,0.709361544385073,0.01605084358125171,191,360,226,225,283,122
1776766578.571661,0.0,5,3,5.830951894845301,0.709361544385073,0.01605084358125171,191,360,226,225,283,122
1776766578.6294215,0.0,5,3,5.830951894845301,0.709361544385073,0.01605084358125171,191,360,226,225,283,122
1776766578.6862693,0.0,5,3,5.830951894845301,0.709361544385073,0.01605084358125171,191,360,226,225,283,122
1776766578.7397974,0.0,5,3,5.830951894845301,0.709361544385073,0.01605084358125171,191,360,226,225,283,122
1776766578.7974253,0.0,5,3,5.830951894845301,0.709361544385073,0.01605084358125171,191,360,226,225,283,122
1776766578.8542926,0.0,5,3,5.830951894845301,0.709361544385073,0.01605084358125171,191,360,226,225,283,122
1776766578.9116068,0.0,5,3,5.830951894845301,0.709361544385073,0.01605084358125171,191,360,226,225,283,122
1776766578.9689722,0.0,5,3,5.830951894845301,0.709361544385073,0.01605084358125171,191,360,226,225,283,122
1776766579.023482,0.0,5,3,5.830951894845301,0.709361544385073,0.01605084358125171,191,360,226,225,283,122
1776766579.0796528,0.0,5,3,5.830951894845301,0.709361544385073,0.01605084358125171,191,360,226,225,283,122
1776766579.136954,0.0,5,3,5.830951894845301,0.709361544385073,0.01605084358125171,191,360,226,225,283,122
1776766579.1942441,0.0,5,3,5.830951894845301,0.709361544385073,0.01605084358125171,191,360,226,225,283,122
1776766579.251717,0.0,5,3,5.830951894845301,0.709361544385073,0.01605084358125171,191,360,226,225,283,122
1776766579.3050323,0.0,5,3,5.830951894845301,0.709361544385073,0.01605084358125171,191,360,226,225,283,122
1776766579.3623812,0.0,5,3,5.830951894845301,0.709361544385073,0.01605084358125171,191,360,226,225,283,122
1776766579.4196827,0.0,5,3,5.830951894845301,0.709361544385073,0.01605084358125171,191,360,226,225,283,122
1776766579.4774995,0.0,5,3,5.830951894845301,0.709361544385073,0.01605084358125171,191,360,226,225,283,122
1776766579.5341866,0.0,5,3,5.830951894845301,0.709361544385073,0.01605084358125171,191,360,226,225,283,122
1776766579.591561,0.0,5,3,5.830951894845301,0.709361544385073,0.01605084358125171,191,360,226,225,283,122
1776766579.645315,0.0,5,3,5.830951894845301,0.709361544385073,0.01605084358125171,191,360,226,225,283,122
1776766579.7023776,0.0,5,3,5.830951894845301,0.709361544385073,0.01605084358125171,191,360,226,225,283,122
1776766579.7599652,0.0,5,3,5.830951894845301,0.709361544385073,0.01605084358125171,191,360,226,225,283,122
1776766579.8170342,0.0,5,3,5.830951894845301,0.709361544385073,0.01605084358125171,191,360,226,225,283,122
1776766579.8744984,0.0,5,3,5.830951894845301,0.709361544385073,0.01605084358125171,191,360,226,225,283,122
1776766579.9275022,0.0,5,3,5.830951894845301,0.709361544385073,0.01605084358125171,191,360,226,225,283,122
1776766579.984907,0.0,5,3,5.830951894845301,0.709361544385073,0.01605084358125171,191,360,226,225,283,122
1776766580.043224,0.0,5,3,5.830951894845301,0.709361544385073,0.01605084358125171,191,360,226,225,283,122
1776766580.0995736,0.0,5,3,5.830951894845301,0.709361544385073,0.01605084358125171,191,360,226,225,283,122
1776766580.1570952,0.0,5,3,5.830951894845301,0.709361544385073,0.01605084358125171,191,360,226,225,283,122
1776766580.2153952,0.0,5,3,5.830951894845301,0.709361544385073,0.01605084358125171,191,360,226,225,283,122
1776766580.268146,0.0,5,3,5.830951894845301,0.709361544385073,0.01605084358125171,191,360,226,225,283,122
1776766580.3247538,0.0,5,3,5.830951894845301,0.709361544385073,0.01605084358125171,191,360,226,225,283,122
1776766580.382067,0.0,5,3,5.830951894845301,0.709361544385073,0.01605084358125171,191,360,226,225,283,122
1776766580.4396489,0.0,5,3,5.830951894845301,0.709361544385073,0.01605084358125171,191,360,226,225,283,122
1776766580.4974957,0.0,5,3,5.830951894845301,0.709361544385073,0.01605084358125171,191,360,226,225,283,122
1776766580.5502067,0.0,5,3,5.830951894845301,0.709361544385073,0.01605084358125171,191,360,226,225,283,122
1776766580.6073444,0.0,5,3,5.830951894845301,0.709361544385073,0.01605084358125171,191,360,226,225,283,122
1776766580.664667,0.0,5,3,5.830951894845301,0.709361544385073,0.01605084358125171,191,360,226,225,283,122
1776766580.7222373,0.0,5,3,5.830951894845301,0.709361544385073,0.01605084358125171,191,360,226,225,283,122
1776766580.7797928,0.0,5,3,5.830951894845301,0.709361544385073,0.01605084358125171,191,360,226,225,283,122
1776766580.8372502,0.0,5,3,5.830951894845301,0.709361544385073,0.01605084358125171,191,360,226,225,283,122
1776766580.8905005,0.0,5,3,5.830951894845301,0.709361544385073,0.01605084358125171,191,360,226,225,283,122
1776766580.9472883,0.0,5,3,5.830951894845301,0.709361544385073,0.01605084358125171,191,360,226,225,283,122
1776766581.0052037,0.0,5,3,5.830951894845301,0.709361544385073,0.01605084358125171,191,360,226,225,283,122
1776766581.0624871,0.0,5,3,5.830951894845301,0.709361544385073,0.01605084358125171,191,360,226,225,283,122
1776766581.1197042,0.0,5,3,5.830951894845301,0.709361544385073,0.01605084358125171,191,360,226,225,283,122
1776766581.1726856,0.0,5,3,5.830951894845301,0.709361544385073,0.01605084358125171,191,360,226,225,283,122
1776766581.2304163,0.0,5,3,5.830951894845301,0.709361544385073,0.01605084358125171,191,360,226,225,283,122
1776766581.2873688,0.0,5,3,5.830951894845301,0.709361544385073,0.01605084358125171,191,360,226,225,283,122
1776766581.344573,0.0,5,3,5.830951894845301,0.709361544385073,0.01605084358125171,191,360,226,225,283,122
1776766581.401918,0.0,5,3,5.830951894845301,0.709361544385073,0.01605084358125171,191,360,226,225,283,122
1776766581.4591775,0.0,5,3,5.830951894845301,0.709361544385073,0.01605084358125171,191,360,226,225,283,122
1776766581.5130253,0.0,5,3,5.830951894845301,0.709361544385073,0.01605084358125171,191,360,226,225,283,122
1776766581.5698373,0.0,5,3,5.830951894845301,0.709361544385073,0.01605084358125171,191,360,226,225,283,122
1776766581.6272402,0.0,5,3,5.830951894845301,0.709361544385073,0.01605084358125171,191,360,226,225,283,122
1776766581.6844964,0.0,5,3,5.830951894845301,0.709361544385073,0.01605084358125171,191,360,226,225,283,122
1776766581.742125,0.0,5,3,5.830951894845301,0.709361544385073,0.01605084358125171,191,360,226,225,283,122
1776766581.7952654,0.0,5,3,5.830951894845301,0.709361544385073,0.01605084358125171,191,360,226,225,283,122
1776766581.8525453,0.0,5,3,5.830951894845301,0.709361544385073,0.01605084358125171,191,360,226,225,283,122
1776766581.9098403,0.0,5,3,5.830951894845301,0.709361544385073,0.01605084358125171,191,360,226,225,283,122
1776766581.9671495,0.0,5,3,5.830951894845301,0.709361544385073,0.01605084358125171,191,360,226,225,283,122
1776766582.0244458,0.0,5,3,5.830951894845301,0.709361544385073,0.01605084358125171,191,360,226,225,283,122
1776766582.0820248,0.0,5,3,5.830951894845301,0.709361544385073,0.01605084358125171,191,360,226,225,283,122
1776766582.135376,0.0,5,3,5.830951894845301,0.709361544385073,0.01605084358125171,191,360,226,225,283,122
1776766582.192373,0.0,5,3,5.830951894845301,0.709361544385073,0.01605084358125171,191,360,226,225,283,122
1776766582.2498002,0.0,5,3,5.830951894845301,0.709361544385073,0.01605084358125171,191,360,226,225,283,122
1776766582.307113,0.0,5,3,5.830951894845301,0.709361544385073,0.01605084358125171,191,360,226,225,283,122
1776766582.3643825,0.0,5,3,5.830951894845301,0.709361544385073,0.01605084358125171,191,360,226,225,283,122
1776766582.4187176,0.0,5,3,5.830951894845301,0.709361544385073,0.01605084358125171,191,360,226,225,283,122
1776766582.4755642,0.0,5,3,5.830951894845301,0.709361544385073,0.01605084358125171,191,360,226,225,283,122
1776766582.5329707,0.0,5,3,5.830951894845301,0.709361544385073,0.01605084358125171,191,360,226,225,283,122
1776766582.5896525,0.0,5,3,5.830951894845301,0.709361544385073,0.01605084358125171,191,360,226,225,283,122
1776766582.6469731,0.0,5,3,5.830951894845301,0.709361544385073,0.01605084358125171,191,360,226,225,283,122
1776766582.704556,0.0,5,3,5.830951894845301,0.709361544385073,0.01605084358125171,191,360,226,225,283,122
1776766582.7582104,0.0,5,3,5.830951894845301,0.709361544385073,0.01605084358125171,191,360,226,225,283,122
1776766582.8149724,0.0,5,3,5.830951894845301,0.709361544385073,0.01605084358125171,191,360,226,225,283,122
1776766582.8725493,0.0,5,3,5.830951894845301,0.709361544385073,0.01605084358125171,191,360,226,225,283,122
1776766582.9296217,0.0,5,3,5.830951894845301,0.709361544385073,0.01605084358125171,191,360,226,225,283,122
1776766582.9870033,0.0,5,3,5.830951894845301,0.709361544385073,0.01605084358125171,191,360,226,225,283,122
1776766583.0413096,0.0,5,3,5.830951894845301,0.709361544385073,0.01605084358125171,191,360,226,225,283,122
1776766583.0982783,0.0,5,3,5.830951894845301,0.709361544385073,0.01605084358125171,191,360,226,225,283,122
1776766583.1549375,0.0,5,3,5.830951894845301,0.709361544385073,0.01605084358125171,191,360,226,225,283,122
1776766583.2122657,0.0,5,3,5.830951894845301,0.709361544385073,0.01605084358125171,191,360,226,225,283,122
1776766583.2695963,0.0,5,3,5.830951894845301,0.709361544385073,0.01605084358125171,191,360,226,225,283,122
1776766583.327845,0.0,5,3,5.830951894845301,0.709361544385073,0.01605084358125171,191,360,226,225,283,122
1776766583.3824644,0.0,5,3,5.830951894845301,0.709361544385073,0.01605084358125171,191,360,226,225,283,122
1776766583.494866,0.0,5,3,5.830951894845301,0.709361544385073,0.01605084358125171,191,360,226,225,283,122
1776766583.5528214,0.0,5,3,5.830951894845301,0.709361544385073,0.01605084358125171,191,360,226,225,283,122
1776766583.6099453,0.0,5,3,5.830951894845301,0.709361544385073,0.01605084358125171,191,360,226,225,283,122
1776766583.6635466,0.0,5,3,5.830951894845301,0.709361544385073,0.01605084358125171,191,360,226,225,283,122
1776766583.7208495,0.0,5,3,5.830951894845301,0.709361544385073,0.01605084358125171,191,360,226,225,283,122
1776766583.7782485,0.0,5,3,5.830951894845301,0.709361544385073,0.01605084358125171,191,360,226,225,283,122
1776766583.8351808,0.0,5,3,5.830951894845301,0.709361544385073,0.01605084358125171,191,360,226,225,283,122
1776766583.8928275,0.0,5,3,5.830951894845301,0.709361544385073,0.01605084358125171,191,360,226,225,283,122
1776766583.9501045,0.0,5,3,5.830951894845301,0.709361544385073,0.01605084358125171,191,360,226,225,283,122
1776766584.0028949,0.0,5,3,5.830951894845301,0.709361544385073,0.01605084358125171,191,360,226,225,283,122
1776766584.0608647,0.0,5,3,5.830951894845301,0.709361544385073,0.01605084358125171,191,360,226,225,283,122
1776766584.1181939,0.0,5,3,5.830951894845301,0.709361544385073,0.01605084358125171,191,360,226,225,283,122
1776766584.1752644,0.0,5,3,5.830951894845301,0.709361544385073,0.01605084358125171,191,360,226,225,283,122
1776766584.2322888,0.0,5,3,5.830951894845301,0.709361544385073,0.01605084358125171,191,360,226,225,283,122
1776766584.2859676,0.0,5,3,5.830951894845301,0.709361544385073,0.01605084358125171,191,360,226,225,283,122
1776766584.3435783,0.0,5,3,5.830951894845301,0.709361544385073,0.01605084358125171,191,360,226,225,283,122
1776766584.4007158,0.0,5,3,5.830951894845301,0.709361544385073,0.01605084358125171,191,360,226,225,283,122
1776766584.4578733,0.0,5,3,5.830951894845301,0.709361544385073,0.01605084358125171,191,360,226,225,283,122
1776766584.5154042,0.0,5,3,5.830951894845301,0.709361544385073,0.01605084358125171,191,360,226,225,283,122
1776766584.5728345,0.0,5,3,5.830951894845301,0.709361544385073,0.01605084358125171,191,360,226,225,283,122
1776766584.6261942,0.0,5,3,5.830951894845301,0.709361544385073,0.01605084358125171,191,360,226,225,283,122
1776766584.6834867,0.0,5,3,5.830951894845301,0.709361544385073,0.01605084358125171,191,360,226,225,283,122
1776766584.740459,0.0,5,3,5.830951894845301,0.709361544385073,0.01605084358125171,191,360,226,225,283,122
1776766584.7982802,0.0,5,3,5.830951894845301,0.709361544385073,0.01605084358125171,191,360,226,225,283,122
1776766584.8553565,0.0,5,3,5.830951894845301,0.709361544385073,0.01605084358125171,191,360,226,225,283,122
1776766584.908569,0.0,5,3,5.830951894845301,0.709361544385073,0.01605084358125171,191,360,226,225,283,122
1776766584.9657743,0.0,5,3,5.830951894845301,0.709361544385073,0.01605084358125171,191,360,226,225,283,122
1776766585.023229,0.0,5,3,5.830951894845301,0.709361544385073,0.01605084358125171,191,360,226,225,283,122
1776766585.0803072,0.0,5,3,5.830951894845301,0.709361544385073,0.01605084358125171,191,360,226,225,283,122
1776766585.1375232,0.0,5,3,5.830951894845301,0.709361544385073,0.01605084358125171,191,360,226,225,283,122
1776766585.1945887,0.0,5,3,5.830951894845301,0.709361544385073,0.01605084358125171,191,360,226,225,283,122
1776766585.2479868,0.0,5,3,5.830951894845301,0.709361544385073,0.01605084358125171,191,360,226,225,283,122
1776766585.3057377,0.0,5,3,5.830951894845301,0.709361544385073,0.01605084358125171,191,360,226,225,283,122
1776766585.3626873,0.0,5,3,5.830951894845301,0.709361544385073,0.01605084358125171,191,360,226,225,283,122
1776766585.4207153,0.0,5,3,5.830951894845301,0.709361544385073,0.01605084358125171,191,360,226,225,283,122
1776766585.47782,0.0,5,3,5.830951894845301,0.709361544385073,0.01605084358125171,191,360,226,225,283,122
1776766585.530627,0.0,5,3,5.830951894845301,0.709361544385073,0.01605084358125171,191,360,226,225,283,122
1776766585.587927,0.0,5,3,5.830951894845301,0.709361544385073,0.01605084358125171,191,360,226,225,283,122
1776766585.6452825,0.0,5,3,5.830951894845301,0.709361544385073,0.01605084358125171,191,360,226,225,283,122
1776766585.7026942,0.0,5,3,5.830951894845301,0.709361544385073,0.01605084358125171,191,360,226,225,283,122
1776766585.7603047,0.0,5,3,5.830951894845301,0.709361544385073,0.01605084358125171,191,360,226,225,283,122
1776766585.817685,0.0,5,3,5.830951894845301,0.709361544385073,0.01605084358125171,191,360,226,225,283,122
1776766585.8708339,0.0,5,3,5.830951894845301,0.709361544385073,0.01605084358125171,191,360,226,225,283,122
1776766585.9278991,0.0,5,3,5.830951894845301,0.709361544385073,0.01605084358125171,191,360,226,225,283,122
1776766585.9858487,0.0,5,3,5.830951894845301,0.709361544385073,0.01605084358125171,191,360,226,225,283,122
1776766586.0429842,0.0,5,3,5.830951894845301,0.709361544385073,0.01605084358125171,191,360,226,225,283,122
1776766586.0998774,0.0,5,3,5.830951894845301,0.709361544385073,0.01605084358125171,191,360,226,225,283,122
1776766586.1539075,0.0,5,3,5.830951894845301,0.709361544385073,0.01605084358125171,191,360,226,225,283,122
1776766586.210429,0.0,5,3,5.830951894845301,0.709361544385073,0.01605084358125171,191,360,226,225,283,122
1776766586.2679422,0.0,5,3,5.830951894845301,0.709361544385073,0.01605084358125171,191,360,226,225,283,122
1776766586.3252347,0.0,5,3,5.830951894845301,0.709361544385073,0.01605084358125171,191,360,226,225,283,122
1776766586.3829386,0.0,5,3,5.830951894845301,0.709361544385073,0.01605084358125171,191,360,226,225,283,122
1776766586.4413676,0.0,5,3,5.830951894845301,0.709361544385073,0.01605084358125171,191,360,226,225,283,122
1776766586.4937658,0.0,5,3,5.830951894845301,0.709361544385073,0.01605084358125171,191,360,226,225,283,122
1776766586.5514326,0.0,5,3,5.830951894845301,0.709361544385073,0.01605084358125171,191,360,226,225,283,122
1776766586.6086218,0.0,5,3,5.830951894845301,0.709361544385073,0.01605084358125171,191,360,226,225,283,122
1776766586.665464,0.0,5,3,5.830951894845301,0.709361544385073,0.01605084358125171,191,360,226,225,283,122
1776766586.7226586,0.0,5,3,5.830951894845301,0.709361544385073,0.01605084358125171,191,360,226,225,283,122
1776766586.7758172,0.0,5,3,5.830951894845301,0.709361544385073,0.01605084358125171,191,360,226,225,283,122
1776766586.8339932,0.0,5,3,5.830951894845301,0.709361544385073,0.01605084358125171,191,360,226,225,283,122
1776766586.8906984,0.0,5,3,5.830951894845301,0.709361544385073,0.01605084358125171,191,360,226,225,283,122
1776766586.9482496,0.0,5,3,5.830951894845301,0.709361544385073,0.01605084358125171,191,360,226,225,283,122
1776766587.0054271,0.0,5,3,5.830951894845301,0.709361544385073,0.01605084358125171,191,360,226,225,283,122
1776766587.0629766,0.0,5,3,5.830951894845301,0.709361544385073,0.01605084358125171,191,360,226,225,283,122
1776766587.1163304,0.0,5,3,5.830951894845301,0.709361544385073,0.01605084358125171,191,360,226,225,283,122
1776766587.1736095,0.0,5,3,5.830951894845301,0.709361544385073,0.01605084358125171,191,360,226,225,283,122
1776766587.2308576,0.0,5,3,5.830951894845301,0.709361544385073,0.01605084358125171,191,360,226,225,283,122
1776766587.2880862,0.0,5,3,5.830951894845301,0.709361544385073,0.01605084358125171,191,360,226,225,283,122
1776766587.345945,0.0,5,3,5.830951894845301,0.709361544385073,0.01605084358125171,191,360,226,225,283,122
1776766587.3983562,0.0,5,3,5.830951894845301,0.709361544385073,0.01605084358125171,191,360,226,225,283,122
1776766587.4556146,0.0,5,3,5.830951894845301,0.709361544385073,0.01605084358125171,191,360,226,225,283,122
1776766587.5130253,0.0,5,3,5.830951894845301,0.709361544385073,0.01605084358125171,191,360,226,225,283,122
1776766587.5702825,0.0,5,3,5.830951894845301,0.709361544385073,0.01605084358125171,191,360,226,225,283,122
1776766587.6281292,0.0,5,3,5.830951894845301,0.709361544385073,0.01605084358125171,191,360,226,225,283,122
1776766587.685008,0.0,5,3,5.830951894845301,0.709361544385073,0.01605084358125171,191,360,226,225,283,122
1776766587.7382965,0.0,5,3,5.830951894845301,0.709361544385073,0.01605084358125171,191,360,226,225,283,122
1776766587.7955809,0.0,5,3,5.830951894845301,0.709361544385073,0.01605084358125171,191,360,226,225,283,122
1776766587.8528752,0.0,5,3,5.830951894845301,0.709361544385073,0.01605084358125171,191,360,226,225,283,122
1776766587.9102707,0.0,5,3,5.830951894845301,0.709361544385073,0.01605084358125171,191,360,226,225,283,122
1776766587.9675186,0.0,5,3,5.830951894845301,0.709361544385073,0.01605084358125171,191,360,226,225,283,122
1776766588.0220203,0.0,5,3,5.830951894845301,0.709361544385073,0.01605084358125171,191,360,226,225,283,122
1776766588.0793662,0.0,5,3,5.830951894845301,0.709361544385073,0.01605084358125171,191,360,226,225,283,122
1776766588.1362605,0.0,5,3,5.830951894845301,0.709361544385073,0.01605084358125171,191,360,226,225,283,122
1776766588.1934884,0.0,5,3,5.830951894845301,0.709361544385073,0.01605084358125171,191,360,226,225,283,122
1776766588.2505498,0.0,5,3,5.830951894845301,0.709361544385073,0.01605084358125171,191,360,226,225,283,122
1776766588.307963,0.0,5,3,5.830951894845301,0.709361544385073,0.01605084358125171,191,360,226,225,283,122
1776766588.3613307,0.0,5,3,5.830951894845301,0.709361544385073,0.01605084358125171,191,360,226,225,283,122
1776766588.418422,0.0,5,3,5.830951894845301,0.709361544385073,0.01605084358125171,191,360,226,225,283,122
1776766588.475862,0.0,5,3,5.830951894845301,0.709361544385073,0.01605084358125171,191,360,226,225,283,122
1776766588.5333972,0.0,5,3,5.830951894845301,0.709361544385073,0.01605084358125171,191,360,226,225,283,122
1776766588.5908892,0.0,5,3,5.830951894845301,0.709361544385073,0.01605084358125171,191,360,226,225,283,122
1776766588.6437666,0.0,5,3,5.830951894845301,0.709361544385073,0.01605084358125171,191,360,226,225,283,122
1776766588.7015133,0.0,5,3,5.830951894845301,0.709361544385073,0.01605084358125171,191,360,226,225,283,122
1776766588.7592342,0.0,5,3,5.830951894845301,0.709361544385073,0.01605084358125171,191,360,226,225,283,122
1776766588.8162086,0.0,5,3,5.830951894845301,0.709361544385073,0.01605084358125171,191,360,226,225,283,122
1776766588.8730345,0.0,5,3,5.830951894845301,0.709361544385073,0.01605084358125171,191,360,226,225,283,122
1776766588.9306405,0.0,5,3,5.830951894845301,0.709361544385073,0.01605084358125171,191,360,226,225,283,122
1776766588.9835248,0.0,5,3,5.830951894845301,0.709361544385073,0.01605084358125171,191,360,226,225,283,122
1776766589.0412705,0.0,5,3,5.830951894845301,0.709361544385073,0.01605084358125171,191,360,226,225,283,122
1776766589.0980804,0.0,5,3,5.830951894845301,0.709361544385073,0.01605084358125171,191,360,226,225,283,122
1776766589.1560025,0.0,5,3,5.830951894845301,0.709361544385073,0.01605084358125171,191,360,226,225,283,122
1776766589.212687,0.0,5,3,5.830951894845301,0.709361544385073,0.01605084358125171,191,360,226,225,283,122
1776766589.2660782,0.0,5,3,5.830951894845301,0.709361544385073,0.01605084358125171,191,360,226,225,283,122
1776766589.3238173,0.0,5,3,5.830951894845301,0.709361544385073,0.01605084358125171,191,360,226,225,283,122
1776766589.3816686,0.0,5,3,5.830951894845301,0.709361544385073,0.01605084358125171,191,360,226,225,283,122
1776766589.4388354,0.0,5,3,5.830951894845301,0.709361544385073,0.01605084358125171,191,360,226,225,283,122
1776766589.4958067,0.0,5,3,5.830951894845301,0.709361544385073,0.01605084358125171,191,360,226,225,283,122
1776766589.552765,0.0,5,3,5.830951894845301,0.709361544385073,0.01605084358125171,191,360,226,225,283,122
1776766589.6061723,0.0,5,3,5.830951894845301,0.709361544385073,0.01605084358125171,191,360,226,225,283,122
1776766589.6632054,0.0,5,3,5.830951894845301,0.709361544385073,0.01605084358125171,191,360,226,225,283,122
1776766589.7206056,0.0,5,3,5.830951894845301,0.709361544385073,0.01605084358125171,191,360,226,225,283,122
1776766589.777939,0.0,5,3,5.830951894845301,0.709361544385073,0.01605084358125171,191,360,226,225,283,122
1776766589.835254,0.0,5,3,5.830951894845301,0.709361544385073,0.01605084358125171,191,360,226,225,283,122
1776766589.8890412,0.0,5,3,5.830951894845301,0.709361544385073,0.01605084358125171,191,360,226,225,283,122
1776766589.9463234,0.0,5,4,6.4031242374328485,0.7789688853324632,0.016369098455332617,191,360,226,225,283,123
1776766590.003406,0.0,5,4,6.4031242374328485,0.7789688853324632,0.016369098455332617,191,360,226,225,283,123
1776766590.061036,0.0,5,4,6.4031242374328485,0.7789688853324632,0.016369098455332617,191,360,226,225,283,123
1776766590.118019,0.0,5,4,6.4031242374328485,0.7789688853324632,0.016369098455332617,191,360,226,225,283,123
1776766590.175725,0.0,5,4,6.4031242374328485,0.7789688853324632,0.016369098455332617,191,360,226,225,283,123
1776766590.2292378,0.0,5,4,6.4031242374328485,0.7789688853324632,0.016369098455332617,191,360,226,225,283,123
1776766590.2861059,0.0,5,4,6.4031242374328485,0.7789688853324632,0.016369098455332617,191,360,226,225,283,123
1776766590.343421,0.0,5,4,6.4031242374328485,0.7789688853324632,0.016369098455332617,191,360,226,225,283,123
1776766590.4012656,0.0,5,4,6.4031242374328485,0.7789688853324632,0.016369098455332617,191,360,226,225,283,123
1776766590.4579058,0.0,5,4,6.4031242374328485,0.7789688853324632,0.016369098455332617,191,360,226,225,283,123
1776766590.5118208,0.0,5,4,6.4031242374328485,0.7789688853324632,0.016369098455332617,191,360,226,225,283,123
1776766590.5688052,0.0,5,4,6.4031242374328485,0.7789688853324632,0.016369098455332617,191,360,226,225,283,123
1776766590.6261878,0.0,5,4,6.4031242374328485,0.7789688853324632,0.016369098455332617,191,360,226,225,283,123
1776766590.6838255,0.0,5,4,6.4031242374328485,0.7789688853324632,0.016369098455332617,191,360,226,225,283,123
1776766590.7410164,0.0,5,4,6.4031242374328485,0.7789688853324632,0.016369098455332617,191,360,226,225,283,123
1776766590.798198,0.0,5,4,6.4031242374328485,0.7789688853324632,0.016369098455332617,191,360,226,225,283,123
1776766590.851601,0.0,5,4,6.4031242374328485,0.7789688853324632,0.016369098455332617,191,360,226,225,283,123
1776766590.9089756,0.0,5,4,6.4031242374328485,0.7789688853324632,0.016369098455332617,191,360,226,225,283,123
1776766590.9668443,0.0,5,4,6.4031242374328485,0.7789688853324632,0.016369098455332617,191,360,226,225,283,123
1776766591.0238676,0.0,5,4,6.4031242374328485,0.7789688853324632,0.016369098455332617,191,360,226,225,283,123
1776766591.0809116,0.0,5,4,6.4031242374328485,0.7789688853324632,0.016369098455332617,191,360,226,225,283,123
1776766591.1347587,0.0,5,4,6.4031242374328485,0.7789688853324632,0.016369098455332617,191,360,226,225,283,123
1776766591.1927905,0.0,5,4,6.4031242374328485,0.7789688853324632,0.016369098455332617,191,360,226,225,283,123
1776766591.2490518,0.0,5,4,6.4031242374328485,0.7789688853324632,0.016369098455332617,191,360,226,225,283,123
1776766591.3062227,0.0,5,4,6.4031242374328485,0.7789688853324632,0.016369098455332617,191,360,226,225,283,123
1776766591.3636632,0.0,5,4,6.4031242374328485,0.7789688853324632,0.016369098455332617,191,360,226,225,283,123
1776766591.4211102,0.0,5,4,6.4031242374328485,0.7789688853324632,0.016369098455332617,191,360,226,225,283,123
1776766591.4740524,0.0,5,4,6.4031242374328485,0.7789688853324632,0.016369098455332617,191,360,226,225,283,123
1776766591.5315638,0.0,5,4,6.4031242374328485,0.7789688853324632,0.016369098455332617,191,360,226,225,283,123
1776766591.588982,0.0,5,4,6.4031242374328485,0.7789688853324632,0.016369098455332617,191,360,226,225,283,123
1776766591.646556,0.0,5,4,6.4031242374328485,0.7789688853324632,0.016369098455332617,191,360,226,225,283,123
1776766591.7041035,0.0,5,4,6.4031242374328485,0.7789688853324632,0.016369098455332617,191,360,226,225,283,123
1776766591.756368,0.0,5,4,6.4031242374328485,0.7789688853324632,0.016369098455332617,191,360,226,225,283,123
1776766591.8142416,0.0,5,4,6.4031242374328485,0.7789688853324632,0.016369098455332617,191,360,226,225,283,123
1776766591.8725686,0.0,5,4,6.4031242374328485,0.7789688853324632,0.016369098455332617,191,360,226,225,283,123
1776766591.9282196,0.0,5,4,6.4031242374328485,0.7789688853324632,0.016369098455332617,191,360,226,225,283,123
1776766591.9855266,0.0,5,4,6.4031242374328485,0.7789688853324632,0.016369098455332617,191,360,226,225,283,123
1776766592.0429003,0.0,5,4,6.4031242374328485,0.7789688853324632,0.016369098455332617,191,360,226,225,283,123
1776766592.096416,0.0,5,4,6.4031242374328485,0.7789688853324632,0.016369098455332617,191,360,226,225,283,123
1776766592.1537163,0.0,5,4,6.4031242374328485,0.7789688853324632,0.016369098455332617,191,360,226,225,283,123
1776766592.2109601,0.0,5,4,6.4031242374328485,0.7789688853324632,0.016369098455332617,191,360,226,225,283,123
1776766592.2682943,0.0,5,4,6.4031242374328485,0.7789688853324632,0.016369098455332617,191,360,226,225,283,123
1776766592.3264153,0.0,5,4,6.4031242374328485,0.7789688853324632,0.016369098455332617,191,360,226,225,283,123
1776766592.3794801,0.0,5,4,6.4031242374328485,0.7789688853324632,0.016369098455332617,191,360,226,225,283,123
1776766592.436967,0.0,5,4,6.4031242374328485,0.7789688853324632,0.016369098455332617,191,360,226,225,283,123
1776766592.4947085,0.0,5,4,6.4031242374328485,0.7789688853324632,0.016369098455332617,191,360,226,225,283,123
1776766592.5510428,0.0,5,4,6.4031242374328485,0.7789688853324632,0.016369098455332617,191,360,226,225,283,123
1776766592.6083682,0.0,5,4,6.4031242374328485,0.7789688853324632,0.016369098455332617,191,360,226,225,283,123
1776766592.6658723,0.0,5,4,6.4031242374328485,0.7789688853324632,0.016369098455332617,191,360,226,225,283,123
1776766592.719192,0.0,5,4,6.4031242374328485,0.7789688853324632,0.016369098455332617,191,360,226,225,283,123
1776766592.776467,0.0,5,4,6.4031242374328485,0.7789688853324632,0.016369098455332617,191,360,226,225,283,123
1776766592.8347108,0.0,5,4,6.4031242374328485,0.7789688853324632,0.016369098455332617,191,360,226,225,283,123
1776766592.8915439,0.0,5,4,6.4031242374328485,0.7789688853324632,0.016369098455332617,191,360,226,225,283,123
1776766592.9483373,0.0,5,4,6.4031242374328485,0.7789688853324632,0.016369098455332617,191,360,226,225,283,123
1776766593.001793,0.0,5,4,6.4031242374328485,0.7789688853324632,0.016369098455332617,191,360,226,225,283,123
1776766593.059283,0.0,5,4,6.4031242374328485,0.7789688853324632,0.016369098455332617,191,360,226,225,283,123
1776766593.1168501,0.0,5,4,6.4031242374328485,0.7789688853324632,0.016369098455332617,191,360,226,225,283,123
1776766593.1738331,0.0,5,4,6.4031242374328485,0.7789688853324632,0.016369098455332617,191,360,226,225,283,123
1776766593.2311842,0.0,5,4,6.4031242374328485,0.7789688853324632,0.016369098455332617,191,360,226,225,283,123
1776766593.2845597,0.0,5,4,6.4031242374328485,0.7789688853324632,0.016369098455332617,191,360,226,225,283,123
1776766593.3418987,0.0,5,4,6.4031242374328485,0.7789688853324632,0.016369098455332617,191,360,226,225,283,123
1776766593.3999124,0.0,5,4,6.4031242374328485,0.7789688853324632,0.016369098455332617,191,360,226,225,283,123
1776766593.4564848,0.0,5,4,6.4031242374328485,0.7789688853324632,0.016369098455332617,191,360,226,225,283,123
1776766593.5133934,0.0,5,4,6.4031242374328485,0.7789688853324632,0.016369098455332617,191,360,226,225,283,123
1776766593.570773,0.0,5,4,6.4031242374328485,0.7789688853324632,0.016369098455332617,191,360,226,225,283,123
1776766593.6245742,0.0,5,4,6.4031242374328485,0.7789688853324632,0.016369098455332617,191,360,226,225,283,123
1776766593.6821275,0.0,5,4,6.4031242374328485,0.7789688853324632,0.016369098455332617,191,360,226,225,283,123
1776766593.738871,0.0,5,4,6.4031242374328485,0.7789688853324632,0.016369098455332617,191,360,226,225,283,123
1776766593.7966568,0.0,5,4,6.4031242374328485,0.7789688853324632,0.016369098455332617,191,360,226,225,283,123
1776766593.8539195,0.0,5,4,6.4031242374328485,0.7789688853324632,0.016369098455332617,191,360,226,225,283,123
1776766593.906909,0.0,5,4,6.4031242374328485,0.7789688853324632,0.016369098455332617,191,360,226,225,283,123
1776766593.964273,0.0,5,4,6.4031242374328485,0.7789688853324632,0.016369098455332617,191,360,226,225,283,123
1776766594.0218902,0.0,5,4,6.4031242374328485,0.7789688853324632,0.016369098455332617,191,360,226,225,283,123
1776766594.079203,0.0,5,4,6.4031242374328485,0.7789688853324632,0.016369098455332617,191,360,226,225,283,123
1776766594.1363854,0.0,5,4,6.4031242374328485,0.7789688853324632,0.016369098455332617,191,360,226,225,283,123
1776766594.1933045,0.0,5,4,6.4031242374328485,0.7789688853324632,0.016369098455332617,191,360,226,225,283,123
1776766594.247284,0.0,5,4,6.4031242374328485,0.7789688853324632,0.016369098455332617,191,360,226,225,283,123
1776766594.3039556,0.0,5,4,6.4031242374328485,0.7789688853324632,0.016369098455332617,191,360,226,225,283,123
1776766594.3615308,0.0,5,4,6.4031242374328485,0.7789688853324632,0.016369098455332617,191,360,226,225,283,123
1776766594.4188092,0.0,5,4,6.4031242374328485,0.7789688853324632,0.016369098455332617,191,360,226,225,283,123
1776766594.4762774,0.0,5,4,6.4031242374328485,0.7789688853324632,0.016369098455332617,191,360,226,225,283,123
1776766594.5296571,0.0,5,4,6.4031242374328485,0.7789688853324632,0.016369098455332617,191,360,226,225,283,123
1776766594.586987,0.0,5,4,6.4031242374328485,0.7789688853324632,0.016369098455332617,191,360,226,225,283,123
1776766594.6441298,0.0,5,4,6.4031242374328485,0.7789688853324632,0.016369098455332617,191,360,226,225,283,123
1776766594.7016885,0.0,5,4,6.4031242374328485,0.7789688853324632,0.016369098455332617,191,360,226,225,283,123
1776766594.759787,0.0,5,4,6.4031242374328485,0.7789688853324632,0.016369098455332617,191,360,226,225,283,123
1776766594.8163793,0.0,5,4,6.4031242374328485,0.7789688853324632,0.016369098455332617,191,360,226,225,283,123
1776766594.8698356,0.0,5,4,6.4031242374328485,0.7789688853324632,0.016369098455332617,191,360,226,225,283,123
1776766594.9272275,0.0,5,4,6.4031242374328485,0.7789688853324632,0.016369098455332617,191,360,226,225,283,123
1776766594.984119,0.0,5,4,6.4031242374328485,0.7789688853324632,0.016369098455332617,191,360,226,225,283,123
1776766595.0417726,0.0,5,4,6.4031242374328485,0.7789688853324632,0.016369098455332617,191,360,226,225,283,123
1776766595.0988603,0.0,5,4,6.4031242374328485,0.7789688853324632,0.016369098455332617,191,360,226,225,283,123
1776766595.1522279,0.0,5,4,6.4031242374328485,0.7789688853324632,0.016369098455332617,191,360,226,225,283,123
1776766595.2095218,0.0,5,4,6.4031242374328485,0.7789688853324632,0.016369098455332617,191,360,226,225,283,123
1776766595.2667289,0.0,5,4,6.4031242374328485,0.7789688853324632,0.016369098455332617,191,360,226,225,283,123
1776766595.3245747,0.0,5,4,6.4031242374328485,0.7789688853324632,0.016369098455332617,191,360,226,225,283,123
1776766595.38165,0.0,5,4,6.4031242374328485,0.7789688853324632,0.016369098455332617,191,360,226,225,283,123
1776766595.4390335,0.0,5,4,6.4031242374328485,0.7789688853324632,0.016369098455332617,191,360,226,225,283,123
1776766595.492498,0.0,5,4,6.4031242374328485,0.7789688853324632,0.016369098455332617,191,360,226,225,283,123
1776766595.550077,0.0,5,4,6.4031242374328485,0.7789688853324632,0.016369098455332617,191,360,226,225,283,123
1776766595.607871,0.0,5,4,6.4031242374328485,0.7789688853324632,0.016369098455332617,191,360,226,225,283,123
1776766595.6641984,0.0,5,4,6.4031242374328485,0.7789688853324632,0.016369098455332617,191,360,226,225,283,123
1776766595.7751367,0.0,5,4,6.4031242374328485,0.7789688853324632,0.016369098455332617,191,360,226,225,283,123
1776766595.832103,0.0,5,4,6.4031242374328485,0.7789688853324632,0.016369098455332617,191,360,226,225,283,123
1776766595.8896549,0.0,5,4,6.4031242374328485,0.7789688853324632,0.016369098455332617,191,360,226,225,283,123
1776766595.9463341,0.0,5,4,6.4031242374328485,0.7789688853324632,0.016369098455332617,191,360,226,225,283,123
1776766596.0035548,0.0,5,4,6.4031242374328485,0.7789688853324632,0.016369098455332617,191,360,226,225,283,123
1776766596.0614853,0.0,5,4,6.4031242374328485,0.7789688853324632,0.016369098455332617,191,360,226,225,283,123
1776766596.1152472,0.0,5,4,6.4031242374328485,0.7789688853324632,0.016369098455332617,191,360,226,225,283,123
1776766596.172069,0.0,5,4,6.4031242374328485,0.7789688853324632,0.016369098455332617,191,360,226,225,283,123
1776766596.2301545,0.0,5,4,6.4031242374328485,0.7789688853324632,0.016369098455332617,191,360,226,225,283,123
1776766596.2869043,0.0,5,4,6.4031242374328485,0.7789688853324632,0.016369098455332617,191,360,226,225,283,123
1776766596.3440452,0.0,5,4,6.4031242374328485,0.7789688853324632,0.016369098455332617,191,360,226,225,283,123
1776766596.39743,0.0,5,4,6.4031242374328485,0.7789688853324632,0.016369098455332617,191,360,226,225,283,123
1776766596.4545755,0.0,5,4,6.4031242374328485,0.7789688853324632,0.016369098455332617,191,360,226,225,283,123
1776766596.5116057,0.0,5,4,6.4031242374328485,0.7789688853324632,0.016369098455332617,191,360,226,225,283,123
1776766596.5691905,0.0,5,4,6.4031242374328485,0.7789688853324632,0.016369098455332617,191,360,226,225,283,123
1776766596.6264565,0.0,5,4,6.4031242374328485,0.7789688853324632,0.016369098455332617,191,360,226,225,283,123
1776766596.6837897,0.0,5,4,6.4031242374328485,0.7789688853324632,0.016369098455332617,191,360,226,225,283,123
1776766596.7375321,0.0,5,4,6.4031242374328485,0.7789688853324632,0.016369098455332617,191,360,226,225,283,123
1776766596.794868,0.0,5,4,6.4031242374328485,0.7789688853324632,0.016369098455332617,191,360,226,225,283,123
1776766596.8520849,0.0,5,4,6.4031242374328485,0.7789688853324632,0.016369098455332617,191,360,226,225,283,123
1776766596.9093008,0.0,5,4,6.4031242374328485,0.7789688853324632,0.016369098455332617,191,360,226,225,283,123
1776766596.9660604,0.0,5,4,6.4031242374328485,0.7789688853324632,0.016369098455332617,191,360,226,225,283,123
1776766597.019458,0.0,5,4,6.4031242374328485,0.7789688853324632,0.016369098455332617,191,360,226,225,283,123
1776766597.0776803,0.0,5,4,6.4031242374328485,0.7789688853324632,0.016369098455332617,191,360,226,225,283,123
1776766597.1342974,0.0,5,4,6.4031242374328485,0.7789688853324632,0.016369098455332617,191,360,226,225,283,123
1776766597.1924803,0.0,5,4,6.4031242374328485,0.7789688853324632,0.016369098455332617,191,360,226,225,283,123
1776766597.2492256,0.0,5,4,6.4031242374328485,0.7789688853324632,0.016369098455332617,191,360,226,225,283,123
1776766597.306478,0.0,5,4,6.4031242374328485,0.7789688853324632,0.016369098455332617,191,360,226,225,283,123
1776766597.360385,0.0,5,4,6.4031242374328485,0.7789688853324632,0.016369098455332617,191,360,226,225,283,123
1776766597.416827,0.0,5,4,6.4031242374328485,0.7789688853324632,0.016369098455332617,191,360,226,225,283,123
1776766597.4741368,0.0,5,4,6.4031242374328485,0.7789688853324632,0.016369098455332617,191,360,226,225,283,123
1776766597.5322175,0.0,5,4,6.4031242374328485,0.7789688853324632,0.016369098455332617,191,360,226,225,283,123
1776766597.5893092,0.0,5,4,6.4031242374328485,0.7789688853324632,0.016369098455332617,191,360,226,225,283,123
1776766597.642729,0.0,5,4,6.4031242374328485,0.7789688853324632,0.016369098455332617,191,360,226,225,283,123
1776766597.6999202,0.0,5,4,6.4031242374328485,0.7789688853324632,0.016369098455332617,191,360,226,225,283,123
1776766597.7573538,0.0,5,4,6.4031242374328485,0.7789688853324632,0.016369098455332617,191,360,226,225,283,123
1776766597.8145723,0.0,5,4,6.4031242374328485,0.7789688853324632,0.016369098455332617,191,360,226,225,283,123
1776766597.87177,0.0,5,4,6.4031242374328485,0.7789688853324632,0.016369098455332617,191,360,226,225,283,123
1776766597.9292126,0.0,5,4,6.4031242374328485,0.7789688853324632,0.016369098455332617,191,360,226,225,283,123
1776766597.9822905,0.0,5,4,6.4031242374328485,0.7789688853324632,0.016369098455332617,191,360,226,225,283,123
1776766598.040801,0.0,5,4,6.4031242374328485,0.7789688853324632,0.016369098455332617,191,360,226,225,283,123
1776766598.0974135,0.0,5,4,6.4031242374328485,0.7789688853324632,0.016369098455332617,191,360,226,225,283,123
1776766598.1545577,0.0,5,4,6.4031242374328485,0.7789688853324632,0.016369098455332617,191,360,226,225,283,123
1776766598.2114596,0.0,5,4,6.4031242374328485,0.7789688853324632,0.016369098455332617,191,360,226,225,283,123
1776766598.264944,0.0,5,4,6.4031242374328485,0.7789688853324632,0.016369098455332617,191,360,226,225,283,123
1776766598.3221714,0.0,5,4,6.4031242374328485,0.7789688853324632,0.016369098455332617,191,360,226,225,283,123
1776766598.3801873,0.0,5,4,6.4031242374328485,0.7789688853324632,0.016369098455332617,191,360,226,225,283,123
1776766598.4375203,0.0,5,4,6.4031242374328485,0.7789688853324632,0.016369098455332617,191,360,226,225,283,123
1776766598.5517313,0.0,5,4,6.4031242374328485,0.7789688853324632,0.016369098455332617,191,360,226,225,283,123
1776766598.6049702,0.0,5,4,6.4031242374328485,0.7789688853324632,0.016369098455332617,191,360,226,225,283,123
1776766598.6637225,0.0,5,4,6.4031242374328485,0.7789688853324632,0.016369098455332617,191,360,226,225,283,123
1776766598.719108,0.0,5,4,6.4031242374328485,0.7789688853324632,0.016369098455332617,191,360,226,225,283,123
1776766598.7765508,0.0,5,4,6.4031242374328485,0.7789688853324632,0.016369098455332617,191,360,226,225,283,123
1776766598.8338761,0.0,5,4,6.4031242374328485,0.7789688853324632,0.016369098455332617,191,360,226,225,283,123
1776766598.887608,0.0,5,4,6.4031242374328485,0.7789688853324632,0.016369098455332617,191,360,226,225,283,123
1776766598.9450948,0.0,5,4,6.4031242374328485,0.7789688853324632,0.016369098455332617,191,360,226,225,283,123
1776766599.001909,0.0,5,4,6.4031242374328485,0.7789688853324632,0.016369098455332617,191,360,226,225,283,123
1776766599.059661,0.0,5,4,6.4031242374328485,0.7789688853324632,0.016369098455332617,191,360,226,225,283,123
1776766599.1169367,0.0,5,4,6.4031242374328485,0.7789688853324632,0.016369098455332617,191,360,226,225,283,123
1776766599.1748495,0.0,5,4,6.4031242374328485,0.7789688853324632,0.016369098455332617,191,360,226,225,283,123
1776766599.2289078,0.0,5,4,6.4031242374328485,0.7789688853324632,0.016369098455332617,191,360,226,225,283,123
1776766599.2851546,0.0,5,4,6.4031242374328485,0.7789688853324632,0.016369098455332617,191,360,226,225,283,123
1776766599.3425233,0.0,5,4,6.4031242374328485,0.7789688853324632,0.016369098455332617,191,360,226,225,283,123
1776766599.399813,0.0,5,4,6.4031242374328485,0.7789688853324632,0.016369098455332617,191,360,226,225,283,123
1776766599.4571066,0.0,5,4,6.4031242374328485,0.7789688853324632,0.016369098455332617,191,360,226,225,283,123
1776766599.5106256,0.0,5,4,6.4031242374328485,0.7789688853324632,0.016369098455332617,191,360,226,225,283,123
1776766599.567597,0.0,5,4,6.4031242374328485,0.7789688853324632,0.016369098455332617,191,360,226,225,283,123
1776766599.6247077,0.0,5,4,6.4031242374328485,0.7789688853324632,0.016369098455332617,191,360,226,225,283,123
1776766599.6820245,0.0,5,4,6.4031242374328485,0.7789688853324632,0.016369098455332617,191,360,226,225,283,123
1776766599.739716,0.0,5,4,6.4031242374328485,0.7789688853324632,0.016369098455332617,191,360,226,225,283,123
1776766599.7970705,0.0,5,4,6.4031242374328485,0.7789688853324632,0.016369098455332617,191,360,226,225,283,123
1776766599.8502111,0.0,5,4,6.4031242374328485,0.7789688853324632,0.016369098455332617,191,360,226,225,283,123
1776766599.9075584,0.0,5,4,6.4031242374328485,0.7789688853324632,0.016369098455332617,191,360,226,225,283,123
1776766599.9646323,0.0,5,4,6.4031242374328485,0.7789688853324632,0.016369098455332617,191,360,226,225,283,123
1776766600.02209,0.0,5,4,6.4031242374328485,0.7789688853324632,0.016369098455332617,191,360,226,225,283,123
1776766600.0800202,0.0,5,4,6.4031242374328485,0.7789688853324632,0.016369098455332617,191,360,226,225,283,123
1776766600.133242,0.0,5,4,6.4031242374328485,0.7789688853324632,0.016369098455332617,191,360,226,225,283,123
1776766600.1901143,0.0,5,4,6.4031242374328485,0.7789688853324632,0.016369098455332617,191,360,226,225,283,123
1776766600.2476199,0.0,5,4,6.4031242374328485,0.7789688853324632,0.016369098455332617,191,360,226,225,283,123
1776766600.305168,0.0,5,4,6.4031242374328485,0.7789688853324632,0.016369098455332617,191,360,226,225,283,123
1776766600.361514,0.0,5,4,6.4031242374328485,0.7789688853324632,0.016369098455332617,191,360,226,225,283,123
1776766600.4191673,0.0,5,4,6.4031242374328485,0.7789688853324632,0.016369098455332617,191,360,226,225,283,123
1776766600.4724956,0.0,5,4,6.4031242374328485,0.7789688853324632,0.016369098455332617,191,360,226,225,283,123
1776766600.5304606,0.0,5,4,6.4031242374328485,0.7789688853324632,0.016369098455332617,191,360,226,225,283,123
1776766600.5876825,0.0,5,4,6.4031242374328485,0.7789688853324632,0.016369098455332617,191,360,226,225,283,123
1776766600.6441898,0.0,5,4,6.4031242374328485,0.7789688853324632,0.016369098455332617,191,360,226,225,283,123
1776766600.7014997,0.0,5,4,6.4031242374328485,0.7789688853324632,0.016369098455332617,191,360,226,225,283,123
1776766600.7552938,0.0,5,4,6.4031242374328485,0.7789688853324632,0.016369098455332617,191,360,226,225,283,123
1776766600.8122017,0.0,5,4,6.4031242374328485,0.7789688853324632,0.016369098455332617,191,360,226,225,283,123
1776766600.870086,0.0,5,4,6.4031242374328485,0.7789688853324632,0.016369098455332617,191,360,226,225,283,123
1776766600.926871,0.0,5,4,6.4031242374328485,0.7789688853324632,0.016369098455332617,191,360,226,225,283,123
1776766600.984123,0.0,5,4,6.4031242374328485,0.7789688853324632,0.016369098455332617,191,360,226,225,283,123
1776766601.0414832,0.0,5,4,6.4031242374328485,0.7789688853324632,0.016369098455332617,191,360,226,225,283,123
1776766601.0950167,0.0,5,4,6.4031242374328485,0.7789688853324632,0.016369098455332617,191,360,226,225,283,123
1776766601.1521802,0.0,5,4,6.4031242374328485,0.7789688853324632,0.016369098455332617,191,360,226,225,283,123
1776766601.2095964,0.0,5,4,6.4031242374328485,0.7789688853324632,0.016369098455332617,191,360,226,225,283,123
1776766601.2672129,0.0,5,4,6.4031242374328485,0.7789688853324632,0.016369098455332617,191,360,226,225,283,123
1776766601.324981,0.0,5,4,6.4031242374328485,0.7789688853324632,0.016369098455332617,191,360,226,225,283,123
1776766601.3784676,0.0,5,4,6.4031242374328485,0.7789688853324632,0.016369098455332617,191,360,226,225,283,123
1776766601.4353495,0.0,5,4,6.4031242374328485,0.7789688853324632,0.016369098455332617,191,360,226,225,283,123
1776766601.492766,0.0,5,4,6.4031242374328485,0.7789688853324632,0.016369098455332617,191,360,226,225,283,123
1776766601.5498972,0.0,5,4,6.4031242374328485,0.7789688853324632,0.016369098455332617,191,360,226,225,283,123
1776766601.6067514,0.0,5,4,6.4031242374328485,0.7789688853324632,0.016369098455332617,191,360,226,225,283,123
1776766601.6641111,0.0,5,4,6.4031242374328485,0.7789688853324632,0.016369098455332617,191,360,226,225,283,123
1776766601.717792,0.0,5,4,6.4031242374328485,0.7789688853324632,0.016369098455332617,191,360,226,225,283,123
1776766601.7748988,0.0,5,4,6.4031242374328485,0.7789688853324632,0.016369098455332617,191,360,226,225,283,123
1776766601.8322089,0.0,5,4,6.4031242374328485,0.7789688853324632,0.016369098455332617,191,360,226,225,283,123
1776766601.889912,0.0,5,4,6.4031242374328485,0.7789688853324632,0.016369098455332617,191,360,226,225,283,123
1776766601.946673,0.0,5,4,6.4031242374328485,0.7789688853324632,0.016369098455332617,191,360,226,225,283,123
1776766602.0006185,0.0,5,4,6.4031242374328485,0.7789688853324632,0.016369098455332617,191,360,226,225,283,123
1776766602.0575988,0.0,5,4,6.4031242374328485,0.7789688853324632,0.016369098455332617,191,360,226,225,283,123
1776766602.1154575,0.0,5,4,6.4031242374328485,0.7789688853324632,0.016369098455332617,191,360,226,225,283,123
1776766602.1733584,0.0,5,4,6.4031242374328485,0.7789688853324632,0.016369098455332617,191,360,226,225,283,123
1776766602.2302806,0.0,5,4,6.4031242374328485,0.7789688853324632,0.016369098455332617,191,360,226,225,283,123
1776766602.2879307,0.0,5,4,6.4031242374328485,0.7789688853324632,0.016369098455332617,191,360,226,225,283,123
1776766602.3414052,0.0,5,4,6.4031242374328485,0.7789688853324632,0.016369098455332617,191,360,226,225,283,123
1776766602.398724,0.0,5,4,6.4031242374328485,0.7789688853324632,0.016369098455332617,191,360,226,225,283,123
1776766602.4560213,0.0,5,4,6.4031242374328485,0.7789688853324632,0.016369098455332617,191,360,226,225,283,123
1776766602.5133693,0.0,5,4,6.4031242374328485,0.7789688853324632,0.016369098455332617,191,360,226,225,283,123
1776766602.5697196,0.0,5,4,6.4031242374328485,0.7789688853324632,0.016369098455332617,191,360,226,225,283,123
1776766602.6237237,0.0,5,4,6.4031242374328485,0.7789688853324632,0.016369098455332617,191,360,226,225,283,123
1776766602.6807413,0.0,5,4,6.4031242374328485,0.7789688853324632,0.016369098455332617,191,360,226,225,283,123
1776766602.7383556,0.0,5,4,6.4031242374328485,0.7789688853324632,0.016369098455332617,191,360,226,225,283,123
1776766602.7955086,0.0,5,4,6.4031242374328485,0.7789688853324632,0.016369098455332617,191,360,226,225,283,123
1776766602.8524437,0.0,5,4,6.4031242374328485,0.7789688853324632,0.016369098455332617,191,360,226,225,283,123
1776766602.9100766,0.0,5,4,6.4031242374328485,0.7789688853324632,0.016369098455332617,191,360,226,225,283,123
1776766602.9630187,0.0,5,4,6.4031242374328485,0.7789688853324632,0.016369098455332617,191,360,226,225,283,123
1776766603.0203543,0.0,5,4,6.4031242374328485,0.7789688853324632,0.016369098455332617,191,360,226,225,283,123
1776766603.0778198,0.0,5,4,6.4031242374328485,0.7789688853324632,0.016369098455332617,191,360,226,225,283,123
1776766603.1352184,0.0,5,4,6.4031242374328485,0.7789688853324632,0.016369098455332617,191,360,226,225,283,123
1776766603.1926818,0.0,5,4,6.4031242374328485,0.7789688853324632,0.016369098455332617,191,360,226,225,283,123
1776766603.2451138,0.0,5,4,6.4031242374328485,0.7789688853324632,0.016369098455332617,191,360,226,225,283,123
1776766603.3025637,0.0,5,4,6.4031242374328485,0.7789688853324632,0.016369098455332617,191,360,226,225,283,123
1776766603.360241,0.0,5,4,6.4031242374328485,0.7789688853324632,0.016369098455332617,191,360,226,225,283,123
1776766603.4176133,0.0,5,4,6.4031242374328485,0.7789688853324632,0.016369098455332617,191,360,226,225,283,123
1776766603.475022,0.0,5,4,6.4031242374328485,0.7789688853324632,0.016369098455332617,191,360,226,225,283,123
1776766603.5320084,0.0,5,4,6.4031242374328485,0.7789688853324632,0.016369098455332617,191,360,226,225,283,123
1776766603.5862482,0.0,5,4,6.4031242374328485,0.7789688853324632,0.016369098455332617,191,360,226,225,283,123
1776766603.6430361,0.0,5,4,6.4031242374328485,0.7789688853324632,0.016369098455332617,191,360,226,225,283,123
1776766603.7002892,0.0,5,4,6.4031242374328485,0.7789688853324632,0.016369098455332617,191,360,226,225,283,123
1776766603.7585595,0.0,5,4,6.4031242374328485,0.7789688853324632,0.016369098455332617,191,360,226,225,283,123
1776766603.8148782,0.0,5,4,6.4031242374328485,0.7789688853324632,0.016369098455332617,191,360,226,225,283,123
1776766603.8682542,0.0,5,4,6.4031242374328485,0.7789688853324632,0.016369098455332617,191,360,226,225,283,123
1776766603.9260306,0.0,5,4,6.4031242374328485,0.7789688853324632,0.016369098455332617,191,360,226,225,283,123
1776766603.9831007,0.0,5,4,6.4031242374328485,0.7789688853324632,0.016369098455332617,191,360,226,225,283,123
1776766604.0404544,0.0,5,4,6.4031242374328485,0.7789688853324632,0.016369098455332617,191,360,226,225,283,123
1776766604.0971742,0.0,5,4,6.4031242374328485,0.7789688853324632,0.016369098455332617,191,360,226,225,283,123
1776766604.1547809,0.0,5,4,6.4031242374328485,0.7789688853324632,0.016369098455332617,191,360,226,225,283,123
1776766604.2089703,0.0,5,4,6.4031242374328485,0.7789688853324632,0.016369098455332617,191,360,226,225,283,123
1776766604.2655663,0.0,5,4,6.4031242374328485,0.7789688853324632,0.016369098455332617,191,360,226,225,283,123
1776766604.3227754,0.0,5,4,6.4031242374328485,0.7789688853324632,0.016369098455332617,191,360,226,225,283,123
1776766604.3803153,0.0,5,4,6.4031242374328485,0.7789688853324632,0.016369098455332617,191,360,226,225,283,123
1776766604.4378002,0.0,5,4,6.4031242374328485,0.7789688853324632,0.016369098455332617,191,360,226,225,283,123
1776766604.4908345,0.0,5,4,6.4031242374328485,0.7789688853324632,0.016369098455332617,191,360,226,225,283,123
1776766604.5487707,0.0,5,4,6.4031242374328485,0.7789688853324632,0.016369098455332617,191,360,226,225,283,123
1776766604.6050088,0.0,5,4,6.4031242374328485,0.7789688853324632,0.016369098455332617,191,360,226,225,283,123
1776766604.66229,0.0,5,4,6.4031242374328485,0.7789688853324632,0.016369098455332617,191,360,226,225,283,123
1776766604.7195518,0.0,5,4,6.4031242374328485,0.7789688853324632,0.016369098455332617,191,360,226,225,283,123
1776766604.777227,0.0,5,4,6.4031242374328485,0.7789688853324632,0.016369098455332617,191,360,226,225,283,123
1776766604.8307173,0.0,5,4,6.4031242374328485,0.7789688853324632,0.016369098455332617,191,360,226,225,283,123
1776766604.8881898,0.0,5,4,6.4031242374328485,0.7789688853324632,0.016369098455332617,191,360,226,225,283,123
1776766604.9455853,0.0,5,4,6.4031242374328485,0.7789688853324632,0.016369098455332617,191,360,226,225,283,123
1776766605.0029697,0.0,5,4,6.4031242374328485,0.7789688853324632,0.016369098455332617,191,360,226,225,283,123
1776766605.0595174,0.0,5,4,6.4031242374328485,0.7789688853324632,0.016369098455332617,191,360,226,225,283,123
1776766605.1132681,0.0,5,4,6.4031242374328485,0.7789688853324632,0.016369098455332617,191,360,226,225,283,123
1776766605.1705112,0.0,5,4,6.4031242374328485,0.7789688853324632,0.016369098455332617,191,360,226,225,283,123
1776766605.2281332,0.0,5,4,6.4031242374328485,0.7789688853324632,0.016369098455332617,191,360,226,225,283,123
1776766605.285138,0.0,5,4,6.4031242374328485,0.7789688853324632,0.016369098455332617,191,360,226,225,283,123
1776766605.3427835,0.0,5,4,6.4031242374328485,0.7789688853324632,0.016369098455332617,191,360,226,225,283,123
1776766605.3998606,0.0,5,4,6.4031242374328485,0.7789688853324632,0.016369098455332617,191,360,226,225,283,123
1776766605.453704,0.0,5,4,6.4031242374328485,0.7789688853324632,0.016369098455332617,191,360,226,225,283,123
1776766605.510241,0.0,5,4,6.4031242374328485,0.7789688853324632,0.016369098455332617,191,360,226,225,283,123
1776766605.5679433,0.0,5,4,6.4031242374328485,0.7789688853324632,0.016369098455332617,191,360,226,225,283,123
1776766605.6251392,0.0,5,4,6.4031242374328485,0.7789688853324632,0.016369098455332617,191,360,226,225,283,123
1776766605.6821294,0.0,5,4,6.4031242374328485,0.7789688853324632,0.016369098455332617,191,360,226,225,283,123
1776766605.7357078,0.0,5,4,6.4031242374328485,0.7789688853324632,0.016369098455332617,191,360,226,225,283,123
1776766605.7931635,0.0,5,4,6.4031242374328485,0.7789688853324632,0.016369098455332617,191,360,226,225,283,123
1776766605.85067,0.0,5,4,6.4031242374328485,0.7789688853324632,0.016369098455332617,191,360,226,225,283,123
1776766605.9085007,0.0,5,4,6.4031242374328485,0.7789688853324632,0.016369098455332617,191,360,226,225,283,123
1776766605.9654617,0.0,5,4,6.4031242374328485,0.7789688853324632,0.016369098455332617,191,360,226,225,283,123
1776766606.0226822,0.0,5,4,6.4031242374328485,0.7789688853324632,0.016369098455332617,191,360,226,225,283,123
1776766606.0754545,0.0,5,4,6.4031242374328485,0.7789688853324632,0.016369098455332617,191,360,226,225,283,123
1776766606.1334436,0.0,5,4,6.4031242374328485,0.7789688853324632,0.016369098455332617,191,360,226,225,283,123
1776766606.1907933,0.0,5,4,6.4031242374328485,0.7789688853324632,0.016369098455332617,191,360,226,225,283,123
1776766606.247616,0.0,5,4,6.4031242374328485,0.7789688853324632,0.016369098455332617,191,360,226,225,283,123
1776766606.3051543,0.0,5,4,6.4031242374328485,0.7789688853324632,0.016369098455332617,191,360,226,225,283,123
1776766606.3583643,0.0,5,4,6.4031242374328485,0.7789688853324632,0.016369098455332617,191,360,226,225,283,123
1776766606.4161139,0.0,5,4,6.4031242374328485,0.7789688853324632,0.016369098455332617,191,360,226,225,283,123
1776766606.4727702,0.0,5,4,6.4031242374328485,0.7789688853324632,0.016369098455332617,191,360,226,225,283,123
1776766606.5301647,0.0,5,4,6.4031242374328485,0.7789688853324632,0.016369098455332617,191,360,226,225,283,123
1776766606.5878174,0.0,5,4,6.4031242374328485,0.7789688853324632,0.016369098455332617,191,360,226,225,283,123
1776766606.641106,0.0,5,4,6.4031242374328485,0.7789688853324632,0.016369098455332617,191,360,226,225,283,123
1776766606.6984987,0.0,5,4,6.4031242374328485,0.7789688853324632,0.016369098455332617,191,360,226,225,283,123
1776766606.7556531,0.0,5,4,6.4031242374328485,0.7789688853324632,0.016369098455332617,191,360,226,225,283,123
1776766606.8132489,0.0,5,4,6.4031242374328485,0.7789688853324632,0.016369098455332617,191,360,226,225,283,123
1776766606.8710852,0.0,5,4,6.4031242374328485,0.7789688853324632,0.016369098455332617,191,360,226,225,283,123
1776766606.927836,0.0,5,4,6.4031242374328485,0.7789688853324632,0.016369098455332617,191,360,226,225,283,123
1776766606.9812648,0.0,5,4,6.4031242374328485,0.7789688853324632,0.016369098455332617,191,360,226,225,283,123
1776766607.038633,0.0,5,4,6.4031242374328485,0.7789688853324632,0.016369098455332617,191,360,226,225,283,123
1776766607.0957797,0.0,5,4,6.4031242374328485,0.7789688853324632,0.016369098455332617,191,360,226,225,283,123
1776766607.1529193,0.0,5,4,6.4031242374328485,0.7789688853324632,0.016369098455332617,191,360,226,225,283,123
1776766607.2103252,0.0,5,4,6.4031242374328485,0.7789688853324632,0.016369098455332617,191,360,226,225,283,123
1776766607.2638228,0.0,5,4,6.4031242374328485,0.7789688853324632,0.016369098455332617,191,360,226,225,283,123
1776766607.3205929,0.0,5,4,6.4031242374328485,0.7789688853324632,0.016369098455332617,191,360,226,225,283,123
1776766607.3778462,0.0,5,4,6.4031242374328485,0.7789688853324632,0.016369098455332617,191,360,226,225,283,123
1776766607.4356415,0.0,5,4,6.4031242374328485,0.7789688853324632,0.016369098455332617,191,360,226,225,283,123
1776766607.493028,0.0,5,4,6.4031242374328485,0.7789688853324632,0.016369098455332617,191,360,226,225,283,123
1776766607.5502164,0.0,5,4,6.4031242374328485,0.7789688853324632,0.016369098455332617,191,360,226,225,283,123
1776766607.6041203,0.0,5,4,6.4031242374328485,0.7789688853324632,0.016369098455332617,191,360,226,225,283,123
1776766607.6607902,0.0,5,4,6.4031242374328485,0.7789688853324632,0.016369098455332617,191,360,226,225,283,123
1776766607.718905,0.0,5,4,6.4031242374328485,0.7789688853324632,0.016369098455332617,191,360,226,225,283,123
1776766607.775042,0.0,5,4,6.4031242374328485,0.7789688853324632,0.016369098455332617,191,360,226,225,283,123
1776766607.832476,0.0,5,4,6.4031242374328485,0.7789688853324632,0.016369098455332617,191,360,226,225,283,123
1776766607.8863163,0.0,5,4,6.4031242374328485,0.7789688853324632,0.016369098455332617,191,360,226,225,283,123
1776766607.944052,0.0,5,4,6.4031242374328485,0.7789688853324632,0.016369098455332617,191,360,226,225,283,123
1776766608.0009353,0.0,5,4,6.4031242374328485,0.7789688853324632,0.016369098455332617,191,360,226,225,283,123
1776766608.0580833,0.0,5,4,6.4031242374328485,0.7789688853324632,0.016369098455332617,191,360,226,225,283,123
1776766608.115446,0.0,5,4,6.4031242374328485,0.7789688853324632,0.016369098455332617,191,360,226,225,283,123
1776766608.1731615,0.0,5,4,6.4031242374328485,0.7789688853324632,0.016369098455332617,191,360,226,225,283,123
1776766608.2257676,0.0,5,4,6.4031242374328485,0.7789688853324632,0.016369098455332617,191,360,226,225,283,123
1776766608.2835374,0.0,5,4,6.4031242374328485,0.7789688853324632,0.016369098455332617,191,360,226,225,283,123
1776766608.3409042,0.0,5,4,6.4031242374328485,0.7789688853324632,0.016369098455332617,191,360,226,225,283,123
1776766608.3990142,0.0,5,4,6.4031242374328485,0.7789688853324632,0.016369098455332617,191,360,226,225,283,123
1776766608.4556012,0.0,5,4,6.4031242374328485,0.7789688853324632,0.016369098455332617,191,360,226,225,283,123
1776766608.5090594,0.0,5,4,6.4031242374328485,0.7789688853324632,0.016369098455332617,191,360,226,225,283,123
1776766608.5661385,0.0,5,4,6.4031242374328485,0.7789688853324632,0.016369098455332617,191,360,226,225,283,123
1776766608.6236136,0.0,5,4,6.4031242374328485,0.7789688853324632,0.016369098455332617,191,360,226,225,283,123
1776766608.680765,0.0,5,4,6.4031242374328485,0.7789688853324632,0.016369098455332617,191,360,226,225,283,123
1776766608.7378712,0.0,5,4,6.4031242374328485,0.7789688853324632,0.016369098455332617,191,360,226,225,283,123
1776766608.7950962,0.0,5,4,6.4031242374328485,0.7789688853324632,0.016369098455332617,191,360,226,225,283,123
1776766608.8492563,0.0,5,4,6.4031242374328485,0.7789688853324632,0.016369098455332617,191,360,226,225,283,123
1776766608.906386,0.0,5,4,6.4031242374328485,0.7789688853324632,0.016369098455332617,191,360,226,225,283,123
1776766608.9635308,0.0,5,4,6.4031242374328485,0.7789688853324632,0.016369098455332617,191,360,226,225,283,123
1776766609.0212405,0.0,5,4,6.4031242374328485,0.7789688853324632,0.016369098455332617,191,360,226,225,283,123
1776766609.0781548,0.0,5,4,6.4031242374328485,0.7789688853324632,0.016369098455332617,191,360,226,225,283,123
1776766609.1313229,0.0,5,4,6.4031242374328485,0.7789688853324632,0.016369098455332617,191,360,226,225,283,123
1776766609.188813,0.0,5,4,6.4031242374328485,0.7789688853324632,0.016369098455332617,191,360,226,225,283,123
1776766609.246523,0.0,5,4,6.4031242374328485,0.7789688853324632,0.016369098455332617,191,360,226,225,283,123
1776766609.303589,0.0,5,4,6.4031242374328485,0.7789688853324632,0.016369098455332617,191,360,226,225,283,123
1776766609.3604066,0.0,5,4,6.4031242374328485,0.7789688853324632,0.016369098455332617,191,360,226,225,283,123
1776766609.4176965,0.0,5,4,6.4031242374328485,0.7789688853324632,0.016369098455332617,191,360,226,225,283,123
1776766609.4715693,0.0,5,4,6.4031242374328485,0.7789688853324632,0.016369098455332617,191,360,226,225,283,123
1776766609.528666,0.0,5,4,6.4031242374328485,0.7789688853324632,0.016369098455332617,191,360,226,225,283,123
1776766609.585733,0.0,5,4,6.4031242374328485,0.7789688853324632,0.016369098455332617,191,360,226,225,283,123
1776766609.6429453,0.0,5,4,6.4031242374328485,0.7789688853324632,0.016369098455332617,191,360,226,225,283,123
1776766609.7004166,0.0,5,4,6.4031242374328485,0.7789688853324632,0.016369098455332617,191,360,226,225,283,123
1776766609.7538834,0.0,5,4,6.4031242374328485,0.7789688853324632,0.016369098455332617,191,360,226,225,283,123
1776766609.8114183,0.0,5,4,6.4031242374328485,0.7789688853324632,0.016369098455332617,191,360,226,225,283,123
1776766609.8694615,0.0,5,4,6.4031242374328485,0.7789688853324632,0.016369098455332617,191,360,226,225,283,123
1776766609.9263034,0.0,5,4,6.4031242374328485,0.7789688853324632,0.016369098455332617,191,360,226,225,283,123
1776766609.9827266,0.0,5,4,6.4031242374328485,0.7789688853324632,0.016369098455332617,191,360,226,225,283,123
1776766610.0401132,0.0,5,4,6.4031242374328485,0.7789688853324632,0.016369098455332617,191,360,226,225,283,123
1776766610.09352,0.0,5,4,6.4031242374328485,0.7789688853324632,0.016369098455332617,191,360,226,225,283,123
1776766610.1512067,0.0,5,4,6.4031242374328485,0.7789688853324632,0.016369098455332617,191,360,226,225,283,123
1776766610.2082076,0.0,5,4,6.4031242374328485,0.7789688853324632,0.016369098455332617,191,360,226,225,283,123
1776766610.2658157,0.0,5,4,6.4031242374328485,0.7789688853324632,0.016369098455332617,191,360,226,225,283,123
1776766610.3231702,0.0,5,4,6.4031242374328485,0.7789688853324632,0.016369098455332617,191,360,226,225,283,123
1776766610.3765738,0.0,5,4,6.4031242374328485,0.7789688853324632,0.016369098455332617,191,360,226,225,283,123
1776766610.435167,0.0,5,4,6.4031242374328485,0.7789688853324632,0.016369098455332617,191,360,226,225,283,123
1776766610.491246,0.0,5,4,6.4031242374328485,0.7789688853324632,0.016369098455332617,191,360,226,225,283,123
1776766610.5485532,0.0,5,4,6.4031242374328485,0.7789688853324632,0.016369098455332617,191,360,226,225,283,123
1776766610.6060574,0.0,5,4,6.4031242374328485,0.7789688853324632,0.016369098455332617,191,360,226,225,283,123
1776766610.6629493,0.0,5,4,6.4031242374328485,0.7789688853324632,0.016369098455332617,191,360,226,225,283,123
1776766610.7167144,0.0,5,4,6.4031242374328485,0.7789688853324632,0.016369098455332617,191,360,226,225,283,123
1776766610.773946,0.0,5,4,6.4031242374328485,0.7789688853324632,0.016369098455332617,191,360,226,225,283,123
1776766610.8312197,0.0,5,4,6.4031242374328485,0.7789688853324632,0.016369098455332617,191,360,226,225,283,123
1776766610.88832,0.0,5,4,6.4031242374328485,0.7789688853324632,0.016369098455332617,191,360,226,225,283,123
1776766610.9458807,0.0,5,4,6.4031242374328485,0.7789688853324632,0.016369098455332617,191,360,226,225,283,123
1776766610.9995427,0.0,5,4,6.4031242374328485,0.7789688853324632,0.016369098455332617,191,360,226,225,283,123
1776766611.0567248,0.0,5,4,6.4031242374328485,0.7789688853324632,0.016369098455332617,191,360,226,225,283,123
1776766611.1136458,0.0,5,4,6.4031242374328485,0.7789688853324632,0.016369098455332617,191,360,226,225,283,123
1776766611.1712084,0.0,5,4,6.4031242374328485,0.7789688853324632,0.016369098455332617,191,360,226,225,283,123
1776766611.2283635,0.0,5,4,6.4031242374328485,0.7789688853324632,0.016369098455332617,191,360,226,225,283,123
1776766611.2857547,0.0,5,4,6.4031242374328485,0.7789688853324632,0.016369098455332617,191,360,226,225,283,123
1776766611.3394117,0.0,5,4,6.4031242374328485,0.7789688853324632,0.016369098455332617,191,360,226,225,283,123
1776766611.39613,0.0,5,4,6.4031242374328485,0.7789688853324632,0.016369098455332617,191,360,226,225,283,123
1776766611.4536839,0.0,5,4,6.4031242374328485,0.7789688853324632,0.016369098455332617,191,360,226,225,283,123
1776766611.5112517,0.0,5,4,6.4031242374328485,0.7789688853324632,0.016369098455332617,191,360,226,225,283,123
1776766611.5688329,0.0,5,4,6.4031242374328485,0.7789688853324632,0.016369098455332617,191,360,226,225,283,123
1776766611.6214454,0.0,5,4,6.4031242374328485,0.7789688853324632,0.016369098455332617,191,360,226,225,283,123
1776766611.679065,0.0,5,4,6.4031242374328485,0.7789688853324632,0.016369098455332617,191,360,226,225,283,123
1776766611.7357962,0.0,5,4,6.4031242374328485,0.7789688853324632,0.016369098455332617,191,360,226,225,283,123
1776766611.7935793,0.0,5,4,6.4031242374328485,0.7789688853324632,0.015996205572612564,191,360,226,226,283,123
1776766611.8510108,0.0,5,4,6.4031242374328485,0.7789688853324632,0.015996205572612564,191,360,226,226,283,123
1776766611.9083807,0.0,5,4,6.4031242374328485,0.7789688853324632,0.015996205572612564,191,360,226,226,283,123
1776766611.9617066,0.0,5,4,6.4031242374328485,0.7789688853324632,0.015996205572612564,191,360,226,226,283,123
1776766612.0190382,0.0,5,4,6.4031242374328485,0.7789688853324632,0.015996205572612564,191,360,226,226,283,123
1776766612.0760283,0.0,5,4,6.4031242374328485,0.7789688853324632,0.015996205572612564,191,360,226,226,283,123
1776766612.133775,0.0,5,4,6.4031242374328485,0.7789688853324632,0.015996205572612564,191,360,226,226,283,123
1776766612.1911402,0.0,5,4,6.4031242374328485,0.7789688853324632,0.015996205572612564,191,360,226,226,283,123
1776766612.244433,0.0,5,4,6.4031242374328485,0.7789688853324632,0.015996205572612564,191,360,226,226,283,123
1776766612.3010814,0.0,5,4,6.4031242374328485,0.7789688853324632,0.015996205572612564,191,360,226,226,283,123
1776766612.358803,0.0,5,4,6.4031242374328485,0.7789688853324632,0.015996205572612564,191,360,226,226,283,123
1776766612.4162548,0.0,5,4,6.4031242374328485,0.7789688853324632,0.015996205572612564,191,360,226,226,283,123
1776766612.473404,0.0,5,4,6.4031242374328485,0.7789688853324632,0.015996205572612564,191,360,226,226,283,123
1776766612.530393,0.0,5,4,6.4031242374328485,0.7789688853324632,0.015996205572612564,191,360,226,226,283,123
1776766612.5837798,0.0,5,4,6.4031242374328485,0.7789688853324632,0.015996205572612564,191,360,226,226,283,123
1776766612.6426048,0.0,5,4,6.4031242374328485,0.7789688853324632,0.015996205572612564,191,360,226,226,283,123
1776766612.6992466,0.0,5,4,6.4031242374328485,0.7789688853324632,0.015996205572612564,191,360,226,226,283,123
1776766612.7561247,0.0,5,4,6.4031242374328485,0.7789688853324632,0.015996205572612564,191,360,226,226,283,123
1776766612.8134642,0.0,5,4,6.4031242374328485,0.7789688853324632,0.015996205572612564,191,360,226,226,283,123
1776766612.86642,0.0,5,4,6.4031242374328485,0.7789688853324632,0.015996205572612564,191,360,226,226,283,123
1776766612.9237444,0.0,5,4,6.4031242374328485,0.7789688853324632,0.015996205572612564,191,360,226,226,283,123
1776766612.9818475,0.0,5,4,6.4031242374328485,0.7789688853324632,0.015996205572612564,191,360,226,226,283,123
1776766613.0388803,0.0,5,4,6.4031242374328485,0.7789688853324632,0.015996205572612564,191,360,226,226,283,123
1776766613.0959053,0.0,5,4,6.4031242374328485,0.7789688853324632,0.015996205572612564,191,360,226,226,283,123
1776766613.1539896,0.0,5,4,6.4031242374328485,0.7789688853324632,0.015996205572612564,191,360,226,226,283,123
1776766613.2066932,0.0,5,4,6.4031242374328485,0.7789688853324632,0.015996205572612564,191,360,226,226,283,123
1776766613.2645378,0.0,5,4,6.4031242374328485,0.7789688853324632,0.015996205572612564,191,360,226,226,283,123
1776766613.3213053,0.0,5,4,6.4031242374328485,0.7789688853324632,0.015996205572612564,191,360,226,226,283,123
1776766613.3788788,0.0,5,4,6.4031242374328485,0.7789688853324632,0.015996205572612564,191,360,226,226,283,123
1776766613.4361517,0.0,5,4,6.4031242374328485,0.7789688853324632,0.015996205572612564,191,360,226,226,283,123
1776766613.4898798,0.0,5,4,6.4031242374328485,0.7789688853324632,0.015996205572612564,191,360,226,226,283,123
1776766613.5469248,0.0,5,4,6.4031242374328485,0.7789688853324632,0.015996205572612564,191,360,226,226,283,123
1776766613.6040301,0.0,5,4,6.4031242374328485,0.7789688853324632,0.015996205572612564,191,360,226,226,283,123
1776766613.6612828,0.0,5,4,6.4031242374328485,0.7789688853324632,0.015996205572612564,191,360,226,226,283,123
1776766613.7188625,0.0,5,4,6.4031242374328485,0.7789688853324632,0.015996205572612564,191,360,226,226,283,123
1776766613.7757885,0.0,5,4,6.4031242374328485,0.7789688853324632,0.015996205572612564,191,360,226,226,283,123
1776766613.8291647,0.0,5,4,6.4031242374328485,0.7789688853324632,0.015996205572612564,191,360,226,226,283,123
1776766613.8868463,0.0,5,4,6.4031242374328485,0.7789688853324632,0.015996205572612564,191,360,226,226,283,123
1776766613.943578,0.0,5,4,6.4031242374328485,0.7789688853324632,0.015996205572612564,191,360,226,226,283,123
1776766614.001472,0.0,5,4,6.4031242374328485,0.7789688853324632,0.015996205572612564,191,360,226,226,283,123
1776766614.0583718,0.0,5,4,6.4031242374328485,0.7789688853324632,0.015996205572612564,191,360,226,226,283,123
1776766614.1122637,0.0,5,4,6.4031242374328485,0.7789688853324632,0.015996205572612564,191,360,226,226,283,123
1776766614.1690784,0.0,5,4,6.4031242374328485,0.7789688853324632,0.015996205572612564,191,360,226,226,283,123
1776766614.2263021,0.0,5,4,6.4031242374328485,0.7789688853324632,0.015996205572612564,191,360,226,226,283,123
1776766614.2843091,0.0,5,4,6.4031242374328485,0.7789688853324632,0.015996205572612564,191,360,226,226,283,123
1776766614.3414679,0.0,5,4,6.4031242374328485,0.7789688853324632,0.015996205572612564,191,360,226,226,283,123
1776766614.3985558,0.0,5,4,6.4031242374328485,0.7789688853324632,0.015996205572612564,191,360,226,226,283,123
1776766614.4523408,0.0,5,4,6.4031242374328485,0.7789688853324632,0.015996205572612564,191,360,226,226,283,123
1776766614.5095356,0.0,5,4,6.4031242374328485,0.7789688853324632,0.015996205572612564,191,360,226,226,283,123
1776766614.5660608,0.0,5,4,6.4031242374328485,0.7789688853324632,0.015996205572612564,191,360,226,226,283,123
1776766614.6236708,0.0,5,4,6.4031242374328485,0.7789688853324632,0.015996205572612564,191,360,226,226,283,123
1776766614.6807904,0.0,5,4,6.4031242374328485,0.7789688853324632,0.015996205572612564,191,360,226,226,283,123
1776766614.7346597,0.0,5,4,6.4031242374328485,0.7789688853324632,0.015996205572612564,191,360,226,226,283,123
1776766614.7915773,0.0,5,4,6.4031242374328485,0.7789688853324632,0.015996205572612564,191,360,226,226,283,123
1776766614.8492284,0.0,5,4,6.4031242374328485,0.7789688853324632,0.015996205572612564,191,360,226,226,283,123
1776766614.9067235,0.0,5,4,6.4031242374328485,0.7789688853324632,0.015996205572612564,191,360,226,226,283,123
1776766614.9635963,0.0,5,4,6.4031242374328485,0.7789688853324632,0.015996205572612564,191,360,226,226,283,123
1776766615.0211358,0.0,5,4,6.4031242374328485,0.7789688853324632,0.015996205572612564,191,360,226,226,283,123
1776766615.0740921,0.0,5,4,6.4031242374328485,0.7789688853324632,0.015996205572612564,191,360,226,226,283,123
1776766615.131292,0.0,5,4,6.4031242374328485,0.7789688853324632,0.015996205572612564,191,360,226,226,283,123
1776766615.1891487,0.0,5,4,6.4031242374328485,0.7789688853324632,0.015996205572612564,191,360,226,226,283,123
1776766615.2465365,0.0,5,4,6.4031242374328485,0.7789688853324632,0.015996205572612564,191,360,226,226,283,123
1776766615.3033175,0.0,5,4,6.4031242374328485,0.7789688853324632,0.015996205572612564,191,360,226,226,283,123
1776766615.3576288,0.0,5,4,6.4031242374328485,0.7789688853324632,0.015996205572612564,191,360,226,226,283,123
1776766615.415378,0.0,5,4,6.4031242374328485,0.7789688853324632,0.015996205572612564,191,360,226,226,283,123
1776766615.4721746,0.0,5,4,6.4031242374328485,0.7789688853324632,0.015996205572612564,191,360,226,226,283,123
1776766615.5860355,0.0,5,4,6.4031242374328485,0.7789688853324632,0.015996205572612564,191,360,226,226,283,123
1776766615.6437755,0.0,5,4,6.4031242374328485,0.7789688853324632,0.015996205572612564,191,360,226,226,283,123
1776766615.6972303,0.0,5,4,6.4031242374328485,0.7789688853324632,0.015996205572612564,191,360,226,226,283,123
1776766615.7546701,0.0,5,4,6.4031242374328485,0.7789688853324632,0.015996205572612564,191,360,226,226,283,123
1776766615.8116071,0.0,5,4,6.4031242374328485,0.7789688853324632,0.015996205572612564,191,360,226,226,283,123
1776766615.8690104,0.0,5,4,6.4031242374328485,0.7789688853324632,0.015996205572612564,191,360,226,226,283,123
1776766615.926725,0.0,5,4,6.4031242374328485,0.7789688853324632,0.015996205572612564,191,360,226,226,283,123
1776766615.979908,0.0,5,4,6.4031242374328485,0.7789688853324632,0.015996205572612564,191,360,226,226,283,123
1776766616.0366266,0.0,5,4,6.4031242374328485,0.7789688853324632,0.015996205572612564,191,360,226,226,283,123
1776766616.0946681,0.0,5,4,6.4031242374328485,0.7789688853324632,0.015996205572612564,191,360,226,226,283,123
1776766616.152125,0.0,5,4,6.4031242374328485,0.7789688853324632,0.015996205572612564,191,360,226,226,283,123
1776766616.208822,0.0,5,4,6.4031242374328485,0.7789688853324632,0.015996205572612564,191,360,226,226,283,123
1776766616.266654,0.0,5,4,6.4031242374328485,0.7789688853324632,0.015996205572612564,191,360,226,226,283,123
1776766616.320206,0.0,5,4,6.4031242374328485,0.7789688853324632,0.01562498216105898,191,360,226,227,283,123
1776766616.3769374,0.0,5,4,6.4031242374328485,0.7789688853324632,0.01562498216105898,191,360,226,227,283,123
1776766616.434044,0.0,5,4,6.4031242374328485,0.7789688853324632,0.01562498216105898,191,360,226,227,283,123
1776766616.491723,0.0,5,4,6.4031242374328485,0.7789688853324632,0.01562498216105898,191,360,226,227,283,123
1776766616.5491104,0.0,5,4,6.4031242374328485,0.7789688853324632,0.01562498216105898,191,360,226,227,283,123
1776766616.6024632,0.0,5,4,6.4031242374328485,0.7789688853324632,0.01562498216105898,191,360,226,227,283,123
1776766616.6593661,0.0,5,4,6.4031242374328485,0.7789688853324632,0.01562498216105898,191,360,226,227,283,123
1776766616.716887,0.0,5,4,6.4031242374328485,0.7789688853324632,0.01562498216105898,191,360,226,227,283,123
1776766616.7751844,0.0,5,4,6.4031242374328485,0.7789688853324632,0.01562498216105898,191,360,226,227,283,123
1776766616.8310075,0.0,5,4,6.4031242374328485,0.7789688853324632,0.01562498216105898,191,360,226,227,283,123
1776766616.8916063,0.0,5,4,6.4031242374328485,0.7789688853324632,0.01562498216105898,191,360,226,227,283,123
1776766616.942605,0.0,5,4,6.4031242374328485,0.7789688853324632,0.01562498216105898,191,360,226,227,283,123
1776766617.0005457,0.0,5,4,6.4031242374328485,0.7789688853324632,0.01562498216105898,191,360,226,227,283,123
1776766617.0566282,0.0,5,4,6.4031242374328485,0.7789688853324632,0.01562498216105898,191,360,226,227,283,123
1776766617.1142013,0.0,5,4,6.4031242374328485,0.7789688853324632,0.01562498216105898,191,360,226,227,283,123
1776766617.171052,0.0,5,4,6.4031242374328485,0.7789688853324632,0.01562498216105898,191,360,226,227,283,123
1776766617.2245939,0.0,5,4,6.4031242374328485,0.7789688853324632,0.01562498216105898,191,360,226,227,283,123
1776766617.2820835,0.0,5,4,6.4031242374328485,0.7789688853324632,0.01562498216105898,191,360,226,227,283,123
1776766617.3397253,0.0,5,4,6.4031242374328485,0.7789688853324632,0.01562498216105898,191,360,226,227,283,123
1776766617.3969333,0.0,5,4,6.4031242374328485,0.7789688853324632,0.01562498216105898,191,360,226,227,283,123
1776766617.454244,0.0,5,4,6.4031242374328485,0.7789688853324632,0.01562498216105898,191,360,226,227,283,123
1776766617.5117784,0.0,5,4,6.4031242374328485,0.7789688853324632,0.01562498216105898,191,360,226,227,283,123
1776766617.5648363,0.0,5,4,6.4031242374328485,0.7789688853324632,0.01562498216105898,191,360,226,227,283,123
1776766617.6227515,0.0,5,4,6.4031242374328485,0.7789688853324632,0.01562498216105898,191,360,226,227,283,123
1776766617.6797893,0.0,5,4,6.4031242374328485,0.7789688853324632,0.01562498216105898,191,360,226,227,283,123
1776766617.7362142,0.0,5,4,6.4031242374328485,0.7789688853324632,0.01562498216105898,191,360,226,227,283,123
1776766617.793649,0.0,5,4,6.4031242374328485,0.7789688853324632,0.01562498216105898,191,360,226,227,283,123
1776766617.847154,0.0,5,4,6.4031242374328485,0.7789688853324632,0.01562498216105898,191,360,226,227,283,123
1776766617.9046855,0.0,5,4,6.4031242374328485,0.7789688853324632,0.01562498216105898,191,360,226,227,283,123
1776766617.9623375,0.0,5,5,7.0710678118654755,0.8602272277208607,0.015939476010967873,191,360,226,227,283,124
1776766618.019472,0.0,5,5,7.0710678118654755,0.8602272277208607,0.015939476010967873,191,360,226,227,283,124
1776766618.0768979,0.0,5,5,7.0710678118654755,0.8602272277208607,0.015939476010967873,191,360,226,227,283,124
1776766618.134208,0.0,5,5,7.0710678118654755,0.8602272277208607,0.015939476010967873,191,360,226,227,283,124
1776766618.1872313,0.0,5,5,7.0710678118654755,0.8602272277208607,0.015939476010967873,191,360,226,227,283,124
1776766618.2447062,0.0,5,5,7.0710678118654755,0.8602272277208607,0.015939476010967873,191,360,226,227,283,124
1776766618.3020852,0.0,5,5,7.0710678118654755,0.8602272277208607,0.015939476010967873,191,360,226,227,283,124
1776766618.360312,0.0,5,5,7.0710678118654755,0.8602272277208607,0.015939476010967873,191,360,226,227,283,124
1776766618.416531,0.0,5,5,7.0710678118654755,0.8602272277208607,0.015939476010967873,191,360,226,227,283,124
1776766618.469753,0.0,5,5,7.0710678118654755,0.8602272277208607,0.015939476010967873,191,360,226,227,283,124
1776766618.527299,0.0,5,5,7.0710678118654755,0.8602272277208607,0.015939476010967873,191,360,226,227,283,124
1776766618.584525,0.0,5,5,7.0710678118654755,0.8602272277208607,0.015939476010967873,191,360,226,227,283,124
1776766618.6417413,0.0,5,5,7.0710678118654755,0.8602272277208607,0.015939476010967873,191,360,226,227,283,124
1776766618.6994605,0.0,5,5,7.0710678118654755,0.8602272277208607,0.015939476010967873,191,360,226,227,283,124
1776766618.7560217,0.0,5,5,7.0710678118654755,0.8602272277208607,0.015939476010967873,191,360,226,227,283,124
1776766618.8097992,0.0,5,5,7.0710678118654755,0.8602272277208607,0.015939476010967873,191,360,226,227,283,124
1776766618.866858,0.0,5,5,7.0710678118654755,0.8602272277208607,0.015939476010967873,191,360,226,227,283,124
1776766618.9250107,0.0,5,5,7.0710678118654755,0.8602272277208607,0.015939476010967873,191,360,226,227,283,124
1776766618.9822986,0.0,5,5,7.0710678118654755,0.8602272277208607,0.015939476010967873,191,360,226,227,283,124
1776766619.0392766,0.0,5,5,7.0710678118654755,0.8602272277208607,0.015939476010967873,191,360,226,227,283,124
1776766619.0920517,0.0,5,5,7.0710678118654755,0.8602272277208607,0.015939476010967873,191,360,226,227,283,124
1776766619.149389,0.0,5,5,7.0710678118654755,0.8602272277208607,0.015939476010967873,191,360,226,227,283,124
1776766619.2067661,0.0,5,5,7.0710678118654755,0.8602272277208607,0.015939476010967873,191,360,226,227,283,124
1776766619.2645288,0.0,5,5,7.0710678118654755,0.8602272277208607,0.015939476010967873,191,360,226,227,283,124
1776766619.3218317,0.0,5,5,7.0710678118654755,0.8602272277208607,0.015939476010967873,191,360,226,227,283,124
1776766619.3790731,0.0,5,5,7.0710678118654755,0.8602272277208607,0.015939476010967873,191,360,226,227,283,124
1776766619.4324126,0.0,5,5,7.0710678118654755,0.8602272277208607,0.015939476010967873,191,360,226,227,283,124
1776766619.4897718,0.0,5,5,7.0710678118654755,0.8602272277208607,0.015939476010967873,191,360,226,227,283,124
1776766619.5475583,0.0,5,5,7.0710678118654755,0.8602272277208607,0.015939476010967873,191,360,226,227,283,124
1776766619.6043057,0.0,5,5,7.0710678118654755,0.8602272277208607,0.015939476010967873,191,360,226,227,283,124
1776766619.6616106,0.0,5,5,7.0710678118654755,0.8602272277208607,0.015939476010967873,191,360,226,227,283,124
1776766619.7151914,0.0,5,5,7.0710678118654755,0.8602272277208607,0.015939476010967873,191,360,226,227,283,124
1776766619.772139,0.0,5,5,7.0710678118654755,0.8602272277208607,0.015939476010967873,191,360,226,227,283,124
1776766619.829888,0.0,5,5,7.0710678118654755,0.8602272277208607,0.015939476010967873,191,360,226,227,283,124
1776766619.8865435,0.0,5,5,7.0710678118654755,0.8602272277208607,0.015939476010967873,191,360,226,227,283,124
1776766619.9442332,0.0,5,5,7.0710678118654755,0.8602272277208607,0.015939476010967873,191,360,226,227,283,124
1776766620.0018928,0.0,5,5,7.0710678118654755,0.8602272277208607,0.015939476010967873,191,360,226,227,283,124
1776766620.0552752,0.0,5,5,7.0710678118654755,0.8602272277208607,0.015939476010967873,191,360,226,227,283,124
1776766620.112383,0.0,5,5,7.0710678118654755,0.8602272277208607,0.015939476010967873,191,360,226,227,283,124
1776766620.1692364,0.0,5,5,7.0710678118654755,0.8602272277208607,0.015939476010967873,191,360,226,227,283,124
1776766620.2270372,0.0,5,5,7.0710678118654755,0.8602272277208607,0.015939476010967873,191,360,226,227,283,124
1776766620.284308,0.0,5,5,7.0710678118654755,0.8602272277208607,0.015939476010967873,191,360,226,227,283,124
1776766620.3378403,0.0,5,5,7.0710678118654755,0.8602272277208607,0.015939476010967873,191,360,226,227,283,124
1776766620.3949769,0.0,5,5,7.0710678118654755,0.8602272277208607,0.015939476010967873,191,360,226,227,283,124
1776766620.4523487,0.0,5,5,7.0710678118654755,0.8602272277208607,0.015939476010967873,191,360,226,227,283,124
1776766620.5096858,0.0,5,5,7.0710678118654755,0.8602272277208607,0.015939476010967873,191,360,226,227,283,124
1776766620.567033,0.0,5,5,7.0710678118654755,0.8602272277208607,0.015939476010967873,191,360,226,227,283,124
1776766620.6242764,0.0,5,5,7.0710678118654755,0.8602272277208607,0.015939476010967873,191,360,226,227,283,124
1776766620.6781814,0.0,5,5,7.0710678118654755,0.8602272277208607,0.015939476010967873,191,360,226,227,283,124
1776766620.7350318,0.0,5,5,7.0710678118654755,0.8602272277208607,0.015939476010967873,191,360,226,227,283,124
1776766620.792554,0.0,5,5,7.0710678118654755,0.8602272277208607,0.015939476010967873,191,360,226,227,283,124
1776766620.8495584,0.0,5,5,7.0710678118654755,0.8602272277208607,0.015939476010967873,191,360,226,227,283,124
1776766620.9067438,0.0,5,5,7.0710678118654755,0.8602272277208607,0.015939476010967873,191,360,226,227,283,124
1776766620.960264,0.0,5,5,7.0710678118654755,0.8602272277208607,0.015939476010967873,191,360,226,227,283,124
1776766621.017478,0.0,5,5,7.0710678118654755,0.8602272277208607,0.015939476010967873,191,360,226,227,283,124
1776766621.0746052,0.0,5,5,7.0710678118654755,0.8602272277208607,0.015939476010967873,191,360,226,227,283,124
1776766621.1330135,0.0,5,5,7.0710678118654755,0.8602272277208607,0.015939476010967873,191,360,226,227,283,124
1776766621.1894882,0.0,5,5,7.0710678118654755,0.8602272277208607,0.015939476010967873,191,360,226,227,283,124
1776766621.2468696,0.0,5,5,7.0710678118654755,0.8602272277208607,0.015939476010967873,191,360,226,227,283,124
1776766621.299859,0.0,5,5,7.0710678118654755,0.8602272277208607,0.015939476010967873,191,360,226,227,283,124
1776766621.3569844,0.0,5,5,7.0710678118654755,0.8602272277208607,0.015939476010967873,191,360,226,227,283,124
1776766621.4149992,0.0,5,5,7.0710678118654755,0.8602272277208607,0.015939476010967873,191,360,226,227,283,124
1776766621.4717078,0.0,5,5,7.0710678118654755,0.8602272277208607,0.015939476010967873,191,360,226,227,283,124
1776766621.5292659,0.0,5,5,7.0710678118654755,0.8602272277208607,0.015939476010967873,191,360,226,227,283,124
1776766621.582819,0.0,5,5,7.0710678118654755,0.8602272277208607,0.015939476010967873,191,360,226,227,283,124
1776766621.6399977,0.0,5,5,7.0710678118654755,0.8602272277208607,0.015939476010967873,191,360,226,227,283,124
1776766621.6980767,0.0,5,5,7.0710678118654755,0.8602272277208607,0.015939476010967873,191,360,226,227,283,124
1776766621.7546668,0.0,5,5,7.0710678118654755,0.8602272277208607,0.015939476010967873,191,360,226,227,283,124
1776766621.812036,0.0,5,5,7.0710678118654755,0.8602272277208607,0.015939476010967873,191,360,226,227,283,124
1776766621.869549,0.0,5,5,7.0710678118654755,0.8602272277208607,0.015939476010967873,191,360,226,227,283,124
1776766621.9226475,0.0,5,5,7.0710678118654755,0.8602272277208607,0.015939476010967873,191,360,226,227,283,124
1776766621.9805446,0.0,5,5,7.0710678118654755,0.8602272277208607,0.015939476010967873,191,360,226,227,283,124
1776766622.0379338,0.0,5,5,7.0710678118654755,0.8602272277208607,0.015939476010967873,191,360,226,227,283,124
1776766622.094877,0.0,5,5,7.0710678118654755,0.8602272277208607,0.015939476010967873,191,360,226,227,283,124
1776766622.1516914,0.0,5,5,7.0710678118654755,0.8602272277208607,0.015939476010967873,191,360,226,227,283,124
1776766622.2053246,0.0,5,5,7.0710678118654755,0.8602272277208607,0.015939476010967873,191,360,226,227,283,124
1776766622.263778,0.0,5,5,7.0710678118654755,0.8602272277208607,0.015939476010967873,191,360,226,227,283,124
1776766622.3203278,0.0,5,5,7.0710678118654755,0.8602272277208607,0.015939476010967873,191,360,226,227,283,124
1776766622.378195,0.0,5,5,7.0710678118654755,0.8602272277208607,0.015939476010967873,191,360,226,227,283,124
1776766622.4345026,0.0,5,5,7.0710678118654755,0.8602272277208607,0.015939476010967873,191,360,226,227,283,124
1776766622.491954,0.0,5,5,7.0710678118654755,0.8602272277208607,0.015939476010967873,191,360,226,227,283,124
1776766622.5456533,0.0,5,5,7.0710678118654755,0.8602272277208607,0.015939476010967873,191,360,226,227,283,124
1776766622.602518,0.0,5,5,7.0710678118654755,0.8602272277208607,0.015939476010967873,191,360,226,227,283,124
1776766622.65989,0.0,5,5,7.0710678118654755,0.8602272277208607,0.015939476010967873,191,360,226,227,283,124
1776766622.7179008,0.0,5,5,7.0710678118654755,0.8602272277208607,0.015939476010967873,191,360,226,227,283,124
1776766622.7744324,0.0,5,5,7.0710678118654755,0.8602272277208607,0.015939476010967873,191,360,226,227,283,124
1776766622.8284001,0.0,5,5,7.0710678118654755,0.8602272277208607,0.015939476010967873,191,360,226,227,283,124
1776766622.8856363,0.0,5,5,7.0710678118654755,0.8602272277208607,0.015939476010967873,191,360,226,227,283,124
1776766622.942675,0.0,5,5,7.0710678118654755,0.8602272277208607,0.015939476010967873,191,360,226,227,283,124
1776766622.9996784,0.0,5,5,7.0710678118654755,0.8602272277208607,0.015939476010967873,191,360,226,227,283,124
1776766623.05716,0.0,5,5,7.0710678118654755,0.8602272277208607,0.015939476010967873,191,360,226,227,283,124
1776766623.1147785,0.0,5,5,7.0710678118654755,0.8602272277208607,0.015939476010967873,191,360,226,227,283,124
1776766623.1681552,0.0,5,5,7.0710678118654755,0.8602272277208607,0.015939476010967873,191,360,226,227,283,124
1776766623.2249951,0.0,5,5,7.0710678118654755,0.8602272277208607,0.015939476010967873,191,360,226,227,283,124
1776766623.2824924,0.0,5,5,7.0710678118654755,0.8602272277208607,0.015939476010967873,191,360,226,227,283,124
1776766623.3401244,0.0,5,5,7.0710678118654755,0.8602272277208607,0.015939476010967873,191,360,226,227,283,124
1776766623.3974824,0.0,5,5,7.0710678118654755,0.8602272277208607,0.015939476010967873,191,360,226,227,283,124
1776766623.4504635,0.0,5,5,7.0710678118654755,0.8602272277208607,0.015939476010967873,191,360,226,227,283,124
1776766623.5072896,0.0,5,5,7.0710678118654755,0.8602272277208607,0.015939476010967873,191,360,226,227,283,124
1776766623.5646942,0.0,5,5,7.0710678118654755,0.8602272277208607,0.015939476010967873,191,360,226,227,283,124
1776766623.6225257,0.0,5,5,7.0710678118654755,0.8602272277208607,0.015939476010967873,191,360,226,227,283,124
1776766623.6792934,0.0,5,5,7.0710678118654755,0.8602272277208607,0.015939476010967873,191,360,226,227,283,124
1776766623.7327976,0.0,5,5,7.0710678118654755,0.8602272277208607,0.015939476010967873,191,360,226,227,283,124
1776766623.7900977,0.0,5,5,7.0710678118654755,0.8602272277208607,0.015939476010967873,191,360,226,227,283,124
1776766623.8476741,0.0,5,5,7.0710678118654755,0.8602272277208607,0.015939476010967873,191,360,226,227,283,124
1776766623.90599,0.0,5,5,7.0710678118654755,0.8602272277208607,0.015939476010967873,191,360,226,227,283,124
1776766623.9624517,0.0,5,5,7.0710678118654755,0.8602272277208607,0.015939476010967873,191,360,226,227,283,124
1776766624.0198781,0.0,5,5,7.0710678118654755,0.8602272277208607,0.015939476010967873,191,360,226,227,283,124
1776766624.073301,0.0,5,5,7.0710678118654755,0.8602272277208607,0.015939476010967873,191,360,226,227,283,124
1776766624.1300342,0.0,5,5,7.0710678118654755,0.8602272277208607,0.015939476010967873,191,360,226,227,283,124
1776766624.1876218,0.0,5,5,7.0710678118654755,0.8602272277208607,0.015939476010967873,191,360,226,227,283,124
1776766624.244886,0.0,5,5,7.0710678118654755,0.8602272277208607,0.015939476010967873,191,360,226,227,283,124
1776766624.3021183,0.0,5,5,7.0710678118654755,0.8602272277208607,0.015939476010967873,191,360,226,227,283,124
1776766624.3563104,0.0,5,5,7.0710678118654755,0.8602272277208607,0.015939476010967873,191,360,226,227,283,124
1776766624.4130182,0.0,5,5,7.0710678118654755,0.8602272277208607,0.015939476010967873,191,360,226,227,283,124
1776766624.4710248,0.0,5,5,7.0710678118654755,0.8602272277208607,0.015939476010967873,191,360,226,227,283,124
1776766624.5279558,0.0,5,6,7.810249675906654,0.9501520286991062,0.016259849547491115,191,360,226,227,283,125
1776766624.5811193,0.0,5,6,7.810249675906654,0.9501520286991062,0.016259849547491115,191,360,226,227,283,125
1776766624.63828,0.0,5,6,7.810249675906654,0.9501520286991062,0.016259849547491115,191,360,226,227,283,125
1776766624.6951885,0.0,5,6,7.810249675906654,0.9501520286991062,0.016259849547491115,191,360,226,227,283,125
1776766624.753103,0.0,5,6,7.810249675906654,0.9501520286991062,0.016259849547491115,191,360,226,227,283,125
1776766624.810296,0.0,5,6,7.810249675906654,0.9501520286991062,0.016259849547491115,191,360,226,227,283,125
1776766624.8637514,0.0,5,6,7.810249675906654,0.9501520286991062,0.016259849547491115,191,360,226,227,283,125
1776766624.9212816,0.959,5,6,7.810249675906654,0.9501520286991062,0.016259849547491115,191,360,226,227,283,125
1776766624.977752,2.2337,5,6,7.810249675906654,0.9501520286991062,0.016259849547491115,191,360,226,227,283,125
1776766625.035949,3.5541099999999997,5,6,7.810249675906654,0.9501520286991062,0.016259849547491115,191,360,226,227,283,125
1776766625.0894551,4.867233,5,6,7.810249675906654,0.9501520286991062,0.016259849547491115,191,360,226,227,283,125
1776766625.1463346,6.129169899999999,5,6,7.810249675906654,0.9501520286991062,0.016259849547491115,191,360,226,227,283,125
1776766625.203285,7.396750969999999,5,6,7.810249675906654,0.9501520286991062,0.016259849547491115,191,360,226,227,283,125
1776766625.2610438,8.645025291,5,6,7.810249675906654,0.9501520286991062,0.016259849547491115,191,360,226,227,283,125
1776766625.3190475,9.852507587299998,5,6,7.810249675906654,0.9501520286991062,0.016259849547491115,191,360,226,227,283,125
1776766625.3756745,11.04075227619,5,6,7.810249675906654,0.9501520286991062,0.016259849547491115,191,360,226,227,283,125
1776766625.4330852,12.237225682856998,5,6,7.810249675906654,0.9501520286991062,0.016259849547491115,191,360,226,227,283,125
1776766625.4866865,13.4501677048571,5,6,7.810249675906654,0.9501520286991062,0.016259849547491115,191,360,226,227,283,125
1776766625.543952,14.710050311457127,5,6,7.810249675906654,0.9501520286991062,0.016259849547491115,191,360,226,227,283,125
1776766625.6010218,16.005015093437137,5,6,7.810249675906654,0.9501520286991062,0.016259849547491115,191,360,226,227,283,125
1776766625.6576405,17.28950452803114,5,6,7.810249675906654,0.9501520286991062,0.016259849547491115,191,360,226,227,283,125
1776766625.7157297,18.556851358409343,5,6,7.810249675906654,0.9501520286991062,0.016259849547491115,191,360,226,227,283,125
1776766625.7724202,19.5670554075228,5,6,7.810249675906654,0.9501520286991062,0.016259849547491115,191,360,226,227,283,125
1776766625.825757,19.87011662225684,5,6,7.810249675906654,0.9501520286991062,0.016259849547491115,191,360,226,227,283,125
1776766625.8830173,19.961034986677053,5,6,7.810249675906654,0.9501520286991062,0.016259849547491115,191,360,226,227,283,125
1776766625.9403958,19.988310496003116,5,6,7.810249675906654,0.9501520286991062,0.016259849547491115,191,360,226,227,283,125
1776766625.9980702,19.996493148800933,5,6,7.810249675906654,0.9501520286991062,0.016259849547491115,191,360,226,227,283,125
1776766626.0548909,19.99894794464028,5,6,7.810249675906654,0.9501520286991062,0.016259849547491115,191,360,226,227,283,125
1776766626.1087263,19.999684383392083,5,6,7.810249675906654,0.9501520286991062,0.016259849547491115,191,360,226,227,283,125
1776766626.1666286,19.999905315017624,5,6,7.810249675906654,0.9501520286991062,0.016259849547491115,191,360,226,227,283,125
1776766626.223445,19.999971594505286,5,6,7.810249675906654,0.9501520286991062,0.016259849547491115,191,360,226,227,283,125
1776766626.280644,19.999991478351586,5,6,7.810249675906654,0.9501520286991062,0.016259849547491115,191,360,226,227,283,125
1776766626.3376012,19.999997443505475,5,6,7.810249675906654,0.9501520286991062,0.016259849547491115,191,360,226,227,283,125
1776766626.3915439,19.999999233051643,5,6,7.810249675906654,0.9501520286991062,0.016259849547491115,191,360,226,227,283,125
1776766626.4493043,19.999999769915494,5,6,7.810249675906654,0.9501520286991062,0.016259849547491115,191,360,226,227,283,125
1776766626.5061393,19.99999993097465,5,6,7.810249675906654,0.9501520286991062,0.016259849547491115,191,360,226,227,283,125
1776766626.5633469,19.999999979292394,5,6,7.810249675906654,0.9501520286991062,0.016259849547491115,191,360,226,227,283,125
1776766626.620466,19.999999993787718,5,6,7.810249675906654,0.9501520286991062,0.016259849547491115,191,360,226,227,283,125
1776766626.6778982,19.999999998136314,5,6,7.810249675906654,0.9501520286991062,0.016259849547491115,191,360,226,227,283,125
1776766626.7314785,19.999999999440895,5,6,7.810249675906654,0.9501520286991062,0.016259849547491115,191,360,226,227,283,125
1776766626.788921,19.99999999983227,5,6,7.810249675906654,0.9501520286991062,0.016259849547491115,191,360,226,227,283,125
1776766626.846074,19.99999999994968,5,6,7.810249675906654,0.9501520286991062,0.016259849547491115,191,360,226,227,283,125
1776766626.902922,19.999999999984905,5,6,7.810249675906654,0.9501520286991062,0.016259849547491115,191,360,226,227,283,125
1776766626.9607468,19.99999999999547,5,6,7.810249675906654,0.9501520286991062,0.016259849547491115,191,360,226,227,283,125
1776766627.01425,19.999999999998643,5,6,7.810249675906654,0.9501520286991062,0.016259849547491115,191,360,226,227,283,125
1776766627.0714786,19.99999999999959,5,6,7.810249675906654,0.9501520286991062,0.016259849547491115,191,360,226,227,283,125
1776766627.128625,19.99999999999988,5,6,7.810249675906654,0.9501520286991062,0.016259849547491115,191,360,226,227,283,125
1776766627.1861362,19.999999999999964,5,6,7.810249675906654,0.9501520286991062,0.016259849547491115,191,360,226,227,283,125
1776766627.2428775,19.99999999999999,5,6,7.810249675906654,0.9501520286991062,0.016259849547491115,191,360,226,227,283,125
1776766627.3007708,19.999999999999996,5,6,7.810249675906654,0.9501520286991062,0.016259849547491115,191,360,226,227,283,125
1776766627.3539197,20.0,5,6,7.810249675906654,0.9501520286991062,0.016259849547491115,191,360,226,227,283,125
1776766627.411344,20.0,5,6,7.810249675906654,0.9501520286991062,0.016259849547491115,191,360,226,227,283,125
1776766627.468908,20.0,5,6,7.810249675906654,0.9501520286991062,0.016259849547491115,191,360,226,227,283,125
1776766627.5263665,20.0,5,6,7.810249675906654,0.9501520286991062,0.016259849547491115,191,360,226,227,283,125
1776766627.5831275,20.0,5,6,7.810249675906654,0.9501520286991062,0.016259849547491115,191,360,226,227,283,125
1776766627.6364605,20.0,5,6,7.810249675906654,0.9501520286991062,0.016259849547491115,191,360,226,227,283,125
1776766627.6946208,20.0,5,6,7.810249675906654,0.9501520286991062,0.016259849547491115,191,360,226,227,283,125
1776766627.753222,20.0,5,6,7.810249675906654,0.9501520286991062,0.016259849547491115,191,360,226,227,283,125
1776766627.8081417,20.0,5,6,7.810249675906654,0.9501520286991062,0.016259849547491115,191,360,226,227,283,125
1776766627.8657408,20.0,5,6,7.810249675906654,0.9501520286991062,0.016259849547491115,191,360,226,227,283,125
1776766627.9186754,20.0,5,6,7.810249675906654,0.9501520286991062,0.016259849547491115,191,360,226,227,283,125
1776766627.976672,20.0,5,6,7.810249675906654,0.9501520286991062,0.016259849547491115,191,360,226,227,283,125
1776766628.0338871,20.0,5,6,7.810249675906654,0.9501520286991062,0.016259849547491115,191,360,226,227,283,125
1776766628.09064,20.0,5,6,7.810249675906654,0.9501520286991062,0.016259849547491115,191,360,226,227,283,125
1776766628.1480193,20.0,5,6,7.810249675906654,0.9501520286991062,0.016259849547491115,191,360,226,227,283,125
1776766628.205331,20.0,5,6,7.810249675906654,0.9501520286991062,0.016259849547491115,191,360,226,227,283,125
1776766628.2589548,20.0,5,6,7.810249675906654,0.9501520286991062,0.016259849547491115,191,360,226,227,283,125
1776766628.316462,20.0,5,6,7.810249675906654,0.9501520286991062,0.016259849547491115,191,360,226,227,283,125
1776766628.3739042,20.0,5,6,7.810249675906654,0.9501520286991062,0.016259849547491115,191,360,226,227,283,125
1776766628.4311721,20.0,5,6,7.810249675906654,0.9501520286991062,0.016259849547491115,191,360,226,227,283,125
1776766628.4880767,20.0,5,6,7.810249675906654,0.9501520286991062,0.016259849547491115,191,360,226,227,283,125
1776766628.5418894,20.0,5,6,7.810249675906654,0.9501520286991062,0.016259849547491115,191,360,226,227,283,125
1776766628.5996447,20.0,5,6,7.810249675906654,0.9501520286991062,0.016259849547491115,191,360,226,227,283,125
1776766628.6564674,20.0,5,6,7.810249675906654,0.9501520286991062,0.016259849547491115,191,360,226,227,283,125
1776766628.7136428,20.0,5,6,7.810249675906654,0.9501520286991062,0.016259849547491115,191,360,226,227,283,125
1776766628.7707365,20.0,5,6,7.810249675906654,0.9501520286991062,0.016259849547491115,191,360,226,227,283,125
1776766628.8281865,20.0,5,6,7.810249675906654,0.9501520286991062,0.016259849547491115,191,360,226,227,283,125
1776766628.8821118,20.0,5,6,7.810249675906654,0.9501520286991062,0.016259849547491115,191,360,226,227,283,125
1776766628.939228,20.0,5,6,7.810249675906654,0.9501520286991062,0.016259849547491115,191,360,226,227,283,125
1776766628.9964762,20.0,5,6,7.810249675906654,0.9501520286991062,0.016259849547491115,191,360,226,227,283,125
1776766629.0536385,20.0,5,6,7.810249675906654,0.9501520286991062,0.016259849547491115,191,360,226,227,283,125
1776766629.111037,20.0,5,6,7.810249675906654,0.9501520286991062,0.016259849547491115,191,360,226,227,283,125
1776766629.1678061,20.0,5,6,7.810249675906654,0.9501520286991062,0.016259849547491115,191,360,226,227,283,125
1776766629.2255733,20.0,5,6,7.810249675906654,0.9501520286991062,0.016259849547491115,191,360,226,227,283,125
1776766629.2790835,20.0,5,6,7.810249675906654,0.9501520286991062,0.016259849547491115,191,360,226,227,283,125
1776766629.3358274,20.0,5,6,7.810249675906654,0.9501520286991062,0.016259849547491115,191,360,226,227,283,125
1776766629.3936505,20.0,5,6,7.810249675906654,0.9501520286991062,0.016259849547491115,191,360,226,227,283,125
1776766629.4510949,20.0,5,6,7.810249675906654,0.9501520286991062,0.016259849547491115,191,360,226,227,283,125
1776766629.5079982,20.0,5,6,7.810249675906654,0.9501520286991062,0.016259849547491115,191,360,226,227,283,125
1776766629.5614767,20.0,5,6,7.810249675906654,0.9501520286991062,0.016259849547491115,191,360,226,227,283,125
1776766629.6183987,20.0,5,6,7.810249675906654,0.9501520286991062,0.016259849547491115,191,360,226,227,283,125
1776766629.6767201,20.0,5,6,7.810249675906654,0.9501520286991062,0.016259849547491115,191,360,226,227,283,125
1776766629.734293,20.0,5,6,7.810249675906654,0.9501520286991062,0.016259849547491115,191,360,226,227,283,125
1776766629.7912602,20.0,5,6,7.810249675906654,0.9501520286991062,0.016259849547491115,191,360,226,227,283,125
1776766629.8478963,20.0,5,6,7.810249675906654,0.9501520286991062,0.016259849547491115,191,360,226,227,283,125
1776766629.9010553,20.0,5,6,7.810249675906654,0.9501520286991062,0.016259849547491115,191,360,226,227,283,125
1776766629.9588885,20.0,5,6,7.810249675906654,0.9501520286991062,0.016259849547491115,191,360,226,227,283,125
1776766630.0167127,20.0,5,6,7.810249675906654,0.9501520286991062,0.016259849547491115,191,360,226,227,283,125
1776766630.0734944,20.0,5,6,7.810249675906654,0.9501520286991062,0.016259849547491115,191,360,226,227,283,125
1776766630.130641,20.0,5,6,7.810249675906654,0.9501520286991062,0.016259849547491115,191,360,226,227,283,125
1776766630.1881492,20.0,5,6,7.810249675906654,0.9501520286991062,0.016259849547491115,191,360,226,227,283,125
1776766630.2420764,20.0,5,6,7.810249675906654,0.9501520286991062,0.016259849547491115,191,360,226,227,283,125
1776766630.2983584,20.0,5,6,7.810249675906654,0.9501520286991062,0.016259849547491115,191,360,226,227,283,125
1776766630.3556786,20.0,5,6,7.810249675906654,0.9501520286991062,0.016259849547491115,191,360,226,227,283,125
1776766630.413085,20.0,5,6,7.810249675906654,0.9501520286991062,0.016259849547491115,191,360,226,227,283,125
1776766630.470268,20.0,5,6,7.810249675906654,0.9501520286991062,0.016259849547491115,191,360,226,227,283,125
1776766630.5274992,20.0,5,6,7.810249675906654,0.9501520286991062,0.016259849547491115,191,360,226,227,283,125
1776766630.5813675,20.0,5,6,7.810249675906654,0.9501520286991062,0.016259849547491115,191,360,226,227,283,125
1776766630.6387172,20.0,5,6,7.810249675906654,0.9501520286991062,0.016259849547491115,191,360,226,227,283,125
1776766630.695761,20.0,5,6,7.810249675906654,0.9501520286991062,0.016259849547491115,191,360,226,227,283,125
1776766630.7549846,20.0,5,6,7.810249675906654,0.9501520286991062,0.016259849547491115,191,360,226,227,283,125
1776766630.811967,20.0,5,6,7.810249675906654,0.9501520286991062,0.016259849547491115,191,360,226,227,283,125
1776766630.8677633,20.0,5,6,7.810249675906654,0.9501520286991062,0.016259849547491115,191,360,226,227,283,125
1776766630.9213197,20.0,5,6,7.810249675906654,0.9501520286991062,0.016259849547491115,191,360,226,227,283,125
1776766630.9787776,20.0,5,6,7.810249675906654,0.9501520286991062,0.016259849547491115,191,360,226,227,283,125
1776766631.036433,20.0,5,6,7.810249675906654,0.9501520286991062,0.016259849547491115,191,360,226,227,283,125
1776766631.0934134,20.0,5,6,7.810249675906654,0.9501520286991062,0.016259849547491115,191,360,226,227,283,125
1776766631.1503131,20.0,5,6,7.810249675906654,0.9501520286991062,0.016259849547491115,191,360,226,227,283,125
1776766631.2041383,20.0,5,6,7.810249675906654,0.9501520286991062,0.016259849547491115,191,360,226,227,283,125
1776766631.2608466,20.0,5,6,7.810249675906654,0.9501520286991062,0.016259849547491115,191,360,226,227,283,125
1776766631.3187034,20.0,5,6,7.810249675906654,0.9501520286991062,0.016259849547491115,191,360,226,227,283,125
1776766631.3759387,20.0,5,6,7.810249675906654,0.9501520286991062,0.016259849547491115,191,360,226,227,283,125
1776766631.433238,20.0,5,6,7.810249675906654,0.9501520286991062,0.016259849547491115,191,360,226,227,283,125
1776766631.4904041,20.0,5,6,7.810249675906654,0.9501520286991062,0.016259849547491115,191,360,226,227,283,125
1776766631.543506,20.0,5,6,7.810249675906654,0.9501520286991062,0.016259849547491115,191,360,226,227,283,125
1776766631.6011205,20.0,5,6,7.810249675906654,0.9501520286991062,0.016259849547491115,191,360,226,227,283,125
1776766631.6586797,20.0,5,6,7.810249675906654,0.9501520286991062,0.016259849547491115,191,360,226,227,283,125
1776766631.7157874,20.0,5,6,7.810249675906654,0.9501520286991062,0.016259849547491115,191,360,226,227,283,125
1776766631.7733529,20.0,5,6,7.810249675906654,0.9501520286991062,0.016259849547491115,191,360,226,227,283,125
1776766631.830267,20.0,5,6,7.810249675906654,0.9501520286991062,0.016259849547491115,191,360,226,227,283,125
1776766631.8836894,20.0,5,6,7.810249675906654,0.9501520286991062,0.016259849547491115,191,360,226,227,283,125
1776766631.941739,20.0,5,6,7.810249675906654,0.9501520286991062,0.016259849547491115,191,360,226,227,283,125
1776766631.9986122,20.0,5,6,7.810249675906654,0.9501520286991062,0.016259849547491115,191,360,226,227,283,125
1776766632.0557764,20.0,5,6,7.810249675906654,0.9501520286991062,0.016259849547491115,191,360,226,227,283,125
1776766632.1126275,20.0,5,6,7.810249675906654,0.9501520286991062,0.016259849547491115,191,360,226,227,283,125
1776766632.170104,20.0,5,6,7.810249675906654,0.9501520286991062,0.016259849547491115,191,360,226,227,283,125
1776766632.2239225,20.0,5,6,7.810249675906654,0.9501520286991062,0.016259849547491115,191,360,226,227,283,125
1776766632.2815614,20.0,5,6,7.810249675906654,0.9501520286991062,0.016259849547491115,191,360,226,227,283,125
1776766632.3389194,20.0,5,6,7.810249675906654,0.9501520286991062,0.016259849547491115,191,360,226,227,283,125
1776766632.3962145,20.0,5,6,7.810249675906654,0.9501520286991062,0.016259849547491115,191,360,226,227,283,125
1776766632.4531507,20.0,5,6,7.810249675906654,0.9501520286991062,0.016259849547491115,191,360,226,227,283,125
1776766632.5065262,20.0,5,6,7.810249675906654,0.9501520286991062,0.016259849547491115,191,360,226,227,283,125
1776766632.5639038,20.0,5,6,7.810249675906654,0.9501520286991062,0.016259849547491115,191,360,226,227,283,125
1776766632.6208115,20.0,5,6,7.810249675906654,0.9501520286991062,0.016259849547491115,191,360,226,227,283,125
1776766632.6779428,20.0,5,6,7.810249675906654,0.9501520286991062,0.016259849547491115,191,360,226,227,283,125
1776766632.7353077,20.0,5,6,7.810249675906654,0.9501520286991062,0.016259849547491115,191,360,226,227,283,125
1776766632.7927291,20.0,5,6,7.810249675906654,0.9501520286991062,0.016259849547491115,191,360,226,227,283,125
1776766632.8459976,20.0,5,6,7.810249675906654,0.9501520286991062,0.016259849547491115,191,360,226,227,283,125
1776766632.9036388,20.0,5,6,7.810249675906654,0.9501520286991062,0.016259849547491115,191,360,226,227,283,125
1776766632.9610977,20.0,5,6,7.810249675906654,0.9501520286991062,0.016259849547491115,191,360,226,227,283,125
1776766633.0183887,20.0,5,6,7.810249675906654,0.9501520286991062,0.016259849547491115,191,360,226,227,283,125
1776766633.0755858,20.0,5,6,7.810249675906654,0.9501520286991062,0.016259849547491115,191,360,226,227,283,125
1776766633.1325836,20.0,5,6,7.810249675906654,0.9501520286991062,0.016259849547491115,191,360,226,227,283,125
1776766633.1862051,20.0,5,6,7.810249675906654,0.9501520286991062,0.016259849547491115,191,360,226,227,283,125
1776766633.2443295,20.0,5,6,7.810249675906654,0.9501520286991062,0.016259849547491115,191,360,226,227,283,125
1776766633.3011932,20.0,5,6,7.810249675906654,0.9501520286991062,0.016259849547491115,191,360,226,227,283,125
1776766633.358567,20.0,5,6,7.810249675906654,0.9501520286991062,0.016259849547491115,191,360,226,227,283,125
1776766633.4160197,20.0,5,6,7.810249675906654,0.9501520286991062,0.016259849547491115,191,360,226,227,283,125
1776766633.4736335,20.0,5,6,7.810249675906654,0.9501520286991062,0.016259849547491115,191,360,226,227,283,125
1776766633.5262728,20.0,5,6,7.810249675906654,0.9501520286991062,0.016259849547491115,191,360,226,227,283,125
1776766633.5835187,20.0,5,6,7.810249675906654,0.9501520286991062,0.016259849547491115,191,360,226,227,283,125
1776766633.6412787,20.0,5,6,7.810249675906654,0.9501520286991062,0.016259849547491115,191,360,226,227,283,125
1776766633.698249,20.0,5,6,7.810249675906654,0.9501520286991062,0.016259849547491115,191,360,226,227,283,125
1776766633.7556005,20.0,5,6,7.810249675906654,0.9501520286991062,0.016259849547491115,191,360,226,227,283,125
1776766633.8085923,20.0,5,6,7.810249675906654,0.9501520286991062,0.016259849547491115,191,360,226,227,283,125
1776766633.8658917,20.0,5,6,7.810249675906654,0.9501520286991062,0.016259849547491115,191,360,226,227,283,125
1776766633.9236915,20.0,5,6,7.810249675906654,0.9501520286991062,0.016259849547491115,191,360,226,227,283,125
1776766633.9811494,20.0,5,6,7.810249675906654,0.9501520286991062,0.016259849547491115,191,360,226,227,283,125
1776766634.038678,20.0,5,6,7.810249675906654,0.9501520286991062,0.016259849547491115,191,360,226,227,283,125
1776766634.09566,20.0,5,6,7.810249675906654,0.9501520286991062,0.016259849547491115,191,360,226,227,283,125
1776766634.1488976,20.0,5,6,7.810249675906654,0.9501520286991062,0.016259849547491115,191,360,226,227,283,125
1776766634.2062533,20.0,5,6,7.810249675906654,0.9501520286991062,0.016259849547491115,191,360,226,227,283,125
1776766634.26369,20.0,5,6,7.810249675906654,0.9501520286991062,0.016259849547491115,191,360,226,227,283,125
1776766634.321175,20.0,5,6,7.810249675906654,0.9501520286991062,0.016259849547491115,191,360,226,227,283,125
1776766634.3780189,20.0,5,6,7.810249675906654,0.9501520286991062,0.016259849547491115,191,360,226,227,283,125
1776766634.4354086,20.0,5,6,7.810249675906654,0.9501520286991062,0.016259849547491115,191,360,226,227,283,125
1776766634.4887447,20.0,5,6,7.810249675906654,0.9501520286991062,0.016259849547491115,191,360,226,227,283,125
1776766634.5463133,20.0,5,6,7.810249675906654,0.9501520286991062,0.016259849547491115,191,360,226,227,283,125
1776766634.6035383,20.0,5,6,7.810249675906654,0.9501520286991062,0.016259849547491115,191,360,226,227,283,125
1776766634.6610527,20.0,5,6,7.810249675906654,0.9501520286991062,0.016259849547491115,191,360,226,227,283,125
1776766634.7182958,20.0,5,6,7.810249675906654,0.9501520286991062,0.016259849547491115,191,360,226,227,283,125
1776766634.7756,20.0,5,6,7.810249675906654,0.9501520286991062,0.016259849547491115,191,360,226,227,283,125
1776766634.8291216,20.0,5,6,7.810249675906654,0.9501520286991062,0.016259849547491115,191,360,226,227,283,125
1776766634.885664,20.0,5,6,7.810249675906654,0.9501520286991062,0.016259849547491115,191,360,226,227,283,125
1776766634.942928,20.0,5,6,7.810249675906654,0.9501520286991062,0.016259849547491115,191,360,226,227,283,125
1776766635.0007014,20.0,5,6,7.810249675906654,0.9501520286991062,0.016259849547491115,191,360,226,227,283,125
1776766635.057621,20.0,5,6,7.810249675906654,0.9501520286991062,0.016259849547491115,191,360,226,227,283,125
1776766635.1152215,20.0,5,6,7.810249675906654,0.9501520286991062,0.016259849547491115,191,360,226,227,283,125
1776766635.1687903,20.0,5,6,7.810249675906654,0.9501520286991062,0.016259849547491115,191,360,226,227,283,125
1776766635.2262268,20.0,5,6,7.810249675906654,0.9501520286991062,0.016259849547491115,191,360,226,227,283,125
1776766635.283281,20.0,5,6,7.810249675906654,0.9501520286991062,0.016259849547491115,191,360,226,227,283,125
1776766635.340207,20.0,5,6,7.810249675906654,0.9501520286991062,0.016259849547491115,191,360,226,227,283,125
1776766635.3983953,20.0,5,6,7.810249675906654,0.9501520286991062,0.016259849547491115,191,360,226,227,283,125
1776766635.4513922,20.0,5,5,7.0710678118654755,0.8602272277208607,0.015939476010967873,191,360,226,227,283,124
1776766635.508715,20.0,5,5,7.0710678118654755,0.8602272277208607,0.015939476010967873,191,360,226,227,283,124
1776766635.5656698,20.0,5,5,7.0710678118654755,0.8602272277208607,0.015939476010967873,191,360,226,227,283,124
1776766635.6240315,20.0,5,5,7.0710678118654755,0.8602272277208607,0.015939476010967873,191,360,226,227,283,124
1776766635.6812398,20.0,5,5,7.0710678118654755,0.8602272277208607,0.015939476010967873,191,360,226,227,283,124
1776766635.7379072,20.0,5,5,7.0710678118654755,0.8602272277208607,0.015939476010967873,191,360,226,227,283,124
1776766635.7914214,20.0,5,5,7.0710678118654755,0.8602272277208607,0.015939476010967873,191,360,226,227,283,124
1776766635.8483362,20.0,5,5,7.0710678118654755,0.8602272277208607,0.015939476010967873,191,360,226,227,283,124
1776766635.9057047,20.0,5,5,7.0710678118654755,0.8602272277208607,0.015939476010967873,191,360,226,227,283,124
1776766635.9640753,20.0,5,5,7.0710678118654755,0.8602272277208607,0.015939476010967873,191,360,226,227,283,124
1776766636.0207357,20.0,5,5,7.0710678118654755,0.8602272277208607,0.015939476010967873,191,360,226,227,283,124
1776766636.0779529,20.0,5,5,7.0710678118654755,0.8602272277208607,0.015939476010967873,191,360,226,227,283,124
1776766636.1313553,20.0,5,5,7.0710678118654755,0.8602272277208607,0.015939476010967873,191,360,226,227,283,124
1776766636.188606,20.0,5,5,7.0710678118654755,0.8602272277208607,0.015939476010967873,191,360,226,227,283,124
1776766636.2472131,20.0,5,5,7.0710678118654755,0.8602272277208607,0.015939476010967873,191,360,226,227,283,124
1776766636.3037772,20.0,5,5,7.0710678118654755,0.8602272277208607,0.015939476010967873,191,360,226,227,283,124
1776766636.3603892,20.0,5,5,7.0710678118654755,0.8602272277208607,0.015939476010967873,191,360,226,227,283,124
1776766636.4176798,20.0,5,5,7.0710678118654755,0.8602272277208607,0.015939476010967873,191,360,226,227,283,124
1776766636.471235,20.0,5,5,7.0710678118654755,0.8602272277208607,0.016315519702370284,191,360,226,226,283,124
1776766636.5288217,20.0,5,5,7.0710678118654755,0.8602272277208607,0.016315519702370284,191,360,226,226,283,124
1776766636.58586,20.0,5,5,7.0710678118654755,0.8602272277208607,0.016315519702370284,191,360,226,226,283,124
1776766636.6434143,20.0,6,5,7.810249675906654,0.9501520286991062,0.01675827864685996,191,360,226,226,284,124
1776766636.7004633,20.0,6,5,7.810249675906654,0.9501520286991062,0.01675827864685996,191,360,226,226,284,124
1776766636.7535076,20.0,6,5,7.810249675906654,0.9501520286991062,0.01675827864685996,191,360,226,226,284,124
1776766636.8108077,20.0,6,5,7.810249675906654,0.9501520286991062,0.01675827864685996,191,360,226,226,284,124
1776766636.8686419,20.0,6,5,7.810249675906654,0.9501520286991062,0.01675827864685996,191,360,226,226,284,124
1776766636.9255035,20.0,6,5,7.810249675906654,0.9501520286991062,0.01675827864685996,191,360,226,226,284,124
1776766636.982697,20.0,6,5,7.810249675906654,0.9501520286991062,0.01675827864685996,191,360,226,226,284,124
1776766637.0406532,20.0,6,5,7.810249675906654,0.9501520286991062,0.01675827864685996,191,360,226,226,284,124
1776766637.094177,20.0,6,4,7.211102550927978,0.8772630840544985,0.016436034652677813,191,360,226,226,284,123
1776766637.150658,20.0,6,4,7.211102550927978,0.8772630840544985,0.016436034652677813,191,360,226,226,284,123
1776766637.2080233,20.0,6,4,7.211102550927978,0.8772630840544985,0.016436034652677813,191,360,226,226,284,123
1776766637.2652931,20.0,6,4,7.211102550927978,0.8772630840544985,0.016436034652677813,191,360,226,226,284,123
1776766637.3230562,20.0,6,4,7.211102550927978,0.8772630840544985,0.016436034652677813,191,360,226,226,284,123
1776766637.380739,20.0,6,4,7.211102550927978,0.8772630840544985,0.016436034652677813,191,360,226,226,284,123
1776766637.433732,20.0,6,4,7.211102550927978,0.8772630840544985,0.016436034652677813,191,360,226,226,284,123
1776766637.4907718,20.0,6,4,7.211102550927978,0.8772630840544985,0.016436034652677813,191,360,226,226,284,123
1776766637.5481493,20.0,6,4,7.211102550927978,0.8772630840544985,0.016436034652677813,191,360,226,226,284,123
1776766637.6060958,20.0,6,4,7.211102550927978,0.8772630840544985,0.016436034652677813,191,360,226,226,284,123
1776766637.6630356,20.0,6,4,7.211102550927978,0.8772630840544985,0.016436034652677813,191,360,226,226,284,123
1776766637.7202709,20.0,6,4,7.211102550927978,0.8772630840544985,0.015536684451176865,191,360,227,226,284,123
1776766637.7737973,20.0,6,4,7.211102550927978,0.8772630840544985,0.015475202060928452,191,359,227,226,284,123
1776766637.8315861,20.0,6,4,7.211102550927978,0.8772630840544985,0.015475202060928452,191,359,227,226,284,123
1776766637.888487,20.0,6,4,7.211102550927978,0.8772630840544985,0.015475202060928452,191,359,227,226,284,123
1776766637.945679,20.0,6,4,7.211102550927978,0.8772630840544985,0.015475202060928452,191,359,227,226,284,123
1776766638.0029092,20.0,6,4,7.211102550927978,0.8772630840544985,0.015475202060928452,191,359,227,226,284,123
1776766638.0566595,20.0,6,4,7.211102550927978,0.8772630840544985,0.015475202060928452,191,359,227,226,284,123
1776766638.1139202,20.0,6,4,7.211102550927978,0.8772630840544985,0.015475202060928452,191,359,227,226,284,123
1776766638.1710458,20.0,6,4,7.211102550927978,0.8772630840544985,0.015475202060928452,191,359,227,226,284,123
1776766638.2282987,20.0,6,4,7.211102550927978,0.8772630840544985,0.015475202060928452,191,359,227,226,284,123
1776766638.2851262,20.0,6,4,7.211102550927978,0.8772630840544985,0.015475202060928452,191,359,227,226,284,123
1776766638.3430722,20.0,6,4,7.211102550927978,0.8772630840544985,0.015475202060928452,191,359,227,226,284,123
1776766638.3966281,20.0,6,4,7.211102550927978,0.8772630840544985,0.015475202060928452,191,359,227,226,284,123
1776766638.4537213,20.0,6,4,7.211102550927978,0.8772630840544985,0.015475202060928452,191,359,227,226,284,123
1776766638.511413,20.0,6,4,7.211102550927978,0.8772630840544985,0.015475202060928452,191,359,227,226,284,123
1776766638.5682626,20.0,6,4,7.211102550927978,0.8772630840544985,0.015475202060928452,191,359,227,226,284,123
1776766638.625287,20.0,6,4,7.211102550927978,0.8772630840544985,0.015475202060928452,191,359,227,226,284,123
1776766638.682558,20.0,6,4,7.211102550927978,0.8772630840544985,0.015475202060928452,191,359,227,226,284,123
1776766638.736739,20.0,6,4,7.211102550927978,0.8772630840544985,0.015475202060928452,191,359,227,226,284,123
1776766638.7935781,20.0,6,4,7.211102550927978,0.8772630840544985,0.015475202060928452,191,359,227,226,284,123
1776766638.850539,20.0,6,4,7.211102550927978,0.8772630840544985,0.015475202060928452,191,359,227,226,284,123
1776766638.908733,20.0,6,4,7.211102550927978,0.8772630840544985,0.015475202060928452,191,359,227,226,284,123
1776766638.9650733,20.0,6,4,7.211102550927978,0.8772630840544985,0.015475202060928452,191,359,227,226,284,123
1776766639.0228646,20.0,6,4,7.211102550927978,0.8772630840544985,0.015475202060928452,191,359,227,226,284,123
1776766639.0762672,20.0,6,4,7.211102550927978,0.8772630840544985,0.015475202060928452,191,359,227,226,284,123
1776766639.1340456,20.0,6,4,7.211102550927978,0.8772630840544985,0.015475202060928452,191,359,227,226,284,123
1776766639.1911075,20.0,6,4,7.211102550927978,0.8772630840544985,0.015475202060928452,191,359,227,226,284,123
1776766639.248037,20.0,6,4,7.211102550927978,0.8772630840544985,0.015475202060928452,191,359,227,226,284,123
1776766639.3053758,20.0,6,4,7.211102550927978,0.8772630840544985,0.015475202060928452,191,359,227,226,284,123
1776766639.3623464,20.0,6,4,7.211102550927978,0.8772630840544985,0.015475202060928452,191,359,227,226,284,123
1776766639.4155993,20.0,6,4,7.211102550927978,0.8772630840544985,0.015475202060928452,191,359,227,226,284,123
1776766639.47322,20.0,6,4,7.211102550927978,0.8772630840544985,0.015475202060928452,191,359,227,226,284,123
1776766639.5303204,20.0,6,4,7.211102550927978,0.8772630840544985,0.015475202060928452,191,359,227,226,284,123
1776766639.5892901,20.0,6,4,7.211102550927978,0.8772630840544985,0.015475202060928452,191,359,227,226,284,123
1776766639.6450486,20.0,6,4,7.211102550927978,0.8772630840544985,0.015475202060928452,191,359,227,226,284,123
1776766639.6986356,20.0,6,4,7.211102550927978,0.8772630840544985,0.015475202060928452,191,359,227,226,284,123
1776766639.755982,20.0,6,4,7.211102550927978,0.8772630840544985,0.015475202060928452,191,359,227,226,284,123
1776766639.813491,20.0,6,4,7.211102550927978,0.8772630840544985,0.015475202060928452,191,359,227,226,284,123
1776766639.8707013,20.0,6,4,7.211102550927978,0.8772630840544985,0.015475202060928452,191,359,227,226,284,123
1776766639.928296,20.0,6,4,7.211102550927978,0.8772630840544985,0.015475202060928452,191,359,227,226,284,123
1776766639.985952,20.0,6,4,7.211102550927978,0.8772630840544985,0.015475202060928452,191,359,227,226,284,123
1776766640.0391276,20.0,6,4,7.211102550927978,0.8772630840544985,0.015475202060928452,191,359,227,226,284,123
1776766640.0967062,20.0,6,4,7.211102550927978,0.8772630840544985,0.015475202060928452,191,359,227,226,284,123
1776766640.1534255,20.0,6,4,7.211102550927978,0.8772630840544985,0.015475202060928452,191,359,227,226,284,123
1776766640.2110898,20.0,6,4,7.211102550927978,0.8772630840544985,0.015475202060928452,191,359,227,226,284,123
1776766640.2680218,20.0,6,4,7.211102550927978,0.8772630840544985,0.015475202060928452,191,359,227,226,284,123
1776766640.325437,20.0,6,4,7.211102550927978,0.8772630840544985,0.015475202060928452,191,359,227,226,284,123
1776766640.3789182,20.0,6,4,7.211102550927978,0.8772630840544985,0.015475202060928452,191,359,227,226,284,123
1776766640.4361956,20.0,6,4,7.211102550927978,0.8772630840544985,0.015475202060928452,191,359,227,226,284,123
1776766640.4937837,20.0,6,4,7.211102550927978,0.8772630840544985,0.015475202060928452,191,359,227,226,284,123
1776766640.5521235,20.0,6,4,7.211102550927978,0.8772630840544985,0.015475202060928452,191,359,227,226,284,123
1776766640.6074424,20.0,6,4,7.211102550927978,0.8772630840544985,0.015475202060928452,191,359,227,226,284,123
1776766640.6648827,20.0,6,4,7.211102550927978,0.8772630840544985,0.015475202060928452,191,359,227,226,284,123
1776766640.7181745,20.0,6,4,7.211102550927978,0.8772630840544985,0.015475202060928452,191,359,227,226,284,123
1776766640.7754447,20.0,6,4,7.211102550927978,0.8772630840544985,0.015475202060928452,191,359,227,226,284,123
1776766640.8330984,20.0,6,4,7.211102550927978,0.8772630840544985,0.015475202060928452,191,359,227,226,284,123
1776766640.8901858,20.0,6,4,7.211102550927978,0.8772630840544985,0.015475202060928452,191,359,227,226,284,123
1776766640.947829,20.0,6,4,7.211102550927978,0.8772630840544985,0.015475202060928452,191,359,227,226,284,123
1776766641.0052545,20.0,6,4,7.211102550927978,0.8772630840544985,0.015475202060928452,191,359,227,226,284,123
1776766641.0583389,20.0,6,4,7.211102550927978,0.8772630840544985,0.015475202060928452,191,359,227,226,284,123
1776766641.1161602,20.0,6,4,7.211102550927978,0.8772630840544985,0.015475202060928452,191,359,227,226,284,123
1776766641.1734712,20.0,6,4,7.211102550927978,0.8772630840544985,0.015475202060928452,191,359,227,226,284,123
1776766641.230417,20.0,6,4,7.211102550927978,0.8772630840544985,0.015475202060928452,191,359,227,226,284,123
1776766641.2874153,20.0,6,4,7.211102550927978,0.8772630840544985,0.015475202060928452,191,359,227,226,284,123
1776766641.3415504,20.0,6,4,7.211102550927978,0.8772630840544985,0.015475202060928452,191,359,227,226,284,123
1776766641.3984494,20.0,6,4,7.211102550927978,0.8772630840544985,0.015475202060928452,191,359,227,226,284,123
1776766641.4558935,20.0,6,4,7.211102550927978,0.8772630840544985,0.015475202060928452,191,359,227,226,284,123
1776766641.512896,20.0,6,4,7.211102550927978,0.8772630840544985,0.015475202060928452,191,359,227,226,284,123
1776766641.570412,20.0,6,4,7.211102550927978,0.8772630840544985,0.015475202060928452,191,359,227,226,284,123
1776766641.627717,20.0,6,4,7.211102550927978,0.8772630840544985,0.01585422980154594,191,359,227,225,284,123
1776766641.6808088,20.0,6,4,7.211102550927978,0.8772630840544985,0.01585422980154594,191,359,227,225,284,123
1776766641.7380662,20.0,6,4,7.211102550927978,0.8772630840544985,0.01585422980154594,191,359,227,225,284,123
1776766641.7954478,20.0,6,4,7.211102550927978,0.8772630840544985,0.01585422980154594,191,359,227,225,284,123
1776766641.8527458,20.0,6,4,7.211102550927978,0.8772630840544985,0.01585422980154594,191,359,227,225,284,123
1776766641.9108331,20.0,6,4,7.211102550927978,0.8772630840544985,0.01585422980154594,191,359,227,225,284,123
1776766641.9672937,20.0,6,4,7.211102550927978,0.8772630840544985,0.01585422980154594,191,359,227,225,284,123
1776766642.0206459,20.0,6,4,7.211102550927978,0.8772630840544985,0.01585422980154594,191,359,227,225,284,123
1776766642.0779529,20.0,6,4,7.211102550927978,0.8772630840544985,0.01585422980154594,191,359,227,225,284,123
1776766642.1353884,20.0,6,4,7.211102550927978,0.8772630840544985,0.01585422980154594,191,359,227,225,284,123
1776766642.192881,20.0,6,4,7.211102550927978,0.8772630840544985,0.01585422980154594,191,359,227,225,284,123
1776766642.2498903,20.0,6,4,7.211102550927978,0.8772630840544985,0.01585422980154594,191,359,227,225,284,123
1776766642.3072016,20.0,6,4,7.211102550927978,0.8772630840544985,0.01585422980154594,191,359,227,225,284,123
1776766642.3606417,20.0,6,4,7.211102550927978,0.8772630840544985,0.01585422980154594,191,359,227,225,284,123
1776766642.4179645,20.0,6,4,7.211102550927978,0.8772630840544985,0.01585422980154594,191,359,227,225,284,123
1776766642.4752755,20.0,6,4,7.211102550927978,0.8772630840544985,0.01585422980154594,191,359,227,225,284,123
1776766642.5326285,20.0,6,4,7.211102550927978,0.8772630840544985,0.01585422980154594,191,359,227,225,284,123
1776766642.5898046,20.0,6,4,7.211102550927978,0.8772630840544985,0.01585422980154594,191,359,227,225,284,123
1776766642.6471531,20.0,6,4,7.211102550927978,0.8772630840544985,0.01585422980154594,191,359,227,225,284,123
1776766642.7005947,20.0,6,4,7.211102550927978,0.8772630840544985,0.01585422980154594,191,359,227,225,284,123
1776766642.7583842,20.0,6,4,7.211102550927978,0.8772630840544985,0.01585422980154594,191,359,227,225,284,123
1776766642.8153024,20.0,6,4,7.211102550927978,0.8772630840544985,0.01585422980154594,191,359,227,225,284,123
1776766642.8726103,20.0,6,4,7.211102550927978,0.8772630840544985,0.01585422980154594,191,359,227,225,284,123
1776766642.9298744,20.0,6,4,7.211102550927978,0.8772630840544985,0.01585422980154594,191,359,227,225,284,123
1776766642.983393,20.0,6,4,7.211102550927978,0.8772630840544985,0.01585422980154594,191,359,227,225,284,123
1776766643.041248,20.0,6,4,7.211102550927978,0.8772630840544985,0.01585422980154594,191,359,227,225,284,123
1776766643.0985427,20.0,6,4,7.211102550927978,0.8772630840544985,0.01585422980154594,191,359,227,225,284,123
1776766643.1554537,20.0,6,4,7.211102550927978,0.8772630840544985,0.01585422980154594,191,359,227,225,284,123
1776766643.2131045,20.0,6,4,7.211102550927978,0.8772630840544985,0.01585422980154594,191,359,227,225,284,123
1776766643.2703118,20.0,6,4,7.211102550927978,0.8772630840544985,0.01585422980154594,191,359,227,225,284,123
1776766643.3231971,20.0,6,4,7.211102550927978,0.8772630840544985,0.01585422980154594,191,359,227,225,284,123
1776766643.3809974,20.0,6,4,7.211102550927978,0.8772630840544985,0.01585422980154594,191,359,227,225,284,123
1776766643.4384348,20.0,6,4,7.211102550927978,0.8772630840544985,0.01585422980154594,191,359,227,225,284,123
1776766643.496543,20.0,6,4,7.211102550927978,0.8772630840544985,0.01585422980154594,191,359,227,225,284,123
1776766643.5529048,20.0,6,4,7.211102550927978,0.8772630840544985,0.01585422980154594,191,359,227,225,284,123
1776766643.6101809,20.0,6,4,7.211102550927978,0.8772630840544985,0.01585422980154594,191,359,227,225,284,123
1776766643.6640406,20.0,6,4,7.211102550927978,0.8772630840544985,0.01585422980154594,191,359,227,225,284,123
1776766643.7252245,20.0,6,4,7.211102550927978,0.8772630840544985,0.01585422980154594,191,359,227,225,284,123
1776766643.7779758,20.0,6,4,7.211102550927978,0.8772630840544985,0.01585422980154594,191,359,227,225,284,123
1776766643.8357487,20.0,6,4,7.211102550927978,0.8772630840544985,0.01585422980154594,191,359,227,225,284,123
1776766643.8928914,20.0,6,4,7.211102550927978,0.8772630840544985,0.01585422980154594,191,359,227,225,284,123
1776766643.9496634,20.0,6,4,7.211102550927978,0.8772630840544985,0.01585422980154594,191,359,227,225,284,123
1776766644.0035875,20.0,6,4,7.211102550927978,0.8772630840544985,0.01585422980154594,191,359,227,225,284,123
1776766644.0609443,20.0,6,4,7.211102550927978,0.8772630840544985,0.01585422980154594,191,359,227,225,284,123
1776766644.1179268,20.0,6,4,7.211102550927978,0.8772630840544985,0.01585422980154594,191,359,227,225,284,123
1776766644.175522,20.0,6,4,7.211102550927978,0.8772630840544985,0.01585422980154594,191,359,227,225,284,123
1776766644.2326825,20.0,6,4,7.211102550927978,0.8772630840544985,0.01585422980154594,191,359,227,225,284,123
1776766644.2896729,20.0,6,4,7.211102550927978,0.8772630840544985,0.01585422980154594,191,359,227,225,284,123
1776766644.3437817,20.0,6,4,7.211102550927978,0.8772630840544985,0.01585422980154594,191,359,227,225,284,123
1776766644.4003968,20.0,6,4,7.211102550927978,0.8772630840544985,0.01585422980154594,191,359,227,225,284,123
1776766644.4576578,20.0,6,4,7.211102550927978,0.8772630840544985,0.01585422980154594,191,359,227,225,284,123
1776766644.5157397,20.0,6,4,7.211102550927978,0.8772630840544985,0.01585422980154594,191,359,227,225,284,123
1776766644.572401,20.0,6,4,7.211102550927978,0.8772630840544985,0.01585422980154594,191,359,227,225,284,123
1776766644.6256256,20.0,6,4,7.211102550927978,0.8772630840544985,0.01585422980154594,191,359,227,225,284,123
1776766644.6829753,20.0,6,4,7.211102550927978,0.8772630840544985,0.01585422980154594,191,359,227,225,284,123
1776766644.740971,20.0,6,4,7.211102550927978,0.8772630840544985,0.01585422980154594,191,359,227,225,284,123
1776766644.7977486,20.0,6,4,7.211102550927978,0.8772630840544985,0.01585422980154594,191,359,227,225,284,123
1776766644.854898,20.0,6,4,7.211102550927978,0.8772630840544985,0.01585422980154594,191,359,227,225,284,123
1776766644.9121506,20.0,6,4,7.211102550927978,0.8772630840544985,0.01585422980154594,191,359,227,225,284,123
1776766644.9662907,20.0,6,4,7.211102550927978,0.8772630840544985,0.01585422980154594,191,359,227,225,284,123
1776766645.0230975,20.0,6,4,7.211102550927978,0.8772630840544985,0.01585422980154594,191,359,227,225,284,123
1776766645.0802774,20.0,6,4,7.211102550927978,0.8772630840544985,0.01585422980154594,191,359,227,225,284,123
1776766645.1376276,20.0,6,4,7.211102550927978,0.8772630840544985,0.01585422980154594,191,359,227,225,284,123
1776766645.194821,20.0,6,4,7.211102550927978,0.8772630840544985,0.01585422980154594,191,359,227,225,284,123
1776766645.2521913,20.0,6,4,7.211102550927978,0.8772630840544985,0.01585422980154594,191,359,227,225,284,123
1776766645.3055093,20.0,6,4,7.211102550927978,0.8772630840544985,0.01585422980154594,191,359,227,225,284,123
1776766645.3633084,20.0,6,3,6.708203932499369,0.8160832034670765,0.015536684451176865,191,359,227,225,284,122
1776766645.4201586,20.0,7,3,7.615773105863909,0.9264930785722516,0.015977152302647867,191,359,227,225,285,122
1776766645.4775121,20.0,7,3,7.615773105863909,0.9264930785722516,0.015977152302647867,191,359,227,225,285,122
1776766645.5351753,20.0,7,3,7.615773105863909,0.9264930785722516,0.015977152302647867,191,359,227,225,285,122
1776766645.5928907,20.0,7,3,7.615773105863909,0.9264930785722516,0.015977152302647867,191,359,227,225,285,122
1776766645.6455107,20.0,7,3,7.615773105863909,0.9264930785722516,0.015977152302647867,191,359,227,225,285,122
1776766645.7029223,20.0,7,3,7.615773105863909,0.9264930785722516,0.015977152302647867,191,359,227,225,285,122
1776766645.7601554,20.0,7,3,7.615773105863909,0.9264930785722516,0.015977152302647867,191,359,227,225,285,122
1776766645.8223085,20.0,7,3,7.615773105863909,0.9264930785722516,0.015977152302647867,191,359,227,225,285,122
1776766645.8748596,20.0,7,3,7.615773105863909,0.9264930785722516,0.015977152302647867,191,359,227,225,285,122
1776766645.932102,20.0,7,3,7.615773105863909,0.9264930785722516,0.015977152302647867,191,359,227,225,285,122
1776766645.9854586,20.0,7,3,7.615773105863909,0.9264930785722516,0.015977152302647867,191,359,227,225,285,122
1776766646.0428016,20.0,7,3,7.615773105863909,0.9264930785722516,0.015977152302647867,191,359,227,225,285,122
1776766646.1003814,20.0,7,3,7.615773105863909,0.9264930785722516,0.015012971530594534,191,358,228,225,285,122
1776766646.1573694,20.0,7,3,7.615773105863909,0.9264930785722516,0.015012971530594534,191,358,228,225,285,122
1776766646.214907,20.0,7,3,7.615773105863909,0.9264930785722516,0.015012971530594534,191,358,228,225,285,122
1776766646.2687933,20.0,7,3,7.615773105863909,0.9264930785722516,0.015012971530594534,191,358,228,225,285,122
1776766646.3254995,20.0,7,3,7.615773105863909,0.9264930785722516,0.015012971530594534,191,358,228,225,285,122
1776766646.383199,20.0,7,3,7.615773105863909,0.9264930785722516,0.015012971530594534,191,358,228,225,285,122
1776766646.4400606,20.0,7,3,7.615773105863909,0.9264930785722516,0.015012971530594534,191,358,228,225,285,122
1776766646.4973266,20.0,7,3,7.615773105863909,0.9264930785722516,0.015012971530594534,191,358,228,225,285,122
1776766646.5546305,20.0,7,3,7.615773105863909,0.9264930785722516,0.015012971530594534,191,358,228,225,285,122
1776766646.6080203,20.0,7,3,7.615773105863909,0.9264930785722516,0.015012971530594534,191,358,228,225,285,122
1776766646.665744,20.0,7,3,7.615773105863909,0.9264930785722516,0.015394924804890462,191,358,228,224,285,122
1776766646.7226124,20.0,7,3,7.615773105863909,0.9264930785722516,0.015394924804890462,191,358,228,224,285,122
1776766646.7799456,20.0,8,3,8.54400374531753,1.0394165140288965,0.01583896552681969,191,358,228,224,286,122
1776766646.8374004,20.0,8,3,8.54400374531753,1.0394165140288965,0.01583896552681969,191,358,228,224,286,122
1776766646.89459,20.0,8,3,8.54400374531753,1.0394165140288965,0.014867839995039194,191,357,229,224,286,122
1776766646.9481058,20.0,8,3,8.54400374531753,1.0394165140288965,0.014867839995039194,191,357,229,224,286,122
1776766647.0052593,20.0,8,3,8.54400374531753,1.0394165140288965,0.014867839995039194,191,357,229,224,286,122
1776766647.0628479,20.0,8,3,8.54400374531753,1.0394165140288965,0.014867839995039194,191,357,229,224,286,122
1776766647.119935,20.0,8,2,8.246211251235321,1.0031887166952944,0.014552858259134438,191,357,229,224,286,121
1776766647.1774437,20.0,8,2,8.246211251235321,1.0031887166952944,0.014552858259134438,191,357,229,224,286,121
1776766647.2345917,20.0,8,2,8.246211251235321,1.0031887166952944,0.014552858259134438,191,357,229,224,286,121
1776766647.288551,20.0,8,2,8.246211251235321,1.0031887166952944,0.014552858259134438,191,357,229,224,286,121
1776766647.346247,20.0,8,2,8.246211251235321,1.0031887166952944,0.014552858259134438,191,357,229,224,286,121
1776766647.4026456,20.0,8,2,8.246211251235321,1.0031887166952944,0.014552858259134438,191,357,229,224,286,121
1776766647.4598963,20.0,8,2,8.246211251235321,1.0031887166952944,0.014552858259134438,191,357,229,224,286,121
1776766647.517206,20.0,8,2,8.246211251235321,1.0031887166952944,0.014552858259134438,191,357,229,224,286,121
1776766647.5748959,20.0,8,2,8.246211251235321,1.0031887166952944,0.014937677705289946,191,357,229,223,286,121
1776766647.628031,20.0,9,2,9.219544457292887,1.1215990823957283,0.015382324633509463,191,357,229,223,287,121
1776766647.6859858,20.0,9,2,9.219544457292887,1.1215990823957283,0.01440811652545759,191,356,230,223,287,121
1776766647.7425401,20.0,9,2,9.219544457292887,1.1215990823957283,0.01440811652545759,191,356,230,223,287,121
1776766647.7999008,20.0,9,2,9.219544457292887,1.1215990823957283,0.01440811652545759,191,356,230,223,287,121
1776766647.8570518,20.0,9,2,9.219544457292887,1.1215990823957283,0.01440811652545759,191,356,230,223,287,121
1776766647.9153533,20.0,9,2,9.219544457292887,1.1215990823957283,0.01440811652545759,191,356,230,223,287,121
1776766647.968561,20.0,9,0,9.0,1.094890510948905,0.014094934189706653,191,356,230,223,287,120
1776766648.0252001,20.0,9,0,9.0,1.094890510948905,0.014094934189706653,191,356,230,223,287,120
1776766648.0827801,20.0,9,0,9.0,1.094890510948905,0.014094934189706653,191,356,230,223,287,120
1776766648.1397738,20.0,9,0,9.0,1.094890510948905,0.014094934189706653,191,356,230,223,287,120
1776766648.1976807,20.0,9,0,9.0,1.094890510948905,0.014094934189706653,191,356,230,223,287,120
1776766648.2504675,20.0,9,0,9.0,1.094890510948905,0.014094934189706653,191,356,230,223,287,120
1776766648.308346,20.0,9,0,9.0,1.094890510948905,0.014017122221881527,191,355,230,223,287,120
1776766648.3657627,20.0,9,0,9.0,1.094890510948905,0.014017122221881527,191,355,230,223,287,120
1776766648.4234335,20.0,9,0,9.0,1.094890510948905,0.013104205101692674,191,355,231,223,287,120
1776766648.4797192,20.0,9,0,9.0,1.094890510948905,0.013104205101692674,191,355,231,223,287,120
1776766648.5370889,20.0,9,0,9.0,1.094890510948905,0.013104205101692674,191,355,231,223,287,120
1776766648.5904474,20.0,10,0,10.0,1.21654501216545,0.013950652000441108,191,355,231,222,288,120
1776766648.6477401,20.0,10,0,10.0,1.21654501216545,0.013639269345816723,191,355,231,222,288,119
1776766648.7052042,20.0,10,0,10.0,1.21654501216545,0.013639269345816723,191,355,231,222,288,119
1776766648.7631671,20.0,10,0,10.0,1.21654501216545,0.013639269345816723,191,355,231,222,288,119
1776766648.8205998,20.0,10,0,10.0,1.21654501216545,0.013639269345816723,191,355,231,222,288,119
1776766648.8773596,20.0,10,0,10.0,1.21654501216545,0.013639269345816723,191,355,231,222,288,119
1776766648.9307072,20.0,10,0,10.0,1.21654501216545,0.013639269345816723,191,355,231,222,288,119
1776766648.9883606,20.0,10,0,10.0,1.21654501216545,0.013556876836501613,191,354,231,222,288,119
1776766649.0455387,20.0,10,0,10.0,1.21654501216545,0.013556876836501613,191,354,231,222,288,119
1776766649.1023095,20.0,10,0,10.0,1.21654501216545,0.012645838826140957,191,354,232,222,288,119
1776766649.1600184,20.0,10,0,10.0,1.21654501216545,0.012645838826140957,191,354,232,222,288,119
1776766649.2170746,20.0,11,0,11.0,1.338199513381995,0.013099022156550757,191,354,232,222,289,119
1776766649.2704618,20.0,11,0,11.0,1.338199513381995,0.013099022156550757,191,354,232,222,289,119
1776766649.3276565,20.0,11,0,11.0,1.338199513381995,0.013099022156550757,191,354,232,222,289,119
1776766649.3855243,20.0,11,0,11.0,1.338199513381995,0.013099022156550757,191,354,232,222,289,119
1776766649.447873,20.0,11,0,11.0,1.338199513381995,0.0134095027883552,191,353,232,221,289,119
1776766649.500008,20.0,11,0,11.0,1.338199513381995,0.013099022156550757,191,353,232,221,289,118
1776766649.557518,20.0,11,0,11.0,1.338199513381995,0.013099022156550757,191,353,232,221,289,118
1776766649.610395,20.0,11,0,11.0,1.338199513381995,0.013099022156550757,191,353,232,221,289,118
1776766649.667586,20.0,11,0,11.0,1.338199513381995,0.013099022156550757,191,353,232,221,289,118
1776766649.7258852,20.0,11,0,11.0,1.338199513381995,0.013099022156550757,191,353,232,221,289,118
1776766649.782603,20.0,11,0,11.0,1.338199513381995,0.012189954243602565,191,353,233,221,289,118
1776766649.8399227,20.0,11,0,11.0,1.338199513381995,0.012645838826140957,192,353,233,221,289,118
1776766649.8933682,20.0,11,0,11.0,1.338199513381995,0.012554400029705528,192,352,233,221,289,118
1776766649.951152,20.0,12,0,12.0,1.4598540145985401,0.013009507709222034,192,352,233,221,290,118
1776766650.0082352,20.0,12,0,12.0,1.4598540145985401,0.013009507709222034,192,352,233,221,290,118
1776766650.0661924,20.0,12,0,12.0,1.4598540145985401,0.013009507709222034,192,352,233,221,290,118
1776766650.1226287,20.0,12,0,12.0,1.4598540145985401,0.0134095027883552,192,352,233,220,290,118
1776766650.1796587,20.0,12,0,12.0,1.4598540145985401,0.0134095027883552,192,352,233,220,290,118
1776766650.2904832,20.0,12,-2,12.165525060596439,1.4799908832842381,0.013099022156550757,192,352,233,220,290,117
1776766650.3480346,20.0,12,-2,12.165525060596439,1.4799908832842381,0.012189954243602565,192,352,234,220,290,117
1776766650.404924,20.0,12,-2,12.165525060596439,1.4799908832842381,0.012094000296259632,192,351,234,220,290,117
1776766650.462638,20.0,12,-2,12.165525060596439,1.4799908832842381,0.012094000296259632,192,351,234,220,290,117
1776766650.5199199,20.0,13,-2,13.152946437965905,1.6001151384386745,0.012549599229593998,192,351,234,220,291,117
1776766650.5728185,20.0,13,-2,13.152946437965905,1.6001151384386745,0.012549599229593998,192,351,234,220,291,117
1776766650.6309283,20.0,13,-2,13.152946437965905,1.6001151384386745,0.012549599229593998,192,351,234,220,291,117
1776766650.688408,20.0,13,-2,13.152946437965905,1.6001151384386745,0.012549599229593998,192,351,234,220,291,117
1776766650.744723,20.0,13,-2,13.152946437965905,1.6001151384386745,0.012549599229593998,192,351,234,220,291,117
1776766650.8024533,20.0,13,-2,13.152946437965905,1.6001151384386745,0.012040239516852671,192,351,235,219,291,117
1776766650.8594542,20.0,13,-2,13.152946437965905,1.6001151384386745,0.012040239516852671,192,351,235,219,291,117
1776766650.9132373,20.0,13,-2,13.152946437965905,1.6001151384386745,0.011940659186863137,192,350,235,219,291,117
1776766650.9701297,20.0,13,-3,13.341664064126334,1.6230734871199919,0.01163621519542609,192,350,235,219,291,116
1776766651.0278726,20.0,13,-3,13.341664064126334,1.6230734871199919,0.01163621519542609,192,350,235,219,291,116
1776766651.0851052,20.0,13,-3,13.341664064126334,1.6230734871199919,0.01163621519542609,192,350,235,219,291,116
1776766651.1421342,20.0,13,-3,13.341664064126334,1.6230734871199919,0.01163621519542609,192,350,235,219,291,116
1776766651.19984,20.0,14,-3,14.317821063276353,1.7418273799606268,0.012092281218849633,192,350,235,219,292,116
1776766651.2532394,20.0,14,-3,14.317821063276353,1.7418273799606268,0.012092281218849633,192,350,235,219,292,116
1776766651.3106916,20.0,14,-3,14.317821063276353,1.7418273799606268,0.011991019823869995,192,349,235,219,292,116
1776766651.3676457,20.0,14,-3,14.317821063276353,1.7418273799606268,0.011991019823869995,192,349,235,219,292,116
1776766651.4251122,20.0,14,-3,14.317821063276353,1.7418273799606268,0.011940659186863137,193,349,236,218,292,116
1776766651.4824986,20.0,14,-3,14.317821063276353,1.7418273799606268,0.011940659186863137,193,349,236,218,292,116
1776766651.5393198,20.0,14,-3,14.317821063276353,1.7418273799606268,0.011940659186863137,193,349,236,218,292,116
1776766651.592949,20.0,14,-4,14.560219778561036,1.7713162747641162,0.01163621519542609,193,349,236,218,292,115
1776766651.6502035,20.0,14,-4,14.560219778561036,1.7713162747641162,0.011533004675580138,193,348,236,218,292,115
1776766651.70786,20.0,14,-4,14.560219778561036,1.7713162747641162,0.011533004675580138,193,348,236,218,292,115
1776766651.7650468,20.0,15,-4,15.524174696260024,1.8885857294720223,0.011991019823869995,193,348,236,218,293,115
1776766651.8224072,20.0,15,-4,15.524174696260024,1.8885857294720223,0.011991019823869995,193,348,236,218,293,115
1776766651.8756156,20.0,15,-4,15.524174696260024,1.8885857294720223,0.011991019823869995,193,348,236,218,293,115
1776766651.9330893,20.0,15,-4,15.524174696260024,1.8885857294720223,0.011073463879909408,193,348,237,218,293,115
1776766651.9910085,20.0,15,-4,15.524174696260024,1.8885857294720223,0.011073463879909408,193,348,237,218,293,115
1776766652.047922,20.0,15,-4,15.524174696260024,1.8885857294720223,0.011073463879909408,193,348,237,218,293,115
1776766652.1050391,20.0,15,-4,15.524174696260024,1.8885857294720223,0.011073463879909408,193,348,237,218,293,115
1776766652.162156,20.0,15,-4,15.524174696260024,1.8885857294720223,0.011483692549693642,193,348,237,217,293,115
1776766652.2155051,20.0,15,-4,15.524174696260024,1.8885857294720223,0.01137683722982701,193,347,237,217,293,115
1776766652.2733243,20.0,15,-4,15.524174696260024,1.8885857294720223,0.01137683722982701,193,347,237,217,293,115
1776766652.3873692,20.0,15,-4,15.524174696260024,1.8885857294720223,0.01137683722982701,193,347,237,217,293,115
1776766652.4453442,20.0,16,-5,16.76305461424021,2.039301047961096,0.01153192462137138,193,347,237,217,294,114
1776766652.5018682,20.0,16,-5,16.76305461424021,2.039301047961096,0.01153192462137138,193,347,237,217,294,114
1776766652.5558925,20.0,16,-5,16.76305461424021,2.039301047961096,0.010616735187892752,193,347,238,217,294,114
1776766652.6131165,20.0,16,-5,16.76305461424021,2.039301047961096,0.010616735187892752,193,347,238,217,294,114
1776766652.6705434,20.0,16,-5,16.76305461424021,2.039301047961096,0.010501735292546008,193,346,238,217,294,114
1776766652.727378,20.0,16,-5,16.76305461424021,2.039301047961096,0.010501735292546008,193,346,238,217,294,114
1776766652.785981,20.0,16,-5,16.76305461424021,2.039301047961096,0.010501735292546008,193,346,238,217,294,114
1776766652.8421614,20.0,16,-5,16.76305461424021,2.039301047961096,0.010501735292546008,193,346,238,217,294,114
1776766652.8957167,20.0,16,-5,16.76305461424021,2.039301047961096,0.010918224584769211,193,346,238,216,294,114
1776766652.9527743,20.0,16,-5,16.76305461424021,2.039301047961096,0.010918224584769211,193,346,238,216,294,114
1776766653.0102162,20.0,17,-5,17.72004514666935,2.155723253852719,0.011380379193768539,193,346,238,216,295,114
1776766653.0672042,20.0,17,-5,17.72004514666935,2.155723253852719,0.010462487914013998,193,346,239,216,295,114
1776766653.1244717,20.0,17,-5,17.72004514666935,2.155723253852719,0.010343876130419795,193,345,239,216,295,114
1776766653.1823652,20.0,17,-5,17.72004514666935,2.155723253852719,0.010343876130419795,193,345,239,216,295,114
1776766653.2354345,20.0,17,-5,17.72004514666935,2.155723253852719,0.010343876130419795,193,345,239,216,295,114
1776766653.2931278,20.0,17,-6,18.027756377319946,2.1931577101362465,0.010043536838859547,193,345,239,216,295,113
1776766653.3506596,20.0,17,-6,18.027756377319946,2.1931577101362465,0.010043536838859547,193,345,239,216,295,113
1776766653.407374,20.0,17,-6,18.027756377319946,2.1931577101362465,0.010501735292546008,194,345,239,216,295,113
1776766653.4649496,20.0,17,-6,18.027756377319946,2.1931577101362465,0.010501735292546008,194,345,239,216,295,113
1776766653.5218506,20.0,17,-6,18.027756377319946,2.1931577101362465,0.010501735292546008,194,345,239,216,295,113
1776766653.5752258,20.0,17,-6,18.027756377319946,2.1931577101362465,0.01038366707232307,194,344,239,216,295,113
1776766653.6330354,20.0,18,-6,18.973665961010276,2.3082318687360432,0.010846512682162964,194,344,239,216,296,113
1776766653.6898506,20.0,18,-6,18.973665961010276,2.3082318687360432,0.009921073531883307,194,344,240,216,296,113
1776766653.7475138,20.0,18,-6,18.973665961010276,2.3082318687360432,0.010343876130419795,194,344,240,215,296,113
1776766653.8049054,20.0,18,-6,18.973665961010276,2.3082318687360432,0.010343876130419795,194,344,240,215,296,113
1776766653.8581066,20.0,18,-7,19.313207915827967,2.34953867589148,0.010043536838859547,194,344,240,215,296,112
1776766653.915671,20.0,18,-7,19.313207915827967,2.34953867589148,0.010043536838859547,194,344,240,215,296,112
1776766654.0302026,20.0,18,-7,19.313207915827967,2.34953867589148,0.010043536838859547,194,344,240,215,296,112
1776766654.0871725,20.0,18,-7,19.313207915827967,2.34953867589148,0.009921073531883307,194,343,240,215,296,112
1776766654.144878,20.0,18,-7,19.313207915827967,2.34953867589148,0.009921073531883307,194,343,240,215,296,112
1776766654.1981978,20.0,18,-7,19.313207915827967,2.34953867589148,0.009921073531883307,194,343,240,215,296,112
1776766654.25599,20.0,18,-7,19.313207915827967,2.34953867589148,0.009921073531883307,194,343,240,215,296,112
1776766654.3127744,20.0,18,-7,19.313207915827967,2.34953867589148,0.009921073531883307,194,343,240,215,296,112
1776766654.3701463,20.0,18,-7,19.313207915827967,2.34953867589148,0.008991858853069648,194,343,241,215,296,112
1776766654.427763,20.0,19,-7,20.248456731316587,2.4633159040531125,0.009886780720007942,194,343,241,214,297,112
1776766654.4848611,20.0,19,-7,20.248456731316587,2.4633159040531125,0.009886780720007942,194,343,241,214,297,112
1776766654.5376325,20.0,19,-8,20.615528128088304,2.5079717917382363,0.009461563630113759,194,342,241,214,297,111
1776766654.595018,20.0,19,-8,20.615528128088304,2.5079717917382363,0.009461563630113759,194,342,241,214,297,111
1776766654.652778,20.0,19,-8,20.615528128088304,2.5079717917382363,0.009461563630113759,194,342,241,214,297,111
1776766654.7108717,20.0,19,-8,20.615528128088304,2.5079717917382363,0.009461563630113759,194,342,241,214,297,111
1776766654.7669983,20.0,19,-8,20.615528128088304,2.5079717917382363,0.009461563630113759,194,342,241,214,297,111
1776766654.8245494,20.0,19,-8,20.615528128088304,2.5079717917382363,0.009461563630113759,194,342,241,214,297,111
1776766654.8783562,20.0,19,-8,20.615528128088304,2.5079717917382363,0.009461563630113759,194,342,241,214,297,111
1776766654.936114,20.0,19,-8,20.615528128088304,2.5079717917382363,0.009461563630113759,194,342,241,214,297,111
1776766654.9931886,20.0,19,-8,20.615528128088304,2.5079717917382363,0.009331532090239158,194,341,241,214,297,111
1776766655.0499487,20.0,19,-8,20.615528128088304,2.5079717917382363,0.009331532090239158,194,341,241,214,297,111
1776766655.1078467,20.0,19,-8,20.615528128088304,2.5079717917382363,0.00839880550666342,194,341,242,214,297,111
1776766655.1649287,20.0,19,-8,20.615528128088304,2.5079717917382363,0.00839880550666342,194,341,242,214,297,111
1776766655.2181237,20.0,19,-8,20.615528128088304,2.5079717917382363,0.00839880550666342,194,341,242,214,297,111
1776766655.2748349,20.0,19,-8,20.615528128088304,2.5079717917382363,0.008859789198947187,195,341,242,214,297,111
1776766655.3342059,20.0,20,-9,21.93171219946131,2.6680915084502805,0.009037622620677182,195,341,242,214,298,110
1776766655.3894978,20.0,20,-9,21.93171219946131,2.6680915084502805,0.009037622620677182,195,341,242,214,298,110
1776766655.4468982,20.0,20,-9,21.93171219946131,2.6680915084502805,0.009037622620677182,195,341,242,214,298,110
1776766655.504609,20.0,20,-9,21.93171219946131,2.6680915084502805,0.009037622620677182,195,341,242,214,298,110
1776766655.5583305,20.0,20,-9,21.93171219946131,2.6680915084502805,0.009037622620677182,195,341,242,214,298,110
1776766655.615338,20.0,20,-9,21.93171219946131,2.6680915084502805,0.009037622620677182,195,341,242,214,298,110
1776766655.6725004,20.0,20,-9,21.93171219946131,2.6680915084502805,0.009331532090239158,195,340,242,213,298,110
1776766655.729811,20.0,20,-9,21.93171219946131,2.6680915084502805,0.009331532090239158,195,340,242,213,298,110
1776766655.7874293,20.0,20,-9,21.93171219946131,2.6680915084502805,0.009331532090239158,195,340,242,213,298,110
1776766655.8406937,20.0,20,-9,21.93171219946131,2.6680915084502805,0.00839880550666342,195,340,243,213,298,110
1776766655.9554586,20.0,20,-9,21.93171219946131,2.6680915084502805,0.00839880550666342,195,340,243,213,298,110
1776766656.0122128,20.0,20,-9,21.93171219946131,2.6680915084502805,0.00839880550666342,195,340,243,213,298,110
1776766656.0702243,20.0,20,-10,22.360679774997898,2.720277344890255,0.008110342421786092,195,340,243,213,298,109
1776766656.12717,20.0,21,-10,23.259406699226016,2.829611520587106,0.008578902318725257,195,340,243,213,299,109
1776766656.1805599,20.0,21,-10,23.259406699226016,2.829611520587106,0.00844057593112122,195,339,243,213,299,109
1776766656.237855,20.0,21,-10,23.259406699226016,2.829611520587106,0.00844057593112122,195,339,243,213,299,109
1776766656.2955,20.0,21,-10,23.259406699226016,2.829611520587106,0.00844057593112122,195,339,243,213,299,109
1776766656.3524969,20.0,21,-10,23.259406699226016,2.829611520587106,0.00844057593112122,195,339,243,213,299,109
1776766656.4097347,20.0,21,-10,23.259406699226016,2.829611520587106,0.0088708749186839,195,339,243,212,299,109
1776766656.4671617,20.0,21,-10,23.259406699226016,2.829611520587106,0.007941124038114006,195,339,244,212,299,109
1776766656.5207,20.0,21,-10,23.259406699226016,2.829611520587106,0.007941124038114006,195,339,244,212,299,109
1776766656.5776038,20.0,21,-10,23.259406699226016,2.829611520587106,0.007941124038114006,195,339,244,212,299,109
1776766656.636671,20.0,21,-10,23.259406699226016,2.829611520587106,0.007941124038114006,195,339,244,212,299,109
1776766656.6923945,20.0,21,-10,23.259406699226016,2.829611520587106,0.0077971113567683594,195,338,244,212,299,109
1776766656.749815,20.0,21,-11,23.706539182259394,2.8840071997882473,0.007510013237270603,195,338,244,212,299,108
1776766656.807424,20.0,22,-11,24.596747752497688,2.9923050793792805,0.007980899215846611,195,338,244,212,300,108
1776766656.8605466,20.0,22,-11,24.596747752497688,2.9923050793792805,0.007980899215846611,195,338,244,212,300,108
1776766656.9176128,20.0,22,-11,24.596747752497688,2.9923050793792805,0.007980899215846611,195,338,244,212,300,108
1776766656.9751513,20.0,22,-11,24.596747752497688,2.9923050793792805,0.007980899215846611,195,338,244,212,300,108
1776766657.0318978,20.0,22,-11,24.596747752497688,2.9923050793792805,0.007053478104961782,195,338,245,212,300,108
1776766657.0893443,20.0,22,-11,24.596747752497688,2.9923050793792805,0.007053478104961782,195,338,245,212,300,108
1776766657.1470754,20.0,22,-11,24.596747752497688,2.9923050793792805,0.007053478104961782,195,338,245,212,300,108
1776766657.2004461,20.0,22,-11,24.596747752497688,2.9923050793792805,0.007053478104961782,195,338,245,212,300,108
1776766657.2576568,20.0,22,-11,24.596747752497688,2.9923050793792805,0.007053478104961782,195,338,245,212,300,108
1776766657.3148878,20.0,22,-11,24.596747752497688,2.9923050793792805,0.00736190227091754,196,337,245,212,300,108
1776766657.3722878,20.0,22,-11,24.596747752497688,2.9923050793792805,0.00736190227091754,196,337,245,212,300,108
1776766657.4293804,20.0,22,-11,24.596747752497688,2.9923050793792805,0.0077971113567683594,196,337,245,211,300,108
1776766657.4866533,20.0,22,-11,24.596747752497688,2.9923050793792805,0.0077971113567683594,196,337,245,211,300,108
1776766657.540625,20.0,22,-11,24.596747752497688,2.9923050793792805,0.0077971113567683594,196,337,245,211,300,108
1776766657.5972393,20.0,22,-12,25.059928172283335,3.0486530623215735,0.007510013237270603,196,337,245,211,300,107
1776766657.6546693,20.0,23,-12,25.942243542145693,3.15599069855787,0.007980899215846611,196,337,245,211,301,107
1776766657.7124443,20.0,23,-12,25.942243542145693,3.15599069855787,0.007980899215846611,196,337,245,211,301,107
1776766657.7695253,20.0,23,-12,25.942243542145693,3.15599069855787,0.0078348426067239,196,336,245,211,301,107
1776766657.8226926,20.0,23,-12,25.942243542145693,3.15599069855787,0.006901179426357879,196,336,246,211,301,107
1776766657.880088,20.0,23,-12,25.942243542145693,3.15599069855787,0.006901179426357879,196,336,246,211,301,107
1776766657.994975,20.0,23,-12,25.942243542145693,3.15599069855787,0.006901179426357879,196,336,246,211,301,107
1776766658.0522668,20.0,23,-12,25.942243542145693,3.15599069855787,0.006901179426357879,196,336,246,211,301,107
1776766658.1095233,20.0,23,-12,25.942243542145693,3.15599069855787,0.006901179426357879,196,336,246,211,301,107
1776766658.1633956,20.0,23,-12,25.942243542145693,3.15599069855787,0.006901179426357879,196,336,246,211,301,107
1776766658.2203243,20.0,23,-12,25.942243542145693,3.15599069855787,0.006901179426357879,196,336,246,211,301,107
1776766658.2780335,20.0,24,-12,26.832815729997478,3.264332813868306,0.007374384529606263,196,336,246,211,302,107
1776766658.335083,20.0,24,-12,26.832815729997478,3.264332813868306,0.00781331887767676,196,336,246,210,302,107
1776766658.3923268,20.0,24,-13,27.294688127912362,3.320521670062331,0.007374384529606263,196,335,246,210,302,106
1776766658.4512155,20.0,24,-13,27.294688127912362,3.320521670062331,0.006444025996094383,196,335,247,210,302,106
1776766658.5035014,20.0,24,-13,27.294688127912362,3.320521670062331,0.006444025996094383,196,335,247,210,302,106
1776766658.5604477,20.0,24,-13,27.294688127912362,3.320521670062331,0.006444025996094383,196,335,247,210,302,106
1776766658.6170392,20.0,24,-13,27.294688127912362,3.320521670062331,0.006444025996094383,196,335,247,210,302,106
1776766658.67496,20.0,24,-13,27.294688127912362,3.320521670062331,0.006444025996094383,196,335,247,210,302,106
1776766658.7324498,20.0,24,-13,27.294688127912362,3.320521670062331,0.006444025996094383,196,335,247,210,302,106
1776766658.7897916,20.0,24,-13,27.294688127912362,3.320521670062331,0.006444025996094383,196,335,247,210,302,106
1776766658.8428812,20.0,24,-13,27.294688127912362,3.320521670062331,0.006444025996094383,196,335,247,210,302,106
1776766658.9001443,20.0,24,-13,27.294688127912362,3.320521670062331,0.006444025996094383,196,335,247,210,302,106
1776766658.9574943,20.0,24,-13,27.294688127912362,3.320521670062331,0.006444025996094383,196,335,247,210,302,106
1776766659.015109,20.0,24,-13,27.294688127912362,3.320521670062331,0.006444025996094383,196,335,247,210,302,106
1776766659.0723276,20.0,24,-13,27.294688127912362,3.320521670062331,0.006444025996094383,196,335,247,210,302,106
1776766659.1295035,20.0,24,-13,27.294688127912362,3.320521670062331,0.006444025996094383,196,335,247,210,302,106
1776766659.1828308,20.0,24,-13,27.294688127912362,3.320521670062331,0.006444025996094383,196,335,247,210,302,106
1776766659.2396173,20.0,24,-13,27.294688127912362,3.320521670062331,0.006444025996094383,196,335,247,210,302,106
1776766659.2975981,20.0,24,-13,27.294688127912362,3.320521670062331,0.006444025996094383,196,335,247,210,302,106
1776766659.3544915,20.0,24,-13,27.294688127912362,3.320521670062331,0.006444025996094383,196,335,247,210,302,106
1776766659.4120293,20.0,24,-13,27.294688127912362,3.320521670062331,0.006444025996094383,196,335,247,210,302,106
1776766659.465445,20.0,24,-13,27.294688127912362,3.320521670062331,0.006444025996094383,196,335,247,210,302,106
1776766659.5229971,20.0,24,-13,27.294688127912362,3.320521670062331,0.006444025996094383,196,335,247,210,302,106
1776766659.5797935,20.0,24,-13,27.294688127912362,3.320521670062331,0.006444025996094383,196,335,247,210,302,106
1776766659.6375656,20.0,24,-13,27.294688127912362,3.320521670062331,0.006444025996094383,196,335,247,210,302,106
1776766659.6946797,20.0,24,-13,27.294688127912362,3.320521670062331,0.006444025996094383,196,335,247,210,302,106
1776766659.751854,20.0,24,-13,27.294688127912362,3.320521670062331,0.006444025996094383,196,335,247,210,302,106
1776766659.8049216,20.0,24,-13,27.294688127912362,3.320521670062331,0.006444025996094383,196,335,247,210,302,106
1776766659.8623254,20.0,24,-13,27.294688127912362,3.320521670062331,0.006444025996094383,196,335,247,210,302,106
1776766659.920091,20.0,24,-13,27.294688127912362,3.320521670062331,0.006444025996094383,196,335,247,210,302,106
1776766659.9767885,20.0,24,-13,27.294688127912362,3.320521670062331,0.006444025996094383,196,335,247,210,302,106
1776766660.091521,20.0,24,-13,27.294688127912362,3.320521670062331,0.006444025996094383,196,335,247,210,302,106
1776766660.146137,20.0,24,-13,27.294688127912362,3.320521670062331,0.006444025996094383,196,335,247,210,302,106
1776766660.2030642,20.0,24,-13,27.294688127912362,3.320521670062331,0.006444025996094383,196,335,247,210,302,106
1776766660.2603812,20.0,25,-13,28.178005607210743,3.4279812174222313,0.006917470254000904,196,335,247,210,303,106
1776766660.317766,20.0,25,-13,28.178005607210743,3.4279812174222313,0.006917470254000904,196,335,247,210,303,106
1776766660.3744128,20.0,25,-13,28.178005607210743,3.4279812174222313,0.006917470254000904,196,335,247,210,303,106
1776766660.4320426,20.0,25,-13,28.178005607210743,3.4279812174222313,0.006917470254000904,196,335,247,210,303,106
1776766660.4848778,20.0,25,-13,28.178005607210743,3.4279812174222313,0.006917470254000904,196,335,247,210,303,106
1776766660.5426195,20.0,25,-13,28.178005607210743,3.4279812174222313,0.006917470254000904,196,335,247,210,303,106
1776766660.5997517,20.0,25,-13,28.178005607210743,3.4279812174222313,0.006917470254000904,196,335,247,210,303,106
1776766660.6575265,20.0,25,-13,28.178005607210743,3.4279812174222313,0.006917470254000904,196,335,247,210,303,106
1776766660.7145195,20.0,25,-13,28.178005607210743,3.4279812174222313,0.006917470254000904,196,335,247,210,303,106
1776766660.7714107,20.0,25,-13,28.178005607210743,3.4279812174222313,0.007374384529606263,197,335,247,210,303,106
1776766660.8253176,20.0,25,-13,28.178005607210743,3.4279812174222313,0.007374384529606263,197,335,247,210,303,106
1776766660.8831272,20.0,25,-13,28.178005607210743,3.4279812174222313,0.007374384529606263,197,335,247,210,303,106
1776766660.939796,20.0,25,-13,28.178005607210743,3.4279812174222313,0.007374384529606263,197,335,247,210,303,106
1776766660.9973745,20.0,25,-13,28.178005607210743,3.4279812174222313,0.007374384529606263,197,335,247,210,303,106
1776766661.0544736,20.0,25,-13,28.178005607210743,3.4279812174222313,0.007374384529606263,197,335,247,210,303,106
1776766661.1073585,20.0,25,-13,28.178005607210743,3.4279812174222313,0.007374384529606263,197,335,247,210,303,106
1776766661.1655836,20.0,25,-13,28.178005607210743,3.4279812174222313,0.007374384529606263,197,335,247,210,303,106
1776766661.2224472,20.0,25,-13,28.178005607210743,3.4279812174222313,0.007374384529606263,197,335,247,210,303,106
1776766661.2800703,20.0,25,-13,28.178005607210743,3.4279812174222313,0.007374384529606263,197,335,247,210,303,106
1776766661.3370674,20.0,25,-13,28.178005607210743,3.4279812174222313,0.007374384529606263,197,335,247,210,303,106
1776766661.3944135,20.0,25,-13,28.178005607210743,3.4279812174222313,0.00781331887767676,197,335,247,209,303,106
1776766661.4475176,20.0,25,-13,28.178005607210743,3.4279812174222313,0.00781331887767676,197,335,247,209,303,106
1776766661.5047538,20.0,25,-13,28.178005607210743,3.4279812174222313,0.00781331887767676,197,335,247,209,303,106
1776766661.5625043,20.0,25,-13,28.178005607210743,3.4279812174222313,0.00781331887767676,197,335,247,209,303,106
