time,pressure_kPa,dx_px,dy_px,tip_disp_px,tip_disp_mm,curvature_1_per_mm,base_x,base_y,mid_x,mid_y,tip_x,tip_y
1776767285.991352,0.0,0,0,0.0,0.0,0.037031595269310595,188,364,199,311,234,246
1776767286.0448833,0.0,0,0,0.0,0.0,0.037031595269310595,188,364,199,311,234,246
1776767286.1024969,0.0,0,0,0.0,0.0,0.037031595269310595,188,364,199,311,234,246
1776767286.1594374,0.0,0,0,0.0,0.0,0.037031595269310595,188,364,199,311,234,246
1776767286.217056,0.0,0,0,0.0,0.0,0.037031595269310595,188,364,199,311,234,246
1776767286.2741516,0.0,0,0,0.0,0.0,0.037031595269310595,188,364,199,311,234,246
1776767286.3277345,0.0,0,0,0.0,0.0,0.037031595269310595,188,364,199,311,234,246
1776767286.3851986,0.0,0,0,0.0,0.0,0.037031595269310595,188,364,199,311,234,246
1776767286.4425814,0.0,0,0,0.0,0.0,0.037031595269310595,188,364,199,311,234,246
1776767286.4998431,0.0,0,0,0.0,0.0,0.037031595269310595,188,364,199,311,234,246
1776767286.5571277,0.0,0,0,0.0,0.0,0.037031595269310595,188,364,199,311,234,246
1776767286.6139948,0.0,0,0,0.0,0.0,0.037031595269310595,188,364,199,311,234,246
1776767286.6679888,0.0,0,0,0.0,0.0,0.037031595269310595,188,364,199,311,234,246
1776767286.7256472,0.0,0,0,0.0,0.0,0.037031595269310595,188,364,199,311,234,246
1776767286.7820992,0.0,0,0,0.0,0.0,0.037031595269310595,188,364,199,311,234,246
1776767286.8402221,0.0,0,0,0.0,0.0,0.037031595269310595,188,364,199,311,234,246
1776767286.8965483,0.0,0,0,0.0,0.0,0.037031595269310595,188,364,199,311,234,246
1776767286.9501235,0.0,0,0,0.0,0.0,0.037031595269310595,188,364,199,311,234,246
1776767287.0073717,0.0,0,0,0.0,0.0,0.037031595269310595,188,364,199,311,234,246
1776767287.0650272,0.0,0,0,0.0,0.0,0.037031595269310595,188,364,199,311,234,246
1776767287.122435,0.0,0,0,0.0,0.0,0.037031595269310595,188,364,199,311,234,246
1776767287.1793094,0.0,0,0,0.0,0.0,0.037031595269310595,188,364,199,311,234,246
1776767287.2365592,0.0,0,0,0.0,0.0,0.037031595269310595,188,364,199,311,234,246
1776767287.2904499,0.0,0,0,0.0,0.0,0.037031595269310595,188,364,199,311,234,246
1776767287.3475578,0.0,0,0,0.0,0.0,0.037031595269310595,188,364,199,311,234,246
1776767287.4050572,0.0,0,0,0.0,0.0,0.037031595269310595,188,364,199,311,234,246
1776767287.4622602,0.0,0,0,0.0,0.0,0.037031595269310595,188,364,199,311,234,246
1776767287.5193586,0.0,0,0,0.0,0.0,0.037031595269310595,188,364,199,311,234,246
1776767287.5728261,0.0,0,0,0.0,0.0,0.037031595269310595,188,364,199,311,234,246
1776767287.630995,0.0,0,0,0.0,0.0,0.037031595269310595,188,364,199,311,234,246
1776767287.6875625,0.0,0,0,0.0,0.0,0.037031595269310595,188,364,199,311,234,246
1776767287.7447588,0.0,0,0,0.0,0.0,0.03597648687355033,188,364,199,311,234,245
1776767287.8025296,0.0,0,0,0.0,0.0,0.03597648687355033,188,364,199,311,234,245
1776767287.8594322,0.0,0,0,0.0,0.0,0.03597648687355033,188,364,199,311,234,245
1776767287.9126818,0.0,0,0,0.0,0.0,0.03597648687355033,188,364,199,311,234,245
1776767287.9703555,0.0,0,0,0.0,0.0,0.03597648687355033,188,364,199,311,234,245
1776767288.027592,0.0,0,0,0.0,0.0,0.03597648687355033,188,364,199,311,234,245
1776767288.0849524,0.0,0,0,0.0,0.0,0.03597648687355033,188,364,199,311,234,245
1776767288.1419766,0.0,0,0,0.0,0.0,0.03597648687355033,188,364,199,311,234,245
1776767288.195316,0.0,0,0,0.0,0.0,0.03597648687355033,188,364,199,311,234,245
1776767288.2525032,0.0,0,0,0.0,0.0,0.03597648687355033,188,364,199,311,234,245
1776767288.3101451,0.0,0,0,0.0,0.0,0.03597648687355033,188,364,199,311,234,245
1776767288.367011,0.0,0,0,0.0,0.0,0.03597648687355033,188,364,199,311,234,245
1776767288.4248474,0.0,0,0,0.0,0.0,0.03597648687355033,188,364,199,311,234,245
1776767288.482283,0.0,0,0,0.0,0.0,0.03597648687355033,188,364,199,311,234,245
1776767288.5355868,0.0,0,0,0.0,0.0,0.03597648687355033,188,364,199,311,234,245
1776767288.5926888,0.0,0,0,0.0,0.0,0.03597648687355033,188,364,199,311,234,245
1776767288.6502223,0.0,0,0,0.0,0.0,0.03597648687355033,188,364,199,311,234,245
1776767288.708638,0.0,0,0,0.0,0.0,0.03597648687355033,188,364,199,311,234,245
1776767288.7647908,0.0,0,0,0.0,0.0,0.037216184919502876,188,364,199,310,234,245
1776767288.8181865,0.0,0,0,0.0,0.0,0.037216184919502876,188,364,199,310,234,245
1776767288.8750417,0.0,0,0,0.0,0.0,0.037216184919502876,188,364,199,310,234,245
1776767288.9325054,0.0,0,0,0.0,0.0,0.037216184919502876,188,364,199,310,234,245
1776767288.9901931,0.0,0,0,0.0,0.0,0.037216184919502876,188,364,199,310,234,245
1776767289.0474336,0.0,0,0,0.0,0.0,0.03856542190120018,188,364,199,310,235,245
1776767289.1043801,0.0,0,0,0.0,0.0,0.03856542190120018,188,364,199,310,235,245
1776767289.1582806,0.0,0,0,0.0,0.0,0.03856542190120018,188,364,199,310,235,245
1776767289.2151194,0.0,0,0,0.0,0.0,0.03856542190120018,188,364,199,310,235,245
1776767289.272913,0.0,0,0,0.0,0.0,0.03856542190120018,188,364,199,310,235,245
1776767289.3302069,0.0,0,0,0.0,0.0,0.03856542190120018,188,364,199,310,235,245
1776767289.387373,0.0,0,0,0.0,0.0,0.03856542190120018,188,364,199,310,235,245
1776767289.4403121,0.0,0,0,0.0,0.0,0.03856542190120018,188,364,199,310,235,245
1776767289.4983034,0.0,0,0,0.0,0.0,0.03856542190120018,188,364,199,310,235,245
1776767289.5555644,0.0,0,0,0.0,0.0,0.03856542190120018,188,364,199,310,235,245
1776767289.6127865,0.0,0,0,0.0,0.0,0.03856542190120018,188,364,199,310,235,245
1776767289.6700354,0.0,0,0,0.0,0.0,0.03856542190120018,188,364,199,310,235,245
1776767289.7274272,0.0,0,0,0.0,0.0,0.03856542190120018,188,364,199,310,235,245
1776767289.780715,0.0,0,0,0.0,0.0,0.03856542190120018,188,364,199,310,235,245
1776767289.8382838,0.0,0,0,0.0,0.0,0.03856542190120018,188,364,199,310,235,245
1776767289.8954315,0.0,0,0,0.0,0.0,0.03856542190120018,188,364,199,310,235,245
1776767289.9525719,0.0,0,0,0.0,0.0,0.03856542190120018,188,364,199,310,235,245
1776767290.0098681,0.0,0,0,0.0,0.0,0.03856542190120018,188,364,199,310,235,245
1776767290.0630608,0.0,0,0,0.0,0.0,0.03856542190120018,188,364,199,310,235,245
1776767290.1207983,0.0,0,0,0.0,0.0,0.03856542190120018,188,364,199,310,235,245
1776767290.1778271,0.0,0,0,0.0,0.0,0.03856542190120018,188,364,199,310,235,245
1776767290.2357738,0.0,0,0,0.0,0.0,0.03856542190120018,188,364,199,310,235,245
1776767290.2940865,0.0,0,0,0.0,0.0,0.03856542190120018,188,364,199,310,235,245
1776767290.3498592,0.0,0,0,0.0,0.0,0.03856542190120018,188,364,199,310,235,245
1776767290.4033155,0.0,0,0,0.0,0.0,0.03856542190120018,188,364,199,310,235,245
1776767290.4601362,0.0,0,0,0.0,0.0,0.03856542190120018,188,364,199,310,235,245
1776767290.5174456,0.0,0,0,0.0,0.0,0.03856542190120018,188,364,199,310,235,245
1776767290.5747979,0.0,0,0,0.0,0.0,0.03856542190120018,188,364,199,310,235,245
1776767290.6323583,0.0,0,0,0.0,0.0,0.03856542190120018,188,364,199,310,235,245
1776767290.68589,0.0,0,0,0.0,0.0,0.03856542190120018,188,364,199,310,235,245
1776767290.7430966,0.0,0,0,0.0,0.0,0.03856542190120018,188,364,199,310,235,245
1776767290.8003073,0.0,0,0,0.0,0.0,0.03856542190120018,188,364,199,310,235,245
1776767290.8580072,0.0,0,0,0.0,0.0,0.03856542190120018,188,364,199,310,235,245
1776767290.9148538,0.0,0,0,0.0,0.0,0.03856542190120018,188,364,199,310,235,245
1776767290.9726698,0.0,0,0,0.0,0.0,0.03856542190120018,188,364,199,310,235,245
1776767291.026148,0.0,0,0,0.0,0.0,0.03856542190120018,188,364,199,310,235,245
1776767291.0833826,0.0,0,0,0.0,0.0,0.03856542190120018,188,364,199,310,235,245
1776767291.1406453,0.0,0,0,0.0,0.0,0.03856542190120018,188,364,199,310,235,245
1776767291.1978507,0.0,0,0,0.0,0.0,0.03856542190120018,188,364,199,310,235,245
1776767291.2550652,0.0,0,0,0.0,0.0,0.03856542190120018,188,364,199,310,235,245
1776767291.3086247,0.0,0,0,0.0,0.0,0.03856542190120018,188,364,199,310,235,245
1776767291.3656123,0.0,0,0,0.0,0.0,0.03856542190120018,188,364,199,310,235,245
1776767291.4226017,0.0,0,0,0.0,0.0,0.03856542190120018,188,364,199,310,235,245
1776767291.4803634,0.0,0,0,0.0,0.0,0.03856542190120018,188,364,199,310,235,245
1776767291.5376313,0.0,0,0,0.0,0.0,0.03856542190120018,188,364,199,310,235,245
1776767291.595039,0.0,0,0,0.0,0.0,0.03856542190120018,188,364,199,310,235,245
1776767291.6483634,0.0,0,0,0.0,0.0,0.03856542190120018,188,364,199,310,235,245
1776767291.7061567,0.0,0,0,0.0,0.0,0.03856542190120018,188,364,199,310,235,245
1776767291.7635245,0.0,0,0,0.0,0.0,0.03856542190120018,188,364,199,310,235,245
1776767291.8205993,0.0,0,0,0.0,0.0,0.03856542190120018,188,364,199,310,235,245
1776767291.87737,0.0,0,0,0.0,0.0,0.03856542190120018,188,364,199,310,235,245
1776767291.9305544,0.0,0,0,0.0,0.0,0.03856542190120018,188,364,199,310,235,245
1776767291.9892056,0.0,0,0,0.0,0.0,0.03856542190120018,188,364,199,310,235,245
1776767292.045725,0.0,0,0,0.0,0.0,0.03856542190120018,188,364,199,310,235,245
1776767292.1029973,0.0,0,0,0.0,0.0,0.03856542190120018,188,364,199,310,235,245
1776767292.1601462,0.0,0,0,0.0,0.0,0.03856542190120018,188,364,199,310,235,245
1776767292.2176955,0.0,0,0,0.0,0.0,0.03856542190120018,188,364,199,310,235,245
1776767292.2716663,0.0,0,0,0.0,0.0,0.03856542190120018,188,364,199,310,235,245
1776767292.3282158,0.0,0,0,0.0,0.0,0.03856542190120018,188,364,199,310,235,245
1776767292.385576,0.0,0,-2,2.0,0.24330900243309,0.03750195310444975,188,364,199,310,235,244
1776767292.4430273,0.0,0,-2,2.0,0.24330900243309,0.03750195310444975,188,364,199,310,235,244
1776767292.500979,0.0,0,-2,2.0,0.24330900243309,0.03750195310444975,188,364,199,310,235,244
1776767292.5535429,0.0,0,-2,2.0,0.24330900243309,0.03750195310444975,188,364,199,310,235,244
1776767292.6110234,0.0,0,-2,2.0,0.24330900243309,0.03750195310444975,188,364,199,310,235,244
1776767292.667824,0.0,0,-2,2.0,0.24330900243309,0.03750195310444975,188,364,199,310,235,244
1776767292.7250426,0.0,0,-2,2.0,0.24330900243309,0.03750195310444975,188,364,199,310,235,244
1776767292.7824435,0.0,0,-2,2.0,0.24330900243309,0.03750195310444975,188,364,199,310,235,244
1776767292.8400314,0.0,0,-2,2.0,0.24330900243309,0.03750195310444975,188,364,199,310,235,244
1776767292.8935213,0.0,0,-2,2.0,0.24330900243309,0.03750195310444975,188,364,199,310,235,244
1776767292.9507847,0.0,0,-2,2.0,0.24330900243309,0.03750195310444975,188,364,199,310,235,244
1776767293.0076823,0.0,0,-2,2.0,0.24330900243309,0.03750195310444975,188,364,199,310,235,244
1776767293.0649266,0.0,0,-2,2.0,0.24330900243309,0.03750195310444975,188,364,199,310,235,244
1776767293.1224587,0.0,0,-2,2.0,0.24330900243309,0.03750195310444975,188,364,199,310,235,244
1776767293.1763086,0.0,0,-2,2.0,0.24330900243309,0.03750195310444975,188,364,199,310,235,244
1776767293.2336178,0.0,0,-2,2.0,0.24330900243309,0.03750195310444975,188,364,199,310,235,244
1776767293.2908561,0.0,0,-2,2.0,0.24330900243309,0.03750195310444975,188,364,199,310,235,244
1776767293.3482382,0.0,0,-2,2.0,0.24330900243309,0.03750195310444975,188,364,199,310,235,244
1776767293.4057386,0.0,0,-2,2.0,0.24330900243309,0.03750195310444975,188,364,199,310,235,244
1776767293.4626768,0.0,0,-2,2.0,0.24330900243309,0.03750195310444975,188,364,199,310,235,244
1776767293.5161278,0.0,0,-2,2.0,0.24330900243309,0.03750195310444975,188,364,199,310,235,244
1776767293.5730395,0.0,0,-2,2.0,0.24330900243309,0.03750195310444975,188,364,199,310,235,244
1776767293.6311214,0.0,0,-2,2.0,0.24330900243309,0.03750195310444975,188,364,199,310,235,244
1776767293.6880467,0.0,0,-2,2.0,0.24330900243309,0.03750195310444975,188,364,199,310,235,244
1776767293.7452946,0.0,0,-2,2.0,0.24330900243309,0.03750195310444975,188,364,199,310,235,244
1776767293.7988532,0.0,0,-2,2.0,0.24330900243309,0.03750195310444975,188,364,199,310,235,244
1776767293.8558822,0.0,0,-2,2.0,0.24330900243309,0.03750195310444975,188,364,199,310,235,244
1776767293.9139547,0.0,0,-2,2.0,0.24330900243309,0.03750195310444975,188,364,199,310,235,244
1776767293.9707682,0.0,0,-2,2.0,0.24330900243309,0.03750195310444975,188,364,199,310,235,244
1776767294.0279834,0.0,0,-2,2.0,0.24330900243309,0.03750195310444975,188,364,199,310,235,244
1776767294.0850365,0.0,0,-2,2.0,0.24330900243309,0.03750195310444975,188,364,199,310,235,244
1776767294.1387105,0.0,0,-2,2.0,0.24330900243309,0.03750195310444975,188,364,199,310,235,244
1776767294.1960082,0.0,0,-2,2.0,0.24330900243309,0.03750195310444975,188,364,199,310,235,244
1776767294.253404,0.0,0,-2,2.0,0.24330900243309,0.03750195310444975,188,364,199,310,235,244
1776767294.3105466,0.0,0,-2,2.0,0.24330900243309,0.03750195310444975,188,364,199,310,235,244
1776767294.367713,0.0,0,-2,2.0,0.24330900243309,0.03750195310444975,188,364,199,310,235,244
1776767294.4207757,0.0,0,-2,2.0,0.24330900243309,0.03750195310444975,188,364,199,310,235,244
1776767294.4786527,0.0,0,-2,2.0,0.24330900243309,0.03750195310444975,188,364,199,310,235,244
1776767294.5359342,0.0,0,-2,2.0,0.24330900243309,0.03750195310444975,188,364,199,310,235,244
1776767294.5927196,0.0,0,-2,2.0,0.24330900243309,0.03750195310444975,188,364,199,310,235,244
1776767294.6501598,0.0,0,-2,2.0,0.24330900243309,0.03750195310444975,188,364,199,310,235,244
1776767294.7078288,0.0,0,-2,2.0,0.24330900243309,0.03750195310444975,188,364,199,310,235,244
1776767294.7613947,0.0,0,-2,2.0,0.24330900243309,0.03750195310444975,188,364,199,310,235,244
1776767294.8186111,0.0,0,-2,2.0,0.24330900243309,0.03750195310444975,188,364,199,310,235,244
1776767294.8760133,0.0,0,-2,2.0,0.24330900243309,0.03750195310444975,188,364,199,310,235,244
1776767294.933623,0.0,0,-2,2.0,0.24330900243309,0.03750195310444975,188,364,199,310,235,244
1776767294.9900978,0.0,0,-2,2.0,0.24330900243309,0.03750195310444975,188,364,199,310,235,244
1776767295.0438807,0.0,0,-2,2.0,0.24330900243309,0.03750195310444975,188,364,199,310,235,244
1776767295.1011996,0.0,0,-2,2.0,0.24330900243309,0.03750195310444975,188,364,199,310,235,244
1776767295.1584659,0.0,0,-2,2.0,0.24330900243309,0.03750195310444975,188,364,199,310,235,244
1776767295.2153187,0.0,0,-2,2.0,0.24330900243309,0.03750195310444975,188,364,199,310,235,244
1776767295.272831,0.0,0,-2,2.0,0.24330900243309,0.03750195310444975,188,364,199,310,235,244
1776767295.330657,0.0,0,-2,2.0,0.24330900243309,0.03750195310444975,188,364,199,310,235,244
1776767295.383867,0.0,0,-3,3.0,0.36496350364963503,0.03646994035920251,188,364,199,310,235,243
1776767295.4406188,0.0,0,-3,3.0,0.36496350364963503,0.03646994035920251,188,364,199,310,235,243
1776767295.4984114,0.0,0,-3,3.0,0.36496350364963503,0.03646994035920251,188,364,199,310,235,243
1776767295.5556138,0.0,0,-3,3.0,0.36496350364963503,0.03646994035920251,188,364,199,310,235,243
1776767295.612926,0.0,0,-3,3.0,0.36496350364963503,0.03646994035920251,188,364,199,310,235,243
1776767295.6664073,0.0,0,-3,3.0,0.36496350364963503,0.03646994035920251,188,364,199,310,235,243
1776767295.7238941,0.0,0,-3,3.0,0.36496350364963503,0.03646994035920251,188,364,199,310,235,243
1776767295.7811298,0.0,0,-3,3.0,0.36496350364963503,0.03646994035920251,188,364,199,310,235,243
1776767295.8389645,0.0,0,-3,3.0,0.36496350364963503,0.03646994035920251,188,364,199,310,235,243
1776767295.8957636,0.0,0,-3,3.0,0.36496350364963503,0.03646994035920251,188,364,199,310,235,243
1776767295.952789,0.0,0,-3,3.0,0.36496350364963503,0.03646994035920251,188,364,199,310,235,243
1776767296.006339,0.0,0,-3,3.0,0.36496350364963503,0.03646994035920251,188,364,199,310,235,243
1776767296.0634415,0.0,0,-3,3.0,0.36496350364963503,0.03646994035920251,188,364,199,310,235,243
1776767296.120821,0.0,0,-3,3.0,0.36496350364963503,0.03646994035920251,188,364,199,310,235,243
1776767296.1785934,0.0,0,-3,3.0,0.36496350364963503,0.03646994035920251,188,364,199,310,235,243
1776767296.2357175,0.0,0,-3,3.0,0.36496350364963503,0.03646994035920251,188,364,199,310,235,243
1776767296.289244,0.0,0,-3,3.0,0.36496350364963503,0.03646994035920251,188,364,199,310,235,243
1776767296.3465903,0.0,0,-3,3.0,0.36496350364963503,0.03646994035920251,188,364,199,310,235,243
1776767296.4039059,0.0,0,-3,3.0,0.36496350364963503,0.03646994035920251,188,364,199,310,235,243
1776767296.4610004,0.0,0,-3,3.0,0.36496350364963503,0.03646994035920251,188,364,199,310,235,243
1776767296.5181677,0.0,0,-3,3.0,0.36496350364963503,0.03646994035920251,188,364,199,310,235,243
1776767296.5751839,0.0,0,-3,3.0,0.36496350364963503,0.03646994035920251,188,364,199,310,235,243
1776767296.628814,0.0,0,-3,3.0,0.36496350364963503,0.03646994035920251,188,364,199,310,235,243
1776767296.6863499,0.0,0,-3,3.0,0.36496350364963503,0.03646994035920251,188,364,199,310,235,243
1776767296.7436655,0.0,0,-3,3.0,0.36496350364963503,0.03646994035920251,188,364,199,310,235,243
1776767296.8009093,0.0,0,-3,3.0,0.36496350364963503,0.03646994035920251,188,364,199,310,235,243
1776767296.858635,0.0,0,-3,3.0,0.36496350364963503,0.03646994035920251,188,364,199,310,235,243
1776767296.91111,0.0,0,-3,3.0,0.36496350364963503,0.03646994035920251,188,364,199,310,235,243
1776767296.9691317,0.0,0,-3,3.0,0.36496350364963503,0.03646994035920251,188,364,199,310,235,243
1776767297.0258985,0.0,0,-3,3.0,0.36496350364963503,0.03646994035920251,188,364,199,310,235,243
1776767297.0835822,0.0,0,-3,3.0,0.36496350364963503,0.03646994035920251,188,364,199,310,235,243
1776767297.1412492,0.0,0,-3,3.0,0.36496350364963503,0.03646994035920251,188,364,199,310,235,243
1776767297.1983297,0.0,0,-3,3.0,0.36496350364963503,0.03646994035920251,188,364,199,310,235,243
1776767297.2510116,0.0,0,-3,3.0,0.36496350364963503,0.03646994035920251,188,364,199,310,235,243
1776767297.3083384,0.0,0,-3,3.0,0.36496350364963503,0.03646994035920251,188,364,199,310,235,243
1776767297.3656824,0.0,0,-3,3.0,0.36496350364963503,0.03646994035920251,188,364,199,310,235,243
1776767297.4232368,0.0,0,-3,3.0,0.36496350364963503,0.03646994035920251,188,364,199,310,235,243
1776767297.4805343,0.0,0,-3,3.0,0.36496350364963503,0.03646994035920251,188,364,199,310,235,243
1776767297.5341508,0.0,0,-3,3.0,0.36496350364963503,0.03646994035920251,188,364,199,310,235,243
1776767297.5913134,0.0,0,-3,3.0,0.36496350364963503,0.03646994035920251,188,364,199,310,235,243
1776767297.6486418,0.0,0,-3,3.0,0.36496350364963503,0.03646994035920251,188,364,199,310,235,243
1776767297.7062087,0.0,0,-3,3.0,0.36496350364963503,0.03646994035920251,188,364,199,310,235,243
1776767297.7644026,0.0,0,-3,3.0,0.36496350364963503,0.03646994035920251,188,364,199,310,235,243
1776767297.8223178,0.0,0,-3,3.0,0.36496350364963503,0.03646994035920251,188,364,199,310,235,243
1776767297.8743958,0.0,0,-3,3.0,0.36496350364963503,0.03646994035920251,188,364,199,310,235,243
1776767297.9313824,0.0,0,-3,3.0,0.36496350364963503,0.03646994035920251,188,364,199,310,235,243
1776767297.9883413,0.0,0,-3,3.0,0.36496350364963503,0.03646994035920251,188,364,199,310,235,243
1776767298.0463538,0.0,0,-3,3.0,0.36496350364963503,0.03646994035920251,188,364,199,310,235,243
1776767298.1031454,0.0,0,-3,3.0,0.36496350364963503,0.03646994035920251,188,364,199,310,235,243
1776767298.156865,0.0,0,-3,3.0,0.36496350364963503,0.03646994035920251,188,364,199,310,235,243
1776767298.2138762,0.0,0,-3,3.0,0.36496350364963503,0.03646994035920251,188,364,199,310,235,243
1776767298.2712142,0.0,0,-3,3.0,0.36496350364963503,0.03646994035920251,188,364,199,310,235,243
1776767298.3284883,0.0,0,-3,3.0,0.36496350364963503,0.03646994035920251,188,364,199,310,235,243
1776767298.385934,0.0,0,-3,3.0,0.36496350364963503,0.03646994035920251,188,364,199,310,235,243
1776767298.4433663,0.0,0,-3,3.0,0.36496350364963503,0.03646994035920251,188,364,199,310,235,243
1776767298.49683,0.0,0,-3,3.0,0.36496350364963503,0.03646994035920251,188,364,199,310,235,243
1776767298.55403,0.0,0,-3,3.0,0.36496350364963503,0.03646994035920251,188,364,199,310,235,243
1776767298.6123168,0.0,0,-3,3.0,0.36496350364963503,0.03646994035920251,188,364,199,310,235,243
1776767298.668673,0.0,0,-3,3.0,0.36496350364963503,0.03646994035920251,188,364,199,310,235,243
1776767298.7258158,0.0,0,-3,3.0,0.36496350364963503,0.03646994035920251,188,364,199,310,235,243
1776767298.7794278,0.0,0,-3,3.0,0.36496350364963503,0.03646994035920251,188,364,199,310,235,243
1776767298.836141,0.0,0,-3,3.0,0.36496350364963503,0.03646994035920251,188,364,199,310,235,243
1776767298.893827,0.0,0,-3,3.0,0.36496350364963503,0.03646994035920251,188,364,199,310,235,243
1776767298.9511704,0.0,0,-3,3.0,0.36496350364963503,0.03646994035920251,188,364,199,310,235,243
1776767299.0080986,0.0,0,-3,3.0,0.36496350364963503,0.03646994035920251,188,364,199,310,235,243
1776767299.065873,0.0,0,-3,3.0,0.36496350364963503,0.03646994035920251,188,364,199,310,235,243
1776767299.1197789,0.0,0,-3,3.0,0.36496350364963503,0.03646994035920251,188,364,199,310,235,243
1776767299.179677,0.0,0,-3,3.0,0.36496350364963503,0.03646994035920251,188,364,199,310,235,243
1776767299.2337718,0.0,0,-3,3.0,0.36496350364963503,0.03646994035920251,188,364,199,310,235,243
1776767299.2911732,0.0,0,-3,3.0,0.36496350364963503,0.03646994035920251,188,364,199,310,235,243
1776767299.3482957,0.0,0,-3,3.0,0.36496350364963503,0.03646994035920251,188,364,199,310,235,243
1776767299.4015803,0.0,0,-3,3.0,0.36496350364963503,0.03646994035920251,188,364,199,310,235,243
1776767299.4590158,0.0,0,-3,3.0,0.36496350364963503,0.03646994035920251,188,364,199,310,235,243
1776767299.516033,0.0,0,-3,3.0,0.36496350364963503,0.03646994035920251,188,364,199,310,235,243
1776767299.5733912,0.0,0,-3,3.0,0.36496350364963503,0.03646994035920251,188,364,199,310,235,243
1776767299.630847,0.0,0,-3,3.0,0.36496350364963503,0.03646994035920251,188,364,199,310,235,243
1776767299.6882634,0.0,0,-3,3.0,0.36496350364963503,0.03646994035920251,188,364,199,310,235,243
1776767299.7419658,0.0,0,-3,3.0,0.36496350364963503,0.03646994035920251,188,364,199,310,235,243
1776767299.799152,0.0,0,-3,3.0,0.36496350364963503,0.03646994035920251,188,364,199,310,235,243
1776767299.8560917,0.0,0,-3,3.0,0.36496350364963503,0.03646994035920251,188,364,199,310,235,243
1776767299.9142802,0.0,0,-3,3.0,0.36496350364963503,0.03646994035920251,188,364,199,310,235,243
1776767299.9709911,0.0,0,-3,3.0,0.36496350364963503,0.03646994035920251,188,364,199,310,235,243
1776767300.0244577,0.0,0,-3,3.0,0.36496350364963503,0.03646994035920251,188,364,199,310,235,243
1776767300.0817065,0.0,0,-3,3.0,0.36496350364963503,0.03646994035920251,188,364,199,310,235,243
1776767300.1390874,0.0,0,-3,3.0,0.36496350364963503,0.03646994035920251,188,364,199,310,235,243
1776767300.1964755,0.0,0,-3,3.0,0.36496350364963503,0.03646994035920251,188,364,199,310,235,243
1776767300.2533574,0.0,0,-3,3.0,0.36496350364963503,0.03646994035920251,188,364,199,310,235,243
1776767300.3110282,0.0,0,-3,3.0,0.36496350364963503,0.03646994035920251,188,364,199,310,235,243
1776767300.3644133,0.0,0,-3,3.0,0.36496350364963503,0.03646994035920251,188,364,199,310,235,243
1776767300.4214892,0.0,0,-3,3.0,0.36496350364963503,0.03646994035920251,188,364,199,310,235,243
1776767300.4789681,0.0,0,-3,3.0,0.36496350364963503,0.03646994035920251,188,364,199,310,235,243
1776767300.536439,0.0,0,-3,3.0,0.36496350364963503,0.03646994035920251,188,364,199,310,235,243
1776767300.593614,0.0,0,-3,3.0,0.36496350364963503,0.03646994035920251,188,364,199,310,235,243
1776767300.646565,0.0,0,-3,3.0,0.36496350364963503,0.03646994035920251,188,364,199,310,235,243
1776767300.704133,0.0,0,-3,3.0,0.36496350364963503,0.03646994035920251,188,364,199,310,235,243
1776767300.7617226,0.0,0,-3,3.0,0.36496350364963503,0.03646994035920251,188,364,199,310,235,243
1776767300.8192754,0.0,0,-3,3.0,0.36496350364963503,0.03646994035920251,188,364,199,310,235,243
1776767300.876619,0.0,0,-3,3.0,0.36496350364963503,0.03646994035920251,188,364,199,310,235,243
1776767300.9333673,0.0,0,-3,3.0,0.36496350364963503,0.03646994035920251,188,364,199,310,235,243
1776767300.9864907,0.0,0,-3,3.0,0.36496350364963503,0.03646994035920251,188,364,199,310,235,243
1776767301.0443785,0.0,0,-3,3.0,0.36496350364963503,0.03646994035920251,188,364,199,310,235,243
1776767301.1021373,0.0,0,-3,3.0,0.36496350364963503,0.03646994035920251,188,364,199,310,235,243
1776767301.1584635,0.0,0,-3,3.0,0.36496350364963503,0.03646994035920251,188,364,199,310,235,243
1776767301.2158434,0.0,0,-3,3.0,0.36496350364963503,0.03646994035920251,188,364,199,310,235,243
1776767301.269372,0.0,0,-3,3.0,0.36496350364963503,0.03646994035920251,188,364,199,310,235,243
1776767301.3269267,0.0,0,-3,3.0,0.36496350364963503,0.03646994035920251,188,364,199,310,235,243
1776767301.384202,0.0,0,-3,3.0,0.36496350364963503,0.03646994035920251,188,364,199,310,235,243
1776767301.440975,0.0,0,-3,3.0,0.36496350364963503,0.03646994035920251,188,364,199,310,235,243
1776767301.4987688,0.0,0,-3,3.0,0.36496350364963503,0.03646994035920251,188,364,199,310,235,243
1776767301.5560877,0.0,0,-3,3.0,0.36496350364963503,0.03646994035920251,188,364,199,310,235,243
1776767301.6094692,0.0,0,-3,3.0,0.36496350364963503,0.03646994035920251,188,364,199,310,235,243
1776767301.666966,0.0,0,-3,3.0,0.36496350364963503,0.03646994035920251,188,364,199,310,235,243
1776767301.72364,0.0,0,-3,3.0,0.36496350364963503,0.03646994035920251,188,364,199,310,235,243
1776767301.7816334,0.0,0,-3,3.0,0.36496350364963503,0.03646994035920251,188,364,199,310,235,243
1776767301.8385267,0.0,0,-3,3.0,0.36496350364963503,0.03646994035920251,188,364,199,310,235,243
1776767301.8927782,0.0,0,-3,3.0,0.36496350364963503,0.03646994035920251,188,364,199,310,235,243
1776767301.9498513,0.0,0,-3,3.0,0.36496350364963503,0.03646994035920251,188,364,199,310,235,243
1776767302.0069447,0.0,0,-3,3.0,0.36496350364963503,0.03646994035920251,188,364,199,310,235,243
1776767302.0635452,0.0,0,-3,3.0,0.36496350364963503,0.03646994035920251,188,364,199,310,235,243
1776767302.121614,0.0,0,-3,3.0,0.36496350364963503,0.03646994035920251,188,364,199,310,235,243
1776767302.1792462,0.0,0,-3,3.0,0.36496350364963503,0.03646994035920251,188,364,199,310,235,243
1776767302.232567,0.0,0,-3,3.0,0.36496350364963503,0.03646994035920251,188,364,199,310,235,243
1776767302.2889214,0.0,0,-3,3.0,0.36496350364963503,0.03646994035920251,188,364,199,310,235,243
1776767302.3462143,0.0,0,-3,3.0,0.36496350364963503,0.03646994035920251,188,364,199,310,235,243
1776767302.4036486,0.0,2,-3,3.605551275463989,0.43863154202724924,0.03775713507097405,188,364,199,310,236,243
1776767302.4607959,0.0,2,-3,3.605551275463989,0.43863154202724924,0.03775713507097405,188,364,199,310,236,243
1776767302.514516,0.0,2,-3,3.605551275463989,0.43863154202724924,0.03775713507097405,188,364,199,310,236,243
1776767302.571452,0.0,2,-3,3.605551275463989,0.43863154202724924,0.03775713507097405,188,364,199,310,236,243
1776767302.6288815,0.0,2,-3,3.605551275463989,0.43863154202724924,0.03775713507097405,188,364,199,310,236,243
1776767302.6865022,0.0,2,-3,3.605551275463989,0.43863154202724924,0.03775713507097405,188,364,199,310,236,243
1776767302.7434871,0.0,2,-3,3.605551275463989,0.43863154202724924,0.03775713507097405,188,364,199,310,236,243
1776767302.801285,0.0,2,-4,4.47213595499958,0.544055468978051,0.037914889128016306,188,364,199,309,236,242
1776767302.8544867,0.0,2,-4,4.47213595499958,0.544055468978051,0.037914889128016306,188,364,199,309,236,242
1776767302.9124382,0.0,2,-4,4.47213595499958,0.544055468978051,0.037914889128016306,188,364,199,309,236,242
1776767302.9687612,0.0,2,-4,4.47213595499958,0.544055468978051,0.037914889128016306,188,364,199,309,236,242
1776767303.0262368,0.0,2,-4,4.47213595499958,0.544055468978051,0.037914889128016306,188,364,199,309,236,242
1776767303.0833647,0.0,2,-4,4.47213595499958,0.544055468978051,0.037914889128016306,188,364,199,309,236,242
1776767303.1368659,0.0,3,-4,5.0,0.608272506082725,0.03916051409594669,188,364,199,309,237,242
1776767303.1939964,0.0,3,-5,5.830951894845301,0.709361544385073,0.038138290793000316,188,364,199,309,237,241
1776767303.2516189,0.0,3,-5,5.830951894845301,0.709361544385073,0.038138290793000316,188,364,199,309,237,241
1776767303.308673,0.0,3,-5,5.830951894845301,0.709361544385073,0.038138290793000316,188,364,199,309,237,241
1776767303.3621998,0.0,3,-5,5.830951894845301,0.709361544385073,0.038138290793000316,188,364,199,309,237,241
1776767303.419314,0.0,3,-6,6.708203932499369,0.8160832034670765,0.037145001515950814,188,364,199,309,237,240
1776767303.4766543,0.0,3,-6,6.708203932499369,0.8160832034670765,0.0382754229175092,188,364,199,308,237,240
1776767303.5338578,0.32899999999999996,4,-6,7.211102550927978,0.8772630840544985,0.03946855778776291,188,364,199,308,238,240
1776767303.5873961,1.6247,4,-6,7.211102550927978,0.8772630840544985,0.03946855778776291,188,364,199,308,238,240
1776767303.6449966,3.3784099999999997,4,-7,8.06225774829855,0.9808099450484852,0.035188304634372926,188,364,200,308,238,239
1776767303.7019763,5.395523,4,-7,8.06225774829855,0.9808099450484852,0.035188304634372926,188,364,200,308,238,239
1776767303.7595403,7.495523,5,-8,9.433981132056603,1.1476862691066427,0.03541988083226282,188,364,200,308,239,238
1776767303.816619,9.595523,5,-8,9.433981132056603,1.1476862691066427,0.03541988083226282,188,364,200,308,239,238
1776767303.8738759,11.502656899999998,5,-8,9.433981132056603,1.1476862691066427,0.03541988083226282,188,364,200,308,239,238
1776767303.9312475,12.88679707,5,-9,10.295630140987,1.2525097495118005,0.034489120088309386,188,364,200,308,239,237
1776767303.984593,13.911039121,6,-9,10.816653826391969,1.315894626081748,0.03562688600291053,188,364,200,308,240,237
1776767304.0418532,14.6873117363,6,-9,10.816653826391969,1.315894626081748,0.036732961527694084,188,364,200,307,240,237
1776767304.099341,15.61319352089,6,-10,11.661903789690601,1.418723088770146,0.03579654714095015,188,364,200,307,240,236
1776767304.1565857,16.884958056267,7,-10,12.206555615733702,1.4849824350040999,0.0368990896204418,188,364,200,307,241,236
1776767304.2138383,18.680487416880098,7,-11,13.038404810405298,1.5861806338692577,0.0359776304544415,188,364,200,307,241,235
1776767304.268049,19.604146225064028,7,-11,13.038404810405298,1.5861806338692577,0.0359776304544415,188,364,200,307,241,235
1776767304.325775,19.88124386751921,7,-12,13.892443989449804,1.6900783442153045,0.03508074401449544,188,364,200,307,241,234
1776767304.3820705,19.96437316025576,8,-12,14.422205101855956,1.754526168108997,0.0361375477248592,188,364,200,307,242,234
1776767304.4398615,19.98931194807673,8,-13,15.264337522473747,1.856975367697536,0.03628542630226165,188,364,200,306,242,233
1776767304.4969666,19.996793584423017,8,-13,15.264337522473747,1.856975367697536,0.03628542630226165,188,364,200,306,242,233
1776767304.5498633,19.999038075326904,9,-13,15.811388300841896,1.923526557280036,0.03730986491925245,188,364,200,306,243,233
1776767304.607153,19.99971142259807,9,-14,16.64331697709324,2.0247344254371336,0.036423167398247275,188,364,200,306,243,232
1776767304.6644683,19.999913426779422,9,-14,16.64331697709324,2.0247344254371336,0.036423167398247275,188,364,200,306,243,232
1776767304.722527,19.999974028033826,9,-15,17.4928556845359,2.128084633155219,0.03555918554207249,188,364,200,306,243,231
1776767304.7791963,19.99999220841015,10,-15,18.027756377319946,2.1931577101362465,0.0365426417072329,188,364,200,306,244,231
1776767304.8366773,19.999997662523043,10,-15,18.027756377319946,2.1931577101362465,0.0365426417072329,188,364,200,306,244,231
1776767304.8905687,19.99999929875691,10,-16,18.867962264113206,2.2953725382132855,0.03284552144751682,188,364,201,306,244,230
1776767304.9475658,19.999999789627072,11,-16,19.4164878389476,2.362103143424282,0.03483610881019315,188,364,201,305,245,230
1776767305.0051837,19.999999936888123,11,-17,20.248456731316587,2.4633159040531125,0.034001763364008,188,364,201,305,245,229
1776767305.0617619,19.999999981066438,11,-17,20.248456731316587,2.4633159040531125,0.034001763364008,188,364,201,305,245,229
1776767305.1190364,19.999999994319932,11,-18,21.095023109728988,2.5663045145655703,0.033188452205403125,188,364,201,305,245,228
1776767305.1724489,19.99999999829598,12,-18,21.633307652783937,2.631789252163496,0.034132886299474634,188,364,201,305,246,228
1776767305.2298884,19.999999999488793,12,-19,22.47220505424423,2.7338448971100036,0.03349354503010193,188,365,201,305,246,227
1776767305.2875686,19.999999999846636,12,-19,22.47220505424423,2.7338448971100036,0.03349354503010193,188,365,201,305,246,227
1776767305.3449998,19.999999999953992,12,-20,23.323807579381203,2.837446177540292,0.03271655697847382,188,365,201,305,246,226
1776767305.4021747,19.999999999986198,13,-20,23.853720883753127,2.9019125162716697,0.03361829125697211,188,365,201,305,247,226
1776767305.4597228,19.999999999995858,13,-20,23.853720883753127,2.9019125162716697,0.03454392014277039,188,365,201,304,247,226
1776767305.5124981,19.999999999998757,13,-20,23.853720883753127,2.9019125162716697,0.03454392014277039,188,365,201,304,247,226
1776767305.569681,19.999999999999627,13,-21,24.698178070456937,3.0046445341188486,0.033763732361520596,188,365,201,304,247,225
1776767305.6269891,19.999999999999886,13,-21,24.698178070456937,3.0046445341188486,0.033763732361520596,188,365,201,304,247,225
1776767305.6842735,19.999999999999964,13,-21,24.698178070456937,3.0046445341188486,0.033763732361520596,188,365,201,304,247,225
1776767305.7961888,19.99999999999999,13,-21,24.698178070456937,3.0046445341188486,0.033763732361520596,188,365,201,304,247,225
1776767305.8523228,19.999999999999996,13,-21,24.698178070456937,3.0046445341188486,0.033763732361520596,188,365,201,304,247,225
1776767305.9100127,20.0,13,-21,24.698178070456937,3.0046445341188486,0.033763732361520596,188,365,201,304,247,225
1776767305.9672198,20.0,13,-21,24.698178070456937,3.0046445341188486,0.033763732361520596,188,365,201,304,247,225
1776767306.024812,20.0,13,-21,24.698178070456937,3.0046445341188486,0.033763732361520596,188,365,201,304,247,225
1776767306.0824864,20.0,13,-21,24.698178070456937,3.0046445341188486,0.033763732361520596,188,365,201,304,247,225
1776767306.1353347,20.0,13,-21,24.698178070456937,3.0046445341188486,0.033763732361520596,188,365,201,304,247,225
1776767306.1922739,20.0,13,-21,24.698178070456937,3.0046445341188486,0.033763732361520596,188,365,201,304,247,225
1776767306.2495425,20.0,13,-21,24.698178070456937,3.0046445341188486,0.033763732361520596,188,365,201,304,247,225
1776767306.3068237,20.0,13,-21,24.698178070456937,3.0046445341188486,0.033763732361520596,188,365,201,304,247,225
1776767306.3641741,20.0,13,-21,24.698178070456937,3.0046445341188486,0.033763732361520596,188,365,201,304,247,225
1776767306.4176657,20.0,13,-21,24.698178070456937,3.0046445341188486,0.033763732361520596,188,365,201,304,247,225
1776767306.4754257,20.0,13,-22,25.553864678361276,3.108742661601128,0.033002350744239135,188,365,201,304,247,224
1776767306.5322998,20.0,13,-22,25.553864678361276,3.108742661601128,0.033002350744239135,188,365,201,304,247,224
1776767306.5901854,20.0,13,-22,25.553864678361276,3.108742661601128,0.033002350744239135,188,365,201,304,247,224
1776767306.6472232,20.0,14,-22,26.076809620810597,3.1723612677385153,0.03387122561783845,188,365,201,304,248,224
1776767306.7003038,20.0,14,-22,26.076809620810597,3.1723612677385153,0.03387122561783845,188,365,201,304,248,224
1776767306.7578788,20.0,14,-22,26.076809620810597,3.1723612677385153,0.03387122561783845,188,365,201,304,248,224
1776767306.8148515,20.0,14,-22,26.076809620810597,3.1723612677385153,0.03387122561783845,188,365,201,304,248,224
1776767306.87277,20.0,14,-22,26.076809620810597,3.1723612677385153,0.03387122561783845,188,365,201,304,248,224
1776767306.9298422,20.0,14,-22,26.076809620810597,3.1723612677385153,0.03387122561783845,188,365,201,304,248,224
1776767306.9873598,20.0,14,-22,26.076809620810597,3.1723612677385153,0.03387122561783845,188,365,201,304,248,224
1776767307.040691,20.0,14,-22,26.076809620810597,3.1723612677385153,0.03387122561783845,188,365,201,304,248,224
1776767307.0979445,20.0,14,-22,26.076809620810597,3.1723612677385153,0.03387122561783845,188,365,201,304,248,224
1776767307.1559086,20.0,14,-22,26.076809620810597,3.1723612677385153,0.03387122561783845,188,365,201,304,248,224
1776767307.2126303,20.0,14,-22,26.076809620810597,3.1723612677385153,0.03387122561783845,188,365,201,304,248,224
1776767307.2696483,20.0,14,-22,26.076809620810597,3.1723612677385153,0.03387122561783845,188,365,201,304,248,224
1776767307.3232841,20.0,14,-22,26.076809620810597,3.1723612677385153,0.03387122561783845,188,365,201,304,248,224
1776767307.3805685,20.0,14,-23,26.92582403567252,3.275647692904199,0.033121098080041295,188,365,201,304,248,223
1776767307.437534,20.0,14,-23,26.92582403567252,3.275647692904199,0.033121098080041295,188,365,201,304,248,223
1776767307.4951513,20.0,14,-23,26.92582403567252,3.275647692904199,0.033121098080041295,188,365,201,304,248,223
1776767307.5520618,20.0,14,-23,26.92582403567252,3.275647692904199,0.033121098080041295,188,365,201,304,248,223
1776767307.6101441,20.0,14,-23,26.92582403567252,3.275647692904199,0.033121098080041295,188,365,201,304,248,223
1776767307.6630998,20.0,14,-23,26.92582403567252,3.275647692904199,0.033121098080041295,188,365,201,304,248,223
1776767307.7200809,20.0,15,-23,27.459060435491963,3.3405183011547397,0.03396458338443418,188,365,201,304,249,223
1776767307.7777884,20.0,15,-23,27.459060435491963,3.3405183011547397,0.03396458338443418,188,365,201,304,249,223
1776767307.8351624,20.0,15,-23,27.459060435491963,3.3405183011547397,0.03396458338443418,188,365,201,304,249,223
1776767307.8971522,20.0,15,-23,27.459060435491963,3.3405183011547397,0.03396458338443418,188,365,201,304,249,223
1776767307.9460611,20.0,15,-23,27.459060435491963,3.3405183011547397,0.03396458338443418,188,365,201,304,249,223
1776767308.0033884,20.0,15,-23,27.459060435491963,3.3405183011547397,0.03396458338443418,188,365,201,304,249,223
1776767308.0605233,20.0,15,-24,28.30194339616981,3.443058807319928,0.033225581366971194,188,365,201,304,249,222
1776767308.11731,20.0,15,-24,28.30194339616981,3.443058807319928,0.033225581366971194,188,365,201,304,249,222
1776767308.1748893,20.0,15,-24,28.30194339616981,3.443058807319928,0.033225581366971194,188,365,201,304,249,222
1776767308.2324297,20.0,15,-24,28.30194339616981,3.443058807319928,0.033225581366971194,188,365,201,304,249,222
1776767308.2858768,20.0,15,-24,28.30194339616981,3.443058807319928,0.033225581366971194,188,365,201,304,249,222
1776767308.3430812,20.0,15,-24,28.30194339616981,3.443058807319928,0.030730095641681818,188,365,202,304,249,222
1776767308.4000666,20.0,15,-24,28.30194339616981,3.443058807319928,0.030730095641681818,188,365,202,304,249,222
1776767308.4579942,20.0,15,-24,28.30194339616981,3.443058807319928,0.030730095641681818,188,365,202,304,249,222
1776767308.5154212,20.0,15,-24,28.30194339616981,3.443058807319928,0.030730095641681818,188,365,202,304,249,222
1776767308.5678473,20.0,15,-24,28.30194339616981,3.443058807319928,0.030730095641681818,188,365,202,304,249,222
1776767308.6252868,20.0,15,-24,28.30194339616981,3.443058807319928,0.030730095641681818,188,365,202,304,249,222
1776767308.6833167,20.0,15,-24,28.30194339616981,3.443058807319928,0.030730095641681818,188,365,202,304,249,222
1776767308.7407773,20.0,15,-24,28.30194339616981,3.443058807319928,0.030730095641681818,188,365,202,304,249,222
1776767308.7976346,20.0,15,-24,28.30194339616981,3.443058807319928,0.030730095641681818,188,365,202,304,249,222
1776767308.855255,20.0,15,-24,28.30194339616981,3.443058807319928,0.030730095641681818,188,365,202,304,249,222
1776767308.9083927,20.0,15,-24,28.30194339616981,3.443058807319928,0.030730095641681818,188,365,202,304,249,222
1776767308.965408,20.0,15,-24,28.30194339616981,3.443058807319928,0.030730095641681818,188,365,202,304,249,222
1776767309.0234697,20.0,15,-24,28.30194339616981,3.443058807319928,0.030730095641681818,188,365,202,304,249,222
1776767309.080299,20.0,15,-24,28.30194339616981,3.443058807319928,0.030730095641681818,188,365,202,304,249,222
1776767309.137611,20.0,15,-24,28.30194339616981,3.443058807319928,0.030730095641681818,188,365,202,304,249,222
1776767309.1910067,20.0,15,-24,28.30194339616981,3.443058807319928,0.030730095641681818,188,365,202,304,249,222
1776767309.2487144,20.0,15,-24,28.30194339616981,3.443058807319928,0.030730095641681818,188,365,202,304,249,222
1776767309.3056238,20.0,15,-24,28.30194339616981,3.443058807319928,0.030730095641681818,188,365,202,304,249,222
1776767309.362538,20.0,15,-24,28.30194339616981,3.443058807319928,0.030730095641681818,188,365,202,304,249,222
1776767309.4203053,20.0,15,-24,28.30194339616981,3.443058807319928,0.030730095641681818,188,365,202,304,249,222
1776767309.477161,20.0,15,-25,29.154759474226502,3.546807721925365,0.030024435631861426,188,365,202,304,249,221
1776767309.5310981,20.0,15,-25,29.154759474226502,3.546807721925365,0.030024435631861426,188,365,202,304,249,221
1776767309.58929,20.0,15,-25,29.154759474226502,3.546807721925365,0.030024435631861426,188,365,202,304,249,221
1776767309.645671,20.0,15,-25,29.154759474226502,3.546807721925365,0.030024435631861426,188,365,202,304,249,221
1776767309.7029316,20.0,15,-25,29.154759474226502,3.546807721925365,0.030024435631861426,188,365,202,304,249,221
1776767309.7600336,20.0,15,-25,29.154759474226502,3.546807721925365,0.030024435631861426,188,365,202,304,249,221
1776767309.8131907,20.0,15,-25,29.154759474226502,3.546807721925365,0.030024435631861426,188,365,202,304,249,221
1776767309.8709562,20.0,15,-25,29.154759474226502,3.546807721925365,0.030024435631861426,188,365,202,304,249,221
1776767309.928277,20.0,15,-25,29.154759474226502,3.546807721925365,0.030024435631861426,188,365,202,304,249,221
1776767309.9858718,20.0,15,-25,29.154759474226502,3.546807721925365,0.030024435631861426,188,365,202,304,249,221
1776767310.0427778,20.0,16,-25,29.68164415931166,3.6109056154880363,0.030860016741994473,188,365,202,304,250,221
1776767310.1003237,20.0,16,-25,29.68164415931166,3.6109056154880363,0.030860016741994473,188,365,202,304,250,221
1776767310.15388,20.0,16,-25,29.68164415931166,3.6109056154880363,0.030860016741994473,188,365,202,304,250,221
1776767310.2110739,20.0,16,-25,29.68164415931166,3.6109056154880363,0.030860016741994473,188,365,202,304,250,221
1776767310.2684348,20.0,16,-25,29.68164415931166,3.6109056154880363,0.030860016741994473,188,365,202,304,250,221
1776767310.325804,20.0,16,-25,29.68164415931166,3.6109056154880363,0.030860016741994473,188,365,202,304,250,221
1776767310.3829463,20.0,16,-25,29.68164415931166,3.6109056154880363,0.030860016741994473,188,365,202,304,250,221
1776767310.4363234,20.0,16,-25,29.68164415931166,3.6109056154880363,0.030860016741994473,188,365,202,304,250,221
1776767310.4937263,20.0,16,-25,29.68164415931166,3.6109056154880363,0.030860016741994473,188,365,202,304,250,221
1776767310.5507002,20.0,16,-25,29.68164415931166,3.6109056154880363,0.030860016741994473,188,365,202,304,250,221
1776767310.6082392,20.0,16,-25,29.68164415931166,3.6109056154880363,0.030860016741994473,188,365,202,304,250,221
1776767310.6655257,20.0,16,-25,29.68164415931166,3.6109056154880363,0.030860016741994473,188,365,202,304,250,221
1776767310.7224631,20.0,16,-25,29.68164415931166,3.6109056154880363,0.030860016741994473,188,365,202,304,250,221
1776767310.7760484,20.0,16,-25,29.68164415931166,3.6109056154880363,0.030860016741994473,188,365,202,304,250,221
1776767310.8329597,20.0,16,-25,29.68164415931166,3.6109056154880363,0.030860016741994473,188,365,202,304,250,221
1776767310.8902547,20.0,16,-25,29.68164415931166,3.6109056154880363,0.030860016741994473,188,365,202,304,250,221
1776767310.9481297,20.0,16,-26,30.528675044947494,3.713950735395072,0.030164216118186975,188,365,202,304,250,220
1776767311.0052738,20.0,16,-26,30.528675044947494,3.713950735395072,0.030164216118186975,188,365,202,304,250,220
1776767311.0583076,20.0,16,-26,30.528675044947494,3.713950735395072,0.030164216118186975,188,365,202,304,250,220
1776767311.1156209,20.0,16,-26,30.528675044947494,3.713950735395072,0.030164216118186975,188,365,202,304,250,220
1776767311.1737838,20.0,16,-26,30.528675044947494,3.713950735395072,0.030164216118186975,188,365,202,304,250,220
1776767311.2311943,20.0,16,-26,30.528675044947494,3.713950735395072,0.030164216118186975,188,365,202,304,250,220
1776767311.2879698,20.0,16,-26,30.528675044947494,3.713950735395072,0.030164216118186975,188,365,202,304,250,220
1776767311.345302,20.0,16,-26,30.528675044947494,3.713950735395072,0.030164216118186975,188,365,202,304,250,220
1776767311.3982623,20.0,16,-26,30.528675044947494,3.713950735395072,0.03103063208643912,188,365,202,303,250,220
1776767311.4557385,20.0,16,-26,30.528675044947494,3.713950735395072,0.03103063208643912,188,365,202,303,250,220
1776767311.513524,20.0,16,-26,30.528675044947494,3.713950735395072,0.03103063208643912,188,365,202,303,250,220
1776767311.5701337,20.0,16,-26,30.528675044947494,3.713950735395072,0.03103063208643912,188,365,202,303,250,220
1776767311.6278887,20.0,16,-26,30.528675044947494,3.713950735395072,0.03103063208643912,188,365,202,303,250,220
1776767311.681327,20.0,16,-26,30.528675044947494,3.713950735395072,0.03103063208643912,188,365,202,303,250,220
1776767311.7386868,20.0,16,-26,30.528675044947494,3.713950735395072,0.03103063208643912,188,365,202,303,250,220
1776767311.7955406,20.0,17,-26,31.064449134018133,3.779130064965709,0.03184331147792786,188,365,202,303,251,220
1776767311.8532355,20.0,17,-26,31.064449134018133,3.779130064965709,0.03184331147792786,188,365,202,303,251,220
1776767311.910229,20.0,17,-26,31.064449134018133,3.779130064965709,0.03184331147792786,188,365,202,303,251,220
1776767311.9647114,20.0,17,-26,31.064449134018133,3.779130064965709,0.03184331147792786,188,365,202,303,251,220
1776767312.0210803,20.0,17,-26,31.064449134018133,3.779130064965709,0.03184331147792786,188,365,202,303,251,220
1776767312.0797882,20.0,17,-27,31.906112267087632,3.881522173611634,0.031144591131082672,188,365,202,303,251,219
1776767312.1354842,20.0,17,-27,31.906112267087632,3.881522173611634,0.031144591131082672,188,365,202,303,251,219
1776767312.192672,20.0,17,-27,31.906112267087632,3.881522173611634,0.031144591131082672,188,365,202,303,251,219
1776767312.250317,20.0,17,-27,31.906112267087632,3.881522173611634,0.031144591131082672,188,365,202,303,251,219
1776767312.3035445,20.0,17,-27,31.906112267087632,3.881522173611634,0.031144591131082672,188,365,202,303,251,219
1776767312.3613114,20.0,17,-27,31.906112267087632,3.881522173611634,0.031144591131082672,188,365,202,303,251,219
1776767312.4184763,20.0,17,-27,31.906112267087632,3.881522173611634,0.031144591131082672,188,365,202,303,251,219
1776767312.4763668,20.0,17,-27,31.906112267087632,3.881522173611634,0.031144591131082672,188,365,202,303,251,219
1776767312.5329728,20.0,17,-27,31.906112267087632,3.881522173611634,0.031144591131082672,188,365,202,303,251,219
1776767312.5863583,20.0,17,-28,32.7566787083184,3.9849974097710943,0.030461892232114825,188,365,202,303,251,218
1776767312.6438818,20.0,17,-28,32.7566787083184,3.9849974097710943,0.030461892232114825,188,365,202,303,251,218
1776767312.7010431,20.0,18,-28,33.28663395418648,4.049468850874267,0.031245745336620615,188,365,202,303,252,218
1776767312.758053,20.0,18,-28,33.28663395418648,4.049468850874267,0.031245745336620615,188,365,202,303,252,218
1776767312.8155053,20.0,18,-28,33.28663395418648,4.049468850874267,0.031245745336620615,188,365,202,303,252,218
1776767312.87307,20.0,18,-28,33.28663395418648,4.049468850874267,0.031245745336620615,188,365,202,303,252,218
1776767312.9267006,20.0,18,-29,34.132096331752024,4.152323154714358,0.03057264027698513,188,365,202,303,252,217
1776767312.9836597,20.0,18,-29,34.132096331752024,4.152323154714358,0.03057264027698513,188,365,202,303,252,217
1776767313.0411093,20.0,18,-29,34.132096331752024,4.152323154714358,0.03057264027698513,188,365,202,303,252,217
1776767313.097873,20.0,18,-29,34.132096331752024,4.152323154714358,0.03057264027698513,188,365,202,303,252,217
1776767313.1551623,20.0,18,-29,34.132096331752024,4.152323154714358,0.03057264027698513,188,365,202,303,252,217
1776767313.208464,20.0,18,-30,34.9857113690718,4.256169266310438,0.029914687894509753,188,365,202,303,252,216
1776767313.2658515,20.0,18,-30,34.9857113690718,4.256169266310438,0.029914687894509753,188,365,202,303,252,216
1776767313.3237288,20.0,18,-30,34.9857113690718,4.256169266310438,0.029914687894509753,188,365,202,303,252,216
1776767313.3805745,20.0,18,-30,34.9857113690718,4.256169266310438,0.029914687894509753,188,365,202,303,252,216
1776767313.4383252,20.0,18,-30,34.9857113690718,4.256169266310438,0.029914687894509753,188,365,202,303,252,216
1776767313.496319,20.0,18,-30,34.9857113690718,4.256169266310438,0.029914687894509753,188,365,202,303,252,216
1776767313.5487921,20.0,18,-30,34.9857113690718,4.256169266310438,0.029914687894509753,188,365,202,303,252,216
1776767313.6060574,20.0,18,-30,34.9857113690718,4.256169266310438,0.029914687894509753,188,365,202,303,252,216
1776767313.663163,20.0,18,-30,34.9857113690718,4.256169266310438,0.029914687894509753,188,365,202,303,252,216
1776767313.7212598,20.0,18,-30,34.9857113690718,4.256169266310438,0.029914687894509753,188,365,202,303,252,216
1776767313.7781599,20.0,18,-30,34.9857113690718,4.256169266310438,0.029914687894509753,188,365,202,303,252,216
1776767313.8312733,20.0,18,-30,34.9857113690718,4.256169266310438,0.029914687894509753,188,365,202,303,252,216
1776767313.888786,20.0,18,-30,34.9857113690718,4.256169266310438,0.029914687894509753,188,365,202,303,252,216
1776767313.9463093,20.0,18,-30,34.9857113690718,4.256169266310438,0.029914687894509753,188,365,202,303,252,216
1776767314.003615,20.0,18,-30,34.9857113690718,4.256169266310438,0.029914687894509753,188,365,202,303,252,216
1776767314.0610023,20.0,18,-30,34.9857113690718,4.256169266310438,0.029914687894509753,188,365,202,303,252,216
1776767314.1181436,20.0,18,-30,34.9857113690718,4.256169266310438,0.029914687894509753,188,365,202,303,252,216
1776767314.1720207,20.0,18,-30,34.9857113690718,4.256169266310438,0.029914687894509753,188,365,202,303,252,216
1776767314.2285967,20.0,19,-30,35.510561809129406,4.32001968480893,0.03067123047497729,188,365,202,303,253,216
1776767314.2862377,20.0,19,-30,35.510561809129406,4.32001968480893,0.0314864491057011,188,365,202,302,253,216
1776767314.3431182,20.0,19,-30,35.510561809129406,4.32001968480893,0.0314864491057011,188,365,202,302,253,216
1776767314.4003696,20.0,19,-30,35.510561809129406,4.32001968480893,0.0314864491057011,188,365,202,302,253,216
1776767314.454221,20.0,19,-30,35.510561809129406,4.32001968480893,0.0314864491057011,188,365,202,302,253,216
1776767314.5115921,20.0,19,-30,35.510561809129406,4.32001968480893,0.0314864491057011,188,365,202,302,253,216
1776767314.5688536,20.0,19,-30,35.510561809129406,4.32001968480893,0.0314864491057011,188,365,202,302,253,216
1776767314.6262884,20.0,19,-30,35.510561809129406,4.32001968480893,0.0314864491057011,188,365,202,302,253,216
1776767314.683515,20.0,19,-30,35.510561809129406,4.32001968480893,0.0314864491057011,188,365,202,302,253,216
1776767314.7407987,20.0,19,-30,35.510561809129406,4.32001968480893,0.0314864491057011,188,365,202,302,253,216
1776767314.7940896,20.0,19,-30,35.510561809129406,4.32001968480893,0.0314864491057011,188,365,202,302,253,216
1776767314.8516107,20.0,19,-30,35.510561809129406,4.32001968480893,0.0314864491057011,188,365,202,302,253,216
1776767314.9088538,20.0,19,-30,35.510561809129406,4.32001968480893,0.0314864491057011,188,365,202,302,253,216
1776767314.9656868,20.0,19,-30,35.510561809129406,4.32001968480893,0.0314864491057011,188,365,202,302,253,216
1776767315.0229702,20.0,19,-30,35.510561809129406,4.32001968480893,0.0314864491057011,188,365,202,302,253,216
1776767315.0762389,20.0,19,-30,35.510561809129406,4.32001968480893,0.0314864491057011,188,365,202,302,253,216
1776767315.134327,20.0,19,-30,35.510561809129406,4.32001968480893,0.0314864491057011,188,365,202,302,253,216
1776767315.1918132,20.0,19,-30,35.510561809129406,4.32001968480893,0.0314864491057011,188,365,202,302,253,216
1776767315.248631,20.0,19,-30,35.510561809129406,4.32001968480893,0.0314864491057011,188,365,202,302,253,216
1776767315.3061557,20.0,19,-30,35.510561809129406,4.32001968480893,0.0314864491057011,188,365,202,302,253,216
1776767315.3628666,20.0,19,-30,35.510561809129406,4.32001968480893,0.0314864491057011,188,365,202,302,253,216
1776767315.4161706,20.0,19,-30,35.510561809129406,4.32001968480893,0.0314864491057011,188,365,202,302,253,216
1776767315.4736445,20.0,19,-30,35.510561809129406,4.32001968480893,0.0314864491057011,188,365,202,302,253,216
1776767315.5312603,20.0,19,-30,35.510561809129406,4.32001968480893,0.0314864491057011,188,365,202,302,253,216
1776767315.5886836,20.0,19,-30,35.510561809129406,4.32001968480893,0.0314864491057011,188,365,202,302,253,216
1776767315.6460989,20.0,19,-30,35.510561809129406,4.32001968480893,0.0314864491057011,188,365,202,302,253,216
1776767315.6989207,20.0,19,-31,36.359317925395686,4.423274686787796,0.030826049890109092,188,365,202,302,253,215
1776767315.7568083,20.0,19,-31,36.359317925395686,4.423274686787796,0.030826049890109092,188,365,202,302,253,215
1776767315.8135903,20.0,19,-31,36.359317925395686,4.423274686787796,0.030826049890109092,188,365,202,302,253,215
1776767315.8711164,20.0,19,-31,36.359317925395686,4.423274686787796,0.030826049890109092,188,365,202,302,253,215
1776767315.9284883,20.0,19,-31,36.359317925395686,4.423274686787796,0.030826049890109092,188,365,202,302,253,215
1776767315.9857883,20.0,19,-31,36.359317925395686,4.423274686787796,0.030826049890109092,188,365,202,302,253,215
1776767316.0391355,20.0,19,-31,36.359317925395686,4.423274686787796,0.030826049890109092,188,365,202,302,253,215
1776767316.0961137,20.0,19,-31,36.359317925395686,4.423274686787796,0.030826049890109092,188,365,202,302,253,215
1776767316.1535983,20.0,19,-31,36.359317925395686,4.423274686787796,0.030826049890109092,188,365,202,302,253,215
1776767316.2114887,20.0,19,-31,36.359317925395686,4.423274686787796,0.030826049890109092,188,365,202,302,253,215
1776767316.268646,20.0,19,-31,36.359317925395686,4.423274686787796,0.030826049890109092,188,365,202,302,253,215
1776767316.3220482,20.0,19,-31,36.359317925395686,4.423274686787796,0.030826049890109092,188,365,202,302,253,215
1776767316.3793588,20.0,19,-31,36.359317925395686,4.423274686787796,0.030826049890109092,188,365,202,302,253,215
1776767316.4366655,20.0,19,-31,36.359317925395686,4.423274686787796,0.030826049890109092,188,365,202,302,253,215
1776767316.4946156,20.0,19,-31,36.359317925395686,4.423274686787796,0.030826049890109092,188,365,202,302,253,215
1776767316.5513144,20.0,19,-31,36.359317925395686,4.423274686787796,0.030826049890109092,188,365,202,302,253,215
1776767316.6083055,20.0,19,-31,36.359317925395686,4.423274686787796,0.030826049890109092,188,365,202,302,253,215
1776767316.6618633,20.0,19,-31,36.359317925395686,4.423274686787796,0.030826049890109092,188,365,202,302,253,215
1776767316.7192428,20.0,19,-31,36.359317925395686,4.423274686787796,0.030826049890109092,188,365,202,302,253,215
1776767316.776423,20.0,19,-31,36.359317925395686,4.423274686787796,0.030826049890109092,188,365,202,302,253,215
1776767316.8337247,20.0,19,-32,37.21558813185679,4.52744381166141,0.030180237435435634,188,365,202,302,253,214
1776767316.8910346,20.0,20,-32,37.73592452822641,4.590745076426571,0.030911332287486895,188,365,202,302,254,214
1776767316.9444504,20.0,20,-32,37.73592452822641,4.590745076426571,0.030911332287486895,188,365,202,302,254,214
1776767317.0017858,20.0,20,-32,37.73592452822641,4.590745076426571,0.030911332287486895,188,365,202,302,254,214
1776767317.0598314,20.0,20,-32,37.73592452822641,4.590745076426571,0.030911332287486895,188,365,202,302,254,214
1776767317.1168013,20.0,20,-33,38.58756276314948,4.694350701113075,0.030274404719096013,188,365,202,302,254,213
1776767317.173519,20.0,20,-33,38.58756276314948,4.694350701113075,0.030274404719096013,188,365,202,302,254,213
1776767317.2309666,20.0,20,-33,38.58756276314948,4.694350701113075,0.030274404719096013,188,365,202,302,254,213
1776767317.2878685,20.0,20,-33,38.58756276314948,4.694350701113075,0.030274404719096013,188,365,202,302,254,213
1776767317.341423,20.0,20,-33,38.58756276314948,4.694350701113075,0.030274404719096013,188,365,202,302,254,213
1776767317.3985476,20.0,20,-33,38.58756276314948,4.694350701113075,0.030274404719096013,188,365,202,302,254,213
1776767317.4559488,20.0,20,-33,38.58756276314948,4.694350701113075,0.030274404719096013,188,365,202,302,254,213
1776767317.513261,20.0,20,-34,39.44616584663204,4.798803630977134,0.030418610608709342,188,365,202,301,254,212
1776767317.5705292,20.0,20,-34,39.44616584663204,4.798803630977134,0.030418610608709342,188,365,202,301,254,212
1776767317.6278155,20.0,20,-34,39.44616584663204,4.798803630977134,0.030418610608709342,188,365,202,301,254,212
1776767317.6812932,20.0,20,-34,39.44616584663204,4.798803630977134,0.030418610608709342,188,365,202,301,254,212
1776767317.7384653,20.0,20,-34,39.44616584663204,4.798803630977134,0.030418610608709342,188,365,202,301,254,212
1776767317.7964797,20.0,20,-34,39.44616584663204,4.798803630977134,0.030418610608709342,188,365,202,301,254,212
1776767317.853695,20.0,20,-34,39.44616584663204,4.798803630977134,0.030418610608709342,188,365,202,301,254,212
1776767317.9139507,20.0,21,-34,39.96248240537617,4.861615864400994,0.031125424143332945,188,365,202,301,255,212
1776767317.9642215,20.0,21,-34,39.96248240537617,4.861615864400994,0.031125424143332945,188,365,202,301,255,212
1776767318.0213635,20.0,21,-34,39.96248240537617,4.861615864400994,0.031125424143332945,188,365,202,301,255,212
1776767318.0793116,20.0,21,-34,39.96248240537617,4.861615864400994,0.031125424143332945,188,365,202,301,255,212
1776767318.1363695,20.0,21,-34,39.96248240537617,4.861615864400994,0.031125424143332945,188,365,202,301,255,212
1776767318.1938102,20.0,21,-34,39.96248240537617,4.861615864400994,0.031125424143332945,188,365,202,301,255,212
1776767318.2505805,20.0,21,-34,39.96248240537617,4.861615864400994,0.031125424143332945,188,365,202,301,255,212
1776767318.3040855,20.0,21,-34,39.96248240537617,4.861615864400994,0.031125424143332945,188,365,202,301,255,212
1776767318.3613803,20.0,21,-34,39.96248240537617,4.861615864400994,0.031125424143332945,188,365,202,301,255,212
1776767318.4190912,20.0,21,-34,39.96248240537617,4.861615864400994,0.031125424143332945,188,365,202,301,255,212
1776767318.475789,20.0,21,-34,39.96248240537617,4.861615864400994,0.031125424143332945,188,365,202,301,255,212
1776767318.5333362,20.0,21,-34,39.96248240537617,4.861615864400994,0.031125424143332945,188,365,202,301,255,212
1776767318.5910666,20.0,21,-34,39.96248240537617,4.861615864400994,0.031125424143332945,188,365,202,301,255,212
1776767318.6444733,20.0,21,-34,39.96248240537617,4.861615864400994,0.031125424143332945,188,365,202,301,255,212
1776767318.7015727,20.0,21,-34,39.96248240537617,4.861615864400994,0.031125424143332945,188,365,202,301,255,212
1776767318.7588553,20.0,21,-34,39.96248240537617,4.861615864400994,0.031125424143332945,188,365,202,301,255,212
1776767318.816134,20.0,21,-34,39.96248240537617,4.861615864400994,0.031125424143332945,188,365,202,301,255,212
1776767318.873542,20.0,21,-34,39.96248240537617,4.861615864400994,0.031125424143332945,188,365,202,301,255,212
1776767318.9302957,20.0,21,-35,40.8166632639171,4.965530810695511,0.030500266495564792,188,365,202,301,255,211
1776767318.9842288,20.0,21,-35,40.8166632639171,4.965530810695511,0.028338745926663984,188,365,203,301,255,211
1776767319.0413666,20.0,21,-35,40.8166632639171,4.965530810695511,0.028338745926663984,188,365,203,301,255,211
1776767319.0986698,20.0,21,-35,40.8166632639171,4.965530810695511,0.028338745926663984,188,365,203,301,255,211
1776767319.1571074,20.0,21,-35,40.8166632639171,4.965530810695511,0.028338745926663984,188,365,203,301,255,211
1776767319.2138653,20.0,21,-35,40.8166632639171,4.965530810695511,0.028338745926663984,188,365,203,301,255,211
1776767319.2706046,20.0,21,-35,40.8166632639171,4.965530810695511,0.028338745926663984,188,365,203,301,255,211
1776767319.3245027,20.0,21,-35,40.8166632639171,4.965530810695511,0.028338745926663984,188,365,203,301,255,211
1776767319.3809361,20.0,21,-35,40.8166632639171,4.965530810695511,0.028338745926663984,188,365,203,301,255,211
1776767319.4389422,20.0,21,-35,40.8166632639171,4.965530810695511,0.028338745926663984,188,365,203,301,255,211
1776767319.4958603,20.0,21,-35,40.8166632639171,4.965530810695511,0.028338745926663984,188,365,203,301,255,211
1776767319.553071,20.0,21,-35,40.8166632639171,4.965530810695511,0.028338745926663984,188,365,203,301,255,211
1776767319.6063745,20.0,21,-35,40.8166632639171,4.965530810695511,0.028338745926663984,188,365,203,301,255,211
1776767319.6637561,20.0,21,-35,40.8166632639171,4.965530810695511,0.028338745926663984,188,365,203,301,255,211
1776767319.7215,20.0,21,-35,40.8166632639171,4.965530810695511,0.028338745926663984,188,365,203,301,255,211
1776767319.7788093,20.0,21,-35,40.8166632639171,4.965530810695511,0.028338745926663984,188,365,203,301,255,211
1776767319.836391,20.0,21,-35,40.8166632639171,4.965530810695511,0.028338745926663984,188,365,203,301,255,211
1776767319.8927534,20.0,21,-35,40.8166632639171,4.965530810695511,0.028338745926663984,188,365,203,301,255,211
1776767319.9463272,20.0,21,-35,40.8166632639171,4.965530810695511,0.028338745926663984,188,365,203,301,255,211
1776767320.003591,20.0,21,-35,40.8166632639171,4.965530810695511,0.028338745926663984,188,365,203,301,255,211
1776767320.061187,20.0,21,-35,40.8166632639171,4.965530810695511,0.028338745926663984,188,365,203,301,255,211
1776767320.1182222,20.0,21,-35,40.8166632639171,4.965530810695511,0.028338745926663984,188,365,203,301,255,211
1776767320.1754534,20.0,21,-35,40.8166632639171,4.965530810695511,0.028338745926663984,188,365,203,301,255,211
1776767320.2332067,20.0,21,-35,40.8166632639171,4.965530810695511,0.028338745926663984,188,365,203,301,255,211
1776767320.2869766,20.0,21,-35,40.8166632639171,4.965530810695511,0.028338745926663984,188,365,203,301,255,211
1776767320.3443322,20.0,21,-36,41.677331968349414,5.070235032645914,0.02773964356458518,188,365,203,301,255,210
1776767320.4012446,20.0,21,-36,41.677331968349414,5.070235032645914,0.02773964356458518,188,365,203,301,255,210
1776767320.4587204,20.0,21,-36,41.677331968349414,5.070235032645914,0.02773964356458518,188,365,203,301,255,210
1776767320.5165043,20.0,21,-36,41.677331968349414,5.070235032645914,0.02773964356458518,188,365,203,301,255,210
1776767320.57341,20.0,22,-36,42.190046219457976,5.132609029131141,0.02844087292883135,188,365,203,301,256,210
1776767320.6270392,20.0,22,-36,42.190046219457976,5.132609029131141,0.029205095481091545,188,365,203,300,256,210
1776767320.6839535,20.0,22,-36,42.190046219457976,5.132609029131141,0.029205095481091545,188,365,203,300,256,210
1776767320.7406607,20.0,22,-36,42.190046219457976,5.132609029131141,0.029205095481091545,188,365,203,300,256,210
1776767320.799065,20.0,22,-36,42.190046219457976,5.132609029131141,0.029205095481091545,188,365,203,300,256,210
1776767320.8556461,20.0,22,-36,42.190046219457976,5.132609029131141,0.029205095481091545,188,365,203,300,256,210
1776767320.9093459,20.0,22,-36,42.190046219457976,5.132609029131141,0.029205095481091545,188,365,203,300,256,210
1776767320.966652,20.0,22,-36,42.190046219457976,5.132609029131141,0.029205095481091545,188,365,203,300,256,210
1776767321.0240366,20.0,22,-36,42.190046219457976,5.132609029131141,0.029205095481091545,188,365,203,300,256,210
1776767321.081183,20.0,22,-37,43.04648650006177,5.236798844289752,0.028603560134422768,188,365,203,300,256,209
1776767321.138425,20.0,22,-37,43.04648650006177,5.236798844289752,0.028603560134422768,188,365,203,300,256,209
1776767321.195797,20.0,22,-37,43.04648650006177,5.236798844289752,0.028603560134422768,188,365,203,300,256,209
1776767321.2493253,20.0,23,-37,43.56604182158393,5.300005087783933,0.029286950832228636,188,365,203,300,257,209
1776767321.306564,20.0,23,-38,44.41846462902562,5.403706159248858,0.028693449896620052,188,365,203,300,257,208
1776767321.363966,20.0,23,-38,44.41846462902562,5.403706159248858,0.028693449896620052,188,365,203,300,257,208
1776767321.4211364,20.0,23,-38,44.41846462902562,5.403706159248858,0.029433949832012644,188,365,203,299,257,208
1776767321.4783096,20.0,23,-38,44.41846462902562,5.403706159248858,0.029433949832012644,188,365,203,299,257,208
1776767321.5353312,20.0,23,-39,45.27692569068709,5.50814181151911,0.02884312012308817,188,365,203,299,257,207
1776767321.5897439,20.0,23,-39,45.27692569068709,5.50814181151911,0.02884312012308817,188,365,203,299,257,207
1776767321.64671,20.0,23,-39,45.27692569068709,5.50814181151911,0.02884312012308817,188,365,203,299,257,207
1776767321.7037945,20.0,23,-39,45.27692569068709,5.50814181151911,0.02884312012308817,188,365,203,299,257,207
1776767321.7608504,20.0,23,-39,45.27692569068709,5.50814181151911,0.02884312012308817,188,365,203,299,257,207
1776767321.8185008,20.0,23,-39,45.27692569068709,5.50814181151911,0.02884312012308817,188,365,203,299,257,207
1776767321.8760853,20.0,23,-39,45.27692569068709,5.50814181151911,0.02884312012308817,188,365,203,299,257,207
1776767321.9285715,20.0,24,-39,45.79301256742124,5.570926103092608,0.029504555912736347,188,365,203,299,258,207
1776767321.986394,20.0,24,-40,46.647615158762406,5.674892355080584,0.02892161480463222,188,365,203,299,258,206
1776767322.0436807,20.0,24,-40,46.647615158762406,5.674892355080584,0.02689954176539891,188,365,204,299,258,206
1776767322.1010826,20.0,24,-40,46.647615158762406,5.674892355080584,0.027636018755524627,188,365,204,298,258,206
1776767322.1584482,20.0,24,-40,46.647615158762406,5.674892355080584,0.027636018755524627,188,365,204,298,258,206
1776767322.2151637,20.0,24,-41,47.50789408087881,5.779549158257763,0.027067027864583558,188,365,204,298,258,205
1776767322.2685335,20.0,24,-41,47.50789408087881,5.779549158257763,0.027067027864583558,188,365,204,298,258,205
1776767322.3268533,20.0,24,-41,47.50789408087881,5.779549158257763,0.027067027864583558,188,365,204,298,258,205
1776767322.3839695,20.0,24,-41,47.50789408087881,5.779549158257763,0.027067027864583558,188,365,204,298,258,205
1776767322.4408624,20.0,24,-41,47.50789408087881,5.779549158257763,0.027067027864583558,188,365,204,298,258,205
1776767322.4987602,20.0,24,-41,47.50789408087881,5.779549158257763,0.027067027864583558,188,365,204,298,258,205
1776767322.5519824,20.0,24,-41,47.50789408087881,5.779549158257763,0.027067027864583558,188,365,204,298,258,205
1776767322.608735,20.0,24,-41,47.50789408087881,5.779549158257763,0.027067027864583558,188,365,204,298,258,205
1776767322.6660569,20.0,24,-41,47.50789408087881,5.779549158257763,0.027067027864583558,188,365,204,298,258,205
1776767322.7242372,20.0,24,-42,48.373546489791295,5.884859670290911,0.02650998204968783,188,365,204,298,258,204
1776767322.7811835,20.0,24,-42,48.373546489791295,5.884859670290911,0.02650998204968783,188,365,204,298,258,204
1776767322.8381171,20.0,24,-42,48.373546489791295,5.884859670290911,0.02650998204968783,188,365,204,298,258,204
1776767322.8916433,20.0,24,-42,48.373546489791295,5.884859670290911,0.02650998204968783,188,365,204,298,258,204
1776767322.949017,20.0,24,-42,48.373546489791295,5.884859670290911,0.02650998204968783,188,365,204,298,258,204
1776767323.0063393,20.0,24,-42,48.373546489791295,5.884859670290911,0.02650998204968783,188,365,204,298,258,204
1776767323.0633318,20.0,24,-42,48.373546489791295,5.884859670290911,0.02650998204968783,188,365,204,298,258,204
1776767323.120827,20.0,24,-42,48.373546489791295,5.884859670290911,0.02650998204968783,188,365,204,298,258,204
1776767323.1781092,20.0,24,-42,48.373546489791295,5.884859670290911,0.02650998204968783,188,365,204,298,258,204
1776767323.2312412,20.0,24,-42,48.373546489791295,5.884859670290911,0.02650998204968783,188,365,204,298,258,204
1776767323.2889519,20.0,24,-42,48.373546489791295,5.884859670290911,0.02650998204968783,188,365,204,298,258,204
1776767323.3463445,20.0,24,-43,49.24428900898052,5.990789417150915,0.025964600462385464,188,365,204,298,258,203
1776767323.4034116,20.0,24,-43,49.24428900898052,5.990789417150915,0.025964600462385464,188,365,204,298,258,203
1776767323.4605842,20.0,25,-43,49.73932046178355,6.051012221628168,0.026612152433160195,188,365,204,298,259,203
1776767323.5182426,20.0,25,-43,49.73932046178355,6.051012221628168,0.026612152433160195,188,365,204,298,259,203
1776767323.5731847,20.0,25,-43,49.73932046178355,6.051012221628168,0.026612152433160195,188,365,204,298,259,203
1776767323.6283107,20.0,25,-43,49.73932046178355,6.051012221628168,0.026612152433160195,188,365,204,298,259,203
1776767323.6860783,20.0,25,-43,49.73932046178355,6.051012221628168,0.026612152433160195,188,365,204,298,259,203
1776767323.7433047,20.0,25,-43,49.73932046178355,6.051012221628168,0.026612152433160195,188,365,204,298,259,203
1776767323.8009536,20.0,25,-43,49.73932046178355,6.051012221628168,0.026612152433160195,188,365,204,298,259,203
1776767323.8583436,20.0,25,-43,49.73932046178355,6.051012221628168,0.026612152433160195,188,365,204,298,259,203
1776767323.9115465,20.0,25,-43,49.73932046178355,6.051012221628168,0.026612152433160195,188,365,204,298,259,203
1776767323.9681947,20.0,25,-43,49.73932046178355,6.051012221628168,0.026612152433160195,188,365,204,298,259,203
1776767324.026177,20.0,25,-43,49.73932046178355,6.051012221628168,0.026612152433160195,188,365,204,298,259,203
1776767324.0833893,20.0,25,-43,49.73932046178355,6.051012221628168,0.026612152433160195,188,365,204,298,259,203
1776767324.1408517,20.0,25,-43,49.73932046178355,6.051012221628168,0.026612152433160195,188,365,204,298,259,203
1776767324.1939852,20.0,25,-43,49.73932046178355,6.051012221628168,0.026612152433160195,188,365,204,298,259,203
1776767324.2519712,20.0,25,-44,50.60632371551998,6.156487070014595,0.02607350542908208,188,365,204,298,259,202
1776767324.3088405,20.0,25,-44,50.60632371551998,6.156487070014595,0.02607350542908208,188,365,204,298,259,202
1776767324.3659983,20.0,25,-44,50.60632371551998,6.156487070014595,0.02607350542908208,188,365,204,298,259,202
1776767324.4228954,20.0,25,-44,50.60632371551998,6.156487070014595,0.02607350542908208,188,365,204,298,259,202
1776767324.480132,20.0,25,-44,50.60632371551998,6.156487070014595,0.02607350542908208,188,365,204,298,259,202
1776767324.533549,20.0,25,-44,50.60632371551998,6.156487070014595,0.02607350542908208,188,365,204,298,259,202
1776767324.5909283,20.0,25,-44,50.60632371551998,6.156487070014595,0.02607350542908208,188,365,204,298,259,202
1776767324.6485586,20.0,25,-44,50.60632371551998,6.156487070014595,0.02607350542908208,188,365,204,298,259,202
1776767324.7056649,20.0,25,-44,50.60632371551998,6.156487070014595,0.02607350542908208,188,365,204,298,259,202
1776767324.7632408,20.0,25,-44,50.60632371551998,6.156487070014595,0.02607350542908208,188,365,204,298,259,202
1776767324.8217244,20.0,25,-44,50.60632371551998,6.156487070014595,0.02607350542908208,188,365,204,298,259,202
1776767324.873693,20.0,25,-44,50.60632371551998,6.156487070014595,0.02607350542908208,188,365,204,298,259,202
1776767324.9309955,20.0,25,-44,50.60632371551998,6.156487070014595,0.02607350542908208,188,365,204,298,259,202
1776767324.9881682,20.0,25,-44,50.60632371551998,6.156487070014595,0.02607350542908208,188,365,204,298,259,202
1776767325.0458152,20.0,25,-44,50.60632371551998,6.156487070014595,0.02607350542908208,188,365,204,298,259,202
1776767325.103464,20.0,25,-44,50.60632371551998,6.156487070014595,0.02607350542908208,188,365,204,298,259,202
1776767325.1635723,20.0,25,-44,50.60632371551998,6.156487070014595,0.02607350542908208,188,365,204,298,259,202
1776767325.2140586,20.0,25,-44,50.60632371551998,6.156487070014595,0.02607350542908208,188,365,204,298,259,202
1776767325.2709532,20.0,25,-44,50.60632371551998,6.156487070014595,0.02607350542908208,188,365,204,298,259,202
1776767325.328551,20.0,25,-45,51.478150704935004,6.262548747559002,0.02554595069374301,188,365,204,298,259,201
1776767325.3859634,20.0,25,-45,51.478150704935004,6.262548747559002,0.02554595069374301,188,365,204,298,259,201
1776767325.442984,20.0,25,-45,51.478150704935004,6.262548747559002,0.02554595069374301,188,365,204,298,259,201
1776767325.5005112,20.0,25,-45,51.478150704935004,6.262548747559002,0.02554595069374301,188,365,204,298,259,201
1776767325.5539694,20.0,25,-45,51.478150704935004,6.262548747559002,0.02554595069374301,188,365,204,298,259,201
1776767325.6113217,20.0,25,-45,51.478150704935004,6.262548747559002,0.02554595069374301,188,365,204,298,259,201
1776767325.668507,20.0,25,-45,51.478150704935004,6.262548747559002,0.02554595069374301,188,365,204,298,259,201
1776767325.725622,20.0,25,-45,51.478150704935004,6.262548747559002,0.02554595069374301,188,365,204,298,259,201
1776767325.7831757,20.0,25,-45,51.478150704935004,6.262548747559002,0.02554595069374301,188,365,204,298,259,201
1776767325.8369029,20.0,25,-45,51.478150704935004,6.262548747559002,0.02554595069374301,188,365,204,298,259,201
1776767325.893943,20.0,25,-45,51.478150704935004,6.262548747559002,0.02554595069374301,188,365,204,298,259,201
1776767325.9509249,20.0,26,-45,51.97114584074513,6.322523824908166,0.026173022168377785,188,365,204,298,260,201
1776767326.0088584,20.0,26,-45,51.97114584074513,6.322523824908166,0.026860519499180918,188,365,204,297,260,201
1776767326.0664227,20.0,26,-45,51.97114584074513,6.322523824908166,0.026860519499180918,188,365,204,297,260,201
1776767326.123216,20.0,26,-45,51.97114584074513,6.322523824908166,0.026860519499180918,188,365,204,297,260,201
1776767326.1760602,20.0,26,-46,52.839379254491625,6.428148327797034,0.026330726939298856,188,365,204,297,260,200
1776767326.2338624,20.0,26,-46,52.839379254491625,6.428148327797034,0.026330726939298856,188,365,204,297,260,200
1776767326.2913244,20.0,26,-46,52.839379254491625,6.428148327797034,0.026330726939298856,188,365,204,297,260,200
1776767326.3487034,20.0,26,-46,52.839379254491625,6.428148327797034,0.026330726939298856,188,365,204,297,260,200
1776767326.4074903,20.0,26,-46,52.839379254491625,6.428148327797034,0.026330726939298856,188,365,204,297,260,200
1776767326.4625936,20.0,26,-46,52.839379254491625,6.428148327797034,0.02700606333064839,188,365,204,296,260,200
1776767326.5162396,20.0,26,-46,52.839379254491625,6.428148327797034,0.02700606333064839,188,365,204,296,260,200
1776767326.574097,20.0,26,-46,52.839379254491625,6.428148327797034,0.02700606333064839,188,365,204,296,260,200
1776767326.6311674,20.0,26,-46,52.839379254491625,6.428148327797034,0.02700606333064839,188,365,204,296,260,200
1776767326.6878765,20.0,26,-47,53.71219600798314,6.5343304145964884,0.02647847215413407,188,365,204,296,260,199
1776767326.7451315,20.0,26,-47,53.71219600798314,6.5343304145964884,0.02647847215413407,188,365,204,296,260,199
1776767326.8024313,20.0,26,-47,53.71219600798314,6.5343304145964884,0.02647847215413407,188,365,204,296,260,199
1776767326.857538,20.0,26,-47,53.71219600798314,6.5343304145964884,0.02647847215413407,188,365,204,296,260,199
1776767326.9132922,20.0,26,-47,53.71219600798314,6.5343304145964884,0.02647847215413407,188,365,204,296,260,199
1776767326.9712636,20.0,26,-47,53.71219600798314,6.5343304145964884,0.02460600300564598,188,365,205,296,260,199
1776767327.0297155,20.0,26,-47,53.71219600798314,6.5343304145964884,0.02460600300564598,188,365,205,296,260,199
1776767327.085563,20.0,27,-47,54.20332093147061,6.59407797219837,0.025228742190555823,188,365,205,296,261,199
1776767327.1428378,20.0,27,-48,55.072679252057455,6.699839325067816,0.02471794478941635,188,365,205,296,261,198
1776767327.1967354,20.0,27,-48,55.072679252057455,6.699839325067816,0.02471794478941635,188,365,205,296,261,198
1776767327.2537844,20.0,27,-48,55.072679252057455,6.699839325067816,0.025389552063048194,188,365,205,295,261,198
1776767327.3105018,20.0,27,-48,55.072679252057455,6.699839325067816,0.025389552063048194,188,365,205,295,261,198
1776767327.3678586,20.0,27,-48,55.072679252057455,6.699839325067816,0.025389552063048194,188,365,205,295,261,198
1776767327.4253466,20.0,27,-48,55.072679252057455,6.699839325067816,0.025389552063048194,188,365,205,295,261,198
1776767327.478842,20.0,27,-48,55.072679252057455,6.699839325067816,0.025389552063048194,188,365,205,295,261,198
1776767327.536133,20.0,27,-48,55.072679252057455,6.699839325067816,0.025389552063048194,188,365,205,295,261,198
1776767327.593899,20.0,27,-48,55.072679252057455,6.699839325067816,0.025389552063048194,188,365,205,295,261,198
1776767327.650687,20.0,27,-48,55.072679252057455,6.699839325067816,0.025389552063048194,188,365,205,295,261,198
1776767327.7080326,20.0,27,-48,55.072679252057455,6.699839325067816,0.025389552063048194,188,365,205,295,261,198
1776767327.7655606,20.0,27,-48,55.072679252057455,6.699839325067816,0.025389552063048194,188,365,205,295,261,198
1776767327.8186803,20.0,27,-48,55.072679252057455,6.699839325067816,0.025389552063048194,188,365,205,295,261,198
1776767327.8770587,20.0,27,-48,55.072679252057455,6.699839325067816,0.025389552063048194,188,365,205,295,261,198
1776767327.9330883,20.0,27,-49,55.94640292279746,6.806131742432781,0.02488075169840235,188,365,205,295,261,197
1776767327.9909196,20.0,27,-49,55.94640292279746,6.806131742432781,0.02488075169840235,188,365,205,295,261,197
1776767328.0481472,20.0,27,-49,55.94640292279746,6.806131742432781,0.02488075169840235,188,365,205,295,261,197
1776767328.1055388,20.0,27,-49,55.94640292279746,6.806131742432781,0.02488075169840235,188,365,205,295,261,197
1776767328.158798,20.0,27,-49,55.94640292279746,6.806131742432781,0.02488075169840235,188,365,205,295,261,197
1776767328.215931,20.0,27,-49,55.94640292279746,6.806131742432781,0.02488075169840235,188,365,205,295,261,197
1776767328.2731946,20.0,27,-49,55.94640292279746,6.806131742432781,0.02488075169840235,188,365,205,295,261,197
1776767328.3314345,20.0,27,-49,55.94640292279746,6.806131742432781,0.02488075169840235,188,365,205,295,261,197
1776767328.3882828,20.0,27,-49,55.94640292279746,6.806131742432781,0.02488075169840235,188,365,205,295,261,197
1776767328.4457147,20.0,27,-49,55.94640292279746,6.806131742432781,0.02488075169840235,188,365,205,295,261,197
1776767328.4992232,20.0,27,-49,55.94640292279746,6.806131742432781,0.02488075169840235,188,365,205,295,261,197
1776767328.5563097,20.0,27,-49,55.94640292279746,6.806131742432781,0.02488075169840235,188,365,205,295,261,197
1776767328.6133783,20.0,27,-49,55.94640292279746,6.806131742432781,0.02488075169840235,188,365,205,295,261,197
1776767328.6713233,20.0,27,-49,55.94640292279746,6.806131742432781,0.02488075169840235,188,365,205,295,261,197
1776767328.7281196,20.0,27,-49,55.94640292279746,6.806131742432781,0.02488075169840235,188,365,205,295,261,197
1776767328.7853765,20.0,27,-49,55.94640292279746,6.806131742432781,0.02488075169840235,188,365,205,295,261,197
1776767328.8383214,20.0,27,-50,56.824290580701486,6.912930727579256,0.024382228021871007,188,365,205,295,261,196
1776767328.8959384,20.0,27,-50,56.824290580701486,6.912930727579256,0.024382228021871007,188,365,205,295,261,196
1776767328.9528284,20.0,27,-50,56.824290580701486,6.912930727579256,0.024382228021871007,188,365,205,295,261,196
1776767329.0104127,20.0,27,-50,56.824290580701486,6.912930727579256,0.024382228021871007,188,365,205,295,261,196
1776767329.0675304,20.0,28,-50,57.30619512757761,6.971556584863456,0.0249819698113724,188,365,205,295,262,196
1776767329.12102,20.0,28,-50,57.30619512757761,6.971556584863456,0.025634196730363917,188,365,205,294,262,196
1776767329.178336,20.0,28,-50,57.30619512757761,6.971556584863456,0.025634196730363917,188,365,205,294,262,196
1776767329.2368252,20.0,28,-50,57.30619512757761,6.971556584863456,0.025634196730363917,188,365,205,294,262,196
1776767329.2933517,20.0,28,-50,57.30619512757761,6.971556584863456,0.025634196730363917,188,365,205,294,262,196
1776767329.3502896,20.0,28,-50,57.30619512757761,6.971556584863456,0.025634196730363917,188,365,205,294,262,196
1776767329.407848,20.0,28,-50,57.30619512757761,6.971556584863456,0.025634196730363917,188,365,205,294,262,196
1776767329.462756,20.0,28,-50,57.30619512757761,6.971556584863456,0.025634196730363917,188,365,205,294,262,196
1776767329.519361,20.0,28,-50,57.30619512757761,6.971556584863456,0.025634196730363917,188,365,205,294,262,196
1776767329.5761921,20.0,28,-50,57.30619512757761,6.971556584863456,0.025634196730363917,188,365,205,294,262,196
1776767329.633641,20.0,28,-50,57.30619512757761,6.971556584863456,0.025634196730363917,188,365,205,294,262,196
1776767329.6901264,20.0,28,-51,58.180752831155424,7.077950466077302,0.025133487479243176,188,365,205,294,262,195
1776767329.7481053,20.0,28,-51,58.180752831155424,7.077950466077302,0.025133487479243176,188,365,205,294,262,195
1776767329.8016684,20.0,28,-51,58.180752831155424,7.077950466077302,0.025133487479243176,188,365,205,294,262,195
1776767329.8587863,20.0,28,-51,58.180752831155424,7.077950466077302,0.025133487479243176,188,365,205,294,262,195
1776767329.9162831,20.0,28,-51,58.180752831155424,7.077950466077302,0.025133487479243176,188,365,205,294,262,195
1776767329.9731054,20.0,28,-51,58.180752831155424,7.077950466077302,0.025133487479243176,188,365,205,294,262,195
1776767330.0311472,20.0,28,-51,58.180752831155424,7.077950466077302,0.025133487479243176,188,365,205,294,262,195
1776767330.0881467,20.0,28,-51,58.180752831155424,7.077950466077302,0.025133487479243176,188,365,205,294,262,195
1776767330.1409872,20.0,28,-51,58.180752831155424,7.077950466077302,0.025133487479243176,188,365,205,294,262,195
1776767330.1980605,20.0,28,-51,58.180752831155424,7.077950466077302,0.025133487479243176,188,365,205,294,262,195
1776767330.3086889,20.0,28,-51,58.180752831155424,7.077950466077302,0.025133487479243176,188,365,205,294,262,195
1776767330.3884225,20.0,28,-51,58.180752831155424,7.077950466077302,0.025133487479243176,188,365,205,294,262,195
1776767330.4681041,20.0,28,-52,59.0592922409336,7.184828739772944,0.024642720628595974,188,365,205,294,262,194
1776767330.5648885,20.0,28,-52,59.0592922409336,7.184828739772944,0.024642720628595974,188,365,205,294,262,194
1776767330.6458554,20.0,28,-52,59.0592922409336,7.184828739772944,0.024642720628595974,188,365,205,294,262,194
1776767330.7413678,20.0,28,-52,59.0592922409336,7.184828739772944,0.02287036924867289,188,365,206,294,262,194
1776767330.819536,20.0,28,-52,59.0592922409336,7.184828739772944,0.023517951030133134,188,365,206,293,262,194
1776767330.9006033,20.0,28,-52,59.0592922409336,7.184828739772944,0.023517951030133134,188,365,206,293,262,194
1776767330.9815624,20.0,28,-52,59.0592922409336,7.184828739772944,0.023517951030133134,188,365,206,293,262,194
1776767331.0622065,20.0,28,-52,59.0592922409336,7.184828739772944,0.023517951030133134,188,365,206,293,262,194
1776767331.141736,20.0,28,-52,59.0592922409336,7.184828739772944,0.023517951030133134,188,365,206,293,262,194
1776767331.225148,20.0,28,-52,59.0592922409336,7.184828739772944,0.023517951030133134,188,365,206,293,262,194
1776767331.2989774,20.0,29,-52,59.53990258641679,7.243297151632212,0.0241135273514622,188,365,206,293,263,194
1776767331.396678,20.0,29,-52,59.53990258641679,7.243297151632212,0.0241135273514622,188,365,206,293,263,194
1776767331.4771962,20.0,29,-53,60.41522986797286,7.349784655471151,0.023630283219230733,188,365,206,293,263,193
1776767331.5577586,20.0,29,-53,60.41522986797286,7.349784655471151,0.023630283219230733,188,365,206,293,263,193
1776767331.6375995,20.0,29,-53,60.41522986797286,7.349784655471151,0.023630283219230733,188,365,206,293,263,193
1776767331.7177927,20.0,29,-53,60.41522986797286,7.349784655471151,0.023630283219230733,188,365,206,293,263,193
1776767331.7967901,20.0,29,-53,60.41522986797286,7.349784655471151,0.023630283219230733,188,365,206,293,263,193
1776767331.876068,20.0,29,-53,60.41522986797286,7.349784655471151,0.023630283219230733,188,365,206,293,263,193
1776767331.9571407,20.0,29,-53,60.41522986797286,7.349784655471151,0.023630283219230733,188,365,206,293,263,193
1776767332.0374248,20.0,29,-53,60.41522986797286,7.349784655471151,0.023630283219230733,188,365,206,293,263,193
1776767332.1200845,20.0,29,-54,61.29437168288782,7.456736214463238,0.023156648170232517,188,365,206,293,263,192
1776767332.1956573,20.0,29,-54,61.29437168288782,7.456736214463238,0.023156648170232517,188,365,206,293,263,192
1776767332.2756927,20.0,29,-54,61.29437168288782,7.456736214463238,0.023156648170232517,188,365,206,293,263,192
1776767332.355761,20.0,29,-54,61.29437168288782,7.456736214463238,0.023156648170232517,188,365,206,293,263,192
1776767332.4223514,20.0,29,-54,61.29437168288782,7.456736214463238,0.023156648170232517,188,365,206,293,263,192
1776767332.5014465,20.0,29,-54,61.29437168288782,7.456736214463238,0.023156648170232517,188,365,206,293,263,192
1776767332.5814958,20.0,29,-54,61.29437168288782,7.456736214463238,0.023156648170232517,188,365,206,293,263,192
1776767332.6629026,20.0,29,-54,61.29437168288782,7.456736214463238,0.023786060734717326,188,365,206,292,263,192
1776767332.7583787,20.0,29,-55,62.177166226839255,7.564132144384337,0.0233141826227015,188,365,206,292,263,191
1776767332.836503,20.0,29,-55,62.177166226839255,7.564132144384337,0.0233141826227015,188,365,206,292,263,191
1776767332.9171178,20.0,30,-55,62.64982043070834,7.621632655803934,0.023888268410557155,188,365,206,292,264,191
1776767333.0038362,20.0,30,-55,62.64982043070834,7.621632655803934,0.023888268410557155,188,365,206,292,264,191
1776767333.0759587,20.0,30,-55,62.64982043070834,7.621632655803934,0.023888268410557155,188,365,206,292,264,191
1776767333.154876,20.0,30,-55,62.64982043070834,7.621632655803934,0.023888268410557155,188,365,206,292,264,191
1776767333.2513738,20.0,30,-56,63.52952069707436,7.7286521529287535,0.02342175389244697,188,365,206,292,264,190
1776767333.3358371,20.0,30,-56,63.52952069707436,7.7286521529287535,0.02342175389244697,188,365,206,292,264,190
1776767333.413858,20.0,30,-56,63.52952069707436,7.7286521529287535,0.02342175389244697,188,365,206,292,264,190
1776767333.490998,20.0,30,-56,63.52952069707436,7.7286521529287535,0.02342175389244697,188,365,206,292,264,190
1776767333.5710318,20.0,30,-56,63.52952069707436,7.7286521529287535,0.02235775219694664,188,365,207,291,264,190
1776767333.6635122,20.0,30,-56,63.52952069707436,7.7286521529287535,0.02235775219694664,188,365,207,291,264,190
1776767333.734092,20.0,30,-57,64.41273166075166,7.8360987421839,0.021902176756344528,188,365,207,291,264,189
1776767333.8138933,20.0,30,-57,64.41273166075166,7.8360987421839,0.021902176756344528,188,365,207,291,264,189
1776767333.8935642,20.0,30,-57,64.41273166075166,7.8360987421839,0.021902176756344528,188,365,207,291,264,189
1776767333.976012,20.0,30,-57,64.41273166075166,7.8360987421839,0.022516822898150036,188,365,207,290,264,189
1776767334.068136,20.0,30,-58,65.29931086925804,7.943955093583702,0.02206286493231552,188,365,207,290,264,188
1776767334.150803,20.0,30,-58,65.29931086925804,7.943955093583702,0.02206286493231552,188,365,207,290,264,188
1776767334.237763,20.0,30,-58,65.29931086925804,7.943955093583702,0.02206286493231552,188,365,207,290,264,188
1776767334.309332,20.0,30,-58,65.29931086925804,7.943955093583702,0.02281016438255944,188,366,207,289,264,188
1776767334.3868227,20.0,30,-59,66.18912297349165,8.052204741300686,0.022359506803840072,188,366,207,289,264,187
1776767334.4713535,20.0,30,-59,66.18912297349165,8.052204741300686,0.022359506803840072,188,366,207,289,264,187
1776767334.5666044,20.0,30,-59,66.18912297349165,8.052204741300686,0.022359506803840072,188,366,207,289,264,187
1776767334.6462102,20.0,30,-59,66.18912297349165,8.052204741300686,0.022945150748492717,188,366,207,288,264,187
1776767334.7243307,20.0,30,-60,67.08203932499369,8.160832034670765,0.022496172235814273,188,366,207,288,264,186
1776767334.8057315,20.0,30,-60,67.08203932499369,8.160832034670765,0.022496172235814273,188,366,207,288,264,186
1776767334.885764,20.0,31,-60,67.53517601961218,8.21595815323749,0.021473267962918582,188,366,208,288,265,186
1776767334.9648087,20.0,31,-60,67.53517601961218,8.21595815323749,0.021473267962918582,188,366,208,288,265,186
1776767335.046389,20.0,31,-61,68.42514157822401,8.324226469370318,0.021619023566849496,188,366,208,287,265,185
1776767335.1240518,20.0,31,-61,68.42514157822401,8.324226469370318,0.021619023566849496,188,366,208,287,265,185
1776767335.20416,20.0,31,-61,68.42514157822401,8.324226469370318,0.021619023566849496,188,366,208,287,265,185
1776767335.2840583,20.0,31,-61,68.42514157822401,8.324226469370318,0.021619023566849496,188,366,208,287,265,185
1776767335.3663547,20.0,30,-61,67.97793759742936,8.26982209214469,0.021054408285136845,188,366,208,287,264,185
1776767335.4451277,20.0,30,-61,67.97793759742936,8.26982209214469,0.021054408285136845,188,366,208,287,264,185
1776767335.541589,20.0,29,-61,67.54257916307313,8.216858778962667,0.02206324643476033,188,366,207,287,263,185
1776767335.6221638,20.0,28,-60,66.2117814289874,8.054961244402358,0.02193100513653095,188,366,207,287,262,186
1776767335.7012753,20.0,28,-60,66.2117814289874,8.054961244402358,0.02193100513653095,188,366,207,287,262,186
1776767335.7794006,20.0,27,-60,65.79513659838392,8.00427452535084,0.021346281696605896,188,366,207,287,261,186
1776767335.8756561,20.0,27,-60,65.79513659838392,8.00427452535084,0.021346281696605896,188,366,207,287,261,186
1776767335.956809,20.0,27,-60,65.79513659838392,8.00427452535084,0.021346281696605896,188,366,207,287,261,186
1776767336.036858,20.0,27,-61,66.70832032063167,8.115367435599959,0.020911704360562444,188,366,207,287,261,185
1776767336.116126,20.0,27,-61,66.70832032063167,8.115367435599959,0.021476611432181842,188,366,207,286,261,185
1776767336.197678,20.0,27,-61,66.70832032063167,8.115367435599959,0.021476611432181842,188,366,207,286,261,185
1776767336.275357,20.0,27,-61,66.70832032063167,8.115367435599959,0.021476611432181842,188,366,207,286,261,185
1776767336.357104,20.0,27,-62,67.62396025078685,8.22675915459694,0.021043640601342155,188,366,207,286,261,184
1776767336.4368284,20.0,27,-62,67.62396025078685,8.22675915459694,0.021600069022799748,188,366,207,285,261,184
1776767336.5176716,20.0,27,-62,67.62396025078685,8.22675915459694,0.020024499491835258,188,366,208,285,261,184
1776767336.5974019,20.0,27,-63,68.54195795277518,8.338437707150264,0.0196024291439063,188,366,208,285,261,183
1776767336.6777215,20.0,27,-63,68.54195795277518,8.338437707150264,0.020160177060961598,188,366,208,284,261,183
1776767336.7570503,20.0,27,-64,69.46221994724903,8.450391721076523,0.019739607716374938,188,366,208,284,261,182
1776767336.8371196,20.0,27,-64,69.46221994724903,8.450391721076523,0.019739607716374938,188,366,208,284,261,182
1776767336.9163609,20.0,27,-65,70.3846574190711,8.56261039161449,0.019870091036897016,188,366,208,283,261,181
1776767336.998625,20.0,27,-65,70.3846574190711,8.56261039161449,0.019870091036897016,188,366,208,283,261,181
1776767337.078939,20.0,27,-66,71.30918594402827,8.67508344817862,0.019994151894611675,188,366,208,282,261,180
1776767337.1569371,20.0,27,-66,71.30918594402827,8.67508344817862,0.019994151894611675,188,366,208,282,261,180
1776767337.2378607,20.0,27,-67,72.2357252334328,8.787801123288661,0.01807535931691113,188,366,209,282,261,179
1776767337.3312635,20.0,27,-67,72.2357252334328,8.787801123288661,0.01861063376741243,188,366,209,281,261,179
1776767337.413669,20.0,27,-67,72.2357252334328,8.787801123288661,0.01861063376741243,188,366,209,281,261,179
1776767337.4933825,20.0,27,-68,73.16419889536138,8.900754123523281,0.01821201064411196,188,366,209,281,261,178
1776767337.5722709,20.0,27,-68,73.16419889536138,8.900754123523281,0.018739650682359933,188,366,209,280,261,178
1776767337.6523235,20.0,28,-69,74.46475676452586,9.058972842399738,0.018917150458992987,188,366,209,280,262,177
1776767337.7333765,20.0,28,-70,75.39230729988306,9.171813540131758,0.01903845592703616,188,366,209,279,262,176
1776767337.8121057,20.0,28,-70,75.39230729988306,9.171813540131758,0.019553093822109104,188,366,209,278,262,176
1776767337.8922873,20.0,28,-71,76.32168761236873,9.28487683848768,0.0177144010050521,188,366,210,278,262,175
1776767338.0044608,20.0,28,-71,76.32168761236873,9.28487683848768,0.018229248914475298,188,366,210,277,262,175
1776767338.0830705,20.0,28,-72,77.25283166331187,9.39815470356592,0.017840189153775023,188,366,210,277,262,174
1776767338.162703,20.0,28,-72,77.25283166331187,9.39815470356592,0.018348078920348464,188,366,210,276,262,174
1776767338.242041,20.0,28,-73,78.18567643756751,9.51163946929045,0.017960367663470502,188,366,210,276,262,173
1776767338.3280332,20.0,29,-73,78.54934754662193,9.555881696669333,0.019027401212459764,188,366,210,275,263,173
1776767338.4074755,20.0,29,-74,79.47955712005447,9.669045878352124,0.018636502425254168,188,366,210,275,263,172
1776767338.4885824,20.0,29,-75,80.4114419718985,9.782413865194464,0.01874318168708377,188,366,210,274,263,171
1776767338.5805569,20.0,29,-75,80.4114419718985,9.782413865194464,0.017367470167955184,188,366,211,274,263,171
1776767338.661345,20.0,29,-76,81.34494452638098,9.895978652844402,0.017483580770886038,188,366,211,273,263,170
1776767338.7414935,20.0,29,-76,81.34494452638098,9.895978652844402,0.017483580770886038,188,366,211,273,263,170
1776767338.8223886,20.0,29,-77,82.28000972289685,10.009733542931489,0.017594641346570905,188,366,211,272,263,169
1776767338.9015818,20.0,30,-77,82.63776376451628,10.053255932422903,0.018148847559412703,188,366,211,272,264,169
1776767338.9802666,20.0,30,-78,83.57032966310472,10.16670677166724,0.01825222107851816,188,366,211,271,264,168
1776767339.0768535,20.0,30,-78,83.57032966310472,10.16670677166724,0.01825222107851816,188,366,211,271,264,168
1776767339.1580486,20.0,30,-79,84.50443775329198,10.28034522546131,0.01835093999997077,188,366,211,270,264,167
1776767339.2366545,20.0,30,-79,84.50443775329198,10.28034522546131,0.01835093999997077,188,366,211,270,264,167
1776767339.3188944,20.0,30,-80,85.44003745317531,10.394165140288965,0.017141225039785137,188,366,212,269,264,166
1776767339.3943248,20.0,30,-81,86.37708029332781,10.508160619626253,0.01677745177688949,188,366,212,269,264,165
1776767339.4764388,20.0,30,-81,86.37708029332781,10.508160619626253,0.017244115840678056,188,366,212,268,264,165
1776767339.5566308,20.0,30,-82,87.31551981177229,10.622326011164512,0.016881583618848686,188,366,212,268,264,164
1776767339.6371658,20.0,30,-82,87.31551981177229,10.622326011164512,0.017342603931194737,188,366,212,267,264,164
1776767339.7195427,20.0,30,-83,88.25531145489205,10.736655894755723,0.016981320671247892,188,366,212,267,264,163
1776767339.8167303,20.0,30,-83,88.25531145489205,10.736655894755723,0.016981320671247892,188,366,212,267,264,163
1776767339.9080627,20.0,31,-84,89.5377015563835,10.892664422917699,0.017611584063591784,188,366,212,266,265,162
1776767339.9880402,20.0,31,-84,89.5377015563835,10.892664422917699,0.017611584063591784,188,366,212,266,265,162
1776767340.0687823,20.0,31,-85,90.47651629014017,11.006875461087612,0.017700373768937468,188,366,212,265,265,161
1776767340.1796422,20.0,31,-85,90.47651629014017,11.006875461087612,0.017700373768937468,188,366,212,265,265,161
1776767340.2749004,20.0,31,-86,91.4166286842826,11.1212443654845,0.01778524206918264,188,366,212,264,265,160
1776767340.3561862,20.0,31,-86,91.4166286842826,11.1212443654845,0.01778524206918264,188,366,212,264,265,160
1776767340.436016,20.0,31,-87,92.35799911215054,11.23576631534678,0.01786632460881228,188,366,212,263,265,159
1776767340.5162678,20.0,31,-87,92.35799911215054,11.23576631534678,0.01786632460881228,188,366,212,263,265,159
1776767340.5954316,20.0,31,-88,93.30058949438637,11.350436678149192,0.01794375176371796,188,366,212,262,265,158
1776767340.6767023,20.0,31,-88,93.30058949438637,11.350436678149192,0.01794375176371796,188,366,212,262,265,158
1776767340.7573426,20.0,31,-89,94.2443632266673,11.465251000811106,0.0175915827297172,188,366,212,262,265,157
1776767340.8376355,20.0,31,-89,94.2443632266673,11.465251000811106,0.01801764887673972,188,366,212,261,265,157
1776767340.9164348,20.0,31,-89,94.2443632266673,11.465251000811106,0.01801764887673972,188,366,212,261,265,157
1776767340.9978542,20.0,31,-90,95.1892851112981,11.580205001374464,0.018088136481250745,188,366,212,260,265,156
1776767341.078146,20.0,31,-90,95.1892851112981,11.580205001374464,0.018088136481250745,188,366,212,260,265,156
1776767341.155755,20.0,31,-91,96.13532129243653,11.695294561123664,0.01815533051345967,188,366,212,259,265,155
1776767341.237219,20.0,31,-91,96.13532129243653,11.695294561123664,0.01815533051345967,188,366,212,259,265,155
1776767341.3146768,20.0,31,-91,96.13532129243653,11.695294561123664,0.01815533051345967,188,366,212,259,265,155
1776767341.3953364,20.0,31,-92,97.082439194738,11.81051571712141,0.018219342514064023,188,366,212,258,265,154
1776767341.475457,20.0,31,-92,97.082439194738,11.81051571712141,0.018219342514064023,188,366,212,258,265,154
1776767341.5547864,20.0,31,-93,98.03060746521976,11.925864655136223,0.01828027981984981,188,366,212,257,265,153
1776767341.635175,20.0,31,-93,98.03060746521976,11.925864655136223,0.017126136214052335,188,366,213,257,265,153
1776767341.7143233,20.0,31,-93,98.03060746521976,11.925864655136223,0.017126136214052335,188,366,213,257,265,153
1776767341.8107724,20.0,31,-94,98.97979591815695,12.041337702938801,0.017194474850619677,188,366,213,256,265,152
1776767341.8971815,20.0,31,-94,98.97979591815695,12.041337702938801,0.017194474850619677,188,366,213,256,265,152
1776767341.973223,20.0,31,-95,99.92997548283498,12.15693132394586,0.016856612649435845,188,366,213,256,265,151
1776767342.0464916,20.0,31,-95,99.92997548283498,12.15693132394586,0.01725977116332538,188,366,213,255,265,151
1776767342.1505692,20.0,31,-95,99.92997548283498,12.15693132394586,0.01725977116332538,188,366,213,255,265,151
1776767342.2280862,20.0,31,-96,100.88111815399351,12.272642111191423,0.017322124774231024,188,366,213,254,265,150
1776767342.301546,20.0,31,-96,100.88111815399351,12.272642111191423,0.017322124774231024,188,366,213,254,265,150
1776767342.3851612,20.0,31,-96,100.88111815399351,12.272642111191423,0.017322124774231024,188,366,213,254,265,150
1776767342.4635723,20.0,31,-96,100.88111815399351,12.272642111191423,0.017322124774231024,188,366,213,254,265,150
1776767342.5320692,20.0,31,-97,101.83319694480774,12.38846678160678,0.017381631675426463,188,366,213,253,265,149
1776767342.6159132,20.0,31,-97,101.83319694480774,12.38846678160678,0.017381631675426463,188,366,213,253,265,149
1776767342.6978216,20.0,31,-98,102.7861858422619,12.50440217059147,0.01704739956951311,188,366,213,253,265,148
1776767342.7675953,20.0,31,-98,102.7861858422619,12.50440217059147,0.017438384380890775,188,366,213,252,265,148
1776767342.8418674,20.0,31,-98,102.7861858422619,12.50440217059147,0.017438384380890775,188,366,213,252,265,148
1776767342.9159634,20.0,31,-98,102.7861858422619,12.50440217059147,0.017438384380890775,188,366,213,252,265,148
1776767342.9935734,20.0,31,-99,103.74005976477939,12.620445226858806,0.017105365014932802,188,366,213,252,265,147
1776767343.068249,20.0,31,-99,103.74005976477939,12.620445226858806,0.01749247207113522,188,366,213,251,265,147
1776767343.141479,20.0,31,-99,103.74005976477939,12.620445226858806,0.01749247207113522,188,366,213,251,265,147
1776767343.2191172,20.0,31,-100,104.69479452198185,12.73659300754037,0.017160666164646603,188,366,213,251,265,146
1776767343.3152912,20.0,31,-100,104.69479452198185,12.73659300754037,0.017160666164646603,188,366,213,251,265,146
1776767343.395694,20.0,31,-100,104.69479452198185,12.73659300754037,0.017543980731010916,188,366,213,250,265,146
1776767343.4764671,20.0,31,-100,104.69479452198185,12.73659300754037,0.017543980731010916,188,366,213,250,265,146
1776767343.5549827,20.0,31,-101,105.65036677645753,12.852842673534978,0.017213388651299857,188,366,213,250,265,145
1776767343.6381557,20.0,31,-101,105.65036677645753,12.852842673534978,0.017592993281041462,188,366,213,249,265,145
1776767343.7184849,20.0,31,-101,105.65036677645753,12.852842673534978,0.017592993281041462,188,366,213,249,265,145
1776767343.7956524,20.0,31,-101,105.65036677645753,12.852842673534978,0.017592993281041462,188,366,213,249,265,145
1776767343.8767464,20.0,31,-102,106.60675400742676,12.969191485088412,0.017263615060967092,188,366,213,249,265,144
1776767343.9623704,20.0,31,-102,106.60675400742676,12.969191485088412,0.017263615060967092,188,366,213,249,265,144
1776767344.036457,20.0,31,-102,106.60675400742676,12.969191485088412,0.016566452015856492,188,366,214,248,265,144
1776767344.1159763,20.0,31,-102,106.60675400742676,12.969191485088412,0.016566452015856492,188,366,214,248,265,144
1776767344.196455,20.0,31,-102,106.60675400742676,12.969191485088412,0.016566452015856492,188,366,214,248,265,144
1776767344.278673,20.0,31,-103,107.56393447619885,13.0856367975911,0.016619667287507356,188,366,214,247,265,143
1776767344.3585627,20.0,31,-103,107.56393447619885,13.0856367975911,0.016619667287507356,188,366,214,247,265,143
1776767344.4349418,20.0,31,-103,107.56393447619885,13.0856367975911,0.016619667287507356,188,366,214,247,265,143
1776767344.5325375,20.0,31,-103,107.56393447619885,13.0856367975911,0.016619667287507356,188,366,214,247,265,143
1776767344.612856,20.0,31,-104,108.52188719332152,13.202176057581692,0.0167189664025158,188,367,214,246,265,142
1776767344.7084136,20.0,31,-104,108.52188719332152,13.202176057581692,0.0167189664025158,188,367,214,246,265,142
1776767344.789678,20.0,31,-104,108.52188719332152,13.202176057581692,0.0167189664025158,188,367,214,246,265,142
1776767344.8840082,20.0,30,-104,108.24047302187847,13.16794075691952,0.01621849675752195,188,367,214,246,264,142
1776767344.9627666,20.0,30,-105,109.20164833920778,13.284872060730873,0.0159041890756278,188,367,214,246,264,141
1776767345.0451355,20.0,30,-105,109.20164833920778,13.284872060730873,0.01626690504351896,188,367,214,245,264,141
1776767345.1243007,20.0,30,-105,109.20164833920778,13.284872060730873,0.01626690504351896,188,367,214,245,264,141
1776767345.2034442,20.0,30,-105,109.20164833920778,13.284872060730873,0.01626690504351896,188,367,214,245,264,141
1776767345.2853146,20.0,30,-105,109.20164833920778,13.284872060730873,0.01626690504351896,188,367,214,245,264,141
1776767345.364299,20.0,30,-106,110.16351483136329,13.401887449070959,0.015953722088187093,188,367,214,245,264,140
1776767345.445628,20.0,30,-106,110.16351483136329,13.401887449070959,0.0163131069908932,188,367,214,244,264,140
1776767345.5238018,20.0,30,-106,110.16351483136329,13.401887449070959,0.0163131069908932,188,367,214,244,264,140
1776767345.603797,20.0,30,-106,110.16351483136329,13.401887449070959,0.0163131069908932,188,367,214,244,264,140
1776767345.685053,20.0,30,-106,110.16351483136329,13.401887449070959,0.0163131069908932,188,367,214,244,264,140
1776767345.766157,20.0,30,-107,111.12605455067681,13.518984738525159,0.016001048441733223,188,367,214,244,264,139
1776767345.8602445,20.0,30,-107,111.12605455067681,13.518984738525159,0.016357170330989483,188,367,214,243,264,139
1776767345.9416466,20.0,30,-107,111.12605455067681,13.518984738525159,0.016357170330989483,188,367,214,243,264,139
1776767346.02092,20.0,30,-107,111.12605455067681,13.518984738525159,0.016357170330989483,188,367,214,243,264,139
1776767346.0991814,20.0,30,-107,111.12605455067681,13.518984738525159,0.016357170330989483,188,367,214,243,264,139
1776767346.1804078,20.0,30,-108,112.08925015361643,13.636161819174747,0.01639916050745062,188,367,214,242,264,138
1776767346.2605512,20.0,30,-108,112.08925015361643,13.636161819174747,0.01639916050745062,188,367,214,242,264,138
1776767346.3394275,20.0,30,-108,112.08925015361643,13.636161819174747,0.01639916050745062,188,367,214,242,264,138
1776767346.4203515,20.0,30,-108,112.08925015361643,13.636161819174747,0.01639916050745062,188,367,214,242,264,138
1776767346.4998932,20.0,30,-108,112.08925015361643,13.636161819174747,0.01639916050745062,188,367,214,242,264,138
1776767346.5799031,20.0,30,-108,112.08925015361643,13.636161819174747,0.01639916050745062,188,367,214,242,264,138
1776767346.6579154,20.0,30,-109,113.05308487608819,13.753416651592236,0.016439140764641758,188,367,214,241,264,137
1776767346.738419,20.0,30,-109,113.05308487608819,13.753416651592236,0.016439140764641758,188,367,214,241,264,137
1776767346.8187842,20.0,30,-109,113.05308487608819,13.753416651592236,0.016439140764641758,188,367,214,241,264,137
1776767346.8998084,20.0,30,-109,113.05308487608819,13.753416651592236,0.016439140764641758,188,367,214,241,264,137
1776767346.9955866,20.0,30,-109,113.05308487608819,13.753416651592236,0.016439140764641758,188,367,214,241,264,137
1776767347.0801437,20.0,29,-109,112.79184367674819,13.721635483789315,0.015942957669074664,188,367,214,241,263,137
1776767347.1557262,20.0,29,-110,113.75851616472501,13.839235543153894,0.01598309583098677,188,367,214,240,263,136
1776767347.235708,20.0,29,-110,113.75851616472501,13.839235543153894,0.01598309583098677,188,367,214,240,263,136
1776767347.3155878,20.0,29,-110,113.75851616472501,13.839235543153894,0.01598309583098677,188,367,214,240,263,136
1776767347.3961973,20.0,29,-110,113.75851616472501,13.839235543153894,0.01598309583098677,188,367,214,240,263,136
1776767347.4762425,20.0,29,-110,113.75851616472501,13.839235543153894,0.01598309583098677,188,367,214,240,263,136
1776767347.555973,20.0,29,-110,113.75851616472501,13.839235543153894,0.01598309583098677,188,367,214,240,263,136
1776767347.6527307,20.0,29,-111,114.72575996697516,13.95690510547143,0.016021324751908594,188,367,214,239,263,135
1776767347.7355683,20.0,29,-111,114.72575996697516,13.95690510547143,0.016021324751908594,188,367,214,239,263,135
1776767347.8122966,20.0,29,-111,114.72575996697516,13.95690510547143,0.016021324751908594,188,367,214,239,263,135
1776767347.8933613,20.0,29,-111,114.72575996697516,13.95690510547143,0.016021324751908594,188,367,214,239,263,135
1776767347.9721818,20.0,29,-111,114.72575996697516,13.95690510547143,0.016021324751908594,188,367,214,239,263,135
1776767348.0540085,20.0,29,-111,114.72575996697516,13.95690510547143,0.016021324751908594,188,367,214,239,263,135
1776767348.1333327,20.0,29,-111,114.72575996697516,13.95690510547143,0.01636491413104829,188,367,214,238,263,135
1776767348.215338,20.0,29,-111,114.72575996697516,13.95690510547143,0.01636491413104829,188,367,214,238,263,135
1776767348.2922635,20.0,29,-112,115.69356075426151,14.074642427525731,0.016057701887792004,188,367,214,238,263,134
1776767348.3766172,20.0,29,-112,115.69356075426151,14.074642427525731,0.016057701887792004,188,367,214,238,263,134
1776767348.4700828,20.0,29,-112,115.69356075426151,14.074642427525731,0.016057701887792004,188,367,214,238,263,134
1776767348.5497105,20.0,29,-112,115.69356075426151,14.074642427525731,0.016057701887792004,188,367,214,238,263,134
1776767348.629458,20.0,29,-112,115.69356075426151,14.074642427525731,0.016057701887792004,188,367,214,238,263,134
1776767348.7094665,20.0,29,-112,115.69356075426151,14.074642427525731,0.016398369868282938,188,367,214,237,263,134
1776767348.7881815,20.0,29,-112,115.69356075426151,14.074642427525731,0.016398369868282938,188,367,214,237,263,134
1776767348.86932,20.0,29,-113,116.66190466471906,14.192445822958522,0.016092282804284257,188,367,214,237,263,133
1776767348.948419,20.0,29,-113,116.66190466471906,14.192445822958522,0.016092282804284257,188,367,214,237,263,133
1776767349.0299942,20.0,29,-113,116.66190466471906,14.192445822958522,0.016092282804284257,188,367,214,237,263,133
1776767349.108491,20.0,29,-113,116.66190466471906,14.192445822958522,0.016092282804284257,188,367,214,237,263,133
1776767349.1499357,20.0,28,-113,116.41735265844177,14.162694970613353,0.015598164207454754,188,367,214,237,262,133
1776767349.2073665,20.0,28,-113,116.41735265844177,14.162694970613353,0.01593385612477927,188,367,214,236,262,133
1776767349.2644746,20.0,28,-113,116.41735265844177,14.162694970613353,0.01593385612477927,188,367,214,236,262,133
1776767349.319811,20.0,28,-113,116.41735265844177,14.162694970613353,0.01593385612477927,188,367,214,236,262,133
1776767349.3748577,20.0,28,-114,117.38824472663352,14.28080836090432,0.015633062624256636,188,367,214,236,262,132
1776767349.432121,20.0,28,-114,117.38824472663352,14.28080836090432,0.015633062624256636,188,367,214,236,262,132
1776767349.4896007,20.0,28,-114,117.38824472663352,14.28080836090432,0.015633062624256636,188,367,214,236,262,132
1776767349.5469518,20.0,28,-114,117.38824472663352,14.28080836090432,0.015633062624256636,188,367,214,236,262,132
1776767349.6041784,20.0,28,-114,117.38824472663352,14.28080836090432,0.015633062624256636,188,367,214,236,262,132
1776767349.7149646,20.0,28,-114,117.38824472663352,14.28080836090432,0.015633062624256636,188,367,214,236,262,132
1776767349.7729602,20.0,28,-114,117.38824472663352,14.28080836090432,0.015965948662987884,188,367,214,235,262,132
1776767349.8306494,20.0,28,-114,117.38824472663352,14.28080836090432,0.015965948662987884,188,367,214,235,262,132
1776767349.8869407,20.0,28,-114,117.38824472663352,14.28080836090432,0.015965948662987884,188,367,214,235,262,132
