time,pressure_kPa,dx_px,dy_px,tip_disp_px,tip_disp_mm,curvature_1_per_mm,base_x,base_y,mid_x,mid_y,tip_x,tip_y
1776763924.6377828,0.0,-2,3,3.605551275463989,0.43863154202724924,0.02733778307702811,188,366,206,294,265,199
1776763924.6910481,0.0,-2,3,3.605551275463989,0.43863154202724924,0.02733778307702811,188,366,206,294,265,199
1776763924.7484524,0.0,-2,3,3.605551275463989,0.43863154202724924,0.02733778307702811,188,366,206,294,265,199
1776763924.80644,0.0,-2,3,3.605551275463989,0.43863154202724924,0.02733778307702811,188,366,206,294,265,199
1776763924.8634794,0.0,-2,3,3.605551275463989,0.43863154202724924,0.02733778307702811,188,366,206,294,265,199
1776763924.9202409,0.0,-2,3,3.605551275463989,0.43863154202724924,0.02733778307702811,188,366,206,294,265,199
1776763924.9737148,0.0,-2,3,3.605551275463989,0.43863154202724924,0.02733778307702811,188,366,206,294,265,199
1776763925.030804,0.0,-2,3,3.605551275463989,0.43863154202724924,0.02733778307702811,188,366,206,294,265,199
1776763925.0886762,0.0,-2,3,3.605551275463989,0.43863154202724924,0.02733778307702811,188,366,206,294,265,199
1776763925.1455207,0.0,-2,3,3.605551275463989,0.43863154202724924,0.02733778307702811,188,366,206,294,265,199
1776763925.2026787,0.0,-2,3,3.605551275463989,0.43863154202724924,0.02733778307702811,188,366,206,294,265,199
1776763925.2602582,0.0,-2,3,3.605551275463989,0.43863154202724924,0.02733778307702811,188,366,206,294,265,199
1776763925.3132546,0.0,-2,3,3.605551275463989,0.43863154202724924,0.02733778307702811,188,366,206,294,265,199
1776763925.3705797,0.0,-2,3,3.605551275463989,0.43863154202724924,0.02733778307702811,188,366,206,294,265,199
1776763925.4278939,0.0,-2,3,3.605551275463989,0.43863154202724924,0.02733778307702811,188,366,206,294,265,199
1776763925.4854374,0.0,-2,3,3.605551275463989,0.43863154202724924,0.02733778307702811,188,366,206,294,265,199
1776763925.5425134,0.0,-2,3,3.605551275463989,0.43863154202724924,0.02733778307702811,188,366,206,294,265,199
1776763925.5957637,0.0,-2,3,3.605551275463989,0.43863154202724924,0.02733778307702811,188,366,206,294,265,199
1776763925.6543252,0.0,-2,3,3.605551275463989,0.43863154202724924,0.02733778307702811,188,366,206,294,265,199
1776763925.7104526,0.0,-2,3,3.605551275463989,0.43863154202724924,0.02733778307702811,188,366,206,294,265,199
1776763925.7699673,0.0,-2,3,3.605551275463989,0.43863154202724924,0.02733778307702811,188,366,206,294,265,199
1776763925.8254538,0.0,-2,3,3.605551275463989,0.43863154202724924,0.02733778307702811,188,366,206,294,265,199
1776763925.8823357,0.0,-2,3,3.605551275463989,0.43863154202724924,0.02733778307702811,188,366,206,294,265,199
1776763925.9372718,0.0,-2,3,3.605551275463989,0.43863154202724924,0.02733778307702811,188,366,206,294,265,199
1776763925.9932024,0.0,-2,4,4.47213595499958,0.544055468978051,0.027879698609020422,188,366,206,294,265,200
1776763926.0513275,0.0,-2,4,4.47213595499958,0.544055468978051,0.027879698609020422,188,366,206,294,265,200
1776763926.1085844,0.0,-2,4,4.47213595499958,0.544055468978051,0.027879698609020422,188,366,206,294,265,200
1776763926.166073,0.0,-2,4,4.47213595499958,0.544055468978051,0.027879698609020422,188,366,206,294,265,200
1776763926.2193708,0.0,-2,4,4.47213595499958,0.544055468978051,0.027879698609020422,188,366,206,294,265,200
1776763926.2770414,0.0,-2,4,4.47213595499958,0.544055468978051,0.027879698609020422,188,366,206,294,265,200
1776763926.3339224,0.0,-2,4,4.47213595499958,0.544055468978051,0.027879698609020422,188,366,206,294,265,200
1776763926.3916047,0.0,-2,4,4.47213595499958,0.544055468978051,0.027879698609020422,188,366,206,294,265,200
1776763926.448713,0.0,-2,4,4.47213595499958,0.544055468978051,0.027879698609020422,188,366,206,294,265,200
1776763926.5055366,0.0,-2,4,4.47213595499958,0.544055468978051,0.027879698609020422,188,366,206,294,265,200
1776763926.558863,0.0,-2,4,4.47213595499958,0.544055468978051,0.027879698609020422,188,366,206,294,265,200
1776763926.6159241,0.0,-2,4,4.47213595499958,0.544055468978051,0.027879698609020422,188,366,206,294,265,200
1776763926.6732814,0.0,-2,4,4.47213595499958,0.544055468978051,0.027879698609020422,188,366,206,294,265,200
1776763926.7308142,0.0,-2,4,4.47213595499958,0.544055468978051,0.027879698609020422,188,366,206,294,265,200
1776763926.7876859,0.0,-2,4,4.47213595499958,0.544055468978051,0.027879698609020422,188,366,206,294,265,200
1776763926.8409932,0.0,-2,4,4.47213595499958,0.544055468978051,0.027879698609020422,188,366,206,294,265,200
1776763926.8988042,0.0,-2,4,4.47213595499958,0.544055468978051,0.027879698609020422,188,366,206,294,265,200
1776763926.9568748,0.0,-2,4,4.47213595499958,0.544055468978051,0.027879698609020422,188,366,206,294,265,200
1776763927.0140324,0.0,-2,4,4.47213595499958,0.544055468978051,0.027879698609020422,188,366,206,294,265,200
1776763927.0710018,0.0,-2,4,4.47213595499958,0.544055468978051,0.027879698609020422,188,366,206,294,265,200
1776763927.1281645,0.0,-2,4,4.47213595499958,0.544055468978051,0.027879698609020422,188,366,206,294,265,200
1776763927.1813695,0.0,-2,4,4.47213595499958,0.544055468978051,0.027879698609020422,188,366,206,294,265,200
1776763927.238223,0.0,-2,4,4.47213595499958,0.544055468978051,0.027879698609020422,188,366,206,294,265,200
1776763927.295875,0.0,-2,4,4.47213595499958,0.544055468978051,0.027879698609020422,188,366,206,294,265,200
1776763927.353428,0.0,-2,4,4.47213595499958,0.544055468978051,0.027879698609020422,188,366,206,294,265,200
1776763927.4107203,0.0,-2,4,4.47213595499958,0.544055468978051,0.027879698609020422,188,366,206,294,265,200
1776763927.4638364,0.0,-2,4,4.47213595499958,0.544055468978051,0.027879698609020422,188,366,206,294,265,200
1776763927.521255,0.0,-2,4,4.47213595499958,0.544055468978051,0.027879698609020422,188,366,206,294,265,200
1776763927.5788171,0.0,-2,4,4.47213595499958,0.544055468978051,0.027879698609020422,188,366,206,294,265,200
1776763927.635825,0.0,-2,4,4.47213595499958,0.544055468978051,0.027879698609020422,188,366,206,294,265,200
1776763927.6934316,0.0,-2,4,4.47213595499958,0.544055468978051,0.027879698609020422,188,366,206,294,265,200
1776763927.750924,0.0,-2,4,4.47213595499958,0.544055468978051,0.027879698609020422,188,366,206,294,265,200
1776763927.8040683,0.0,-2,4,4.47213595499958,0.544055468978051,0.027879698609020422,188,366,206,294,265,200
1776763927.861373,0.0,-2,4,4.47213595499958,0.544055468978051,0.027879698609020422,188,366,206,294,265,200
1776763927.918709,0.0,-2,4,4.47213595499958,0.544055468978051,0.027879698609020422,188,366,206,294,265,200
1776763927.9759827,0.0,-2,4,4.47213595499958,0.544055468978051,0.027879698609020422,188,366,206,294,265,200
1776763928.0331187,0.0,-2,4,4.47213595499958,0.544055468978051,0.027879698609020422,188,366,206,294,265,200
1776763928.0865557,0.0,-2,4,4.47213595499958,0.544055468978051,0.027879698609020422,188,366,206,294,265,200
1776763928.143402,0.0,-2,4,4.47213595499958,0.544055468978051,0.027879698609020422,188,366,206,294,265,200
1776763928.2007644,0.0,-2,4,4.47213595499958,0.544055468978051,0.027879698609020422,188,366,206,294,265,200
1776763928.258063,0.0,-2,4,4.47213595499958,0.544055468978051,0.027879698609020422,188,366,206,294,265,200
1776763928.3157604,0.0,-2,4,4.47213595499958,0.544055468978051,0.027879698609020422,188,366,206,294,265,200
1776763928.3735693,0.0,-2,4,4.47213595499958,0.544055468978051,0.027879698609020422,188,366,206,294,265,200
1776763928.4270046,0.0,-2,4,4.47213595499958,0.544055468978051,0.027879698609020422,188,366,206,294,265,200
1776763928.4839222,0.0,-2,4,4.47213595499958,0.544055468978051,0.027879698609020422,188,366,206,294,265,200
1776763928.5414085,0.0,-2,4,4.47213595499958,0.544055468978051,0.027879698609020422,188,366,206,294,265,200
1776763928.5979774,0.0,-2,4,4.47213595499958,0.544055468978051,0.027879698609020422,188,366,206,294,265,200
1776763928.6558852,0.0,-2,4,4.47213595499958,0.544055468978051,0.027879698609020422,188,366,206,294,265,200
1776763928.7097483,0.0,-2,4,4.47213595499958,0.544055468978051,0.027879698609020422,188,366,206,294,265,200
1776763928.7665956,0.0,-2,4,4.47213595499958,0.544055468978051,0.027879698609020422,188,366,206,294,265,200
1776763928.8237092,0.0,-2,4,4.47213595499958,0.544055468978051,0.027879698609020422,188,366,206,294,265,200
1776763928.880668,0.0,-2,4,4.47213595499958,0.544055468978051,0.027879698609020422,188,366,206,294,265,200
1776763928.9386072,0.0,-2,4,4.47213595499958,0.544055468978051,0.027879698609020422,188,366,206,294,265,200
1776763928.9957318,0.0,-2,4,4.47213595499958,0.544055468978051,0.027879698609020422,188,366,206,294,265,200
1776763929.049071,0.0,-2,4,4.47213595499958,0.544055468978051,0.027879698609020422,188,366,206,294,265,200
1776763929.1067252,0.0,-2,4,4.47213595499958,0.544055468978051,0.027879698609020422,188,366,206,294,265,200
1776763929.1641653,0.0,-2,4,4.47213595499958,0.544055468978051,0.027879698609020422,188,366,206,294,265,200
1776763929.2211053,0.0,-2,4,4.47213595499958,0.544055468978051,0.027879698609020422,188,366,206,294,265,200
1776763929.2783387,0.0,-2,4,4.47213595499958,0.544055468978051,0.027879698609020422,188,366,206,294,265,200
1776763929.332348,0.0,-2,4,4.47213595499958,0.544055468978051,0.027879698609020422,188,366,206,294,265,200
1776763929.3892648,0.0,-2,4,4.47213595499958,0.544055468978051,0.027879698609020422,188,366,206,294,265,200
1776763929.446866,0.0,-2,4,4.47213595499958,0.544055468978051,0.027879698609020422,188,366,206,294,265,200
1776763929.5033948,0.0,-2,4,4.47213595499958,0.544055468978051,0.027879698609020422,188,366,206,294,265,200
1776763929.5610278,0.0,-2,4,4.47213595499958,0.544055468978051,0.027879698609020422,188,366,206,294,265,200
1776763929.6178036,0.0,-2,4,4.47213595499958,0.544055468978051,0.027879698609020422,188,366,206,294,265,200
1776763929.6715865,0.0,-2,4,4.47213595499958,0.544055468978051,0.027879698609020422,188,366,206,294,265,200
1776763929.7292244,0.0,-2,4,4.47213595499958,0.544055468978051,0.027879698609020422,188,366,206,294,265,200
1776763929.7867048,0.0,-2,4,4.47213595499958,0.544055468978051,0.027879698609020422,188,366,206,294,265,200
1776763929.8440435,0.0,-2,4,4.47213595499958,0.544055468978051,0.027879698609020422,188,366,206,294,265,200
1776763929.9006584,0.0,-2,4,4.47213595499958,0.544055468978051,0.027879698609020422,188,366,206,294,265,200
1776763929.954205,0.0,-2,4,4.47213595499958,0.544055468978051,0.027879698609020422,188,366,206,294,265,200
1776763930.0121608,0.0,-2,4,4.47213595499958,0.544055468978051,0.027879698609020422,188,366,206,294,265,200
1776763930.0694973,0.0,-2,4,4.47213595499958,0.544055468978051,0.027879698609020422,188,366,206,294,265,200
1776763930.1261954,0.0,-2,4,4.47213595499958,0.544055468978051,0.027879698609020422,188,366,206,294,265,200
1776763930.1832824,0.0,-2,4,4.47213595499958,0.544055468978051,0.027879698609020422,188,366,206,294,265,200
1776763930.2408483,0.0,-2,4,4.47213595499958,0.544055468978051,0.027879698609020422,188,366,206,294,265,200
1776763930.2944627,0.0,-2,4,4.47213595499958,0.544055468978051,0.027879698609020422,188,366,206,294,265,200
1776763930.3510084,0.0,-2,4,4.47213595499958,0.544055468978051,0.027879698609020422,188,366,206,294,265,200
1776763930.4083617,0.0,-2,4,4.47213595499958,0.544055468978051,0.027879698609020422,188,366,206,294,265,200
1776763930.465695,0.0,-2,4,4.47213595499958,0.544055468978051,0.027879698609020422,188,366,206,294,265,200
1776763930.5230665,0.0,-2,4,4.47213595499958,0.544055468978051,0.027879698609020422,188,366,206,294,265,200
1776763930.5766191,0.0,-2,4,4.47213595499958,0.544055468978051,0.027879698609020422,188,366,206,294,265,200
1776763930.6340666,0.0,-2,4,4.47213595499958,0.544055468978051,0.027879698609020422,188,366,206,294,265,200
1776763930.6912837,0.0,-2,4,4.47213595499958,0.544055468978051,0.027879698609020422,188,366,206,294,265,200
1776763930.7488575,0.0,-2,4,4.47213595499958,0.544055468978051,0.027879698609020422,188,366,206,294,265,200
1776763930.8060021,0.0,-2,4,4.47213595499958,0.544055468978051,0.027879698609020422,188,366,206,294,265,200
1776763930.8635523,0.0,-2,4,4.47213595499958,0.544055468978051,0.027879698609020422,188,366,206,294,265,200
1776763930.9163795,0.0,-2,4,4.47213595499958,0.544055468978051,0.027879698609020422,188,366,206,294,265,200
1776763930.9742053,0.0,-2,4,4.47213595499958,0.544055468978051,0.027879698609020422,188,366,206,294,265,200
1776763931.0314996,0.0,-2,4,4.47213595499958,0.544055468978051,0.027879698609020422,188,366,206,294,265,200
1776763931.0891137,0.0,-2,4,4.47213595499958,0.544055468978051,0.027879698609020422,188,366,206,294,265,200
1776763931.145929,0.0,-2,4,4.47213595499958,0.544055468978051,0.027879698609020422,188,366,206,294,265,200
1776763931.1992111,0.0,-2,4,4.47213595499958,0.544055468978051,0.027879698609020422,188,366,206,294,265,200
1776763931.2568724,0.0,-2,4,4.47213595499958,0.544055468978051,0.027879698609020422,188,366,206,294,265,200
1776763931.3141398,0.0,-2,4,4.47213595499958,0.544055468978051,0.027879698609020422,188,366,206,294,265,200
1776763931.3716366,0.0,-2,4,4.47213595499958,0.544055468978051,0.027879698609020422,188,366,206,294,265,200
1776763931.4284937,0.0,-2,4,4.47213595499958,0.544055468978051,0.027879698609020422,188,366,206,294,265,200
1776763931.4863412,0.0,-2,4,4.47213595499958,0.544055468978051,0.027879698609020422,188,366,206,294,265,200
1776763931.5395224,0.0,-2,4,4.47213595499958,0.544055468978051,0.027879698609020422,188,366,206,294,265,200
1776763931.5966966,0.0,-2,4,4.47213595499958,0.544055468978051,0.027879698609020422,188,366,206,294,265,200
1776763931.6539845,0.0,-2,4,4.47213595499958,0.544055468978051,0.027879698609020422,188,366,206,294,265,200
1776763931.7113261,0.0,-2,4,4.47213595499958,0.544055468978051,0.027879698609020422,188,366,206,294,265,200
1776763931.768593,0.0,-2,4,4.47213595499958,0.544055468978051,0.027879698609020422,188,366,206,294,265,200
1776763931.8225152,0.0,-2,4,4.47213595499958,0.544055468978051,0.027879698609020422,188,366,206,294,265,200
1776763931.8794813,0.0,-2,4,4.47213595499958,0.544055468978051,0.027879698609020422,188,366,206,294,265,200
1776763931.936436,0.0,-2,4,4.47213595499958,0.544055468978051,0.027879698609020422,188,366,206,294,265,200
1776763931.9939365,0.0,-2,4,4.47213595499958,0.544055468978051,0.027879698609020422,188,366,206,294,265,200
1776763932.051325,0.0,-2,4,4.47213595499958,0.544055468978051,0.027879698609020422,188,366,206,294,265,200
1776763932.10864,0.0,-2,4,4.47213595499958,0.544055468978051,0.027879698609020422,188,366,206,294,265,200
1776763932.1617062,0.0,-2,4,4.47213595499958,0.544055468978051,0.027879698609020422,188,366,206,294,265,200
1776763932.2192204,0.0,-2,4,4.47213595499958,0.544055468978051,0.027879698609020422,188,366,206,294,265,200
1776763932.2768488,0.0,-2,4,4.47213595499958,0.544055468978051,0.027879698609020422,188,366,206,294,265,200
1776763932.3339796,0.0,-2,4,4.47213595499958,0.544055468978051,0.027879698609020422,188,366,206,294,265,200
1776763932.3908916,0.0,-2,4,4.47213595499958,0.544055468978051,0.027879698609020422,188,366,206,294,265,200
1776763932.445404,0.0,-2,4,4.47213595499958,0.544055468978051,0.027879698609020422,188,366,206,294,265,200
1776763932.5019128,0.0,-2,4,4.47213595499958,0.544055468978051,0.027879698609020422,188,366,206,294,265,200
1776763932.5596144,0.0,-2,4,4.47213595499958,0.544055468978051,0.027879698609020422,188,366,206,294,265,200
1776763932.6160574,0.0,-2,4,4.47213595499958,0.544055468978051,0.027879698609020422,188,366,206,294,265,200
1776763932.6733248,0.0,-2,4,4.47213595499958,0.544055468978051,0.027879698609020422,188,366,206,294,265,200
1776763932.7306712,0.0,-2,4,4.47213595499958,0.544055468978051,0.027879698609020422,188,366,206,294,265,200
1776763932.7843306,0.0,-2,4,4.47213595499958,0.544055468978051,0.027879698609020422,188,366,206,294,265,200
1776763932.841595,0.0,-2,4,4.47213595499958,0.544055468978051,0.027879698609020422,188,366,206,294,265,200
1776763932.8987525,0.0,-2,4,4.47213595499958,0.544055468978051,0.027879698609020422,188,366,206,294,265,200
1776763932.955965,0.0,-2,4,4.47213595499958,0.544055468978051,0.027879698609020422,188,366,206,294,265,200
1776763933.0133293,0.0,-2,4,4.47213595499958,0.544055468978051,0.027879698609020422,188,366,206,294,265,200
1776763933.0666442,0.0,-2,4,4.47213595499958,0.544055468978051,0.027879698609020422,188,366,206,294,265,200
1776763933.1239197,0.0,-2,4,4.47213595499958,0.544055468978051,0.027879698609020422,188,366,206,294,265,200
1776763933.1820407,0.0,-2,4,4.47213595499958,0.544055468978051,0.027879698609020422,188,366,206,294,265,200
1776763933.239007,0.0,-2,4,4.47213595499958,0.544055468978051,0.027879698609020422,188,366,206,294,265,200
1776763933.2970161,0.0,-2,4,4.47213595499958,0.544055468978051,0.027879698609020422,188,366,206,294,265,200
1776763933.3538718,0.0,-2,4,4.47213595499958,0.544055468978051,0.027879698609020422,188,366,206,294,265,200
1776763933.4075148,0.0,-2,4,4.47213595499958,0.544055468978051,0.027879698609020422,188,366,206,294,265,200
1776763933.4643624,0.0,-2,4,4.47213595499958,0.544055468978051,0.027879698609020422,188,366,206,294,265,200
1776763933.5213106,0.0,-2,4,4.47213595499958,0.544055468978051,0.027879698609020422,188,366,206,294,265,200
1776763933.5790913,0.0,-2,4,4.47213595499958,0.544055468978051,0.027879698609020422,188,366,206,294,265,200
1776763933.6361306,0.0,-2,4,4.47213595499958,0.544055468978051,0.027879698609020422,188,366,206,294,265,200
1776763933.689248,0.0,-2,4,4.47213595499958,0.544055468978051,0.027879698609020422,188,366,206,294,265,200
1776763933.7469227,0.0,-2,4,4.47213595499958,0.544055468978051,0.027879698609020422,188,366,206,294,265,200
1776763933.8043656,0.0,-2,4,4.47213595499958,0.544055468978051,0.027879698609020422,188,366,206,294,265,200
1776763933.8618793,0.0,-2,4,4.47213595499958,0.544055468978051,0.027879698609020422,188,366,206,294,265,200
1776763933.919281,0.0,-2,4,4.47213595499958,0.544055468978051,0.027879698609020422,188,366,206,294,265,200
1776763933.9763837,0.0,-2,4,4.47213595499958,0.544055468978051,0.027879698609020422,188,366,206,294,265,200
1776763934.02968,0.0,-2,4,4.47213595499958,0.544055468978051,0.027879698609020422,188,366,206,294,265,200
1776763934.0865457,0.0,-2,4,4.47213595499958,0.544055468978051,0.027879698609020422,188,366,206,294,265,200
1776763934.1446047,0.0,-2,4,4.47213595499958,0.544055468978051,0.027879698609020422,188,366,206,294,265,200
1776763934.2021184,0.0,-2,4,4.47213595499958,0.544055468978051,0.027879698609020422,188,366,206,294,265,200
1776763934.2584274,0.0,-2,4,4.47213595499958,0.544055468978051,0.027879698609020422,188,366,206,294,265,200
1776763934.312215,0.0,-2,4,4.47213595499958,0.544055468978051,0.027879698609020422,188,366,206,294,265,200
1776763934.3694103,0.0,-2,4,4.47213595499958,0.544055468978051,0.027879698609020422,188,366,206,294,265,200
1776763934.4274316,0.0,-2,4,4.47213595499958,0.544055468978051,0.027879698609020422,188,366,206,294,265,200
1776763934.4845936,0.0,-2,4,4.47213595499958,0.544055468978051,0.027879698609020422,188,366,206,294,265,200
1776763934.5416203,0.0,-2,4,4.47213595499958,0.544055468978051,0.027879698609020422,188,366,206,294,265,200
1776763934.5985136,0.0,-2,4,4.47213595499958,0.544055468978051,0.027879698609020422,188,366,206,294,265,200
1776763934.652405,0.0,-2,4,4.47213595499958,0.544055468978051,0.027879698609020422,188,366,206,294,265,200
1776763934.709818,0.0,-2,4,4.47213595499958,0.544055468978051,0.027879698609020422,188,366,206,294,265,200
1776763934.7676105,0.0,-2,4,4.47213595499958,0.544055468978051,0.027879698609020422,188,366,206,294,265,200
1776763934.8243136,0.0,-2,4,4.47213595499958,0.544055468978051,0.027879698609020422,188,366,206,294,265,200
1776763934.8809612,0.0,-2,4,4.47213595499958,0.544055468978051,0.027879698609020422,188,366,206,294,265,200
1776763934.9343722,0.0,-2,4,4.47213595499958,0.544055468978051,0.027879698609020422,188,366,206,294,265,200
1776763934.9917111,0.0,-2,4,4.47213595499958,0.544055468978051,0.027879698609020422,188,366,206,294,265,200
1776763935.049471,0.0,-2,4,4.47213595499958,0.544055468978051,0.027879698609020422,188,366,206,294,265,200
1776763935.1063387,0.0,-2,4,4.47213595499958,0.544055468978051,0.027879698609020422,188,366,206,294,265,200
1776763935.1639822,0.0,-2,4,4.47213595499958,0.544055468978051,0.027879698609020422,188,366,206,294,265,200
1776763935.2209773,0.0,-2,4,4.47213595499958,0.544055468978051,0.027879698609020422,188,366,206,294,265,200
1776763935.2750278,0.0,-2,4,4.47213595499958,0.544055468978051,0.027879698609020422,188,366,206,294,265,200
1776763935.331802,0.0,-2,4,4.47213595499958,0.544055468978051,0.027879698609020422,188,366,206,294,265,200
1776763935.3894002,0.0,-2,4,4.47213595499958,0.544055468978051,0.027879698609020422,188,366,206,294,265,200
1776763935.4465613,0.0,-2,4,4.47213595499958,0.544055468978051,0.027879698609020422,188,366,206,294,265,200
1776763935.5039644,0.0,-2,4,4.47213595499958,0.544055468978051,0.027879698609020422,188,366,206,294,265,200
1776763935.5577269,0.0,-2,4,4.47213595499958,0.544055468978051,0.027879698609020422,188,366,206,294,265,200
1776763935.6143255,0.0,-2,4,4.47213595499958,0.544055468978051,0.027879698609020422,188,366,206,294,265,200
1776763935.671996,0.0,-2,4,4.47213595499958,0.544055468978051,0.027879698609020422,188,366,206,294,265,200
1776763935.728951,0.0,-2,4,4.47213595499958,0.544055468978051,0.027879698609020422,188,366,206,294,265,200
1776763935.7865844,0.0,-2,4,4.47213595499958,0.544055468978051,0.027879698609020422,188,366,206,294,265,200
1776763935.8440297,0.0,-2,4,4.47213595499958,0.544055468978051,0.027879698609020422,188,366,206,294,265,200
1776763935.897056,0.0,-2,4,4.47213595499958,0.544055468978051,0.027879698609020422,188,366,206,294,265,200
1776763935.9546938,0.0,-2,4,4.47213595499958,0.544055468978051,0.027879698609020422,188,366,206,294,265,200
1776763936.0120137,0.0,-2,4,4.47213595499958,0.544055468978051,0.027879698609020422,188,366,206,294,265,200
1776763936.0699992,0.0,-2,4,4.47213595499958,0.544055468978051,0.027879698609020422,188,366,206,294,265,200
1776763936.1261585,0.0,-2,4,4.47213595499958,0.544055468978051,0.027879698609020422,188,366,206,294,265,200
1776763936.1800647,0.0,-2,4,4.47213595499958,0.544055468978051,0.027879698609020422,188,366,206,294,265,200
1776763936.2368224,0.0,-2,4,4.47213595499958,0.544055468978051,0.027879698609020422,188,366,206,294,265,200
1776763936.2942743,0.0,-2,4,4.47213595499958,0.544055468978051,0.027879698609020422,188,366,206,294,265,200
1776763936.3519557,0.0,-2,4,4.47213595499958,0.544055468978051,0.027879698609020422,188,366,206,294,265,200
1776763936.4093835,0.0,-2,4,4.47213595499958,0.544055468978051,0.027879698609020422,188,366,206,294,265,200
1776763936.4660916,0.0,-2,4,4.47213595499958,0.544055468978051,0.027879698609020422,188,366,206,294,265,200
1776763936.5197668,0.0,-2,4,4.47213595499958,0.544055468978051,0.027879698609020422,188,366,206,294,265,200
1776763936.5771465,0.0,-2,4,4.47213595499958,0.544055468978051,0.027879698609020422,188,366,206,294,265,200
1776763936.63476,0.0,-2,4,4.47213595499958,0.544055468978051,0.027879698609020422,188,366,206,294,265,200
1776763936.6921484,0.0,-2,4,4.47213595499958,0.544055468978051,0.027879698609020422,188,366,206,294,265,200
1776763936.7490792,0.0,-2,4,4.47213595499958,0.544055468978051,0.027879698609020422,188,366,206,294,265,200
1776763936.8020883,0.0,-2,4,4.47213595499958,0.544055468978051,0.027879698609020422,188,366,206,294,265,200
1776763936.859421,0.0,-2,4,4.47213595499958,0.544055468978051,0.027879698609020422,188,366,206,294,265,200
1776763936.9172416,0.0,-2,4,4.47213595499958,0.544055468978051,0.027879698609020422,188,366,206,294,265,200
1776763936.9746735,0.0,-2,4,4.47213595499958,0.544055468978051,0.027879698609020422,188,366,206,294,265,200
1776763937.0316823,0.0,-2,4,4.47213595499958,0.544055468978051,0.027879698609020422,188,366,206,294,265,200
1776763937.0889692,0.0,-2,4,4.47213595499958,0.544055468978051,0.027879698609020422,188,366,206,294,265,200
1776763937.143012,0.0,-2,4,4.47213595499958,0.544055468978051,0.027879698609020422,188,366,206,294,265,200
1776763937.199534,0.0,-2,4,4.47213595499958,0.544055468978051,0.027879698609020422,188,366,206,294,265,200
1776763937.2566652,0.0,-2,4,4.47213595499958,0.544055468978051,0.027879698609020422,188,366,206,294,265,200
1776763937.3142939,0.0,-2,4,4.47213595499958,0.544055468978051,0.027879698609020422,188,366,206,294,265,200
1776763937.3715281,0.0,-2,4,4.47213595499958,0.544055468978051,0.027879698609020422,188,366,206,294,265,200
1776763937.4246476,0.0,-2,4,4.47213595499958,0.544055468978051,0.027879698609020422,188,366,206,294,265,200
1776763937.482603,0.0,-2,4,4.47213595499958,0.544055468978051,0.027879698609020422,188,366,206,294,265,200
1776763937.5400112,0.0,-2,4,4.47213595499958,0.544055468978051,0.027879698609020422,188,366,206,294,265,200
1776763937.6550562,0.0,-2,4,4.47213595499958,0.544055468978051,0.027879698609020422,188,366,206,294,265,200
1776763937.7117076,0.0,-2,4,4.47213595499958,0.544055468978051,0.027879698609020422,188,366,206,294,265,200
1776763937.764632,0.0,-2,4,4.47213595499958,0.544055468978051,0.027879698609020422,188,366,206,294,265,200
1776763937.8225462,0.0,-2,4,4.47213595499958,0.544055468978051,0.027879698609020422,188,366,206,294,265,200
1776763937.8796675,0.0,-2,4,4.47213595499958,0.544055468978051,0.027879698609020422,188,366,206,294,265,200
1776763937.9370782,0.0,-2,4,4.47213595499958,0.544055468978051,0.027879698609020422,188,366,206,294,265,200
1776763937.994636,0.0,-2,4,4.47213595499958,0.544055468978051,0.027879698609020422,188,366,206,294,265,200
1776763938.047737,0.0,-2,4,4.47213595499958,0.544055468978051,0.027879698609020422,188,366,206,294,265,200
1776763938.1052322,0.0,-2,4,4.47213595499958,0.544055468978051,0.027879698609020422,188,366,206,294,265,200
1776763938.16253,0.0,-2,4,4.47213595499958,0.544055468978051,0.027879698609020422,188,366,206,294,265,200
1776763938.2197983,0.0,-2,4,4.47213595499958,0.544055468978051,0.027879698609020422,188,366,206,294,265,200
1776763938.2768228,0.0,-2,4,4.47213595499958,0.544055468978051,0.027879698609020422,188,366,206,294,265,200
1776763938.3342695,0.0,-2,4,4.47213595499958,0.544055468978051,0.027879698609020422,188,366,206,294,265,200
1776763938.3875482,0.0,-2,4,4.47213595499958,0.544055468978051,0.027879698609020422,188,366,206,294,265,200
1776763938.445475,0.0,-2,4,4.47213595499958,0.544055468978051,0.027879698609020422,188,366,206,294,265,200
1776763938.5018387,0.0,-2,4,4.47213595499958,0.544055468978051,0.027879698609020422,188,366,206,294,265,200
1776763938.5591462,0.0,-2,4,4.47213595499958,0.544055468978051,0.027879698609020422,188,366,206,294,265,200
1776763938.6164663,0.0,-2,4,4.47213595499958,0.544055468978051,0.027879698609020422,188,366,206,294,265,200
1776763938.67045,0.0,-2,4,4.47213595499958,0.544055468978051,0.027879698609020422,188,366,206,294,265,200
1776763938.7280314,0.0,-2,4,4.47213595499958,0.544055468978051,0.027879698609020422,188,366,206,294,265,200
1776763938.784557,0.0,-2,4,4.47213595499958,0.544055468978051,0.027879698609020422,188,366,206,294,265,200
1776763938.842283,0.0,-2,4,4.47213595499958,0.544055468978051,0.027879698609020422,188,366,206,294,265,200
1776763938.8995214,0.0,-2,4,4.47213595499958,0.544055468978051,0.027879698609020422,188,366,206,294,265,200
1776763938.9568682,0.0,-2,4,4.47213595499958,0.544055468978051,0.027879698609020422,188,366,206,294,265,200
1776763939.0102608,0.0,-2,4,4.47213595499958,0.544055468978051,0.027879698609020422,188,366,206,294,265,200
1776763939.067681,0.0,-2,4,4.47213595499958,0.544055468978051,0.027879698609020422,188,366,206,294,265,200
1776763939.125561,0.0,-2,4,4.47213595499958,0.544055468978051,0.027879698609020422,188,366,206,294,265,200
1776763939.1823888,0.0,-2,4,4.47213595499958,0.544055468978051,0.027879698609020422,188,366,206,294,265,200
1776763939.2392921,0.0,-2,4,4.47213595499958,0.544055468978051,0.027879698609020422,188,366,206,294,265,200
1776763939.293078,0.0,-2,4,4.47213595499958,0.544055468978051,0.027879698609020422,188,366,206,294,265,200
1776763939.3505828,0.0,-2,4,4.47213595499958,0.544055468978051,0.027879698609020422,188,366,206,294,265,200
1776763939.406943,0.0,-2,4,4.47213595499958,0.544055468978051,0.027879698609020422,188,366,206,294,265,200
1776763939.4642851,0.0,-2,4,4.47213595499958,0.544055468978051,0.027879698609020422,188,366,206,294,265,200
1776763939.5219014,0.0,-2,4,4.47213595499958,0.544055468978051,0.027879698609020422,188,366,206,294,265,200
1776763939.5789428,0.0,-2,4,4.47213595499958,0.544055468978051,0.027879698609020422,188,366,206,294,265,200
1776763939.6325407,0.0,-2,4,4.47213595499958,0.544055468978051,0.027879698609020422,188,366,206,294,265,200
1776763939.6905923,0.0,-2,4,4.47213595499958,0.544055468978051,0.027879698609020422,188,366,206,294,265,200
1776763939.747803,0.0,-2,4,4.47213595499958,0.544055468978051,0.027879698609020422,188,366,206,294,265,200
1776763939.804818,0.0,-2,4,4.47213595499958,0.544055468978051,0.027879698609020422,188,366,206,294,265,200
1776763939.862017,0.0,-2,4,4.47213595499958,0.544055468978051,0.027879698609020422,188,366,206,294,265,200
1776763939.91574,0.0,-2,4,4.47213595499958,0.544055468978051,0.027879698609020422,188,366,206,294,265,200
1776763939.9725952,0.0,-2,4,4.47213595499958,0.544055468978051,0.027879698609020422,188,366,206,294,265,200
1776763940.0310395,0.0,-2,4,4.47213595499958,0.544055468978051,0.027879698609020422,188,366,206,294,265,200
1776763940.0871978,0.0,-2,4,4.47213595499958,0.544055468978051,0.027879698609020422,188,366,206,294,265,200
1776763940.1448133,0.0,-2,4,4.47213595499958,0.544055468978051,0.027879698609020422,188,366,206,294,265,200
1776763940.2020817,0.0,-2,4,4.47213595499958,0.544055468978051,0.027879698609020422,188,366,206,294,265,200
1776763940.2553816,0.0,-2,4,4.47213595499958,0.544055468978051,0.027879698609020422,188,366,206,294,265,200
1776763940.312578,0.0,-2,4,4.47213595499958,0.544055468978051,0.027879698609020422,188,366,206,294,265,200
1776763940.3698194,0.0,-2,4,4.47213595499958,0.544055468978051,0.027879698609020422,188,366,206,294,265,200
1776763940.427776,0.0,-2,4,4.47213595499958,0.544055468978051,0.027879698609020422,188,366,206,294,265,200
1776763940.4849195,0.0,-2,4,4.47213595499958,0.544055468978051,0.027879698609020422,188,366,206,294,265,200
1776763940.537766,0.0,-2,4,4.47213595499958,0.544055468978051,0.027879698609020422,188,366,206,294,265,200
1776763940.595823,0.0,-2,4,4.47213595499958,0.544055468978051,0.027879698609020422,188,366,206,294,265,200
1776763940.6529171,0.0,-2,4,4.47213595499958,0.544055468978051,0.027879698609020422,188,366,206,294,265,200
1776763940.7103732,0.0,-2,4,4.47213595499958,0.544055468978051,0.027879698609020422,188,366,206,294,265,200
1776763940.7676232,0.0,-2,4,4.47213595499958,0.544055468978051,0.027879698609020422,188,366,206,294,265,200
1776763940.82443,0.0,-2,4,4.47213595499958,0.544055468978051,0.027879698609020422,188,366,206,294,265,200
1776763940.8779788,0.0,-2,4,4.47213595499958,0.544055468978051,0.027879698609020422,188,366,206,294,265,200
1776763940.9352448,0.0,-2,4,4.47213595499958,0.544055468978051,0.027879698609020422,188,366,206,294,265,200
1776763940.9928396,0.0,-2,4,4.47213595499958,0.544055468978051,0.027879698609020422,188,366,206,294,265,200
1776763941.0498152,0.0,-2,4,4.47213595499958,0.544055468978051,0.027879698609020422,188,366,206,294,265,200
1776763941.1072783,0.0,-2,4,4.47213595499958,0.544055468978051,0.027879698609020422,188,366,206,294,265,200
1776763941.1605768,0.0,-2,4,4.47213595499958,0.544055468978051,0.027879698609020422,188,366,206,294,265,200
1776763941.217706,0.0,-2,4,4.47213595499958,0.544055468978051,0.027879698609020422,188,366,206,294,265,200
1776763941.2755177,0.0,-2,4,4.47213595499958,0.544055468978051,0.027879698609020422,188,366,206,294,265,200
1776763941.3320599,0.0,-2,4,4.47213595499958,0.544055468978051,0.027879698609020422,188,366,206,294,265,200
1776763941.3902733,0.0,-2,4,4.47213595499958,0.544055468978051,0.027879698609020422,188,366,206,294,265,200
1776763941.4469626,0.0,-2,4,4.47213595499958,0.544055468978051,0.027879698609020422,188,366,206,294,265,200
1776763941.500649,0.0,-2,4,4.47213595499958,0.544055468978051,0.027879698609020422,188,366,206,294,265,200
1776763941.558285,0.0,-2,4,4.47213595499958,0.544055468978051,0.027879698609020422,188,366,206,294,265,200
1776763941.6153364,0.0,-2,4,4.47213595499958,0.544055468978051,0.027879698609020422,188,366,206,294,265,200
1776763941.671888,0.0,-2,4,4.47213595499958,0.544055468978051,0.027879698609020422,188,366,206,294,265,200
1776763941.7297843,0.0,-2,4,4.47213595499958,0.544055468978051,0.027879698609020422,188,366,206,294,265,200
1776763941.7829664,0.0,-2,4,4.47213595499958,0.544055468978051,0.027879698609020422,188,366,206,294,265,200
1776763941.8404224,0.0,-2,4,4.47213595499958,0.544055468978051,0.027879698609020422,188,366,206,294,265,200
1776763941.8973277,0.0,-2,4,4.47213595499958,0.544055468978051,0.027879698609020422,188,366,206,294,265,200
1776763941.9550233,0.0,-2,4,4.47213595499958,0.544055468978051,0.027879698609020422,188,366,206,294,265,200
1776763942.0121756,0.0,-2,4,4.47213595499958,0.544055468978051,0.027879698609020422,188,366,206,294,265,200
1776763942.0692291,0.0,-2,4,4.47213595499958,0.544055468978051,0.027879698609020422,188,366,206,294,265,200
1776763942.1227026,0.0,-2,4,4.47213595499958,0.544055468978051,0.027879698609020422,188,366,206,294,265,200
1776763942.1802037,0.0,-2,4,4.47213595499958,0.544055468978051,0.027879698609020422,188,366,206,294,265,200
1776763942.2379448,0.0,-2,4,4.47213595499958,0.544055468978051,0.027879698609020422,188,366,206,294,265,200
1776763942.295004,0.0,-2,4,4.47213595499958,0.544055468978051,0.027879698609020422,188,366,206,294,265,200
1776763942.3525162,0.0,-2,4,4.47213595499958,0.544055468978051,0.027879698609020422,188,366,206,294,265,200
1776763942.405512,0.0,-2,4,4.47213595499958,0.544055468978051,0.027879698609020422,188,366,206,294,265,200
1776763942.462494,0.0,-2,4,4.47213595499958,0.544055468978051,0.027879698609020422,188,366,206,294,265,200
1776763942.5198638,0.0,-2,4,4.47213595499958,0.544055468978051,0.027879698609020422,188,366,206,294,265,200
1776763942.577183,0.0,-2,4,4.47213595499958,0.544055468978051,0.027879698609020422,188,366,206,294,265,200
1776763942.6348765,0.0,-2,4,4.47213595499958,0.544055468978051,0.027879698609020422,188,366,206,294,265,200
1776763942.6922402,0.0,-2,4,4.47213595499958,0.544055468978051,0.027879698609020422,188,366,206,294,265,200
1776763942.7477276,0.0,-2,4,4.47213595499958,0.544055468978051,0.027879698609020422,188,366,206,294,265,200
1776763942.8024313,0.0,-2,4,4.47213595499958,0.544055468978051,0.027879698609020422,188,366,206,294,265,200
1776763942.8597875,0.0,-2,4,4.47213595499958,0.544055468978051,0.027879698609020422,188,366,206,294,265,200
1776763942.9171555,0.0,-2,4,4.47213595499958,0.544055468978051,0.027879698609020422,188,366,206,294,265,200
1776763942.974354,0.0,-2,4,4.47213595499958,0.544055468978051,0.027879698609020422,188,366,206,294,265,200
1776763943.0277333,0.0,-2,4,4.47213595499958,0.544055468978051,0.027879698609020422,188,366,206,294,265,200
1776763943.085119,0.0,-2,4,4.47213595499958,0.544055468978051,0.027879698609020422,188,366,206,294,265,200
1776763943.1427028,0.0,-2,4,4.47213595499958,0.544055468978051,0.027879698609020422,188,366,206,294,265,200
1776763943.2004795,0.0,-2,4,4.47213595499958,0.544055468978051,0.027879698609020422,188,366,206,294,265,200
1776763943.2574477,0.0,-2,4,4.47213595499958,0.544055468978051,0.027879698609020422,188,366,206,294,265,200
1776763943.3143654,0.0,-2,4,4.47213595499958,0.544055468978051,0.027879698609020422,188,366,206,294,265,200
1776763943.3677216,0.0,-2,4,4.47213595499958,0.544055468978051,0.027879698609020422,188,366,206,294,265,200
1776763943.425096,0.0,-2,4,4.47213595499958,0.544055468978051,0.027879698609020422,188,366,206,294,265,200
1776763943.4828184,0.0,-2,4,4.47213595499958,0.544055468978051,0.027879698609020422,188,366,206,294,265,200
1776763943.5397484,0.0,-2,4,4.47213595499958,0.544055468978051,0.027879698609020422,188,366,206,294,265,200
1776763943.596995,0.0,-2,4,4.47213595499958,0.544055468978051,0.027879698609020422,188,366,206,294,265,200
1776763943.6503534,0.0,-2,4,4.47213595499958,0.544055468978051,0.027879698609020422,188,366,206,294,265,200
1776763943.7076714,0.0,-2,4,4.47213595499958,0.544055468978051,0.027879698609020422,188,366,206,294,265,200
1776763943.7661974,0.0,-2,4,4.47213595499958,0.544055468978051,0.027879698609020422,188,366,206,294,265,200
1776763943.822262,0.0,-2,4,4.47213595499958,0.544055468978051,0.027879698609020422,188,366,206,294,265,200
1776763943.8795707,0.0,-2,4,4.47213595499958,0.544055468978051,0.027879698609020422,188,366,206,294,265,200
1776763943.9370956,0.0,-2,4,4.47213595499958,0.544055468978051,0.027879698609020422,188,366,206,294,265,200
1776763943.9903147,0.0,-2,4,4.47213595499958,0.544055468978051,0.027879698609020422,188,366,206,294,265,200
1776763944.0480435,0.0,-2,4,4.47213595499958,0.544055468978051,0.027879698609020422,188,366,206,294,265,200
1776763944.1057453,0.0,-2,4,4.47213595499958,0.544055468978051,0.027879698609020422,188,366,206,294,265,200
1776763944.1622076,0.0,-2,4,4.47213595499958,0.544055468978051,0.027879698609020422,188,366,206,294,265,200
1776763944.2195222,0.0,-2,4,4.47213595499958,0.544055468978051,0.027879698609020422,188,366,206,294,265,200
1776763944.272897,0.0,-2,4,4.47213595499958,0.544055468978051,0.027879698609020422,188,366,206,294,265,200
1776763944.3311627,0.0,-2,4,4.47213595499958,0.544055468978051,0.027879698609020422,188,366,206,294,265,200
1776763944.388111,0.0,-2,4,4.47213595499958,0.544055468978051,0.027879698609020422,188,366,206,294,265,200
1776763944.4448464,0.0,-2,4,4.47213595499958,0.544055468978051,0.027879698609020422,188,366,206,294,265,200
1776763944.502148,0.0,-2,4,4.47213595499958,0.544055468978051,0.027879698609020422,188,366,206,294,265,200
1776763944.5594392,0.0,-2,4,4.47213595499958,0.544055468978051,0.027879698609020422,188,366,206,294,265,200
1776763944.613504,0.0,-2,4,4.47213595499958,0.544055468978051,0.027879698609020422,188,366,206,294,265,200
1776763944.670195,0.0,-2,4,4.47213595499958,0.544055468978051,0.027879698609020422,188,366,206,294,265,200
1776763944.7278614,0.0,-2,4,4.47213595499958,0.544055468978051,0.027879698609020422,188,366,206,294,265,200
1776763944.7847779,0.0,-2,4,4.47213595499958,0.544055468978051,0.027879698609020422,188,366,206,294,265,200
1776763944.8422754,0.0,-2,4,4.47213595499958,0.544055468978051,0.027879698609020422,188,366,206,294,265,200
1776763944.895926,0.0,-2,4,4.47213595499958,0.544055468978051,0.027879698609020422,188,366,206,294,265,200
1776763944.9533179,0.0,-2,4,4.47213595499958,0.544055468978051,0.027879698609020422,188,366,206,294,265,200
1776763945.0101092,0.0,-2,4,4.47213595499958,0.544055468978051,0.027879698609020422,188,366,206,294,265,200
1776763945.0674288,0.0,-2,4,4.47213595499958,0.544055468978051,0.027879698609020422,188,366,206,294,265,200
1776763945.1247413,0.0,-2,4,4.47213595499958,0.544055468978051,0.027879698609020422,188,366,206,294,265,200
1776763945.1821527,0.0,-2,4,4.47213595499958,0.544055468978051,0.027879698609020422,188,366,206,294,265,200
1776763945.2354803,0.0,-2,4,4.47213595499958,0.544055468978051,0.027879698609020422,188,366,206,294,265,200
1776763945.2930007,0.0,-2,4,4.47213595499958,0.544055468978051,0.027879698609020422,188,366,206,294,265,200
1776763945.3506353,0.0,-2,4,4.47213595499958,0.544055468978051,0.027879698609020422,188,366,206,294,265,200
1776763945.4073098,0.0,-2,4,4.47213595499958,0.544055468978051,0.027879698609020422,188,366,206,294,265,200
1776763945.4647732,0.0,-2,4,4.47213595499958,0.544055468978051,0.027879698609020422,188,366,206,294,265,200
1776763945.5181434,0.0,-2,4,4.47213595499958,0.544055468978051,0.027879698609020422,188,366,206,294,265,200
1776763945.5758388,0.0,-2,4,4.47213595499958,0.544055468978051,0.027879698609020422,188,366,206,294,265,200
1776763945.6327307,0.0,-2,4,4.47213595499958,0.544055468978051,0.027879698609020422,188,366,206,294,265,200
1776763945.6904469,0.0,-2,4,4.47213595499958,0.544055468978051,0.027879698609020422,188,366,206,294,265,200
1776763945.7478917,0.0,-2,4,4.47213595499958,0.544055468978051,0.027879698609020422,188,366,206,294,265,200
1776763945.8046567,0.0,-2,4,4.47213595499958,0.544055468978051,0.027879698609020422,188,366,206,294,265,200
1776763945.8580027,0.0,-2,4,4.47213595499958,0.544055468978051,0.027879698609020422,188,366,206,294,265,200
1776763945.9157393,0.0,-2,4,4.47213595499958,0.544055468978051,0.027879698609020422,188,366,206,294,265,200
1776763945.9737413,0.0,-2,4,4.47213595499958,0.544055468978051,0.027879698609020422,188,366,206,294,265,200
1776763946.0309148,0.0,-2,4,4.47213595499958,0.544055468978051,0.027879698609020422,188,366,206,294,265,200
1776763946.0876057,0.0,-2,4,4.47213595499958,0.544055468978051,0.027879698609020422,188,366,206,294,265,200
1776763946.1411266,0.0,-2,4,4.47213595499958,0.544055468978051,0.027879698609020422,188,366,206,294,265,200
1776763946.1980257,0.0,-2,4,4.47213595499958,0.544055468978051,0.027879698609020422,188,366,206,294,265,200
1776763946.2555318,0.0,-2,4,4.47213595499958,0.544055468978051,0.027879698609020422,188,366,206,294,265,200
1776763946.3126054,0.0,-2,4,4.47213595499958,0.544055468978051,0.027879698609020422,188,366,206,294,265,200
1776763946.370546,0.0,-2,4,4.47213595499958,0.544055468978051,0.027879698609020422,188,366,206,294,265,200
1776763946.4280612,0.0,-2,4,4.47213595499958,0.544055468978051,0.027879698609020422,188,366,206,294,265,200
1776763946.4819136,0.0,-2,4,4.47213595499958,0.544055468978051,0.027879698609020422,188,366,206,294,265,200
1776763946.5389729,0.0,-2,4,4.47213595499958,0.544055468978051,0.027879698609020422,188,366,206,294,265,200
1776763946.5964892,0.0,-2,4,4.47213595499958,0.544055468978051,0.027879698609020422,188,366,206,294,265,200
1776763946.6552787,0.0,-2,4,4.47213595499958,0.544055468978051,0.027879698609020422,188,366,206,294,265,200
1776763946.7099483,0.0,-2,4,4.47213595499958,0.544055468978051,0.027879698609020422,188,366,206,294,265,200
1776763946.763182,0.0,-2,4,4.47213595499958,0.544055468978051,0.027879698609020422,188,366,206,294,265,200
1776763946.8205514,0.0,-2,4,4.47213595499958,0.544055468978051,0.027879698609020422,188,366,206,294,265,200
1776763946.8779707,0.0,-2,4,4.47213595499958,0.544055468978051,0.027879698609020422,188,366,206,294,265,200
1776763946.9356697,0.0,-2,4,4.47213595499958,0.544055468978051,0.027879698609020422,188,366,206,294,265,200
1776763946.99242,0.0,-2,4,4.47213595499958,0.544055468978051,0.027879698609020422,188,366,206,294,265,200
1776763947.0497892,0.0,-2,4,4.47213595499958,0.544055468978051,0.027879698609020422,188,366,206,294,265,200
1776763947.1031327,0.0,-2,4,4.47213595499958,0.544055468978051,0.027879698609020422,188,366,206,294,265,200
1776763947.1608949,0.0,-2,4,4.47213595499958,0.544055468978051,0.027879698609020422,188,366,206,294,265,200
1776763947.2178228,0.0,-2,4,4.47213595499958,0.544055468978051,0.027879698609020422,188,366,206,294,265,200
1776763947.2750459,0.0,-2,4,4.47213595499958,0.544055468978051,0.027879698609020422,188,366,206,294,265,200
1776763947.3323588,0.0,-2,4,4.47213595499958,0.544055468978051,0.027879698609020422,188,366,206,294,265,200
1776763947.3860028,0.0,-2,4,4.47213595499958,0.544055468978051,0.027879698609020422,188,366,206,294,265,200
1776763947.4436839,0.0,-2,4,4.47213595499958,0.544055468978051,0.027879698609020422,188,366,206,294,265,200
1776763947.50057,0.0,-2,4,4.47213595499958,0.544055468978051,0.027879698609020422,188,366,206,294,265,200
1776763947.5581095,0.0,-2,4,4.47213595499958,0.544055468978051,0.027879698609020422,188,366,206,294,265,200
1776763947.6151855,0.0,-2,4,4.47213595499958,0.544055468978051,0.027879698609020422,188,366,206,294,265,200
1776763947.6724026,0.0,-2,4,4.47213595499958,0.544055468978051,0.027879698609020422,188,366,206,294,265,200
1776763947.7256978,0.0,-2,4,4.47213595499958,0.544055468978051,0.027879698609020422,188,366,206,294,265,200
1776763947.783024,0.0,-2,4,4.47213595499958,0.544055468978051,0.027879698609020422,188,366,206,294,265,200
1776763947.8403473,0.0,-2,4,4.47213595499958,0.544055468978051,0.027879698609020422,188,366,206,294,265,200
1776763947.8977544,0.0,-2,4,4.47213595499958,0.544055468978051,0.027879698609020422,188,366,206,294,265,200
1776763947.9549885,0.0,-2,4,4.47213595499958,0.544055468978051,0.027879698609020422,188,366,206,294,265,200
1776763948.0083919,0.0,-2,4,4.47213595499958,0.544055468978051,0.027879698609020422,188,366,206,294,265,200
1776763948.0660408,0.0,-2,4,4.47213595499958,0.544055468978051,0.027879698609020422,188,366,206,294,265,200
1776763948.1229916,0.0,-2,4,4.47213595499958,0.544055468978051,0.027879698609020422,188,366,206,294,265,200
1776763948.180672,0.0,-2,4,4.47213595499958,0.544055468978051,0.027879698609020422,188,366,206,294,265,200
1776763948.2381465,0.0,-2,4,4.47213595499958,0.544055468978051,0.027879698609020422,188,366,206,294,265,200
1776763948.2949102,0.0,-2,4,4.47213595499958,0.544055468978051,0.027879698609020422,188,366,206,294,265,200
1776763948.3488052,0.0,-2,4,4.47213595499958,0.544055468978051,0.027879698609020422,188,366,206,294,265,200
1776763948.4067168,0.0,-2,4,4.47213595499958,0.544055468978051,0.027879698609020422,188,366,206,294,265,200
1776763948.4641674,0.0,-2,4,4.47213595499958,0.544055468978051,0.027879698609020422,188,366,206,294,265,200
1776763948.520171,0.0,-2,4,4.47213595499958,0.544055468978051,0.027879698609020422,188,366,206,294,265,200
1776763948.577976,0.0,-2,4,4.47213595499958,0.544055468978051,0.027879698609020422,188,366,206,294,265,200
1776763948.6309605,0.0,-2,4,4.47213595499958,0.544055468978051,0.027879698609020422,188,366,206,294,265,200
1776763948.6884997,0.0,-2,4,4.47213595499958,0.544055468978051,0.027879698609020422,188,366,206,294,265,200
1776763948.7460055,0.0,-2,4,4.47213595499958,0.544055468978051,0.027879698609020422,188,366,206,294,265,200
1776763948.8035114,0.0,-2,4,4.47213595499958,0.544055468978051,0.027879698609020422,188,366,206,294,265,200
1776763948.860351,0.0,-2,4,4.47213595499958,0.544055468978051,0.027879698609020422,188,366,206,294,265,200
1776763948.917586,0.0,-2,4,4.47213595499958,0.544055468978051,0.027879698609020422,188,366,206,294,265,200
1776763948.9710922,0.0,-2,4,4.47213595499958,0.544055468978051,0.027879698609020422,188,366,206,294,265,200
1776763949.0294905,0.0,-2,4,4.47213595499958,0.544055468978051,0.027879698609020422,188,366,206,294,265,200
1776763949.0861466,0.0,-2,4,4.47213595499958,0.544055468978051,0.027879698609020422,188,366,206,294,265,200
1776763949.143169,0.0,-2,4,4.47213595499958,0.544055468978051,0.027879698609020422,188,366,206,294,265,200
1776763949.2018306,0.0,-2,4,4.47213595499958,0.544055468978051,0.027879698609020422,188,366,206,294,265,200
1776763949.2539916,0.0,-2,4,4.47213595499958,0.544055468978051,0.027879698609020422,188,366,206,294,265,200
1776763949.3109977,0.0,-2,4,4.47213595499958,0.544055468978051,0.027879698609020422,188,366,206,294,265,200
1776763949.3687077,0.0,-2,4,4.47213595499958,0.544055468978051,0.027879698609020422,188,366,206,294,265,200
1776763949.4264503,0.0,-2,4,4.47213595499958,0.544055468978051,0.027879698609020422,188,366,206,294,265,200
1776763949.483169,0.0,-2,4,4.47213595499958,0.544055468978051,0.027879698609020422,188,366,206,294,265,200
1776763949.541502,0.0,-2,4,4.47213595499958,0.544055468978051,0.027879698609020422,188,366,206,294,265,200
1776763949.5938442,0.0,-2,4,4.47213595499958,0.544055468978051,0.027879698609020422,188,366,206,294,265,200
1776763949.6507635,0.0,-2,4,4.47213595499958,0.544055468978051,0.027879698609020422,188,366,206,294,265,200
1776763949.7079577,0.0,-2,4,4.47213595499958,0.544055468978051,0.027879698609020422,188,366,206,294,265,200
1776763949.7655094,0.0,-2,4,4.47213595499958,0.544055468978051,0.027879698609020422,188,366,206,294,265,200
1776763949.822681,0.0,-2,4,4.47213595499958,0.544055468978051,0.027879698609020422,188,366,206,294,265,200
1776763949.8762524,0.0,-2,4,4.47213595499958,0.544055468978051,0.027879698609020422,188,366,206,294,265,200
1776763949.933368,0.0,-2,4,4.47213595499958,0.544055468978051,0.027879698609020422,188,366,206,294,265,200
1776763949.9908035,0.0,-2,4,4.47213595499958,0.544055468978051,0.027879698609020422,188,366,206,294,265,200
1776763950.0484455,0.0,-2,4,4.47213595499958,0.544055468978051,0.027879698609020422,188,366,206,294,265,200
1776763950.1060536,0.0,-2,4,4.47213595499958,0.544055468978051,0.027879698609020422,188,366,206,294,265,200
1776763950.1629684,0.0,-2,4,4.47213595499958,0.544055468978051,0.027879698609020422,188,366,206,294,265,200
1776763950.216825,0.0,-2,4,4.47213595499958,0.544055468978051,0.027879698609020422,188,366,206,294,265,200
1776763950.2737634,0.0,-2,4,4.47213595499958,0.544055468978051,0.027879698609020422,188,366,206,294,265,200
1776763950.3307507,0.0,-2,4,4.47213595499958,0.544055468978051,0.027879698609020422,188,366,206,294,265,200
1776763950.3885336,0.0,-2,4,4.47213595499958,0.544055468978051,0.027879698609020422,188,366,206,294,265,200
1776763950.4459467,0.0,-2,4,4.47213595499958,0.544055468978051,0.027879698609020422,188,366,206,294,265,200
1776763950.4994068,0.0,-2,4,4.47213595499958,0.544055468978051,0.027879698609020422,188,366,206,294,265,200
1776763950.556771,0.0,-2,4,4.47213595499958,0.544055468978051,0.027879698609020422,188,366,206,294,265,200
1776763950.613586,0.0,-2,4,4.47213595499958,0.544055468978051,0.027879698609020422,188,366,206,294,265,200
1776763950.6711545,0.0,-2,4,4.47213595499958,0.544055468978051,0.027879698609020422,188,366,206,294,265,200
1776763950.728223,0.0,-2,4,4.47213595499958,0.544055468978051,0.027879698609020422,188,366,206,294,265,200
1776763950.7851696,0.0,-2,4,4.47213595499958,0.544055468978051,0.027879698609020422,188,366,206,294,265,200
1776763950.8389509,0.0,-2,4,4.47213595499958,0.544055468978051,0.027879698609020422,188,366,206,294,265,200
1776763950.896462,0.0,-2,4,4.47213595499958,0.544055468978051,0.027879698609020422,188,366,206,294,265,200
1776763950.9536932,0.0,-2,4,4.47213595499958,0.544055468978051,0.027879698609020422,188,366,206,294,265,200
1776763951.0108175,0.0,-2,4,4.47213595499958,0.544055468978051,0.027879698609020422,188,366,206,294,265,200
1776763951.068252,0.0,-2,4,4.47213595499958,0.544055468978051,0.027879698609020422,188,366,206,294,265,200
1776763951.121474,0.0,-2,4,4.47213595499958,0.544055468978051,0.027879698609020422,188,366,206,294,265,200
1776763951.1793988,0.0,-2,4,4.47213595499958,0.544055468978051,0.027879698609020422,188,366,206,294,265,200
1776763951.2367897,0.0,-2,4,4.47213595499958,0.544055468978051,0.027879698609020422,188,366,206,294,265,200
1776763951.2936254,0.0,-2,4,4.47213595499958,0.544055468978051,0.027879698609020422,188,366,206,294,265,200
1776763951.3504782,0.0,-2,4,4.47213595499958,0.544055468978051,0.027879698609020422,188,366,206,294,265,200
1776763951.4081945,0.0,-2,4,4.47213595499958,0.544055468978051,0.027879698609020422,188,366,206,294,265,200
1776763951.4621384,0.0,-2,4,4.47213595499958,0.544055468978051,0.027879698609020422,188,366,206,294,265,200
1776763951.519165,0.0,-2,4,4.47213595499958,0.544055468978051,0.027879698609020422,188,366,206,294,265,200
1776763951.5761676,0.0,-2,4,4.47213595499958,0.544055468978051,0.027879698609020422,188,366,206,294,265,200
1776763951.6334724,0.0,-2,4,4.47213595499958,0.544055468978051,0.027879698609020422,188,366,206,294,265,200
1776763951.690365,0.0,-2,4,4.47213595499958,0.544055468978051,0.027879698609020422,188,366,206,294,265,200
1776763951.7445204,0.0,-2,4,4.47213595499958,0.544055468978051,0.027879698609020422,188,366,206,294,265,200
1776763951.8010743,0.0,-2,4,4.47213595499958,0.544055468978051,0.027879698609020422,188,366,206,294,265,200
1776763951.8590505,0.0,-2,4,4.47213595499958,0.544055468978051,0.027879698609020422,188,366,206,294,265,200
1776763951.9163697,0.0,-2,4,4.47213595499958,0.544055468978051,0.027879698609020422,188,366,206,294,265,200
1776763951.973337,0.0,-2,4,4.47213595499958,0.544055468978051,0.027879698609020422,188,366,206,294,265,200
1776763952.030786,0.0,-2,4,4.47213595499958,0.544055468978051,0.027879698609020422,188,366,206,294,265,200
1776763952.0837648,0.0,-2,4,4.47213595499958,0.544055468978051,0.027879698609020422,188,366,206,294,265,200
1776763952.141288,0.0,-2,4,4.47213595499958,0.544055468978051,0.027879698609020422,188,366,206,294,265,200
1776763952.1987324,0.0,-2,4,4.47213595499958,0.544055468978051,0.027879698609020422,188,366,206,294,265,200
1776763952.2566113,0.0,-2,4,4.47213595499958,0.544055468978051,0.027879698609020422,188,366,206,294,265,200
1776763952.3129907,0.0,-2,4,4.47213595499958,0.544055468978051,0.027879698609020422,188,366,206,294,265,200
1776763952.3681943,0.0,-2,4,4.47213595499958,0.544055468978051,0.027879698609020422,188,366,206,294,265,200
1776763952.423901,0.0,-2,4,4.47213595499958,0.544055468978051,0.027879698609020422,188,366,206,294,265,200
1776763952.4812849,0.0,-2,4,4.47213595499958,0.544055468978051,0.027879698609020422,188,366,206,294,265,200
1776763952.5390625,0.0,-2,4,4.47213595499958,0.544055468978051,0.027879698609020422,188,366,206,294,265,200
1776763952.5962036,0.0,-2,4,4.47213595499958,0.544055468978051,0.027879698609020422,188,366,206,294,265,200
1776763952.6496165,0.0,-2,4,4.47213595499958,0.544055468978051,0.027879698609020422,188,366,206,294,265,200
1776763952.706532,0.0,-2,4,4.47213595499958,0.544055468978051,0.027879698609020422,188,366,206,294,265,200
1776763952.764347,0.0,-2,4,4.47213595499958,0.544055468978051,0.027879698609020422,188,366,206,294,265,200
1776763952.8218844,0.0,-2,4,4.47213595499958,0.544055468978051,0.027879698609020422,188,366,206,294,265,200
1776763952.8788724,0.0,-2,4,4.47213595499958,0.544055468978051,0.027879698609020422,188,366,206,294,265,200
1776763952.9361172,0.0,-2,4,4.47213595499958,0.544055468978051,0.027879698609020422,188,366,206,294,265,200
1776763952.9897728,0.0,-2,4,4.47213595499958,0.544055468978051,0.027879698609020422,188,366,206,294,265,200
1776763953.046145,0.0,-2,4,4.47213595499958,0.544055468978051,0.027879698609020422,188,366,206,294,265,200
1776763953.103675,0.0,-2,4,4.47213595499958,0.544055468978051,0.027879698609020422,188,366,206,294,265,200
1776763953.1613567,0.0,-2,4,4.47213595499958,0.544055468978051,0.027879698609020422,188,366,206,294,265,200
1776763953.2182572,0.0,-2,4,4.47213595499958,0.544055468978051,0.027879698609020422,188,366,206,294,265,200
1776763953.2722898,0.0,-2,4,4.47213595499958,0.544055468978051,0.027879698609020422,188,366,206,294,265,200
1776763953.329198,0.0,-2,4,4.47213595499958,0.544055468978051,0.027879698609020422,188,366,206,294,265,200
1776763953.3866608,0.0,-2,4,4.47213595499958,0.544055468978051,0.027879698609020422,188,366,206,294,265,200
1776763953.4442875,0.0,-2,4,4.47213595499958,0.544055468978051,0.027879698609020422,188,366,206,294,265,200
1776763953.501537,0.0,-2,4,4.47213595499958,0.544055468978051,0.027879698609020422,188,366,206,294,265,200
1776763953.5588815,0.0,-2,4,4.47213595499958,0.544055468978051,0.027879698609020422,188,366,206,294,265,200
1776763953.6120982,0.0,-2,4,4.47213595499958,0.544055468978051,0.027879698609020422,188,366,206,294,265,200
1776763953.6702397,0.0,-2,4,4.47213595499958,0.544055468978051,0.027879698609020422,188,366,206,294,265,200
1776763953.7269459,0.0,-2,4,4.47213595499958,0.544055468978051,0.027879698609020422,188,366,206,294,265,200
1776763953.7839086,0.0,-2,4,4.47213595499958,0.544055468978051,0.027879698609020422,188,366,206,294,265,200
1776763953.8410182,0.0,-2,4,4.47213595499958,0.544055468978051,0.027879698609020422,188,366,206,294,265,200
1776763953.8944628,0.0,-2,4,4.47213595499958,0.544055468978051,0.027879698609020422,188,366,206,294,265,200
1776763953.9515388,0.0,-2,4,4.47213595499958,0.544055468978051,0.027879698609020422,188,366,206,294,265,200
1776763954.009302,0.0,-2,4,4.47213595499958,0.544055468978051,0.027879698609020422,188,366,206,294,265,200
1776763954.0664144,0.0,-2,4,4.47213595499958,0.544055468978051,0.027879698609020422,188,366,206,294,265,200
1776763954.1236079,0.0,-2,4,4.47213595499958,0.544055468978051,0.027879698609020422,188,366,206,294,265,200
1776763954.181664,0.0,-2,4,4.47213595499958,0.544055468978051,0.027879698609020422,188,366,206,294,265,200
1776763954.2349417,0.0,-2,4,4.47213595499958,0.544055468978051,0.027879698609020422,188,366,206,294,265,200
1776763954.2920809,0.0,-2,4,4.47213595499958,0.544055468978051,0.027879698609020422,188,366,206,294,265,200
1776763954.3495178,0.0,-2,4,4.47213595499958,0.544055468978051,0.027879698609020422,188,366,206,294,265,200
1776763954.4060473,0.0,-2,4,4.47213595499958,0.544055468978051,0.027879698609020422,188,366,206,294,265,200
1776763954.4699113,0.0,-2,4,4.47213595499958,0.544055468978051,0.027879698609020422,188,366,206,294,265,200
1776763954.517896,0.0,-2,4,4.47213595499958,0.544055468978051,0.027879698609020422,188,366,206,294,265,200
1776763954.5746703,0.0,-2,4,4.47213595499958,0.544055468978051,0.027879698609020422,188,366,206,294,265,200
1776763954.6316671,0.0,-2,4,4.47213595499958,0.544055468978051,0.027879698609020422,188,366,206,294,265,200
1776763954.6891406,0.0,-2,4,4.47213595499958,0.544055468978051,0.027879698609020422,188,366,206,294,265,200
1776763954.7465732,0.0,-2,4,4.47213595499958,0.544055468978051,0.027879698609020422,188,366,206,294,265,200
1776763954.803668,0.0,-2,4,4.47213595499958,0.544055468978051,0.027879698609020422,188,366,206,294,265,200
1776763954.857085,0.0,-2,4,4.47213595499958,0.544055468978051,0.027879698609020422,188,366,206,294,265,200
1776763954.9144735,0.0,-2,4,4.47213595499958,0.544055468978051,0.027879698609020422,188,366,206,294,265,200
1776763954.9716725,0.0,-2,4,4.47213595499958,0.544055468978051,0.027879698609020422,188,366,206,294,265,200
1776763955.0297642,0.0,-2,4,4.47213595499958,0.544055468978051,0.027879698609020422,188,366,206,294,265,200
1776763955.0863001,0.0,-2,4,4.47213595499958,0.544055468978051,0.027879698609020422,188,366,206,294,265,200
1776763955.1395037,0.0,-2,4,4.47213595499958,0.544055468978051,0.027879698609020422,188,366,206,294,265,200
1776763955.1969912,0.0,-2,4,4.47213595499958,0.544055468978051,0.027879698609020422,188,366,206,294,265,200
1776763955.2543168,0.0,-2,4,4.47213595499958,0.544055468978051,0.027879698609020422,188,366,206,294,265,200
1776763955.3111694,0.0,-2,4,4.47213595499958,0.544055468978051,0.027879698609020422,188,366,206,294,265,200
1776763955.3684964,0.0,-2,4,4.47213595499958,0.544055468978051,0.027879698609020422,188,366,206,294,265,200
1776763955.4261594,0.0,-2,4,4.47213595499958,0.544055468978051,0.027879698609020422,188,366,206,294,265,200
1776763955.4795935,0.0,-2,4,4.47213595499958,0.544055468978051,0.027879698609020422,188,366,206,294,265,200
1776763955.5364246,0.0,-2,4,4.47213595499958,0.544055468978051,0.027879698609020422,188,366,206,294,265,200
1776763955.594376,0.0,-2,4,4.47213595499958,0.544055468978051,0.027879698609020422,188,366,206,294,265,200
1776763955.6512406,0.0,-2,4,4.47213595499958,0.544055468978051,0.027879698609020422,188,366,206,294,265,200
1776763955.7090857,0.0,-2,4,4.47213595499958,0.544055468978051,0.027879698609020422,188,366,206,294,265,200
1776763955.762484,0.0,-2,4,4.47213595499958,0.544055468978051,0.027879698609020422,188,366,206,294,265,200
1776763955.8198164,0.0,-2,4,4.47213595499958,0.544055468978051,0.027879698609020422,188,366,206,294,265,200
1776763955.8774962,0.0,-2,4,4.47213595499958,0.544055468978051,0.027879698609020422,188,366,206,294,265,200
1776763955.9344947,0.0,-2,4,4.47213595499958,0.544055468978051,0.027879698609020422,188,366,206,294,265,200
1776763955.9913344,0.0,-2,4,4.47213595499958,0.544055468978051,0.027879698609020422,188,366,206,294,265,200
1776763956.0485485,0.0,-2,4,4.47213595499958,0.544055468978051,0.027879698609020422,188,366,206,294,265,200
1776763956.102418,0.0,-2,4,4.47213595499958,0.544055468978051,0.027879698609020422,188,366,206,294,265,200
1776763956.1596065,0.0,-2,4,4.47213595499958,0.544055468978051,0.027879698609020422,188,366,206,294,265,200
1776763956.2165568,0.0,-2,4,4.47213595499958,0.544055468978051,0.027879698609020422,188,366,206,294,265,200
1776763956.274642,0.0,-2,4,4.47213595499958,0.544055468978051,0.027879698609020422,188,366,206,294,265,200
1776763956.3314414,0.0,-2,4,4.47213595499958,0.544055468978051,0.027879698609020422,188,366,206,294,265,200
1776763956.3847804,0.0,-2,4,4.47213595499958,0.544055468978051,0.027879698609020422,188,366,206,294,265,200
1776763956.4422138,0.0,-2,4,4.47213595499958,0.544055468978051,0.027879698609020422,188,366,206,294,265,200
1776763956.4995196,0.0,-2,4,4.47213595499958,0.544055468978051,0.027879698609020422,188,366,206,294,265,200
1776763956.5568466,0.0,-2,4,4.47213595499958,0.544055468978051,0.027879698609020422,188,366,206,294,265,200
1776763956.6137886,0.0,-2,4,4.47213595499958,0.544055468978051,0.027879698609020422,188,366,206,294,265,200
1776763956.671045,0.0,-2,4,4.47213595499958,0.544055468978051,0.027879698609020422,188,366,206,294,265,200
1776763956.7248065,0.0,-2,4,4.47213595499958,0.544055468978051,0.027879698609020422,188,366,206,294,265,200
1776763956.7819786,0.0,-2,4,4.47213595499958,0.544055468978051,0.027879698609020422,188,366,206,294,265,200
1776763956.8393312,0.0,-2,4,4.47213595499958,0.544055468978051,0.027879698609020422,188,366,206,294,265,200
1776763956.8967793,0.0,-2,4,4.47213595499958,0.544055468978051,0.027879698609020422,188,366,206,294,265,200
1776763956.9543488,0.0,-2,4,4.47213595499958,0.544055468978051,0.027879698609020422,188,366,206,294,265,200
1776763957.0078638,0.0,-2,4,4.47213595499958,0.544055468978051,0.027879698609020422,188,366,206,294,265,200
1776763957.0642135,0.0,-2,4,4.47213595499958,0.544055468978051,0.027879698609020422,188,366,206,294,265,200
1776763957.121997,0.0,-2,4,4.47213595499958,0.544055468978051,0.027879698609020422,188,366,206,294,265,200
1776763957.1793835,0.0,-2,4,4.47213595499958,0.544055468978051,0.027879698609020422,188,366,206,294,265,200
1776763957.237847,0.0,-2,4,4.47213595499958,0.544055468978051,0.027879698609020422,188,366,206,294,265,200
1776763957.2943237,0.0,-2,4,4.47213595499958,0.544055468978051,0.027879698609020422,188,366,206,294,265,200
1776763957.3475506,0.0,-2,4,4.47213595499958,0.544055468978051,0.027879698609020422,188,366,206,294,265,200
1776763957.404385,0.0,-2,4,4.47213595499958,0.544055468978051,0.027879698609020422,188,366,206,294,265,200
1776763957.4619458,0.0,-2,4,4.47213595499958,0.544055468978051,0.027879698609020422,188,366,206,294,265,200
1776763957.519889,0.0,-2,4,4.47213595499958,0.544055468978051,0.027879698609020422,188,366,206,294,265,200
1776763957.5761127,0.0,-2,4,4.47213595499958,0.544055468978051,0.027879698609020422,188,366,206,294,265,200
1776763957.6294782,0.0,-2,4,4.47213595499958,0.544055468978051,0.027879698609020422,188,366,206,294,265,200
1776763957.6872282,0.0,-2,4,4.47213595499958,0.544055468978051,0.027879698609020422,188,366,206,294,265,200
1776763957.744491,0.0,-2,4,4.47213595499958,0.544055468978051,0.027879698609020422,188,366,206,294,265,200
1776763957.801925,0.0,-2,4,4.47213595499958,0.544055468978051,0.027879698609020422,188,366,206,294,265,200
1776763957.8591518,0.0,-2,4,4.47213595499958,0.544055468978051,0.027879698609020422,188,366,206,294,265,200
1776763957.9168756,0.0,-2,4,4.47213595499958,0.544055468978051,0.027879698609020422,188,366,206,294,265,200
1776763957.9703348,0.0,-2,4,4.47213595499958,0.544055468978051,0.027879698609020422,188,366,206,294,265,200
1776763958.0272403,0.0,-2,4,4.47213595499958,0.544055468978051,0.027879698609020422,188,366,206,294,265,200
1776763958.0841866,0.0,-2,4,4.47213595499958,0.544055468978051,0.027879698609020422,188,366,206,294,265,200
1776763958.1419795,0.0,-2,4,4.47213595499958,0.544055468978051,0.027879698609020422,188,366,206,294,265,200
1776763958.19897,0.0,-2,4,4.47213595499958,0.544055468978051,0.027879698609020422,188,366,206,294,265,200
1776763958.252094,0.0,-2,4,4.47213595499958,0.544055468978051,0.027879698609020422,188,366,206,294,265,200
1776763958.3094275,0.0,-2,4,4.47213595499958,0.544055468978051,0.027879698609020422,188,366,206,294,265,200
1776763958.3672333,0.0,-2,4,4.47213595499958,0.544055468978051,0.027879698609020422,188,366,206,294,265,200
1776763958.4246366,0.0,-2,4,4.47213595499958,0.544055468978051,0.027879698609020422,188,366,206,294,265,200
1776763958.481554,0.0,-2,4,4.47213595499958,0.544055468978051,0.027879698609020422,188,366,206,294,265,200
1776763958.5393047,0.0,-2,4,4.47213595499958,0.544055468978051,0.027879698609020422,188,366,206,294,265,200
1776763958.592832,0.0,-2,4,4.47213595499958,0.544055468978051,0.027879698609020422,188,366,206,294,265,200
1776763958.6503007,0.0,-2,4,4.47213595499958,0.544055468978051,0.027879698609020422,188,366,206,294,265,200
1776763958.7071161,0.0,-2,4,4.47213595499958,0.544055468978051,0.027879698609020422,188,366,206,294,265,200
1776763958.7643027,0.0,-2,4,4.47213595499958,0.544055468978051,0.027879698609020422,188,366,206,294,265,200
1776763958.8219476,0.0,-2,4,4.47213595499958,0.544055468978051,0.027879698609020422,188,366,206,294,265,200
1776763958.875206,0.0,-2,4,4.47213595499958,0.544055468978051,0.027879698609020422,188,366,206,294,265,200
1776763958.9324791,0.0,-2,4,4.47213595499958,0.544055468978051,0.027879698609020422,188,366,206,294,265,200
1776763958.9898045,0.0,-2,4,4.47213595499958,0.544055468978051,0.027879698609020422,188,366,206,294,265,200
1776763959.0468993,0.0,-2,4,4.47213595499958,0.544055468978051,0.027879698609020422,188,366,206,294,265,200
1776763959.1039255,0.0,-2,4,4.47213595499958,0.544055468978051,0.027879698609020422,188,366,206,294,265,200
1776763959.1616478,0.0,-2,4,4.47213595499958,0.544055468978051,0.027879698609020422,188,366,206,294,265,200
1776763959.2151234,0.0,-2,4,4.47213595499958,0.544055468978051,0.027879698609020422,188,366,206,294,265,200
1776763959.2724528,0.0,-2,4,4.47213595499958,0.544055468978051,0.027879698609020422,188,366,206,294,265,200
1776763959.3298838,0.0,-2,4,4.47213595499958,0.544055468978051,0.027879698609020422,188,366,206,294,265,200
1776763959.3867714,0.0,-2,4,4.47213595499958,0.544055468978051,0.027879698609020422,188,366,206,294,265,200
1776763959.4444156,0.0,-2,4,4.47213595499958,0.544055468978051,0.027879698609020422,188,366,206,294,265,200
1776763959.4978523,0.0,-2,4,4.47213595499958,0.544055468978051,0.027879698609020422,188,366,206,294,265,200
1776763959.5548332,0.0,-2,4,4.47213595499958,0.544055468978051,0.027879698609020422,188,366,206,294,265,200
1776763959.61218,0.0,-2,4,4.47213595499958,0.544055468978051,0.027879698609020422,188,366,206,294,265,200
1776763959.6700873,0.0,-2,4,4.47213595499958,0.544055468978051,0.027879698609020422,188,366,206,294,265,200
1776763959.727089,0.0,-2,4,4.47213595499958,0.544055468978051,0.027879698609020422,188,366,206,294,265,200
1776763959.784534,0.0,-2,4,4.47213595499958,0.544055468978051,0.027879698609020422,188,366,206,294,265,200
1776763959.8373666,0.0,-2,4,4.47213595499958,0.544055468978051,0.027879698609020422,188,366,206,294,265,200
1776763959.8944874,0.0,-2,4,4.47213595499958,0.544055468978051,0.027879698609020422,188,366,206,294,265,200
1776763959.952577,0.0,-2,4,4.47213595499958,0.544055468978051,0.027879698609020422,188,366,206,294,265,200
1776763960.0092254,0.0,-2,4,4.47213595499958,0.544055468978051,0.027879698609020422,188,366,206,294,265,200
1776763960.066724,0.0,-2,4,4.47213595499958,0.544055468978051,0.027879698609020422,188,366,206,294,265,200
1776763960.1198845,0.0,-2,4,4.47213595499958,0.544055468978051,0.027879698609020422,188,366,206,294,265,200
1776763960.1774566,0.0,-2,4,4.47213595499958,0.544055468978051,0.027879698609020422,188,366,206,294,265,200
1776763960.2350643,0.0,-2,4,4.47213595499958,0.544055468978051,0.027879698609020422,188,366,206,294,265,200
1776763960.2917418,0.0,-2,4,4.47213595499958,0.544055468978051,0.027879698609020422,188,366,206,294,265,200
1776763960.3493547,0.0,-2,4,4.47213595499958,0.544055468978051,0.027879698609020422,188,366,206,294,265,200
1776763960.4066796,0.0,-2,4,4.47213595499958,0.544055468978051,0.027879698609020422,188,366,206,294,265,200
1776763960.4605708,0.0,-2,4,4.47213595499958,0.544055468978051,0.027879698609020422,188,366,206,294,265,200
1776763960.51857,0.0,-2,4,4.47213595499958,0.544055468978051,0.027879698609020422,188,366,206,294,265,200
1776763960.5748308,0.0,-2,4,4.47213595499958,0.544055468978051,0.027879698609020422,188,366,206,294,265,200
1776763960.6321595,0.0,-2,4,4.47213595499958,0.544055468978051,0.027879698609020422,188,366,206,294,265,200
1776763960.6892154,0.0,-2,4,4.47213595499958,0.544055468978051,0.027879698609020422,188,366,206,294,265,200
1776763960.7429721,0.0,-2,4,4.47213595499958,0.544055468978051,0.027879698609020422,188,366,206,294,265,200
1776763960.8005338,0.0,-2,4,4.47213595499958,0.544055468978051,0.027879698609020422,188,366,206,294,265,200
1776763960.8569858,0.0,-2,4,4.47213595499958,0.544055468978051,0.027879698609020422,188,366,206,294,265,200
1776763960.9143732,0.0,-2,4,4.47213595499958,0.544055468978051,0.027879698609020422,188,366,206,294,265,200
1776763960.971985,0.0,-2,4,4.47213595499958,0.544055468978051,0.027879698609020422,188,366,206,294,265,200
1776763961.029545,0.0,-2,4,4.47213595499958,0.544055468978051,0.027879698609020422,188,366,206,294,265,200
1776763961.0830767,0.0,-2,4,4.47213595499958,0.544055468978051,0.027879698609020422,188,366,206,294,265,200
1776763961.1409092,0.0,-2,4,4.47213595499958,0.544055468978051,0.027879698609020422,188,366,206,294,265,200
1776763961.1970904,0.0,-2,4,4.47213595499958,0.544055468978051,0.027879698609020422,188,366,206,294,265,200
1776763961.2544706,0.0,-2,4,4.47213595499958,0.544055468978051,0.027879698609020422,188,366,206,294,265,200
1776763961.3128655,0.0,-2,4,4.47213595499958,0.544055468978051,0.027879698609020422,188,366,206,294,265,200
1776763961.3654974,0.0,-2,4,4.47213595499958,0.544055468978051,0.027879698609020422,188,366,206,294,265,200
1776763961.4227183,0.0,-2,4,4.47213595499958,0.544055468978051,0.027879698609020422,188,366,206,294,265,200
1776763961.4799087,0.0,-2,4,4.47213595499958,0.544055468978051,0.027879698609020422,188,366,206,294,265,200
1776763961.5374422,0.0,-2,4,4.47213595499958,0.544055468978051,0.027879698609020422,188,366,206,294,265,200
1776763961.5947638,0.0,-2,4,4.47213595499958,0.544055468978051,0.027879698609020422,188,366,206,294,265,200
1776763961.651728,0.0,-2,4,4.47213595499958,0.544055468978051,0.027879698609020422,188,366,206,294,265,200
1776763961.7052915,0.0,-2,4,4.47213595499958,0.544055468978051,0.027879698609020422,188,366,206,294,265,200
1776763961.7630432,0.0,-2,4,4.47213595499958,0.544055468978051,0.027879698609020422,188,366,206,294,265,200
1776763961.8202016,0.0,-2,4,4.47213595499958,0.544055468978051,0.027879698609020422,188,366,206,294,265,200
1776763961.8774736,0.0,-2,4,4.47213595499958,0.544055468978051,0.027879698609020422,188,366,206,294,265,200
1776763961.9346886,0.0,-2,4,4.47213595499958,0.544055468978051,0.027879698609020422,188,366,206,294,265,200
1776763961.9880567,0.0,-2,4,4.47213595499958,0.544055468978051,0.027879698609020422,188,366,206,294,265,200
1776763962.0453947,0.0,-2,4,4.47213595499958,0.544055468978051,0.027879698609020422,188,366,206,294,265,200
1776763962.1020923,0.0,-2,4,4.47213595499958,0.544055468978051,0.027879698609020422,188,366,206,294,265,200
1776763962.1596358,0.0,-2,4,4.47213595499958,0.544055468978051,0.027879698609020422,188,366,206,294,265,200
1776763962.2168233,0.0,-2,4,4.47213595499958,0.544055468978051,0.027879698609020422,188,366,206,294,265,200
1776763962.2744422,0.0,-2,4,4.47213595499958,0.544055468978051,0.027879698609020422,188,366,206,294,265,200
1776763962.3278406,0.0,-2,4,4.47213595499958,0.544055468978051,0.027879698609020422,188,366,206,294,265,200
1776763962.3849223,0.0,-2,4,4.47213595499958,0.544055468978051,0.027879698609020422,188,366,206,294,265,200
1776763962.4426293,0.0,-2,4,4.47213595499958,0.544055468978051,0.027879698609020422,188,366,206,294,265,200
1776763962.499397,0.0,-2,4,4.47213595499958,0.544055468978051,0.027879698609020422,188,366,206,294,265,200
1776763962.557474,0.0,-2,4,4.47213595499958,0.544055468978051,0.027879698609020422,188,366,206,294,265,200
1776763962.6109035,0.0,-2,4,4.47213595499958,0.544055468978051,0.027879698609020422,188,366,206,294,265,200
1776763962.6684225,0.0,-2,4,4.47213595499958,0.544055468978051,0.027879698609020422,188,366,206,294,265,200
1776763962.7254412,0.0,-2,4,4.47213595499958,0.544055468978051,0.027879698609020422,188,366,206,294,265,200
1776763962.7829585,0.0,-2,4,4.47213595499958,0.544055468978051,0.027879698609020422,188,366,206,294,265,200
1776763962.8392768,0.0,-2,4,4.47213595499958,0.544055468978051,0.027879698609020422,188,366,206,294,265,200
1776763962.8968601,0.0,-2,4,4.47213595499958,0.544055468978051,0.027879698609020422,188,366,206,294,265,200
1776763962.9507751,0.0,-2,4,4.47213595499958,0.544055468978051,0.027879698609020422,188,366,206,294,265,200
1776763963.0080304,0.0,-2,4,4.47213595499958,0.544055468978051,0.027879698609020422,188,366,206,294,265,200
1776763963.064799,0.0,-2,4,4.47213595499958,0.544055468978051,0.027879698609020422,188,366,206,294,265,200
1776763963.1226747,0.0,-2,4,4.47213595499958,0.544055468978051,0.027879698609020422,188,366,206,294,265,200
1776763963.1797814,0.0,-2,4,4.47213595499958,0.544055468978051,0.027879698609020422,188,366,206,294,265,200
1776763963.2328553,0.0,-2,4,4.47213595499958,0.544055468978051,0.027879698609020422,188,366,206,294,265,200
1776763963.2906597,0.0,-2,4,4.47213595499958,0.544055468978051,0.027879698609020422,188,366,206,294,265,200
1776763963.3472936,0.0,-2,4,4.47213595499958,0.544055468978051,0.027879698609020422,188,366,206,294,265,200
1776763963.4050395,0.0,-2,4,4.47213595499958,0.544055468978051,0.027879698609020422,188,366,206,294,265,200
1776763963.4624119,0.0,-2,4,4.47213595499958,0.544055468978051,0.027879698609020422,188,366,206,294,265,200
1776763963.5195658,0.0,-2,4,4.47213595499958,0.544055468978051,0.027879698609020422,188,366,206,294,265,200
1776763963.5727708,0.0,-2,4,4.47213595499958,0.544055468978051,0.027879698609020422,188,366,206,294,265,200
1776763963.6305058,0.0,-2,4,4.47213595499958,0.544055468978051,0.027879698609020422,188,366,206,294,265,200
1776763963.6880713,0.0,-2,4,4.47213595499958,0.544055468978051,0.027879698609020422,188,366,206,294,265,200
1776763963.744775,0.0,-2,4,4.47213595499958,0.544055468978051,0.027879698609020422,188,366,206,294,265,200
1776763963.8024013,0.0,-2,4,4.47213595499958,0.544055468978051,0.027879698609020422,188,366,206,294,265,200
1776763963.8558,0.0,-2,4,4.47213595499958,0.544055468978051,0.027879698609020422,188,366,206,294,265,200
1776763963.9132261,0.0,-2,4,4.47213595499958,0.544055468978051,0.027879698609020422,188,366,206,294,265,200
1776763963.970499,0.0,-2,4,4.47213595499958,0.544055468978051,0.027879698609020422,188,366,206,294,265,200
1776763964.027872,0.0,-2,4,4.47213595499958,0.544055468978051,0.027879698609020422,188,366,206,294,265,200
1776763964.0848918,0.0,-2,4,4.47213595499958,0.544055468978051,0.027879698609020422,188,366,206,294,265,200
1776763964.1425536,0.0,-2,4,4.47213595499958,0.544055468978051,0.027879698609020422,188,366,206,294,265,200
1776763964.1952677,0.0,-2,4,4.47213595499958,0.544055468978051,0.027879698609020422,188,366,206,294,265,200
1776763964.2528524,0.0,-2,4,4.47213595499958,0.544055468978051,0.027879698609020422,188,366,206,294,265,200
1776763964.3097773,0.0,-2,4,4.47213595499958,0.544055468978051,0.027879698609020422,188,366,206,294,265,200
1776763964.3671508,0.0,-2,4,4.47213595499958,0.544055468978051,0.027879698609020422,188,366,206,294,265,200
1776763964.4244435,0.0,-2,4,4.47213595499958,0.544055468978051,0.027879698609020422,188,366,206,294,265,200
1776763964.4782283,0.0,-2,4,4.47213595499958,0.544055468978051,0.027879698609020422,188,366,206,294,265,200
1776763964.5357265,0.0,-2,4,4.47213595499958,0.544055468978051,0.027879698609020422,188,366,206,294,265,200
1776763964.5925283,0.0,-2,4,4.47213595499958,0.544055468978051,0.027879698609020422,188,366,206,294,265,200
1776763964.6507392,0.0,-2,4,4.47213595499958,0.544055468978051,0.027879698609020422,188,366,206,294,265,200
1776763964.7073078,0.0,-2,4,4.47213595499958,0.544055468978051,0.027879698609020422,188,366,206,294,265,200
1776763964.764787,0.0,-2,4,4.47213595499958,0.544055468978051,0.027879698609020422,188,366,206,294,265,200
1776763964.8177931,0.0,-2,4,4.47213595499958,0.544055468978051,0.027879698609020422,188,366,206,294,265,200
1776763964.8755944,0.0,-2,4,4.47213595499958,0.544055468978051,0.027879698609020422,188,366,206,294,265,200
1776763964.9337804,0.0,-2,4,4.47213595499958,0.544055468978051,0.027879698609020422,188,366,206,294,265,200
1776763964.990661,0.0,-2,4,4.47213595499958,0.544055468978051,0.027879698609020422,188,366,206,294,265,200
1776763965.0470457,0.0,-2,4,4.47213595499958,0.544055468978051,0.027879698609020422,188,366,206,294,265,200
1776763965.100815,0.0,-2,4,4.47213595499958,0.544055468978051,0.027879698609020422,188,366,206,294,265,200
1776763965.1580317,0.0,-2,4,4.47213595499958,0.544055468978051,0.027879698609020422,188,366,206,294,265,200
1776763965.2150059,0.0,-2,4,4.47213595499958,0.544055468978051,0.027879698609020422,188,366,206,294,265,200
1776763965.2727733,0.0,-2,4,4.47213595499958,0.544055468978051,0.027879698609020422,188,366,206,294,265,200
1776763965.329727,0.0,-2,4,4.47213595499958,0.544055468978051,0.027879698609020422,188,366,206,294,265,200
1776763965.3874238,0.0,-2,4,4.47213595499958,0.544055468978051,0.027879698609020422,188,366,206,294,265,200
1776763965.4405606,0.0,-2,4,4.47213595499958,0.544055468978051,0.027879698609020422,188,366,206,294,265,200
1776763965.4982958,0.0,-2,4,4.47213595499958,0.544055468978051,0.027879698609020422,188,366,206,294,265,200
1776763965.5552197,0.0,-2,4,4.47213595499958,0.544055468978051,0.027879698609020422,188,366,206,294,265,200
1776763965.6132088,0.0,-2,4,4.47213595499958,0.544055468978051,0.027879698609020422,188,366,206,294,265,200
1776763965.6704638,0.0,-2,4,4.47213595499958,0.544055468978051,0.027879698609020422,188,366,206,294,265,200
1776763965.7238371,0.0,-2,4,4.47213595499958,0.544055468978051,0.027879698609020422,188,366,206,294,265,200
1776763965.781247,0.0,-2,4,4.47213595499958,0.544055468978051,0.027879698609020422,188,366,206,294,265,200
1776763965.838067,0.0,-2,4,4.47213595499958,0.544055468978051,0.027879698609020422,188,366,206,294,265,200
1776763965.8952718,0.0,-2,4,4.47213595499958,0.544055468978051,0.027879698609020422,188,366,206,294,265,200
1776763965.9527552,0.0,-2,4,4.47213595499958,0.544055468978051,0.027879698609020422,188,366,206,294,265,200
1776763966.01016,0.0,-2,4,4.47213595499958,0.544055468978051,0.027879698609020422,188,366,206,294,265,200
1776763966.0633984,0.0,-2,4,4.47213595499958,0.544055468978051,0.027879698609020422,188,366,206,294,265,200
1776763966.121024,0.0,-3,4,5.0,0.608272506082725,0.027189994078912812,187,366,205,295,264,200
1776763966.2353468,0.0,-3,5,5.830951894845301,0.709361544385073,0.027734162454120394,187,366,205,295,264,201
1776763966.2921221,0.0,-3,5,5.830951894845301,0.709361544385073,0.027734162454120394,187,366,205,295,264,201
1776763966.3459625,0.0,-3,5,5.830951894845301,0.709361544385073,0.027734162454120394,187,366,205,295,264,201
1776763966.4035428,0.0,-3,5,5.830951894845301,0.709361544385073,0.027734162454120394,187,366,205,295,264,201
1776763966.4606414,0.0,-3,5,5.830951894845301,0.709361544385073,0.027734162454120394,187,366,205,295,264,201
1776763966.517813,0.0,-3,5,5.830951894845301,0.709361544385073,0.027734162454120394,187,366,205,295,264,201
1776763966.574995,0.0,-3,5,5.830951894845301,0.709361544385073,0.027734162454120394,187,366,205,295,264,201
1776763966.6322045,0.0,-3,5,5.830951894845301,0.709361544385073,0.028939405214110144,188,366,205,295,264,201
1776763966.685594,0.0,-3,5,5.830951894845301,0.709361544385073,0.028939405214110144,188,366,205,295,264,201
1776763966.7431216,0.0,-3,5,5.830951894845301,0.709361544385073,0.028939405214110144,188,366,205,295,264,201
1776763966.8011208,0.0,-3,4,5.0,0.608272506082725,0.02728637459806386,188,366,206,294,264,200
1776763966.8576736,0.0,-3,4,5.0,0.608272506082725,0.02728637459806386,188,366,206,294,264,200
1776763966.9150093,0.0,-3,4,5.0,0.608272506082725,0.02728637459806386,188,366,206,294,264,200
1776763966.9684498,0.0,-3,4,5.0,0.608272506082725,0.02728637459806386,188,366,206,294,264,200
1776763967.026086,0.0,-3,4,5.0,0.608272506082725,0.02728637459806386,188,366,206,294,264,200
1776763967.0833354,0.0,-3,4,5.0,0.608272506082725,0.02728637459806386,188,366,206,294,264,200
1776763967.1411512,0.0,-3,4,5.0,0.608272506082725,0.02728637459806386,188,366,206,294,264,200
1776763967.1977096,0.0,-3,4,5.0,0.608272506082725,0.02728637459806386,188,366,206,294,264,200
1776763967.255012,0.0,-3,4,5.0,0.608272506082725,0.02728637459806386,188,366,206,294,264,200
1776763967.308465,0.0,-3,4,5.0,0.608272506082725,0.02728637459806386,188,366,206,294,264,200
1776763967.3664193,0.0,-3,4,5.0,0.608272506082725,0.02728637459806386,188,366,206,294,264,200
1776763967.4235735,0.0,-3,4,5.0,0.608272506082725,0.02728637459806386,188,366,206,294,264,200
1776763967.4802413,0.0,-3,4,5.0,0.608272506082725,0.02728637459806386,188,366,206,294,264,200
1776763967.5376117,0.0,-3,4,5.0,0.608272506082725,0.02728637459806386,188,366,206,294,264,200
1776763967.5914397,0.0,-3,4,5.0,0.608272506082725,0.02728637459806386,188,366,206,294,264,200
1776763967.6491067,0.0,-3,4,5.0,0.608272506082725,0.02728637459806386,188,366,206,294,264,200
1776763967.7058651,0.0,-3,4,5.0,0.608272506082725,0.02728637459806386,188,366,206,294,264,200
1776763967.7628078,0.0,-3,4,5.0,0.608272506082725,0.02728637459806386,188,366,206,294,264,200
1776763967.820428,0.0,-3,4,5.0,0.608272506082725,0.02728637459806386,188,366,206,294,264,200
1776763967.8782594,0.0,-3,4,5.0,0.608272506082725,0.02728637459806386,188,366,206,294,264,200
1776763967.9312458,0.0,-3,4,5.0,0.608272506082725,0.02728637459806386,188,366,206,294,264,200
1776763967.9882455,0.0,-3,4,5.0,0.608272506082725,0.02728637459806386,188,366,206,294,264,200
1776763968.0461543,0.0,-3,4,5.0,0.608272506082725,0.02728637459806386,188,366,206,294,264,200
1776763968.1029158,0.0,-3,4,5.0,0.608272506082725,0.02728637459806386,188,366,206,294,264,200
1776763968.160852,0.0,-3,4,5.0,0.608272506082725,0.02728637459806386,188,366,206,294,264,200
1776763968.2146134,0.0,-3,4,5.0,0.608272506082725,0.02728637459806386,188,366,206,294,264,200
1776763968.2711005,0.0,-3,4,5.0,0.608272506082725,0.02728637459806386,188,366,206,294,264,200
1776763968.3282719,0.0,-3,4,5.0,0.608272506082725,0.02728637459806386,188,366,206,294,264,200
1776763968.3858254,0.0,-3,4,5.0,0.608272506082725,0.02728637459806386,188,366,206,294,264,200
1776763968.4427772,0.0,-3,4,5.0,0.608272506082725,0.02728637459806386,188,366,206,294,264,200
1776763968.4998791,0.0,-3,4,5.0,0.608272506082725,0.02728637459806386,188,366,206,294,264,200
1776763968.5538232,0.0,-3,4,5.0,0.608272506082725,0.02728637459806386,188,366,206,294,264,200
1776763968.6111617,0.0,-3,4,5.0,0.608272506082725,0.02728637459806386,188,366,206,294,264,200
1776763968.6681914,0.0,-3,4,5.0,0.608272506082725,0.02728637459806386,188,366,206,294,264,200
1776763968.7260573,0.0,-3,4,5.0,0.608272506082725,0.02728637459806386,188,366,206,294,264,200
1776763968.7824242,0.0,-3,4,5.0,0.608272506082725,0.02728637459806386,188,366,206,294,264,200
1776763968.835798,0.0,-3,4,5.0,0.608272506082725,0.02728637459806386,188,366,206,294,264,200
1776763968.8931084,0.0,-3,4,5.0,0.608272506082725,0.02728637459806386,188,366,206,294,264,200
1776763968.9503367,0.0,-3,4,5.0,0.608272506082725,0.02728637459806386,188,366,206,294,264,200
1776763969.0080388,0.0,-3,4,5.0,0.608272506082725,0.02728637459806386,188,366,206,294,264,200
1776763969.0654743,0.0,-3,4,5.0,0.608272506082725,0.02728637459806386,188,366,206,294,264,200
1776763969.1226544,0.0,-3,4,5.0,0.608272506082725,0.02728637459806386,188,366,206,294,264,200
1776763969.176645,0.0,-3,4,5.0,0.608272506082725,0.02728637459806386,188,366,206,294,264,200
1776763969.2330372,0.0,-3,4,5.0,0.608272506082725,0.02728637459806386,188,366,206,294,264,200
1776763969.2907848,0.0,-3,4,5.0,0.608272506082725,0.02728637459806386,188,366,206,294,264,200
1776763969.3482213,0.0,-3,4,5.0,0.608272506082725,0.02728637459806386,188,366,206,294,264,200
1776763969.4057229,0.0,-3,4,5.0,0.608272506082725,0.02728637459806386,188,366,206,294,264,200
1776763969.4588997,0.0,-3,4,5.0,0.608272506082725,0.02728637459806386,188,366,206,294,264,200
1776763969.5157833,0.0,-3,4,5.0,0.608272506082725,0.02728637459806386,188,366,206,294,264,200
1776763969.573707,0.0,-3,4,5.0,0.608272506082725,0.02728637459806386,188,366,206,294,264,200
1776763969.6310718,0.0,-3,4,5.0,0.608272506082725,0.02728637459806386,188,366,206,294,264,200
1776763969.6882284,0.0,-3,4,5.0,0.608272506082725,0.02728637459806386,188,366,206,294,264,200
1776763969.7453969,0.0,-3,4,5.0,0.608272506082725,0.02728637459806386,188,366,206,294,264,200
1776763969.7989602,0.0,-3,4,5.0,0.608272506082725,0.02728637459806386,188,366,206,294,264,200
1776763969.8568583,0.0,-3,4,5.0,0.608272506082725,0.02728637459806386,188,366,206,294,264,200
1776763969.9135716,0.0,-3,4,5.0,0.608272506082725,0.02728637459806386,188,366,206,294,264,200
1776763969.9703832,0.0,-3,4,5.0,0.608272506082725,0.02728637459806386,188,366,206,294,264,200
1776763970.0279887,0.0,-3,4,5.0,0.608272506082725,0.02728637459806386,188,366,206,294,264,200
1776763970.081267,0.0,-3,4,5.0,0.608272506082725,0.02728637459806386,188,366,206,294,264,200
1776763970.1388001,0.0,-3,4,5.0,0.608272506082725,0.02728637459806386,188,366,206,294,264,200
1776763970.1964905,0.0,-3,4,5.0,0.608272506082725,0.02728637459806386,188,366,206,294,264,200
1776763970.2538338,0.0,-3,4,5.0,0.608272506082725,0.02728637459806386,188,366,206,294,264,200
1776763970.3107603,0.0,-3,4,5.0,0.608272506082725,0.02728637459806386,188,366,206,294,264,200
1776763970.367978,0.0,-3,4,5.0,0.608272506082725,0.02728637459806386,188,366,206,294,264,200
1776763970.4217808,0.0,-3,4,5.0,0.608272506082725,0.02728637459806386,188,366,206,294,264,200
1776763970.4788537,0.0,-3,4,5.0,0.608272506082725,0.02728637459806386,188,366,206,294,264,200
1776763970.5360126,0.0,-3,4,5.0,0.608272506082725,0.02728637459806386,188,366,206,294,264,200
1776763970.5933564,0.0,-3,4,5.0,0.608272506082725,0.02728637459806386,188,366,206,294,264,200
1776763970.650859,0.0,-3,4,5.0,0.608272506082725,0.02728637459806386,188,366,206,294,264,200
1776763970.705077,0.0,-3,4,5.0,0.608272506082725,0.02728637459806386,188,366,206,294,264,200
1776763970.761347,0.0,-3,4,5.0,0.608272506082725,0.02728637459806386,188,366,206,294,264,200
1776763970.8190196,0.0,-3,4,5.0,0.608272506082725,0.02728637459806386,188,366,206,294,264,200
1776763970.8754206,0.0,-3,4,5.0,0.608272506082725,0.02728637459806386,188,366,206,294,264,200
1776763970.933491,0.0,-3,4,5.0,0.608272506082725,0.02728637459806386,188,366,206,294,264,200
1776763970.9901001,0.0,-3,4,5.0,0.608272506082725,0.02728637459806386,188,366,206,294,264,200
1776763971.044021,0.0,-3,4,5.0,0.608272506082725,0.02728637459806386,188,366,206,294,264,200
1776763971.1007528,0.0,-3,4,5.0,0.608272506082725,0.02728637459806386,188,366,206,294,264,200
1776763971.158445,0.0,-3,4,5.0,0.608272506082725,0.02728637459806386,188,366,206,294,264,200
1776763971.215428,0.0,-3,4,5.0,0.608272506082725,0.02728637459806386,188,366,206,294,264,200
1776763971.2727563,0.0,-3,4,5.0,0.608272506082725,0.02728637459806386,188,366,206,294,264,200
1776763971.3265004,0.0,-3,4,5.0,0.608272506082725,0.02728637459806386,188,366,206,294,264,200
1776763971.3837209,0.0,-3,4,5.0,0.608272506082725,0.02728637459806386,188,366,206,294,264,200
1776763971.4409237,0.0,-3,4,5.0,0.608272506082725,0.02728637459806386,188,366,206,294,264,200
1776763971.4979944,0.0,-3,4,5.0,0.608272506082725,0.02728637459806386,188,366,206,294,264,200
1776763971.5553334,0.0,-3,4,5.0,0.608272506082725,0.02728637459806386,188,366,206,294,264,200
1776763971.6132085,0.0,-3,4,5.0,0.608272506082725,0.02728637459806386,188,366,206,294,264,200
1776763971.6663785,0.0,-3,4,5.0,0.608272506082725,0.02728637459806386,188,366,206,294,264,200
1776763971.723611,0.0,-3,4,5.0,0.608272506082725,0.02728637459806386,188,366,206,294,264,200
1776763971.781467,0.0,-3,4,5.0,0.608272506082725,0.02728637459806386,188,366,206,294,264,200
1776763971.8384395,0.0,-3,4,5.0,0.608272506082725,0.02728637459806386,188,366,206,294,264,200
1776763971.895457,0.0,-3,4,5.0,0.608272506082725,0.02728637459806386,188,366,206,294,264,200
1776763971.9489207,0.0,-3,4,5.0,0.608272506082725,0.02728637459806386,188,366,206,294,264,200
1776763972.006619,0.0,-3,4,5.0,0.608272506082725,0.02728637459806386,188,366,206,294,264,200
1776763972.064299,0.0,-3,4,5.0,0.608272506082725,0.02728637459806386,188,366,206,294,264,200
1776763972.1205175,0.0,-3,4,5.0,0.608272506082725,0.02728637459806386,188,366,206,294,264,200
1776763972.178324,0.0,-3,4,5.0,0.608272506082725,0.02728637459806386,188,366,206,294,264,200
1776763972.2354805,0.0,-3,4,5.0,0.608272506082725,0.02728637459806386,188,366,206,294,264,200
1776763972.288608,0.0,-3,4,5.0,0.608272506082725,0.02728637459806386,188,366,206,294,264,200
1776763972.3463748,0.0,-3,4,5.0,0.608272506082725,0.02728637459806386,188,366,206,294,264,200
1776763972.4035678,0.0,-3,4,5.0,0.608272506082725,0.02728637459806386,188,366,206,294,264,200
1776763972.4612713,0.0,-3,4,5.0,0.608272506082725,0.02728637459806386,188,366,206,294,264,200
1776763972.5182078,0.0,-3,4,5.0,0.608272506082725,0.02728637459806386,188,366,206,294,264,200
1776763972.5719113,0.0,-3,4,5.0,0.608272506082725,0.02728637459806386,188,366,206,294,264,200
1776763972.6291,0.0,-3,4,5.0,0.608272506082725,0.02728637459806386,188,366,206,294,264,200
1776763972.6865942,0.0,-3,4,5.0,0.608272506082725,0.02728637459806386,188,366,206,294,264,200
1776763972.7436707,0.0,-3,4,5.0,0.608272506082725,0.02728637459806386,188,366,206,294,264,200
1776763972.800573,0.0,-3,4,5.0,0.608272506082725,0.02728637459806386,188,366,206,294,264,200
1776763972.8582628,0.0,-3,4,5.0,0.608272506082725,0.02728637459806386,188,366,206,294,264,200
1776763972.9118464,0.0,-3,4,5.0,0.608272506082725,0.02728637459806386,188,366,206,294,264,200
1776763972.968962,0.0,-3,4,5.0,0.608272506082725,0.02728637459806386,188,366,206,294,264,200
1776763973.0264544,0.0,-3,4,5.0,0.608272506082725,0.02728637459806386,188,366,206,294,264,200
1776763973.0837376,0.0,-3,4,5.0,0.608272506082725,0.02728637459806386,188,366,206,294,264,200
1776763973.1410098,0.0,-3,4,5.0,0.608272506082725,0.02728637459806386,188,366,206,294,264,200
1776763973.1941571,0.0,-3,4,5.0,0.608272506082725,0.02728637459806386,188,366,206,294,264,200
1776763973.2515533,0.0,-3,4,5.0,0.608272506082725,0.02728637459806386,188,366,206,294,264,200
1776763973.3090813,0.0,-3,4,5.0,0.608272506082725,0.02728637459806386,188,366,206,294,264,200
1776763973.365932,0.0,-3,4,5.0,0.608272506082725,0.02728637459806386,188,366,206,294,264,200
1776763973.4235623,0.0,-3,4,5.0,0.608272506082725,0.02728637459806386,188,366,206,294,264,200
1776763973.4767025,0.0,-3,4,5.0,0.608272506082725,0.02728637459806386,188,366,206,294,264,200
1776763973.5342934,0.0,-3,4,5.0,0.608272506082725,0.02728637459806386,188,366,206,294,264,200
1776763973.5913715,0.0,-3,4,5.0,0.608272506082725,0.02728637459806386,188,366,206,294,264,200
1776763973.6485393,0.0,-3,4,5.0,0.608272506082725,0.02728637459806386,188,366,206,294,264,200
1776763973.7063444,0.0,-3,4,5.0,0.608272506082725,0.02728637459806386,188,366,206,294,264,200
1776763973.7633436,0.0,-3,4,5.0,0.608272506082725,0.02728637459806386,188,366,206,294,264,200
1776763973.8167691,0.0,-3,4,5.0,0.608272506082725,0.02728637459806386,188,366,206,294,264,200
1776763973.873705,0.0,-3,4,5.0,0.608272506082725,0.02728637459806386,188,366,206,294,264,200
1776763973.9310267,0.0,-3,4,5.0,0.608272506082725,0.02728637459806386,188,366,206,294,264,200
1776763973.9882805,0.0,-3,4,5.0,0.608272506082725,0.02728637459806386,188,366,206,294,264,200
1776763974.045588,0.0,-3,4,5.0,0.608272506082725,0.02728637459806386,188,366,206,294,264,200
1776763974.099001,0.0,-3,4,5.0,0.608272506082725,0.02728637459806386,188,366,206,294,264,200
1776763974.1562421,0.0,-3,4,5.0,0.608272506082725,0.02728637459806386,188,366,206,294,264,200
1776763974.2136426,0.0,-3,4,5.0,0.608272506082725,0.02728637459806386,188,366,206,294,264,200
1776763974.270918,0.0,-3,4,5.0,0.608272506082725,0.02728637459806386,188,366,206,294,264,200
1776763974.32846,0.0,-3,4,5.0,0.608272506082725,0.02728637459806386,188,366,206,294,264,200
1776763974.3858566,0.0,-3,4,5.0,0.608272506082725,0.02728637459806386,188,366,206,294,264,200
1776763974.4392653,0.0,-3,4,5.0,0.608272506082725,0.02728637459806386,188,366,206,294,264,200
1776763974.4966567,0.0,-3,4,5.0,0.608272506082725,0.02728637459806386,188,366,206,294,264,200
1776763974.5538645,0.0,-3,4,5.0,0.608272506082725,0.02728637459806386,188,366,206,294,264,200
1776763974.6117783,0.0,-3,4,5.0,0.608272506082725,0.02728637459806386,188,366,206,294,264,200
1776763974.668958,0.0,-3,4,5.0,0.608272506082725,0.02728637459806386,188,366,206,294,264,200
1776763974.722284,0.0,-3,4,5.0,0.608272506082725,0.02728637459806386,188,366,206,294,264,200
1776763974.7794406,0.0,-3,4,5.0,0.608272506082725,0.02728637459806386,188,366,206,294,264,200
1776763974.8376193,0.0,-3,4,5.0,0.608272506082725,0.02728637459806386,188,366,206,294,264,200
1776763974.8940177,0.0,-3,4,5.0,0.608272506082725,0.02728637459806386,188,366,206,294,264,200
1776763974.9511058,0.0,-3,4,5.0,0.608272506082725,0.02728637459806386,188,366,206,294,264,200
1776763975.0088525,0.0,-3,4,5.0,0.608272506082725,0.02728637459806386,188,366,206,294,264,200
1776763975.0624826,0.0,-3,4,5.0,0.608272506082725,0.02728637459806386,188,366,206,294,264,200
1776763975.1192462,0.0,-3,4,5.0,0.608272506082725,0.02728637459806386,188,366,206,294,264,200
1776763975.1767561,0.0,-3,4,5.0,0.608272506082725,0.02728637459806386,188,366,206,294,264,200
1776763975.2337534,0.0,-3,4,5.0,0.608272506082725,0.02728637459806386,188,366,206,294,264,200
1776763975.2906559,0.0,-3,4,5.0,0.608272506082725,0.02728637459806386,188,366,206,294,264,200
1776763975.3443856,0.0,-3,4,5.0,0.608272506082725,0.02728637459806386,188,366,206,294,264,200
1776763975.4021468,0.0,-3,4,5.0,0.608272506082725,0.02728637459806386,188,366,206,294,264,200
1776763975.4591832,0.0,-3,4,5.0,0.608272506082725,0.02728637459806386,188,366,206,294,264,200
1776763975.5166006,0.0,-3,4,5.0,0.608272506082725,0.02728637459806386,188,366,206,294,264,200
1776763975.5741622,0.0,-3,4,5.0,0.608272506082725,0.02728637459806386,188,366,206,294,264,200
1776763975.63057,0.0,-3,4,5.0,0.608272506082725,0.02728637459806386,188,366,206,294,264,200
1776763975.684041,0.0,-3,4,5.0,0.608272506082725,0.02728637459806386,188,366,206,294,264,200
1776763975.7413557,0.0,-3,4,5.0,0.608272506082725,0.02728637459806386,188,366,206,294,264,200
1776763975.7988598,0.0,-3,4,5.0,0.608272506082725,0.02728637459806386,188,366,206,294,264,200
1776763975.8563557,0.0,-3,4,5.0,0.608272506082725,0.02728637459806386,188,366,206,294,264,200
1776763975.9157825,0.0,-3,4,5.0,0.608272506082725,0.02728637459806386,188,366,206,294,264,200
1776763975.966973,0.0,-3,4,5.0,0.608272506082725,0.02728637459806386,188,366,206,294,264,200
1776763976.0247202,0.0,-3,4,5.0,0.608272506082725,0.02728637459806386,188,366,206,294,264,200
1776763976.082073,0.0,-3,4,5.0,0.608272506082725,0.02728637459806386,188,366,206,294,264,200
1776763976.1391435,0.0,-3,4,5.0,0.608272506082725,0.02728637459806386,188,366,206,294,264,200
1776763976.1959784,0.0,-3,4,5.0,0.608272506082725,0.02728637459806386,188,366,206,294,264,200
1776763976.2543435,0.0,-3,4,5.0,0.608272506082725,0.02728637459806386,188,366,206,294,264,200
1776763976.307082,0.0,-3,4,5.0,0.608272506082725,0.02728637459806386,188,366,206,294,264,200
1776763976.3646464,0.0,-3,4,5.0,0.608272506082725,0.02728637459806386,188,366,206,294,264,200
1776763976.4219048,0.0,-3,4,5.0,0.608272506082725,0.02728637459806386,188,366,206,294,264,200
1776763976.479109,0.0,-3,4,5.0,0.608272506082725,0.02728637459806386,188,366,206,294,264,200
1776763976.5364459,0.0,-3,4,5.0,0.608272506082725,0.02728637459806386,188,366,206,294,264,200
1776763976.5901334,0.0,-3,4,5.0,0.608272506082725,0.02728637459806386,188,366,206,294,264,200
1776763976.6466796,0.0,-3,4,5.0,0.608272506082725,0.02728637459806386,188,366,206,294,264,200
1776763976.7043204,0.0,-3,4,5.0,0.608272506082725,0.02728637459806386,188,366,206,294,264,200
1776763976.761708,0.0,-3,4,5.0,0.608272506082725,0.02728637459806386,188,366,206,294,264,200
1776763976.8192036,0.0,-3,4,5.0,0.608272506082725,0.02728637459806386,188,366,206,294,264,200
1776763976.8764303,0.0,-3,4,5.0,0.608272506082725,0.02728637459806386,188,366,206,294,264,200
1776763976.9292948,0.0,-3,4,5.0,0.608272506082725,0.02728637459806386,188,366,206,294,264,200
1776763976.9868357,0.0,-3,4,5.0,0.608272506082725,0.02728637459806386,188,366,206,294,264,200
1776763977.044949,0.0,-3,4,5.0,0.608272506082725,0.02728637459806386,188,366,206,294,264,200
1776763977.1016817,0.0,-3,4,5.0,0.608272506082725,0.02728637459806386,188,366,206,294,264,200
1776763977.1586888,0.0,-3,4,5.0,0.608272506082725,0.02728637459806386,188,366,206,294,264,200
1776763977.212109,0.0,-3,4,5.0,0.608272506082725,0.02728637459806386,188,366,206,294,264,200
1776763977.2706983,0.0,-3,4,5.0,0.608272506082725,0.02728637459806386,188,366,206,294,264,200
1776763977.3273718,0.0,-3,4,5.0,0.608272506082725,0.02728637459806386,188,366,206,294,264,200
1776763977.384478,0.0,-3,4,5.0,0.608272506082725,0.02728637459806386,188,366,206,294,264,200
1776763977.4414568,0.0,-3,4,5.0,0.608272506082725,0.02728637459806386,188,366,206,294,264,200
1776763977.49882,0.0,-3,4,5.0,0.608272506082725,0.02728637459806386,188,366,206,294,264,200
1776763977.5526779,0.0,-3,4,5.0,0.608272506082725,0.02728637459806386,188,366,206,294,264,200
1776763977.6092355,0.0,-3,4,5.0,0.608272506082725,0.02728637459806386,188,366,206,294,264,200
1776763977.6670425,0.0,-3,4,5.0,0.608272506082725,0.02728637459806386,188,366,206,294,264,200
1776763977.7246747,0.0,-3,4,5.0,0.608272506082725,0.02728637459806386,188,366,206,294,264,200
1776763977.7817724,0.0,-3,4,5.0,0.608272506082725,0.02728637459806386,188,366,206,294,264,200
1776763977.8350682,0.0,-3,4,5.0,0.608272506082725,0.02728637459806386,188,366,206,294,264,200
1776763977.8916976,0.0,-3,4,5.0,0.608272506082725,0.02728637459806386,188,366,206,294,264,200
1776763977.9489465,0.0,-3,4,5.0,0.608272506082725,0.02728637459806386,188,366,206,294,264,200
1776763978.0064034,0.0,-3,4,5.0,0.608272506082725,0.02728637459806386,188,366,206,294,264,200
1776763978.0642307,0.0,-3,4,5.0,0.608272506082725,0.02728637459806386,188,366,206,294,264,200
1776763978.121344,0.0,-3,4,5.0,0.608272506082725,0.02728637459806386,188,366,206,294,264,200
1776763978.1747959,0.0,-3,4,5.0,0.608272506082725,0.02728637459806386,188,366,206,294,264,200
1776763978.2317226,0.0,-3,4,5.0,0.608272506082725,0.02728637459806386,188,366,206,294,264,200
1776763978.2892954,0.0,-3,4,5.0,0.608272506082725,0.02728637459806386,188,366,206,294,264,200
1776763978.3466554,0.0,-3,4,5.0,0.608272506082725,0.02728637459806386,188,366,206,294,264,200
1776763978.4041476,0.0,-3,4,5.0,0.608272506082725,0.02728637459806386,188,366,206,294,264,200
1776763978.4575107,0.0,-3,4,5.0,0.608272506082725,0.02728637459806386,188,366,206,294,264,200
1776763978.5152416,0.0,-3,4,5.0,0.608272506082725,0.02728637459806386,188,366,206,294,264,200
1776763978.5720644,0.0,-3,4,5.0,0.608272506082725,0.02728637459806386,188,366,206,294,264,200
1776763978.6298916,0.0,-3,4,5.0,0.608272506082725,0.02728637459806386,188,366,206,294,264,200
1776763978.686686,0.0,-3,4,5.0,0.608272506082725,0.02728637459806386,188,366,206,294,264,200
1776763978.7438002,0.0,-3,4,5.0,0.608272506082725,0.02728637459806386,188,366,206,294,264,200
1776763978.797352,0.0,-3,4,5.0,0.608272506082725,0.02728637459806386,188,366,206,294,264,200
1776763978.85468,0.0,-3,4,5.0,0.608272506082725,0.02728637459806386,188,366,206,294,264,200
1776763978.9118738,0.0,-3,4,5.0,0.608272506082725,0.02728637459806386,188,366,206,294,264,200
1776763978.9696436,0.0,-3,4,5.0,0.608272506082725,0.02728637459806386,188,366,206,294,264,200
1776763979.0265203,0.0,-3,4,5.0,0.608272506082725,0.02728637459806386,188,366,206,294,264,200
1776763979.0799513,0.0,-3,4,5.0,0.608272506082725,0.02728637459806386,188,366,206,294,264,200
1776763979.137503,0.0,-3,4,5.0,0.608272506082725,0.02728637459806386,188,366,206,294,264,200
1776763979.1946816,0.0,-3,4,5.0,0.608272506082725,0.02728637459806386,188,366,206,294,264,200
1776763979.2514515,0.0,-3,4,5.0,0.608272506082725,0.02728637459806386,188,366,206,294,264,200
1776763979.309171,0.0,-3,4,5.0,0.608272506082725,0.02728637459806386,188,366,206,294,264,200
1776763979.3662958,0.0,-3,4,5.0,0.608272506082725,0.02728637459806386,188,366,206,294,264,200
1776763979.4207497,0.0,-3,4,5.0,0.608272506082725,0.02728637459806386,188,366,206,294,264,200
1776763979.477534,0.0,-3,4,5.0,0.608272506082725,0.02728637459806386,188,366,206,294,264,200
1776763979.534566,0.0,-3,4,5.0,0.608272506082725,0.02728637459806386,188,366,206,294,264,200
1776763979.5915174,0.0,-3,4,5.0,0.608272506082725,0.02728637459806386,188,366,206,294,264,200
1776763979.648909,0.0,-3,4,5.0,0.608272506082725,0.02728637459806386,188,366,206,294,264,200
1776763979.7021337,0.0,-3,4,5.0,0.608272506082725,0.02728637459806386,188,366,206,294,264,200
1776763979.7600381,0.0,-3,4,5.0,0.608272506082725,0.02728637459806386,188,366,206,294,264,200
1776763979.8180003,0.0,-3,4,5.0,0.608272506082725,0.02728637459806386,188,366,206,294,264,200
1776763979.8743112,0.0,-3,4,5.0,0.608272506082725,0.02728637459806386,188,366,206,294,264,200
1776763979.9319615,0.0,-3,4,5.0,0.608272506082725,0.02728637459806386,188,366,206,294,264,200
1776763979.9897842,0.0,-3,4,5.0,0.608272506082725,0.02728637459806386,188,366,206,294,264,200
1776763980.0425637,0.0,-3,4,5.0,0.608272506082725,0.02728637459806386,188,366,206,294,264,200
1776763980.0999732,0.0,-3,4,5.0,0.608272506082725,0.02728637459806386,188,366,206,294,264,200
1776763980.156683,0.0,-3,4,5.0,0.608272506082725,0.02728637459806386,188,366,206,294,264,200
1776763980.2139242,0.0,-3,4,5.0,0.608272506082725,0.02728637459806386,188,366,206,294,264,200
1776763980.271931,0.0,-3,4,5.0,0.608272506082725,0.02728637459806386,188,366,206,294,264,200
1776763980.325112,0.0,-3,4,5.0,0.608272506082725,0.02728637459806386,188,366,206,294,264,200
1776763980.381973,0.0,-3,4,5.0,0.608272506082725,0.02728637459806386,188,366,206,294,264,200
1776763980.439259,0.0,-3,4,5.0,0.608272506082725,0.02728637459806386,188,366,206,294,264,200
1776763980.4966202,0.0,-3,4,5.0,0.608272506082725,0.02728637459806386,188,366,206,294,264,200
1776763980.5544055,0.0,-3,4,5.0,0.608272506082725,0.02728637459806386,188,366,206,294,264,200
1776763980.611393,0.0,-3,4,5.0,0.608272506082725,0.02728637459806386,188,366,206,294,264,200
1776763980.6650891,0.0,-3,4,5.0,0.608272506082725,0.02728637459806386,188,366,206,294,264,200
1776763980.7223377,0.0,-3,4,5.0,0.608272506082725,0.02728637459806386,188,366,206,294,264,200
1776763980.7797163,0.0,-3,4,5.0,0.608272506082725,0.02728637459806386,188,366,206,294,264,200
1776763980.837825,0.0,-3,4,5.0,0.608272506082725,0.02728637459806386,188,366,206,294,264,200
1776763980.8938086,0.0,-3,4,5.0,0.608272506082725,0.02728637459806386,188,366,206,294,264,200
1776763980.9474576,0.0,-3,4,5.0,0.608272506082725,0.02728637459806386,188,366,206,294,264,200
1776763981.0045998,0.0,-3,4,5.0,0.608272506082725,0.02728637459806386,188,366,206,294,264,200
1776763981.0621877,0.0,-3,4,5.0,0.608272506082725,0.02728637459806386,188,366,206,294,264,200
1776763981.1198401,0.0,-3,4,5.0,0.608272506082725,0.02728637459806386,188,366,206,294,264,200
1776763981.177045,0.0,-3,4,5.0,0.608272506082725,0.02728637459806386,188,366,206,294,264,200
1776763981.2343383,0.0,-3,4,5.0,0.608272506082725,0.02728637459806386,188,366,206,294,264,200
1776763981.2876759,0.0,-3,4,5.0,0.608272506082725,0.02728637459806386,188,366,206,294,264,200
1776763981.3448184,0.0,-3,4,5.0,0.608272506082725,0.02728637459806386,188,366,206,294,264,200
1776763981.402381,0.0,-3,4,5.0,0.608272506082725,0.02728637459806386,188,366,206,294,264,200
1776763981.4596503,0.0,-3,4,5.0,0.608272506082725,0.02728637459806386,188,366,206,294,264,200
1776763981.5170364,0.0,-3,4,5.0,0.608272506082725,0.02728637459806386,188,366,206,294,264,200
1776763981.5698264,0.0,-3,4,5.0,0.608272506082725,0.02728637459806386,188,366,206,294,264,200
1776763981.6271915,0.0,-3,4,5.0,0.608272506082725,0.02728637459806386,188,366,206,294,264,200
1776763981.6851244,0.0,-3,4,5.0,0.608272506082725,0.02728637459806386,188,366,206,294,264,200
1776763981.742472,0.0,-3,4,5.0,0.608272506082725,0.02728637459806386,188,366,206,294,264,200
1776763981.799425,0.0,-3,4,5.0,0.608272506082725,0.02728637459806386,188,366,206,294,264,200
1776763981.856683,0.0,-3,4,5.0,0.608272506082725,0.02728637459806386,188,366,206,294,264,200
1776763981.9102454,0.0,-3,4,5.0,0.608272506082725,0.02728637459806386,188,366,206,294,264,200
1776763981.9675858,0.0,-3,4,5.0,0.608272506082725,0.02728637459806386,188,366,206,294,264,200
1776763982.0250251,0.0,-3,4,5.0,0.608272506082725,0.02728637459806386,188,366,206,294,264,200
1776763982.0821457,0.0,-3,4,5.0,0.608272506082725,0.02728637459806386,188,366,206,294,264,200
1776763982.1396866,0.0,-3,4,5.0,0.608272506082725,0.02728637459806386,188,366,206,294,264,200
1776763982.1924052,0.0,-3,4,5.0,0.608272506082725,0.02728637459806386,188,366,206,294,264,200
1776763982.2501657,0.0,-3,4,5.0,0.608272506082725,0.02728637459806386,188,366,206,294,264,200
1776763982.307278,0.0,-3,4,5.0,0.608272506082725,0.02728637459806386,188,366,206,294,264,200
1776763982.3642123,0.0,-3,4,5.0,0.608272506082725,0.02728637459806386,188,366,206,294,264,200
1776763982.421668,0.0,-3,4,5.0,0.608272506082725,0.02728637459806386,188,366,206,294,264,200
1776763982.4789505,0.0,-3,4,5.0,0.608272506082725,0.02728637459806386,188,366,206,294,264,200
1776763982.5324042,0.0,-3,4,5.0,0.608272506082725,0.02728637459806386,188,366,206,294,264,200
1776763982.590152,0.0,-3,4,5.0,0.608272506082725,0.02728637459806386,188,366,206,294,264,200
1776763982.6473567,0.0,-3,4,5.0,0.608272506082725,0.02728637459806386,188,366,206,294,264,200
1776763982.704468,0.0,-3,4,5.0,0.608272506082725,0.02728637459806386,188,366,206,294,264,200
1776763982.7619035,0.0,-3,4,5.0,0.608272506082725,0.02728637459806386,188,366,206,294,264,200
1776763982.815924,0.0,-3,4,5.0,0.608272506082725,0.02728637459806386,188,366,206,294,264,200
1776763982.8730834,0.0,-3,4,5.0,0.608272506082725,0.02728637459806386,188,366,206,294,264,200
1776763982.930364,0.0,-3,4,5.0,0.608272506082725,0.02728637459806386,188,366,206,294,264,200
1776763982.9870927,0.0,-3,4,5.0,0.608272506082725,0.02728637459806386,188,366,206,294,264,200
1776763983.0444312,0.0,-3,4,5.0,0.608272506082725,0.02728637459806386,188,366,206,294,264,200
1776763983.102028,0.0,-3,4,5.0,0.608272506082725,0.02728637459806386,188,366,206,294,264,200
1776763983.1555555,0.0,-3,4,5.0,0.608272506082725,0.02728637459806386,188,366,206,294,264,200
1776763983.2129312,0.0,-3,4,5.0,0.608272506082725,0.02728637459806386,188,366,206,294,264,200
1776763983.269825,0.0,-3,4,5.0,0.608272506082725,0.02728637459806386,188,366,206,294,264,200
1776763983.3269136,0.0,-3,4,5.0,0.608272506082725,0.02728637459806386,188,366,206,294,264,200
1776763983.3844981,0.0,-3,4,5.0,0.608272506082725,0.02728637459806386,188,366,206,294,264,200
1776763983.4381053,0.0,-3,4,5.0,0.608272506082725,0.02728637459806386,188,366,206,294,264,200
1776763983.4956555,0.0,-3,4,5.0,0.608272506082725,0.02728637459806386,188,366,206,294,264,200
1776763983.552707,0.0,-3,4,5.0,0.608272506082725,0.02728637459806386,188,366,206,294,264,200
1776763983.6095183,0.0,-3,4,5.0,0.608272506082725,0.02728637459806386,188,366,206,294,264,200
1776763983.6672797,0.0,-3,4,5.0,0.608272506082725,0.02728637459806386,188,366,206,294,264,200
1776763983.7248812,0.0,-3,4,5.0,0.608272506082725,0.02728637459806386,188,366,206,294,264,200
1776763983.7775369,0.0,-3,4,5.0,0.608272506082725,0.02728637459806386,188,366,206,294,264,200
1776763983.8347387,0.0,-3,4,5.0,0.608272506082725,0.02728637459806386,188,366,206,294,264,200
1776763983.8926046,0.0,-3,4,5.0,0.608272506082725,0.02728637459806386,188,366,206,294,264,200
1776763983.949387,0.0,-3,4,5.0,0.608272506082725,0.02728637459806386,188,366,206,294,264,200
1776763984.006632,0.0,-3,4,5.0,0.608272506082725,0.02728637459806386,188,366,206,294,264,200
1776763984.064219,0.0,-3,4,5.0,0.608272506082725,0.02728637459806386,188,366,206,294,264,200
1776763984.1176863,0.0,-3,4,5.0,0.608272506082725,0.02728637459806386,188,366,206,294,264,200
1776763984.1757665,0.0,-3,4,5.0,0.608272506082725,0.02728637459806386,188,366,206,294,264,200
1776763984.2324643,0.0,-3,4,5.0,0.608272506082725,0.02728637459806386,188,366,206,294,264,200
1776763984.2896018,0.0,-3,4,5.0,0.608272506082725,0.02728637459806386,188,366,206,294,264,200
1776763984.3470912,0.0,-3,4,5.0,0.608272506082725,0.02728637459806386,188,366,206,294,264,200
1776763984.4005575,0.0,-3,4,5.0,0.608272506082725,0.02728637459806386,188,366,206,294,264,200
1776763984.4580002,0.0,-3,4,5.0,0.608272506082725,0.02728637459806386,188,366,206,294,264,200
1776763984.515005,0.0,-3,4,5.0,0.608272506082725,0.02728637459806386,188,366,206,294,264,200
1776763984.5726328,0.0,-3,4,5.0,0.608272506082725,0.02728637459806386,188,366,206,294,264,200
1776763984.6291556,0.0,-3,4,5.0,0.608272506082725,0.02728637459806386,188,366,206,294,264,200
1776763984.6865618,0.0,-3,4,5.0,0.608272506082725,0.02728637459806386,188,366,206,294,264,200
1776763984.740137,0.0,-3,4,5.0,0.608272506082725,0.02728637459806386,188,366,206,294,264,200
1776763984.797791,0.0,-3,4,5.0,0.608272506082725,0.02728637459806386,188,366,206,294,264,200
1776763984.8550565,0.0,-3,4,5.0,0.608272506082725,0.02728637459806386,188,366,206,294,264,200
1776763984.9123065,0.0,-3,4,5.0,0.608272506082725,0.02728637459806386,188,366,206,294,264,200
1776763984.969825,0.0,-3,4,5.0,0.608272506082725,0.02728637459806386,188,366,206,294,264,200
1776763985.0234573,0.0,-3,4,5.0,0.608272506082725,0.02728637459806386,188,366,206,294,264,200
1776763985.0803673,0.0,-3,4,5.0,0.608272506082725,0.02728637459806386,188,366,206,294,264,200
1776763985.1375825,0.0,-3,4,5.0,0.608272506082725,0.02728637459806386,188,366,206,294,264,200
1776763985.195445,0.0,-3,4,5.0,0.608272506082725,0.02728637459806386,188,366,206,294,264,200
1776763985.252519,0.0,-3,4,5.0,0.608272506082725,0.02728637459806386,188,366,206,294,264,200
1776763985.3052845,0.0,-3,4,5.0,0.608272506082725,0.02728637459806386,188,366,206,294,264,200
1776763985.363332,0.0,-3,4,5.0,0.608272506082725,0.02728637459806386,188,366,206,294,264,200
1776763985.420369,0.0,-3,4,5.0,0.608272506082725,0.02728637459806386,188,366,206,294,264,200
1776763985.4773326,0.0,-3,4,5.0,0.608272506082725,0.02728637459806386,188,366,206,294,264,200
1776763985.5349784,0.0,-3,4,5.0,0.608272506082725,0.02728637459806386,188,366,206,294,264,200
1776763985.5917835,0.0,-3,4,5.0,0.608272506082725,0.02728637459806386,188,366,206,294,264,200
1776763985.6456583,0.0,-3,4,5.0,0.608272506082725,0.02728637459806386,188,366,206,294,264,200
1776763985.7028446,0.0,-3,4,5.0,0.608272506082725,0.02728637459806386,188,366,206,294,264,200
1776763985.7606065,0.0,-3,4,5.0,0.608272506082725,0.02728637459806386,188,366,206,294,264,200
1776763985.8177779,0.0,-3,4,5.0,0.608272506082725,0.02728637459806386,188,366,206,294,264,200
1776763985.8746455,0.0,-3,4,5.0,0.608272506082725,0.02728637459806386,188,366,206,294,264,200
1776763985.9323642,0.0,-3,4,5.0,0.608272506082725,0.02728637459806386,188,366,206,294,264,200
1776763985.9854264,0.0,-3,4,5.0,0.608272506082725,0.02728637459806386,188,366,206,294,264,200
1776763986.0429766,0.0,-3,4,5.0,0.608272506082725,0.02728637459806386,188,366,206,294,264,200
1776763986.1006474,0.0,-3,4,5.0,0.608272506082725,0.02728637459806386,188,366,206,294,264,200
1776763986.1580627,0.0,-3,4,5.0,0.608272506082725,0.02728637459806386,188,366,206,294,264,200
1776763986.2148888,0.0,-3,4,5.0,0.608272506082725,0.02728637459806386,188,366,206,294,264,200
1776763986.2685564,0.0,-3,4,5.0,0.608272506082725,0.02728637459806386,188,366,206,294,264,200
1776763986.3251047,0.0,-3,4,5.0,0.608272506082725,0.02728637459806386,188,366,206,294,264,200
1776763986.38285,0.0,-3,4,5.0,0.608272506082725,0.02728637459806386,188,366,206,294,264,200
1776763986.4400597,0.0,-3,4,5.0,0.608272506082725,0.02728637459806386,188,366,206,294,264,200
1776763986.4975853,0.0,-3,4,5.0,0.608272506082725,0.02728637459806386,188,366,206,294,264,200
1776763986.5549495,0.0,-3,4,5.0,0.608272506082725,0.02728637459806386,188,366,206,294,264,200
1776763986.6084342,0.0,-3,4,5.0,0.608272506082725,0.02728637459806386,188,366,206,294,264,200
1776763986.665677,0.0,-3,4,5.0,0.608272506082725,0.02728637459806386,188,366,206,294,264,200
1776763986.7224717,0.0,-3,4,5.0,0.608272506082725,0.02728637459806386,188,366,206,294,264,200
1776763986.7802918,0.0,-3,4,5.0,0.608272506082725,0.02728637459806386,188,366,206,294,264,200
1776763986.83776,0.0,-3,4,5.0,0.608272506082725,0.02728637459806386,188,366,206,294,264,200
1776763986.890241,0.0,-3,4,5.0,0.608272506082725,0.02728637459806386,188,366,206,294,264,200
1776763986.9477088,0.0,-3,4,5.0,0.608272506082725,0.02728637459806386,188,366,206,294,264,200
1776763987.0050828,0.0,-3,4,5.0,0.608272506082725,0.02728637459806386,188,366,206,294,264,200
1776763987.062323,0.0,-3,4,5.0,0.608272506082725,0.02728637459806386,188,366,206,294,264,200
1776763987.1202507,0.0,-3,4,5.0,0.608272506082725,0.02728637459806386,188,366,206,294,264,200
1776763987.1770377,0.0,-3,4,5.0,0.608272506082725,0.02728637459806386,188,366,206,294,264,200
1776763987.2308671,0.0,-3,4,5.0,0.608272506082725,0.02728637459806386,188,366,206,294,264,200
1776763987.28812,0.0,-3,4,5.0,0.608272506082725,0.02728637459806386,188,366,206,294,264,200
1776763987.3449187,0.0,-3,4,5.0,0.608272506082725,0.02728637459806386,188,366,206,294,264,200
1776763987.4027293,0.0,-3,4,5.0,0.608272506082725,0.02728637459806386,188,366,206,294,264,200
1776763987.4599392,0.0,-3,4,5.0,0.608272506082725,0.02728637459806386,188,366,206,294,264,200
1776763987.5134706,0.0,-3,4,5.0,0.608272506082725,0.02728637459806386,188,366,206,294,264,200
1776763987.571006,0.0,-3,4,5.0,0.608272506082725,0.02728637459806386,188,366,206,294,264,200
1776763987.628054,0.0,-3,4,5.0,0.608272506082725,0.02728637459806386,188,366,206,294,264,200
1776763987.6853395,0.0,-3,4,5.0,0.608272506082725,0.02728637459806386,188,366,206,294,264,200
1776763987.7426984,0.0,-3,4,5.0,0.608272506082725,0.02728637459806386,188,366,206,294,264,200
1776763987.796462,0.0,-3,4,5.0,0.608272506082725,0.02728637459806386,188,366,206,294,264,200
1776763987.8533218,0.0,-3,4,5.0,0.608272506082725,0.02728637459806386,188,366,206,294,264,200
1776763987.9103694,0.0,-3,4,5.0,0.608272506082725,0.02728637459806386,188,366,206,294,264,200
1776763987.967926,0.0,-3,4,5.0,0.608272506082725,0.02728637459806386,188,366,206,294,264,200
1776763988.025032,0.0,-3,4,5.0,0.608272506082725,0.02728637459806386,188,366,206,294,264,200
1776763988.0821512,0.0,-3,4,5.0,0.608272506082725,0.02728637459806386,188,366,206,294,264,200
1776763988.1357825,0.0,-3,4,5.0,0.608272506082725,0.02728637459806386,188,366,206,294,264,200
1776763988.1932142,0.0,-3,4,5.0,0.608272506082725,0.02728637459806386,188,366,206,294,264,200
1776763988.2507684,0.0,-3,4,5.0,0.608272506082725,0.02728637459806386,188,366,206,294,264,200
1776763988.3080196,0.0,-3,4,5.0,0.608272506082725,0.02728637459806386,188,366,206,294,264,200
1776763988.3653088,0.0,-3,4,5.0,0.608272506082725,0.02728637459806386,188,366,206,294,264,200
1776763988.4219673,0.0,-3,4,5.0,0.608272506082725,0.02728637459806386,188,366,206,294,264,200
1776763988.475941,0.0,-3,4,5.0,0.608272506082725,0.02728637459806386,188,366,206,294,264,200
1776763988.5337677,0.0,-3,4,5.0,0.608272506082725,0.02728637459806386,188,366,206,294,264,200
1776763988.5903819,0.0,-3,4,5.0,0.608272506082725,0.02728637459806386,188,366,206,294,264,200
1776763988.6476748,0.0,-3,4,5.0,0.608272506082725,0.02728637459806386,188,366,206,294,264,200
1776763988.7049491,0.0,-3,4,5.0,0.608272506082725,0.02728637459806386,188,366,206,294,264,200
1776763988.758376,0.0,-3,4,5.0,0.608272506082725,0.02728637459806386,188,366,206,294,264,200
1776763988.8159895,0.0,-3,4,5.0,0.608272506082725,0.02728637459806386,188,366,206,294,264,200
1776763988.873181,0.0,-3,4,5.0,0.608272506082725,0.02728637459806386,188,366,206,294,264,200
1776763988.9304152,0.0,-3,4,5.0,0.608272506082725,0.02728637459806386,188,366,206,294,264,200
1776763988.987667,0.0,-3,4,5.0,0.608272506082725,0.02728637459806386,188,366,206,294,264,200
1776763989.0409164,0.0,-3,4,5.0,0.608272506082725,0.02728637459806386,188,366,206,294,264,200
1776763989.0985312,0.0,-3,4,5.0,0.608272506082725,0.02728637459806386,188,366,206,294,264,200
1776763989.155435,0.0,-3,4,5.0,0.608272506082725,0.02728637459806386,188,366,206,294,264,200
1776763989.2126274,0.0,-3,4,5.0,0.608272506082725,0.02728637459806386,188,366,206,294,264,200
1776763989.2701025,0.0,-3,4,5.0,0.608272506082725,0.02728637459806386,188,366,206,294,264,200
1776763989.327655,0.0,-3,4,5.0,0.608272506082725,0.02728637459806386,188,366,206,294,264,200
1776763989.3816295,0.0,-3,4,5.0,0.608272506082725,0.02728637459806386,188,366,206,294,264,200
1776763989.437915,0.0,-3,4,5.0,0.608272506082725,0.02728637459806386,188,366,206,294,264,200
1776763989.4956708,0.0,-3,4,5.0,0.608272506082725,0.02728637459806386,188,366,206,294,264,200
1776763989.5526066,0.0,-3,4,5.0,0.608272506082725,0.02728637459806386,188,366,206,294,264,200
1776763989.6102164,0.0,-3,4,5.0,0.608272506082725,0.02728637459806386,188,366,206,294,264,200
1776763989.6671398,0.0,-3,4,5.0,0.608272506082725,0.02728637459806386,188,366,206,294,264,200
1776763989.7205887,0.0,-3,4,5.0,0.608272506082725,0.02728637459806386,188,366,206,294,264,200
1776763989.777796,0.0,-3,4,5.0,0.608272506082725,0.02728637459806386,188,366,206,294,264,200
1776763989.8351848,0.0,-3,4,5.0,0.608272506082725,0.02728637459806386,188,366,206,294,264,200
1776763989.8925905,0.0,-3,4,5.0,0.608272506082725,0.02728637459806386,188,366,206,294,264,200
1776763989.9497254,0.0,-3,4,5.0,0.608272506082725,0.02728637459806386,188,366,206,294,264,200
1776763990.0031905,0.0,-3,4,5.0,0.608272506082725,0.02728637459806386,188,366,206,294,264,200
1776763990.0610673,0.0,-3,4,5.0,0.608272506082725,0.02728637459806386,188,366,206,294,264,200
1776763990.1178753,0.0,-3,4,5.0,0.608272506082725,0.02728637459806386,188,366,206,294,264,200
1776763990.1758175,0.0,-3,4,5.0,0.608272506082725,0.02728637459806386,188,366,206,294,264,200
1776763990.2329118,0.0,-3,4,5.0,0.608272506082725,0.02728637459806386,188,366,206,294,264,200
1776763990.2900047,0.0,-3,4,5.0,0.608272506082725,0.02728637459806386,188,366,206,294,264,200
1776763990.3434398,0.0,-3,4,5.0,0.608272506082725,0.02728637459806386,188,366,206,294,264,200
1776763990.4003994,0.0,-3,4,5.0,0.608272506082725,0.02728637459806386,188,366,206,294,264,200
1776763990.4581354,0.0,-3,4,5.0,0.608272506082725,0.02728637459806386,188,366,206,294,264,200
1776763990.515392,0.0,-3,4,5.0,0.608272506082725,0.02728637459806386,188,366,206,294,264,200
1776763990.572786,0.0,-3,4,5.0,0.608272506082725,0.02728637459806386,188,366,206,294,264,200
1776763990.6256895,0.0,-3,4,5.0,0.608272506082725,0.02728637459806386,188,366,206,294,264,200
1776763990.6834686,0.0,-3,4,5.0,0.608272506082725,0.02728637459806386,188,366,206,294,264,200
1776763990.740955,0.0,-3,4,5.0,0.608272506082725,0.02728637459806386,188,366,206,294,264,200
1776763990.798192,0.0,-3,4,5.0,0.608272506082725,0.02728637459806386,188,366,206,294,264,200
1776763990.8554857,0.0,-3,4,5.0,0.608272506082725,0.02728637459806386,188,366,206,294,264,200
1776763990.9129066,0.0,-3,4,5.0,0.608272506082725,0.02728637459806386,188,366,206,294,264,200
1776763990.9666753,0.0,-3,4,5.0,0.608272506082725,0.02728637459806386,188,366,206,294,264,200
1776763991.0238643,0.0,-3,4,5.0,0.608272506082725,0.02728637459806386,188,366,206,294,264,200
1776763991.0808508,0.0,-3,4,5.0,0.608272506082725,0.02728637459806386,188,366,206,294,264,200
1776763991.138511,0.0,-3,4,5.0,0.608272506082725,0.02728637459806386,188,366,206,294,264,200
1776763991.1954823,0.0,-3,4,5.0,0.608272506082725,0.02728637459806386,188,366,206,294,264,200
1776763991.2488422,0.0,-3,4,5.0,0.608272506082725,0.02728637459806386,188,366,206,294,264,200
1776763991.3059485,0.0,-3,4,5.0,0.608272506082725,0.02728637459806386,188,366,206,294,264,200
1776763991.363674,0.0,-3,4,5.0,0.608272506082725,0.02728637459806386,188,366,206,294,264,200
1776763991.420223,0.0,-3,4,5.0,0.608272506082725,0.02728637459806386,188,366,206,294,264,200
1776763991.4775734,0.0,-3,4,5.0,0.608272506082725,0.02728637459806386,188,366,206,294,264,200
1776763991.5353,0.0,-3,4,5.0,0.608272506082725,0.02728637459806386,188,366,206,294,264,200
1776763991.5884006,0.0,-3,4,5.0,0.608272506082725,0.02728637459806386,188,366,206,294,264,200
1776763991.646077,0.0,-3,4,5.0,0.608272506082725,0.02728637459806386,188,366,206,294,264,200
1776763991.7032454,0.0,-3,4,5.0,0.608272506082725,0.02728637459806386,188,366,206,294,264,200
1776763991.7604096,0.0,-3,4,5.0,0.608272506082725,0.02728637459806386,188,366,206,294,264,200
1776763991.817943,0.0,-3,4,5.0,0.608272506082725,0.02728637459806386,188,366,206,294,264,200
1776763991.8713536,0.0,-3,4,5.0,0.608272506082725,0.02728637459806386,188,366,206,294,264,200
1776763991.9287684,0.0,-3,4,5.0,0.608272506082725,0.02728637459806386,188,366,206,294,264,200
1776763991.9858873,0.0,-3,4,5.0,0.608272506082725,0.02728637459806386,188,366,206,294,264,200
1776763992.0436366,0.0,-3,4,5.0,0.608272506082725,0.02728637459806386,188,366,206,294,264,200
1776763992.1005917,0.0,-3,4,5.0,0.608272506082725,0.02728637459806386,188,366,206,294,264,200
1776763992.1578698,0.0,-3,4,5.0,0.608272506082725,0.02728637459806386,188,366,206,294,264,200
1776763992.2112522,0.0,-3,4,5.0,0.608272506082725,0.02728637459806386,188,366,206,294,264,200
1776763992.2686484,0.0,-3,4,5.0,0.608272506082725,0.02728637459806386,188,366,206,294,264,200
1776763992.325785,0.0,-3,4,5.0,0.608272506082725,0.02728637459806386,188,366,206,294,264,200
1776763992.383522,0.0,-3,4,5.0,0.608272506082725,0.02728637459806386,188,366,206,294,264,200
1776763992.4402745,0.0,-3,4,5.0,0.608272506082725,0.02728637459806386,188,366,206,294,264,200
1776763992.4939973,0.0,-3,4,5.0,0.608272506082725,0.02728637459806386,188,366,206,294,264,200
1776763992.5519457,0.0,-3,4,5.0,0.608272506082725,0.02728637459806386,188,366,206,294,264,200
1776763992.6083007,0.0,-3,4,5.0,0.608272506082725,0.02728637459806386,188,366,206,294,264,200
1776763992.6661217,0.0,-3,4,5.0,0.608272506082725,0.02728637459806386,188,366,206,294,264,200
1776763992.7232726,0.0,-3,4,5.0,0.608272506082725,0.02728637459806386,188,366,206,294,264,200
1776763992.7804623,0.0,-3,4,5.0,0.608272506082725,0.02728637459806386,188,366,206,294,264,200
1776763992.8338225,0.0,-3,4,5.0,0.608272506082725,0.02728637459806386,188,366,206,294,264,200
1776763992.8908358,0.0,-3,4,5.0,0.608272506082725,0.02728637459806386,188,366,206,294,264,200
1776763992.9486108,0.0,-3,4,5.0,0.608272506082725,0.02728637459806386,188,366,206,294,264,200
1776763993.0057817,0.0,-3,4,5.0,0.608272506082725,0.02728637459806386,188,366,206,294,264,200
1776763993.0630364,0.0,-3,4,5.0,0.608272506082725,0.02728637459806386,188,366,206,294,264,200
1776763993.1160164,0.0,-3,4,5.0,0.608272506082725,0.02728637459806386,188,366,206,294,264,200
1776763993.1732671,0.0,-3,4,5.0,0.608272506082725,0.02728637459806386,188,366,206,294,264,200
1776763993.2313366,0.0,-3,4,5.0,0.608272506082725,0.02728637459806386,188,366,206,294,264,200
1776763993.288694,0.0,-3,4,5.0,0.608272506082725,0.02728637459806386,188,366,206,294,264,200
1776763993.345649,0.0,-3,4,5.0,0.608272506082725,0.02728637459806386,188,366,206,294,264,200
1776763993.4031222,0.0,-3,4,5.0,0.608272506082725,0.02728637459806386,188,366,206,294,264,200
1776763993.456108,0.0,-3,4,5.0,0.608272506082725,0.02728637459806386,188,366,206,294,264,200
1776763993.513212,0.0,-3,4,5.0,0.608272506082725,0.02728637459806386,188,366,206,294,264,200
1776763993.5710921,0.0,-3,4,5.0,0.608272506082725,0.02728637459806386,188,366,206,294,264,200
1776763993.6279771,0.0,-3,4,5.0,0.608272506082725,0.02728637459806386,188,366,206,294,264,200
1776763993.6851993,0.0,-3,4,5.0,0.608272506082725,0.02728637459806386,188,366,206,294,264,200
1776763993.7385683,0.0,-3,4,5.0,0.608272506082725,0.02728637459806386,188,366,206,294,264,200
1776763993.7961864,0.0,-3,4,5.0,0.608272506082725,0.02728637459806386,188,366,206,294,264,200
1776763993.8540027,0.0,-3,4,5.0,0.608272506082725,0.02728637459806386,188,366,206,294,264,200
1776763993.9108462,0.0,-3,4,5.0,0.608272506082725,0.02728637459806386,188,366,206,294,264,200
1776763993.9681733,0.0,-3,4,5.0,0.608272506082725,0.02728637459806386,188,366,206,294,264,200
1776763994.0255704,0.0,-3,4,5.0,0.608272506082725,0.02728637459806386,188,366,206,294,264,200
1776763994.07927,0.0,-3,4,5.0,0.608272506082725,0.02728637459806386,188,366,206,294,264,200
1776763994.1370304,0.0,-3,4,5.0,0.608272506082725,0.02728637459806386,188,366,206,294,264,200
1776763994.1932554,0.0,-3,4,5.0,0.608272506082725,0.02728637459806386,188,366,206,294,264,200
1776763994.2511747,0.0,-3,4,5.0,0.608272506082725,0.02728637459806386,188,366,206,294,264,200
1776763994.3084285,0.0,-3,4,5.0,0.608272506082725,0.02728637459806386,188,366,206,294,264,200
1776763994.3617766,0.0,-3,4,5.0,0.608272506082725,0.02728637459806386,188,366,206,294,264,200
1776763994.4187264,0.0,-3,4,5.0,0.608272506082725,0.02728637459806386,188,366,206,294,264,200
1776763994.4766097,0.0,-3,4,5.0,0.608272506082725,0.02728637459806386,188,366,206,294,264,200
1776763994.5334148,0.0,-3,4,5.0,0.608272506082725,0.02728637459806386,188,366,206,294,264,200
1776763994.5908883,0.0,-3,4,5.0,0.608272506082725,0.02728637459806386,188,366,206,294,264,200
1776763994.6481278,0.0,-3,4,5.0,0.608272506082725,0.02728637459806386,188,366,206,294,264,200
1776763994.7016559,0.0,-3,4,5.0,0.608272506082725,0.02728637459806386,188,366,206,294,264,200
1776763994.7587383,0.0,-3,4,5.0,0.608272506082725,0.02728637459806386,188,366,206,294,264,200
1776763994.815702,0.0,-3,4,5.0,0.608272506082725,0.02728637459806386,188,366,206,294,264,200
1776763994.8736064,0.0,-3,4,5.0,0.608272506082725,0.02728637459806386,188,366,206,294,264,200
1776763994.9307222,0.0,-3,4,5.0,0.608272506082725,0.02728637459806386,188,366,206,294,264,200
1776763994.9841466,0.0,-3,4,5.0,0.608272506082725,0.02728637459806386,188,366,206,294,264,200
1776763995.041833,0.0,-3,4,5.0,0.608272506082725,0.02728637459806386,188,366,206,294,264,200
1776763995.0989778,0.0,-3,4,5.0,0.608272506082725,0.02728637459806386,188,366,206,294,264,200
1776763995.155886,0.0,-3,4,5.0,0.608272506082725,0.02728637459806386,188,366,206,294,264,200
1776763995.2139401,0.0,-3,4,5.0,0.608272506082725,0.02728637459806386,188,366,206,294,264,200
1776763995.2674792,0.0,-3,4,5.0,0.608272506082725,0.02728637459806386,188,366,206,294,264,200
1776763995.3241477,0.0,-3,4,5.0,0.608272506082725,0.02728637459806386,188,366,206,294,264,200
1776763995.387224,0.0,-3,4,5.0,0.608272506082725,0.02728637459806386,188,366,206,294,264,200
1776763995.4386265,0.0,-3,4,5.0,0.608272506082725,0.02728637459806386,188,366,206,294,264,200
1776763995.4960628,0.0,-3,4,5.0,0.608272506082725,0.02728637459806386,188,366,206,294,264,200
1776763995.553071,0.0,-3,4,5.0,0.608272506082725,0.02728637459806386,188,366,206,294,264,200
1776763995.6074045,0.0,-3,4,5.0,0.608272506082725,0.02728637459806386,188,366,206,294,264,200
1776763995.664605,0.0,-3,4,5.0,0.608272506082725,0.02728637459806386,188,366,206,294,264,200
1776763995.7210953,0.0,-3,4,5.0,0.608272506082725,0.02728637459806386,188,366,206,294,264,200
1776763995.778743,0.0,-3,4,5.0,0.608272506082725,0.02728637459806386,188,366,206,294,264,200
1776763995.8359616,0.0,-3,4,5.0,0.608272506082725,0.02728637459806386,188,366,206,294,264,200
1776763995.8894453,0.0,-3,4,5.0,0.608272506082725,0.02728637459806386,188,366,206,294,264,200
1776763995.946176,0.0,-3,4,5.0,0.608272506082725,0.02728637459806386,188,366,206,294,264,200
1776763996.0036404,0.0,-3,4,5.0,0.608272506082725,0.02728637459806386,188,366,206,294,264,200
1776763996.0613556,0.0,-3,4,5.0,0.608272506082725,0.02728637459806386,188,366,206,294,264,200
1776763996.1182287,0.0,-3,4,5.0,0.608272506082725,0.02728637459806386,188,366,206,294,264,200
1776763996.175793,0.0,-3,4,5.0,0.608272506082725,0.02728637459806386,188,366,206,294,264,200
1776763996.2296214,0.0,-3,4,5.0,0.608272506082725,0.02728637459806386,188,366,206,294,264,200
1776763996.2871754,0.0,-3,4,5.0,0.608272506082725,0.02728637459806386,188,366,206,294,264,200
1776763996.345012,0.0,-3,4,5.0,0.608272506082725,0.02728637459806386,188,366,206,294,264,200
1776763996.4009016,0.0,-3,4,5.0,0.608272506082725,0.02728637459806386,188,366,206,294,264,200
1776763996.458335,0.0,-3,4,5.0,0.608272506082725,0.02728637459806386,188,366,206,294,264,200
1776763996.5119462,0.0,-3,4,5.0,0.608272506082725,0.02728637459806386,188,366,206,294,264,200
1776763996.5692205,0.0,-3,4,5.0,0.608272506082725,0.02728637459806386,188,366,206,294,264,200
1776763996.6261222,0.0,-3,4,5.0,0.608272506082725,0.02728637459806386,188,366,206,294,264,200
1776763996.6834958,0.0,-3,4,5.0,0.608272506082725,0.02728637459806386,188,366,206,294,264,200
1776763996.7419438,0.0,-3,4,5.0,0.608272506082725,0.02728637459806386,188,366,206,294,264,200
1776763996.7991095,0.0,-3,4,5.0,0.608272506082725,0.02728637459806386,188,366,206,294,264,200
1776763996.8519413,0.0,-3,4,5.0,0.608272506082725,0.02728637459806386,188,366,206,294,264,200
1776763996.9096167,0.0,-3,4,5.0,0.608272506082725,0.02728637459806386,188,366,206,294,264,200
1776763996.96671,0.0,-3,4,5.0,0.608272506082725,0.02728637459806386,188,366,206,294,264,200
1776763997.0239053,0.0,-3,4,5.0,0.608272506082725,0.02728637459806386,188,366,206,294,264,200
1776763997.0810814,0.0,-3,4,5.0,0.608272506082725,0.02728637459806386,188,366,206,294,264,200
1776763997.134629,0.0,-3,4,5.0,0.608272506082725,0.02728637459806386,188,366,206,294,264,200
1776763997.1917622,0.0,-3,4,5.0,0.608272506082725,0.02728637459806386,188,366,206,294,264,200
1776763997.2493367,0.0,-3,4,5.0,0.608272506082725,0.02728637459806386,188,366,206,294,264,200
1776763997.307029,0.0,-3,4,5.0,0.608272506082725,0.02728637459806386,188,366,206,294,264,200
1776763997.3632507,0.0,-3,4,5.0,0.608272506082725,0.02728637459806386,188,366,206,294,264,200
1776763997.4206824,0.0,-3,4,5.0,0.608272506082725,0.02728637459806386,188,366,206,294,264,200
1776763997.4745057,0.0,-3,4,5.0,0.608272506082725,0.02728637459806386,188,366,206,294,264,200
1776763997.5318234,0.0,-3,4,5.0,0.608272506082725,0.02728637459806386,188,366,206,294,264,200
1776763997.5893903,0.0,-3,4,5.0,0.608272506082725,0.02728637459806386,188,366,206,294,264,200
1776763997.6466637,0.0,-3,4,5.0,0.608272506082725,0.02728637459806386,188,366,206,294,264,200
1776763997.7036254,0.0,-3,4,5.0,0.608272506082725,0.02728637459806386,188,366,206,294,264,200
1776763997.7580564,0.0,-3,4,5.0,0.608272506082725,0.02728637459806386,188,366,206,294,264,200
1776763997.8143642,0.0,-3,4,5.0,0.608272506082725,0.02728637459806386,188,366,206,294,264,200
1776763997.8716872,0.0,-3,4,5.0,0.608272506082725,0.02728637459806386,188,366,206,294,264,200
1776763997.9292219,0.0,-3,4,5.0,0.608272506082725,0.02728637459806386,188,366,206,294,264,200
1776763997.9865012,0.0,-3,4,5.0,0.608272506082725,0.02728637459806386,188,366,206,294,264,200
1776763998.0442362,0.0,-3,4,5.0,0.608272506082725,0.02728637459806386,188,366,206,294,264,200
1776763998.096722,0.0,-3,4,5.0,0.608272506082725,0.02728637459806386,188,366,206,294,264,200
1776763998.1539593,0.0,-3,4,5.0,0.608272506082725,0.02728637459806386,188,366,206,294,264,200
1776763998.2111561,0.0,-3,4,5.0,0.608272506082725,0.02728637459806386,188,366,206,294,264,200
1776763998.2685223,0.0,-3,4,5.0,0.608272506082725,0.02728637459806386,188,366,206,294,264,200
1776763998.326036,0.0,-3,4,5.0,0.608272506082725,0.02728637459806386,188,366,206,294,264,200
1776763998.3797581,0.0,-3,4,5.0,0.608272506082725,0.02728637459806386,188,366,206,294,264,200
1776763998.4367447,0.0,-3,4,5.0,0.608272506082725,0.02728637459806386,188,366,206,294,264,200
1776763998.494496,0.0,-3,4,5.0,0.608272506082725,0.02728637459806386,188,366,206,294,264,200
1776763998.5511599,0.0,-3,4,5.0,0.608272506082725,0.02728637459806386,188,366,206,294,264,200
1776763998.608703,0.0,-3,4,5.0,0.608272506082725,0.02728637459806386,188,366,206,294,264,200
1776763998.6661782,0.0,-3,4,5.0,0.608272506082725,0.02728637459806386,188,366,206,294,264,200
1776763998.7192643,0.0,-3,4,5.0,0.608272506082725,0.02728637459806386,188,366,206,294,264,200
1776763998.7766886,0.0,-3,4,5.0,0.608272506082725,0.02728637459806386,188,366,206,294,264,200
1776763998.834107,0.0,-3,4,5.0,0.608272506082725,0.02728637459806386,188,366,206,294,264,200
1776763998.891567,0.0,-3,4,5.0,0.608272506082725,0.02728637459806386,188,366,206,294,264,200
1776763998.9495406,0.0,-3,4,5.0,0.608272506082725,0.02728637459806386,188,366,206,294,264,200
1776763999.0023487,0.0,-3,4,5.0,0.608272506082725,0.02728637459806386,188,366,206,294,264,200
1776763999.059749,0.0,-3,4,5.0,0.608272506082725,0.02728637459806386,188,366,206,294,264,200
1776763999.1170177,0.0,-3,4,5.0,0.608272506082725,0.02728637459806386,188,366,206,294,264,200
1776763999.174036,0.0,-3,4,5.0,0.608272506082725,0.02728637459806386,188,366,206,294,264,200
1776763999.231686,0.0,-3,4,5.0,0.608272506082725,0.02728637459806386,188,366,206,294,264,200
1776763999.2893555,0.0,-3,4,5.0,0.608272506082725,0.02728637459806386,188,366,206,294,264,200
1776763999.3422103,0.0,-3,4,5.0,0.608272506082725,0.02728637459806386,188,366,206,294,264,200
1776763999.3995721,0.0,-3,4,5.0,0.608272506082725,0.02728637459806386,188,366,206,294,264,200
1776763999.4568722,0.0,-3,4,5.0,0.608272506082725,0.02728637459806386,188,366,206,294,264,200
1776763999.514427,0.0,-3,4,5.0,0.608272506082725,0.02728637459806386,188,366,206,294,264,200
1776763999.5714958,0.0,-3,4,5.0,0.608272506082725,0.02728637459806386,188,366,206,294,264,200
1776763999.6279194,0.0,-3,4,5.0,0.608272506082725,0.02728637459806386,188,366,206,294,264,200
1776763999.6820881,0.0,-3,4,5.0,0.608272506082725,0.02728637459806386,188,366,206,294,264,200
1776763999.7394526,0.0,-3,4,5.0,0.608272506082725,0.02728637459806386,188,366,206,294,264,200
1776763999.7967901,0.0,-3,4,5.0,0.608272506082725,0.02728637459806386,188,366,206,294,264,200
1776763999.854016,0.0,-3,4,5.0,0.608272506082725,0.02728637459806386,188,366,206,294,264,200
1776763999.9109263,0.0,-3,4,5.0,0.608272506082725,0.02728637459806386,188,366,206,294,264,200
1776763999.964801,0.0,-3,4,5.0,0.608272506082725,0.02728637459806386,188,366,206,294,264,200
1776764000.022062,0.0,-3,4,5.0,0.608272506082725,0.02728637459806386,188,366,206,294,264,200
1776764000.07953,0.0,-3,4,5.0,0.608272506082725,0.02728637459806386,188,366,206,294,264,200
1776764000.136685,0.0,-3,4,5.0,0.608272506082725,0.02728637459806386,188,366,206,294,264,200
1776764000.1943989,0.0,-3,4,5.0,0.608272506082725,0.02728637459806386,188,366,206,294,264,200
1776764000.2474961,0.0,-3,4,5.0,0.608272506082725,0.02728637459806386,188,366,206,294,264,200
1776764000.3042216,0.0,-3,4,5.0,0.608272506082725,0.02728637459806386,188,366,206,294,264,200
1776764000.3621714,0.0,-3,4,5.0,0.608272506082725,0.02728637459806386,188,366,206,294,264,200
1776764000.4191108,0.0,-3,4,5.0,0.608272506082725,0.02728637459806386,188,366,206,294,264,200
1776764000.4761398,0.0,-3,4,5.0,0.608272506082725,0.02728637459806386,188,366,206,294,264,200
1776764000.5335557,0.0,-3,4,5.0,0.608272506082725,0.02728637459806386,188,366,206,294,264,200
1776764000.5872974,0.0,-3,4,5.0,0.608272506082725,0.02728637459806386,188,366,206,294,264,200
1776764000.645031,0.0,-3,4,5.0,0.608272506082725,0.02728637459806386,188,366,206,294,264,200
1776764000.7016532,0.0,-3,4,5.0,0.608272506082725,0.02728637459806386,188,366,206,294,264,200
1776764000.759136,0.0,-3,4,5.0,0.608272506082725,0.02728637459806386,188,366,206,294,264,200
1776764000.8174577,0.0,-3,4,5.0,0.608272506082725,0.02728637459806386,188,366,206,294,264,200
1776764000.869899,0.0,-3,4,5.0,0.608272506082725,0.02728637459806386,188,366,206,294,264,200
1776764000.927332,0.0,-3,4,5.0,0.608272506082725,0.02728637459806386,188,366,206,294,264,200
1776764000.9846048,0.0,-3,4,5.0,0.608272506082725,0.02728637459806386,188,366,206,294,264,200
1776764001.04251,0.0,-3,4,5.0,0.608272506082725,0.02728637459806386,188,366,206,294,264,200
1776764001.0991828,0.0,-3,4,5.0,0.608272506082725,0.02728637459806386,188,366,206,294,264,200
1776764001.1568146,0.0,-3,4,5.0,0.608272506082725,0.02728637459806386,188,366,206,294,264,200
1776764001.2098725,0.0,-3,4,5.0,0.608272506082725,0.02728637459806386,188,366,206,294,264,200
1776764001.2672184,0.0,-3,4,5.0,0.608272506082725,0.02728637459806386,188,366,206,294,264,200
1776764001.3248098,0.0,-3,4,5.0,0.608272506082725,0.02728637459806386,188,366,206,294,264,200
1776764001.3824346,0.0,-3,4,5.0,0.608272506082725,0.02728637459806386,188,366,206,294,264,200
1776764001.4392698,0.0,-3,4,5.0,0.608272506082725,0.02728637459806386,188,366,206,294,264,200
1776764001.49266,0.0,-3,4,5.0,0.608272506082725,0.02728637459806386,188,366,206,294,264,200
1776764001.549813,0.0,-3,4,5.0,0.608272506082725,0.02728637459806386,188,366,206,294,264,200
1776764001.606699,0.0,-3,4,5.0,0.608272506082725,0.02728637459806386,188,366,206,294,264,200
1776764001.6644843,0.0,-3,4,5.0,0.608272506082725,0.02728637459806386,188,366,206,294,264,200
1776764001.7212408,0.0,-3,4,5.0,0.608272506082725,0.02728637459806386,188,366,206,294,264,200
1776764001.7789974,0.0,-3,4,5.0,0.608272506082725,0.02728637459806386,188,366,206,294,264,200
1776764001.8323772,0.0,-3,4,5.0,0.608272506082725,0.02728637459806386,188,366,206,294,264,200
1776764001.889364,0.0,-3,4,5.0,0.608272506082725,0.02728637459806386,188,366,206,294,264,200
1776764001.947105,0.0,-3,4,5.0,0.608272506082725,0.02728637459806386,188,366,206,294,264,200
1776764002.00441,0.0,-3,4,5.0,0.608272506082725,0.02728637459806386,188,366,206,294,264,200
1776764002.061429,0.0,-3,4,5.0,0.608272506082725,0.02728637459806386,188,366,206,294,264,200
1776764002.115283,0.0,-3,4,5.0,0.608272506082725,0.02728637459806386,188,366,206,294,264,200
1776764002.1725514,0.0,-3,4,5.0,0.608272506082725,0.02728637459806386,188,366,206,294,264,200
1776764002.229494,0.0,-3,4,5.0,0.608272506082725,0.02728637459806386,188,366,206,294,264,200
1776764002.287029,0.0,-3,4,5.0,0.608272506082725,0.02728637459806386,188,366,206,294,264,200
1776764002.3445685,0.0,-3,4,5.0,0.608272506082725,0.02728637459806386,188,366,206,294,264,200
1776764002.401222,0.0,-3,4,5.0,0.608272506082725,0.02728637459806386,188,366,206,294,264,200
1776764002.4549007,0.0,-3,4,5.0,0.608272506082725,0.02728637459806386,188,366,206,294,264,200
1776764002.5123093,0.0,-3,4,5.0,0.608272506082725,0.02728637459806386,188,366,206,294,264,200
1776764002.5695674,0.0,-3,4,5.0,0.608272506082725,0.02728637459806386,188,366,206,294,264,200
1776764002.626819,0.0,-3,4,5.0,0.608272506082725,0.02728637459806386,188,366,206,294,264,200
1776764002.683905,0.0,-3,4,5.0,0.608272506082725,0.02728637459806386,188,366,206,294,264,200
1776764002.7371495,0.0,-3,4,5.0,0.608272506082725,0.02728637459806386,188,366,206,294,264,200
1776764002.7945583,0.0,-3,4,5.0,0.608272506082725,0.02728637459806386,188,366,206,294,264,200
1776764002.8521836,0.0,-3,4,5.0,0.608272506082725,0.02728637459806386,188,366,206,294,264,200
1776764002.9096975,0.0,-3,4,5.0,0.608272506082725,0.02728637459806386,188,366,206,294,264,200
1776764002.966607,0.0,-3,4,5.0,0.608272506082725,0.02728637459806386,188,366,206,294,264,200
1776764003.0243056,0.0,-3,4,5.0,0.608272506082725,0.02728637459806386,188,366,206,294,264,200
1776764003.0780275,0.0,-3,4,5.0,0.608272506082725,0.02728637459806386,188,366,206,294,264,200
1776764003.134981,0.0,-3,4,5.0,0.608272506082725,0.02728637459806386,188,366,206,294,264,200
1776764003.192582,0.0,-3,4,5.0,0.608272506082725,0.02728637459806386,188,366,206,294,264,200
1776764003.249453,0.0,-3,4,5.0,0.608272506082725,0.02728637459806386,188,366,206,294,264,200
1776764003.306578,0.0,-3,4,5.0,0.608272506082725,0.02728637459806386,188,366,206,294,264,200
1776764003.3604405,0.0,-3,4,5.0,0.608272506082725,0.02728637459806386,188,366,206,294,264,200
1776764003.4171865,0.0,-3,4,5.0,0.608272506082725,0.02728637459806386,188,366,206,294,264,200
1776764003.475039,0.0,-3,4,5.0,0.608272506082725,0.02728637459806386,188,366,206,294,264,200
1776764003.5319219,0.0,-3,4,5.0,0.608272506082725,0.02728637459806386,188,366,206,294,264,200
1776764003.5898635,0.0,-3,4,5.0,0.608272506082725,0.02728637459806386,188,366,206,294,264,200
1776764003.646851,0.0,-3,4,5.0,0.608272506082725,0.02728637459806386,188,366,206,294,264,200
1776764003.7002041,0.0,-3,4,5.0,0.608272506082725,0.02728637459806386,188,366,206,294,264,200
1776764003.7575324,0.0,-3,4,5.0,0.608272506082725,0.02728637459806386,188,366,206,294,264,200
1776764003.8146899,0.0,-3,4,5.0,0.608272506082725,0.02728637459806386,188,366,206,294,264,200
1776764003.8724022,0.0,-3,4,5.0,0.608272506082725,0.02728637459806386,188,366,206,294,264,200
1776764003.9294302,0.0,-3,4,5.0,0.608272506082725,0.02728637459806386,188,366,206,294,264,200
1776764003.9828658,0.0,-3,4,5.0,0.608272506082725,0.02728637459806386,188,366,206,294,264,200
1776764004.0400424,0.0,-3,4,5.0,0.608272506082725,0.02728637459806386,188,366,206,294,264,200
1776764004.0969822,0.0,-3,4,5.0,0.608272506082725,0.02728637459806386,188,366,206,294,264,200
1776764004.155041,0.0,-3,4,5.0,0.608272506082725,0.02728637459806386,188,366,206,294,264,200
1776764004.212154,0.0,-3,4,5.0,0.608272506082725,0.02728637459806386,188,366,206,294,264,200
1776764004.269454,0.0,-3,4,5.0,0.608272506082725,0.02728637459806386,188,366,206,294,264,200
1776764004.3229115,0.0,-3,4,5.0,0.608272506082725,0.02728637459806386,188,366,206,294,264,200
1776764004.3802817,0.0,-3,4,5.0,0.608272506082725,0.02728637459806386,188,366,206,294,264,200
1776764004.4377165,0.0,-3,4,5.0,0.608272506082725,0.02728637459806386,188,366,206,294,264,200
1776764004.4948776,0.0,-3,4,5.0,0.608272506082725,0.02728637459806386,188,366,206,294,264,200
1776764004.5517144,0.0,-3,4,5.0,0.608272506082725,0.02728637459806386,188,366,206,294,264,200
1776764004.6055634,0.0,-3,4,5.0,0.608272506082725,0.02728637459806386,188,366,206,294,264,200
1776764004.6630678,0.0,-3,4,5.0,0.608272506082725,0.02728637459806386,188,366,206,294,264,200
1776764004.720299,0.0,-3,4,5.0,0.608272506082725,0.02728637459806386,188,366,206,294,264,200
1776764004.7772522,0.0,-3,4,5.0,0.608272506082725,0.02728637459806386,188,366,206,294,264,200
1776764004.8346896,0.0,-3,4,5.0,0.608272506082725,0.02728637459806386,188,366,206,294,264,200
1776764004.8881693,0.0,-3,4,5.0,0.608272506082725,0.02728637459806386,188,366,206,294,264,200
1776764004.9448042,0.0,-3,4,5.0,0.608272506082725,0.02728637459806386,188,366,206,294,264,200
1776764005.0021186,0.0,-3,4,5.0,0.608272506082725,0.02728637459806386,188,366,206,294,264,200
1776764005.0594902,0.0,-3,4,5.0,0.608272506082725,0.02728637459806386,188,366,206,294,264,200
1776764005.1168733,0.0,-3,4,5.0,0.608272506082725,0.02728637459806386,188,366,206,294,264,200
1776764005.1744022,0.0,-3,4,5.0,0.608272506082725,0.02728637459806386,188,366,206,294,264,200
1776764005.2280161,0.0,-3,4,5.0,0.608272506082725,0.02728637459806386,188,366,206,294,264,200
1776764005.2859247,0.0,-3,4,5.0,0.608272506082725,0.02728637459806386,188,366,206,294,264,200
1776764005.3428006,0.0,-3,4,5.0,0.608272506082725,0.02728637459806386,188,366,206,294,264,200
1776764005.3997622,0.0,-3,4,5.0,0.608272506082725,0.02728637459806386,188,366,206,294,264,200
1776764005.4572382,0.0,-3,4,5.0,0.608272506082725,0.02728637459806386,188,366,206,294,264,200
1776764005.5107665,0.0,-3,4,5.0,0.608272506082725,0.02728637459806386,188,366,206,294,264,200
1776764005.5684154,0.0,-3,4,5.0,0.608272506082725,0.02728637459806386,188,366,206,294,264,200
1776764005.6251879,0.0,-3,4,5.0,0.608272506082725,0.02728637459806386,188,366,206,294,264,200
1776764005.682459,0.0,-3,4,5.0,0.608272506082725,0.02728637459806386,188,366,206,294,264,200
1776764005.7399135,0.0,-3,4,5.0,0.608272506082725,0.02728637459806386,188,366,206,294,264,200
1776764005.7976165,0.0,-3,4,5.0,0.608272506082725,0.02728637459806386,188,366,206,294,264,200
1776764005.8502436,0.0,-3,4,5.0,0.608272506082725,0.02728637459806386,188,366,206,294,264,200
1776764005.9080365,0.0,-3,4,5.0,0.608272506082725,0.02728637459806386,188,366,206,294,264,200
1776764005.965073,0.0,-3,4,5.0,0.608272506082725,0.02728637459806386,188,366,206,294,264,200
1776764006.0221684,0.0,-3,4,5.0,0.608272506082725,0.02728637459806386,188,366,206,294,264,200
1776764006.0797641,0.0,-3,4,5.0,0.608272506082725,0.02728637459806386,188,366,206,294,264,200
1776764006.132764,0.0,-3,4,5.0,0.608272506082725,0.02728637459806386,188,366,206,294,264,200
1776764006.1906831,0.0,-3,4,5.0,0.608272506082725,0.02728637459806386,188,366,206,294,264,200
1776764006.2477343,0.0,-3,4,5.0,0.608272506082725,0.02728637459806386,188,366,206,294,264,200
1776764006.3048165,0.0,-3,4,5.0,0.608272506082725,0.02728637459806386,188,366,206,294,264,200
1776764006.3624828,0.0,-3,4,5.0,0.608272506082725,0.02728637459806386,188,366,206,294,264,200
1776764006.4206007,0.0,-3,4,5.0,0.608272506082725,0.02728637459806386,188,366,206,294,264,200
1776764006.4733512,0.0,-3,4,5.0,0.608272506082725,0.02728637459806386,188,366,206,294,264,200
1776764006.5302713,0.0,-3,4,5.0,0.608272506082725,0.02728637459806386,188,366,206,294,264,200
1776764006.5875459,0.0,-3,4,5.0,0.608272506082725,0.02728637459806386,188,366,206,294,264,200
1776764006.6448612,0.0,-3,4,5.0,0.608272506082725,0.02728637459806386,188,366,206,294,264,200
1776764006.702253,0.0,-3,4,5.0,0.608272506082725,0.02728637459806386,188,366,206,294,264,200
1776764006.755713,0.0,-3,4,5.0,0.608272506082725,0.02728637459806386,188,366,206,294,264,200
1776764006.8132064,0.0,-3,4,5.0,0.608272506082725,0.02728637459806386,188,366,206,294,264,200
1776764006.8698704,0.0,-3,4,5.0,0.608272506082725,0.02728637459806386,188,366,206,294,264,200
1776764006.9277668,0.0,-3,4,5.0,0.608272506082725,0.02728637459806386,188,366,206,294,264,200
1776764006.9848897,0.0,-3,4,5.0,0.608272506082725,0.02728637459806386,188,366,206,294,264,200
1776764007.0418172,0.0,-3,4,5.0,0.608272506082725,0.02728637459806386,188,366,206,294,264,200
1776764007.0956824,0.0,-3,4,5.0,0.608272506082725,0.02728637459806386,188,366,206,294,264,200
1776764007.1526194,0.0,-3,4,5.0,0.608272506082725,0.02728637459806386,188,366,206,294,264,200
1776764007.2097244,0.0,-3,4,5.0,0.608272506082725,0.02728637459806386,188,366,206,294,264,200
1776764007.2671099,0.0,-3,4,5.0,0.608272506082725,0.02728637459806386,188,366,206,294,264,200
1776764007.324377,0.0,-3,4,5.0,0.608272506082725,0.02728637459806386,188,366,206,294,264,200
1776764007.378216,0.0,-3,4,5.0,0.608272506082725,0.02728637459806386,188,366,206,294,264,200
1776764007.4352124,0.0,-3,4,5.0,0.608272506082725,0.02728637459806386,188,366,206,294,264,200
1776764007.4935372,0.0,-3,4,5.0,0.608272506082725,0.02728637459806386,188,366,206,294,264,200
1776764007.5500348,0.0,-3,4,5.0,0.608272506082725,0.02728637459806386,188,366,206,294,264,200
1776764007.6073196,0.0,-3,4,5.0,0.608272506082725,0.02728637459806386,188,366,206,294,264,200
1776764007.6643717,0.0,-3,4,5.0,0.608272506082725,0.02728637459806386,188,366,206,294,264,200
1776764007.7177217,0.0,-3,4,5.0,0.608272506082725,0.02728637459806386,188,366,206,294,264,200
1776764007.7757201,0.0,-3,4,5.0,0.608272506082725,0.02728637459806386,188,366,206,294,264,200
1776764007.8326056,0.0,-3,4,5.0,0.608272506082725,0.02728637459806386,188,366,206,294,264,200
1776764007.890049,0.0,-3,4,5.0,0.608272506082725,0.02728637459806386,188,366,206,294,264,200
1776764007.9474592,0.0,-3,4,5.0,0.608272506082725,0.02728637459806386,188,366,206,294,264,200
1776764008.0004637,0.0,-3,4,5.0,0.608272506082725,0.02728637459806386,188,366,206,294,264,200
1776764008.0587814,0.0,-3,4,5.0,0.608272506082725,0.02728637459806386,188,366,206,294,264,200
1776764008.115249,0.0,-3,4,5.0,0.608272506082725,0.02728637459806386,188,366,206,294,264,200
1776764008.1722634,0.0,-3,4,5.0,0.608272506082725,0.02728637459806386,188,366,206,294,264,200
1776764008.22956,0.0,-3,4,5.0,0.608272506082725,0.02728637459806386,188,366,206,294,264,200
1776764008.2868676,0.0,-3,4,5.0,0.608272506082725,0.02728637459806386,188,366,206,294,264,200
1776764008.3410163,0.0,-3,4,5.0,0.608272506082725,0.02728637459806386,188,366,206,294,264,200
1776764008.3975332,0.0,-3,4,5.0,0.608272506082725,0.02728637459806386,188,366,206,294,264,200
1776764008.454888,0.0,-3,4,5.0,0.608272506082725,0.02728637459806386,188,366,206,294,264,200
1776764008.512455,0.0,-3,4,5.0,0.608272506082725,0.02728637459806386,188,366,206,294,264,200
1776764008.5695615,0.0,-3,4,5.0,0.608272506082725,0.02728637459806386,188,366,206,294,264,200
1776764008.6233559,0.0,-3,4,5.0,0.608272506082725,0.02728637459806386,188,366,206,294,264,200
1776764008.680243,0.0,-3,4,5.0,0.608272506082725,0.02728637459806386,188,366,206,294,264,200
1776764008.7375495,0.0,-3,4,5.0,0.608272506082725,0.02728637459806386,188,366,206,294,264,200
1776764008.7948303,0.0,-3,4,5.0,0.608272506082725,0.02728637459806386,188,366,206,294,264,200
1776764008.8524923,0.0,-3,4,5.0,0.608272506082725,0.02728637459806386,188,366,206,294,264,200
1776764008.9101207,0.0,-3,4,5.0,0.608272506082725,0.02728637459806386,188,366,206,294,264,200
1776764008.9640574,0.0,-3,4,5.0,0.608272506082725,0.02728637459806386,188,366,206,294,264,200
1776764009.020124,0.0,-3,4,5.0,0.608272506082725,0.02728637459806386,188,366,206,294,264,200
1776764009.0776436,0.0,-3,4,5.0,0.608272506082725,0.02728637459806386,188,366,206,294,264,200
1776764009.134806,0.0,-3,4,5.0,0.608272506082725,0.02728637459806386,188,366,206,294,264,200
1776764009.1920981,0.0,-3,4,5.0,0.608272506082725,0.02728637459806386,188,366,206,294,264,200
1776764009.2456012,0.0,-3,4,5.0,0.608272506082725,0.02728637459806386,188,366,206,294,264,200
1776764009.3035164,0.0,-3,4,5.0,0.608272506082725,0.02728637459806386,188,366,206,294,264,200
1776764009.360128,0.0,-3,4,5.0,0.608272506082725,0.02728637459806386,188,366,206,294,264,200
1776764009.4174194,0.0,-3,4,5.0,0.608272506082725,0.02728637459806386,188,366,206,294,264,200
1776764009.4749346,0.0,-3,4,5.0,0.608272506082725,0.02728637459806386,188,366,206,294,264,200
1776764009.532058,0.0,-3,4,5.0,0.608272506082725,0.02728637459806386,188,366,206,294,264,200
1776764009.5858712,0.0,-3,4,5.0,0.608272506082725,0.02728637459806386,188,366,206,294,264,200
1776764009.6427655,0.0,-3,4,5.0,0.608272506082725,0.02728637459806386,188,366,206,294,264,200
1776764009.7002149,0.0,-3,4,5.0,0.608272506082725,0.02728637459806386,188,366,206,294,264,200
1776764009.7575405,0.0,-3,4,5.0,0.608272506082725,0.02728637459806386,188,366,206,294,264,200
1776764009.8152833,0.0,-3,4,5.0,0.608272506082725,0.02728637459806386,188,366,206,294,264,200
1776764009.8693001,0.0,-3,4,5.0,0.608272506082725,0.02728637459806386,188,366,206,294,264,200
1776764009.9253237,0.0,-3,4,5.0,0.608272506082725,0.02728637459806386,188,366,206,294,264,200
1776764009.9826283,0.0,-3,4,5.0,0.608272506082725,0.02728637459806386,188,366,206,294,264,200
1776764010.0399606,0.0,-3,4,5.0,0.608272506082725,0.02728637459806386,188,366,206,294,264,200
1776764010.0981462,0.0,-3,4,5.0,0.608272506082725,0.02728637459806386,188,366,206,294,264,200
1776764010.155395,0.0,-3,4,5.0,0.608272506082725,0.02728637459806386,188,366,206,294,264,200
1776764010.2086265,0.0,-3,4,5.0,0.608272506082725,0.02728637459806386,188,366,206,294,264,200
1776764010.2654848,0.0,-3,4,5.0,0.608272506082725,0.02728637459806386,188,366,206,294,264,200
1776764010.3226023,0.0,-3,4,5.0,0.608272506082725,0.02728637459806386,188,366,206,294,264,200
1776764010.3804786,0.0,-3,4,5.0,0.608272506082725,0.02728637459806386,188,366,206,294,264,200
1776764010.4375582,0.0,-3,4,5.0,0.608272506082725,0.02728637459806386,188,366,206,294,264,200
1776764010.4911852,0.0,-3,4,5.0,0.608272506082725,0.02728637459806386,188,366,206,294,264,200
1776764010.548813,0.0,-3,4,5.0,0.608272506082725,0.02728637459806386,188,366,206,294,264,200
1776764010.6061509,0.0,-3,4,5.0,0.608272506082725,0.02728637459806386,188,366,206,294,264,200
1776764010.663512,0.0,-3,4,5.0,0.608272506082725,0.02728637459806386,188,366,206,294,264,200
1776764010.7198095,0.0,-3,4,5.0,0.608272506082725,0.02728637459806386,188,366,206,294,264,200
1776764010.777155,0.0,-3,4,5.0,0.608272506082725,0.02728637459806386,188,366,206,294,264,200
1776764010.8306935,0.0,-3,4,5.0,0.608272506082725,0.02728637459806386,188,366,206,294,264,200
1776764010.8879862,0.0,-3,4,5.0,0.608272506082725,0.02728637459806386,188,366,206,294,264,200
1776764010.94549,0.0,-3,4,5.0,0.608272506082725,0.02728637459806386,188,366,206,294,264,200
1776764011.0024567,0.0,-3,4,5.0,0.608272506082725,0.02728637459806386,188,366,206,294,264,200
1776764011.0605664,0.0,-3,4,5.0,0.608272506082725,0.02728637459806386,188,366,206,294,264,200
1776764011.1132102,0.0,-3,4,5.0,0.608272506082725,0.02728637459806386,188,366,206,294,264,200
1776764011.1707184,0.0,-3,4,5.0,0.608272506082725,0.02728637459806386,188,366,206,294,264,200
1776764011.2278163,0.0,-3,4,5.0,0.608272506082725,0.02728637459806386,188,366,206,294,264,200
1776764011.285866,0.0,-3,4,5.0,0.608272506082725,0.02728637459806386,188,366,206,294,264,200
1776764011.343471,0.0,-3,4,5.0,0.608272506082725,0.02728637459806386,188,366,206,294,264,200
1776764011.400041,0.0,-3,4,5.0,0.608272506082725,0.02728637459806386,188,366,206,294,264,200
1776764011.4535444,0.0,-3,4,5.0,0.608272506082725,0.02728637459806386,188,366,206,294,264,200
1776764011.510919,0.0,-3,4,5.0,0.608272506082725,0.02728637459806386,188,366,206,294,264,200
1776764011.569079,0.0,-3,4,5.0,0.608272506082725,0.02728637459806386,188,366,206,294,264,200
1776764011.6250322,0.0,-3,4,5.0,0.608272506082725,0.02728637459806386,188,366,206,294,264,200
1776764011.68231,0.0,-3,4,5.0,0.608272506082725,0.02728637459806386,188,366,206,294,264,200
1776764011.736245,0.0,-3,4,5.0,0.608272506082725,0.02728637459806386,188,366,206,294,264,200
1776764011.7931116,0.0,-3,4,5.0,0.608272506082725,0.02728637459806386,188,366,206,294,264,200
1776764011.8505657,0.0,-3,4,5.0,0.608272506082725,0.02728637459806386,188,366,206,294,264,200
1776764011.9087172,0.0,-3,4,5.0,0.608272506082725,0.02728637459806386,188,366,206,294,264,200
1776764011.9653609,0.0,-3,4,5.0,0.608272506082725,0.02728637459806386,188,366,206,294,264,200
1776764012.0223808,0.0,-3,4,5.0,0.608272506082725,0.02728637459806386,188,366,206,294,264,200
1776764012.076478,0.0,-3,4,5.0,0.608272506082725,0.02728637459806386,188,366,206,294,264,200
1776764012.1333911,0.0,-3,4,5.0,0.608272506082725,0.02728637459806386,188,366,206,294,264,200
1776764012.190275,0.0,-3,4,5.0,0.608272506082725,0.02728637459806386,188,366,206,294,264,200
1776764012.2477283,0.0,-3,4,5.0,0.608272506082725,0.02728637459806386,188,366,206,294,264,200
1776764012.3058155,0.0,-3,4,5.0,0.608272506082725,0.02728637459806386,188,366,206,294,264,200
1776764012.3583682,0.0,-3,4,5.0,0.608272506082725,0.02728637459806386,188,366,206,294,264,200
1776764012.4157374,0.0,-3,4,5.0,0.608272506082725,0.02728637459806386,188,366,206,294,264,200
1776764012.4730015,0.0,-3,4,5.0,0.608272506082725,0.02728637459806386,188,366,206,294,264,200
1776764012.5305252,0.0,-3,4,5.0,0.608272506082725,0.02728637459806386,188,366,206,294,264,200
1776764012.5880108,0.0,-3,4,5.0,0.608272506082725,0.02728637459806386,188,366,206,294,264,200
1776764012.6450205,0.0,-3,4,5.0,0.608272506082725,0.02728637459806386,188,366,206,294,264,200
1776764012.6983337,0.0,-3,4,5.0,0.608272506082725,0.02728637459806386,188,366,206,294,264,200
1776764012.7555687,0.0,-3,4,5.0,0.608272506082725,0.02728637459806386,188,366,206,294,264,200
1776764012.8129458,0.0,-3,4,5.0,0.608272506082725,0.02728637459806386,188,366,206,294,264,200
1776764012.870914,0.0,-3,4,5.0,0.608272506082725,0.02728637459806386,188,366,206,294,264,200
1776764012.929127,0.0,-3,4,5.0,0.608272506082725,0.02728637459806386,188,366,206,294,264,200
1776764012.9816778,0.0,-3,4,5.0,0.608272506082725,0.02728637459806386,188,366,206,294,264,200
1776764013.0387204,0.0,-3,4,5.0,0.608272506082725,0.02728637459806386,188,366,206,294,264,200
1776764013.0962467,0.0,-3,4,5.0,0.608272506082725,0.02728637459806386,188,366,206,294,264,200
1776764013.1535373,0.0,-3,4,5.0,0.608272506082725,0.02728637459806386,188,366,206,294,264,200
1776764013.2109234,0.0,-3,4,5.0,0.608272506082725,0.02728637459806386,188,366,206,294,264,200
1776764013.2674947,0.0,-3,4,5.0,0.608272506082725,0.02728637459806386,188,366,206,294,264,200
1776764013.3216815,0.0,-3,4,5.0,0.608272506082725,0.02728637459806386,188,366,206,294,264,200
1776764013.3796654,0.0,-3,4,5.0,0.608272506082725,0.02728637459806386,188,366,206,294,264,200
1776764013.435942,0.0,-3,4,5.0,0.608272506082725,0.02728637459806386,188,366,206,294,264,200
1776764013.4928558,0.0,-3,4,5.0,0.608272506082725,0.02728637459806386,188,366,206,294,264,200
1776764013.5513997,0.0,-3,4,5.0,0.608272506082725,0.02728637459806386,188,366,206,294,264,200
1776764013.6037812,0.0,-3,4,5.0,0.608272506082725,0.02728637459806386,188,366,206,294,264,200
1776764013.6611705,0.0,-3,4,5.0,0.608272506082725,0.02728637459806386,188,366,206,294,264,200
1776764013.719032,0.0,-3,4,5.0,0.608272506082725,0.02728637459806386,188,366,206,294,264,200
1776764013.7765727,0.0,-3,4,5.0,0.608272506082725,0.02728637459806386,188,366,206,294,264,200
1776764013.832858,0.0,-3,4,5.0,0.608272506082725,0.02728637459806386,188,366,206,294,264,200
1776764013.8904898,0.0,-3,4,5.0,0.608272506082725,0.02728637459806386,188,366,206,294,264,200
1776764013.943601,0.0,-3,4,5.0,0.608272506082725,0.02728637459806386,188,366,206,294,264,200
1776764014.0033681,0.0,-3,4,5.0,0.608272506082725,0.02728637459806386,188,366,206,294,264,200
1776764014.057991,0.0,-3,4,5.0,0.608272506082725,0.02728637459806386,188,366,206,294,264,200
1776764014.1155567,0.0,-3,4,5.0,0.608272506082725,0.02728637459806386,188,366,206,294,264,200
1776764014.1729443,0.0,-3,4,5.0,0.608272506082725,0.02728637459806386,188,366,206,294,264,200
1776764014.2261045,0.0,-3,4,5.0,0.608272506082725,0.02728637459806386,188,366,206,294,264,200
1776764014.283485,0.0,-3,4,5.0,0.608272506082725,0.02728637459806386,188,366,206,294,264,200
1776764014.3411806,0.0,-3,4,5.0,0.608272506082725,0.02728637459806386,188,366,206,294,264,200
1776764014.3987014,0.0,-3,4,5.0,0.608272506082725,0.02728637459806386,188,366,206,294,264,200
1776764014.455793,0.0,-3,4,5.0,0.608272506082725,0.02728637459806386,188,366,206,294,264,200
1776764014.5130339,0.0,-3,4,5.0,0.608272506082725,0.02728637459806386,188,366,206,294,264,200
1776764014.5670247,0.0,-3,4,5.0,0.608272506082725,0.02728637459806386,188,366,206,294,264,200
1776764014.624212,0.0,-3,4,5.0,0.608272506082725,0.02728637459806386,188,366,206,294,264,200
1776764014.6810665,0.0,-3,4,5.0,0.608272506082725,0.02728637459806386,188,366,206,294,264,200
1776764014.7379405,0.0,-3,4,5.0,0.608272506082725,0.02728637459806386,188,366,206,294,264,200
1776764014.79539,0.0,-3,4,5.0,0.608272506082725,0.02728637459806386,188,366,206,294,264,200
1776764014.8494022,0.0,-3,4,5.0,0.608272506082725,0.02728637459806386,188,366,206,294,264,200
1776764014.9065773,0.0,-3,4,5.0,0.608272506082725,0.02728637459806386,188,366,206,294,264,200
1776764014.9639857,0.0,-3,4,5.0,0.608272506082725,0.02728637459806386,188,366,206,294,264,200
1776764015.0214498,0.0,-3,4,5.0,0.608272506082725,0.02728637459806386,188,366,206,294,264,200
1776764015.0778096,0.0,-3,4,5.0,0.608272506082725,0.02728637459806386,188,366,206,294,264,200
1776764015.1356483,0.0,-3,4,5.0,0.608272506082725,0.02728637459806386,188,366,206,294,264,200
1776764015.1890132,0.0,-3,4,5.0,0.608272506082725,0.02728637459806386,188,366,206,294,264,200
1776764015.2461689,0.0,-3,4,5.0,0.608272506082725,0.02728637459806386,188,366,206,294,264,200
1776764015.3032873,0.0,-3,4,5.0,0.608272506082725,0.02728637459806386,188,366,206,294,264,200
1776764015.3610678,0.0,-3,4,5.0,0.608272506082725,0.02728637459806386,188,366,206,294,264,200
1776764015.4183683,0.0,-3,4,5.0,0.608272506082725,0.02728637459806386,188,366,206,294,264,200
1776764015.4714782,0.0,-3,4,5.0,0.608272506082725,0.02728637459806386,188,366,206,294,264,200
1776764015.5287886,0.0,-3,4,5.0,0.608272506082725,0.02728637459806386,188,366,206,294,264,200
1776764015.5864651,0.0,-3,4,5.0,0.608272506082725,0.02728637459806386,188,366,206,294,264,200
1776764015.643311,0.0,-3,4,5.0,0.608272506082725,0.02728637459806386,188,366,206,294,264,200
1776764015.7012725,0.0,-3,4,5.0,0.608272506082725,0.02728637459806386,188,366,206,294,264,200
1776764015.7581518,0.0,-3,4,5.0,0.608272506082725,0.02728637459806386,188,366,206,294,264,200
1776764015.8118935,0.0,-3,4,5.0,0.608272506082725,0.02728637459806386,188,366,206,294,264,200
1776764015.869249,0.0,-3,4,5.0,0.608272506082725,0.02728637459806386,188,366,206,294,264,200
1776764015.925906,0.0,-3,4,5.0,0.608272506082725,0.02728637459806386,188,366,206,294,264,200
1776764015.9836462,0.0,-3,4,5.0,0.608272506082725,0.02728637459806386,188,366,206,294,264,200
1776764016.0406022,0.0,-3,4,5.0,0.608272506082725,0.02728637459806386,188,366,206,294,264,200
1776764016.0945399,0.0,-3,4,5.0,0.608272506082725,0.02728637459806386,188,366,206,294,264,200
1776764016.1516638,0.0,-3,4,5.0,0.608272506082725,0.02728637459806386,188,366,206,294,264,200
1776764016.2086172,0.0,-3,4,5.0,0.608272506082725,0.02728637459806386,188,366,206,294,264,200
1776764016.2656565,0.0,-3,4,5.0,0.608272506082725,0.02728637459806386,188,366,206,294,264,200
1776764016.322925,0.0,-3,4,5.0,0.608272506082725,0.02728637459806386,188,366,206,294,264,200
1776764016.3804119,0.0,-3,4,5.0,0.608272506082725,0.02728637459806386,188,366,206,294,264,200
1776764016.4341016,0.0,-3,4,5.0,0.608272506082725,0.02728637459806386,188,366,206,294,264,200
1776764016.4915357,0.0,-3,4,5.0,0.608272506082725,0.02728637459806386,188,366,206,294,264,200
1776764016.548825,0.0,-3,4,5.0,0.608272506082725,0.02728637459806386,188,366,206,294,264,200
1776764016.6062934,0.0,-3,4,5.0,0.608272506082725,0.02728637459806386,188,366,206,294,264,200
1776764016.6630497,0.0,-3,4,5.0,0.608272506082725,0.02728637459806386,188,366,206,294,264,200
1776764016.7163134,0.0,-3,4,5.0,0.608272506082725,0.02728637459806386,188,366,206,294,264,200
1776764016.7742388,0.0,-3,4,5.0,0.608272506082725,0.02728637459806386,188,366,206,294,264,200
1776764016.8314059,0.0,-3,4,5.0,0.608272506082725,0.02728637459806386,188,366,206,294,264,200
1776764016.8891494,0.0,-3,4,5.0,0.608272506082725,0.02728637459806386,188,366,206,294,264,200
1776764016.945612,0.0,-3,4,5.0,0.608272506082725,0.02728637459806386,188,366,206,294,264,200
1776764017.003423,0.0,-3,4,5.0,0.608272506082725,0.02728637459806386,188,366,206,294,264,200
1776764017.0568466,0.0,-3,4,5.0,0.608272506082725,0.02728637459806386,188,366,206,294,264,200
1776764017.1143243,0.0,-3,4,5.0,0.608272506082725,0.02728637459806386,188,366,206,294,264,200
1776764017.1713305,0.0,-3,4,5.0,0.608272506082725,0.02728637459806386,188,366,206,294,264,200
1776764017.2282488,0.0,-3,4,5.0,0.608272506082725,0.02728637459806386,188,366,206,294,264,200
1776764017.2854872,0.0,-3,4,5.0,0.608272506082725,0.02728637459806386,188,366,206,294,264,200
1776764017.3389218,0.0,-3,4,5.0,0.608272506082725,0.02728637459806386,188,366,206,294,264,200
1776764017.3977623,0.0,-3,4,5.0,0.608272506082725,0.02728637459806386,188,366,206,294,264,200
1776764017.4542685,0.0,-3,4,5.0,0.608272506082725,0.02728637459806386,188,366,206,294,264,200
1776764017.5110874,0.0,-3,4,5.0,0.608272506082725,0.02728637459806386,188,366,206,294,264,200
1776764017.568712,0.0,-3,4,5.0,0.608272506082725,0.02728637459806386,188,366,206,294,264,200
1776764017.626233,0.0,-3,4,5.0,0.608272506082725,0.02728637459806386,188,366,206,294,264,200
1776764017.679715,0.0,-3,4,5.0,0.608272506082725,0.02728637459806386,188,366,206,294,264,200
1776764017.7371929,0.0,-3,4,5.0,0.608272506082725,0.02728637459806386,188,366,206,294,264,200
1776764017.7939684,0.0,-3,4,5.0,0.608272506082725,0.02728637459806386,188,366,206,294,264,200
1776764017.851248,0.0,-3,4,5.0,0.608272506082725,0.02728637459806386,188,366,206,294,264,200
1776764017.9081314,0.0,-3,4,5.0,0.608272506082725,0.02728637459806386,188,366,206,294,264,200
1776764017.9618592,0.0,-3,4,5.0,0.608272506082725,0.02728637459806386,188,366,206,294,264,200
1776764018.0195792,0.0,-3,4,5.0,0.608272506082725,0.02728637459806386,188,366,206,294,264,200
1776764018.0767734,0.0,-3,4,5.0,0.608272506082725,0.02728637459806386,188,366,206,294,264,200
1776764018.1338954,0.0,-3,4,5.0,0.608272506082725,0.02728637459806386,188,366,206,294,264,200
1776764018.1913834,0.0,-3,4,5.0,0.608272506082725,0.02728637459806386,188,366,206,294,264,200
1776764018.2485552,0.0,-3,4,5.0,0.608272506082725,0.02728637459806386,188,366,206,294,264,200
1776764018.3019133,0.0,-3,4,5.0,0.608272506082725,0.02728637459806386,188,366,206,294,264,200
1776764018.3592334,0.0,-3,4,5.0,0.608272506082725,0.02728637459806386,188,366,206,294,264,200
1776764018.4165428,0.0,-3,4,5.0,0.608272506082725,0.02728637459806386,188,366,206,294,264,200
1776764018.474021,0.0,-3,4,5.0,0.608272506082725,0.02728637459806386,188,366,206,294,264,200
1776764018.5306125,0.0,-3,4,5.0,0.608272506082725,0.02728637459806386,188,366,206,294,264,200
1776764018.5840855,0.0,-3,4,5.0,0.608272506082725,0.02728637459806386,188,366,206,294,264,200
1776764018.641381,0.0,-3,4,5.0,0.608272506082725,0.02728637459806386,188,366,206,294,264,200
1776764018.6986537,0.0,-3,4,5.0,0.608272506082725,0.02728637459806386,188,366,206,294,264,200
1776764018.7562633,0.0,-3,4,5.0,0.608272506082725,0.02728637459806386,188,366,206,294,264,200
1776764018.8144603,0.0,-3,4,5.0,0.608272506082725,0.02728637459806386,188,366,206,294,264,200
1776764018.8706682,0.0,-3,4,5.0,0.608272506082725,0.02728637459806386,188,366,206,294,264,200
1776764018.9245136,0.0,-3,4,5.0,0.608272506082725,0.02728637459806386,188,366,206,294,264,200
1776764018.9817414,0.0,-3,4,5.0,0.608272506082725,0.02728637459806386,188,366,206,294,264,200
1776764019.0393786,0.0,-3,4,5.0,0.608272506082725,0.02728637459806386,188,366,206,294,264,200
1776764019.0958688,0.0,-3,4,5.0,0.608272506082725,0.02728637459806386,188,366,206,294,264,200
1776764019.1531646,0.0,-3,4,5.0,0.608272506082725,0.02728637459806386,188,366,206,294,264,200
1776764019.2070203,0.0,-3,4,5.0,0.608272506082725,0.02728637459806386,188,366,206,294,264,200
1776764019.2642193,0.0,-3,4,5.0,0.608272506082725,0.02728637459806386,188,366,206,294,264,200
1776764019.321737,0.0,-3,4,5.0,0.608272506082725,0.02728637459806386,188,366,206,294,264,200
1776764019.3790236,0.0,-3,4,5.0,0.608272506082725,0.02728637459806386,188,366,206,294,264,200
1776764019.4360087,0.0,-3,4,5.0,0.608272506082725,0.02728637459806386,188,366,206,294,264,200
1776764019.4938428,0.0,-3,4,5.0,0.608272506082725,0.02728637459806386,188,366,206,294,264,200
1776764019.547324,0.0,-3,4,5.0,0.608272506082725,0.02728637459806386,188,366,206,294,264,200
1776764019.604743,0.0,-3,4,5.0,0.608272506082725,0.02728637459806386,188,366,206,294,264,200
1776764019.6616087,0.0,-3,4,5.0,0.608272506082725,0.02728637459806386,188,366,206,294,264,200
1776764019.7188365,0.0,-3,4,5.0,0.608272506082725,0.02728637459806386,188,366,206,294,264,200
1776764019.777134,0.0,-3,4,5.0,0.608272506082725,0.02728637459806386,188,366,206,294,264,200
1776764019.830443,0.0,-3,4,5.0,0.608272506082725,0.02728637459806386,188,366,206,294,264,200
1776764019.8870058,0.0,-3,4,5.0,0.608272506082725,0.02728637459806386,188,366,206,294,264,200
1776764019.944112,0.0,-3,4,5.0,0.608272506082725,0.02728637459806386,188,366,206,294,264,200
1776764020.0016296,0.0,-3,4,5.0,0.608272506082725,0.02728637459806386,188,366,206,294,264,200
1776764020.0591805,0.0,-3,4,5.0,0.608272506082725,0.02728637459806386,188,366,206,294,264,200
1776764020.1158252,0.0,-3,4,5.0,0.608272506082725,0.02728637459806386,188,366,206,294,264,200
1776764020.1696105,0.0,-3,4,5.0,0.608272506082725,0.02728637459806386,188,366,206,294,264,200
1776764020.2265089,0.0,-3,4,5.0,0.608272506082725,0.02728637459806386,188,366,206,294,264,200
1776764020.2846053,0.0,-3,4,5.0,0.608272506082725,0.02728637459806386,188,366,206,294,264,200
1776764020.341092,0.0,-3,4,5.0,0.608272506082725,0.02728637459806386,188,366,206,294,264,200
1776764020.3987963,0.0,-3,4,5.0,0.608272506082725,0.02728637459806386,188,366,206,294,264,200
1776764020.4517028,0.0,-3,4,5.0,0.608272506082725,0.02728637459806386,188,366,206,294,264,200
1776764020.5095289,0.0,-3,4,5.0,0.608272506082725,0.02728637459806386,188,366,206,294,264,200
1776764020.566723,0.0,-3,4,5.0,0.608272506082725,0.02728637459806386,188,366,206,294,264,200
1776764020.6242628,0.0,-3,4,5.0,0.608272506082725,0.02728637459806386,188,366,206,294,264,200
1776764020.6810458,0.0,-3,4,5.0,0.608272506082725,0.02728637459806386,188,366,206,294,264,200
1776764020.738801,0.0,-3,4,5.0,0.608272506082725,0.02728637459806386,188,366,206,294,264,200
1776764020.791765,0.0,-3,4,5.0,0.608272506082725,0.02728637459806386,188,366,206,294,264,200
1776764020.8491008,0.0,-3,4,5.0,0.608272506082725,0.02728637459806386,188,366,206,294,264,200
1776764020.9064322,0.0,-3,4,5.0,0.608272506082725,0.02728637459806386,188,366,206,294,264,200
1776764020.964492,0.0,-3,4,5.0,0.608272506082725,0.02728637459806386,188,366,206,294,264,200
1776764021.0209057,0.0,-3,4,5.0,0.608272506082725,0.02728637459806386,188,366,206,294,264,200
1776764021.0744073,0.0,-3,4,5.0,0.608272506082725,0.02728637459806386,188,366,206,294,264,200
1776764021.1321232,0.0,-3,4,5.0,0.608272506082725,0.02728637459806386,188,366,206,294,264,200
1776764021.1888325,0.0,-3,4,5.0,0.608272506082725,0.02728637459806386,188,366,206,294,264,200
1776764021.2471547,0.0,-3,4,5.0,0.608272506082725,0.02728637459806386,188,366,206,294,264,200
1776764021.3039439,0.0,-3,4,5.0,0.608272506082725,0.02728637459806386,188,366,206,294,264,200
1776764021.3612156,0.0,-3,4,5.0,0.608272506082725,0.02728637459806386,188,366,206,294,264,200
1776764021.414913,0.0,-3,4,5.0,0.608272506082725,0.02728637459806386,188,366,206,294,264,200
1776764021.4728198,0.0,-3,4,5.0,0.608272506082725,0.02728637459806386,188,366,206,294,264,200
1776764021.529528,0.0,-3,4,5.0,0.608272506082725,0.02728637459806386,188,366,206,294,264,200
1776764021.5864322,0.0,-3,4,5.0,0.608272506082725,0.02728637459806386,188,366,206,294,264,200
1776764021.644027,0.0,-3,4,5.0,0.608272506082725,0.02728637459806386,188,366,206,294,264,200
1776764021.6973147,0.0,-3,4,5.0,0.608272506082725,0.02728637459806386,188,366,206,294,264,200
1776764021.754765,0.0,-3,4,5.0,0.608272506082725,0.02728637459806386,188,366,206,294,264,200
1776764021.8120492,0.0,-3,4,5.0,0.608272506082725,0.02728637459806386,188,366,206,294,264,200
1776764021.869389,0.0,-3,4,5.0,0.608272506082725,0.02728637459806386,188,366,206,294,264,200
1776764021.9262044,0.0,-3,4,5.0,0.608272506082725,0.02728637459806386,188,366,206,294,264,200
1776764021.9840977,0.0,-3,4,5.0,0.608272506082725,0.02728637459806386,188,366,206,294,264,200
1776764022.0382707,0.0,-3,4,5.0,0.608272506082725,0.02728637459806386,188,366,206,294,264,200
1776764022.0946035,0.0,-3,4,5.0,0.608272506082725,0.02728637459806386,188,366,206,294,264,200
1776764022.1520286,0.0,-3,4,5.0,0.608272506082725,0.02728637459806386,188,366,206,294,264,200
1776764022.2090673,0.0,-3,4,5.0,0.608272506082725,0.02728637459806386,188,366,206,294,264,200
1776764022.266879,0.0,-3,4,5.0,0.608272506082725,0.02728637459806386,188,366,206,294,264,200
1776764022.320415,0.0,-3,4,5.0,0.608272506082725,0.02728637459806386,188,366,206,294,264,200
1776764022.3767526,0.0,-3,4,5.0,0.608272506082725,0.02728637459806386,188,366,206,294,264,200
1776764022.4348135,0.0,-3,4,5.0,0.608272506082725,0.02728637459806386,188,366,206,294,264,200
1776764022.4921157,0.0,-3,4,5.0,0.608272506082725,0.02728637459806386,188,366,206,294,264,200
1776764022.549609,0.0,-3,4,5.0,0.608272506082725,0.02728637459806386,188,366,206,294,264,200
1776764022.6065319,0.0,-3,4,5.0,0.608272506082725,0.02728637459806386,188,366,206,294,264,200
1776764022.6603217,0.0,-3,4,5.0,0.608272506082725,0.02728637459806386,188,366,206,294,264,200
1776764022.716649,0.0,-3,4,5.0,0.608272506082725,0.02728637459806386,188,366,206,294,264,200
1776764022.774369,0.0,-3,4,5.0,0.608272506082725,0.02728637459806386,188,366,206,294,264,200
1776764022.8321903,0.0,-3,4,5.0,0.608272506082725,0.02728637459806386,188,366,206,294,264,200
1776764022.888732,0.0,-3,4,5.0,0.608272506082725,0.02728637459806386,188,366,206,294,264,200
1776764022.9420288,0.0,-3,4,5.0,0.608272506082725,0.02728637459806386,188,366,206,294,264,200
1776764022.9995854,0.0,-3,4,5.0,0.608272506082725,0.02728637459806386,188,366,206,294,264,200
1776764023.056698,0.0,-3,4,5.0,0.608272506082725,0.02728637459806386,188,366,206,294,264,200
1776764023.1140928,0.0,-3,4,5.0,0.608272506082725,0.02728637459806386,188,366,206,294,264,200
1776764023.1719837,0.0,-3,4,5.0,0.608272506082725,0.02728637459806386,188,366,206,294,264,200
1776764023.2290394,0.0,-3,4,5.0,0.608272506082725,0.02728637459806386,188,366,206,294,264,200
1776764023.2821035,0.0,-3,4,5.0,0.608272506082725,0.02728637459806386,188,366,206,294,264,200
1776764023.3393717,0.0,-3,4,5.0,0.608272506082725,0.02728637459806386,188,366,206,294,264,200
1776764023.3975818,0.0,-3,4,5.0,0.608272506082725,0.02728637459806386,188,366,206,294,264,200
1776764023.4546046,0.0,-3,4,5.0,0.608272506082725,0.02728637459806386,188,366,206,294,264,200
1776764023.511637,0.0,-3,4,5.0,0.608272506082725,0.02728637459806386,188,366,206,294,264,200
1776764023.5655954,0.0,-3,4,5.0,0.608272506082725,0.02728637459806386,188,366,206,294,264,200
1776764023.623408,0.0,-3,4,5.0,0.608272506082725,0.02728637459806386,188,366,206,294,264,200
1776764023.6801963,0.0,-3,4,5.0,0.608272506082725,0.02728637459806386,188,366,206,294,264,200
1776764023.737719,0.0,-3,4,5.0,0.608272506082725,0.02728637459806386,188,366,206,294,264,200
1776764023.7942176,0.0,-3,4,5.0,0.608272506082725,0.02728637459806386,188,366,206,294,264,200
1776764023.8518271,0.0,-3,4,5.0,0.608272506082725,0.02728637459806386,188,366,206,294,264,200
1776764023.904951,0.0,-3,4,5.0,0.608272506082725,0.02728637459806386,188,366,206,294,264,200
1776764023.9625344,0.0,-3,4,5.0,0.608272506082725,0.02728637459806386,188,366,206,294,264,200
1776764024.0192633,0.0,-3,4,5.0,0.608272506082725,0.02728637459806386,188,366,206,294,264,200
1776764024.077356,0.0,-3,4,5.0,0.608272506082725,0.02728637459806386,188,366,206,294,264,200
1776764024.1347728,0.0,-3,4,5.0,0.608272506082725,0.02728637459806386,188,366,206,294,264,200
1776764024.1881657,0.0,-3,4,5.0,0.608272506082725,0.02728637459806386,188,366,206,294,264,200
1776764024.2454884,0.0,-3,4,5.0,0.608272506082725,0.02728637459806386,188,366,206,294,264,200
1776764024.3023624,0.0,-3,4,5.0,0.608272506082725,0.02728637459806386,188,366,206,294,264,200
1776764024.359629,0.0,-3,4,5.0,0.608272506082725,0.02728637459806386,188,366,206,294,264,200
1776764024.4164615,0.0,-3,4,5.0,0.608272506082725,0.02728637459806386,188,366,206,294,264,200
1776764024.4700098,0.0,-3,4,5.0,0.608272506082725,0.02728637459806386,188,366,206,294,264,200
1776764024.5283153,0.0,-3,4,5.0,0.608272506082725,0.02728637459806386,188,366,206,294,264,200
1776764024.584643,0.0,-3,4,5.0,0.608272506082725,0.02728637459806386,188,366,206,294,264,200
1776764024.6420462,0.0,-3,4,5.0,0.608272506082725,0.02728637459806386,188,366,206,294,264,200
1776764024.700303,0.0,-3,4,5.0,0.608272506082725,0.02728637459806386,188,366,206,294,264,200
1776764024.7566745,0.0,-3,4,5.0,0.608272506082725,0.02728637459806386,188,366,206,294,264,200
1776764024.810281,0.0,-3,4,5.0,0.608272506082725,0.02728637459806386,188,366,206,294,264,200
1776764024.8675616,0.0,-3,4,5.0,0.608272506082725,0.02728637459806386,188,366,206,294,264,200
1776764024.9249156,0.0,-3,4,5.0,0.608272506082725,0.02728637459806386,188,366,206,294,264,200
1776764024.9823961,0.0,-3,4,5.0,0.608272506082725,0.02728637459806386,188,366,206,294,264,200
1776764025.0394897,0.0,-3,4,5.0,0.608272506082725,0.02728637459806386,188,366,206,294,264,200
1776764025.0955284,0.0,-3,4,5.0,0.608272506082725,0.02728637459806386,188,366,206,294,264,200
1776764025.1502638,0.0,-3,4,5.0,0.608272506082725,0.02728637459806386,188,366,206,294,264,200
1776764025.207403,0.0,-3,4,5.0,0.608272506082725,0.02728637459806386,188,366,206,294,264,200
1776764025.2645166,0.0,-3,4,5.0,0.608272506082725,0.02728637459806386,188,366,206,294,264,200
1776764025.321559,0.0,-3,4,5.0,0.608272506082725,0.02728637459806386,188,366,206,294,264,200
1776764025.378881,0.0,-3,4,5.0,0.608272506082725,0.02728637459806386,188,366,206,294,264,200
1776764025.4326441,0.0,-3,4,5.0,0.608272506082725,0.02728637459806386,188,366,206,294,264,200
1776764025.4895492,0.0,-3,4,5.0,0.608272506082725,0.02728637459806386,188,366,206,294,264,200
1776764025.6052809,0.0,-3,4,5.0,0.608272506082725,0.02728637459806386,188,366,206,294,264,200
1776764025.6621957,0.0,-3,4,5.0,0.608272506082725,0.02728637459806386,188,366,206,294,264,200
1776764025.7154455,0.0,-3,4,5.0,0.608272506082725,0.02728637459806386,188,366,206,294,264,200
1776764025.7724109,0.0,-3,4,5.0,0.608272506082725,0.02728637459806386,188,366,206,294,264,200
1776764025.830072,0.0,-3,4,5.0,0.608272506082725,0.02728637459806386,188,366,206,294,264,200
1776764025.8875616,0.0,-3,4,5.0,0.608272506082725,0.02728637459806386,188,366,206,294,264,200
1776764025.945049,0.0,-3,4,5.0,0.608272506082725,0.02728637459806386,188,366,206,294,264,200
1776764026.0021682,0.0,-3,4,5.0,0.608272506082725,0.02728637459806386,188,366,206,294,264,200
1776764026.0555322,0.0,-3,4,5.0,0.608272506082725,0.02728637459806386,188,366,206,294,264,200
1776764026.1123874,0.0,-3,4,5.0,0.608272506082725,0.02728637459806386,188,366,206,294,264,200
1776764026.1701481,0.0,-3,4,5.0,0.608272506082725,0.02728637459806386,188,366,206,294,264,200
1776764026.22731,0.0,-3,4,5.0,0.608272506082725,0.02728637459806386,188,366,206,294,264,200
1776764026.285088,0.0,-3,4,5.0,0.608272506082725,0.02728637459806386,188,366,206,294,264,200
1776764026.3379006,0.0,-3,4,5.0,0.608272506082725,0.02728637459806386,188,366,206,294,264,200
1776764026.3956108,0.0,-3,4,5.0,0.608272506082725,0.02728637459806386,188,366,206,294,264,200
1776764026.4524503,0.0,-3,4,5.0,0.608272506082725,0.02728637459806386,188,366,206,294,264,200
1776764026.509969,0.0,-3,4,5.0,0.608272506082725,0.02728637459806386,188,366,206,294,264,200
1776764026.5676768,0.0,-3,4,5.0,0.608272506082725,0.02728637459806386,188,366,206,294,264,200
1776764026.6244316,0.0,-3,4,5.0,0.608272506082725,0.02728637459806386,188,366,206,294,264,200
1776764026.6784182,0.0,-3,4,5.0,0.608272506082725,0.02728637459806386,188,366,206,294,264,200
1776764026.7352197,0.0,-3,4,5.0,0.608272506082725,0.02728637459806386,188,366,206,294,264,200
1776764026.7923734,0.0,-3,4,5.0,0.608272506082725,0.02728637459806386,188,366,206,294,264,200
1776764026.849276,0.0,-3,4,5.0,0.608272506082725,0.02728637459806386,188,366,206,294,264,200
1776764026.9067237,0.0,-3,4,5.0,0.608272506082725,0.02728637459806386,188,366,206,294,264,200
1776764026.9607422,0.0,-3,4,5.0,0.608272506082725,0.02728637459806386,188,366,206,294,264,200
1776764027.0182817,0.0,-3,4,5.0,0.608272506082725,0.02728637459806386,188,366,206,294,264,200
1776764027.0755434,0.0,-3,4,5.0,0.608272506082725,0.02728637459806386,188,366,206,294,264,200
1776764027.132493,0.0,-3,4,5.0,0.608272506082725,0.02728637459806386,188,366,206,294,264,200
1776764027.189312,0.0,-3,4,5.0,0.608272506082725,0.02728637459806386,188,366,206,294,264,200
1776764027.2471282,0.0,-3,4,5.0,0.608272506082725,0.02728637459806386,188,366,206,294,264,200
1776764027.3010879,0.0,-3,4,5.0,0.608272506082725,0.02728637459806386,188,366,206,294,264,200
1776764027.3578708,0.0,-3,4,5.0,0.608272506082725,0.02728637459806386,188,366,206,294,264,200
1776764027.4152563,0.0,-3,4,5.0,0.608272506082725,0.02728637459806386,188,366,206,294,264,200
1776764027.472251,0.0,-3,4,5.0,0.608272506082725,0.02728637459806386,188,366,206,294,264,200
1776764027.5295339,0.0,-3,4,5.0,0.608272506082725,0.02728637459806386,188,366,206,294,264,200
1776764027.5825965,0.0,-3,4,5.0,0.608272506082725,0.02728637459806386,188,366,206,294,264,200
1776764027.640005,0.0,-3,4,5.0,0.608272506082725,0.02728637459806386,188,366,206,294,264,200
1776764027.697675,0.0,-3,4,5.0,0.608272506082725,0.02728637459806386,188,366,206,294,264,200
1776764027.7554333,0.0,-3,4,5.0,0.608272506082725,0.02728637459806386,188,366,206,294,264,200
1776764027.8126578,0.0,-3,4,5.0,0.608272506082725,0.02728637459806386,188,366,206,294,264,200
1776764027.8696465,0.0,-3,4,5.0,0.608272506082725,0.02728637459806386,188,366,206,294,264,200
1776764027.9230442,0.0,-3,4,5.0,0.608272506082725,0.02728637459806386,188,366,206,294,264,200
1776764027.9806232,0.0,-3,4,5.0,0.608272506082725,0.02728637459806386,188,366,206,294,264,200
1776764028.0378747,0.0,-3,4,5.0,0.608272506082725,0.02728637459806386,188,366,206,294,264,200
1776764028.0952978,0.0,-3,4,5.0,0.608272506082725,0.02728637459806386,188,366,206,294,264,200
1776764028.152284,0.0,-3,4,5.0,0.608272506082725,0.02728637459806386,188,366,206,294,264,200
1776764028.2058496,0.0,-3,4,5.0,0.608272506082725,0.02728637459806386,188,366,206,294,264,200
1776764028.2625735,0.0,-3,4,5.0,0.608272506082725,0.02728637459806386,188,366,206,294,264,200
1776764028.321176,0.0,-3,4,5.0,0.608272506082725,0.02728637459806386,188,366,206,294,264,200
1776764028.3780105,0.0,-3,4,5.0,0.608272506082725,0.02728637459806386,188,366,206,294,264,200
1776764028.43513,0.0,-3,4,5.0,0.608272506082725,0.02728637459806386,188,366,206,294,264,200
1776764028.4921782,0.0,-3,4,5.0,0.608272506082725,0.02728637459806386,188,366,206,294,264,200
1776764028.5455248,0.0,-3,4,5.0,0.608272506082725,0.02728637459806386,188,366,206,294,264,200
1776764028.6029918,0.0,-3,4,5.0,0.608272506082725,0.02728637459806386,188,366,206,294,264,200
1776764028.6606622,0.0,-3,4,5.0,0.608272506082725,0.02728637459806386,188,366,206,294,264,200
1776764028.7188742,0.0,-3,4,5.0,0.608272506082725,0.02728637459806386,188,366,206,294,264,200
1776764028.7744508,0.0,-3,4,5.0,0.608272506082725,0.02728637459806386,188,366,206,294,264,200
1776764028.8316643,0.0,-3,4,5.0,0.608272506082725,0.02728637459806386,188,366,206,294,264,200
1776764028.8858755,0.0,-3,4,5.0,0.608272506082725,0.02728637459806386,188,366,206,294,264,200
1776764028.9428415,0.0,-3,4,5.0,0.608272506082725,0.02728637459806386,188,366,206,294,264,200
1776764028.999781,0.0,-3,4,5.0,0.608272506082725,0.02728637459806386,188,366,206,294,264,200
1776764029.0572069,0.0,-3,4,5.0,0.608272506082725,0.02728637459806386,188,366,206,294,264,200
1776764029.1148405,0.0,-3,4,5.0,0.608272506082725,0.02728637459806386,188,366,206,294,264,200
1776764029.1685076,0.0,-3,4,5.0,0.608272506082725,0.02728637459806386,188,366,206,294,264,200
1776764029.225697,0.0,-3,4,5.0,0.608272506082725,0.02728637459806386,188,366,206,294,264,200
1776764029.283079,0.0,-3,4,5.0,0.608272506082725,0.02728637459806386,188,366,206,294,264,200
1776764029.3399994,0.0,-3,4,5.0,0.608272506082725,0.02728637459806386,188,366,206,294,264,200
1776764029.398166,0.0,-3,4,5.0,0.608272506082725,0.02728637459806386,188,366,206,294,264,200
1776764029.4546235,0.0,-3,4,5.0,0.608272506082725,0.02728637459806386,188,366,206,294,264,200
1776764029.5082839,0.0,-3,4,5.0,0.608272506082725,0.02728637459806386,188,366,206,294,264,200
1776764029.5655718,0.0,-3,4,5.0,0.608272506082725,0.02728637459806386,188,366,206,294,264,200
1776764029.6224222,0.0,-3,4,5.0,0.608272506082725,0.02728637459806386,188,366,206,294,264,200
1776764029.680615,0.0,-3,4,5.0,0.608272506082725,0.02728637459806386,188,366,206,294,264,200
1776764029.7374806,0.0,-3,4,5.0,0.608272506082725,0.02728637459806386,188,366,206,294,264,200
1776764029.7902756,0.0,-3,4,5.0,0.608272506082725,0.02728637459806386,188,366,206,294,264,200
1776764029.847612,0.0,-3,4,5.0,0.608272506082725,0.02728637459806386,188,366,206,294,264,200
1776764029.904901,0.0,-3,4,5.0,0.608272506082725,0.02728637459806386,188,366,206,294,264,200
1776764029.9628363,0.0,-3,4,5.0,0.608272506082725,0.02728637459806386,188,366,206,294,264,200
1776764030.0197,0.0,-3,4,5.0,0.608272506082725,0.02728637459806386,188,366,206,294,264,200
1776764030.0773163,0.0,-3,4,5.0,0.608272506082725,0.02728637459806386,188,366,206,294,264,200
1776764030.1305728,0.0,-3,4,5.0,0.608272506082725,0.02728637459806386,188,366,206,294,264,200
1776764030.1880329,0.0,-3,4,5.0,0.608272506082725,0.02728637459806386,188,366,206,294,264,200
1776764030.2458317,0.0,-3,4,5.0,0.608272506082725,0.02728637459806386,188,366,206,294,264,200
1776764030.2989132,0.0,-3,4,5.0,0.608272506082725,0.02728637459806386,188,366,206,294,264,200
1776764030.355986,0.0,-3,4,5.0,0.608272506082725,0.02728637459806386,188,366,206,294,264,200
1776764030.4136758,0.0,-3,4,5.0,0.608272506082725,0.02728637459806386,188,366,206,294,264,200
1776764030.4709022,0.0,-3,4,5.0,0.608272506082725,0.02728637459806386,188,366,206,294,264,200
1776764030.528061,0.0,-3,4,5.0,0.608272506082725,0.02728637459806386,188,366,206,294,264,200
1776764030.5853443,0.0,-3,4,5.0,0.608272506082725,0.02728637459806386,188,366,206,294,264,200
1776764030.6384013,0.0,-3,4,5.0,0.608272506082725,0.02728637459806386,188,366,206,294,264,200
1776764030.6958938,0.0,-3,4,5.0,0.608272506082725,0.02728637459806386,188,366,206,294,264,200
1776764030.753012,0.0,-3,4,5.0,0.608272506082725,0.02728637459806386,188,366,206,294,264,200
1776764030.8100913,0.0,-3,4,5.0,0.608272506082725,0.02728637459806386,188,366,206,294,264,200
1776764030.867658,0.0,-3,4,5.0,0.608272506082725,0.02728637459806386,188,366,206,294,264,200
1776764030.9213345,0.0,-3,4,5.0,0.608272506082725,0.02728637459806386,188,366,206,294,264,200
1776764030.9784515,0.0,-3,4,5.0,0.608272506082725,0.02728637459806386,188,366,206,294,264,200
1776764031.0357962,0.0,-3,4,5.0,0.608272506082725,0.02728637459806386,188,366,206,294,264,200
1776764031.0933855,0.0,-3,4,5.0,0.608272506082725,0.02728637459806386,188,366,206,294,264,200
1776764031.15063,0.0,-3,4,5.0,0.608272506082725,0.02728637459806386,188,366,206,294,264,200
1776764031.2041287,0.0,-3,4,5.0,0.608272506082725,0.02728637459806386,188,366,206,294,264,200
1776764031.2615762,0.0,-3,4,5.0,0.608272506082725,0.02728637459806386,188,366,206,294,264,200
1776764031.3192174,0.0,-3,4,5.0,0.608272506082725,0.02728637459806386,188,366,206,294,264,200
1776764031.3762019,0.0,-3,4,5.0,0.608272506082725,0.02728637459806386,188,366,206,294,264,200
1776764031.4330194,0.0,-3,4,5.0,0.608272506082725,0.02728637459806386,188,366,206,294,264,200
1776764031.486488,0.0,-3,4,5.0,0.608272506082725,0.02728637459806386,188,366,206,294,264,200
1776764031.543689,0.0,-3,4,5.0,0.608272506082725,0.02728637459806386,188,366,206,294,264,200
1776764031.601509,0.0,-3,4,5.0,0.608272506082725,0.02728637459806386,188,366,206,294,264,200
1776764031.6583526,0.0,-3,4,5.0,0.608272506082725,0.02728637459806386,188,366,206,294,264,200
1776764031.7157602,0.0,-3,4,5.0,0.608272506082725,0.02728637459806386,188,366,206,294,264,200
1776764031.769342,0.0,-3,4,5.0,0.608272506082725,0.02728637459806386,188,366,206,294,264,200
1776764031.8260543,0.0,-3,4,5.0,0.608272506082725,0.02728637459806386,188,366,206,294,264,200
1776764031.8842728,0.0,-3,4,5.0,0.608272506082725,0.02728637459806386,188,366,206,294,264,200
1776764031.9414232,0.0,-3,4,5.0,0.608272506082725,0.02728637459806386,188,366,206,294,264,200
1776764031.9983628,0.0,-3,4,5.0,0.608272506082725,0.02728637459806386,188,366,206,294,264,200
1776764032.0551283,0.0,-3,4,5.0,0.608272506082725,0.02728637459806386,188,366,206,294,264,200
1776764032.10852,0.0,-3,4,5.0,0.608272506082725,0.02728637459806386,188,366,206,294,264,200
1776764032.1660023,0.0,-3,4,5.0,0.608272506082725,0.02728637459806386,188,366,206,294,264,200
1776764032.223179,0.0,-3,4,5.0,0.608272506082725,0.02728637459806386,188,366,206,294,264,200
1776764032.2804954,0.0,-3,4,5.0,0.608272506082725,0.02728637459806386,188,366,206,294,264,200
1776764032.3377938,0.0,-3,4,5.0,0.608272506082725,0.02728637459806386,188,366,206,294,264,200
1776764032.3915408,0.0,-3,4,5.0,0.608272506082725,0.02728637459806386,188,366,206,294,264,200
1776764032.4488206,0.0,-3,4,5.0,0.608272506082725,0.02728637459806386,188,366,206,294,264,200
1776764032.5063038,0.0,-3,4,5.0,0.608272506082725,0.02728637459806386,188,366,206,294,264,200
1776764032.563191,0.0,-3,4,5.0,0.608272506082725,0.02728637459806386,188,366,206,294,264,200
1776764032.6206946,0.0,-3,4,5.0,0.608272506082725,0.02728637459806386,188,366,206,294,264,200
1776764032.6742427,0.0,-3,4,5.0,0.608272506082725,0.02728637459806386,188,366,206,294,264,200
1776764032.7323072,0.0,-3,4,5.0,0.608272506082725,0.02728637459806386,188,366,206,294,264,200
1776764032.7889266,0.0,-3,4,5.0,0.608272506082725,0.02728637459806386,188,366,206,294,264,200
1776764032.846665,0.0,-3,4,5.0,0.608272506082725,0.02728637459806386,188,366,206,294,264,200
1776764032.9030364,0.0,-3,4,5.0,0.608272506082725,0.02728637459806386,188,366,206,294,264,200
1776764032.956439,0.0,-3,4,5.0,0.608272506082725,0.02728637459806386,188,366,206,294,264,200
1776764033.014073,0.0,-3,4,5.0,0.608272506082725,0.02728637459806386,188,366,206,294,264,200
1776764033.0710766,0.0,-3,4,5.0,0.608272506082725,0.02728637459806386,188,366,206,294,264,200
1776764033.1287184,0.0,-3,4,5.0,0.608272506082725,0.02728637459806386,188,366,206,294,264,200
1776764033.1860218,0.0,-3,4,5.0,0.608272506082725,0.02728637459806386,188,366,206,294,264,200
1776764033.2389655,0.0,-3,4,5.0,0.608272506082725,0.02728637459806386,188,366,206,294,264,200
1776764033.296893,0.0,-3,4,5.0,0.608272506082725,0.02728637459806386,188,366,206,294,264,200
1776764033.3542058,0.0,-3,4,5.0,0.608272506082725,0.02728637459806386,188,366,206,294,264,200
1776764033.4116454,0.0,-3,4,5.0,0.608272506082725,0.02728637459806386,188,366,206,294,264,200
1776764033.4689686,0.0,-3,4,5.0,0.608272506082725,0.02728637459806386,188,366,206,294,264,200
1776764033.526256,0.0,-3,4,5.0,0.608272506082725,0.02728637459806386,188,366,206,294,264,200
1776764033.579141,0.0,-3,4,5.0,0.608272506082725,0.02728637459806386,188,366,206,294,264,200
1776764033.6368933,0.0,-3,4,5.0,0.608272506082725,0.02728637459806386,188,366,206,294,264,200
1776764033.6943016,0.0,-3,4,5.0,0.608272506082725,0.02728637459806386,188,366,206,294,264,200
1776764033.7513733,0.0,-3,4,5.0,0.608272506082725,0.02728637459806386,188,366,206,294,264,200
1776764033.8083916,0.0,-3,4,5.0,0.608272506082725,0.02728637459806386,188,366,206,294,264,200
1776764033.8616626,0.0,-3,4,5.0,0.608272506082725,0.02728637459806386,188,366,206,294,264,200
1776764033.919462,0.0,-3,4,5.0,0.608272506082725,0.02728637459806386,188,366,206,294,264,200
1776764033.9763594,0.0,-3,4,5.0,0.608272506082725,0.02728637459806386,188,366,206,294,264,200
1776764034.0336878,0.0,-3,4,5.0,0.608272506082725,0.02728637459806386,188,366,206,294,264,200
1776764034.0913074,0.0,-3,4,5.0,0.608272506082725,0.02728637459806386,188,366,206,294,264,200
1776764034.144206,0.0,-3,4,5.0,0.608272506082725,0.02728637459806386,188,366,206,294,264,200
1776764034.2021954,0.0,-3,4,5.0,0.608272506082725,0.02728637459806386,188,366,206,294,264,200
1776764034.2594652,0.0,-3,4,5.0,0.608272506082725,0.02728637459806386,188,366,206,294,264,200
1776764034.3160462,0.0,-3,4,5.0,0.608272506082725,0.02728637459806386,188,366,206,294,264,200
1776764034.373499,0.0,-3,4,5.0,0.608272506082725,0.02728637459806386,188,366,206,294,264,200
1776764034.4267983,0.0,-3,4,5.0,0.608272506082725,0.02728637459806386,188,366,206,294,264,200
1776764034.4841175,0.0,-3,4,5.0,0.608272506082725,0.02728637459806386,188,366,206,294,264,200
1776764034.5417838,0.0,-3,4,5.0,0.608272506082725,0.02728637459806386,188,366,206,294,264,200
1776764034.5987399,0.0,-3,4,5.0,0.608272506082725,0.02728637459806386,188,366,206,294,264,200
1776764034.6560256,0.0,-3,4,5.0,0.608272506082725,0.02728637459806386,188,366,206,294,264,200
1776764034.709491,0.0,-3,4,5.0,0.608272506082725,0.02728637459806386,188,366,206,294,264,200
1776764034.767275,0.0,-3,4,5.0,0.608272506082725,0.02728637459806386,188,366,206,294,264,200
1776764034.8241625,0.0,-3,4,5.0,0.608272506082725,0.02728637459806386,188,366,206,294,264,200
1776764034.8817537,0.0,-3,4,5.0,0.608272506082725,0.02728637459806386,188,366,206,294,264,200
1776764034.9390948,0.0,-3,4,5.0,0.608272506082725,0.02728637459806386,188,366,206,294,264,200
1776764034.996191,0.0,-3,4,5.0,0.608272506082725,0.02728637459806386,188,366,206,294,264,200
1776764035.0499964,0.0,-3,4,5.0,0.608272506082725,0.02728637459806386,188,366,206,294,264,200
1776764035.1080315,0.0,-3,4,5.0,0.608272506082725,0.02728637459806386,188,366,206,294,264,200
1776764035.1648393,0.0,-3,4,5.0,0.608272506082725,0.02728637459806386,188,366,206,294,264,200
1776764035.2217577,0.0,-3,4,5.0,0.608272506082725,0.02728637459806386,188,366,206,294,264,200
1776764035.279414,0.0,-3,4,5.0,0.608272506082725,0.02728637459806386,188,366,206,294,264,200
1776764035.333881,0.0,-3,4,5.0,0.608272506082725,0.02728637459806386,188,366,206,294,264,200
1776764035.389989,0.0,-3,4,5.0,0.608272506082725,0.02728637459806386,188,366,206,294,264,200
1776764035.4471302,0.0,-3,4,5.0,0.608272506082725,0.02728637459806386,188,366,206,294,264,200
1776764035.5042102,0.0,-3,4,5.0,0.608272506082725,0.02728637459806386,188,366,206,294,264,200
1776764035.5616717,0.0,-3,4,5.0,0.608272506082725,0.02728637459806386,188,366,206,294,264,200
1776764035.6150625,0.0,-3,4,5.0,0.608272506082725,0.02728637459806386,188,366,206,294,264,200
1776764035.6724348,0.0,-3,4,5.0,0.608272506082725,0.02728637459806386,188,366,206,294,264,200
1776764035.729281,0.0,-3,4,5.0,0.608272506082725,0.02728637459806386,188,366,206,294,264,200
1776764035.7870219,0.0,-3,4,5.0,0.608272506082725,0.02728637459806386,188,366,206,294,264,200
1776764035.8446841,0.0,-3,4,5.0,0.608272506082725,0.02728637459806386,188,366,206,294,264,200
1776764035.8977182,0.0,-3,4,5.0,0.608272506082725,0.02728637459806386,188,366,206,294,264,200
1776764035.9549701,0.0,-3,4,5.0,0.608272506082725,0.02728637459806386,188,366,206,294,264,200
1776764036.0123827,0.0,-3,4,5.0,0.608272506082725,0.02728637459806386,188,366,206,294,264,200
1776764036.0696733,0.0,-3,4,5.0,0.608272506082725,0.02728637459806386,188,366,206,294,264,200
1776764036.1271374,0.0,-3,4,5.0,0.608272506082725,0.02728637459806386,188,366,206,294,264,200
1776764036.180706,0.0,-3,4,5.0,0.608272506082725,0.02728637459806386,188,366,206,294,264,200
1776764036.2375777,0.0,-3,4,5.0,0.608272506082725,0.02728637459806386,188,366,206,294,264,200
1776764036.294664,0.0,-3,4,5.0,0.608272506082725,0.02728637459806386,188,366,206,294,264,200
1776764036.3524444,0.0,-3,4,5.0,0.608272506082725,0.02728637459806386,188,366,206,294,264,200
1776764036.4095054,0.0,-3,4,5.0,0.608272506082725,0.02728637459806386,188,366,206,294,264,200
1776764036.4633372,0.0,-3,4,5.0,0.608272506082725,0.02728637459806386,188,366,206,294,264,200
1776764036.5200667,0.0,-3,4,5.0,0.608272506082725,0.02728637459806386,188,366,206,294,264,200
1776764036.5770507,0.0,-3,4,5.0,0.608272506082725,0.02728637459806386,188,366,206,294,264,200
1776764036.6350496,0.0,-3,4,5.0,0.608272506082725,0.02728637459806386,188,366,206,294,264,200
1776764036.6917431,0.0,-3,4,5.0,0.608272506082725,0.02728637459806386,188,366,206,294,264,200
1776764036.749457,0.0,-3,4,5.0,0.608272506082725,0.02728637459806386,188,366,206,294,264,200
1776764036.8025477,0.0,-3,4,5.0,0.608272506082725,0.02728637459806386,188,366,206,294,264,200
1776764036.8601117,0.0,-3,4,5.0,0.608272506082725,0.02728637459806386,188,366,206,294,264,200
1776764036.9172401,0.0,-3,4,5.0,0.608272506082725,0.02728637459806386,188,366,206,294,264,200
1776764036.9752371,0.0,-3,4,5.0,0.608272506082725,0.02728637459806386,188,366,206,294,264,200
1776764037.0319867,0.0,-3,4,5.0,0.608272506082725,0.02728637459806386,188,366,206,294,264,200
1776764037.0859845,0.0,-3,4,5.0,0.608272506082725,0.02728637459806386,188,366,206,294,264,200
1776764037.1429281,0.0,-3,4,5.0,0.608272506082725,0.02728637459806386,188,366,206,294,264,200
1776764037.2006278,0.0,-3,4,5.0,0.608272506082725,0.02728637459806386,188,366,206,294,264,200
1776764037.2572627,0.0,-3,4,5.0,0.608272506082725,0.02728637459806386,188,366,206,294,264,200
1776764037.31476,0.0,-3,4,5.0,0.608272506082725,0.02728637459806386,188,366,206,294,264,200
1776764037.3682315,0.0,-3,4,5.0,0.608272506082725,0.02728637459806386,188,366,206,294,264,200
1776764037.4249682,0.0,-3,4,5.0,0.608272506082725,0.02728637459806386,188,366,206,294,264,200
1776764037.4827318,0.0,-3,4,5.0,0.608272506082725,0.02728637459806386,188,366,206,294,264,200
1776764037.5414934,0.0,-3,4,5.0,0.608272506082725,0.02728637459806386,188,366,206,294,264,200
1776764037.5974312,0.0,-3,4,5.0,0.608272506082725,0.02728637459806386,188,366,206,294,264,200
1776764037.6506658,0.0,-3,4,5.0,0.608272506082725,0.02728637459806386,188,366,206,294,264,200
1776764037.7082922,0.0,-3,4,5.0,0.608272506082725,0.02728637459806386,188,366,206,294,264,200
1776764037.7660253,0.0,-3,4,5.0,0.608272506082725,0.02728637459806386,188,366,206,294,264,200
1776764037.8227167,0.0,-3,4,5.0,0.608272506082725,0.02728637459806386,188,366,206,294,264,200
1776764037.8798988,0.0,-3,4,5.0,0.608272506082725,0.02728637459806386,188,366,206,294,264,200
1776764037.9335427,0.0,-3,4,5.0,0.608272506082725,0.02728637459806386,188,366,206,294,264,200
1776764037.990834,0.0,-3,4,5.0,0.608272506082725,0.02728637459806386,188,366,206,294,264,200
1776764038.0485163,0.0,-3,4,5.0,0.608272506082725,0.02728637459806386,188,366,206,294,264,200
1776764038.1054535,0.0,-3,4,5.0,0.608272506082725,0.02728637459806386,188,366,206,294,264,200
1776764038.1622484,0.0,-3,4,5.0,0.608272506082725,0.02728637459806386,188,366,206,294,264,200
1776764038.219624,0.0,-3,4,5.0,0.608272506082725,0.02728637459806386,188,366,206,294,264,200
1776764038.2728796,0.0,-3,4,5.0,0.608272506082725,0.02728637459806386,188,366,206,294,264,200
1776764038.3302717,0.0,-3,4,5.0,0.608272506082725,0.02728637459806386,188,366,206,294,264,200
1776764038.3883972,0.0,-3,4,5.0,0.608272506082725,0.02728637459806386,188,366,206,294,264,200
1776764038.4453492,0.0,-3,4,5.0,0.608272506082725,0.02728637459806386,188,366,206,294,264,200
1776764038.5029666,0.0,-3,4,5.0,0.608272506082725,0.02728637459806386,188,366,206,294,264,200
1776764038.5563793,0.0,-3,4,5.0,0.608272506082725,0.02728637459806386,188,366,206,294,264,200
1776764038.6135585,0.0,-3,4,5.0,0.608272506082725,0.02728637459806386,188,366,206,294,264,200
1776764038.6704586,0.0,-3,4,5.0,0.608272506082725,0.02728637459806386,188,366,206,294,264,200
1776764038.728023,0.0,-3,4,5.0,0.608272506082725,0.02728637459806386,188,366,206,294,264,200
1776764038.7851648,0.0,-3,4,5.0,0.608272506082725,0.02728637459806386,188,366,206,294,264,200
1776764038.838531,0.0,-3,4,5.0,0.608272506082725,0.02728637459806386,188,366,206,294,264,200
1776764038.8956292,0.0,-3,4,5.0,0.608272506082725,0.02728637459806386,188,366,206,294,264,200
1776764038.9530022,0.0,-3,4,5.0,0.608272506082725,0.02728637459806386,188,366,206,294,264,200
1776764039.0104449,0.0,-3,4,5.0,0.608272506082725,0.02728637459806386,188,366,206,294,264,200
1776764039.0672889,0.0,-3,4,5.0,0.608272506082725,0.02728637459806386,188,366,206,294,264,200
1776764039.12091,0.0,-3,4,5.0,0.608272506082725,0.02728637459806386,188,366,206,294,264,200
1776764039.1789343,0.0,-3,4,5.0,0.608272506082725,0.02728637459806386,188,366,206,294,264,200
1776764039.236196,0.0,-3,4,5.0,0.608272506082725,0.02728637459806386,188,366,206,294,264,200
1776764039.2930932,0.0,-3,4,5.0,0.608272506082725,0.02728637459806386,188,366,206,294,264,200
1776764039.3498516,0.0,-3,4,5.0,0.608272506082725,0.02728637459806386,188,366,206,294,264,200
1776764039.4038386,0.0,-3,4,5.0,0.608272506082725,0.02728637459806386,188,366,206,294,264,200
1776764039.4619331,0.0,-3,4,5.0,0.608272506082725,0.02728637459806386,188,366,206,294,264,200
1776764039.5181813,0.0,-3,4,5.0,0.608272506082725,0.02728637459806386,188,366,206,294,264,200
1776764039.5757296,0.0,-3,4,5.0,0.608272506082725,0.02728637459806386,188,366,206,294,264,200
1776764039.6327577,0.0,-3,4,5.0,0.608272506082725,0.02728637459806386,188,366,206,294,264,200
1776764039.690411,0.0,-3,4,5.0,0.608272506082725,0.02728637459806386,188,366,206,294,264,200
1776764039.743901,0.0,-3,4,5.0,0.608272506082725,0.02728637459806386,188,366,206,294,264,200
1776764039.801088,0.0,-3,4,5.0,0.608272506082725,0.02728637459806386,188,366,206,294,264,200
1776764039.8582544,0.0,-3,4,5.0,0.608272506082725,0.02728637459806386,188,366,206,294,264,200
1776764039.9155428,0.0,-3,4,5.0,0.608272506082725,0.02728637459806386,188,366,206,294,264,200
1776764039.9729714,0.0,-3,4,5.0,0.608272506082725,0.02728637459806386,188,366,206,294,264,200
1776764040.0258095,0.0,-3,4,5.0,0.608272506082725,0.02728637459806386,188,366,206,294,264,200
1776764040.0836556,0.0,-3,4,5.0,0.608272506082725,0.02728637459806386,188,366,206,294,264,200
1776764040.1409566,0.0,-3,4,5.0,0.608272506082725,0.02728637459806386,188,366,206,294,264,200
1776764040.1982312,0.0,-3,4,5.0,0.608272506082725,0.02728637459806386,188,366,206,294,264,200
1776764040.2557013,0.0,-3,4,5.0,0.608272506082725,0.02728637459806386,188,366,206,294,264,200
1776764040.3091512,0.0,-3,4,5.0,0.608272506082725,0.02728637459806386,188,366,206,294,264,200
1776764040.366707,0.0,-3,4,5.0,0.608272506082725,0.02728637459806386,188,366,206,294,264,200
1776764040.4236417,0.0,-3,4,5.0,0.608272506082725,0.02728637459806386,188,366,206,294,264,200
1776764040.4807408,0.0,-3,4,5.0,0.608272506082725,0.02728637459806386,188,366,206,294,264,200
1776764040.5376492,0.0,-3,4,5.0,0.608272506082725,0.02728637459806386,188,366,206,294,264,200
1776764040.591842,0.0,-3,4,5.0,0.608272506082725,0.02728637459806386,188,366,206,294,264,200
1776764040.6490166,0.0,-3,4,5.0,0.608272506082725,0.02728637459806386,188,366,206,294,264,200
1776764040.705706,0.0,-3,4,5.0,0.608272506082725,0.02728637459806386,188,366,206,294,264,200
1776764040.763061,0.0,-3,4,5.0,0.608272506082725,0.02728637459806386,188,366,206,294,264,200
1776764040.8217309,0.0,-3,4,5.0,0.608272506082725,0.02728637459806386,188,366,206,294,264,200
1776764040.8744287,0.0,-3,4,5.0,0.608272506082725,0.02728637459806386,188,366,206,294,264,200
1776764040.9311652,0.0,-3,4,5.0,0.608272506082725,0.02728637459806386,188,366,206,294,264,200
1776764040.989404,0.0,-3,4,5.0,0.608272506082725,0.02728637459806386,188,366,206,294,264,200
1776764041.0455923,0.0,-3,4,5.0,0.608272506082725,0.02728637459806386,188,366,206,294,264,200
1776764041.1030867,0.0,-3,4,5.0,0.608272506082725,0.02728637459806386,188,366,206,294,264,200
1776764041.1601872,0.0,-3,4,5.0,0.608272506082725,0.02728637459806386,188,366,206,294,264,200
1776764041.2137902,0.0,-3,4,5.0,0.608272506082725,0.02728637459806386,188,366,206,294,264,200
1776764041.2713509,0.0,-3,4,5.0,0.608272506082725,0.02728637459806386,188,366,206,294,264,200
1776764041.3282564,0.0,-3,4,5.0,0.608272506082725,0.02728637459806386,188,366,206,294,264,200
1776764041.3858857,0.0,-3,4,5.0,0.608272506082725,0.02728637459806386,188,366,206,294,264,200
1776764041.4436905,0.0,-3,4,5.0,0.608272506082725,0.02728637459806386,188,366,206,294,264,200
1776764041.4966872,0.0,-3,4,5.0,0.608272506082725,0.02728637459806386,188,366,206,294,264,200
1776764041.5539875,0.0,-3,4,5.0,0.608272506082725,0.02728637459806386,188,366,206,294,264,200
1776764041.611374,0.0,-3,4,5.0,0.608272506082725,0.02728637459806386,188,366,206,294,264,200
1776764041.6685867,0.0,-3,4,5.0,0.608272506082725,0.02728637459806386,188,366,206,294,264,200
1776764041.7259064,0.0,-3,4,5.0,0.608272506082725,0.02728637459806386,188,366,206,294,264,200
1776764041.7793922,0.0,-3,4,5.0,0.608272506082725,0.02728637459806386,188,366,206,294,264,200
1776764041.836704,0.0,-3,4,5.0,0.608272506082725,0.02728637459806386,188,366,206,294,264,200
1776764041.893922,0.0,-3,4,5.0,0.608272506082725,0.02728637459806386,188,366,206,294,264,200
1776764041.9510686,0.0,-3,4,5.0,0.608272506082725,0.02728637459806386,188,366,206,294,264,200
1776764042.0083518,0.0,-3,4,5.0,0.608272506082725,0.02728637459806386,188,366,206,294,264,200
1776764042.063072,0.0,-3,4,5.0,0.608272506082725,0.02728637459806386,188,366,206,294,264,200
1776764042.1193268,0.0,-3,4,5.0,0.608272506082725,0.02728637459806386,188,366,206,294,264,200
1776764042.1773038,0.0,-3,4,5.0,0.608272506082725,0.02728637459806386,188,366,206,294,264,200
1776764042.2341504,0.0,-3,4,5.0,0.608272506082725,0.02728637459806386,188,366,206,294,264,200
1776764042.2911146,0.0,-3,4,5.0,0.608272506082725,0.02728637459806386,188,366,206,294,264,200
1776764042.3446326,0.0,-3,4,5.0,0.608272506082725,0.02728637459806386,188,366,206,294,264,200
1776764042.4019892,0.0,-3,4,5.0,0.608272506082725,0.02728637459806386,188,366,206,294,264,200
1776764042.4596434,0.0,-3,4,5.0,0.608272506082725,0.02728637459806386,188,366,206,294,264,200
1776764042.5161173,0.0,-3,4,5.0,0.608272506082725,0.02728637459806386,188,366,206,294,264,200
1776764042.5736935,0.0,-3,4,5.0,0.608272506082725,0.02728637459806386,188,366,206,294,264,200
1776764042.6271763,0.0,-3,4,5.0,0.608272506082725,0.02728637459806386,188,366,206,294,264,200
1776764042.6843176,0.0,-3,4,5.0,0.608272506082725,0.02728637459806386,188,366,206,294,264,200
1776764042.7417085,0.0,-3,4,5.0,0.608272506082725,0.02728637459806386,188,366,206,294,264,200
1776764042.7989879,0.0,-3,4,5.0,0.608272506082725,0.02728637459806386,188,366,206,294,264,200
1776764042.85642,0.0,-3,4,5.0,0.608272506082725,0.02728637459806386,188,366,206,294,264,200
1776764042.9135919,0.0,-3,4,5.0,0.608272506082725,0.02728637459806386,188,366,206,294,264,200
1776764042.9669707,0.0,-3,4,5.0,0.608272506082725,0.02728637459806386,188,366,206,294,264,200
1776764043.0244215,0.0,-3,4,5.0,0.608272506082725,0.02728637459806386,188,366,206,294,264,200
1776764043.0818055,0.0,-3,4,5.0,0.608272506082725,0.02728637459806386,188,366,206,294,264,200
1776764043.138987,0.0,-3,4,5.0,0.608272506082725,0.02728637459806386,188,366,206,294,264,200
1776764043.1963959,0.0,-3,4,5.0,0.608272506082725,0.02728637459806386,188,366,206,294,264,200
1776764043.249412,0.0,-3,4,5.0,0.608272506082725,0.02728637459806386,188,366,206,294,264,200
1776764043.3070872,0.0,-3,4,5.0,0.608272506082725,0.02728637459806386,188,366,206,294,264,200
1776764043.3637817,0.0,-3,4,5.0,0.608272506082725,0.02728637459806386,188,366,206,294,264,200
1776764043.4212227,0.0,-3,4,5.0,0.608272506082725,0.02728637459806386,188,366,206,294,264,200
1776764043.4788277,0.0,-3,4,5.0,0.608272506082725,0.02728637459806386,188,366,206,294,264,200
1776764043.5324883,0.0,-3,4,5.0,0.608272506082725,0.02728637459806386,188,366,206,294,264,200
1776764043.590512,0.0,-3,4,5.0,0.608272506082725,0.02728637459806386,188,366,206,294,264,200
1776764043.6470757,0.0,-3,4,5.0,0.608272506082725,0.02728637459806386,188,366,206,294,264,200
1776764043.704148,0.0,-3,4,5.0,0.608272506082725,0.02728637459806386,188,366,206,294,264,200
1776764043.761449,0.0,-3,4,5.0,0.608272506082725,0.02728637459806386,188,366,206,294,264,200
1776764043.8148334,0.0,-3,4,5.0,0.608272506082725,0.02728637459806386,188,366,206,294,264,200
1776764043.8727221,0.0,-3,4,5.0,0.608272506082725,0.02728637459806386,188,366,206,294,264,200
1776764043.9296522,0.0,-3,4,5.0,0.608272506082725,0.02728637459806386,188,366,206,294,264,200
1776764043.9868512,0.0,-3,4,5.0,0.608272506082725,0.02728637459806386,188,366,206,294,264,200
1776764044.0442693,0.0,-3,4,5.0,0.608272506082725,0.02728637459806386,188,366,206,294,264,200
1776764044.0976377,0.0,-3,4,5.0,0.608272506082725,0.02728637459806386,188,366,206,294,264,200
1776764044.1549475,0.0,-3,4,5.0,0.608272506082725,0.02728637459806386,188,366,206,294,264,200
1776764044.2117705,0.0,-3,4,5.0,0.608272506082725,0.02728637459806386,188,366,206,294,264,200
1776764044.268998,0.0,-3,4,5.0,0.608272506082725,0.02728637459806386,188,366,206,294,264,200
1776764044.3265827,0.0,-3,4,5.0,0.608272506082725,0.02728637459806386,188,366,206,294,264,200
1776764044.3838184,0.0,-3,4,5.0,0.608272506082725,0.02728637459806386,188,366,206,294,264,200
1776764044.4375072,0.0,-3,4,5.0,0.608272506082725,0.02728637459806386,188,366,206,294,264,200
1776764044.4944685,0.0,-3,4,5.0,0.608272506082725,0.02728637459806386,188,366,206,294,264,200
1776764044.5519907,0.0,-3,4,5.0,0.608272506082725,0.02728637459806386,188,366,206,294,264,200
1776764044.6089976,0.0,-3,4,5.0,0.608272506082725,0.02728637459806386,188,366,206,294,264,200
1776764044.666331,0.0,-3,4,5.0,0.608272506082725,0.02728637459806386,188,366,206,294,264,200
1776764044.7196293,0.0,-3,4,5.0,0.608272506082725,0.02728637459806386,188,366,206,294,264,200
1776764044.7769425,0.0,-3,4,5.0,0.608272506082725,0.02728637459806386,188,366,206,294,264,200
1776764044.834455,0.0,-3,4,5.0,0.608272506082725,0.02728637459806386,188,366,206,294,264,200
1776764044.8915684,0.0,-3,4,5.0,0.608272506082725,0.02728637459806386,188,366,206,294,264,200
1776764044.9488854,0.0,-3,4,5.0,0.608272506082725,0.02728637459806386,188,366,206,294,264,200
1776764045.0022726,0.0,-3,4,5.0,0.608272506082725,0.02728637459806386,188,366,206,294,264,200
1776764045.0595517,0.0,-3,4,5.0,0.608272506082725,0.02728637459806386,188,366,206,294,264,200
1776764045.116891,0.0,-3,4,5.0,0.608272506082725,0.02728637459806386,188,366,206,294,264,200
1776764045.1742313,0.0,-3,4,5.0,0.608272506082725,0.02728637459806386,188,366,206,294,264,200
1776764045.2316635,0.0,-3,4,5.0,0.608272506082725,0.02728637459806386,188,366,206,294,264,200
1776764045.2848692,0.0,-3,4,5.0,0.608272506082725,0.02728637459806386,188,366,206,294,264,200
1776764045.3422487,0.0,-3,4,5.0,0.608272506082725,0.02728637459806386,188,366,206,294,264,200
1776764045.3995323,0.0,-3,4,5.0,0.608272506082725,0.02728637459806386,188,366,206,294,264,200
1776764045.456845,0.0,-3,4,5.0,0.608272506082725,0.02728637459806386,188,366,206,294,264,200
1776764045.514112,0.0,-3,4,5.0,0.608272506082725,0.02728637459806386,188,366,206,294,264,200
1776764045.5675905,0.0,-3,4,5.0,0.608272506082725,0.02728637459806386,188,366,206,294,264,200
1776764045.6248336,0.0,-3,4,5.0,0.608272506082725,0.02728637459806386,188,366,206,294,264,200
1776764045.6822348,0.0,-3,4,5.0,0.608272506082725,0.02728637459806386,188,366,206,294,264,200
1776764045.7399747,0.0,-3,4,5.0,0.608272506082725,0.02728637459806386,188,366,206,294,264,200
1776764045.7976167,0.0,-3,4,5.0,0.608272506082725,0.02728637459806386,188,366,206,294,264,200
1776764045.8505542,0.0,-3,4,5.0,0.608272506082725,0.02728637459806386,188,366,206,294,264,200
1776764045.9082916,0.0,-3,4,5.0,0.608272506082725,0.02728637459806386,188,366,206,294,264,200
1776764045.965066,0.0,-3,4,5.0,0.608272506082725,0.02728637459806386,188,366,206,294,264,200
1776764046.0220788,0.0,-3,4,5.0,0.608272506082725,0.02728637459806386,188,366,206,294,264,200
1776764046.080425,0.0,-3,4,5.0,0.608272506082725,0.02728637459806386,188,366,206,294,264,200
1776764046.1371317,0.0,-3,4,5.0,0.608272506082725,0.02728637459806386,188,366,206,294,264,200
1776764046.191362,0.0,-3,4,5.0,0.608272506082725,0.02728637459806386,188,366,206,294,264,200
1776764046.2478921,0.0,-3,4,5.0,0.608272506082725,0.02728637459806386,188,366,206,294,264,200
1776764046.305183,0.0,-3,4,5.0,0.608272506082725,0.02728637459806386,188,366,206,294,264,200
1776764046.3629496,0.0,-3,4,5.0,0.608272506082725,0.02728637459806386,188,366,206,294,264,200
1776764046.4196606,0.0,-3,4,5.0,0.608272506082725,0.02728637459806386,188,366,206,294,264,200
1776764046.4732342,0.0,-3,4,5.0,0.608272506082725,0.02728637459806386,188,366,206,294,264,200
1776764046.5313807,0.0,-3,4,5.0,0.608272506082725,0.02728637459806386,188,366,206,294,264,200
1776764046.5878718,0.0,-3,4,5.0,0.608272506082725,0.02728637459806386,188,366,206,294,264,200
1776764046.6454678,0.0,-3,4,5.0,0.608272506082725,0.02728637459806386,188,366,206,294,264,200
1776764046.7023826,0.0,-3,4,5.0,0.608272506082725,0.02728637459806386,188,366,206,294,264,200
1776764046.7557652,0.0,-3,4,5.0,0.608272506082725,0.02728637459806386,188,366,206,294,264,200
1776764046.8136182,0.0,-3,4,5.0,0.608272506082725,0.02728637459806386,188,366,206,294,264,200
1776764046.870994,0.0,-3,4,5.0,0.608272506082725,0.02728637459806386,188,366,206,294,264,200
1776764046.9288192,0.0,-3,4,5.0,0.608272506082725,0.02728637459806386,188,366,206,294,264,200
1776764046.9845953,0.0,-3,4,5.0,0.608272506082725,0.02728637459806386,188,366,206,294,264,200
1776764047.037863,0.0,-3,4,5.0,0.608272506082725,0.02728637459806386,188,366,206,294,264,200
1776764047.0952773,0.0,-3,4,5.0,0.608272506082725,0.02728637459806386,188,366,206,294,264,200
1776764047.1529114,0.0,-3,4,5.0,0.608272506082725,0.02728637459806386,188,366,206,294,264,200
1776764047.2106283,0.0,-3,4,5.0,0.608272506082725,0.02728637459806386,188,366,206,294,264,200
1776764047.2677648,0.0,-3,4,5.0,0.608272506082725,0.02728637459806386,188,366,206,294,264,200
1776764047.3210437,0.0,-3,4,5.0,0.608272506082725,0.02728637459806386,188,366,206,294,264,200
1776764047.378028,0.0,-3,4,5.0,0.608272506082725,0.02728637459806386,188,366,206,294,264,200
1776764047.4358025,0.0,-3,4,5.0,0.608272506082725,0.02728637459806386,188,366,206,294,264,200
1776764047.4937534,0.0,-3,4,5.0,0.608272506082725,0.02728637459806386,188,366,206,294,264,200
1776764047.5502453,0.0,-3,4,5.0,0.608272506082725,0.02728637459806386,188,366,206,294,264,200
1776764047.6073442,0.0,-3,4,5.0,0.608272506082725,0.02728637459806386,188,366,206,294,264,200
1776764047.6618173,0.0,-3,4,5.0,0.608272506082725,0.02728637459806386,188,366,206,294,264,200
1776764047.7179933,0.0,-3,4,5.0,0.608272506082725,0.02728637459806386,188,366,206,294,264,200
1776764047.7756367,0.0,-3,4,5.0,0.608272506082725,0.02728637459806386,188,366,206,294,264,200
1776764047.832698,0.0,-3,4,5.0,0.608272506082725,0.02728637459806386,188,366,206,294,264,200
1776764047.8896875,0.0,-3,4,5.0,0.608272506082725,0.02728637459806386,188,366,206,294,264,200
1776764047.9430475,0.0,-3,4,5.0,0.608272506082725,0.02728637459806386,188,366,206,294,264,200
1776764048.0004706,0.0,-3,4,5.0,0.608272506082725,0.02728637459806386,188,366,206,294,264,200
1776764048.0579739,0.0,-3,4,5.0,0.608272506082725,0.02728637459806386,188,366,206,294,264,200
1776764048.11571,0.0,-3,4,5.0,0.608272506082725,0.02728637459806386,188,366,206,294,264,200
1776764048.172985,0.0,-3,4,5.0,0.608272506082725,0.02728637459806386,188,366,206,294,264,200
1776764048.2263675,0.0,-3,4,5.0,0.608272506082725,0.02728637459806386,188,366,206,294,264,200
1776764048.284993,0.0,-3,4,5.0,0.608272506082725,0.02728637459806386,188,366,206,294,264,200
1776764048.3409922,0.0,-3,4,5.0,0.608272506082725,0.02728637459806386,188,366,206,294,264,200
1776764048.3981688,0.0,-3,4,5.0,0.608272506082725,0.02728637459806386,188,366,206,294,264,200
1776764048.4553351,0.0,-3,4,5.0,0.608272506082725,0.02728637459806386,188,366,206,294,264,200
1776764048.50886,0.0,-3,4,5.0,0.608272506082725,0.02728637459806386,188,366,206,294,264,200
1776764048.5659144,0.0,-3,4,5.0,0.608272506082725,0.02728637459806386,188,366,206,294,264,200
1776764048.6239035,0.0,-3,4,5.0,0.608272506082725,0.02728637459806386,188,366,206,294,264,200
1776764048.6807168,0.0,-3,4,5.0,0.608272506082725,0.02728637459806386,188,366,206,294,264,200
1776764048.7376904,0.0,-3,4,5.0,0.608272506082725,0.02728637459806386,188,366,206,294,264,200
1776764048.7919588,0.0,-3,4,5.0,0.608272506082725,0.02728637459806386,188,366,206,294,264,200
1776764048.8483787,0.0,-3,4,5.0,0.608272506082725,0.02728637459806386,188,366,206,294,264,200
1776764048.9056635,0.0,-3,4,5.0,0.608272506082725,0.02728637459806386,188,366,206,294,264,200
1776764048.9632149,0.0,-3,4,5.0,0.608272506082725,0.02728637459806386,188,366,206,294,264,200
1776764049.0203993,0.0,-3,4,5.0,0.608272506082725,0.02728637459806386,188,366,206,294,264,200
1776764049.073567,0.0,-3,4,5.0,0.608272506082725,0.02728637459806386,188,366,206,294,264,200
1776764049.1309173,0.0,-3,4,5.0,0.608272506082725,0.02728637459806386,188,366,206,294,264,200
1776764049.1893637,0.0,-3,4,5.0,0.608272506082725,0.02728637459806386,188,366,206,294,264,200
1776764049.246397,0.0,-3,4,5.0,0.608272506082725,0.02728637459806386,188,366,206,294,264,200
1776764049.302958,0.0,-3,4,5.0,0.608272506082725,0.02728637459806386,188,366,206,294,264,200
1776764049.360245,0.0,-3,4,5.0,0.608272506082725,0.02728637459806386,188,366,206,294,264,200
1776764049.4140787,0.0,-3,4,5.0,0.608272506082725,0.02728637459806386,188,366,206,294,264,200
1776764049.4713843,0.0,-3,4,5.0,0.608272506082725,0.02728637459806386,188,366,206,294,264,200
1776764049.5286562,0.0,-3,4,5.0,0.608272506082725,0.02728637459806386,188,366,206,294,264,200
1776764049.586018,0.0,-3,4,5.0,0.608272506082725,0.02728637459806386,188,366,206,294,264,200
1776764049.6450515,0.0,-3,4,5.0,0.608272506082725,0.02728637459806386,188,366,206,294,264,200
1776764049.6962924,0.0,-3,4,5.0,0.608272506082725,0.02728637459806386,188,366,206,294,264,200
1776764049.753952,0.0,-3,4,5.0,0.608272506082725,0.02728637459806386,188,366,206,294,264,200
1776764049.81154,0.0,-3,4,5.0,0.608272506082725,0.02728637459806386,188,366,206,294,264,200
1776764049.8686106,0.0,-3,4,5.0,0.608272506082725,0.02728637459806386,188,366,206,294,264,200
1776764049.9257705,0.0,-3,4,5.0,0.608272506082725,0.02728637459806386,188,366,206,294,264,200
1776764049.979021,0.0,-3,4,5.0,0.608272506082725,0.02728637459806386,188,366,206,294,264,200
1776764050.037162,0.0,-3,4,5.0,0.608272506082725,0.02728637459806386,188,366,206,294,264,200
1776764050.0942872,0.0,-3,4,5.0,0.608272506082725,0.02728637459806386,188,366,206,294,264,200
1776764050.150692,0.0,-3,4,5.0,0.608272506082725,0.02728637459806386,188,366,206,294,264,200
1776764050.2084193,0.0,-3,4,5.0,0.608272506082725,0.02728637459806386,188,366,206,294,264,200
1776764050.2614865,0.0,-3,4,5.0,0.608272506082725,0.02728637459806386,188,366,206,294,264,200
1776764050.3191376,0.0,-3,4,5.0,0.608272506082725,0.02728637459806386,188,366,206,294,264,200
1776764050.3764298,0.0,-3,4,5.0,0.608272506082725,0.02728637459806386,188,366,206,294,264,200
1776764050.4337769,0.0,-3,4,5.0,0.608272506082725,0.02728637459806386,188,366,206,294,264,200
1776764050.4916112,0.0,-3,4,5.0,0.608272506082725,0.02728637459806386,188,366,206,294,264,200
1776764050.5443482,0.0,-3,4,5.0,0.608272506082725,0.02728637459806386,188,366,206,294,264,200
1776764050.6019454,0.0,-3,4,5.0,0.608272506082725,0.02728637459806386,188,366,206,294,264,200
1776764050.6596682,0.0,-3,4,5.0,0.608272506082725,0.02728637459806386,188,366,206,294,264,200
1776764050.7166793,0.0,-3,4,5.0,0.608272506082725,0.02728637459806386,188,366,206,294,264,200
1776764050.774015,0.0,-3,4,5.0,0.608272506082725,0.02728637459806386,188,366,206,294,264,200
1776764050.8308818,0.0,-3,4,5.0,0.608272506082725,0.02728637459806386,188,366,206,294,264,200
1776764050.884278,0.0,-3,4,5.0,0.608272506082725,0.02728637459806386,188,366,206,294,264,200
1776764050.9417737,0.0,-3,4,5.0,0.608272506082725,0.02728637459806386,188,366,206,294,264,200
1776764050.9997191,0.0,-3,4,5.0,0.608272506082725,0.02728637459806386,188,366,206,294,264,200
1776764051.0559242,0.0,-3,4,5.0,0.608272506082725,0.02728637459806386,188,366,206,294,264,200
1776764051.113137,0.0,-3,4,5.0,0.608272506082725,0.02728637459806386,188,366,206,294,264,200
1776764051.1668353,0.0,-3,4,5.0,0.608272506082725,0.02728637459806386,188,366,206,294,264,200
1776764051.2243216,0.0,-3,4,5.0,0.608272506082725,0.02728637459806386,188,366,206,294,264,200
1776764051.2814374,0.0,-3,4,5.0,0.608272506082725,0.02728637459806386,188,366,206,294,264,200
1776764051.3392406,0.0,-3,4,5.0,0.608272506082725,0.02728637459806386,188,366,206,294,264,200
1776764051.395974,0.0,-3,4,5.0,0.608272506082725,0.02728637459806386,188,366,206,294,264,200
1776764051.4498534,0.0,-3,4,5.0,0.608272506082725,0.02728637459806386,188,366,206,294,264,200
1776764051.5071175,0.0,-3,4,5.0,0.608272506082725,0.02728637459806386,188,366,206,294,264,200
1776764051.5644157,0.0,-3,4,5.0,0.608272506082725,0.02728637459806386,188,366,206,294,264,200
1776764051.6213715,0.0,-3,4,5.0,0.608272506082725,0.02728637459806386,188,366,206,294,264,200
1776764051.6788805,0.0,-3,4,5.0,0.608272506082725,0.02728637459806386,188,366,206,294,264,200
1776764051.7326763,0.0,-3,4,5.0,0.608272506082725,0.02728637459806386,188,366,206,294,264,200
1776764051.7898622,0.0,-3,4,5.0,0.608272506082725,0.02728637459806386,188,366,206,294,264,200
1776764051.8466225,0.0,-3,4,5.0,0.608272506082725,0.02728637459806386,188,366,206,294,264,200
1776764051.9040694,0.0,-3,4,5.0,0.608272506082725,0.02728637459806386,188,366,206,294,264,200
1776764051.9620934,0.0,-3,4,5.0,0.608272506082725,0.02728637459806386,188,366,206,294,264,200
1776764052.014959,0.0,-3,4,5.0,0.608272506082725,0.02728637459806386,188,366,206,294,264,200
1776764052.0724642,0.0,-3,4,5.0,0.608272506082725,0.02728637459806386,188,366,206,294,264,200
1776764052.1292636,0.0,-3,4,5.0,0.608272506082725,0.02728637459806386,188,366,206,294,264,200
1776764052.1870208,0.0,-3,4,5.0,0.608272506082725,0.02728637459806386,188,366,206,294,264,200
1776764052.243761,0.0,-3,4,5.0,0.608272506082725,0.02728637459806386,188,366,206,294,264,200
1776764052.2973614,0.0,-3,4,5.0,0.608272506082725,0.02728637459806386,188,366,206,294,264,200
1776764052.3547342,0.0,-3,4,5.0,0.608272506082725,0.02728637459806386,188,366,206,294,264,200
1776764052.4116147,0.0,-3,4,5.0,0.608272506082725,0.02728637459806386,188,366,206,294,264,200
1776764052.4690096,0.0,-3,4,5.0,0.608272506082725,0.02728637459806386,188,366,206,294,264,200
1776764052.52639,0.0,-3,4,5.0,0.608272506082725,0.02728637459806386,188,366,206,294,264,200
1776764052.583561,0.0,-3,4,5.0,0.608272506082725,0.02728637459806386,188,366,206,294,264,200
1776764052.6374238,0.0,-3,4,5.0,0.608272506082725,0.02728637459806386,188,366,206,294,264,200
1776764052.6951435,0.0,-3,4,5.0,0.608272506082725,0.02728637459806386,188,366,206,294,264,200
1776764052.7516987,0.0,-3,4,5.0,0.608272506082725,0.02728637459806386,188,366,206,294,264,200
1776764052.8088045,0.0,-3,4,5.0,0.608272506082725,0.02728637459806386,188,366,206,294,264,200
1776764052.8666022,0.0,-3,4,5.0,0.608272506082725,0.02728637459806386,188,366,206,294,264,200
1776764052.9199715,0.0,-3,4,5.0,0.608272506082725,0.02728637459806386,188,366,206,294,264,200
1776764052.977068,0.0,-3,4,5.0,0.608272506082725,0.02728637459806386,188,366,206,294,264,200
1776764053.0349963,0.0,-3,4,5.0,0.608272506082725,0.02728637459806386,188,366,206,294,264,200
1776764053.0923312,0.0,-3,4,5.0,0.608272506082725,0.02728637459806386,188,366,206,294,264,200
1776764053.1504807,0.0,-3,4,5.0,0.608272506082725,0.02728637459806386,188,366,206,294,264,200
1776764053.2026134,0.0,-3,4,5.0,0.608272506082725,0.02728637459806386,188,366,206,294,264,200
1776764053.260396,0.0,-3,4,5.0,0.608272506082725,0.02728637459806386,188,366,206,294,264,200
1776764053.3173478,0.0,-3,4,5.0,0.608272506082725,0.02728637459806386,188,366,206,294,264,200
1776764053.3747072,0.0,-3,4,5.0,0.608272506082725,0.02728637459806386,188,366,206,294,264,200
1776764053.4317598,0.0,-3,4,5.0,0.608272506082725,0.02728637459806386,188,366,206,294,264,200
1776764053.4850898,0.0,-3,4,5.0,0.608272506082725,0.02728637459806386,188,366,206,294,264,200
1776764053.5436435,0.0,-3,4,5.0,0.608272506082725,0.02728637459806386,188,366,206,294,264,200
1776764053.6000848,0.0,-3,4,5.0,0.608272506082725,0.02728637459806386,188,366,206,294,264,200
1776764053.6572034,0.0,-3,4,5.0,0.608272506082725,0.02728637459806386,188,366,206,294,264,200
1776764053.7149012,0.0,-3,4,5.0,0.608272506082725,0.02728637459806386,188,366,206,294,264,200
1776764053.7679594,0.0,-3,4,5.0,0.608272506082725,0.02728637459806386,188,366,206,294,264,200
1776764053.8252168,0.0,-3,4,5.0,0.608272506082725,0.02728637459806386,188,366,206,294,264,200
1776764053.882442,0.0,-3,4,5.0,0.608272506082725,0.02728637459806386,188,366,206,294,264,200
1776764053.939851,0.0,-3,4,5.0,0.608272506082725,0.02728637459806386,188,366,206,294,264,200
1776764053.9969146,0.0,-3,4,5.0,0.608272506082725,0.02728637459806386,188,366,206,294,264,200
1776764054.0501404,0.0,-3,4,5.0,0.608272506082725,0.02728637459806386,188,366,206,294,264,200
1776764054.108338,0.0,-3,4,5.0,0.608272506082725,0.02728637459806386,188,366,206,294,264,200
1776764054.165655,0.0,-3,4,5.0,0.608272506082725,0.02728637459806386,188,366,206,294,264,200
1776764054.2232304,0.0,-3,4,5.0,0.608272506082725,0.02728637459806386,188,366,206,294,264,200
1776764054.2799177,0.0,-3,4,5.0,0.608272506082725,0.02728637459806386,188,366,206,294,264,200
1776764054.333486,0.0,-3,4,5.0,0.608272506082725,0.02728637459806386,188,366,206,294,264,200
1776764054.3899906,0.0,-3,4,5.0,0.608272506082725,0.02728637459806386,188,366,206,294,264,200
1776764054.4486053,0.0,-3,4,5.0,0.608272506082725,0.02728637459806386,188,366,206,294,264,200
1776764054.504791,0.0,-3,4,5.0,0.608272506082725,0.02728637459806386,188,366,206,294,264,200
1776764054.5585432,0.0,-3,4,5.0,0.608272506082725,0.02728637459806386,188,366,206,294,264,200
1776764054.6156828,0.0,-3,4,5.0,0.608272506082725,0.02728637459806386,188,366,206,294,264,200
1776764054.672549,0.0,-3,4,5.0,0.608272506082725,0.02728637459806386,188,366,206,294,264,200
1776764054.7299252,0.0,-3,4,5.0,0.608272506082725,0.02728637459806386,188,366,206,294,264,200
1776764054.7876525,0.0,-3,4,5.0,0.608272506082725,0.02728637459806386,188,366,206,294,264,200
1776764054.8410804,0.0,-3,4,5.0,0.608272506082725,0.02728637459806386,188,366,206,294,264,200
1776764054.8984556,0.0,-3,4,5.0,0.608272506082725,0.02728637459806386,188,366,206,294,264,200
1776764054.9557056,0.0,-3,4,5.0,0.608272506082725,0.02728637459806386,188,366,206,294,264,200
1776764055.0129297,0.33599999999999997,-3,4,5.0,0.608272506082725,0.02728637459806386,188,366,206,294,264,200
1776764055.0703473,0.6257999999999999,-3,4,5.0,0.608272506082725,0.02728637459806386,188,366,206,294,264,200
1776764055.123165,0.88774,-3,4,5.0,0.608272506082725,0.02728637459806386,188,366,206,294,264,200
1776764055.180894,1.134322,-3,4,5.0,0.608272506082725,0.02728637459806386,188,366,206,294,264,200
1776764055.2380548,1.3762966,-3,4,5.0,0.608272506082725,0.02728637459806386,188,366,206,294,264,200
1776764055.2955205,1.6238889799999998,-3,4,5.0,0.608272506082725,0.02728637459806386,188,366,206,294,264,200
1776764055.3523514,1.8591666939999998,-3,4,5.0,0.608272506082725,0.02728637459806386,188,366,206,294,264,200
1776764055.4110372,2.1187500081999997,-3,4,5.0,0.608272506082725,0.02728637459806386,188,366,206,294,264,200
1776764055.4635916,2.37162500246,-3,4,5.0,0.608272506082725,0.02728637459806386,188,366,206,294,264,200
1776764055.520628,2.601487500738,-3,4,5.0,0.608272506082725,0.02728637459806386,188,366,206,294,264,200
1776764055.578159,2.8244462502214,-3,4,5.0,0.608272506082725,0.02728637459806386,188,366,206,294,264,200
1776764055.6351147,3.0383338750664204,-3,4,5.0,0.608272506082725,0.02728637459806386,188,366,206,294,264,200
1776764055.6933959,3.2495001625199262,-3,4,5.0,0.608272506082725,0.02728637459806386,188,366,206,294,264,200
1776764055.7458148,3.452850048755978,-3,4,5.0,0.608272506082725,0.02728637459806386,188,366,206,294,264,200
1776764055.8031201,3.681855014626793,-3,4,5.0,0.608272506082725,0.02728637459806386,188,366,206,294,264,200
1776764055.860671,3.911556504388037,-3,4,5.0,0.608272506082725,0.02728637459806386,188,366,206,294,264,200
1776764055.9182491,4.1484669513164105,-3,4,5.0,0.608272506082725,0.02728637459806386,188,366,206,294,264,200
1776764055.9752908,4.408540085394923,-3,4,5.0,0.608272506082725,0.02728637459806386,188,366,206,294,264,200
1776764056.0287964,4.668562025618476,-3,4,5.0,0.608272506082725,0.02728637459806386,188,366,206,294,264,200
1776764056.08596,4.914568607685542,-3,4,5.0,0.608272506082725,0.02728637459806386,188,366,206,294,264,200
1776764056.1435885,5.142370582305662,-3,4,5.0,0.608272506082725,0.02728637459806386,188,366,206,294,264,200
1776764056.200439,5.392711174691698,-3,4,5.0,0.608272506082725,0.02728637459806386,188,366,206,294,264,200
1776764056.2575974,5.62181335240751,-3,4,5.0,0.608272506082725,0.02728637459806386,188,366,206,294,264,200
1776764056.3116531,5.830544005722253,-3,4,5.0,0.608272506082725,0.02728637459806386,188,366,206,294,264,200
1776764056.3687081,6.047163201716676,-3,4,5.0,0.608272506082725,0.02728637459806386,188,366,206,294,264,200
1776764056.4261482,6.287148960515003,-3,4,5.0,0.608272506082725,0.02728637459806386,188,366,206,294,264,200
1776764056.4829466,6.520144688154501,-3,4,5.0,0.608272506082725,0.02728637459806386,188,366,206,294,264,200
1776764056.5406687,6.772043406446349,-3,4,5.0,0.608272506082725,0.02728637459806386,188,366,206,294,264,200
1776764056.5935662,7.029613021933903,-3,4,5.0,0.608272506082725,0.02728637459806386,188,366,206,294,264,200
1776764056.6517797,7.3028839065801705,-3,4,5.0,0.608272506082725,0.02728637459806386,188,366,206,294,264,200
1776764056.7090883,7.54586517197405,-3,4,5.0,0.608272506082725,0.02728637459806386,188,366,206,294,264,200
1776764056.7661235,7.793759551592215,-3,4,5.0,0.608272506082725,0.02728637459806386,188,366,206,294,264,200
1776764056.8231962,8.064127865477664,-3,4,5.0,0.608272506082725,0.02728637459806386,188,366,206,294,264,200
1776764056.8769546,8.306238359643299,-3,4,5.0,0.608272506082725,0.02728637459806386,188,366,206,294,264,200
1776764056.933728,8.54687150789299,-3,4,5.0,0.608272506082725,0.02728637459806386,188,366,206,294,264,200
1776764056.9910374,8.815061452367896,-3,4,5.0,0.608272506082725,0.02728637459806386,188,366,206,294,264,200
1776764057.048155,9.098518435710368,-3,4,5.0,0.608272506082725,0.02728637459806386,188,366,206,294,264,200
1776764057.105873,9.43555553071311,-3,4,5.0,0.608272506082725,0.02728637459806386,188,366,206,294,264,200
1776764057.163196,9.809666659213931,-3,4,5.0,0.608272506082725,0.02728637459806386,188,366,206,294,264,200
1776764057.2203827,10.21589999776418,-3,4,5.0,0.608272506082725,0.02728637459806386,188,366,206,294,264,200
1776764057.2735286,10.631769999329254,-3,4,5.0,0.608272506082725,0.02728637459806386,188,366,206,294,264,200
1776764057.3314438,11.043530999798774,-3,4,5.0,0.608272506082725,0.02728637459806386,188,366,206,294,264,200
1776764057.3880584,11.44005929993963,-3,4,5.0,0.608272506082725,0.02728637459806386,188,366,206,294,264,200
1776764057.4458385,11.81101778998189,-3,4,5.0,0.608272506082725,0.02728637459806386,188,366,206,294,264,200
1776764057.5028749,12.139305336994564,-3,4,5.0,0.608272506082725,0.02728637459806386,188,366,206,294,264,200
1776764057.5572944,12.447791601098368,-3,4,5.0,0.608272506082725,0.02728637459806386,188,366,206,294,264,200
1776764057.6142082,12.757337480329507,-3,4,5.0,0.608272506082725,0.02728637459806386,188,366,206,294,264,200
1776764057.6710424,13.053201244098851,-3,4,5.0,0.608272506082725,0.02728637459806386,188,366,206,294,264,200
1776764057.7283506,13.351960373229655,-3,4,5.0,0.608272506082725,0.02728637459806386,188,366,206,294,264,200
1776764057.785349,13.672588111968896,-3,4,5.0,0.608272506082725,0.02728637459806386,188,366,206,294,264,200
1776764057.8428247,13.971776433590668,-3,4,5.0,0.608272506082725,0.02728637459806386,188,366,206,294,264,200
1776764057.8964438,14.257532930077199,-3,4,5.0,0.608272506082725,0.02728637459806386,188,366,206,294,264,200
1776764057.9534597,14.54625987902316,-3,4,5.0,0.608272506082725,0.02728637459806386,188,366,206,294,264,200
1776764058.0112922,14.814877963706946,-3,4,5.0,0.608272506082725,0.02728637459806386,188,366,206,294,264,200
1776764058.0694826,15.084463389112084,-3,4,5.0,0.608272506082725,0.02728637459806386,188,366,206,294,264,200
1776764058.1259804,15.333339016733625,-3,4,5.0,0.608272506082725,0.02728637459806386,188,366,206,294,264,200
1776764058.17965,15.583001705020086,-3,4,5.0,0.608272506082725,0.02728637459806386,188,366,206,294,264,200
1776764058.2369268,15.818900511506026,-3,4,5.0,0.608272506082725,0.02728637459806386,188,366,206,294,264,200
1776764058.2934122,16.064670153451807,-3,4,5.0,0.608272506082725,0.02728637459806386,188,366,206,294,264,200
1776764058.3523648,16.29940104603554,-3,4,5.0,0.608272506082725,0.02728637459806386,188,366,206,294,264,200
1776764058.4084191,16.544820313810664,-3,4,5.0,0.608272506082725,0.02728637459806386,188,366,206,294,264,200
1776764058.4658818,16.800446094143197,-3,4,5.0,0.608272506082725,0.02728637459806386,188,366,206,294,264,200
1776764058.5190601,17.066133828242958,-3,4,5.0,0.608272506082725,0.02728637459806386,188,366,206,294,264,200
1776764058.5769272,17.362840148472888,-3,4,5.0,0.608272506082725,0.02728637459806386,188,366,206,294,264,200
1776764058.6337388,17.626852044541867,-3,4,5.0,0.608272506082725,0.02728637459806386,188,366,206,294,264,200
1776764058.6911452,17.916055613362563,-3,4,5.0,0.608272506082725,0.02728637459806386,188,366,206,294,264,200
1776764058.748413,18.22681668400877,-3,4,5.0,0.608272506082725,0.02728637459806386,188,366,206,294,264,200
1776764058.8018856,18.53004500520263,-3,4,5.0,0.608272506082725,0.02728637459806386,188,366,206,294,264,200
1776764058.8590708,18.81701350156079,-3,4,5.0,0.608272506082725,0.02728637459806386,188,366,206,294,264,200
1776764058.915856,19.106104050468236,-3,4,5.0,0.608272506082725,0.02728637459806386,188,366,206,294,264,200
1776764058.973631,19.38883121514047,-3,4,5.0,0.608272506082725,0.02728637459806386,188,366,206,294,264,200
1776764059.0309668,19.68364936454214,-3,4,5.0,0.608272506082725,0.02728637459806386,188,366,206,294,264,200
1776764059.0880475,19.90509480936264,-3,4,5.0,0.608272506082725,0.02728637459806386,188,366,206,294,264,200
1776764059.1416104,19.971528442808793,-3,4,5.0,0.608272506082725,0.02728637459806386,188,366,206,294,264,200
1776764059.1985624,19.99145853284264,-3,4,5.0,0.608272506082725,0.02728637459806386,188,366,206,294,264,200
1776764059.2559068,19.99743755985279,-3,4,5.0,0.608272506082725,0.02728637459806386,188,366,206,294,264,200
1776764059.3132195,19.999231267955835,-3,4,5.0,0.608272506082725,0.02728637459806386,188,366,206,294,264,200
1776764059.3713157,19.999769380386752,-3,4,5.0,0.608272506082725,0.02728637459806386,188,366,206,294,264,200
1776764059.4242873,19.999930814116027,-3,4,5.0,0.608272506082725,0.02728637459806386,188,366,206,294,264,200
1776764059.481816,19.999979244234808,-3,4,5.0,0.608272506082725,0.02728637459806386,188,366,206,294,264,200
1776764059.539325,19.999993773270443,-3,4,5.0,0.608272506082725,0.02728637459806386,188,366,206,294,264,200
1776764059.596638,19.999998131981133,-3,4,5.0,0.608272506082725,0.02728637459806386,188,366,206,294,264,200
1776764059.6540542,19.99999943959434,-3,4,5.0,0.608272506082725,0.02728637459806386,188,366,206,294,264,200
1776764059.7069137,19.999999831878302,-3,4,5.0,0.608272506082725,0.02728637459806386,188,366,206,294,264,200
1776764059.7641184,19.99999994956349,-3,4,5.0,0.608272506082725,0.02728637459806386,188,366,206,294,264,200
1776764059.8218274,19.99999998486905,-3,4,5.0,0.608272506082725,0.02728637459806386,188,366,206,294,264,200
1776764059.8786006,19.999999995460715,-3,4,5.0,0.608272506082725,0.02728637459806386,188,366,206,294,264,200
1776764059.9362655,19.999999998638216,-3,4,5.0,0.608272506082725,0.02728637459806386,188,366,206,294,264,200
1776764059.9933724,19.999999999591466,-3,4,5.0,0.608272506082725,0.02728637459806386,188,366,206,294,264,200
1776764060.0463674,19.99999999987744,-3,4,5.0,0.608272506082725,0.02728637459806386,188,366,206,294,264,200
1776764060.1037154,19.99999999996323,-3,4,5.0,0.608272506082725,0.02728637459806386,188,366,206,294,264,200
1776764060.1614985,19.99999999998897,-3,4,5.0,0.608272506082725,0.02728637459806386,188,366,206,294,264,200
1776764060.218749,19.99999999999669,-3,4,5.0,0.608272506082725,0.02728637459806386,188,366,206,294,264,200
1776764060.275726,19.999999999999005,-3,4,5.0,0.608272506082725,0.02728637459806386,188,366,206,294,264,200
1776764060.3295784,19.9999999999997,-3,4,5.0,0.608272506082725,0.02728637459806386,188,366,206,294,264,200
1776764060.3867931,19.99999999999991,-3,4,5.0,0.608272506082725,0.02728637459806386,188,366,206,294,264,200
1776764060.4442608,19.99999999999997,-3,4,5.0,0.608272506082725,0.02728637459806386,188,366,206,294,264,200
1776764060.501703,19.999999999999993,-3,4,5.0,0.608272506082725,0.02728637459806386,188,366,206,294,264,200
1776764060.5582972,19.999999999999996,-3,4,5.0,0.608272506082725,0.02728637459806386,188,366,206,294,264,200
1776764060.6168885,20.0,-3,4,5.0,0.608272506082725,0.02728637459806386,188,366,206,294,264,200
1776764060.6694624,20.0,-3,4,5.0,0.608272506082725,0.02728637459806386,188,366,206,294,264,200
1776764060.7266803,20.0,-3,4,5.0,0.608272506082725,0.02728637459806386,188,366,206,294,264,200
1776764060.7840216,20.0,-3,4,5.0,0.608272506082725,0.02728637459806386,188,366,206,294,264,200
1776764060.8419483,20.0,-3,4,5.0,0.608272506082725,0.02728637459806386,188,366,206,294,264,200
1776764060.898551,20.0,-3,4,5.0,0.608272506082725,0.02728637459806386,188,366,206,294,264,200
1776764060.952622,20.0,-3,4,5.0,0.608272506082725,0.02728637459806386,188,366,206,294,264,200
1776764061.0094569,20.0,-3,4,5.0,0.608272506082725,0.02728637459806386,188,366,206,294,264,200
1776764061.0668254,20.0,-3,4,5.0,0.608272506082725,0.02728637459806386,188,366,206,294,264,200
1776764061.1238606,20.0,-3,4,5.0,0.608272506082725,0.02728637459806386,188,366,206,294,264,200
1776764061.1812923,20.0,-3,4,5.0,0.608272506082725,0.02728637459806386,188,366,206,294,264,200
1776764061.2383482,20.0,-3,4,5.0,0.608272506082725,0.02728637459806386,188,366,206,294,264,200
1776764061.2917728,20.0,-3,4,5.0,0.608272506082725,0.02728637459806386,188,366,206,294,264,200
1776764061.3497446,20.0,-3,4,5.0,0.608272506082725,0.02728637459806386,188,366,206,294,264,200
1776764061.4062004,20.0,-3,4,5.0,0.608272506082725,0.02728637459806386,188,366,206,294,264,200
1776764061.4634671,20.0,-3,4,5.0,0.608272506082725,0.02728637459806386,188,366,206,294,264,200
1776764061.5207574,20.0,-3,4,5.0,0.608272506082725,0.02728637459806386,188,366,206,294,264,200
1776764061.5742667,20.0,-3,4,5.0,0.608272506082725,0.02728637459806386,188,366,206,294,264,200
1776764061.6320753,20.0,-3,4,5.0,0.608272506082725,0.02728637459806386,188,366,206,294,264,200
1776764061.689155,20.0,-3,4,5.0,0.608272506082725,0.02728637459806386,188,366,206,294,264,200
1776764061.74667,20.0,-3,4,5.0,0.608272506082725,0.02728637459806386,188,366,206,294,264,200
1776764061.8039896,20.0,-3,4,5.0,0.608272506082725,0.02728637459806386,188,366,206,294,264,200
1776764061.8570437,20.0,-3,4,5.0,0.608272506082725,0.02728637459806386,188,366,206,294,264,200
1776764061.9148479,20.0,-3,4,5.0,0.608272506082725,0.02728637459806386,188,366,206,294,264,200
1776764061.9721444,20.0,-3,4,5.0,0.608272506082725,0.02728637459806386,188,366,206,294,264,200
1776764062.0298672,20.0,-3,4,5.0,0.608272506082725,0.02728637459806386,188,366,206,294,264,200
1776764062.0862083,20.0,-3,4,5.0,0.608272506082725,0.02728637459806386,188,366,206,294,264,200
1776764062.1444545,20.0,-3,4,5.0,0.608272506082725,0.02728637459806386,188,366,206,294,264,200
1776764062.1968703,20.0,-3,4,5.0,0.608272506082725,0.02728637459806386,188,366,206,294,264,200
1776764062.2545092,20.0,-3,4,5.0,0.608272506082725,0.02728637459806386,188,366,206,294,264,200
1776764062.3115315,20.0,-3,4,5.0,0.608272506082725,0.02728637459806386,188,366,206,294,264,200
1776764062.3705533,20.0,-3,4,5.0,0.608272506082725,0.02728637459806386,188,366,206,294,264,200
1776764062.426279,20.0,-3,4,5.0,0.608272506082725,0.02728637459806386,188,366,206,294,264,200
1776764062.480487,20.0,-3,4,5.0,0.608272506082725,0.02728637459806386,188,366,206,294,264,200
1776764062.537315,20.0,-3,4,5.0,0.608272506082725,0.02728637459806386,188,366,206,294,264,200
1776764062.5945113,20.0,-3,4,5.0,0.608272506082725,0.02728637459806386,188,366,206,294,264,200
1776764062.6521077,20.0,-3,4,5.0,0.608272506082725,0.02728637459806386,188,366,206,294,264,200
1776764062.7092934,20.0,-3,4,5.0,0.608272506082725,0.02728637459806386,188,366,206,294,264,200
1776764062.7663503,20.0,-3,4,5.0,0.608272506082725,0.02728637459806386,188,366,206,294,264,200
1776764062.8196437,20.0,-3,4,5.0,0.608272506082725,0.02728637459806386,188,366,206,294,264,200
1776764062.8771017,20.0,-3,4,5.0,0.608272506082725,0.02728637459806386,188,366,206,294,264,200
1776764062.9348035,20.0,-3,4,5.0,0.608272506082725,0.02728637459806386,188,366,206,294,264,200
1776764062.9923658,20.0,-3,4,5.0,0.608272506082725,0.02728637459806386,188,366,206,294,264,200
1776764063.0484257,20.0,-3,4,5.0,0.608272506082725,0.02728637459806386,188,366,206,294,264,200
1776764063.1025112,20.0,-3,4,5.0,0.608272506082725,0.02728637459806386,188,366,206,294,264,200
1776764063.1593807,20.0,-3,4,5.0,0.608272506082725,0.02728637459806386,188,366,206,294,264,200
1776764063.2171178,20.0,-3,4,5.0,0.608272506082725,0.02728637459806386,188,366,206,294,264,200
1776764063.274586,20.0,-3,4,5.0,0.608272506082725,0.02728637459806386,188,366,206,294,264,200
1776764063.3311162,20.0,-3,4,5.0,0.608272506082725,0.02728637459806386,188,366,206,294,264,200
1776764063.3889475,20.0,-3,4,5.0,0.608272506082725,0.02728637459806386,188,366,206,294,264,200
1776764063.442361,20.0,-3,4,5.0,0.608272506082725,0.02728637459806386,188,366,206,294,264,200
1776764063.5001247,20.0,-3,4,5.0,0.608272506082725,0.02728637459806386,188,366,206,294,264,200
1776764063.557204,20.0,-3,4,5.0,0.608272506082725,0.02728637459806386,188,366,206,294,264,200
1776764063.6147127,20.0,-3,4,5.0,0.608272506082725,0.02728637459806386,188,366,206,294,264,200
1776764063.6713982,20.0,-3,4,5.0,0.608272506082725,0.02728637459806386,188,366,206,294,264,200
1776764063.7244747,20.0,-3,4,5.0,0.608272506082725,0.02728637459806386,188,366,206,294,264,200
1776764063.7817202,20.0,-3,4,5.0,0.608272506082725,0.02728637459806386,188,366,206,294,264,200
1776764063.8392665,20.0,-3,4,5.0,0.608272506082725,0.02728637459806386,188,366,206,294,264,200
1776764063.896794,20.0,-3,4,5.0,0.608272506082725,0.02728637459806386,188,366,206,294,264,200
1776764063.953717,20.0,-3,4,5.0,0.608272506082725,0.02728637459806386,188,366,206,294,264,200
1776764064.0074959,20.0,-3,4,5.0,0.608272506082725,0.02728637459806386,188,366,206,294,264,200
1776764064.0649107,20.0,-3,4,5.0,0.608272506082725,0.02728637459806386,188,366,206,294,264,200
1776764064.1222093,20.0,-3,4,5.0,0.608272506082725,0.02728637459806386,188,366,206,294,264,200
1776764064.179461,20.0,-3,4,5.0,0.608272506082725,0.02728637459806386,188,366,206,294,264,200
1776764064.236748,20.0,-3,4,5.0,0.608272506082725,0.02728637459806386,188,366,206,294,264,200
1776764064.2939131,20.0,-3,4,5.0,0.608272506082725,0.02728637459806386,188,366,206,294,264,200
1776764064.3478062,20.0,-3,4,5.0,0.608272506082725,0.02728637459806386,188,366,206,294,264,200
1776764064.4047241,20.0,-3,4,5.0,0.608272506082725,0.02728637459806386,188,366,206,294,264,200
1776764064.46313,20.0,-3,4,5.0,0.608272506082725,0.02728637459806386,188,366,206,294,264,200
1776764064.519462,20.0,-3,4,5.0,0.608272506082725,0.02728637459806386,188,366,206,294,264,200
1776764064.5764887,20.0,-3,4,5.0,0.608272506082725,0.02728637459806386,188,366,206,294,264,200
1776764064.6296349,20.0,-3,4,5.0,0.608272506082725,0.02728637459806386,188,366,206,294,264,200
1776764064.6878374,20.0,-3,4,5.0,0.608272506082725,0.02728637459806386,188,366,206,294,264,200
1776764064.7450128,20.0,-3,4,5.0,0.608272506082725,0.02728637459806386,188,366,206,294,264,200
1776764064.8021712,20.0,-3,4,5.0,0.608272506082725,0.02728637459806386,188,366,206,294,264,200
1776764064.8592615,20.0,-3,4,5.0,0.608272506082725,0.02728637459806386,188,366,206,294,264,200
1776764064.9169006,20.0,-3,4,5.0,0.608272506082725,0.02728637459806386,188,366,206,294,264,200
1776764064.9709358,20.0,-3,4,5.0,0.608272506082725,0.02728637459806386,188,366,206,294,264,200
1776764065.027617,20.0,-3,4,5.0,0.608272506082725,0.02728637459806386,188,366,206,294,264,200
1776764065.0849414,20.0,-3,4,5.0,0.608272506082725,0.02728637459806386,188,366,206,294,264,200
1776764065.1426637,20.0,-3,4,5.0,0.608272506082725,0.02728637459806386,188,366,206,294,264,200
1776764065.1994476,20.0,-3,4,5.0,0.608272506082725,0.02728637459806386,188,366,206,294,264,200
1776764065.2538846,20.0,-3,4,5.0,0.608272506082725,0.02728637459806386,188,366,206,294,264,200
1776764065.3101757,20.0,-3,4,5.0,0.608272506082725,0.02728637459806386,188,366,206,294,264,200
1776764065.3672414,20.0,-3,4,5.0,0.608272506082725,0.02728637459806386,188,366,206,294,264,200
1776764065.424562,20.0,-3,4,5.0,0.608272506082725,0.02728637459806386,188,366,206,294,264,200
1776764065.4821653,20.0,-3,4,5.0,0.608272506082725,0.02728637459806386,188,366,206,294,264,200
1776764065.5395713,20.0,-3,4,5.0,0.608272506082725,0.02728637459806386,188,366,206,294,264,200
1776764065.5926197,20.0,-3,4,5.0,0.608272506082725,0.02728637459806386,188,366,206,294,264,200
1776764065.6498003,20.0,-3,4,5.0,0.608272506082725,0.02728637459806386,188,366,206,294,264,200
1776764065.7070339,20.0,-3,4,5.0,0.608272506082725,0.02728637459806386,188,366,206,294,264,200
1776764065.764658,20.0,-3,4,5.0,0.608272506082725,0.02728637459806386,188,366,206,294,264,200
1776764065.821329,20.0,-3,4,5.0,0.608272506082725,0.02728637459806386,188,366,206,294,264,200
1776764065.874748,20.0,-3,4,5.0,0.608272506082725,0.02728637459806386,188,366,206,294,264,200
1776764065.9320538,20.0,-3,4,5.0,0.608272506082725,0.02728637459806386,188,366,206,294,264,200
1776764065.9897141,20.0,-3,4,5.0,0.608272506082725,0.02728637459806386,188,366,206,294,264,200
1776764066.0467067,20.0,-3,4,5.0,0.608272506082725,0.02728637459806386,188,366,206,294,264,200
1776764066.1039896,20.0,-3,4,5.0,0.608272506082725,0.02728637459806386,188,366,206,294,264,200
1776764066.157378,20.0,-3,4,5.0,0.608272506082725,0.02728637459806386,188,366,206,294,264,200
1776764066.2146785,20.0,-3,4,5.0,0.608272506082725,0.02728637459806386,188,366,206,294,264,200
1776764066.2722013,20.0,-3,4,5.0,0.608272506082725,0.02728637459806386,188,366,206,294,264,200
1776764066.3293364,20.0,-3,4,5.0,0.608272506082725,0.02728637459806386,188,366,206,294,264,200
1776764066.3871245,20.0,-3,4,5.0,0.608272506082725,0.02728637459806386,188,366,206,294,264,200
1776764066.4442363,20.0,-3,4,5.0,0.608272506082725,0.02728637459806386,188,366,206,294,264,200
1776764066.497417,20.0,-3,4,5.0,0.608272506082725,0.02728637459806386,188,366,206,294,264,200
1776764066.5554163,20.0,-3,4,5.0,0.608272506082725,0.02728637459806386,188,366,206,294,264,200
1776764066.6121962,20.0,-3,4,5.0,0.608272506082725,0.02728637459806386,188,366,206,294,264,200
1776764066.6700573,20.0,-3,4,5.0,0.608272506082725,0.02728637459806386,188,366,206,294,264,200
1776764066.7268672,20.0,-3,4,5.0,0.608272506082725,0.02728637459806386,188,366,206,294,264,200
1776764066.7804058,20.0,-3,4,5.0,0.608272506082725,0.02728637459806386,188,366,206,294,264,200
1776764066.837409,20.0,-3,4,5.0,0.608272506082725,0.02728637459806386,188,366,206,294,264,200
1776764066.895151,20.0,-3,4,5.0,0.608272506082725,0.02728637459806386,188,366,206,294,264,200
1776764066.952841,20.0,-3,4,5.0,0.608272506082725,0.02728637459806386,188,366,206,294,264,200
1776764067.0099666,20.0,-3,4,5.0,0.608272506082725,0.02728637459806386,188,366,206,294,264,200
1776764067.0671346,20.0,-3,4,5.0,0.608272506082725,0.02728637459806386,188,366,206,294,264,200
1776764067.120103,20.0,-3,4,5.0,0.608272506082725,0.02728637459806386,188,366,206,294,264,200
1776764067.1776829,20.0,-3,4,5.0,0.608272506082725,0.02728637459806386,188,366,206,294,264,200
1776764067.2347872,20.0,-3,4,5.0,0.608272506082725,0.02728637459806386,188,366,206,294,264,200
1776764067.2922902,20.0,-3,4,5.0,0.608272506082725,0.02728637459806386,188,366,206,294,264,200
1776764067.3493776,20.0,-3,4,5.0,0.608272506082725,0.02728637459806386,188,366,206,294,264,200
1776764067.4030113,20.0,-3,4,5.0,0.608272506082725,0.02728637459806386,188,366,206,294,264,200
1776764067.460789,20.0,-3,4,5.0,0.608272506082725,0.02728637459806386,188,366,206,294,264,200
1776764067.517622,20.0,-3,4,5.0,0.608272506082725,0.02728637459806386,188,366,206,294,264,200
1776764067.5752006,20.0,-3,4,5.0,0.608272506082725,0.02728637459806386,188,366,206,294,264,200
1776764067.6324801,20.0,-3,4,5.0,0.608272506082725,0.02728637459806386,188,366,206,294,264,200
1776764067.6896925,20.0,-3,4,5.0,0.608272506082725,0.02728637459806386,188,366,206,294,264,200
1776764067.7429638,20.0,-3,4,5.0,0.608272506082725,0.02728637459806386,188,366,206,294,264,200
1776764067.8003404,20.0,-3,4,5.0,0.608272506082725,0.02728637459806386,188,366,206,294,264,200
1776764067.857378,20.0,-3,4,5.0,0.608272506082725,0.02728637459806386,188,366,206,294,264,200
1776764067.9153109,20.0,-3,4,5.0,0.608272506082725,0.02728637459806386,188,366,206,294,264,200
1776764067.9720879,20.0,-3,4,5.0,0.608272506082725,0.02728637459806386,188,366,206,294,264,200
1776764068.0259333,20.0,-3,4,5.0,0.608272506082725,0.02728637459806386,188,366,206,294,264,200
1776764068.0830958,20.0,-3,4,5.0,0.608272506082725,0.02728637459806386,188,366,206,294,264,200
1776764068.1401002,20.0,-3,4,5.0,0.608272506082725,0.02728637459806386,188,366,206,294,264,200
1776764068.1971743,20.0,-3,4,5.0,0.608272506082725,0.02728637459806386,188,366,206,294,264,200
1776764068.2543015,20.0,-3,4,5.0,0.608272506082725,0.02728637459806386,188,366,206,294,264,200
1776764068.311775,20.0,-3,4,5.0,0.608272506082725,0.02728637459806386,188,366,206,294,264,200
1776764068.3657594,20.0,-3,4,5.0,0.608272506082725,0.02728637459806386,188,366,206,294,264,200
1776764068.4226475,20.0,-3,4,5.0,0.608272506082725,0.02728637459806386,188,366,206,294,264,200
1776764068.4802592,20.0,-3,4,5.0,0.608272506082725,0.02728637459806386,188,366,206,294,264,200
1776764068.5377624,20.0,-3,4,5.0,0.608272506082725,0.02728637459806386,188,366,206,294,264,200
1776764068.594454,20.0,-3,4,5.0,0.608272506082725,0.02728637459806386,188,366,206,294,264,200
1776764068.648289,20.0,-3,4,5.0,0.608272506082725,0.02728637459806386,188,366,206,294,264,200
1776764068.7050474,20.0,-3,4,5.0,0.608272506082725,0.02728637459806386,188,366,206,294,264,200
1776764068.762843,20.0,-3,4,5.0,0.608272506082725,0.02728637459806386,188,366,206,294,264,200
1776764068.8195438,20.0,-3,4,5.0,0.608272506082725,0.02728637459806386,188,366,206,294,264,200
1776764068.877371,20.0,-3,4,5.0,0.608272506082725,0.02728637459806386,188,366,206,294,264,200
1776764068.9302633,20.0,-3,4,5.0,0.608272506082725,0.02728637459806386,188,366,206,294,264,200
1776764068.987962,20.0,-3,4,5.0,0.608272506082725,0.02728637459806386,188,366,206,294,264,200
1776764069.0459197,20.0,-3,4,5.0,0.608272506082725,0.02728637459806386,188,366,206,294,264,200
1776764069.1031702,20.0,-2,4,4.47213595499958,0.544055468978051,0.027879698609020422,188,366,206,294,265,200
1776764069.1599593,20.0,-2,4,4.47213595499958,0.544055468978051,0.027879698609020422,188,366,206,294,265,200
1776764069.217161,20.0,-2,4,4.47213595499958,0.544055468978051,0.027879698609020422,188,366,206,294,265,200
1776764069.270391,20.0,-2,4,4.47213595499958,0.544055468978051,0.027879698609020422,188,366,206,294,265,200
1776764069.3280053,20.0,-2,4,4.47213595499958,0.544055468978051,0.027879698609020422,188,366,206,294,265,200
1776764069.3853068,20.0,-2,4,4.47213595499958,0.544055468978051,0.027879698609020422,188,366,206,294,265,200
1776764069.442603,20.0,-2,4,4.47213595499958,0.544055468978051,0.027879698609020422,188,366,206,294,265,200
1776764069.5001206,20.0,-2,4,4.47213595499958,0.544055468978051,0.027879698609020422,188,366,206,294,265,200
1776764069.5532544,20.0,-2,4,4.47213595499958,0.544055468978051,0.027879698609020422,188,366,206,294,265,200
1776764069.6107447,20.0,-2,4,4.47213595499958,0.544055468978051,0.027879698609020422,188,366,206,294,265,200
1776764069.6681166,20.0,-2,4,4.47213595499958,0.544055468978051,0.027879698609020422,188,366,206,294,265,200
1776764069.7253664,20.0,-2,4,4.47213595499958,0.544055468978051,0.027879698609020422,188,366,206,294,265,200
1776764069.782318,20.0,-2,3,3.605551275463989,0.43863154202724924,0.02733778307702811,188,366,206,294,265,199
1776764069.8398116,20.0,-2,3,3.605551275463989,0.43863154202724924,0.02733778307702811,188,366,206,294,265,199
1776764069.8933928,20.0,-2,3,3.605551275463989,0.43863154202724924,0.02733778307702811,188,366,206,294,265,199
1776764069.9505768,20.0,-2,3,3.605551275463989,0.43863154202724924,0.02733778307702811,188,366,206,294,265,199
1776764070.008,20.0,-2,3,3.605551275463989,0.43863154202724924,0.02733778307702811,188,366,206,294,265,199
1776764070.0650263,20.0,-2,3,3.605551275463989,0.43863154202724924,0.02733778307702811,188,366,206,294,265,199
1776764070.122638,20.0,-2,2,2.8284271247461903,0.3440908910883443,0.026806517619866556,188,366,206,294,265,198
1776764070.1765354,20.0,-2,2,2.8284271247461903,0.3440908910883443,0.026806517619866556,188,366,206,294,265,198
1776764070.2331288,20.0,0,2,2.0,0.24330900243309,0.02738204592614952,188,366,206,294,266,198
1776764070.2906704,20.0,0,2,2.0,0.24330900243309,0.02738204592614952,188,366,206,294,266,198
1776764070.3479645,20.0,0,2,2.0,0.24330900243309,0.02738204592614952,188,366,206,294,266,198
1776764070.4050941,20.0,0,2,2.0,0.24330900243309,0.02738204592614952,188,366,206,294,266,198
1776764070.4619234,20.0,0,2,2.0,0.24330900243309,0.02738204592614952,188,366,206,294,266,198
1776764070.5164576,20.0,0,2,2.0,0.24330900243309,0.02738204592614952,188,366,206,294,266,198
1776764070.573097,20.0,0,2,2.0,0.24330900243309,0.02738204592614952,188,366,206,294,266,198
1776764070.6301575,20.0,0,2,2.0,0.24330900243309,0.02738204592614952,188,366,206,294,266,198
1776764070.687428,20.0,0,2,2.0,0.24330900243309,0.02738204592614952,188,366,206,294,266,198
1776764070.7450428,20.0,0,2,2.0,0.24330900243309,0.02738204592614952,188,366,206,294,266,198
1776764070.7985106,20.0,0,2,2.0,0.24330900243309,0.02738204592614952,188,366,206,294,266,198
1776764070.855701,20.0,0,2,2.0,0.24330900243309,0.02738204592614952,188,366,206,294,266,198
1776764070.9130208,20.0,0,2,2.0,0.24330900243309,0.02738204592614952,188,366,206,294,266,198
1776764070.970493,20.0,0,2,2.0,0.24330900243309,0.02738204592614952,188,366,206,294,266,198
1776764071.0277078,20.0,0,2,2.0,0.24330900243309,0.02738204592614952,188,366,206,294,266,198
1776764071.0850716,20.0,0,2,2.0,0.24330900243309,0.02738204592614952,188,366,206,294,266,198
1776764071.138068,20.0,0,2,2.0,0.24330900243309,0.02738204592614952,188,366,206,294,266,198
1776764071.1954331,20.0,0,2,2.0,0.24330900243309,0.02738204592614952,188,366,206,294,266,198
1776764071.2543192,20.0,0,2,2.0,0.24330900243309,0.02738204592614952,188,366,206,294,266,198
1776764071.310405,20.0,0,2,2.0,0.24330900243309,0.02738204592614952,188,366,206,294,266,198
1776764071.3675961,20.0,0,2,2.0,0.24330900243309,0.02738204592614952,188,366,206,294,266,198
1776764071.4205852,20.0,0,2,2.0,0.24330900243309,0.02738204592614952,188,366,206,294,266,198
1776764071.4783938,20.0,0,2,2.0,0.24330900243309,0.02738204592614952,188,366,206,294,266,198
1776764071.536674,20.0,0,2,2.0,0.24330900243309,0.02738204592614952,188,366,206,294,266,198
1776764071.5925472,20.0,0,2,2.0,0.24330900243309,0.02738204592614952,188,366,206,294,266,198
1776764071.6502573,20.0,0,2,2.0,0.24330900243309,0.02738204592614952,188,366,206,294,266,198
1776764071.7076707,20.0,0,2,2.0,0.24330900243309,0.02738204592614952,188,366,206,294,266,198
1776764071.7607958,20.0,0,2,2.0,0.24330900243309,0.02738204592614952,188,366,206,294,266,198
1776764071.818832,20.0,0,2,2.0,0.24330900243309,0.02738204592614952,188,366,206,294,266,198
1776764071.875462,20.0,0,2,2.0,0.24330900243309,0.02738204592614952,188,366,206,294,266,198
1776764071.9331396,20.0,0,2,2.0,0.24330900243309,0.02738204592614952,188,366,206,294,266,198
1776764071.9901469,20.0,0,2,2.0,0.24330900243309,0.02738204592614952,188,366,206,294,266,198
1776764072.0439594,20.0,0,0,0.0,0.0,0.026857844206633535,188,366,206,294,266,197
1776764072.1033707,20.0,0,0,0.0,0.0,0.026857844206633535,188,366,206,294,266,197
1776764072.1583107,20.0,0,0,0.0,0.0,0.026857844206633535,188,366,206,294,266,197
1776764072.2151577,20.0,0,0,0.0,0.0,0.026857844206633535,188,366,206,294,266,197
1776764072.2731845,20.0,0,0,0.0,0.0,0.026857844206633535,188,366,206,294,266,197
1776764072.3258748,20.0,0,0,0.0,0.0,0.026857844206633535,188,366,206,294,266,197
1776764072.383662,20.0,0,0,0.0,0.0,0.026857844206633535,188,366,206,294,266,197
1776764072.4410233,20.0,0,0,0.0,0.0,0.026857844206633535,188,366,206,294,266,197
1776764072.497856,20.0,0,0,0.0,0.0,0.026857844206633535,188,366,206,294,266,197
1776764072.5556118,20.0,0,0,0.0,0.0,0.026857844206633535,188,366,206,294,266,197
1776764072.613189,20.0,0,0,0.0,0.0,0.026857844206633535,188,366,206,294,266,197
1776764072.6664174,20.0,0,0,0.0,0.0,0.026857844206633535,188,366,206,294,266,197
1776764072.7231538,20.0,0,0,0.0,0.0,0.026857844206633535,188,366,206,294,266,197
1776764072.7803168,20.0,0,0,0.0,0.0,0.026857844206633535,188,366,206,294,266,197
1776764072.8379254,20.0,0,0,0.0,0.0,0.026857844206633535,188,366,206,294,266,197
1776764072.8954716,20.0,0,0,0.0,0.0,0.026857844206633535,188,366,206,294,266,197
1776764072.9554431,20.0,0,0,0.0,0.0,0.026857844206633535,188,366,206,294,266,197
1776764073.0061877,20.0,0,0,0.0,0.0,0.026857844206633535,188,366,206,294,266,197
1776764073.063723,20.0,0,0,0.0,0.0,0.026857844206633535,188,366,206,294,266,197
1776764073.121,20.0,0,0,0.0,0.0,0.026857844206633535,188,366,206,294,266,197
1776764073.1782067,20.0,0,0,0.0,0.0,0.026857844206633535,188,366,206,294,266,197
1776764073.2356155,20.0,0,0,0.0,0.0,0.026857844206633535,188,366,206,294,266,197
1776764073.2883584,20.0,0,0,0.0,0.0,0.026857844206633535,188,366,206,294,266,197
1776764073.3460572,20.0,0,0,0.0,0.0,0.026857844206633535,188,366,206,294,266,197
1776764073.403034,20.0,0,0,0.0,0.0,0.026857844206633535,188,366,206,294,266,197
1776764073.461564,20.0,0,0,0.0,0.0,0.026857844206633535,188,366,206,294,266,197
1776764073.5182981,20.0,0,0,0.0,0.0,0.026857844206633535,188,366,206,294,266,197
1776764073.571061,20.0,0,0,0.0,0.0,0.026857844206633535,188,366,206,294,266,197
1776764073.6284087,20.0,0,0,0.0,0.0,0.026857844206633535,188,366,206,294,266,197
1776764073.6859329,20.0,0,0,0.0,0.0,0.026857844206633535,188,366,206,294,266,197
1776764073.743434,20.0,0,0,0.0,0.0,0.026857844206633535,188,366,206,294,266,197
1776764073.8005939,20.0,0,0,0.0,0.0,0.026857844206633535,188,366,206,294,266,197
1776764073.8579113,20.0,0,0,0.0,0.0,0.026857844206633535,188,366,206,294,266,197
1776764073.9111083,20.0,0,0,0.0,0.0,0.026857844206633535,188,366,206,294,266,197
1776764073.9682434,20.0,0,0,0.0,0.0,0.026857844206633535,188,366,206,294,266,197
1776764074.025391,20.0,0,0,0.0,0.0,0.026857844206633535,188,366,206,294,266,197
1776764074.0833228,20.0,0,0,0.0,0.0,0.026857844206633535,188,366,206,294,266,197
1776764074.1405027,20.0,0,0,0.0,0.0,0.026857844206633535,188,366,206,294,266,197
1776764074.1935194,20.0,0,0,0.0,0.0,0.026857844206633535,188,366,206,294,266,197
1776764074.2508183,20.0,0,0,0.0,0.0,0.026857844206633535,188,366,206,294,266,197
1776764074.3083754,20.0,0,0,0.0,0.0,0.026857844206633535,188,366,206,294,266,197
1776764074.3659627,20.0,0,0,0.0,0.0,0.026857844206633535,188,366,206,294,266,197
1776764074.4227269,20.0,0,0,0.0,0.0,0.026857844206633535,188,366,206,294,266,197
1776764074.4800346,20.0,0,0,0.0,0.0,0.026857844206633535,188,366,206,294,266,197
1776764074.5339475,20.0,0,0,0.0,0.0,0.026857844206633535,188,366,206,294,266,197
1776764074.5909636,20.0,0,0,0.0,0.0,0.026857844206633535,188,366,206,294,266,197
1776764074.648548,20.0,0,0,0.0,0.0,0.026857844206633535,188,366,206,294,266,197
1776764074.7053542,20.0,0,0,0.0,0.0,0.026857844206633535,188,366,206,294,266,197
1776764074.7634885,20.0,0,0,0.0,0.0,0.026857844206633535,188,366,206,294,266,197
1776764074.8160064,20.0,0,0,0.0,0.0,0.026857844206633535,188,366,206,294,266,197
1776764074.8733246,20.0,0,0,0.0,0.0,0.026857844206633535,188,366,206,294,266,197
1776764074.930791,20.0,0,0,0.0,0.0,0.026857844206633535,188,366,206,294,266,197
1776764074.987915,20.0,0,0,0.0,0.0,0.026857844206633535,188,366,206,294,266,197
1776764075.0452604,20.0,0,0,0.0,0.0,0.026857844206633535,188,366,206,294,266,197
1776764075.102974,20.0,0,0,0.0,0.0,0.026343787037975894,188,366,206,294,266,196
1776764075.156258,20.0,0,0,0.0,0.0,0.026343787037975894,188,366,206,294,266,196
1776764075.2133422,20.0,0,0,0.0,0.0,0.026343787037975894,188,366,206,294,266,196
1776764075.270653,20.0,0,0,0.0,0.0,0.026343787037975894,188,366,206,294,266,196
1776764075.3279955,20.0,0,0,0.0,0.0,0.026902308057098673,188,366,206,294,267,196
1776764075.385261,20.0,0,0,0.0,0.0,0.026902308057098673,188,366,206,294,267,196
1776764075.4396787,20.0,0,0,0.0,0.0,0.026394949970738713,188,366,206,294,267,195
1776764075.4958935,20.0,0,0,0.0,0.0,0.026394949970738713,188,366,206,294,267,195
1776764075.5537875,20.0,0,0,0.0,0.0,0.026394949970738713,188,366,206,294,267,195
1776764075.6105466,20.0,0,0,0.0,0.0,0.026394949970738713,188,366,206,294,267,195
1776764075.6685073,20.0,0,0,0.0,0.0,0.026394949970738713,188,366,206,294,267,195
1776764075.7213066,20.0,0,0,0.0,0.0,0.026394949970738713,188,366,206,294,267,195
1776764075.7785873,20.0,0,0,0.0,0.0,0.026394949970738713,188,366,206,294,267,195
1776764075.8357437,20.0,0,0,0.0,0.0,0.027040546714829743,188,366,206,293,267,195
1776764075.8940127,20.0,0,0,0.0,0.0,0.027040546714829743,188,366,206,293,267,195
1776764075.950495,20.0,0,0,0.0,0.0,0.027040546714829743,188,366,206,293,267,195
1776764076.0077658,20.0,0,0,0.0,0.0,0.027040546714829743,188,366,206,293,267,195
1776764076.06118,20.0,0,-2,2.0,0.24330900243309,0.026535216975701565,188,366,206,293,267,194
1776764076.1184971,20.0,0,-2,2.0,0.24330900243309,0.026535216975701565,188,366,206,293,267,194
1776764076.1766355,20.0,0,-2,2.0,0.24330900243309,0.026535216975701565,188,366,206,293,267,194
1776764076.2333162,20.0,0,-2,2.0,0.24330900243309,0.026535216975701565,188,366,206,293,267,194
1776764076.2909186,20.0,0,-2,2.0,0.24330900243309,0.026535216975701565,188,366,206,293,267,194
1776764076.3441687,20.0,0,-2,2.0,0.24330900243309,0.026535216975701565,188,366,206,293,267,194
1776764076.4011652,20.0,0,-2,2.0,0.24330900243309,0.026535216975701565,188,366,206,293,267,194
1776764076.4589868,20.0,0,-2,2.0,0.24330900243309,0.026535216975701565,188,366,206,293,267,194
1776764076.5156813,20.0,0,-2,2.0,0.24330900243309,0.026535216975701565,188,366,206,293,267,194
1776764076.5730264,20.0,0,-2,2.0,0.24330900243309,0.026535216975701565,188,366,206,293,267,194
1776764076.6303785,20.0,0,-2,2.0,0.24330900243309,0.026535216975701565,188,366,206,293,267,194
1776764076.683939,20.0,0,-2,2.0,0.24330900243309,0.026535216975701565,188,366,206,293,267,194
1776764076.7411644,20.0,0,-2,2.0,0.24330900243309,0.026535216975701565,188,366,206,293,267,194
1776764076.7991548,20.0,0,-2,2.0,0.24330900243309,0.026535216975701565,188,366,206,293,267,194
1776764076.8560507,20.0,0,-2,2.0,0.24330900243309,0.026535216975701565,188,366,206,293,267,194
1776764076.9133155,20.0,0,-2,2.0,0.24330900243309,0.026535216975701565,188,366,206,293,267,194
1776764076.9671528,20.0,0,-2,2.0,0.24330900243309,0.026535216975701565,188,366,206,293,267,194
1776764077.0237806,20.0,0,-2,2.0,0.24330900243309,0.026535216975701565,188,366,206,293,267,194
1776764077.0810332,20.0,0,-2,2.0,0.24330900243309,0.026535216975701565,188,366,206,293,267,194
1776764077.139108,20.0,0,-2,2.0,0.24330900243309,0.026535216975701565,188,366,206,293,267,194
1776764077.1956067,20.0,0,-2,2.0,0.24330900243309,0.026535216975701565,188,366,206,293,267,194
1776764077.2529583,20.0,0,-2,2.0,0.24330900243309,0.026535216975701565,188,366,206,293,267,194
1776764077.310288,20.0,0,-2,2.0,0.24330900243309,0.026535216975701565,188,366,206,293,267,194
1776764077.36361,20.0,0,-2,2.0,0.24330900243309,0.026535216975701565,188,366,206,293,267,194
1776764077.4209683,20.0,0,-2,2.0,0.24330900243309,0.026535216975701565,188,366,206,293,267,194
1776764077.4784844,20.0,0,-2,2.0,0.24330900243309,0.026535216975701565,188,366,206,293,267,194
1776764077.5358331,20.0,0,-2,2.0,0.24330900243309,0.026535216975701565,188,366,206,293,267,194
1776764077.5929537,20.0,0,-2,2.0,0.24330900243309,0.026535216975701565,188,366,206,293,267,194
1776764077.6502101,20.0,0,-2,2.0,0.24330900243309,0.026535216975701565,188,366,206,293,267,194
1776764077.7036154,20.0,0,-2,2.0,0.24330900243309,0.026535216975701565,188,366,206,293,267,194
1776764077.7614038,20.0,0,-2,2.0,0.24330900243309,0.026535216975701565,188,366,206,293,267,194
1776764077.8184798,20.0,0,-2,2.0,0.24330900243309,0.026535216975701565,188,366,206,293,267,194
1776764077.8755753,20.0,0,-2,2.0,0.24330900243309,0.026535216975701565,188,366,206,293,267,194
1776764077.9329162,20.0,0,-2,2.0,0.24330900243309,0.026535216975701565,188,366,206,293,267,194
1776764077.9902215,20.0,0,-2,2.0,0.24330900243309,0.026535216975701565,188,366,206,293,267,194
1776764078.043595,20.0,0,-2,2.0,0.24330900243309,0.026535216975701565,188,366,206,293,267,194
1776764078.1010032,20.0,0,-2,2.0,0.24330900243309,0.026535216975701565,188,366,206,293,267,194
1776764078.159138,20.0,0,-2,2.0,0.24330900243309,0.026535216975701565,188,366,206,293,267,194
1776764078.2160683,20.0,0,-2,2.0,0.24330900243309,0.026535216975701565,188,366,206,293,267,194
1776764078.2727923,20.0,0,-2,2.0,0.24330900243309,0.026535216975701565,188,366,206,293,267,194
1776764078.330128,20.0,0,-2,2.0,0.24330900243309,0.026535216975701565,188,366,206,293,267,194
1776764078.3837447,20.0,0,-2,2.0,0.24330900243309,0.02485708703719566,188,366,207,293,267,194
1776764078.4409778,20.0,0,-2,2.0,0.24330900243309,0.02485708703719566,188,366,207,293,267,194
1776764078.4989302,20.0,0,-2,2.0,0.24330900243309,0.025412152881042798,188,366,207,293,268,194
1776764078.5563688,20.0,0,-2,2.0,0.24330900243309,0.025412152881042798,188,366,207,293,268,194
1776764078.6135738,20.0,0,-2,2.0,0.24330900243309,0.025412152881042798,188,366,207,293,268,194
1776764078.6661084,20.0,0,-2,2.0,0.24330900243309,0.025412152881042798,188,366,207,293,268,194
1776764078.723455,20.0,0,-2,2.0,0.24330900243309,0.025412152881042798,188,366,207,293,268,194
1776764078.7807488,20.0,0,-2,2.0,0.24330900243309,0.025412152881042798,188,366,207,293,268,194
1776764078.8383882,20.0,0,-2,2.0,0.24330900243309,0.025412152881042798,188,366,207,293,268,194
1776764078.8966272,20.0,0,-2,2.0,0.24330900243309,0.025412152881042798,188,366,207,293,268,194
1776764078.9532974,20.0,0,-2,2.0,0.24330900243309,0.025412152881042798,188,366,207,293,268,194
1776764079.0065997,20.0,0,-2,2.0,0.24330900243309,0.025412152881042798,188,366,207,293,268,194
1776764079.0637717,20.0,0,-2,2.0,0.24330900243309,0.025412152881042798,188,366,207,293,268,194
1776764079.1210601,20.0,0,-2,2.0,0.24330900243309,0.025412152881042798,188,366,207,293,268,194
1776764079.1785934,20.0,0,-2,2.0,0.24330900243309,0.025412152881042798,188,366,207,293,268,194
1776764079.2359326,20.0,0,-2,2.0,0.24330900243309,0.025412152881042798,188,366,207,293,268,194
1776764079.2932348,20.0,0,-2,2.0,0.24330900243309,0.025412152881042798,188,366,207,293,268,194
1776764079.346498,20.0,0,-2,2.0,0.24330900243309,0.025412152881042798,188,366,207,293,268,194
1776764079.404089,20.0,0,-2,2.0,0.24330900243309,0.025412152881042798,188,366,207,293,268,194
1776764079.4607773,20.0,0,-2,2.0,0.24330900243309,0.025412152881042798,188,366,207,293,268,194
1776764079.5179856,20.0,0,-2,2.0,0.24330900243309,0.025412152881042798,188,366,207,293,268,194
1776764079.575328,20.0,0,-2,2.0,0.24330900243309,0.025412152881042798,188,366,207,293,268,194
1776764079.6326244,20.0,0,-2,2.0,0.24330900243309,0.025412152881042798,188,366,207,293,268,194
1776764079.6861513,20.0,0,-2,2.0,0.24330900243309,0.025412152881042798,188,366,207,293,268,194
1776764079.743989,20.0,0,-2,2.0,0.24330900243309,0.025412152881042798,188,366,207,293,268,194
1776764079.8010437,20.0,0,-2,2.0,0.24330900243309,0.025412152881042798,188,366,207,293,268,194
1776764079.8584442,20.0,0,-2,2.0,0.24330900243309,0.025412152881042798,188,366,207,293,268,194
1776764079.9159768,20.0,0,-2,2.0,0.24330900243309,0.025412152881042798,188,366,207,293,268,194
1776764079.9738147,20.0,0,-2,2.0,0.24330900243309,0.025412152881042798,188,366,207,293,268,194
1776764080.0260236,20.0,0,-2,2.0,0.24330900243309,0.025412152881042798,188,366,207,293,268,194
1776764080.0833764,20.0,0,-2,2.0,0.24330900243309,0.025412152881042798,188,366,207,293,268,194
1776764080.1410139,20.0,0,-2,2.0,0.24330900243309,0.025412152881042798,188,366,207,293,268,194
1776764080.1982715,20.0,0,-2,2.0,0.24330900243309,0.025412152881042798,188,366,207,293,268,194
1776764080.255774,20.0,0,-2,2.0,0.24330900243309,0.025412152881042798,188,366,207,293,268,194
1776764080.3096197,20.0,0,-2,2.0,0.24330900243309,0.025412152881042798,188,366,207,293,268,194
1776764080.3663795,20.0,0,-2,2.0,0.24330900243309,0.025412152881042798,188,366,207,293,268,194
1776764080.4234195,20.0,0,-2,2.0,0.24330900243309,0.025412152881042798,188,366,207,293,268,194
1776764080.4809399,20.0,0,-2,2.0,0.24330900243309,0.025412152881042798,188,366,207,293,268,194
1776764080.5386572,20.0,0,-2,2.0,0.24330900243309,0.025412152881042798,188,366,207,293,268,194
1776764080.595745,20.0,0,-2,2.0,0.24330900243309,0.025412152881042798,188,366,207,293,268,194
1776764080.6491935,20.0,0,-2,2.0,0.24330900243309,0.025412152881042798,188,366,207,293,268,194
1776764080.70596,20.0,0,-2,2.0,0.24330900243309,0.025412152881042798,188,366,207,293,268,194
1776764080.7637,20.0,0,-2,2.0,0.24330900243309,0.025412152881042798,188,366,207,293,268,194
1776764080.8217251,20.0,0,-2,2.0,0.24330900243309,0.025412152881042798,188,366,207,293,268,194
1776764080.8782039,20.0,0,-2,2.0,0.24330900243309,0.025412152881042798,188,366,207,293,268,194
1776764080.935114,20.0,0,-2,2.0,0.24330900243309,0.025412152881042798,188,366,207,293,268,194
1776764080.9891195,20.0,0,-2,2.0,0.24330900243309,0.025412152881042798,188,366,207,293,268,194
1776764081.045761,20.0,0,-3,3.0,0.36496350364963503,0.02492165564569752,188,366,207,293,268,193
1776764081.1036713,20.0,0,-3,3.0,0.36496350364963503,0.02492165564569752,188,366,207,293,268,193
1776764081.1608062,20.0,0,-3,3.0,0.36496350364963503,0.02492165564569752,188,366,207,293,268,193
1776764081.2181115,20.0,0,-3,3.0,0.36496350364963503,0.02492165564569752,188,366,207,293,268,193
1776764081.2755206,20.0,0,-3,3.0,0.36496350364963503,0.02492165564569752,188,366,207,293,268,193
1776764081.3290052,20.0,0,-4,4.0,0.48661800486618,0.024440522928196144,188,366,207,293,268,192
1776764081.3864725,20.0,0,-4,4.0,0.48661800486618,0.024440522928196144,188,366,207,293,268,192
1776764081.4435637,20.0,0,-4,4.0,0.48661800486618,0.024440522928196144,188,366,207,293,268,192
1776764081.5004487,20.0,0,-4,4.0,0.48661800486618,0.024440522928196144,188,366,207,293,268,192
1776764081.5579245,20.0,0,-4,4.0,0.48661800486618,0.024440522928196144,188,366,207,293,268,192
1776764081.6110218,20.0,0,-4,4.0,0.48661800486618,0.024440522928196144,188,366,207,293,268,192
1776764081.6687582,20.0,0,-4,4.0,0.48661800486618,0.024440522928196144,188,366,207,293,268,192
1776764081.725601,20.0,0,-4,4.0,0.48661800486618,0.024440522928196144,188,366,207,293,268,192
1776764081.7829952,20.0,0,-4,4.0,0.48661800486618,0.024440522928196144,188,366,207,293,268,192
1776764081.840319,20.0,0,-4,4.0,0.48661800486618,0.024440522928196144,188,366,207,293,268,192
1776764081.8982322,20.0,0,-4,4.0,0.48661800486618,0.025074292375906297,188,366,207,292,268,192
1776764081.9515197,20.0,0,-4,4.0,0.48661800486618,0.025074292375906297,188,366,207,292,268,192
1776764082.0083244,20.0,0,-4,4.0,0.48661800486618,0.025074292375906297,188,366,207,292,268,192
1776764082.065664,20.0,0,-4,4.0,0.48661800486618,0.025074292375906297,188,366,207,292,268,192
1776764082.1235547,20.0,0,-4,4.0,0.48661800486618,0.025074292375906297,188,366,207,292,268,192
1776764082.1809978,20.0,0,-4,4.0,0.48661800486618,0.025074292375906297,188,366,207,292,268,192
1776764082.238212,20.0,0,-4,4.0,0.48661800486618,0.025074292375906297,188,366,207,292,268,192
1776764082.2916303,20.0,0,-4,4.0,0.48661800486618,0.025074292375906297,188,366,207,292,268,192
1776764082.3489678,20.0,0,-4,4.0,0.48661800486618,0.025074292375906297,188,366,207,292,268,192
1776764082.4063094,20.0,0,-4,4.0,0.48661800486618,0.025074292375906297,188,366,207,292,268,192
1776764082.4636316,20.0,0,-4,4.0,0.48661800486618,0.025074292375906297,188,366,207,292,268,192
1776764082.5205595,20.0,0,-4,4.0,0.48661800486618,0.025074292375906297,188,366,207,292,268,192
1776764082.5775006,20.0,0,-4,4.0,0.48661800486618,0.025074292375906297,188,366,207,292,268,192
1776764082.6310916,20.0,0,-4,4.0,0.48661800486618,0.025074292375906297,188,366,207,292,268,192
1776764082.689085,20.0,0,-4,4.0,0.48661800486618,0.025074292375906297,188,366,207,292,268,192
1776764082.745963,20.0,0,-4,4.0,0.48661800486618,0.025074292375906297,188,366,207,292,268,192
1776764082.80286,20.0,0,-4,4.0,0.48661800486618,0.025074292375906297,188,366,207,292,268,192
1776764082.8606477,20.0,0,-4,4.0,0.48661800486618,0.025074292375906297,188,366,207,292,268,192
1776764082.913806,20.0,0,-4,4.0,0.48661800486618,0.025074292375906297,188,366,207,292,268,192
1776764082.972301,20.0,0,-4,4.0,0.48661800486618,0.025074292375906297,188,366,207,292,268,192
1776764083.0291753,20.0,0,-4,4.0,0.48661800486618,0.025074292375906297,188,366,207,292,268,192
1776764083.0859742,20.0,0,-4,4.0,0.48661800486618,0.025074292375906297,188,366,207,292,268,192
1776764083.1435368,20.0,0,-4,4.0,0.48661800486618,0.025074292375906297,188,366,207,292,268,192
1776764083.200473,20.0,0,-4,4.0,0.48661800486618,0.025074292375906297,188,366,207,292,268,192
1776764083.2534902,20.0,0,-4,4.0,0.48661800486618,0.025074292375906297,188,366,207,292,268,192
1776764083.3113604,20.0,0,-4,4.0,0.48661800486618,0.025074292375906297,188,366,207,292,268,192
1776764083.3688872,20.0,0,-4,4.0,0.48661800486618,0.025074292375906297,188,366,207,292,268,192
1776764083.4260154,20.0,0,-4,4.0,0.48661800486618,0.025074292375906297,188,366,207,292,268,192
1776764083.483391,20.0,0,-4,4.0,0.48661800486618,0.025074292375906297,188,366,207,292,268,192
1776764083.5408704,20.0,0,-4,4.0,0.48661800486618,0.025074292375906297,188,366,207,292,268,192
1776764083.5934577,20.0,0,-4,4.0,0.48661800486618,0.025074292375906297,188,366,207,292,268,192
1776764083.6507785,20.0,0,-4,4.0,0.48661800486618,0.025074292375906297,188,366,207,292,268,192
1776764083.7090552,20.0,0,-4,4.0,0.48661800486618,0.025074292375906297,188,366,207,292,268,192
1776764083.7658684,20.0,0,-4,4.0,0.48661800486618,0.025074292375906297,188,366,207,292,268,192
1776764083.8231297,20.0,0,-4,4.0,0.48661800486618,0.025074292375906297,188,366,207,292,268,192
1776764083.8807883,20.0,0,-4,4.0,0.48661800486618,0.025074292375906297,188,366,207,292,268,192
1776764083.9340906,20.0,0,-4,4.0,0.48661800486618,0.025074292375906297,188,366,207,292,268,192
1776764083.990657,20.0,0,-4,4.0,0.48661800486618,0.025074292375906297,188,366,207,292,268,192
1776764084.0480366,20.0,0,-4,4.0,0.48661800486618,0.025074292375906297,188,366,207,292,268,192
1776764084.1055694,20.0,0,-4,4.0,0.48661800486618,0.025074292375906297,188,366,207,292,268,192
1776764084.1629536,20.0,0,-4,4.0,0.48661800486618,0.025074292375906297,188,366,207,292,268,192
1776764084.2164094,20.0,0,-4,4.0,0.48661800486618,0.025074292375906297,188,366,207,292,268,192
1776764084.2736983,20.0,0,-4,4.0,0.48661800486618,0.025074292375906297,188,366,207,292,268,192
1776764084.3314388,20.0,0,-4,4.0,0.48661800486618,0.025074292375906297,188,366,207,292,268,192
1776764084.3882926,20.0,0,-4,4.0,0.48661800486618,0.025074292375906297,188,366,207,292,268,192
1776764084.445774,20.0,0,-4,4.0,0.48661800486618,0.025074292375906297,188,366,207,292,268,192
1776764084.5029488,20.0,0,-4,4.0,0.48661800486618,0.025074292375906297,188,366,207,292,268,192
1776764084.5564349,20.0,0,-4,4.0,0.48661800486618,0.025074292375906297,188,366,207,292,268,192
1776764084.6137507,20.0,0,-4,4.0,0.48661800486618,0.025074292375906297,188,366,207,292,268,192
1776764084.6712494,20.0,0,-4,4.0,0.48661800486618,0.025074292375906297,188,366,207,292,268,192
1776764084.728468,20.0,0,-4,4.0,0.48661800486618,0.025074292375906297,188,366,207,292,268,192
1776764084.7855546,20.0,0,-4,4.0,0.48661800486618,0.025074292375906297,188,366,207,292,268,192
1776764084.8432114,20.0,0,-4,4.0,0.48661800486618,0.025074292375906297,188,366,207,292,268,192
1776764084.8963227,20.0,0,-4,4.0,0.48661800486618,0.025074292375906297,188,366,207,292,268,192
1776764084.9540105,20.0,0,-4,4.0,0.48661800486618,0.025074292375906297,188,366,207,292,268,192
1776764085.0112095,20.0,0,-4,4.0,0.48661800486618,0.025074292375906297,188,366,207,292,268,192
1776764085.0681057,20.0,0,-4,4.0,0.48661800486618,0.025074292375906297,188,366,207,292,268,192
1776764085.1252835,20.0,0,-4,4.0,0.48661800486618,0.025074292375906297,188,366,207,292,268,192
1776764085.1830297,20.0,0,-4,4.0,0.48661800486618,0.025074292375906297,188,366,207,292,268,192
1776764085.2362502,20.0,0,-4,4.0,0.48661800486618,0.025074292375906297,188,366,207,292,268,192
1776764085.2937298,20.0,0,-4,4.0,0.48661800486618,0.025074292375906297,188,366,207,292,268,192
1776764085.3508637,20.0,0,-4,4.0,0.48661800486618,0.025074292375906297,188,366,207,292,268,192
1776764085.4079506,20.0,0,-4,4.0,0.48661800486618,0.025074292375906297,188,366,207,292,268,192
1776764085.4654312,20.0,0,-4,4.0,0.48661800486618,0.025074292375906297,188,366,207,292,268,192
1776764085.5232675,20.0,0,-4,4.0,0.48661800486618,0.025074292375906297,188,366,207,292,268,192
1776764085.576269,20.0,0,-4,4.0,0.48661800486618,0.025074292375906297,188,366,207,292,268,192
1776764085.6337652,20.0,0,-4,4.0,0.48661800486618,0.025074292375906297,188,366,207,292,268,192
1776764085.691449,20.0,0,-4,4.0,0.48661800486618,0.025074292375906297,188,366,207,292,268,192
1776764085.7480438,20.0,0,-4,4.0,0.48661800486618,0.025074292375906297,188,366,207,292,268,192
1776764085.8050442,20.0,0,-5,5.0,0.608272506082725,0.02521835926964454,188,366,207,291,268,191
1776764085.8589056,20.0,0,-5,5.0,0.608272506082725,0.02521835926964454,188,366,207,291,268,191
1776764085.9162984,20.0,0,-5,5.0,0.608272506082725,0.02521835926964454,188,366,207,291,268,191
1776764085.9734507,20.0,0,-5,5.0,0.608272506082725,0.02521835926964454,188,366,207,291,268,191
1776764086.0306647,20.0,0,-6,6.0,0.7299270072992701,0.024740832121072965,188,366,207,291,268,190
1776764086.0882719,20.0,0,-6,6.0,0.7299270072992701,0.024740832121072965,188,366,207,291,268,190
1776764086.1451352,20.0,0,-6,6.0,0.7299270072992701,0.024740832121072965,188,366,207,291,268,190
1776764086.1984694,20.0,0,-6,6.0,0.7299270072992701,0.024740832121072965,188,366,207,291,268,190
1776764086.2557209,20.0,0,-6,6.0,0.7299270072992701,0.024740832121072965,188,366,207,291,268,190
1776764086.3130863,20.0,0,-6,6.0,0.7299270072992701,0.02535423736746471,188,366,207,290,268,190
1776764086.3708138,20.0,0,-6,6.0,0.7299270072992701,0.02535423736746471,188,366,207,290,268,190
1776764086.4283223,20.0,0,-6,6.0,0.7299270072992701,0.02535423736746471,188,366,207,290,268,190
1776764086.485121,20.0,0,-6,6.0,0.7299270072992701,0.02535423736746471,188,366,207,290,268,190
1776764086.5397635,20.0,0,-6,6.0,0.7299270072992701,0.02535423736746471,188,366,207,290,268,190
1776764086.59598,20.0,0,-6,6.0,0.7299270072992701,0.02535423736746471,188,366,207,290,268,190
1776764086.6536484,20.0,0,-6,6.0,0.7299270072992701,0.02535423736746471,188,366,207,290,268,190
1776764086.711275,20.0,0,-6,6.0,0.7299270072992701,0.02535423736746471,188,366,207,290,268,190
1776764086.7681868,20.0,0,-6,6.0,0.7299270072992701,0.02535423736746471,188,366,207,290,268,190
1776764086.8255117,20.0,0,-6,6.0,0.7299270072992701,0.02535423736746471,188,366,207,290,268,190
1776764086.87884,20.0,0,-6,6.0,0.7299270072992701,0.02535423736746471,188,366,207,290,268,190
1776764086.9355805,20.0,0,-6,6.0,0.7299270072992701,0.02535423736746471,188,366,207,290,268,190
1776764086.993362,20.0,0,-6,6.0,0.7299270072992701,0.02535423736746471,188,366,207,290,268,190
1776764087.050751,20.0,0,-6,6.0,0.7299270072992701,0.02535423736746471,188,366,207,290,268,190
1776764087.1080675,20.0,0,-7,7.0,0.851581508515815,0.024878542170679037,188,366,207,290,268,189
1776764087.1653373,20.0,0,-7,7.0,0.851581508515815,0.024878542170679037,188,366,207,290,268,189
1776764087.2188096,20.0,0,-7,7.0,0.851581508515815,0.024878542170679037,188,366,207,290,268,189
1776764087.2757955,20.0,0,-7,7.0,0.851581508515815,0.024878542170679037,188,366,207,290,268,189
1776764087.333482,20.0,0,-7,7.0,0.851581508515815,0.024878542170679037,188,366,207,290,268,189
1776764087.3907955,20.0,0,-7,7.0,0.851581508515815,0.024878542170679037,188,366,207,290,268,189
1776764087.4476311,20.0,0,-7,7.0,0.851581508515815,0.024878542170679037,188,366,207,290,268,189
1776764087.5016136,20.0,2,-7,7.280109889280518,0.8856581373820581,0.025408060382706613,188,366,207,290,269,189
1776764087.5586169,20.0,2,-7,7.280109889280518,0.8856581373820581,0.026011785038007707,188,366,207,289,269,189
1776764087.6158926,20.0,2,-8,8.246211251235321,1.0031887166952944,0.025534913949908745,188,366,207,289,269,188
1776764087.6731987,20.0,2,-8,8.246211251235321,1.0031887166952944,0.025534913949908745,188,366,207,289,269,188
1776764087.730596,20.0,2,-8,8.246211251235321,1.0031887166952944,0.025534913949908745,188,366,207,289,269,188
1776764087.7881582,20.0,2,-8,8.246211251235321,1.0031887166952944,0.025534913949908745,188,366,207,289,269,188
1776764087.841554,20.0,2,-8,8.246211251235321,1.0031887166952944,0.025534913949908745,188,366,207,289,269,188
1776764087.8990626,20.0,2,-8,8.246211251235321,1.0031887166952944,0.025534913949908745,188,366,207,289,269,188
1776764087.9557137,20.0,2,-8,8.246211251235321,1.0031887166952944,0.025534913949908745,188,366,207,289,269,188
1776764088.0130882,20.0,2,-8,8.246211251235321,1.0031887166952944,0.025534913949908745,188,366,207,289,269,188
1776764088.070368,20.0,2,-8,8.246211251235321,1.0031887166952944,0.025534913949908745,188,366,207,289,269,188
1776764088.1279516,20.0,2,-8,8.246211251235321,1.0031887166952944,0.025534913949908745,188,366,207,289,269,188
1776764088.1814592,20.0,2,-8,8.246211251235321,1.0031887166952944,0.025534913949908745,188,366,207,289,269,188
1776764088.2386599,20.0,2,-8,8.246211251235321,1.0031887166952944,0.025534913949908745,188,366,207,289,269,188
1776764088.296294,20.0,2,-8,8.246211251235321,1.0031887166952944,0.025534913949908745,188,366,207,289,269,188
1776764088.353264,20.0,2,-8,8.246211251235321,1.0031887166952944,0.025534913949908745,188,366,207,289,269,188
1776764088.41087,20.0,2,-8,8.246211251235321,1.0031887166952944,0.025534913949908745,188,366,207,289,269,188
1776764088.468236,20.0,2,-8,8.246211251235321,1.0031887166952944,0.025534913949908745,188,366,207,289,269,188
1776764088.520765,20.0,2,-8,8.246211251235321,1.0031887166952944,0.025534913949908745,188,366,207,289,269,188
1776764088.5785146,20.0,2,-8,8.246211251235321,1.0031887166952944,0.025534913949908745,188,366,207,289,269,188
1776764088.6359572,20.0,2,-8,8.246211251235321,1.0031887166952944,0.025534913949908745,188,366,207,289,269,188
1776764088.6932566,20.0,2,-8,8.246211251235321,1.0031887166952944,0.025534913949908745,188,366,207,289,269,188
1776764088.7506063,20.0,2,-8,8.246211251235321,1.0031887166952944,0.025534913949908745,188,366,207,289,269,188
1776764088.8073494,20.0,2,-8,8.246211251235321,1.0031887166952944,0.025534913949908745,188,366,207,289,269,188
1776764088.8611603,20.0,2,-8,8.246211251235321,1.0031887166952944,0.025534913949908745,188,366,207,289,269,188
1776764088.9183238,20.0,2,-8,8.246211251235321,1.0031887166952944,0.025534913949908745,188,366,207,289,269,188
1776764088.9763112,20.0,2,-8,8.246211251235321,1.0031887166952944,0.025534913949908745,188,366,207,289,269,188
1776764089.0331836,20.0,2,-8,8.246211251235321,1.0031887166952944,0.025534913949908745,188,366,207,289,269,188
1776764089.0903125,20.0,2,-8,8.246211251235321,1.0031887166952944,0.025534913949908745,188,366,207,289,269,188
1776764089.1477573,20.0,2,-8,8.246211251235321,1.0031887166952944,0.025534913949908745,188,366,207,289,269,188
1776764089.2013044,20.0,2,-8,8.246211251235321,1.0031887166952944,0.025534913949908745,188,366,207,289,269,188
1776764089.2586355,20.0,2,-8,8.246211251235321,1.0031887166952944,0.025534913949908745,188,366,207,289,269,188
1776764089.3158815,20.0,2,-8,8.246211251235321,1.0031887166952944,0.025534913949908745,188,366,207,289,269,188
1776764089.3731618,20.0,2,-9,9.219544457292887,1.1215990823957283,0.025066913395356914,188,366,207,289,269,187
1776764089.4299722,20.0,2,-9,9.219544457292887,1.1215990823957283,0.025066913395356914,188,366,207,289,269,187
1776764089.4841564,20.0,2,-9,9.219544457292887,1.1215990823957283,0.025066913395356914,188,366,207,289,269,187
1776764089.5419824,20.0,2,-9,9.219544457292887,1.1215990823957283,0.025066913395356914,188,366,207,289,269,187
1776764089.5984142,20.0,2,-9,9.219544457292887,1.1215990823957283,0.025066913395356914,188,366,207,289,269,187
1776764089.6555953,20.0,2,-9,9.219544457292887,1.1215990823957283,0.025066913395356914,188,366,207,289,269,187
1776764089.7130606,20.0,2,-9,9.219544457292887,1.1215990823957283,0.025066913395356914,188,366,207,289,269,187
1776764089.7706418,20.0,2,-9,9.219544457292887,1.1215990823957283,0.025066913395356914,188,366,207,289,269,187
1776764089.8240032,20.0,2,-9,9.219544457292887,1.1215990823957283,0.025066913395356914,188,366,207,289,269,187
1776764089.8810537,20.0,2,-9,9.219544457292887,1.1215990823957283,0.025066913395356914,188,366,207,289,269,187
1776764089.9384606,20.0,2,-9,9.219544457292887,1.1215990823957283,0.025066913395356914,188,366,207,289,269,187
1776764089.9953809,20.0,2,-9,9.219544457292887,1.1215990823957283,0.025066913395356914,188,366,207,289,269,187
1776764090.0533133,20.0,2,-9,9.219544457292887,1.1215990823957283,0.025066913395356914,188,366,207,289,269,187
1776764090.1111019,20.0,2,-9,9.219544457292887,1.1215990823957283,0.025066913395356914,188,366,207,289,269,187
1776764090.1635492,20.0,2,-9,9.219544457292887,1.1215990823957283,0.025066913395356914,188,366,207,289,269,187
1776764090.2217407,20.0,2,-9,9.219544457292887,1.1215990823957283,0.025066913395356914,188,366,207,289,269,187
1776764090.2783098,20.0,2,-9,9.219544457292887,1.1215990823957283,0.025066913395356914,188,366,207,289,269,187
1776764090.3361216,20.0,2,-9,9.219544457292887,1.1215990823957283,0.025066913395356914,188,366,207,289,269,187
1776764090.3929427,20.0,2,-9,9.219544457292887,1.1215990823957283,0.025066913395356914,188,366,207,289,269,187
1776764090.4498148,20.0,2,-9,9.219544457292887,1.1215990823957283,0.025066913395356914,188,366,207,289,269,187
1776764090.503194,20.0,2,-9,9.219544457292887,1.1215990823957283,0.025066913395356914,188,366,207,289,269,187
1776764090.5604897,20.0,2,-9,9.219544457292887,1.1215990823957283,0.025066913395356914,188,366,207,289,269,187
1776764090.6177263,20.0,2,-9,9.219544457292887,1.1215990823957283,0.025066913395356914,188,366,207,289,269,187
1776764090.6751263,20.0,2,-9,9.219544457292887,1.1215990823957283,0.025066913395356914,188,366,207,289,269,187
1776764090.7324297,20.0,2,-9,9.219544457292887,1.1215990823957283,0.025066913395356914,188,366,207,289,269,187
1776764090.7858214,20.0,2,-9,9.219544457292887,1.1215990823957283,0.025066913395356914,188,366,207,289,269,187
1776764090.8431835,20.0,2,-9,9.219544457292887,1.1215990823957283,0.025066913395356914,188,366,207,289,269,187
1776764090.9011028,20.0,2,-9,9.219544457292887,1.1215990823957283,0.025066913395356914,188,366,207,289,269,187
1776764090.9590263,20.0,2,-9,9.219544457292887,1.1215990823957283,0.025066913395356914,188,366,207,289,269,187
1776764091.015772,20.0,2,-9,9.219544457292887,1.1215990823957283,0.025654349470232905,188,366,207,288,269,187
1776764091.0730338,20.0,2,-9,9.219544457292887,1.1215990823957283,0.025654349470232905,188,366,207,288,269,187
1776764091.1270902,20.0,2,-9,9.219544457292887,1.1215990823957283,0.025654349470232905,188,366,207,288,269,187
1776764091.1831183,20.0,2,-9,9.219544457292887,1.1215990823957283,0.025654349470232905,188,366,207,288,269,187
1776764091.2407982,20.0,2,-9,9.219544457292887,1.1215990823957283,0.025654349470232905,188,366,207,288,269,187
1776764091.298169,20.0,2,-9,9.219544457292887,1.1215990823957283,0.025654349470232905,188,366,207,288,269,187
1776764091.3555286,20.0,2,-9,9.219544457292887,1.1215990823957283,0.025654349470232905,188,366,207,288,269,187
1776764091.4127648,20.0,2,-9,9.219544457292887,1.1215990823957283,0.025654349470232905,188,366,207,288,269,187
1776764091.466143,20.0,2,-9,9.219544457292887,1.1215990823957283,0.025654349470232905,188,366,207,288,269,187
1776764091.5233486,20.0,2,-10,10.198039027185569,1.2406373512391202,0.0251881767776567,188,366,207,288,269,186
1776764091.5808766,20.0,3,-10,10.44030650891055,1.2701102808893614,0.02569969334928885,188,366,207,288,270,186
1776764091.6378808,20.0,3,-10,10.44030650891055,1.2701102808893614,0.024768138401628795,188,366,208,287,270,186
1776764091.695044,20.0,3,-10,10.44030650891055,1.2701102808893614,0.024768138401628795,188,366,208,287,270,186
1776764091.752785,20.0,3,-10,10.44030650891055,1.2701102808893614,0.024768138401628795,188,366,208,287,270,186
1776764091.8063264,20.0,3,-10,10.44030650891055,1.2701102808893614,0.024768138401628795,188,366,208,287,270,186
1776764091.8634067,20.0,3,-11,11.40175425099138,1.387074726397978,0.02430828240240533,188,366,208,287,270,185
1776764091.9204006,20.0,3,-11,11.40175425099138,1.387074726397978,0.02430828240240533,188,366,208,287,270,185
1776764091.979941,20.0,3,-11,11.40175425099138,1.387074726397978,0.02430828240240533,188,366,208,287,270,185
1776764092.0353048,20.0,3,-11,11.40175425099138,1.387074726397978,0.024889590096095367,188,366,208,286,270,185
1776764092.0927706,20.0,3,-12,12.36931687685298,1.5047830750429416,0.024431492062847195,188,366,208,286,270,184
1776764092.1461928,20.0,3,-12,12.36931687685298,1.5047830750429416,0.024431492062847195,188,366,208,286,270,184
1776764092.2036045,20.0,4,-12,12.649110640673518,1.538821245824029,0.02493987897902607,188,366,208,286,271,184
1776764092.2603927,20.0,4,-12,12.649110640673518,1.538821245824029,0.02493987897902607,188,366,208,286,271,184
1776764092.3184314,20.0,4,-13,13.601470508735444,1.654680110551757,0.02448737579238588,188,366,208,286,271,183
1776764092.3759181,20.0,4,-13,13.601470508735444,1.654680110551757,0.025053411891208546,188,366,208,285,271,183
1776764092.432547,20.0,4,-13,13.601470508735444,1.654680110551757,0.025053411891208546,188,366,208,285,271,183
1776764092.486372,20.0,4,-13,13.601470508735444,1.654680110551757,0.025053411891208546,188,366,208,285,271,183
1776764092.5440588,20.0,4,-13,13.601470508735444,1.654680110551757,0.025053411891208546,188,366,208,285,271,183
1776764092.6006317,20.0,4,-13,13.601470508735444,1.654680110551757,0.025053411891208546,188,366,208,285,271,183
1776764092.6577942,20.0,4,-13,13.601470508735444,1.654680110551757,0.025053411891208546,188,366,208,285,271,183
1776764092.7153285,20.0,4,-13,13.601470508735444,1.654680110551757,0.025053411891208546,188,366,208,285,271,183
1776764092.7684164,20.0,4,-13,13.601470508735444,1.654680110551757,0.025053411891208546,188,366,208,285,271,183
1776764092.8268497,20.0,4,-13,13.601470508735444,1.654680110551757,0.025053411891208546,188,366,208,285,271,183
1776764092.8835323,20.0,4,-13,13.601470508735444,1.654680110551757,0.025053411891208546,188,366,208,285,271,183
1776764092.9407918,20.0,4,-13,13.601470508735444,1.654680110551757,0.025053411891208546,188,366,208,285,271,183
1776764092.9979823,20.0,4,-13,13.601470508735444,1.654680110551757,0.025053411891208546,188,366,208,285,271,183
1776764093.0546846,20.0,4,-13,13.601470508735444,1.654680110551757,0.025053411891208546,188,366,208,285,271,183
1776764093.1081755,20.0,4,-13,13.601470508735444,1.654680110551757,0.025053411891208546,188,366,208,285,271,183
1776764093.1655755,20.0,4,-13,13.601470508735444,1.654680110551757,0.025053411891208546,188,366,208,285,271,183
1776764093.2231748,20.0,4,-13,13.601470508735444,1.654680110551757,0.025053411891208546,188,366,208,285,271,183
1776764093.2801037,20.0,4,-13,13.601470508735444,1.654680110551757,0.025053411891208546,188,366,208,285,271,183
1776764093.338626,20.0,4,-13,13.601470508735444,1.654680110551757,0.025053411891208546,188,366,208,285,271,183
1776764093.3952892,20.0,4,-13,13.601470508735444,1.654680110551757,0.025053411891208546,188,366,208,285,271,183
1776764093.4487202,20.0,4,-13,13.601470508735444,1.654680110551757,0.025053411891208546,188,366,208,285,271,183
1776764093.506064,20.0,4,-13,13.601470508735444,1.654680110551757,0.025053411891208546,188,366,208,285,271,183
1776764093.5633063,20.0,4,-13,13.601470508735444,1.654680110551757,0.025053411891208546,188,366,208,285,271,183
1776764093.6207943,20.0,4,-13,13.601470508735444,1.654680110551757,0.025053411891208546,188,366,208,285,271,183
1776764093.677697,20.0,4,-13,13.601470508735444,1.654680110551757,0.025053411891208546,188,366,208,285,271,183
1776764093.7346203,20.0,4,-13,13.601470508735444,1.654680110551757,0.025053411891208546,188,366,208,285,271,183
1776764093.7881413,20.0,4,-13,13.601470508735444,1.654680110551757,0.025053411891208546,188,366,208,285,271,183
1776764093.8454323,20.0,4,-13,13.601470508735444,1.654680110551757,0.025053411891208546,188,366,208,285,271,183
1776764093.9032307,20.0,4,-13,13.601470508735444,1.654680110551757,0.025053411891208546,188,366,208,285,271,183
1776764093.9601183,20.0,4,-13,13.601470508735444,1.654680110551757,0.025053411891208546,188,366,208,285,271,183
1776764094.0172155,20.0,4,-13,13.601470508735444,1.654680110551757,0.025053411891208546,188,366,208,285,271,183
1776764094.075128,20.0,4,-13,13.601470508735444,1.654680110551757,0.025053411891208546,188,366,208,285,271,183
1776764094.1284537,20.0,4,-13,13.601470508735444,1.654680110551757,0.025053411891208546,188,366,208,285,271,183
1776764094.1857648,20.0,4,-13,13.601470508735444,1.654680110551757,0.025053411891208546,188,366,208,285,271,183
1776764094.243385,20.0,4,-13,13.601470508735444,1.654680110551757,0.025053411891208546,188,366,208,285,271,183
1776764094.3007,20.0,4,-13,13.601470508735444,1.654680110551757,0.025053411891208546,188,366,208,285,271,183
1776764094.358777,20.0,4,-13,13.601470508735444,1.654680110551757,0.025053411891208546,188,366,208,285,271,183
1776764094.4107504,20.0,4,-13,13.601470508735444,1.654680110551757,0.025053411891208546,188,366,208,285,271,183
1776764094.468744,20.0,4,-13,13.601470508735444,1.654680110551757,0.025053411891208546,188,366,208,285,271,183
1776764094.5258653,20.0,4,-13,13.601470508735444,1.654680110551757,0.025053411891208546,188,366,208,285,271,183
1776764094.5826724,20.0,4,-13,13.601470508735444,1.654680110551757,0.025053411891208546,188,366,208,285,271,183
1776764094.6400404,20.0,4,-13,13.601470508735444,1.654680110551757,0.025053411891208546,188,366,208,285,271,183
1776764094.6978207,20.0,4,-13,13.601470508735444,1.654680110551757,0.025053411891208546,188,366,208,285,271,183
1776764094.7512877,20.0,4,-13,13.601470508735444,1.654680110551757,0.025053411891208546,188,366,208,285,271,183
1776764094.8087456,20.0,4,-13,13.601470508735444,1.654680110551757,0.025053411891208546,188,366,208,285,271,183
1776764094.8656023,20.0,4,-13,13.601470508735444,1.654680110551757,0.025053411891208546,188,366,208,285,271,183
1776764094.9233937,20.0,4,-13,13.601470508735444,1.654680110551757,0.02359032329121552,188,366,209,285,271,183
1776764094.9806952,20.0,4,-13,13.601470508735444,1.654680110551757,0.02359032329121552,188,366,209,285,271,183
1776764095.0376005,20.0,4,-13,13.601470508735444,1.654680110551757,0.02359032329121552,188,366,209,285,271,183
1776764095.091119,20.0,4,-13,13.601470508735444,1.654680110551757,0.02359032329121552,188,366,209,285,271,183
1776764095.1482143,20.0,4,-13,13.601470508735444,1.654680110551757,0.02359032329121552,188,366,209,285,271,183
1776764095.2059326,20.0,4,-13,13.601470508735444,1.654680110551757,0.02359032329121552,188,366,209,285,271,183
1776764095.2636006,20.0,4,-13,13.601470508735444,1.654680110551757,0.02359032329121552,188,366,209,285,271,183
1776764095.319735,20.0,4,-13,13.601470508735444,1.654680110551757,0.02359032329121552,188,366,209,285,271,183
1776764095.377164,20.0,4,-13,13.601470508735444,1.654680110551757,0.02359032329121552,188,366,209,285,271,183
1776764095.4307895,20.0,4,-13,13.601470508735444,1.654680110551757,0.02359032329121552,188,366,209,285,271,183
1776764095.4882915,20.0,4,-13,13.601470508735444,1.654680110551757,0.02359032329121552,188,366,209,285,271,183
1776764095.5452824,20.0,4,-13,13.601470508735444,1.654680110551757,0.02359032329121552,188,366,209,285,271,183
1776764095.6030674,20.0,4,-14,14.560219778561036,1.7713162747641162,0.023146682415423555,188,366,209,285,271,182
1776764095.6598136,20.0,4,-14,14.560219778561036,1.7713162747641162,0.023146682415423555,188,366,209,285,271,182
1776764095.717042,20.0,4,-14,14.560219778561036,1.7713162747641162,0.023146682415423555,188,366,209,285,271,182
1776764095.7704375,20.0,4,-14,14.560219778561036,1.7713162747641162,0.023146682415423555,188,366,209,285,271,182
1776764095.828029,20.0,4,-14,14.560219778561036,1.7713162747641162,0.023146682415423555,188,366,209,285,271,182
1776764095.8856003,20.0,4,-14,14.560219778561036,1.7713162747641162,0.023146682415423555,188,366,209,285,271,182
1776764095.9424784,20.0,4,-14,14.560219778561036,1.7713162747641162,0.023146682415423555,188,366,209,285,271,182
1776764095.9998286,20.0,4,-14,14.560219778561036,1.7713162747641162,0.023146682415423555,188,366,209,285,271,182
1776764096.0538852,20.0,4,-14,14.560219778561036,1.7713162747641162,0.023146682415423555,188,366,209,285,271,182
1776764096.110896,20.0,4,-14,14.560219778561036,1.7713162747641162,0.023146682415423555,188,366,209,285,271,182
1776764096.16826,20.0,4,-14,14.560219778561036,1.7713162747641162,0.023146682415423555,188,366,209,285,271,182
1776764096.2254314,20.0,4,-14,14.560219778561036,1.7713162747641162,0.023146682415423555,188,366,209,285,271,182
1776764096.2831683,20.0,4,-14,14.560219778561036,1.7713162747641162,0.023146682415423555,188,366,209,285,271,182
1776764096.3403814,20.0,4,-14,14.560219778561036,1.7713162747641162,0.023146682415423555,188,366,209,285,271,182
1776764096.3932393,20.0,4,-14,14.560219778561036,1.7713162747641162,0.023146682415423555,188,366,209,285,271,182
1776764096.4508717,20.0,4,-14,14.560219778561036,1.7713162747641162,0.023146682415423555,188,366,209,285,271,182
1776764096.508609,20.0,4,-14,14.560219778561036,1.7713162747641162,0.023146682415423555,188,366,209,285,271,182
1776764096.565046,20.0,4,-14,14.560219778561036,1.7713162747641162,0.023146682415423555,188,366,209,285,271,182
1776764096.62271,20.0,4,-14,14.560219778561036,1.7713162747641162,0.023146682415423555,188,366,209,285,271,182
1776764096.6797755,20.0,4,-14,14.560219778561036,1.7713162747641162,0.023146682415423555,188,366,209,285,271,182
1776764096.733384,20.0,4,-14,14.560219778561036,1.7713162747641162,0.023146682415423555,188,366,209,285,271,182
1776764096.790576,20.0,4,-14,14.560219778561036,1.7713162747641162,0.023146682415423555,188,366,209,285,271,182
1776764096.8485496,20.0,4,-14,14.560219778561036,1.7713162747641162,0.023146682415423555,188,366,209,285,271,182
1776764096.9056845,20.0,4,-14,14.560219778561036,1.7713162747641162,0.023146682415423555,188,366,209,285,271,182
1776764096.9627748,20.0,4,-14,14.560219778561036,1.7713162747641162,0.023146682415423555,188,366,209,285,271,182
1776764097.0201082,20.0,4,-14,14.560219778561036,1.7713162747641162,0.023146682415423555,188,366,209,285,271,182
1776764097.0734453,20.0,4,-14,14.560219778561036,1.7713162747641162,0.023146682415423555,188,366,209,285,271,182
1776764097.1309133,20.0,4,-14,14.560219778561036,1.7713162747641162,0.023146682415423555,188,366,209,285,271,182
1776764097.1880038,20.0,4,-14,14.560219778561036,1.7713162747641162,0.023146682415423555,188,366,209,285,271,182
1776764097.2454665,20.0,4,-14,14.560219778561036,1.7713162747641162,0.023146682415423555,188,366,209,285,271,182
1776764097.3022752,20.0,4,-14,14.560219778561036,1.7713162747641162,0.023146682415423555,188,366,209,285,271,182
1776764097.3596232,20.0,4,-14,14.560219778561036,1.7713162747641162,0.023146682415423555,188,366,209,285,271,182
1776764097.413163,20.0,4,-14,14.560219778561036,1.7713162747641162,0.023146682415423555,188,366,209,285,271,182
1776764097.470937,20.0,4,-14,14.560219778561036,1.7713162747641162,0.023146682415423555,188,366,209,285,271,182
1776764097.5279682,20.0,4,-14,14.560219778561036,1.7713162747641162,0.023146682415423555,188,366,209,285,271,182
1776764097.584828,20.0,4,-14,14.560219778561036,1.7713162747641162,0.023146682415423555,188,366,209,285,271,182
1776764097.6422126,20.0,4,-14,14.560219778561036,1.7713162747641162,0.023146682415423555,188,366,209,285,271,182
1776764097.6962938,20.0,4,-14,14.560219778561036,1.7713162747641162,0.023146682415423555,188,366,209,285,271,182
1776764097.7530775,20.0,4,-14,14.560219778561036,1.7713162747641162,0.023146682415423555,188,366,209,285,271,182
1776764097.8102486,20.0,4,-15,15.524174696260024,1.8885857294720223,0.023272948351149923,188,366,209,284,271,181
1776764097.867918,20.0,4,-15,15.524174696260024,1.8885857294720223,0.023272948351149923,188,366,209,284,271,181
1776764097.9257998,20.0,4,-15,15.524174696260024,1.8885857294720223,0.023272948351149923,188,366,209,284,271,181
1776764097.9827194,20.0,4,-15,15.524174696260024,1.8885857294720223,0.023272948351149923,188,366,209,284,271,181
1776764098.03582,20.0,5,-15,15.811388300841896,1.923526557280036,0.02377524333184914,188,366,209,284,272,181
1776764098.0933158,20.0,5,-16,16.76305461424021,2.039301047961096,0.02389214124838169,188,366,209,283,272,180
1776764098.1506011,20.0,5,-16,16.76305461424021,2.039301047961096,0.02389214124838169,188,366,209,283,272,180
1776764098.207391,20.0,5,-16,16.76305461424021,2.039301047961096,0.02389214124838169,188,366,209,283,272,180
1776764098.2651446,20.0,5,-17,17.72004514666935,2.155723253852719,0.02345700699538596,188,366,209,283,272,179
1776764098.3223026,20.0,5,-17,17.72004514666935,2.155723253852719,0.02345700699538596,188,366,209,283,272,179
1776764098.3756163,20.0,5,-17,17.72004514666935,2.155723253852719,0.024002738125864707,188,366,209,282,272,179
1776764098.4327953,20.0,5,-18,18.681541692269406,2.2726936365291244,0.02356923437975355,188,366,209,282,272,178
1776764098.491024,20.0,5,-18,18.681541692269406,2.2726936365291244,0.02356923437975355,188,366,209,282,272,178
1776764098.5479448,20.0,5,-18,18.681541692269406,2.2726936365291244,0.02356923437975355,188,366,209,282,272,178
1776764098.605109,20.0,5,-18,18.681541692269406,2.2726936365291244,0.02410728971664567,188,366,209,281,272,178
1776764098.6621335,20.0,5,-19,19.6468827043885,2.390131715862348,0.02367542705321092,188,366,209,281,272,177
1776764098.7164686,20.0,5,-19,19.6468827043885,2.390131715862348,0.02367542705321092,188,366,209,281,272,177
1776764098.7734082,20.0,5,-19,19.6468827043885,2.390131715862348,0.02367542705321092,188,366,209,281,272,177
1776764098.8306339,20.0,5,-19,19.6468827043885,2.390131715862348,0.02367542705321092,188,366,209,281,272,177
1776764098.8879297,20.0,5,-19,19.6468827043885,2.390131715862348,0.02367542705321092,188,366,209,281,272,177
1776764098.9450898,20.0,5,-19,19.6468827043885,2.390131715862348,0.02367542705321092,188,366,209,281,272,177
1776764099.0026815,20.0,5,-19,19.6468827043885,2.390131715862348,0.02367542705321092,188,366,209,281,272,177
1776764099.0562298,20.0,5,-20,20.615528128088304,2.5079717917382363,0.02325137358219763,188,366,209,281,272,176
1776764099.112999,20.0,5,-20,20.615528128088304,2.5079717917382363,0.02325137358219763,188,366,209,281,272,176
1776764099.1707072,20.0,5,-20,20.615528128088304,2.5079717917382363,0.02325137358219763,188,366,209,281,272,176
1776764099.2280638,20.0,5,-20,20.615528128088304,2.5079717917382363,0.023775827914845404,188,366,209,280,272,176
1776764099.2861526,20.0,5,-20,20.615528128088304,2.5079717917382363,0.023775827914845404,188,366,209,280,272,176
1776764099.3421998,20.0,5,-20,20.615528128088304,2.5079717917382363,0.023775827914845404,188,366,209,280,272,176
1776764099.3953207,20.0,5,-20,20.615528128088304,2.5079717917382363,0.023775827914845404,188,366,209,280,272,176
1776764099.453345,20.0,5,-20,20.615528128088304,2.5079717917382363,0.023775827914845404,188,366,209,280,272,176
1776764099.5104787,20.0,5,-20,20.615528128088304,2.5079717917382363,0.023775827914845404,188,366,209,280,272,176
1776764099.568056,20.0,5,-20,20.615528128088304,2.5079717917382363,0.023775827914845404,188,366,209,280,272,176
1776764099.6246088,20.0,5,-20,20.615528128088304,2.5079717917382363,0.023775827914845404,188,366,209,280,272,176
1776764099.6784744,20.0,5,-20,20.615528128088304,2.5079717917382363,0.023775827914845404,188,366,209,280,272,176
1776764099.7359319,20.0,5,-20,20.615528128088304,2.5079717917382363,0.023775827914845404,188,366,209,280,272,176
1776764099.792632,20.0,5,-20,20.615528128088304,2.5079717917382363,0.023775827914845404,188,366,209,280,272,176
1776764099.849861,20.0,5,-20,20.615528128088304,2.5079717917382363,0.023775827914845404,188,366,209,280,272,176
1776764099.9073431,20.0,5,-20,20.615528128088304,2.5079717917382363,0.023775827914845404,188,366,209,280,272,176
1776764099.9645522,20.0,5,-20,20.615528128088304,2.5079717917382363,0.023775827914845404,188,366,209,280,272,176
1776764100.0184617,20.0,5,-20,20.615528128088304,2.5079717917382363,0.023775827914845404,188,366,209,280,272,176
1776764100.0751166,20.0,5,-20,20.615528128088304,2.5079717917382363,0.023775827914845404,188,366,209,280,272,176
1776764100.1329691,20.0,5,-20,20.615528128088304,2.5079717917382363,0.023775827914845404,188,366,209,280,272,176
1776764100.1898217,20.0,5,-20,20.615528128088304,2.5079717917382363,0.023775827914845404,188,366,209,280,272,176
1776764100.2475362,20.0,5,-20,20.615528128088304,2.5079717917382363,0.023775827914845404,188,366,209,280,272,176
1776764100.3048785,20.0,5,-20,20.615528128088304,2.5079717917382363,0.023775827914845404,188,366,209,280,272,176
1776764100.3580682,20.0,5,-20,20.615528128088304,2.5079717917382363,0.023775827914845404,188,366,209,280,272,176
1776764100.416317,20.0,5,-20,20.615528128088304,2.5079717917382363,0.023775827914845404,188,366,209,280,272,176
1776764100.4729772,20.0,5,-20,20.615528128088304,2.5079717917382363,0.023775827914845404,188,366,209,280,272,176
1776764100.5304601,20.0,5,-20,20.615528128088304,2.5079717917382363,0.023775827914845404,188,366,209,280,272,176
1776764100.5877733,20.0,5,-20,20.615528128088304,2.5079717917382363,0.023775827914845404,188,366,209,280,272,176
1776764100.645765,20.0,5,-20,20.615528128088304,2.5079717917382363,0.023775827914845404,188,366,209,280,272,176
1776764100.6985211,20.0,5,-20,20.615528128088304,2.5079717917382363,0.023775827914845404,188,366,209,280,272,176
1776764100.7559447,20.0,5,-20,20.615528128088304,2.5079717917382363,0.023775827914845404,188,366,209,280,272,176
1776764100.81293,20.0,5,-20,20.615528128088304,2.5079717917382363,0.023775827914845404,188,366,209,280,272,176
1776764100.8700552,20.0,5,-20,20.615528128088304,2.5079717917382363,0.023775827914845404,188,366,209,280,272,176
1776764100.9275107,20.0,5,-20,20.615528128088304,2.5079717917382363,0.023775827914845404,188,366,209,280,272,176
1776764100.984797,20.0,5,-20,20.615528128088304,2.5079717917382363,0.023775827914845404,188,366,209,280,272,176
1776764101.038416,20.0,5,-20,20.615528128088304,2.5079717917382363,0.023775827914845404,188,366,209,280,272,176
1776764101.0956352,20.0,5,-20,20.615528128088304,2.5079717917382363,0.023775827914845404,188,366,209,280,272,176
1776764101.1527019,20.0,5,-20,20.615528128088304,2.5079717917382363,0.023775827914845404,188,366,209,280,272,176
1776764101.2100759,20.0,5,-20,20.615528128088304,2.5079717917382363,0.023775827914845404,188,366,209,280,272,176
1776764101.267323,20.0,6,-20,20.8806130178211,2.540220561778723,0.02425647789107658,188,366,209,280,273,176
1776764101.3208787,20.0,6,-20,20.8806130178211,2.540220561778723,0.02425647789107658,188,366,209,280,273,176
1776764101.3782198,20.0,6,-20,20.8806130178211,2.540220561778723,0.02425647789107658,188,366,209,280,273,176
1776764101.4354665,20.0,6,-20,20.8806130178211,2.540220561778723,0.02425647789107658,188,366,209,280,273,176
1776764101.4923568,20.0,6,-20,20.8806130178211,2.540220561778723,0.02425647789107658,188,366,209,280,273,176
1776764101.5504885,20.0,6,-20,20.8806130178211,2.540220561778723,0.02425647789107658,188,366,209,280,273,176
1776764101.6073549,20.0,6,-20,20.8806130178211,2.540220561778723,0.02425647789107658,188,366,209,280,273,176
1776764101.660737,20.0,6,-20,20.8806130178211,2.540220561778723,0.02425647789107658,188,366,209,280,273,176
1776764101.7179139,20.0,6,-20,20.8806130178211,2.540220561778723,0.02425647789107658,188,366,209,280,273,176
1776764101.775288,20.0,6,-20,20.8806130178211,2.540220561778723,0.02425647789107658,188,366,209,280,273,176
1776764101.832823,20.0,6,-20,20.8806130178211,2.540220561778723,0.02425647789107658,188,366,209,280,273,176
1776764101.8895614,20.0,6,-20,20.8806130178211,2.540220561778723,0.02425647789107658,188,366,209,280,273,176
1776764101.9472935,20.0,6,-20,20.8806130178211,2.540220561778723,0.02425647789107658,188,366,209,280,273,176
1776764102.000433,20.0,6,-20,20.8806130178211,2.540220561778723,0.02425647789107658,188,366,209,280,273,176
1776764102.0581486,20.0,6,-20,20.8806130178211,2.540220561778723,0.02425647789107658,188,366,209,280,273,176
1776764102.114902,20.0,6,-20,20.8806130178211,2.540220561778723,0.02425647789107658,188,366,209,280,273,176
1776764102.1720922,20.0,6,-20,20.8806130178211,2.540220561778723,0.02425647789107658,188,366,209,280,273,176
1776764102.2295008,20.0,6,-20,20.8806130178211,2.540220561778723,0.02425647789107658,188,366,209,280,273,176
1776764102.2873793,20.0,6,-20,20.8806130178211,2.540220561778723,0.02425647789107658,188,366,209,280,273,176
1776764102.3408737,20.0,6,-20,20.8806130178211,2.540220561778723,0.02425647789107658,188,366,209,280,273,176
1776764102.3981373,20.0,6,-20,20.8806130178211,2.540220561778723,0.02425647789107658,188,366,209,280,273,176
1776764102.455261,20.0,6,-20,20.8806130178211,2.540220561778723,0.02425647789107658,188,366,209,280,273,176
1776764102.5126681,20.0,6,-20,20.8806130178211,2.540220561778723,0.02425647789107658,188,366,209,280,273,176
1776764102.5698304,20.0,6,-20,20.8806130178211,2.540220561778723,0.02425647789107658,188,366,209,280,273,176
1776764102.6268337,20.0,6,-20,20.8806130178211,2.540220561778723,0.02425647789107658,188,366,209,280,273,176
1776764102.6804287,20.0,6,-20,20.8806130178211,2.540220561778723,0.02425647789107658,188,366,209,280,273,176
1776764102.7384632,20.0,6,-20,20.8806130178211,2.540220561778723,0.02425647789107658,188,366,209,280,273,176
1776764102.79525,20.0,6,-20,20.8806130178211,2.540220561778723,0.02425647789107658,188,366,209,280,273,176
1776764102.8533797,20.0,6,-20,20.8806130178211,2.540220561778723,0.02425647789107658,188,366,209,280,273,176
1776764102.909894,20.0,6,-20,20.8806130178211,2.540220561778723,0.02425647789107658,188,366,209,280,273,176
1776764102.9633439,20.0,6,-20,20.8806130178211,2.540220561778723,0.02425647789107658,188,366,209,280,273,176
1776764103.0210874,20.0,6,-20,20.8806130178211,2.540220561778723,0.02425647789107658,188,366,209,280,273,176
1776764103.0779712,20.0,6,-20,20.8806130178211,2.540220561778723,0.02425647789107658,188,366,209,280,273,176
1776764103.1363306,20.0,6,-20,20.8806130178211,2.540220561778723,0.02425647789107658,188,366,209,280,273,176
1776764103.1927392,20.0,6,-20,20.8806130178211,2.540220561778723,0.02425647789107658,188,366,209,280,273,176
1776764103.2500424,20.0,6,-20,20.8806130178211,2.540220561778723,0.02425647789107658,188,366,209,280,273,176
1776764103.3029208,20.0,6,-20,20.8806130178211,2.540220561778723,0.02425647789107658,188,366,209,280,273,176
1776764103.36006,20.0,6,-20,20.8806130178211,2.540220561778723,0.02425647789107658,188,366,209,280,273,176
1776764103.4173665,20.0,6,-20,20.8806130178211,2.540220561778723,0.02425647789107658,188,366,209,280,273,176
1776764103.4750373,20.0,6,-20,20.8806130178211,2.540220561778723,0.02425647789107658,188,366,209,280,273,176
1776764103.532666,20.0,6,-20,20.8806130178211,2.540220561778723,0.02425647789107658,188,366,209,280,273,176
1776764103.5902376,20.0,6,-20,20.8806130178211,2.540220561778723,0.02425647789107658,188,366,209,280,273,176
1776764103.6431227,20.0,6,-20,20.8806130178211,2.540220561778723,0.02425647789107658,188,366,209,280,273,176
1776764103.7003539,20.0,6,-20,20.8806130178211,2.540220561778723,0.02425647789107658,188,366,209,280,273,176
1776764103.757841,20.0,6,-20,20.8806130178211,2.540220561778723,0.02425647789107658,188,366,209,280,273,176
1776764103.8150737,20.0,6,-20,20.8806130178211,2.540220561778723,0.02425647789107658,188,366,209,280,273,176
1776764103.8724487,20.0,6,-20,20.8806130178211,2.540220561778723,0.02425647789107658,188,366,209,280,273,176
1776764103.9297142,20.0,6,-20,20.8806130178211,2.540220561778723,0.02425647789107658,188,366,209,280,273,176
1776764103.9830956,20.0,6,-20,20.8806130178211,2.540220561778723,0.02425647789107658,188,366,209,280,273,176
1776764104.0405338,20.0,6,-20,20.8806130178211,2.540220561778723,0.02425647789107658,188,366,209,280,273,176
1776764104.0978534,20.0,6,-20,20.8806130178211,2.540220561778723,0.02425647789107658,188,366,209,280,273,176
1776764104.1555462,20.0,6,-20,20.8806130178211,2.540220561778723,0.02425647789107658,188,366,209,280,273,176
1776764104.2128625,20.0,6,-20,20.8806130178211,2.540220561778723,0.02425647789107658,188,366,209,280,273,176
1776764104.2657561,20.0,6,-20,20.8806130178211,2.540220561778723,0.02425647789107658,188,366,209,280,273,176
1776764104.3226001,20.0,6,-20,20.8806130178211,2.540220561778723,0.02425647789107658,188,366,209,280,273,176
1776764104.3799117,20.0,6,-20,20.8806130178211,2.540220561778723,0.02425647789107658,188,366,209,280,273,176
1776764104.4371667,20.0,6,-20,20.8806130178211,2.540220561778723,0.02425647789107658,188,366,209,280,273,176
1776764104.4945803,20.0,6,-20,20.8806130178211,2.540220561778723,0.02425647789107658,188,366,209,280,273,176
1776764104.551883,20.0,6,-20,20.8806130178211,2.540220561778723,0.02425647789107658,188,366,209,280,273,176
1776764104.6056676,20.0,6,-20,20.8806130178211,2.540220561778723,0.02425647789107658,188,366,209,280,273,176
1776764104.6630757,20.0,6,-20,20.8806130178211,2.540220561778723,0.02425647789107658,188,366,209,280,273,176
1776764104.7198467,20.0,6,-20,20.8806130178211,2.540220561778723,0.02425647789107658,188,366,209,280,273,176
1776764104.7777956,20.0,6,-20,20.8806130178211,2.540220561778723,0.02425647789107658,188,366,209,280,273,176
1776764104.8354118,20.0,6,-20,20.8806130178211,2.540220561778723,0.02425647789107658,188,366,209,280,273,176
1776764104.8922246,20.0,6,-20,20.8806130178211,2.540220561778723,0.02425647789107658,188,366,209,280,273,176
1776764104.9455354,20.0,6,-20,20.8806130178211,2.540220561778723,0.02425647789107658,188,366,209,280,273,176
1776764105.003032,20.0,6,-20,20.8806130178211,2.540220561778723,0.02425647789107658,188,366,209,280,273,176
1776764105.0610282,20.0,6,-20,20.8806130178211,2.540220561778723,0.02425647789107658,188,366,209,280,273,176
1776764105.117678,20.0,6,-20,20.8806130178211,2.540220561778723,0.02425647789107658,188,366,209,280,273,176
1776764105.1746066,20.0,6,-20,20.8806130178211,2.540220561778723,0.02425647789107658,188,366,209,280,273,176
1776764105.2321026,20.0,6,-21,21.840329667841555,2.6569744121461745,0.024348792649762644,188,366,209,279,273,175
1776764105.286314,20.0,6,-21,21.840329667841555,2.6569744121461745,0.024348792649762644,188,366,209,279,273,175
1776764105.3433042,20.0,6,-21,21.840329667841555,2.6569744121461745,0.024348792649762644,188,366,209,279,273,175
1776764105.4006062,20.0,6,-21,21.840329667841555,2.6569744121461745,0.02301127523852752,188,366,210,279,273,175
1776764105.4576595,20.0,6,-21,21.840329667841555,2.6569744121461745,0.02301127523852752,188,366,210,279,273,175
1776764105.5149171,20.0,6,-21,21.840329667841555,2.6569744121461745,0.02301127523852752,188,366,210,279,273,175
1776764105.572429,20.0,6,-21,21.840329667841555,2.6569744121461745,0.02301127523852752,188,366,210,279,273,175
1776764105.6257985,20.0,6,-21,21.840329667841555,2.6569744121461745,0.02301127523852752,188,366,210,279,273,175
1776764105.6831808,20.0,6,-21,21.840329667841555,2.6569744121461745,0.02301127523852752,188,366,210,279,273,175
1776764105.7401395,20.0,6,-21,21.840329667841555,2.6569744121461745,0.02301127523852752,188,366,210,279,273,175
1776764105.798172,20.0,6,-21,21.840329667841555,2.6569744121461745,0.02301127523852752,188,366,210,279,273,175
1776764105.8548281,20.0,6,-21,21.840329667841555,2.6569744121461745,0.02301127523852752,188,366,210,279,273,175
1776764105.9079742,20.0,6,-21,21.840329667841555,2.6569744121461745,0.02301127523852752,188,366,210,279,273,175
1776764105.9654865,20.0,6,-21,21.840329667841555,2.6569744121461745,0.02301127523852752,188,366,210,279,273,175
1776764106.022505,20.0,6,-21,21.840329667841555,2.6569744121461745,0.02301127523852752,188,366,210,279,273,175
1776764106.0796719,20.0,6,-21,21.840329667841555,2.6569744121461745,0.02301127523852752,188,366,210,279,273,175
1776764106.1375139,20.0,6,-21,21.840329667841555,2.6569744121461745,0.02301127523852752,188,366,210,279,273,175
1776764106.1945875,20.0,6,-21,21.840329667841555,2.6569744121461745,0.02301127523852752,188,366,210,279,273,175
1776764106.2480235,20.0,6,-21,21.840329667841555,2.6569744121461745,0.02301127523852752,188,366,210,279,273,175
1776764106.3053465,20.0,6,-21,21.840329667841555,2.6569744121461745,0.02301127523852752,188,366,210,279,273,175
1776764106.362967,20.0,6,-21,21.840329667841555,2.6569744121461745,0.02301127523852752,188,366,210,279,273,175
1776764106.4203877,20.0,6,-21,21.840329667841555,2.6569744121461745,0.02301127523852752,188,366,210,279,273,175
1776764106.4775474,20.0,6,-21,21.840329667841555,2.6569744121461745,0.02301127523852752,188,366,210,279,273,175
1776764106.5345109,20.0,6,-22,22.80350850198276,2.774149452795956,0.02259411464918618,188,366,210,279,273,174
1776764106.5876272,20.0,6,-22,22.80350850198276,2.774149452795956,0.02259411464918618,188,366,210,279,273,174
1776764106.6449747,20.0,6,-22,22.80350850198276,2.774149452795956,0.023113370407305663,188,366,210,278,273,174
1776764106.7027938,20.0,6,-22,22.80350850198276,2.774149452795956,0.023113370407305663,188,366,210,278,273,174
1776764106.759987,20.0,6,-22,22.80350850198276,2.774149452795956,0.023113370407305663,188,366,210,278,273,174
1776764106.8171773,20.0,6,-22,22.80350850198276,2.774149452795956,0.023113370407305663,188,366,210,278,273,174
1776764106.874608,20.0,6,-23,23.769728648009426,2.891694482726207,0.022697751562231444,188,366,210,278,273,173
1776764106.927739,20.0,6,-23,23.769728648009426,2.891694482726207,0.022697751562231444,188,366,210,278,273,173
1776764106.9853523,20.0,6,-23,23.769728648009426,2.891694482726207,0.022697751562231444,188,366,210,278,273,173
1776764107.0426745,20.0,6,-23,23.769728648009426,2.891694482726207,0.022697751562231444,188,366,210,278,273,173
1776764107.1005194,20.0,6,-23,23.769728648009426,2.891694482726207,0.022697751562231444,188,366,210,278,273,173
1776764107.1577156,20.0,6,-23,23.769728648009426,2.891694482726207,0.022697751562231444,188,366,210,278,273,173
1776764107.2147448,20.0,6,-23,23.769728648009426,2.891694482726207,0.022697751562231444,188,366,210,278,273,173
1776764107.2680628,20.0,6,-23,23.769728648009426,2.891694482726207,0.022697751562231444,188,366,210,278,273,173
1776764107.3255858,20.0,6,-23,23.769728648009426,2.891694482726207,0.022697751562231444,188,366,210,278,273,173
1776764107.382414,20.0,6,-23,23.769728648009426,2.891694482726207,0.022697751562231444,188,366,210,278,273,173
1776764107.4403677,20.0,6,-23,23.769728648009426,2.891694482726207,0.022697751562231444,188,366,210,278,273,173
1776764107.4975693,20.0,6,-23,23.769728648009426,2.891694482726207,0.022697751562231444,188,366,210,278,273,173
1776764107.5507689,20.0,6,-23,23.769728648009426,2.891694482726207,0.022697751562231444,188,366,210,278,273,173
1776764107.6078987,20.0,6,-23,23.769728648009426,2.891694482726207,0.022697751562231444,188,366,210,278,273,173
1776764107.664784,20.0,6,-23,23.769728648009426,2.891694482726207,0.022697751562231444,188,366,210,278,273,173
1776764107.7222748,20.0,6,-23,23.769728648009426,2.891694482726207,0.022697751562231444,188,366,210,278,273,173
1776764107.7800612,20.0,6,-23,23.769728648009426,2.891694482726207,0.022697751562231444,188,366,210,278,273,173
1776764107.8370225,20.0,6,-23,23.769728648009426,2.891694482726207,0.022697751562231444,188,366,210,278,273,173
1776764107.8905797,20.0,6,-23,23.769728648009426,2.891694482726207,0.022697751562231444,188,366,210,278,273,173
1776764107.9480524,20.0,6,-23,23.769728648009426,2.891694482726207,0.022697751562231444,188,366,210,278,273,173
1776764108.0048423,20.0,6,-23,23.769728648009426,2.891694482726207,0.022697751562231444,188,366,210,278,273,173
1776764108.0630045,20.0,6,-23,23.769728648009426,2.891694482726207,0.022697751562231444,188,366,210,278,273,173
1776764108.119905,20.0,6,-23,23.769728648009426,2.891694482726207,0.022697751562231444,188,366,210,278,273,173
1776764108.1771348,20.0,6,-23,23.769728648009426,2.891694482726207,0.023210069795115612,188,366,210,277,273,173
1776764108.2303562,20.0,6,-23,23.769728648009426,2.891694482726207,0.023210069795115612,188,366,210,277,273,173
1776764108.2881615,20.0,6,-23,23.769728648009426,2.891694482726207,0.023210069795115612,188,366,210,277,273,173
1776764108.345083,20.0,6,-23,23.769728648009426,2.891694482726207,0.023210069795115612,188,366,210,277,273,173
1776764108.4022498,20.0,6,-23,23.769728648009426,2.891694482726207,0.023210069795115612,188,366,210,277,273,173
1776764108.4598317,20.0,6,-23,23.769728648009426,2.891694482726207,0.023210069795115612,188,366,210,277,273,173
1776764108.5178654,20.0,6,-23,23.769728648009426,2.891694482726207,0.023210069795115612,188,366,210,277,273,173
1776764108.5708046,20.0,6,-23,23.769728648009426,2.891694482726207,0.023210069795115612,188,366,210,277,273,173
1776764108.6278024,20.0,6,-23,23.769728648009426,2.891694482726207,0.023210069795115612,188,366,210,277,273,173
1776764108.6849606,20.0,6,-23,23.769728648009426,2.891694482726207,0.023210069795115612,188,366,210,277,273,173
1776764108.7423563,20.0,6,-23,23.769728648009426,2.891694482726207,0.023210069795115612,188,366,210,277,273,173
1776764108.8000026,20.0,6,-23,23.769728648009426,2.891694482726207,0.023210069795115612,188,366,210,277,273,173
1776764108.8565922,20.0,6,-23,23.769728648009426,2.891694482726207,0.023210069795115612,188,366,210,277,273,173
1776764108.9104917,20.0,6,-23,23.769728648009426,2.891694482726207,0.023210069795115612,188,366,210,277,273,173
1776764108.9674253,20.0,6,-23,23.769728648009426,2.891694482726207,0.023210069795115612,188,366,210,277,273,173
1776764109.0249383,20.0,6,-23,23.769728648009426,2.891694482726207,0.023210069795115612,188,366,210,277,273,173
1776764109.0824306,20.0,6,-23,23.769728648009426,2.891694482726207,0.023210069795115612,188,366,210,277,273,173
1776764109.139399,20.0,6,-23,23.769728648009426,2.891694482726207,0.023210069795115612,188,366,210,277,273,173
1776764109.1930318,20.0,6,-23,23.769728648009426,2.891694482726207,0.023210069795115612,188,366,210,277,273,173
1776764109.2515469,20.0,6,-23,23.769728648009426,2.891694482726207,0.023210069795115612,188,366,210,277,273,173
1776764109.3081477,20.0,6,-23,23.769728648009426,2.891694482726207,0.023210069795115612,188,366,210,277,273,173
1776764109.365613,20.0,6,-23,23.769728648009426,2.891694482726207,0.023210069795115612,188,366,210,277,273,173
1776764109.4220502,20.0,6,-23,23.769728648009426,2.891694482726207,0.023210069795115612,188,366,210,277,273,173
1776764109.4795198,20.0,6,-23,23.769728648009426,2.891694482726207,0.023210069795115612,188,366,210,277,273,173
1776764109.5324972,20.0,6,-24,24.73863375370596,3.0095661500858832,0.022796001300660503,188,366,210,277,273,172
1776764109.5899043,20.0,6,-24,24.73863375370596,3.0095661500858832,0.022796001300660503,188,366,210,277,273,172
1776764109.6479697,20.0,6,-24,24.73863375370596,3.0095661500858832,0.023301582811079354,188,366,210,276,273,172
1776764109.7049525,20.0,6,-24,24.73863375370596,3.0095661500858832,0.023301582811079354,188,366,210,276,273,172
1776764109.7622411,20.0,6,-24,24.73863375370596,3.0095661500858832,0.023301582811079354,188,366,210,276,273,172
1776764109.8203957,20.0,6,-25,25.709920264364882,3.1277275260784525,0.022889072306604894,188,366,210,276,273,171
1776764109.87303,20.0,6,-25,25.709920264364882,3.1277275260784525,0.022889072306604894,188,366,210,276,273,171
1776764109.930699,20.0,6,-25,25.709920264364882,3.1277275260784525,0.022889072306604894,188,366,210,276,273,171
1776764109.9874465,20.0,6,-25,25.709920264364882,3.1277275260784525,0.023388109745161787,188,366,210,275,273,171
1776764110.044952,20.0,6,-26,26.68332812825267,3.2461469742399838,0.02297716395676573,188,366,210,275,273,170
1776764110.1023312,20.0,6,-26,26.68332812825267,3.2461469742399838,0.02297716395676573,188,366,210,275,273,170
1776764110.1601758,20.0,6,-26,26.68332812825267,3.2461469742399838,0.02297716395676573,188,366,210,275,273,170
1776764110.213186,20.0,6,-27,27.65863337187866,3.3647972471871848,0.022573552743708054,188,366,210,275,273,169
1776764110.2697992,20.0,6,-27,27.65863337187866,3.3647972471871848,0.023060467017483762,188,366,210,274,273,169
1776764110.327723,20.0,6,-27,27.65863337187866,3.3647972471871848,0.023060467017483762,188,366,210,274,273,169
1776764110.3846998,20.0,6,-27,27.65863337187866,3.3647972471871848,0.021793809608378862,188,366,211,274,273,169
1776764110.442236,20.0,6,-28,28.635642126552707,3.4836547599212535,0.02139786096040623,188,366,211,274,273,168
1776764110.4996428,20.0,6,-28,28.635642126552707,3.4836547599212535,0.02188601379986348,188,366,211,273,273,168
1776764110.5523338,20.0,6,-28,28.635642126552707,3.4836547599212535,0.02188601379986348,188,366,211,273,273,168
1776764110.6099403,20.0,6,-29,29.614185789921695,3.602699001207019,0.021491508651807725,188,366,211,273,273,167
1776764110.6674635,20.0,7,-29,29.832867780352597,3.629302649677931,0.022443462898100973,188,366,211,272,274,167
1776764110.7255971,20.0,7,-29,29.832867780352597,3.629302649677931,0.022443462898100973,188,366,211,272,274,167
1776764110.7820673,20.0,7,-29,29.832867780352597,3.629302649677931,0.022443462898100973,188,366,211,272,274,167
1776764110.8357036,20.0,7,-30,30.805843601498726,3.747669537895222,0.022047635026782503,188,366,211,272,274,166
1776764110.8929036,20.0,7,-30,30.805843601498726,3.747669537895222,0.022047635026782503,188,366,211,272,274,166
1776764110.949785,20.0,7,-30,30.805843601498726,3.747669537895222,0.02252411894993449,188,366,211,271,274,166
1776764111.007839,20.0,7,-30,30.805843601498726,3.747669537895222,0.02252411894993449,188,366,211,271,274,166
1776764111.064459,20.0,7,-31,31.78049716414141,3.866240530917446,0.02212976752088633,188,366,211,271,274,165
1776764111.1216094,20.0,7,-31,31.78049716414141,3.866240530917446,0.02260045677432233,188,366,211,270,274,165
1776764111.1790233,20.0,7,-31,31.78049716414141,3.866240530917446,0.02260045677432233,188,366,211,270,274,165
1776764111.232268,20.0,7,-32,32.7566787083184,3.9849974097710943,0.022207586481269338,188,366,211,270,274,164
1776764111.2901876,20.0,7,-32,32.7566787083184,3.9849974097710943,0.022207586481269338,188,366,211,270,274,164
1776764111.3469503,20.0,7,-32,32.7566787083184,3.9849974097710943,0.022672635557019517,188,366,211,269,274,164
1776764111.404667,20.0,7,-32,32.7566787083184,3.9849974097710943,0.022672635557019517,188,366,211,269,274,164
1776764111.461906,20.0,7,-33,33.734255586866,4.1039240373316295,0.02228125040219481,188,366,211,269,274,163
1776764111.5161614,20.0,7,-33,33.734255586866,4.1039240373316295,0.02228125040219481,188,366,211,269,274,163
1776764111.5727742,20.0,7,-33,33.734255586866,4.1039240373316295,0.02228125040219481,188,366,211,269,274,163
1776764111.6296663,20.0,7,-34,34.713109915419565,4.22300607243547,0.022350911285847146,188,366,211,268,274,162
1776764111.6871836,20.0,7,-34,34.713109915419565,4.22300607243547,0.022350911285847146,188,366,211,268,274,162
1776764111.744483,20.0,7,-34,34.713109915419565,4.22300607243547,0.022350911285847146,188,366,211,268,274,162
1776764111.8019683,20.0,7,-34,34.713109915419565,4.22300607243547,0.022350911285847146,188,366,211,268,274,162
1776764111.8553936,20.0,7,-35,35.6931365951495,4.342230729336921,0.022416714948655533,188,366,211,267,274,161
1776764111.9128695,20.0,7,-35,35.6931365951495,4.342230729336921,0.022416714948655533,188,366,211,267,274,161
1776764111.9698036,20.0,7,-35,35.6931365951495,4.342230729336921,0.022416714948655533,188,366,211,267,274,161
1776764112.0275426,20.0,7,-35,35.6931365951495,4.342230729336921,0.022416714948655533,188,366,211,267,274,161
1776764112.0854146,20.0,7,-36,36.6742416417845,4.461586574426337,0.022478801311183055,188,366,211,266,274,160
1776764112.141418,20.0,7,-36,36.6742416417845,4.461586574426337,0.022478801311183055,188,366,211,266,274,160
1776764112.1956222,20.0,7,-36,36.6742416417845,4.461586574426337,0.021320257687717264,188,366,212,266,274,160
1776764112.2524328,20.0,7,-36,36.6742416417845,4.461586574426337,0.021320257687717264,188,366,212,266,274,160
1776764112.3094132,20.0,7,-37,37.656340767525464,4.58106335371356,0.021390215558304775,188,366,212,265,274,159
1776764112.3670514,20.0,7,-37,37.656340767525464,4.58106335371356,0.021390215558304775,188,366,212,265,274,159
1776764112.4244182,20.0,7,-37,37.656340767525464,4.58106335371356,0.021390215558304775,188,366,212,265,274,159
1776764112.478027,20.0,7,-37,37.656340767525464,4.58106335371356,0.021390215558304775,188,366,212,265,274,159
1776764112.535645,20.0,7,-37,37.656340767525464,4.58106335371356,0.021390215558304775,188,366,212,265,274,159
1776764112.5925272,20.0,7,-38,38.63935817272331,4.7006518458300866,0.021456514748357556,188,366,212,264,274,158
1776764112.6503475,20.0,7,-38,38.63935817272331,4.7006518458300866,0.021456514748357556,188,366,212,264,274,158
1776764112.7068443,20.0,7,-38,38.63935817272331,4.7006518458300866,0.021456514748357556,188,366,212,264,274,158
1776764112.7640827,20.0,7,-38,38.63935817272331,4.7006518458300866,0.021456514748357556,188,366,212,264,274,158
1776764112.8174455,20.0,7,-38,38.63935817272331,4.7006518458300866,0.021456514748357556,188,366,212,264,274,158
1776764112.8751822,20.0,7,-39,39.6232255123179,4.820343736291715,0.02108468863006721,188,366,212,264,274,157
1776764112.9326546,20.0,7,-39,39.6232255123179,4.820343736291715,0.02151928404994565,188,366,212,263,274,157
1776764112.9898658,20.0,7,-39,39.6232255123179,4.820343736291715,0.02151928404994565,188,366,212,263,274,157
1776764113.0469744,20.0,7,-39,39.6232255123179,4.820343736291715,0.02151928404994565,188,366,212,263,274,157
1776764113.1039627,20.0,7,-39,39.6232255123179,4.820343736291715,0.02151928404994565,188,366,212,263,274,157
1776764113.1579127,20.0,7,-40,40.607881008493905,4.940131509549136,0.021148844827032668,188,366,212,263,274,156
1776764113.2153065,20.0,7,-40,40.607881008493905,4.940131509549136,0.021578647231910806,188,366,212,262,274,156
1776764113.2735503,20.0,7,-40,40.607881008493905,4.940131509549136,0.021578647231910806,188,366,212,262,274,156
1776764113.3297923,20.0,7,-40,40.607881008493905,4.940131509549136,0.021578647231910806,188,366,212,262,274,156
1776764113.3866005,20.0,7,-40,40.607881008493905,4.940131509549136,0.021578647231910806,188,366,212,262,274,156
1776764113.4442863,20.0,7,-41,41.593268686170845,5.0600083559818545,0.021209596767746076,188,366,212,262,274,155
1776764113.497911,20.0,7,-41,41.593268686170845,5.0600083559818545,0.02163472326504546,188,366,212,261,274,155
1776764113.5550811,20.0,7,-41,41.593268686170845,5.0600083559818545,0.02163472326504546,188,366,212,261,274,155
1776764113.612404,20.0,7,-41,41.593268686170845,5.0600083559818545,0.02163472326504546,188,366,212,261,274,155
1776764113.6697278,20.0,7,-41,41.593268686170845,5.0600083559818545,0.02163472326504546,188,366,212,261,274,155
1776764113.727332,20.0,7,-42,42.579337712087536,5.179968091494834,0.02126706293824868,188,366,212,261,274,154
1776764113.780414,20.0,7,-42,42.579337712087536,5.179968091494834,0.02126706293824868,188,366,212,261,274,154
1776764113.8377151,20.0,7,-42,42.579337712087536,5.179968091494834,0.021687626535797214,188,366,212,260,274,154
1776764113.894975,20.0,7,-42,42.579337712087536,5.179968091494834,0.021687626535797214,188,366,212,260,274,154
1776764113.951959,20.0,7,-42,42.579337712087536,5.179968091494834,0.021687626535797214,188,366,212,260,274,154
1776764114.009731,20.0,7,-42,42.579337712087536,5.179968091494834,0.021687626535797214,188,366,212,260,274,154
1776764114.0675988,20.0,7,-42,42.579337712087536,5.179968091494834,0.021687626535797214,188,366,212,260,274,154
1776764114.120235,20.0,7,-43,43.56604182158393,5.300005087783933,0.021321357265640103,188,366,212,260,274,153
1776764114.1777613,20.0,7,-43,43.56604182158393,5.300005087783933,0.02173746704915011,188,366,212,259,274,153
1776764114.2350204,20.0,7,-43,43.56604182158393,5.300005087783933,0.02173746704915011,188,366,212,259,274,153
1776764114.2928088,20.0,7,-43,43.56604182158393,5.300005087783933,0.02173746704915011,188,366,212,259,274,153
1776764114.3495822,20.0,7,-43,43.56604182158393,5.300005087783933,0.02173746704915011,188,366,212,259,274,153
1776764114.4068887,20.0,7,-44,44.553338819890925,5.420114211665562,0.021372589319668945,188,366,212,259,274,152
1776764114.4608908,20.0,7,-44,44.553338819890925,5.420114211665562,0.021372589319668945,188,366,212,259,274,152
1776764114.517665,20.0,7,-44,44.553338819890925,5.420114211665562,0.021372589319668945,188,366,212,259,274,152
1776764114.5808594,20.0,6,-44,44.40720662234904,5.402336572061926,0.021339097471056303,188,366,212,258,273,152
1776764114.632249,20.0,6,-44,44.40720662234904,5.402336572061926,0.021339097471056303,188,366,212,258,273,152
1776764114.689406,20.0,6,-44,44.40720662234904,5.402336572061926,0.021339097471056303,188,366,212,258,273,152
1776764114.746817,20.0,6,-45,45.39823785126467,5.5228999819056765,0.020978310649826956,188,366,212,258,273,151
1776764114.7999196,20.0,6,-45,45.39823785126467,5.5228999819056765,0.020978310649826956,188,366,212,258,273,151
1776764114.8578258,20.0,6,-45,45.39823785126467,5.5228999819056765,0.020978310649826956,188,366,212,258,273,151
1776764114.9153183,20.0,6,-45,45.39823785126467,5.5228999819056765,0.020978310649826956,188,366,212,258,273,151
1776764114.972704,20.0,6,-45,45.39823785126467,5.5228999819056765,0.020978310649826956,188,366,212,258,273,151
1776764115.0301626,20.0,6,-45,45.39823785126467,5.5228999819056765,0.021385142121301357,188,366,212,257,273,151
1776764115.0867517,20.0,6,-45,45.39823785126467,5.5228999819056765,0.021385142121301357,188,366,212,257,273,151
1776764115.1399221,20.0,6,-45,45.39823785126467,5.5228999819056765,0.021385142121301357,188,366,212,257,273,151
1776764115.1977954,20.0,6,-45,45.39823785126467,5.5228999819056765,0.021385142121301357,188,366,212,257,273,151
1776764115.2546892,20.0,6,-46,46.389654018972806,5.643510221286229,0.02102572895959167,188,366,212,257,273,150
1776764115.3118198,20.0,6,-46,46.389654018972806,5.643510221286229,0.02102572895959167,188,366,212,257,273,150
1776764115.369403,20.0,6,-46,46.389654018972806,5.643510221286229,0.02102572895959167,188,366,212,257,273,150
1776764115.4226391,20.0,6,-46,46.389654018972806,5.643510221286229,0.02102572895959167,188,366,212,257,273,150
1776764115.4801154,20.0,6,-46,46.389654018972806,5.643510221286229,0.02102572895959167,188,366,212,257,273,150
1776764115.5376918,20.0,6,-46,46.389654018972806,5.643510221286229,0.021428407320581783,188,366,212,256,273,150
1776764115.5942914,20.0,6,-46,46.389654018972806,5.643510221286229,0.021428407320581783,188,366,212,256,273,150
1776764115.651697,20.0,6,-46,46.389654018972806,5.643510221286229,0.021428407320581783,188,366,212,256,273,150
1776764115.708929,20.0,6,-47,47.38143096192854,5.764164350599578,0.021070367387811387,188,366,212,256,273,149
1776764115.7627585,20.0,6,-47,47.38143096192854,5.764164350599578,0.021070367387811387,188,366,212,256,273,149
1776764115.8198686,20.0,6,-47,47.38143096192854,5.764164350599578,0.021070367387811387,188,366,212,256,273,149
1776764115.8774393,20.0,6,-47,47.38143096192854,5.764164350599578,0.021070367387811387,188,366,212,256,273,149
1776764115.9342728,20.0,6,-47,47.38143096192854,5.764164350599578,0.021070367387811387,188,366,212,256,273,149
1776764115.9924283,20.0,6,-47,47.38143096192854,5.764164350599578,0.021468987854746463,188,366,212,255,273,149
1776764116.0490808,20.0,6,-47,47.38143096192854,5.764164350599578,0.021468987854746463,188,366,212,255,273,149
1776764116.1024692,20.0,6,-47,47.38143096192854,5.764164350599578,0.021468987854746463,188,366,212,255,273,149
1776764116.160164,20.0,6,-48,48.373546489791295,5.884859670290911,0.021112320362777923,188,366,212,255,273,148
1776764116.2170568,20.0,6,-48,48.373546489791295,5.884859670290911,0.021112320362777923,188,366,212,255,273,148
1776764116.2742608,20.0,6,-48,48.373546489791295,5.884859670290911,0.021112320362777923,188,366,212,255,273,148
1776764116.33194,20.0,6,-48,48.373546489791295,5.884859670290911,0.021112320362777923,188,366,212,255,273,148
1776764116.3898098,20.0,6,-48,48.373546489791295,5.884859670290911,0.021112320362777923,188,366,212,255,273,148
1776764116.4427018,20.0,6,-48,48.373546489791295,5.884859670290911,0.021506974985381584,188,366,212,254,273,148
1776764116.5003805,20.0,6,-48,48.373546489791295,5.884859670290911,0.021506974985381584,188,366,212,254,273,148
1776764116.5574825,20.0,6,-48,48.373546489791295,5.884859670290911,0.021506974985381584,188,366,212,254,273,148
1776764116.6146076,20.0,6,-48,48.373546489791295,5.884859670290911,0.021506974985381584,188,366,212,254,273,148
1776764116.671797,20.0,6,-48,48.373546489791295,5.884859670290911,0.021506974985381584,188,366,212,254,273,148
1776764116.7293296,20.0,6,-49,49.36598018878993,6.005593696933081,0.021151678807452143,188,366,212,254,273,147
1776764116.7833922,20.0,6,-49,49.36598018878993,6.005593696933081,0.021151678807452143,188,366,212,254,273,147
1776764116.8401446,20.0,6,-49,49.36598018878993,6.005593696933081,0.021151678807452143,188,366,212,254,273,147
1776764116.8973918,20.0,6,-49,49.36598018878993,6.005593696933081,0.021151678807452143,188,366,212,254,273,147
1776764116.9547222,20.0,6,-49,49.36598018878993,6.005593696933081,0.021151678807452143,188,366,212,254,273,147
1776764117.0123231,20.0,6,-49,49.36598018878993,6.005593696933081,0.021542456599932057,188,366,212,253,273,147
1776764117.0658264,20.0,6,-49,49.36598018878993,6.005593696933081,0.021542456599932057,188,366,212,253,273,147
1776764117.1228113,20.0,5,-49,49.25444142409901,5.992024504148297,0.02110044481258417,188,366,212,253,272,147
1776764117.1795022,20.0,5,-49,49.25444142409901,5.992024504148297,0.02110044481258417,188,366,212,253,272,147
1776764117.2376356,20.0,5,-49,49.25444142409901,5.992024504148297,0.02110044481258417,188,366,212,253,272,147
1776764117.2947204,20.0,5,-49,49.25444142409901,5.992024504148297,0.02110044481258417,188,366,212,253,272,147
1776764117.351733,20.0,5,-49,49.25444142409901,5.992024504148297,0.02110044481258417,188,366,212,253,272,147
1776764117.4053705,20.0,5,-50,50.24937810560445,6.113063029878886,0.020749268712689176,188,366,212,253,272,146
1776764117.4624586,20.0,5,-50,50.24937810560445,6.113063029878886,0.020749268712689176,188,366,212,253,272,146
1776764117.51998,20.0,5,-50,50.24937810560445,6.113063029878886,0.020749268712689176,188,366,212,253,272,146
1776764117.578574,20.0,5,-50,50.24937810560445,6.113063029878886,0.02113544896005298,188,366,212,252,272,146
1776764117.6342497,20.0,5,-50,50.24937810560445,6.113063029878886,0.02113544896005298,188,366,212,252,272,146
1776764117.6918504,20.0,5,-50,50.24937810560445,6.113063029878886,0.02113544896005298,188,366,212,252,272,146
1776764117.7447777,20.0,5,-50,50.24937810560445,6.113063029878886,0.02113544896005298,188,366,212,252,272,146
1776764117.8023772,20.0,5,-50,50.24937810560445,6.113063029878886,0.02113544896005298,188,366,212,252,272,146
1776764117.8601003,20.0,5,-50,50.24937810560445,6.113063029878886,0.02113544896005298,188,366,212,252,272,146
1776764117.9166374,20.0,5,-50,50.24937810560445,6.113063029878886,0.02113544896005298,188,366,212,252,272,146
1776764117.9739652,20.0,5,-50,50.24937810560445,6.113063029878886,0.02113544896005298,188,366,212,252,272,146
1776764118.0317357,20.0,5,-51,51.24451190127583,6.234125535435015,0.020785623704439916,188,366,212,252,272,145
1776764118.0848126,20.0,5,-51,51.24451190127583,6.234125535435015,0.020785623704439916,188,366,212,252,272,145
1776764118.1423807,20.0,5,-51,51.24451190127583,6.234125535435015,0.020785623704439916,188,366,212,252,272,145
1776764118.1993058,20.0,5,-51,51.24451190127583,6.234125535435015,0.020785623704439916,188,366,212,252,272,145
1776764118.256973,20.0,5,-51,51.24451190127583,6.234125535435015,0.021168093448916733,188,366,212,251,272,145
1776764118.3146367,20.0,5,-51,51.24451190127583,6.234125535435015,0.021168093448916733,188,366,212,251,272,145
1776764118.3718567,20.0,5,-51,51.24451190127583,6.234125535435015,0.021168093448916733,188,366,212,251,272,145
1776764118.4251707,20.0,5,-51,51.24451190127583,6.234125535435015,0.021168093448916733,188,366,212,251,272,145
1776764118.4820683,20.0,5,-51,51.24451190127583,6.234125535435015,0.021168093448916733,188,366,212,251,272,145
1776764118.5400245,20.0,5,-51,51.24451190127583,6.234125535435015,0.021168093448916733,188,366,212,251,272,145
1776764118.5979052,20.0,5,-51,51.24451190127583,6.234125535435015,0.021168093448916733,188,366,212,251,272,145
1776764118.6546774,20.0,5,-52,52.23983154643591,6.355210650417993,0.02081961723389107,188,366,212,251,272,144
1776764118.7073052,20.0,5,-52,52.23983154643591,6.355210650417993,0.02081961723389107,188,366,212,251,272,144
1776764118.7648938,20.0,5,-52,52.23983154643591,6.355210650417993,0.02081961723389107,188,366,212,251,272,144
1776764118.8220994,20.0,5,-52,52.23983154643591,6.355210650417993,0.02081961723389107,188,366,212,251,272,144
1776764118.8798912,20.0,5,-52,52.23983154643591,6.355210650417993,0.02081961723389107,188,366,212,251,272,144
1776764118.9368734,20.0,5,-52,52.23983154643591,6.355210650417993,0.021198457280474904,188,366,212,250,272,144
1776764118.9942265,20.0,5,-52,52.23983154643591,6.355210650417993,0.021198457280474904,188,366,212,250,272,144
1776764119.0477328,20.0,5,-52,52.23983154643591,6.355210650417993,0.021198457280474904,188,366,212,250,272,144
1776764119.104762,20.0,5,-52,52.23983154643591,6.355210650417993,0.021198457280474904,188,366,212,250,272,144
1776764119.1628237,20.0,5,-52,52.23983154643591,6.355210650417993,0.021198457280474904,188,366,212,250,272,144
1776764119.219264,20.0,5,-52,52.23983154643591,6.355210650417993,0.021198457280474904,188,366,212,250,272,144
1776764119.2772956,20.0,5,-52,52.23983154643591,6.355210650417993,0.021198457280474904,188,366,212,250,272,144
1776764119.3348606,20.0,5,-52,52.23983154643591,6.355210650417993,0.021198457280474904,188,366,212,250,272,144
1776764119.3879938,20.0,5,-52,52.23983154643591,6.355210650417993,0.021198457280474904,188,366,212,250,272,144
1776764119.4449787,20.0,5,-52,52.23983154643591,6.355210650417993,0.021198457280474904,188,366,212,250,272,144
1776764119.5021799,20.0,5,-52,52.23983154643591,6.355210650417993,0.021198457280474904,188,366,212,250,272,144
1776764119.5598748,20.0,5,-53,53.23532661682466,6.476317106669666,0.02085132802450583,188,366,212,250,272,143
1776764119.6165686,20.0,5,-53,53.23532661682466,6.476317106669666,0.02085132802450583,188,366,212,250,272,143
1776764119.673829,20.0,5,-53,53.23532661682466,6.476317106669666,0.02085132802450583,188,366,212,250,272,143
1776764119.7283182,20.0,5,-53,53.23532661682466,6.476317106669666,0.02085132802450583,188,366,212,250,272,143
1776764119.7849207,20.0,5,-53,53.23532661682466,6.476317106669666,0.021226616601139406,188,366,212,249,272,143
1776764119.8417356,20.0,5,-53,53.23532661682466,6.476317106669666,0.021226616601139406,188,366,212,249,272,143
1776764119.8993485,20.0,5,-53,53.23532661682466,6.476317106669666,0.021226616601139406,188,366,212,249,272,143
1776764119.9568717,20.0,5,-53,53.23532661682466,6.476317106669666,0.021226616601139406,188,366,212,249,272,143
1776764120.0105717,20.0,5,-53,53.23532661682466,6.476317106669666,0.021226616601139406,188,366,212,249,272,143
1776764120.0677068,20.0,5,-53,53.23532661682466,6.476317106669666,0.021226616601139406,188,366,212,249,272,143
1776764120.125003,20.0,5,-53,53.23532661682466,6.476317106669666,0.021226616601139406,188,366,212,249,272,143
1776764120.1817956,20.0,5,-53,53.23532661682466,6.476317106669666,0.021226616601139406,188,366,212,249,272,143
1776764120.2394655,20.0,5,-53,53.23532661682466,6.476317106669666,0.021226616601139406,188,366,212,249,272,143
1776764120.2967181,20.0,5,-53,53.23532661682466,6.476317106669666,0.021226616601139406,188,366,212,249,272,143
1776764120.3500047,20.0,5,-53,53.23532661682466,6.476317106669666,0.021226616601139406,188,366,212,249,272,143
1776764120.4074867,20.0,5,-53,53.23532661682466,6.476317106669666,0.021226616601139406,188,366,212,249,272,143
1776764120.4647186,20.0,5,-53,53.23532661682466,6.476317106669666,0.021226616601139406,188,366,212,249,272,143
1776764120.5223324,20.0,5,-54,54.230987451824994,6.597443728932481,0.02088083195980805,188,366,212,249,272,142
1776764120.579645,20.0,5,-54,54.230987451824994,6.597443728932481,0.02088083195980805,188,366,212,249,272,142
1776764120.636889,20.0,4,-54,54.147945482723536,6.587341299601403,0.02044279211900443,188,366,212,249,271,142
1776764120.6898632,20.0,4,-54,54.147945482723536,6.587341299601403,0.02044279211900443,188,366,212,249,271,142
1776764120.7468567,20.0,4,-54,54.147945482723536,6.587341299601403,0.02044279211900443,188,366,212,249,271,142
1776764120.8050902,20.0,4,-54,54.147945482723536,6.587341299601403,0.020813684536962956,188,366,212,248,271,142
1776764120.8620408,20.0,4,-54,54.147945482723536,6.587341299601403,0.020813684536962956,188,366,212,248,271,142
1776764120.9192138,20.0,4,-54,54.147945482723536,6.587341299601403,0.020813684536962956,188,366,212,248,271,142
1776764120.9762363,20.0,4,-54,54.147945482723536,6.587341299601403,0.020813684536962956,188,366,212,248,271,142
1776764121.0296006,20.0,4,-54,54.147945482723536,6.587341299601403,0.020813684536962956,188,366,212,248,271,142
1776764121.0872543,20.0,4,-54,54.147945482723536,6.587341299601403,0.020813684536962956,188,366,212,248,271,142
1776764121.1448507,20.0,4,-54,54.147945482723536,6.587341299601403,0.020813684536962956,188,366,212,248,271,142
1776764121.202102,20.0,4,-54,54.147945482723536,6.587341299601403,0.020813684536962956,188,366,212,248,271,142
1776764121.2587981,20.0,4,-54,54.147945482723536,6.587341299601403,0.020813684536962956,188,366,212,248,271,142
1776764121.316379,20.0,4,-54,54.147945482723536,6.587341299601403,0.020813684536962956,188,366,212,248,271,142
1776764121.370236,20.0,4,-54,54.147945482723536,6.587341299601403,0.020813684536962956,188,366,212,248,271,142
1776764121.4278338,20.0,4,-54,54.147945482723536,6.587341299601403,0.020813684536962956,188,366,212,248,271,142
1776764121.4850342,20.0,4,-54,54.147945482723536,6.587341299601403,0.020813684536962956,188,366,212,248,271,142
1776764121.541672,20.0,4,-54,54.147945482723536,6.587341299601403,0.020813684536962956,188,366,212,248,271,142
1776764121.5990245,20.0,4,-54,54.147945482723536,6.587341299601403,0.020813684536962956,188,366,212,248,271,142
1776764121.6524014,20.0,4,-54,54.147945482723536,6.587341299601403,0.020813684536962956,188,366,212,248,271,142
1776764121.7101743,20.0,4,-55,55.14526271584895,6.70866943015194,0.02083953068998778,188,366,212,247,271,141
1776764121.7673993,20.0,4,-55,55.14526271584895,6.70866943015194,0.02083953068998778,188,366,212,247,271,141
1776764121.8243077,20.0,4,-55,55.14526271584895,6.70866943015194,0.02083953068998778,188,366,212,247,271,141
1776764121.8815682,20.0,4,-55,55.14526271584895,6.70866943015194,0.02083953068998778,188,366,212,247,271,141
1776764121.9393415,20.0,4,-55,55.14526271584895,6.70866943015194,0.02083953068998778,188,366,212,247,271,141
1776764121.9928703,20.0,4,-55,55.14526271584895,6.70866943015194,0.02083953068998778,188,366,212,247,271,141
1776764122.0495472,20.0,4,-55,55.14526271584895,6.70866943015194,0.02083953068998778,188,366,212,247,271,141
1776764122.1076863,20.0,4,-55,55.14526271584895,6.70866943015194,0.02083953068998778,188,366,212,247,271,141
1776764122.16474,20.0,4,-55,55.14526271584895,6.70866943015194,0.02083953068998778,188,366,212,247,271,141
1776764122.2220845,20.0,4,-55,55.14526271584895,6.70866943015194,0.019838393652044067,188,366,213,247,271,141
1776764122.2786744,20.0,4,-55,55.14526271584895,6.70866943015194,0.019838393652044067,188,366,213,247,271,141
1776764122.3324227,20.0,4,-55,55.14526271584895,6.70866943015194,0.019838393652044067,188,366,213,247,271,141
1776764122.3893013,20.0,4,-55,55.14526271584895,6.70866943015194,0.019838393652044067,188,366,213,247,271,141
1776764122.4471672,20.0,4,-55,55.14526271584895,6.70866943015194,0.019838393652044067,188,366,213,247,271,141
1776764122.504162,20.0,4,-55,55.14526271584895,6.70866943015194,0.019838393652044067,188,366,213,247,271,141
1776764122.5616732,20.0,4,-55,55.14526271584895,6.70866943015194,0.019838393652044067,188,366,213,247,271,141
1776764122.6190586,20.0,4,-55,55.14526271584895,6.70866943015194,0.019838393652044067,188,366,213,247,271,141
1776764122.6722052,20.0,4,-55,55.14526271584895,6.70866943015194,0.019838393652044067,188,366,213,247,271,141
1776764122.7298937,20.0,4,-55,55.14526271584895,6.70866943015194,0.019838393652044067,188,366,213,247,271,141
1776764122.78666,20.0,4,-55,55.14526271584895,6.70866943015194,0.020396006642163456,189,366,213,247,271,141
1776764122.8444707,20.0,4,-55,55.14526271584895,6.70866943015194,0.020396006642163456,189,366,213,247,271,141
1776764122.9012277,20.0,4,-55,55.14526271584895,6.70866943015194,0.020396006642163456,189,366,213,247,271,141
1776764122.955272,20.0,4,-56,56.142675390472796,6.830009171590364,0.020058605997690566,189,366,213,247,271,140
1776764123.0133367,20.0,4,-56,56.142675390472796,6.830009171590364,0.020421734003071113,189,366,213,246,271,140
1776764123.070653,20.0,4,-56,56.142675390472796,6.830009171590364,0.020421734003071113,189,366,213,246,271,140
1776764123.1270807,20.0,4,-56,56.142675390472796,6.830009171590364,0.020421734003071113,189,366,213,246,271,140
1776764123.1841495,20.0,4,-56,56.142675390472796,6.830009171590364,0.020421734003071113,189,366,213,246,271,140
1776764123.2420762,20.0,4,-56,56.142675390472796,6.830009171590364,0.020421734003071113,189,366,213,246,271,140
1776764123.2946668,20.0,4,-56,56.142675390472796,6.830009171590364,0.020421734003071113,189,366,213,246,271,140
1776764123.3523571,20.0,4,-56,56.142675390472796,6.830009171590364,0.020421734003071113,189,366,213,246,271,140
1776764123.4100723,20.0,4,-56,56.142675390472796,6.830009171590364,0.020421734003071113,189,366,213,246,271,140
1776764123.467015,20.0,4,-56,56.142675390472796,6.830009171590364,0.020421734003071113,189,366,213,246,271,140
1776764123.5246704,20.0,4,-56,56.142675390472796,6.830009171590364,0.020421734003071113,189,366,213,246,271,140
1776764123.5815406,20.0,4,-56,56.142675390472796,6.830009171590364,0.020421734003071113,189,366,213,246,271,140
1776764123.6351392,20.0,4,-56,56.142675390472796,6.830009171590364,0.020421734003071113,189,366,213,246,271,140
1776764123.6927092,20.0,4,-56,56.142675390472796,6.830009171590364,0.020421734003071113,189,366,213,246,271,140
1776764123.749329,20.0,4,-56,56.142675390472796,6.830009171590364,0.020421734003071113,189,366,213,246,271,140
1776764123.8069744,20.0,4,-56,56.142675390472796,6.830009171590364,0.020421734003071113,189,366,213,246,271,140
1776764123.863783,20.0,4,-56,56.142675390472796,6.830009171590364,0.020421734003071113,189,366,213,246,271,140
1776764123.9212594,20.0,4,-56,56.142675390472796,6.830009171590364,0.020421734003071113,189,366,213,246,271,140
1776764123.974954,20.0,4,-56,56.142675390472796,6.830009171590364,0.020421734003071113,189,366,213,246,271,140
1776764124.0322762,20.0,4,-56,56.142675390472796,6.830009171590364,0.020421734003071113,189,366,213,246,271,140
1776764124.090104,20.0,4,-56,56.142675390472796,6.830009171590364,0.020421734003071113,189,366,213,246,271,140
1776764124.1465378,20.0,4,-56,56.142675390472796,6.830009171590364,0.020421734003071113,189,366,213,246,271,140
1776764124.2041879,20.0,4,-56,56.142675390472796,6.830009171590364,0.020421734003071113,189,366,213,246,271,140
1776764124.2571526,20.0,4,-56,56.142675390472796,6.830009171590364,0.020421734003071113,189,366,213,246,271,140
1776764124.3148172,20.0,4,-56,56.142675390472796,6.830009171590364,0.020421734003071113,189,366,213,246,271,140
1776764124.3731425,20.0,4,-56,56.142675390472796,6.830009171590364,0.020421734003071113,189,366,213,246,271,140
1776764124.4296658,20.0,4,-57,57.14017850864661,6.9513599158937485,0.02008563514222529,189,366,213,246,271,139
1776764124.4870164,20.0,4,-57,57.14017850864661,6.9513599158937485,0.02008563514222529,189,366,213,246,271,139
1776764124.5440671,20.0,4,-57,57.14017850864661,6.9513599158937485,0.02008563514222529,189,366,213,246,271,139
1776764124.597784,20.0,4,-57,57.14017850864661,6.9513599158937485,0.02008563514222529,189,366,213,246,271,139
1776764124.6550047,20.0,4,-57,57.14017850864661,6.9513599158937485,0.02008563514222529,189,366,213,246,271,139
1776764124.7116983,20.0,4,-57,57.14017850864661,6.9513599158937485,0.020445498156907587,189,366,213,245,271,139
1776764124.769122,20.0,4,-57,57.14017850864661,6.9513599158937485,0.020445498156907587,189,366,213,245,271,139
1776764124.8263388,20.0,4,-57,57.14017850864661,6.9513599158937485,0.020445498156907587,189,366,213,245,271,139
1776764124.8835776,20.0,4,-57,57.14017850864661,6.9513599158937485,0.020445498156907587,189,366,213,245,271,139
1776764124.9374747,20.0,4,-57,57.14017850864661,6.9513599158937485,0.020445498156907587,189,366,213,245,271,139
1776764124.9946213,20.0,4,-57,57.14017850864661,6.9513599158937485,0.020445498156907587,189,366,213,245,271,139
1776764125.0523145,20.0,4,-57,57.14017850864661,6.9513599158937485,0.020445498156907587,189,366,213,245,271,139
1776764125.1099896,20.0,4,-57,57.14017850864661,6.9513599158937485,0.020445498156907587,189,366,213,245,271,139
1776764125.1671627,20.0,4,-57,57.14017850864661,6.9513599158937485,0.020445498156907587,189,366,213,245,271,139
1776764125.2239964,20.0,4,-57,57.14017850864661,6.9513599158937485,0.020445498156907587,189,366,213,245,271,139
1776764125.2777262,20.0,4,-57,57.14017850864661,6.9513599158937485,0.020445498156907587,189,366,213,245,271,139
1776764125.3345506,20.0,4,-57,57.14017850864661,6.9513599158937485,0.020445498156907587,189,366,213,245,271,139
1776764125.3916187,20.0,4,-57,57.14017850864661,6.9513599158937485,0.020445498156907587,189,366,213,245,271,139
1776764125.449521,20.0,4,-57,57.14017850864661,6.9513599158937485,0.020445498156907587,189,366,213,245,271,139
1776764125.5066955,20.0,4,-57,57.14017850864661,6.9513599158937485,0.020445498156907587,189,366,213,245,271,139
1776764125.5638468,20.0,4,-57,57.14017850864661,6.9513599158937485,0.020445498156907587,189,366,213,245,271,139
1776764125.6171334,20.0,4,-57,57.14017850864661,6.9513599158937485,0.020445498156907587,189,366,213,245,271,139
1776764125.6754851,20.0,4,-57,57.14017850864661,6.9513599158937485,0.020445498156907587,189,366,213,245,271,139
1776764125.732348,20.0,4,-57,57.14017850864661,6.9513599158937485,0.020445498156907587,189,366,213,245,271,139
1776764125.7897193,20.0,4,-57,57.14017850864661,6.9513599158937485,0.020445498156907587,189,366,213,245,271,139
1776764125.847349,20.0,4,-57,57.14017850864661,6.9513599158937485,0.020445498156907587,189,366,213,245,271,139
1776764125.957141,20.0,4,-57,57.14017850864661,6.9513599158937485,0.020445498156907587,189,366,213,245,271,139
1776764126.0147169,20.0,4,-57,57.14017850864661,6.9513599158937485,0.020445498156907587,189,366,213,245,271,139
1776764126.071998,20.0,4,-57,57.14017850864661,6.9513599158937485,0.020445498156907587,189,366,213,245,271,139
1776764126.1295836,20.0,4,-57,57.14017850864661,6.9513599158937485,0.020445498156907587,189,366,213,245,271,139
1776764126.1869273,20.0,4,-58,58.137767414994535,7.072721096714663,0.020110698248802815,189,366,213,245,271,138
1776764126.2400892,20.0,4,-58,58.137767414994535,7.072721096714663,0.020110698248802815,189,366,213,245,271,138
1776764126.297356,20.0,4,-58,58.137767414994535,7.072721096714663,0.020110698248802815,189,366,213,245,271,138
1776764126.354778,20.0,4,-58,58.137767414994535,7.072721096714663,0.020110698248802815,189,366,213,245,271,138
1776764126.4119859,20.0,4,-58,58.137767414994535,7.072721096714663,0.020110698248802815,189,366,213,245,271,138
1776764126.47014,20.0,4,-58,58.137767414994535,7.072721096714663,0.019568134227099396,188,366,213,245,271,138
1776764126.5265436,20.0,4,-58,58.137767414994535,7.072721096714663,0.019568134227099396,188,366,213,245,271,138
1776764126.580251,20.0,4,-58,58.137767414994535,7.072721096714663,0.019929059946704672,188,366,213,244,271,138
1776764126.6376655,20.0,4,-58,58.137767414994535,7.072721096714663,0.019929059946704672,188,366,213,244,271,138
1776764126.6944323,20.0,4,-58,58.137767414994535,7.072721096714663,0.019929059946704672,188,366,213,244,271,138
1776764126.7520928,20.0,4,-58,58.137767414994535,7.072721096714663,0.019929059946704672,188,366,213,244,271,138
1776764126.808737,20.0,4,-58,58.137767414994535,7.072721096714663,0.019929059946704672,188,366,213,244,271,138
1776764126.8664546,20.0,4,-58,58.137767414994535,7.072721096714663,0.019929059946704672,188,366,213,244,271,138
1776764126.9201736,20.0,4,-58,58.137767414994535,7.072721096714663,0.019929059946704672,188,366,213,244,271,138
1776764126.9771595,20.0,4,-58,58.137767414994535,7.072721096714663,0.019929059946704672,188,366,213,244,271,138
1776764127.0346017,20.0,4,-58,58.137767414994535,7.072721096714663,0.019929059946704672,188,366,213,244,271,138
1776764127.0919125,20.0,4,-58,58.137767414994535,7.072721096714663,0.019929059946704672,188,366,213,244,271,138
1776764127.1490438,20.0,4,-58,58.137767414994535,7.072721096714663,0.019929059946704672,188,366,213,244,271,138
1776764127.2024283,20.0,4,-58,58.137767414994535,7.072721096714663,0.019929059946704672,188,366,213,244,271,138
1776764127.25984,20.0,4,-58,58.137767414994535,7.072721096714663,0.019929059946704672,188,366,213,244,271,138
1776764127.3176289,20.0,4,-58,58.137767414994535,7.072721096714663,0.019929059946704672,188,366,213,244,271,138
1776764127.3750052,20.0,4,-58,58.137767414994535,7.072721096714663,0.019929059946704672,188,366,213,244,271,138
1776764127.4325893,20.0,4,-58,58.137767414994535,7.072721096714663,0.019929059946704672,188,366,213,244,271,138
1776764127.4895163,20.0,4,-58,58.137767414994535,7.072721096714663,0.019929059946704672,188,366,213,244,271,138
1776764127.5436742,20.0,4,-58,58.137767414994535,7.072721096714663,0.019929059946704672,188,366,213,244,271,138
1776764127.6004605,20.0,4,-58,58.137767414994535,7.072721096714663,0.019929059946704672,188,366,213,244,271,138
1776764127.6576905,20.0,4,-58,58.137767414994535,7.072721096714663,0.019929059946704672,188,366,213,244,271,138
1776764127.7155323,20.0,4,-58,58.137767414994535,7.072721096714663,0.019929059946704672,188,366,213,244,271,138
1776764127.7714727,20.0,4,-58,58.137767414994535,7.072721096714663,0.019929059946704672,188,366,213,244,271,138
1776764127.8287265,20.0,4,-58,58.137767414994535,7.072721096714663,0.019929059946704672,188,366,213,244,271,138
1776764127.882434,20.0,4,-58,58.137767414994535,7.072721096714663,0.019929059946704672,188,366,213,244,271,138
1776764127.9399343,20.0,4,-58,58.137767414994535,7.072721096714663,0.019929059946704672,188,366,213,244,271,138
1776764127.9970071,20.0,4,-58,58.137767414994535,7.072721096714663,0.019929059946704672,188,366,213,244,271,138
1776764128.0545323,20.0,4,-58,58.137767414994535,7.072721096714663,0.019929059946704672,188,366,213,244,271,138
1776764128.1123435,20.0,4,-58,58.137767414994535,7.072721096714663,0.019929059946704672,188,366,213,244,271,138
1776764128.1689346,20.0,4,-58,58.137767414994535,7.072721096714663,0.019929059946704672,188,366,213,244,271,138
1776764128.2222967,20.0,4,-58,58.137767414994535,7.072721096714663,0.019929059946704672,188,366,213,244,271,138
1776764128.2795198,20.0,4,-59,59.135437767890075,7.1940921858747044,0.019597586868922056,188,366,213,244,271,137
1776764128.3368506,20.0,4,-59,59.135437767890075,7.1940921858747044,0.019955306125923417,188,366,213,243,271,137
1776764128.3943808,20.0,4,-59,59.135437767890075,7.1940921858747044,0.019955306125923417,188,366,213,243,271,137
1776764128.4511335,20.0,4,-59,59.135437767890075,7.1940921858747044,0.019955306125923417,188,366,213,243,271,137
1776764128.508999,20.0,4,-59,59.135437767890075,7.1940921858747044,0.019955306125923417,188,366,213,243,271,137
1776764128.5622952,20.0,4,-59,59.135437767890075,7.1940921858747044,0.019955306125923417,188,366,213,243,271,137
1776764128.6201687,20.0,4,-59,59.135437767890075,7.1940921858747044,0.019955306125923417,188,366,213,243,271,137
1776764128.6774266,20.0,4,-59,59.135437767890075,7.1940921858747044,0.019955306125923417,188,366,213,243,271,137
1776764128.7343004,20.0,4,-59,59.135437767890075,7.1940921858747044,0.019955306125923417,188,366,213,243,271,137
1776764128.7917633,20.0,4,-59,59.135437767890075,7.1940921858747044,0.019955306125923417,188,366,213,243,271,137
1776764128.8450212,20.0,4,-59,59.135437767890075,7.1940921858747044,0.019955306125923417,188,366,213,243,271,137
1776764128.9021597,20.0,4,-59,59.135437767890075,7.1940921858747044,0.019955306125923417,188,366,213,243,271,137
1776764128.959966,20.0,4,-59,59.135437767890075,7.1940921858747044,0.019955306125923417,188,366,213,243,271,137
1776764129.0169482,20.0,4,-59,59.135437767890075,7.1940921858747044,0.019955306125923417,188,366,213,243,271,137
1776764129.0743139,20.0,4,-59,59.135437767890075,7.1940921858747044,0.019955306125923417,188,366,213,243,271,137
1776764129.131507,20.0,4,-59,59.135437767890075,7.1940921858747044,0.019955306125923417,188,366,213,243,271,137
1776764129.1848931,20.0,4,-59,59.135437767890075,7.1940921858747044,0.018980502395537124,188,366,214,243,271,137
1776764129.2424746,20.0,4,-59,59.135437767890075,7.1940921858747044,0.018980502395537124,188,366,214,243,271,137
1776764129.2991173,20.0,4,-59,59.135437767890075,7.1940921858747044,0.018980502395537124,188,366,214,243,271,137
1776764129.3562915,20.0,3,-59,59.07622195096772,7.186888315202885,0.01852993249906745,188,366,214,243,270,137
1776764129.413957,20.0,3,-59,59.07622195096772,7.186888315202885,0.01852993249906745,188,366,214,243,270,137
1776764129.4719698,20.0,3,-59,59.07622195096772,7.186888315202885,0.01852993249906745,188,366,214,243,270,137
1776764129.525077,20.0,3,-59,59.07622195096772,7.186888315202885,0.01852993249906745,188,366,214,243,270,137
1776764129.581682,20.0,3,-59,59.07622195096772,7.186888315202885,0.01852993249906745,188,366,214,243,270,137
1776764129.6397629,20.0,3,-59,59.07622195096772,7.186888315202885,0.01852993249906745,188,366,214,243,270,137
1776764129.6968462,20.0,3,-59,59.07622195096772,7.186888315202885,0.01852993249906745,188,366,214,243,270,137
1776764129.7542403,20.0,3,-59,59.07622195096772,7.186888315202885,0.01852993249906745,188,366,214,243,270,137
1776764129.8110645,20.0,3,-59,59.07622195096772,7.186888315202885,0.01852993249906745,188,366,214,243,270,137
1776764129.8643727,20.0,3,-59,59.07622195096772,7.186888315202885,0.01852993249906745,188,366,214,243,270,137
1776764129.921945,20.0,3,-59,59.07622195096772,7.186888315202885,0.01852993249906745,188,366,214,243,270,137
1776764129.979342,20.0,3,-59,59.07622195096772,7.186888315202885,0.01852993249906745,188,366,214,243,270,137
1776764130.0375478,20.0,3,-60,60.07495318350236,7.308388465146272,0.018207894876207796,188,366,214,243,270,136
1776764130.0942702,20.0,3,-60,60.07495318350236,7.308388465146272,0.018207894876207796,188,366,214,243,270,136
1776764130.1476395,20.0,3,-60,60.07495318350236,7.308388465146272,0.018207894876207796,188,366,214,243,270,136
1776764130.204771,20.0,3,-60,60.07495318350236,7.308388465146272,0.018564136466893685,188,366,214,242,270,136
1776764130.2618532,20.0,3,-60,60.07495318350236,7.308388465146272,0.018564136466893685,188,366,214,242,270,136
1776764130.3194554,20.0,3,-60,60.07495318350236,7.308388465146272,0.018564136466893685,188,366,214,242,270,136
1776764130.3769908,20.0,3,-60,60.07495318350236,7.308388465146272,0.018564136466893685,188,366,214,242,270,136
1776764130.4341223,20.0,3,-60,60.07495318350236,7.308388465146272,0.019090424343732575,189,366,214,242,270,136
1776764130.4873204,20.0,3,-60,60.07495318350236,7.308388465146272,0.019090424343732575,189,366,214,242,270,136
1776764130.544225,20.0,3,-60,60.07495318350236,7.308388465146272,0.019090424343732575,189,366,214,242,270,136
1776764130.6019926,20.0,3,-60,60.07495318350236,7.308388465146272,0.019090424343732575,189,366,214,242,270,136
1776764130.6602902,20.0,3,-60,60.07495318350236,7.308388465146272,0.019090424343732575,189,366,214,242,270,136
1776764130.7169595,20.0,3,-60,60.07495318350236,7.308388465146272,0.019090424343732575,189,366,214,242,270,136
1776764130.7745109,20.0,3,-60,60.07495318350236,7.308388465146272,0.019090424343732575,189,366,214,242,270,136
1776764130.8274975,20.0,3,-60,60.07495318350236,7.308388465146272,0.019090424343732575,189,366,214,242,270,136
1776764130.885061,20.0,3,-60,60.07495318350236,7.308388465146272,0.019090424343732575,189,366,214,242,270,136
1776764130.9421947,20.0,3,-60,60.07495318350236,7.308388465146272,0.019090424343732575,189,366,214,242,270,136
1776764130.9993627,20.0,3,-60,60.07495318350236,7.308388465146272,0.019090424343732575,189,366,214,242,270,136
1776764131.0561252,20.0,3,-60,60.07495318350236,7.308388465146272,0.019090424343732575,189,366,214,242,270,136
1776764131.1144307,20.0,3,-60,60.07495318350236,7.308388465146272,0.019090424343732575,189,366,214,242,270,136
1776764131.167503,20.0,3,-60,60.07495318350236,7.308388465146272,0.019090424343732575,189,366,214,242,270,136
1776764131.2250385,20.0,3,-60,60.07495318350236,7.308388465146272,0.019090424343732575,189,366,214,242,270,136
1776764131.2814517,20.0,3,-60,60.07495318350236,7.308388465146272,0.019090424343732575,189,366,214,242,270,136
1776764131.339228,20.0,3,-60,60.07495318350236,7.308388465146272,0.019090424343732575,189,366,214,242,270,136
1776764131.3968608,20.0,3,-60,60.07495318350236,7.308388465146272,0.019090424343732575,189,366,214,242,270,136
1776764131.4542344,20.0,3,-60,60.07495318350236,7.308388465146272,0.019090424343732575,189,366,214,242,270,136
1776764131.5072799,20.0,3,-60,60.07495318350236,7.308388465146272,0.019090424343732575,189,366,214,242,270,136
1776764131.564095,20.0,3,-60,60.07495318350236,7.308388465146272,0.019090424343732575,189,366,214,242,270,136
1776764131.621442,20.0,3,-60,60.07495318350236,7.308388465146272,0.019090424343732575,189,366,214,242,270,136
1776764131.6791182,20.0,3,-60,60.07495318350236,7.308388465146272,0.019090424343732575,189,366,214,242,270,136
1776764131.7362695,20.0,3,-60,60.07495318350236,7.308388465146272,0.019090424343732575,189,366,214,242,270,136
1776764131.7894173,20.0,3,-60,60.07495318350236,7.308388465146272,0.019090424343732575,189,366,214,242,270,136
1776764131.846783,20.0,3,-60,60.07495318350236,7.308388465146272,0.019090424343732575,189,366,214,242,270,136
1776764131.9042213,20.0,3,-61,61.07372593840988,7.4298936664732205,0.019116687160784063,189,366,214,241,270,135
1776764131.961717,20.0,3,-61,61.07372593840988,7.4298936664732205,0.019116687160784063,189,366,214,241,270,135
1776764132.0193381,20.0,3,-61,61.07372593840988,7.4298936664732205,0.019116687160784063,189,366,214,241,270,135
1776764132.076896,20.0,3,-61,61.07372593840988,7.4298936664732205,0.019116687160784063,189,366,214,241,270,135
1776764132.129891,20.0,3,-61,61.07372593840988,7.4298936664732205,0.019116687160784063,189,366,214,241,270,135
1776764132.1871166,20.0,3,-61,61.07372593840988,7.4298936664732205,0.019116687160784063,189,366,214,241,270,135
1776764132.2446094,20.0,3,-61,61.07372593840988,7.4298936664732205,0.019116687160784063,189,366,214,241,270,135
1776764132.3013964,20.0,3,-61,61.07372593840988,7.4298936664732205,0.019116687160784063,189,366,214,241,270,135
1776764132.3591144,20.0,3,-61,61.07372593840988,7.4298936664732205,0.019116687160784063,189,366,214,241,270,135
1776764132.4164517,20.0,3,-61,61.07372593840988,7.4298936664732205,0.019116687160784063,189,366,214,241,270,135
1776764132.4696667,20.0,3,-61,61.07372593840988,7.4298936664732205,0.019116687160784063,189,366,214,241,270,135
1776764132.5269508,20.0,3,-61,61.07372593840988,7.4298936664732205,0.019116687160784063,189,366,214,241,270,135
1776764132.5844402,20.0,3,-61,61.07372593840988,7.4298936664732205,0.019116687160784063,189,366,214,241,270,135
1776764132.6416132,20.0,3,-61,61.07372593840988,7.4298936664732205,0.019116687160784063,189,366,214,241,270,135
1776764132.6990414,20.0,3,-61,61.07372593840988,7.4298936664732205,0.019116687160784063,189,366,214,241,270,135
1776764132.7561564,20.0,3,-61,61.07372593840988,7.4298936664732205,0.019116687160784063,189,366,214,241,270,135
1776764132.809733,20.0,3,-61,61.07372593840988,7.4298936664732205,0.019116687160784063,189,366,214,241,270,135
1776764132.8672378,20.0,3,-61,61.07372593840988,7.4298936664732205,0.019116687160784063,189,366,214,241,270,135
1776764132.9242678,20.0,3,-61,61.07372593840988,7.4298936664732205,0.019116687160784063,189,366,214,241,270,135
1776764132.9814548,20.0,3,-61,61.07372593840988,7.4298936664732205,0.019116687160784063,189,366,214,241,270,135
1776764133.0387125,20.0,3,-61,61.07372593840988,7.4298936664732205,0.019116687160784063,189,366,214,241,270,135
1776764133.0964458,20.0,3,-61,61.07372593840988,7.4298936664732205,0.019116687160784063,189,366,214,241,270,135
1776764133.1501977,20.0,3,-61,61.07372593840988,7.4298936664732205,0.019116687160784063,189,366,214,241,270,135
1776764133.2075043,20.0,3,-61,61.07372593840988,7.4298936664732205,0.019116687160784063,189,366,214,241,270,135
1776764133.264749,20.0,3,-61,61.07372593840988,7.4298936664732205,0.019116687160784063,189,366,214,241,270,135
1776764133.322224,20.0,3,-61,61.07372593840988,7.4298936664732205,0.019116687160784063,189,366,214,241,270,135
1776764133.3791313,20.0,3,-61,61.07372593840988,7.4298936664732205,0.019116687160784063,189,366,214,241,270,135
1776764133.432435,20.0,3,-61,61.07372593840988,7.4298936664732205,0.019116687160784063,189,366,214,241,270,135
1776764133.4896429,20.0,3,-61,61.07372593840988,7.4298936664732205,0.019116687160784063,189,366,214,241,270,135
1776764133.5467844,20.0,3,-61,61.07372593840988,7.4298936664732205,0.019116687160784063,189,366,214,241,270,135
1776764133.6038804,20.0,3,-61,61.07372593840988,7.4298936664732205,0.019116687160784063,189,366,214,241,270,135
1776764133.661547,20.0,3,-61,61.07372593840988,7.4298936664732205,0.019116687160784063,189,366,214,241,270,135
1776764133.7194965,20.0,3,-61,61.07372593840988,7.4298936664732205,0.019116687160784063,189,366,214,241,270,135
1776764133.7722213,20.0,3,-61,61.07372593840988,7.4298936664732205,0.019116687160784063,189,366,214,241,270,135
1776764133.8297377,20.0,3,-61,61.07372593840988,7.4298936664732205,0.019116687160784063,189,366,214,241,270,135
1776764133.8864286,20.0,3,-61,61.07372593840988,7.4298936664732205,0.019116687160784063,189,366,214,241,270,135
1776764133.9441063,20.0,3,-61,61.07372593840988,7.4298936664732205,0.019116687160784063,189,366,214,241,270,135
1776764134.0014017,20.0,3,-61,61.07372593840988,7.4298936664732205,0.019116687160784063,189,366,214,241,270,135
1776764134.0588362,20.0,3,-61,61.07372593840988,7.4298936664732205,0.019116687160784063,189,366,214,241,270,135
1776764134.111754,20.0,3,-61,61.07372593840988,7.4298936664732205,0.019116687160784063,189,366,214,241,270,135
1776764134.1700454,20.0,3,-61,61.07372593840988,7.4298936664732205,0.019116687160784063,189,366,214,241,270,135
1776764134.2268767,20.0,3,-61,61.07372593840988,7.4298936664732205,0.019116687160784063,189,366,214,241,270,135
1776764134.2841651,20.0,3,-61,61.07372593840988,7.4298936664732205,0.019116687160784063,189,366,214,241,270,135
1776764134.3411777,20.0,3,-61,61.07372593840988,7.4298936664732205,0.019116687160784063,189,366,214,241,270,135
1776764134.3992095,20.0,3,-61,61.07372593840988,7.4298936664732205,0.019116687160784063,189,366,214,241,270,135
1776764134.4516802,20.0,3,-61,61.07372593840988,7.4298936664732205,0.019116687160784063,189,366,214,241,270,135
1776764134.5090272,20.0,3,-61,61.07372593840988,7.4298936664732205,0.019116687160784063,189,366,214,241,270,135
1776764134.5663815,20.0,3,-61,61.07372593840988,7.4298936664732205,0.019116687160784063,189,366,214,241,270,135
1776764134.6236684,20.0,3,-61,61.07372593840988,7.4298936664732205,0.019116687160784063,189,366,214,241,270,135
1776764134.6815324,20.0,3,-61,61.07372593840988,7.4298936664732205,0.019116687160784063,189,366,214,241,270,135
1776764134.738798,20.0,3,-61,61.07372593840988,7.4298936664732205,0.019116687160784063,189,366,214,241,270,135
1776764134.791897,20.0,3,-61,61.07372593840988,7.4298936664732205,0.019116687160784063,189,366,214,241,270,135
1776764134.8492923,20.0,3,-61,61.07372593840988,7.4298936664732205,0.019116687160784063,189,366,214,241,270,135
1776764134.906771,20.0,3,-61,61.07372593840988,7.4298936664732205,0.019116687160784063,189,366,214,241,270,135
1776764134.9642456,20.0,3,-61,61.07372593840988,7.4298936664732205,0.019116687160784063,189,366,214,241,270,135
1776764135.0215192,20.0,3,-61,61.07372593840988,7.4298936664732205,0.019116687160784063,189,366,214,241,270,135
1776764135.0749977,20.0,3,-61,61.07372593840988,7.4298936664732205,0.019116687160784063,189,366,214,241,270,135
1776764135.132315,20.0,3,-61,61.07372593840988,7.4298936664732205,0.019116687160784063,189,366,214,241,270,135
1776764135.1897392,20.0,3,-61,61.07372593840988,7.4298936664732205,0.019116687160784063,189,366,214,241,270,135
1776764135.246983,20.0,3,-61,61.07372593840988,7.4298936664732205,0.019116687160784063,189,366,214,241,270,135
1776764135.3035376,20.0,3,-61,61.07372593840988,7.4298936664732205,0.019116687160784063,189,366,214,241,270,135
1776764135.3613267,20.0,3,-61,61.07372593840988,7.4298936664732205,0.019116687160784063,189,366,214,241,270,135
1776764135.4153373,20.0,3,-61,61.07372593840988,7.4298936664732205,0.019116687160784063,189,366,214,241,270,135
1776764135.4720843,20.0,3,-61,61.07372593840988,7.4298936664732205,0.019116687160784063,189,366,214,241,270,135
1776764135.529566,20.0,3,-61,61.07372593840988,7.4298936664732205,0.019116687160784063,189,366,214,241,270,135
1776764135.5870247,20.0,3,-61,61.07372593840988,7.4298936664732205,0.019116687160784063,189,366,214,241,270,135
1776764135.6438088,20.0,3,-61,61.07372593840988,7.4298936664732205,0.019116687160784063,189,366,214,241,270,135
1776764135.7016854,20.0,3,-61,61.07372593840988,7.4298936664732205,0.019116687160784063,189,366,214,241,270,135
1776764135.7551825,20.0,3,-61,61.07372593840988,7.4298936664732205,0.019116687160784063,189,366,214,241,270,135
1776764135.8119352,20.0,3,-61,61.07372593840988,7.4298936664732205,0.019116687160784063,189,366,214,241,270,135
1776764135.8694654,20.0,3,-61,61.07372593840988,7.4298936664732205,0.019116687160784063,189,366,214,241,270,135
1776764135.9266183,20.0,3,-61,61.07372593840988,7.4298936664732205,0.019116687160784063,189,366,214,241,270,135
1776764135.983905,20.0,3,-61,61.07372593840988,7.4298936664732205,0.019116687160784063,189,366,214,241,270,135
1776764136.0409095,20.0,3,-61,61.07372593840988,7.4298936664732205,0.019116687160784063,189,366,214,241,270,135
1776764136.094094,20.0,3,-61,61.07372593840988,7.4298936664732205,0.019116687160784063,189,366,214,241,270,135
1776764136.1515062,20.0,3,-61,61.07372593840988,7.4298936664732205,0.019116687160784063,189,366,214,241,270,135
1776764136.2088156,20.0,3,-61,61.07372593840988,7.4298936664732205,0.019116687160784063,189,366,214,241,270,135
1776764136.2670135,20.0,3,-61,61.07372593840988,7.4298936664732205,0.019116687160784063,189,366,214,241,270,135
1776764136.3237615,20.0,3,-61,61.07372593840988,7.4298936664732205,0.019116687160784063,189,366,214,241,270,135
1776764136.3772945,20.0,3,-61,61.07372593840988,7.4298936664732205,0.019116687160784063,189,366,214,241,270,135
1776764136.4350033,20.0,3,-61,61.07372593840988,7.4298936664732205,0.019116687160784063,189,366,214,241,270,135
1776764136.4920695,20.0,3,-61,61.07372593840988,7.4298936664732205,0.019116687160784063,189,366,214,241,270,135
1776764136.5489054,20.0,3,-61,61.07372593840988,7.4298936664732205,0.019116687160784063,189,366,214,241,270,135
1776764136.6070285,20.0,3,-61,61.07372593840988,7.4298936664732205,0.019116687160784063,189,366,214,241,270,135
1776764136.663752,20.0,3,-61,61.07372593840988,7.4298936664732205,0.019116687160784063,189,366,214,241,270,135
1776764136.7179606,20.0,3,-61,61.07372593840988,7.4298936664732205,0.019116687160784063,189,366,214,241,270,135
1776764136.7744112,20.0,3,-61,61.07372593840988,7.4298936664732205,0.019116687160784063,189,366,214,241,270,135
1776764136.8313663,20.0,3,-61,61.07372593840988,7.4298936664732205,0.019116687160784063,189,366,214,241,270,135
1776764136.8887157,20.0,3,-61,61.07372593840988,7.4298936664732205,0.019116687160784063,189,366,214,241,270,135
1776764136.9465172,20.0,3,-61,61.07372593840988,7.4298936664732205,0.019116687160784063,189,366,214,241,270,135
1776764137.0040452,20.0,3,-61,61.07372593840988,7.4298936664732205,0.019116687160784063,189,366,214,241,270,135
1776764137.0567021,20.0,3,-61,61.07372593840988,7.4298936664732205,0.019116687160784063,189,366,214,241,270,135
1776764137.114455,20.0,3,-61,61.07372593840988,7.4298936664732205,0.019116687160784063,189,366,214,241,270,135
1776764137.1727562,20.0,3,-61,61.07372593840988,7.4298936664732205,0.019116687160784063,189,366,214,241,270,135
1776764137.2291894,20.0,3,-61,61.07372593840988,7.4298936664732205,0.019116687160784063,189,366,214,241,270,135
1776764137.2858,20.0,3,-61,61.07372593840988,7.4298936664732205,0.019116687160784063,189,366,214,241,270,135
1776764137.3431118,20.0,3,-61,61.07372593840988,7.4298936664732205,0.019116687160784063,189,366,214,241,270,135
1776764137.3971834,20.0,3,-61,61.07372593840988,7.4298936664732205,0.019116687160784063,189,366,214,241,270,135
1776764137.4547133,20.0,3,-61,61.07372593840988,7.4298936664732205,0.019116687160784063,189,366,214,241,270,135
1776764137.5123637,20.0,3,-61,61.07372593840988,7.4298936664732205,0.019116687160784063,189,366,214,241,270,135
1776764137.568779,20.0,3,-61,61.07372593840988,7.4298936664732205,0.019116687160784063,189,366,214,241,270,135
1776764137.625893,20.0,3,-61,61.07372593840988,7.4298936664732205,0.019116687160784063,189,366,214,241,270,135
1776764137.683588,20.0,3,-61,61.07372593840988,7.4298936664732205,0.019116687160784063,189,366,214,241,270,135
1776764137.7372174,20.0,3,-61,61.07372593840988,7.4298936664732205,0.019116687160784063,189,366,214,241,270,135
1776764137.7941394,20.0,3,-61,61.07372593840988,7.4298936664732205,0.019116687160784063,189,366,214,241,270,135
1776764137.8516586,20.0,3,-61,61.07372593840988,7.4298936664732205,0.019116687160784063,189,366,214,241,270,135
1776764137.908738,20.0,3,-61,61.07372593840988,7.4298936664732205,0.019116687160784063,189,366,214,241,270,135
1776764137.966049,20.0,3,-61,61.07372593840988,7.4298936664732205,0.019116687160784063,189,366,214,241,270,135
1776764138.019989,20.0,3,-61,61.07372593840988,7.4298936664732205,0.019116687160784063,189,366,214,241,270,135
1776764138.0771708,20.0,3,-61,61.07372593840988,7.4298936664732205,0.019116687160784063,189,366,214,241,270,135
1776764138.134876,20.0,3,-61,61.07372593840988,7.4298936664732205,0.019116687160784063,189,366,214,241,270,135
1776764138.192282,20.0,3,-61,61.07372593840988,7.4298936664732205,0.019116687160784063,189,366,214,241,270,135
1776764138.248904,20.0,3,-61,61.07372593840988,7.4298936664732205,0.019116687160784063,189,366,214,241,270,135
1776764138.3057475,20.0,3,-61,61.07372593840988,7.4298936664732205,0.019116687160784063,189,366,214,241,270,135
1776764138.3591163,20.0,3,-61,61.07372593840988,7.4298936664732205,0.019116687160784063,189,366,214,241,270,135
1776764138.416804,20.0,3,-61,61.07372593840988,7.4298936664732205,0.019116687160784063,189,366,214,241,270,135
1776764138.473818,20.0,3,-61,61.07372593840988,7.4298936664732205,0.019116687160784063,189,366,214,241,270,135
1776764138.5312583,20.0,3,-61,61.07372593840988,7.4298936664732205,0.019116687160784063,189,366,214,241,270,135
1776764138.5888188,20.0,3,-61,61.07372593840988,7.4298936664732205,0.019116687160784063,189,366,214,241,270,135
1776764138.6465724,20.0,3,-61,61.07372593840988,7.4298936664732205,0.019116687160784063,189,366,214,241,270,135
1776764138.6997015,20.0,3,-61,61.07372593840988,7.4298936664732205,0.019116687160784063,189,366,214,241,270,135
1776764138.757704,20.0,3,-61,61.07372593840988,7.4298936664732205,0.019116687160784063,189,366,214,241,270,135
1776764138.8142326,20.0,3,-61,61.07372593840988,7.4298936664732205,0.019116687160784063,189,366,214,241,270,135
1776764138.8714373,20.0,3,-61,61.07372593840988,7.4298936664732205,0.019116687160784063,189,366,214,241,270,135
1776764138.9283392,20.0,3,-61,61.07372593840988,7.4298936664732205,0.019116687160784063,189,366,214,241,270,135
1776764138.9864972,20.0,3,-61,61.07372593840988,7.4298936664732205,0.019116687160784063,189,366,214,241,270,135
1776764139.0403717,20.0,3,-61,61.07372593840988,7.4298936664732205,0.019116687160784063,189,366,214,241,270,135
1776764139.0969827,20.0,3,-61,61.07372593840988,7.4298936664732205,0.019116687160784063,189,366,214,241,270,135
1776764139.1542542,20.0,3,-61,61.07372593840988,7.4298936664732205,0.019116687160784063,189,366,214,241,270,135
1776764139.2116654,20.0,3,-61,61.07372593840988,7.4298936664732205,0.019116687160784063,189,366,214,241,270,135
1776764139.270196,20.0,3,-61,61.07372593840988,7.4298936664732205,0.019116687160784063,189,366,214,241,270,135
1776764139.3224337,20.0,3,-61,61.07372593840988,7.4298936664732205,0.019116687160784063,189,366,214,241,270,135
1776764139.379751,20.0,3,-61,61.07372593840988,7.4298936664732205,0.019116687160784063,189,366,214,241,270,135
1776764139.4376636,20.0,3,-61,61.07372593840988,7.4298936664732205,0.019116687160784063,189,366,214,241,270,135
1776764139.4939773,20.0,3,-61,61.07372593840988,7.4298936664732205,0.019116687160784063,189,366,214,241,270,135
1776764139.551915,20.0,3,-61,61.07372593840988,7.4298936664732205,0.019116687160784063,189,366,214,241,270,135
1776764139.608242,20.0,3,-61,61.07372593840988,7.4298936664732205,0.019116687160784063,189,366,214,241,270,135
1776764139.662147,20.0,3,-61,61.07372593840988,7.4298936664732205,0.019116687160784063,189,366,214,241,270,135
1776764139.7189562,20.0,3,-61,61.07372593840988,7.4298936664732205,0.019116687160784063,189,366,214,241,270,135
1776764139.7761922,20.0,3,-61,61.07372593840988,7.4298936664732205,0.019116687160784063,189,366,214,241,270,135
1776764139.835184,20.0,3,-61,61.07372593840988,7.4298936664732205,0.019116687160784063,189,366,214,241,270,135
1776764139.8912992,20.0,3,-61,61.07372593840988,7.4298936664732205,0.019116687160784063,189,366,214,241,270,135
1776764139.948596,20.0,3,-61,61.07372593840988,7.4298936664732205,0.019116687160784063,189,366,214,241,270,135
1776764140.0015957,20.0,3,-61,61.07372593840988,7.4298936664732205,0.019116687160784063,189,366,214,241,270,135
1776764140.0588617,20.0,3,-61,61.07372593840988,7.4298936664732205,0.019116687160784063,189,366,214,241,270,135
1776764140.1162248,20.0,3,-61,61.07372593840988,7.4298936664732205,0.019116687160784063,189,366,214,241,270,135
1776764140.1736512,20.0,3,-61,61.07372593840988,7.4298936664732205,0.019116687160784063,189,366,214,241,270,135
1776764140.2307785,20.0,3,-61,61.07372593840988,7.4298936664732205,0.019116687160784063,189,366,214,241,270,135
1776764140.2880957,20.0,3,-61,61.07372593840988,7.4298936664732205,0.019116687160784063,189,366,214,241,270,135
1776764140.3415205,20.0,3,-61,61.07372593840988,7.4298936664732205,0.019116687160784063,189,366,214,241,270,135
1776764140.399293,20.0,3,-61,61.07372593840988,7.4298936664732205,0.019116687160784063,189,366,214,241,270,135
1776764140.4561818,20.0,3,-61,61.07372593840988,7.4298936664732205,0.019116687160784063,189,366,214,241,270,135
1776764140.5139287,20.0,3,-61,61.07372593840988,7.4298936664732205,0.019116687160784063,189,366,214,241,270,135
1776764140.5707772,20.0,3,-61,61.07372593840988,7.4298936664732205,0.019116687160784063,189,366,214,241,270,135
1776764140.6242032,20.0,3,-61,61.07372593840988,7.4298936664732205,0.019116687160784063,189,366,214,241,270,135
1776764140.6814344,20.0,3,-61,61.07372593840988,7.4298936664732205,0.019116687160784063,189,366,214,241,270,135
1776764140.7393937,20.0,3,-61,61.07372593840988,7.4298936664732205,0.019116687160784063,189,366,214,241,270,135
1776764140.796846,20.0,3,-61,61.07372593840988,7.4298936664732205,0.019116687160784063,189,366,214,241,270,135
1776764140.8543215,20.0,3,-61,61.07372593840988,7.4298936664732205,0.019116687160784063,189,366,214,241,270,135
1776764140.9119167,20.0,3,-61,61.07372593840988,7.4298936664732205,0.019116687160784063,189,366,214,241,270,135
1776764140.963985,20.0,3,-61,61.07372593840988,7.4298936664732205,0.019116687160784063,189,366,214,241,270,135
1776764141.0214293,20.0,3,-61,61.07372593840988,7.4298936664732205,0.019116687160784063,189,366,214,241,270,135
1776764141.0795813,20.0,3,-61,61.07372593840988,7.4298936664732205,0.019116687160784063,189,366,214,241,270,135
1776764141.1362104,20.0,3,-61,61.07372593840988,7.4298936664732205,0.019116687160784063,189,366,214,241,270,135
1776764141.1957228,20.0,3,-61,61.07372593840988,7.4298936664732205,0.019116687160784063,189,366,214,241,270,135
1776764141.2513268,20.0,3,-61,61.07372593840988,7.4298936664732205,0.019116687160784063,189,366,214,241,270,135
1776764141.304162,20.0,3,-61,61.07372593840988,7.4298936664732205,0.019116687160784063,189,366,214,241,270,135
1776764141.3613138,20.0,3,-61,61.07372593840988,7.4298936664732205,0.019116687160784063,189,366,214,241,270,135
1776764141.4186437,20.0,3,-61,61.07372593840988,7.4298936664732205,0.019116687160784063,189,366,214,241,270,135
1776764141.4761012,20.0,3,-61,61.07372593840988,7.4298936664732205,0.019116687160784063,189,366,214,241,270,135
1776764141.5340602,20.0,3,-61,61.07372593840988,7.4298936664732205,0.019116687160784063,189,366,214,241,270,135
1776764141.5908356,20.0,3,-61,61.07372593840988,7.4298936664732205,0.019116687160784063,189,366,214,241,270,135
1776764141.6452088,20.0,3,-61,61.07372593840988,7.4298936664732205,0.019116687160784063,189,366,214,241,270,135
1776764141.701728,20.0,3,-61,61.07372593840988,7.4298936664732205,0.019116687160784063,189,366,214,241,270,135
1776764141.7586205,20.0,3,-61,61.07372593840988,7.4298936664732205,0.019116687160784063,189,366,214,241,270,135
1776764141.8159773,20.0,3,-61,61.07372593840988,7.4298936664732205,0.019116687160784063,189,366,214,241,270,135
1776764141.873191,20.0,3,-61,61.07372593840988,7.4298936664732205,0.019116687160784063,189,366,214,241,270,135
1776764141.9312546,20.0,3,-61,61.07372593840988,7.4298936664732205,0.019116687160784063,189,366,214,241,270,135
1776764141.9844553,20.0,3,-61,61.07372593840988,7.4298936664732205,0.019116687160784063,189,366,214,241,270,135
1776764142.041667,20.0,3,-61,61.07372593840988,7.4298936664732205,0.019116687160784063,189,366,214,241,270,135
1776764142.0990546,20.0,3,-61,61.07372593840988,7.4298936664732205,0.019116687160784063,189,366,214,241,270,135
1776764142.155906,20.0,3,-61,61.07372593840988,7.4298936664732205,0.019116687160784063,189,366,214,241,270,135
1776764142.2134798,20.0,3,-61,61.07372593840988,7.4298936664732205,0.019116687160784063,189,366,214,241,270,135
1776764142.2665553,20.0,3,-61,61.07372593840988,7.4298936664732205,0.019116687160784063,189,366,214,241,270,135
1776764142.3241615,20.0,3,-61,61.07372593840988,7.4298936664732205,0.019116687160784063,189,366,214,241,270,135
1776764142.3812146,20.0,3,-61,61.07372593840988,7.4298936664732205,0.019116687160784063,189,366,214,241,270,135
1776764142.4385555,20.0,3,-61,61.07372593840988,7.4298936664732205,0.019116687160784063,189,366,214,241,270,135
1776764142.4965146,20.0,3,-61,61.07372593840988,7.4298936664732205,0.019116687160784063,189,366,214,241,270,135
1776764142.5531409,20.0,3,-61,61.07372593840988,7.4298936664732205,0.019116687160784063,189,366,214,241,270,135
1776764142.6064684,20.0,3,-61,61.07372593840988,7.4298936664732205,0.019116687160784063,189,366,214,241,270,135
1776764142.6639028,20.0,3,-61,61.07372593840988,7.4298936664732205,0.019116687160784063,189,366,214,241,270,135
1776764142.7213452,20.0,3,-61,61.07372593840988,7.4298936664732205,0.019116687160784063,189,366,214,241,270,135
1776764142.778495,20.0,3,-61,61.07372593840988,7.4298936664732205,0.019116687160784063,189,366,214,241,270,135
1776764142.8358412,20.0,3,-61,61.07372593840988,7.4298936664732205,0.019116687160784063,189,366,214,241,270,135
1776764142.8932436,20.0,3,-61,61.07372593840988,7.4298936664732205,0.019116687160784063,189,366,214,241,270,135
1776764142.9464567,20.0,3,-61,61.07372593840988,7.4298936664732205,0.019116687160784063,189,366,214,241,270,135
1776764143.0051339,20.0,3,-61,61.07372593840988,7.4298936664732205,0.019116687160784063,189,366,214,241,270,135
1776764143.0615647,20.0,3,-61,61.07372593840988,7.4298936664732205,0.019116687160784063,189,366,214,241,270,135
1776764143.1183772,20.0,3,-61,61.07372593840988,7.4298936664732205,0.019116687160784063,189,366,214,241,270,135
1776764143.1757085,20.0,3,-61,61.07372593840988,7.4298936664732205,0.019116687160784063,189,366,214,241,270,135
1776764143.2330108,20.0,3,-61,61.07372593840988,7.4298936664732205,0.019116687160784063,189,366,214,241,270,135
1776764143.28648,20.0,3,-61,61.07372593840988,7.4298936664732205,0.019116687160784063,189,366,214,241,270,135
1776764143.3449006,20.0,3,-61,61.07372593840988,7.4298936664732205,0.019116687160784063,189,366,214,241,270,135
1776764143.4020422,20.0,3,-61,61.07372593840988,7.4298936664732205,0.019116687160784063,189,366,214,241,270,135
1776764143.4583201,20.0,3,-61,61.07372593840988,7.4298936664732205,0.019116687160784063,189,366,214,241,270,135
1776764143.5157237,20.0,3,-61,61.07372593840988,7.4298936664732205,0.019116687160784063,189,366,214,241,270,135
1776764143.5730739,20.0,3,-61,61.07372593840988,7.4298936664732205,0.019116687160784063,189,366,214,241,270,135
1776764143.6265345,20.0,3,-61,61.07372593840988,7.4298936664732205,0.019116687160784063,189,366,214,241,270,135
1776764143.6849587,20.0,3,-61,61.07372593840988,7.4298936664732205,0.019116687160784063,189,366,214,241,270,135
1776764143.7435317,20.0,3,-61,61.07372593840988,7.4298936664732205,0.019116687160784063,189,366,214,241,270,135
1776764143.7987018,20.0,3,-61,61.07372593840988,7.4298936664732205,0.019116687160784063,189,366,214,241,270,135
1776764143.855823,20.0,3,-61,61.07372593840988,7.4298936664732205,0.019116687160784063,189,366,214,241,270,135
1776764143.9093633,20.0,3,-61,61.07372593840988,7.4298936664732205,0.019116687160784063,189,366,214,241,270,135
1776764143.966304,20.0,3,-61,61.07372593840988,7.4298936664732205,0.019116687160784063,189,366,214,241,270,135
1776764144.023707,20.0,3,-61,61.07372593840988,7.4298936664732205,0.019116687160784063,189,366,214,241,270,135
1776764144.081437,20.0,3,-61,61.07372593840988,7.4298936664732205,0.019116687160784063,189,366,214,241,270,135
1776764144.1383133,20.0,3,-61,61.07372593840988,7.4298936664732205,0.019116687160784063,189,366,214,241,270,135
1776764144.1963592,20.0,3,-61,61.07372593840988,7.4298936664732205,0.019116687160784063,189,366,214,241,270,135
1776764144.2489383,20.0,3,-61,61.07372593840988,7.4298936664732205,0.019116687160784063,189,366,214,241,270,135
1776764144.3063588,20.0,3,-61,61.07372593840988,7.4298936664732205,0.019116687160784063,189,366,214,241,270,135
1776764144.363617,20.0,3,-61,61.07372593840988,7.4298936664732205,0.019116687160784063,189,366,214,241,270,135
1776764144.4238482,20.0,3,-61,61.07372593840988,7.4298936664732205,0.019116687160784063,189,366,214,241,270,135
1776764144.4787354,20.0,3,-61,61.07372593840988,7.4298936664732205,0.019116687160784063,189,366,214,241,270,135
1776764144.5359988,20.0,3,-61,61.07372593840988,7.4298936664732205,0.019116687160784063,189,366,214,241,270,135
1776764144.5892327,20.0,3,-61,61.07372593840988,7.4298936664732205,0.019116687160784063,189,366,214,241,270,135
1776764144.6465144,20.0,3,-61,61.07372593840988,7.4298936664732205,0.019116687160784063,189,366,214,241,270,135
1776764144.704711,20.0,3,-61,61.07372593840988,7.4298936664732205,0.019116687160784063,189,366,214,241,270,135
1776764144.7612193,20.0,3,-61,61.07372593840988,7.4298936664732205,0.019116687160784063,189,366,214,241,270,135
1776764144.8185444,20.0,3,-61,61.07372593840988,7.4298936664732205,0.019116687160784063,189,366,214,241,270,135
1776764144.8759644,20.0,3,-61,61.07372593840988,7.4298936664732205,0.019116687160784063,189,366,214,241,270,135
1776764144.9292102,20.0,3,-61,61.07372593840988,7.4298936664732205,0.019116687160784063,189,366,214,241,270,135
1776764144.986817,20.0,3,-61,61.07372593840988,7.4298936664732205,0.019116687160784063,189,366,214,241,270,135
1776764145.0453951,20.0,3,-61,61.07372593840988,7.4298936664732205,0.019116687160784063,189,366,214,241,270,135
1776764145.100758,20.0,3,-61,61.07372593840988,7.4298936664732205,0.019116687160784063,189,366,214,241,270,135
1776764145.1583757,20.0,3,-61,61.07372593840988,7.4298936664732205,0.019116687160784063,189,366,214,241,270,135
1776764145.2154732,20.0,3,-61,61.07372593840988,7.4298936664732205,0.019116687160784063,189,366,214,241,270,135
1776764145.2692764,20.0,3,-61,61.07372593840988,7.4298936664732205,0.019116687160784063,189,366,214,241,270,135
1776764145.3266044,20.0,3,-61,61.07372593840988,7.4298936664732205,0.019116687160784063,189,366,214,241,270,135
1776764145.3840275,20.0,3,-61,61.07372593840988,7.4298936664732205,0.019116687160784063,189,366,214,241,270,135
1776764145.441087,20.0,3,-61,61.07372593840988,7.4298936664732205,0.019116687160784063,189,366,214,241,270,135
1776764145.49891,20.0,3,-61,61.07372593840988,7.4298936664732205,0.019116687160784063,189,366,214,241,270,135
1776764145.552341,20.0,3,-61,61.07372593840988,7.4298936664732205,0.019116687160784063,189,366,214,241,270,135
1776764145.6093197,20.0,3,-61,61.07372593840988,7.4298936664732205,0.019116687160784063,189,366,214,241,270,135
1776764145.6664524,20.0,3,-61,61.07372593840988,7.4298936664732205,0.019116687160784063,189,366,214,241,270,135
1776764145.7238286,20.0,3,-61,61.07372593840988,7.4298936664732205,0.019116687160784063,189,366,214,241,270,135
1776764145.7816246,20.0,3,-61,61.07372593840988,7.4298936664732205,0.019116687160784063,189,366,214,241,270,135
1776764145.8385441,20.0,3,-61,61.07372593840988,7.4298936664732205,0.019116687160784063,189,366,214,241,270,135
1776764145.8925893,20.0,3,-61,61.07372593840988,7.4298936664732205,0.019116687160784063,189,366,214,241,270,135
1776764145.9492815,20.0,3,-61,61.07372593840988,7.4298936664732205,0.019116687160784063,189,366,214,241,270,135
1776764146.0062068,20.0,3,-61,61.07372593840988,7.4298936664732205,0.019116687160784063,189,366,214,241,270,135
1776764146.0638888,20.0,3,-61,61.07372593840988,7.4298936664732205,0.019116687160784063,189,366,214,241,270,135
1776764146.1216161,20.0,3,-61,61.07372593840988,7.4298936664732205,0.019116687160784063,189,366,214,241,270,135
1776764146.1783037,20.0,3,-61,61.07372593840988,7.4298936664732205,0.019116687160784063,189,366,214,241,270,135
1776764146.2318354,20.0,3,-61,61.07372593840988,7.4298936664732205,0.019116687160784063,189,366,214,241,270,135
1776764146.2895393,20.0,3,-61,61.07372593840988,7.4298936664732205,0.019116687160784063,189,366,214,241,270,135
1776764146.3469932,20.0,3,-61,61.07372593840988,7.4298936664732205,0.019116687160784063,189,366,214,241,270,135
1776764146.403452,20.0,3,-61,61.07372593840988,7.4298936664732205,0.019116687160784063,189,366,214,241,270,135
1776764146.461541,20.0,3,-61,61.07372593840988,7.4298936664732205,0.019116687160784063,189,366,214,241,270,135
1776764146.518261,20.0,3,-61,61.07372593840988,7.4298936664732205,0.019116687160784063,189,366,214,241,270,135
1776764146.5716577,20.0,3,-61,61.07372593840988,7.4298936664732205,0.019116687160784063,189,366,214,241,270,135
1776764146.629011,20.0,3,-61,61.07372593840988,7.4298936664732205,0.019116687160784063,189,366,214,241,270,135
1776764146.6866305,20.0,3,-61,61.07372593840988,7.4298936664732205,0.019116687160784063,189,366,214,241,270,135
1776764146.7437172,20.0,3,-61,61.07372593840988,7.4298936664732205,0.019116687160784063,189,366,214,241,270,135
1776764146.8008075,20.0,3,-61,61.07372593840988,7.4298936664732205,0.019116687160784063,189,366,214,241,270,135
1776764146.8579552,20.0,3,-61,61.07372593840988,7.4298936664732205,0.019116687160784063,189,366,214,241,270,135
1776764146.91175,20.0,3,-61,61.07372593840988,7.4298936664732205,0.019116687160784063,189,366,214,241,270,135
1776764146.969098,20.0,3,-61,61.07372593840988,7.4298936664732205,0.019116687160784063,189,366,214,241,270,135
1776764147.0265963,20.0,3,-61,61.07372593840988,7.4298936664732205,0.019116687160784063,189,366,214,241,270,135
1776764147.0839016,20.0,3,-61,61.07372593840988,7.4298936664732205,0.019116687160784063,189,366,214,241,270,135
1776764147.1413128,20.0,3,-61,61.07372593840988,7.4298936664732205,0.019116687160784063,189,366,214,241,270,135
1776764147.1945589,20.0,3,-61,61.07372593840988,7.4298936664732205,0.019116687160784063,189,366,214,241,270,135
1776764147.2524953,20.0,3,-61,61.07372593840988,7.4298936664732205,0.019116687160784063,189,366,214,241,270,135
1776764147.3096566,20.0,3,-61,61.07372593840988,7.4298936664732205,0.019116687160784063,189,366,214,241,270,135
1776764147.366028,20.0,3,-61,61.07372593840988,7.4298936664732205,0.019116687160784063,189,366,214,241,270,135
1776764147.4232643,20.0,3,-61,61.07372593840988,7.4298936664732205,0.019116687160784063,189,366,214,241,270,135
1776764147.4803708,20.0,3,-61,61.07372593840988,7.4298936664732205,0.019116687160784063,189,366,214,241,270,135
1776764147.534226,20.0,3,-61,61.07372593840988,7.4298936664732205,0.019116687160784063,189,366,214,241,270,135
1776764147.5911148,20.0,3,-61,61.07372593840988,7.4298936664732205,0.019116687160784063,189,366,214,241,270,135
1776764147.64881,20.0,3,-61,61.07372593840988,7.4298936664732205,0.019116687160784063,189,366,214,241,270,135
1776764147.7065156,20.0,3,-61,61.07372593840988,7.4298936664732205,0.019116687160784063,189,366,214,241,270,135
1776764147.763345,20.0,3,-61,61.07372593840988,7.4298936664732205,0.019116687160784063,189,366,214,241,270,135
1776764147.820414,20.0,3,-61,61.07372593840988,7.4298936664732205,0.019116687160784063,189,366,214,241,270,135
1776764147.8741374,20.0,3,-61,61.07372593840988,7.4298936664732205,0.019116687160784063,189,366,214,241,270,135
1776764147.9315987,20.0,3,-61,61.07372593840988,7.4298936664732205,0.019116687160784063,189,366,214,241,270,135
1776764147.9890404,20.0,3,-61,61.07372593840988,7.4298936664732205,0.019116687160784063,189,366,214,241,270,135
1776764148.0462358,20.0,3,-61,61.07372593840988,7.4298936664732205,0.019116687160784063,189,366,214,241,270,135
1776764148.103466,20.0,3,-61,61.07372593840988,7.4298936664732205,0.019116687160784063,189,366,214,241,270,135
1776764148.1610036,20.0,3,-61,61.07372593840988,7.4298936664732205,0.019116687160784063,189,366,214,241,270,135
1776764148.2147243,20.0,3,-61,61.07372593840988,7.4298936664732205,0.019116687160784063,189,366,214,241,270,135
1776764148.2716982,20.0,3,-61,61.07372593840988,7.4298936664732205,0.019116687160784063,189,366,214,241,270,135
1776764148.3288867,20.0,3,-61,61.07372593840988,7.4298936664732205,0.019116687160784063,189,366,214,241,270,135
1776764148.3860748,20.0,3,-61,61.07372593840988,7.4298936664732205,0.019116687160784063,189,366,214,241,270,135
1776764148.444071,20.0,3,-61,61.07372593840988,7.4298936664732205,0.019116687160784063,189,366,214,241,270,135
1776764148.4970586,20.0,3,-61,61.07372593840988,7.4298936664732205,0.019116687160784063,189,366,214,241,270,135
1776764148.554179,20.0,3,-61,61.07372593840988,7.4298936664732205,0.019116687160784063,189,366,214,241,270,135
1776764148.6110911,20.0,3,-61,61.07372593840988,7.4298936664732205,0.019116687160784063,189,366,214,241,270,135
1776764148.6691563,20.0,3,-61,61.07372593840988,7.4298936664732205,0.019116687160784063,189,366,214,241,270,135
1776764148.727159,20.0,3,-61,61.07372593840988,7.4298936664732205,0.019116687160784063,189,366,214,241,270,135
1776764148.7839427,20.0,3,-61,61.07372593840988,7.4298936664732205,0.019116687160784063,189,366,214,241,270,135
1776764148.8368902,20.0,3,-61,61.07372593840988,7.4298936664732205,0.019116687160784063,189,366,214,241,270,135
1776764148.894176,20.0,3,-61,61.07372593840988,7.4298936664732205,0.019116687160784063,189,366,214,241,270,135
1776764148.9514852,20.0,3,-61,61.07372593840988,7.4298936664732205,0.019116687160784063,189,366,214,241,270,135
1776764149.0084162,20.0,3,-61,61.07372593840988,7.4298936664732205,0.019116687160784063,189,366,214,241,270,135
1776764149.0660453,20.0,3,-61,61.07372593840988,7.4298936664732205,0.019116687160784063,189,366,214,241,270,135
1776764149.123698,20.0,3,-61,61.07372593840988,7.4298936664732205,0.019116687160784063,189,366,214,241,270,135
1776764149.1768875,20.0,3,-61,61.07372593840988,7.4298936664732205,0.019116687160784063,189,366,214,241,270,135
1776764149.2342844,20.0,3,-61,61.07372593840988,7.4298936664732205,0.019116687160784063,189,366,214,241,270,135
1776764149.291693,20.0,3,-61,61.07372593840988,7.4298936664732205,0.019116687160784063,189,366,214,241,270,135
1776764149.349286,20.0,3,-61,61.07372593840988,7.4298936664732205,0.019116687160784063,189,366,214,241,270,135
1776764149.4061334,20.0,3,-61,61.07372593840988,7.4298936664732205,0.019116687160784063,189,366,214,241,270,135
1776764149.4633672,20.0,3,-61,61.07372593840988,7.4298936664732205,0.019116687160784063,189,366,214,241,270,135
1776764149.517018,20.0,3,-61,61.07372593840988,7.4298936664732205,0.019116687160784063,189,366,214,241,270,135
1776764149.5743032,20.0,3,-61,61.07372593840988,7.4298936664732205,0.019116687160784063,189,366,214,241,270,135
1776764149.6311395,20.0,3,-61,61.07372593840988,7.4298936664732205,0.019116687160784063,189,366,214,241,270,135
1776764149.6882083,20.0,3,-61,61.07372593840988,7.4298936664732205,0.019116687160784063,189,366,214,241,270,135
1776764149.7454836,20.0,3,-61,61.07372593840988,7.4298936664732205,0.019116687160784063,189,366,214,241,270,135
1776764149.7988532,20.0,3,-61,61.07372593840988,7.4298936664732205,0.019116687160784063,189,366,214,241,270,135
1776764149.8564885,20.0,3,-61,61.07372593840988,7.4298936664732205,0.019116687160784063,189,366,214,241,270,135
1776764149.9140587,20.0,3,-61,61.07372593840988,7.4298936664732205,0.019116687160784063,189,366,214,241,270,135
1776764149.9707701,20.0,3,-61,61.07372593840988,7.4298936664732205,0.019116687160784063,189,366,214,241,270,135
1776764150.0286481,20.0,3,-61,61.07372593840988,7.4298936664732205,0.019116687160784063,189,366,214,241,270,135
1776764150.085807,20.0,3,-61,61.07372593840988,7.4298936664732205,0.019116687160784063,189,366,214,241,270,135
1776764150.1397834,20.0,3,-61,61.07372593840988,7.4298936664732205,0.019116687160784063,189,366,214,241,270,135
1776764150.1973345,20.0,3,-61,61.07372593840988,7.4298936664732205,0.019116687160784063,189,366,214,241,270,135
1776764150.2536917,20.0,3,-61,61.07372593840988,7.4298936664732205,0.019116687160784063,189,366,214,241,270,135
1776764150.3108585,20.0,3,-61,61.07372593840988,7.4298936664732205,0.019116687160784063,189,366,214,241,270,135
1776764150.3684208,20.0,3,-61,61.07372593840988,7.4298936664732205,0.019116687160784063,189,366,214,241,270,135
1776764150.4258828,20.0,3,-61,61.07372593840988,7.4298936664732205,0.019116687160784063,189,366,214,241,270,135
1776764150.479542,20.0,3,-61,61.07372593840988,7.4298936664732205,0.019116687160784063,189,366,214,241,270,135
1776764150.5366383,20.0,3,-61,61.07372593840988,7.4298936664732205,0.019116687160784063,189,366,214,241,270,135
1776764150.5940886,20.0,3,-61,61.07372593840988,7.4298936664732205,0.019116687160784063,189,366,214,241,270,135
1776764150.651541,20.0,3,-61,61.07372593840988,7.4298936664732205,0.019116687160784063,189,366,214,241,270,135
1776764150.709674,20.0,3,-61,61.07372593840988,7.4298936664732205,0.019116687160784063,189,366,214,241,270,135
1776764150.7656393,20.0,3,-61,61.07372593840988,7.4298936664732205,0.019116687160784063,189,366,214,241,270,135
1776764150.8189785,20.0,3,-61,61.07372593840988,7.4298936664732205,0.019116687160784063,189,366,214,241,270,135
1776764150.8765047,20.0,3,-61,61.07372593840988,7.4298936664732205,0.019116687160784063,189,366,214,241,270,135
1776764150.9342048,20.0,3,-61,61.07372593840988,7.4298936664732205,0.019116687160784063,189,366,214,241,270,135
1776764150.9913676,20.0,3,-61,61.07372593840988,7.4298936664732205,0.019116687160784063,189,366,214,241,270,135
1776764151.0482814,20.0,3,-61,61.07372593840988,7.4298936664732205,0.019116687160784063,189,366,214,241,270,135
1776764151.1052773,20.0,3,-61,61.07372593840988,7.4298936664732205,0.019116687160784063,189,366,214,241,270,135
1776764151.1591191,20.0,3,-61,61.07372593840988,7.4298936664732205,0.019116687160784063,189,366,214,241,270,135
1776764151.216167,20.0,3,-61,61.07372593840988,7.4298936664732205,0.019116687160784063,189,366,214,241,270,135
1776764151.273867,20.0,3,-61,61.07372593840988,7.4298936664732205,0.019116687160784063,189,366,214,241,270,135
1776764151.33058,20.0,3,-61,61.07372593840988,7.4298936664732205,0.019116687160784063,189,366,214,241,270,135
1776764151.3883524,20.0,3,-61,61.07372593840988,7.4298936664732205,0.019116687160784063,189,366,214,241,270,135
1776764151.4416192,20.0,3,-61,61.07372593840988,7.4298936664732205,0.019116687160784063,189,366,214,241,270,135
1776764151.4995317,20.0,3,-61,61.07372593840988,7.4298936664732205,0.019116687160784063,189,366,214,241,270,135
1776764151.5570757,20.0,3,-61,61.07372593840988,7.4298936664732205,0.019116687160784063,189,366,214,241,270,135
1776764151.6142583,20.0,3,-61,61.07372593840988,7.4298936664732205,0.019116687160784063,189,366,214,241,270,135
1776764151.6708493,20.0,3,-61,61.07372593840988,7.4298936664732205,0.019116687160784063,189,366,214,241,270,135
1776764151.7280872,20.0,3,-61,61.07372593840988,7.4298936664732205,0.019116687160784063,189,366,214,241,270,135
1776764151.7813706,20.0,3,-61,61.07372593840988,7.4298936664732205,0.019116687160784063,189,366,214,241,270,135
1776764151.8391967,20.0,3,-61,61.07372593840988,7.4298936664732205,0.019116687160784063,189,366,214,241,270,135
1776764151.895987,20.0,3,-61,61.07372593840988,7.4298936664732205,0.019116687160784063,189,366,214,241,270,135
1776764151.9531639,20.0,3,-61,61.07372593840988,7.4298936664732205,0.019116687160784063,189,366,214,241,270,135
1776764152.0108688,20.0,3,-61,61.07372593840988,7.4298936664732205,0.019116687160784063,189,366,214,241,270,135
1776764152.0677612,20.0,3,-61,61.07372593840988,7.4298936664732205,0.019116687160784063,189,366,214,241,270,135
1776764152.1217086,20.0,3,-61,61.07372593840988,7.4298936664732205,0.019116687160784063,189,366,214,241,270,135
1776764152.1790555,20.0,3,-61,61.07372593840988,7.4298936664732205,0.019116687160784063,189,366,214,241,270,135
1776764152.2361255,20.0,3,-61,61.07372593840988,7.4298936664732205,0.019116687160784063,189,366,214,241,270,135
1776764152.2937772,20.0,3,-61,61.07372593840988,7.4298936664732205,0.019116687160784063,189,366,214,241,270,135
1776764152.351587,20.0,3,-61,61.07372593840988,7.4298936664732205,0.019116687160784063,189,366,214,241,270,135
1776764152.4082112,20.0,3,-61,61.07372593840988,7.4298936664732205,0.019116687160784063,189,366,214,241,270,135
1776764152.461786,20.0,3,-61,61.07372593840988,7.4298936664732205,0.019116687160784063,189,366,214,241,270,135
1776764152.5184407,20.0,3,-61,61.07372593840988,7.4298936664732205,0.019116687160784063,189,366,214,241,270,135
1776764152.5758047,20.0,3,-61,61.07372593840988,7.4298936664732205,0.019116687160784063,189,366,214,241,270,135
1776764152.6333723,20.0,3,-61,61.07372593840988,7.4298936664732205,0.019116687160784063,189,366,214,241,270,135
1776764152.6910105,20.0,3,-61,61.07372593840988,7.4298936664732205,0.019116687160784063,189,366,214,241,270,135
1776764152.744093,20.0,3,-61,61.07372593840988,7.4298936664732205,0.019116687160784063,189,366,214,241,270,135
1776764152.8013718,20.0,3,-61,61.07372593840988,7.4298936664732205,0.019116687160784063,189,366,214,241,270,135
1776764152.8591988,20.0,3,-61,61.07372593840988,7.4298936664732205,0.019116687160784063,189,366,214,241,270,135
1776764152.9167943,20.0,3,-61,61.07372593840988,7.4298936664732205,0.019116687160784063,189,366,214,241,270,135
1776764152.9735913,20.0,3,-61,61.07372593840988,7.4298936664732205,0.019116687160784063,189,366,214,241,270,135
1776764153.0307088,20.0,3,-61,61.07372593840988,7.4298936664732205,0.019116687160784063,189,366,214,241,270,135
1776764153.0842483,20.0,3,-61,61.07372593840988,7.4298936664732205,0.019116687160784063,189,366,214,241,270,135
1776764153.141704,20.0,3,-61,61.07372593840988,7.4298936664732205,0.019116687160784063,189,366,214,241,270,135
1776764153.1990607,20.0,3,-61,61.07372593840988,7.4298936664732205,0.019116687160784063,189,366,214,241,270,135
1776764153.256362,20.0,3,-61,61.07372593840988,7.4298936664732205,0.019116687160784063,189,366,214,241,270,135
1776764153.313707,20.0,3,-61,61.07372593840988,7.4298936664732205,0.019116687160784063,189,366,214,241,270,135
1776764153.371386,20.0,3,-61,61.07372593840988,7.4298936664732205,0.019116687160784063,189,366,214,241,270,135
1776764153.423951,20.0,3,-61,61.07372593840988,7.4298936664732205,0.019116687160784063,189,366,214,241,270,135
1776764153.4829001,20.0,3,-61,61.07372593840988,7.4298936664732205,0.019116687160784063,189,366,214,241,270,135
1776764153.539061,20.0,3,-61,61.07372593840988,7.4298936664732205,0.019116687160784063,189,366,214,241,270,135
1776764153.5963511,20.0,3,-61,61.07372593840988,7.4298936664732205,0.019116687160784063,189,366,214,241,270,135
1776764153.6538901,20.0,3,-61,61.07372593840988,7.4298936664732205,0.019116687160784063,189,366,214,241,270,135
1776764153.71097,20.0,3,-61,61.07372593840988,7.4298936664732205,0.019116687160784063,189,366,214,241,270,135
1776764153.7643676,20.0,3,-61,61.07372593840988,7.4298936664732205,0.019116687160784063,189,366,214,241,270,135
1776764153.8215177,20.0,3,-61,61.07372593840988,7.4298936664732205,0.019116687160784063,189,366,214,241,270,135
1776764153.878666,20.0,3,-61,61.07372593840988,7.4298936664732205,0.019116687160784063,189,366,214,241,270,135
1776764153.9356096,20.0,3,-61,61.07372593840988,7.4298936664732205,0.019116687160784063,189,366,214,241,270,135
1776764153.993336,20.0,3,-61,61.07372593840988,7.4298936664732205,0.019116687160784063,189,366,214,241,270,135
1776764154.046758,20.0,3,-61,61.07372593840988,7.4298936664732205,0.019116687160784063,189,366,214,241,270,135
1776764154.104538,20.0,3,-61,61.07372593840988,7.4298936664732205,0.019116687160784063,189,366,214,241,270,135
1776764154.1608331,20.0,3,-61,61.07372593840988,7.4298936664732205,0.019116687160784063,189,366,214,241,270,135
1776764154.218147,20.0,3,-61,61.07372593840988,7.4298936664732205,0.019116687160784063,189,366,214,241,270,135
1776764154.33331,20.0,3,-61,61.07372593840988,7.4298936664732205,0.019116687160784063,189,366,214,241,270,135
1776764154.3866594,20.0,3,-61,61.07372593840988,7.4298936664732205,0.019116687160784063,189,366,214,241,270,135
1776764154.444159,20.0,3,-61,61.07372593840988,7.4298936664732205,0.019116687160784063,189,366,214,241,270,135
1776764154.5017686,20.0,3,-61,61.07372593840988,7.4298936664732205,0.019116687160784063,189,366,214,241,270,135
1776764154.5590432,20.0,3,-61,61.07372593840988,7.4298936664732205,0.019116687160784063,189,366,214,241,270,135
1776764154.6159282,20.0,3,-61,61.07372593840988,7.4298936664732205,0.019116687160784063,189,366,214,241,270,135
1776764154.6734803,20.0,3,-61,61.07372593840988,7.4298936664732205,0.019116687160784063,189,366,214,241,270,135
1776764154.7267811,20.0,3,-61,61.07372593840988,7.4298936664732205,0.019116687160784063,189,366,214,241,270,135
1776764154.7837934,20.0,3,-61,61.07372593840988,7.4298936664732205,0.019116687160784063,189,366,214,241,270,135
1776764154.8408546,20.0,3,-61,61.07372593840988,7.4298936664732205,0.019116687160784063,189,366,214,241,270,135
1776764154.8985593,20.0,3,-61,61.07372593840988,7.4298936664732205,0.019116687160784063,189,366,214,241,270,135
1776764154.9559758,20.0,3,-61,61.07372593840988,7.4298936664732205,0.019116687160784063,189,366,214,241,270,135
1776764155.013269,20.0,3,-61,61.07372593840988,7.4298936664732205,0.019116687160784063,189,366,214,241,270,135
1776764155.0664291,20.0,3,-61,61.07372593840988,7.4298936664732205,0.019116687160784063,189,366,214,241,270,135
1776764155.1243086,20.0,3,-61,61.07372593840988,7.4298936664732205,0.019116687160784063,189,366,214,241,270,135
1776764155.1813016,20.0,3,-61,61.07372593840988,7.4298936664732205,0.019116687160784063,189,366,214,241,270,135
1776764155.2380776,20.0,3,-61,61.07372593840988,7.4298936664732205,0.019116687160784063,189,366,214,241,270,135
1776764155.2955375,20.0,3,-61,61.07372593840988,7.4298936664732205,0.019116687160784063,189,366,214,241,270,135
1776764155.353117,20.0,3,-61,61.07372593840988,7.4298936664732205,0.019116687160784063,189,366,214,241,270,135
1776764155.406711,20.0,3,-61,61.07372593840988,7.4298936664732205,0.019116687160784063,189,366,214,241,270,135
1776764155.463979,20.0,3,-61,61.07372593840988,7.4298936664732205,0.019116687160784063,189,366,214,241,270,135
1776764155.5209475,20.0,3,-61,61.07372593840988,7.4298936664732205,0.019116687160784063,189,366,214,241,270,135
1776764155.5782168,20.0,3,-61,61.07372593840988,7.4298936664732205,0.019116687160784063,189,366,214,241,270,135
1776764155.6361065,20.0,3,-61,61.07372593840988,7.4298936664732205,0.019116687160784063,189,366,214,241,270,135
1776764155.6892207,20.0,3,-61,61.07372593840988,7.4298936664732205,0.019116687160784063,189,366,214,241,270,135
1776764155.7462332,20.0,3,-61,61.07372593840988,7.4298936664732205,0.019116687160784063,189,366,214,241,270,135
1776764155.803327,20.0,3,-61,61.07372593840988,7.4298936664732205,0.019116687160784063,189,366,214,241,270,135
1776764155.860794,20.0,3,-61,61.07372593840988,7.4298936664732205,0.019116687160784063,189,366,214,241,270,135
1776764155.9191747,20.0,3,-61,61.07372593840988,7.4298936664732205,0.019116687160784063,189,366,214,241,270,135
1776764155.9764373,20.0,3,-61,61.07372593840988,7.4298936664732205,0.019116687160784063,189,366,214,241,270,135
1776764156.0286076,20.0,3,-61,61.07372593840988,7.4298936664732205,0.019116687160784063,189,366,214,241,270,135
1776764156.0863893,20.0,3,-61,61.07372593840988,7.4298936664732205,0.019116687160784063,189,366,214,241,270,135
1776764156.1443164,20.0,3,-61,61.07372593840988,7.4298936664732205,0.019116687160784063,189,366,214,241,270,135
1776764156.2011092,20.0,3,-61,61.07372593840988,7.4298936664732205,0.019116687160784063,189,366,214,241,270,135
1776764156.2588766,20.0,3,-61,61.07372593840988,7.4298936664732205,0.019116687160784063,189,366,214,241,270,135
1776764156.3157234,20.0,3,-61,61.07372593840988,7.4298936664732205,0.019116687160784063,189,366,214,241,270,135
1776764156.3686576,20.0,3,-61,61.07372593840988,7.4298936664732205,0.019116687160784063,189,366,214,241,270,135
1776764156.4259224,20.0,3,-61,61.07372593840988,7.4298936664732205,0.019116687160784063,189,366,214,241,270,135
1776764156.483347,20.0,3,-61,61.07372593840988,7.4298936664732205,0.019116687160784063,189,366,214,241,270,135
1776764156.541044,20.0,3,-61,61.07372593840988,7.4298936664732205,0.019116687160784063,189,366,214,241,270,135
1776764156.5981827,20.0,3,-61,61.07372593840988,7.4298936664732205,0.019116687160784063,189,366,214,241,270,135
1776764156.6555667,20.0,3,-61,61.07372593840988,7.4298936664732205,0.019116687160784063,189,366,214,241,270,135
1776764156.7088594,20.0,3,-61,61.07372593840988,7.4298936664732205,0.019116687160784063,189,366,214,241,270,135
1776764156.7666242,20.0,3,-61,61.07372593840988,7.4298936664732205,0.019116687160784063,189,366,214,241,270,135
1776764156.8235993,20.0,3,-61,61.07372593840988,7.4298936664732205,0.019116687160784063,189,366,214,241,270,135
1776764156.880568,20.0,3,-61,61.07372593840988,7.4298936664732205,0.019116687160784063,189,366,214,241,270,135
1776764156.9386082,20.0,3,-61,61.07372593840988,7.4298936664732205,0.019116687160784063,189,366,214,241,270,135
1776764156.995939,20.0,3,-61,61.07372593840988,7.4298936664732205,0.019116687160784063,189,366,214,241,270,135
1776764157.0489116,20.0,3,-61,61.07372593840988,7.4298936664732205,0.019116687160784063,189,366,214,241,270,135
1776764157.1061053,20.0,3,-61,61.07372593840988,7.4298936664732205,0.019116687160784063,189,366,214,241,270,135
1776764157.163914,20.0,3,-61,61.07372593840988,7.4298936664732205,0.019116687160784063,189,366,214,241,270,135
1776764157.2209525,20.0,3,-61,61.07372593840988,7.4298936664732205,0.019116687160784063,189,366,214,241,270,135
1776764157.2781825,20.0,3,-61,61.07372593840988,7.4298936664732205,0.019116687160784063,189,366,214,241,270,135
1776764157.3316622,20.0,3,-61,61.07372593840988,7.4298936664732205,0.019116687160784063,189,366,214,241,270,135
1776764157.3893585,20.0,3,-61,61.07372593840988,7.4298936664732205,0.019116687160784063,189,366,214,241,270,135
1776764157.4463365,20.0,3,-61,61.07372593840988,7.4298936664732205,0.019116687160784063,189,366,214,241,270,135
1776764157.50378,20.0,3,-61,61.07372593840988,7.4298936664732205,0.019116687160784063,189,366,214,241,270,135
1776764157.5613217,20.0,3,-61,61.07372593840988,7.4298936664732205,0.019116687160784063,189,366,214,241,270,135
1776764157.6180472,20.0,3,-61,61.07372593840988,7.4298936664732205,0.019116687160784063,189,366,214,241,270,135
1776764157.6714942,20.0,3,-61,61.07372593840988,7.4298936664732205,0.019116687160784063,189,366,214,241,270,135
1776764157.7284732,20.0,3,-61,61.07372593840988,7.4298936664732205,0.019116687160784063,189,366,214,241,270,135
1776764157.7863016,20.0,3,-61,61.07372593840988,7.4298936664732205,0.019116687160784063,189,366,214,241,270,135
1776764157.8435178,20.0,3,-61,61.07372593840988,7.4298936664732205,0.019116687160784063,189,366,214,241,270,135
1776764157.9007556,20.0,3,-61,61.07372593840988,7.4298936664732205,0.019116687160784063,189,366,214,241,270,135
1776764157.9578605,20.0,3,-61,61.07372593840988,7.4298936664732205,0.019116687160784063,189,366,214,241,270,135
1776764158.0124626,20.0,3,-61,61.07372593840988,7.4298936664732205,0.019116687160784063,189,366,214,241,270,135
1776764158.0687904,20.0,3,-61,61.07372593840988,7.4298936664732205,0.019116687160784063,189,366,214,241,270,135
1776764158.126903,20.0,3,-61,61.07372593840988,7.4298936664732205,0.019116687160784063,189,366,214,241,270,135
1776764158.1844323,20.0,3,-61,61.07372593840988,7.4298936664732205,0.019116687160784063,189,366,214,241,270,135
1776764158.240569,20.0,3,-61,61.07372593840988,7.4298936664732205,0.019116687160784063,189,366,214,241,270,135
1776764158.2980273,20.0,3,-61,61.07372593840988,7.4298936664732205,0.019116687160784063,189,366,214,241,270,135
1776764158.3516812,20.0,3,-61,61.07372593840988,7.4298936664732205,0.019116687160784063,189,366,214,241,270,135
1776764158.408988,20.0,3,-61,61.07372593840988,7.4298936664732205,0.019116687160784063,189,366,214,241,270,135
1776764158.46611,20.0,3,-61,61.07372593840988,7.4298936664732205,0.019116687160784063,189,366,214,241,270,135
1776764158.523749,20.0,3,-61,61.07372593840988,7.4298936664732205,0.019116687160784063,189,366,214,241,270,135
1776764158.5804577,20.0,3,-61,61.07372593840988,7.4298936664732205,0.019116687160784063,189,366,214,241,270,135
1776764158.6375122,20.0,3,-61,61.07372593840988,7.4298936664732205,0.019116687160784063,189,366,214,241,270,135
1776764158.691371,20.0,3,-61,61.07372593840988,7.4298936664732205,0.019116687160784063,189,366,214,241,270,135
1776764158.7482493,20.0,3,-61,61.07372593840988,7.4298936664732205,0.019116687160784063,189,366,214,241,270,135
1776764158.8055935,20.0,3,-61,61.07372593840988,7.4298936664732205,0.019116687160784063,189,366,214,241,270,135
1776764158.8636227,20.0,3,-61,61.07372593840988,7.4298936664732205,0.019116687160784063,189,366,214,241,270,135
1776764158.920605,20.0,3,-61,61.07372593840988,7.4298936664732205,0.019116687160784063,189,366,214,241,270,135
1776764158.977503,20.0,3,-61,61.07372593840988,7.4298936664732205,0.019116687160784063,189,366,214,241,270,135
1776764159.0309777,20.0,3,-61,61.07372593840988,7.4298936664732205,0.019116687160784063,189,366,214,241,270,135
1776764159.0882607,20.0,3,-61,61.07372593840988,7.4298936664732205,0.019116687160784063,189,366,214,241,270,135
1776764159.1461923,20.0,3,-61,61.07372593840988,7.4298936664732205,0.019116687160784063,189,366,214,241,270,135
1776764159.2038007,20.0,3,-61,61.07372593840988,7.4298936664732205,0.019116687160784063,189,366,214,241,270,135
1776764159.2609675,20.0,3,-61,61.07372593840988,7.4298936664732205,0.019116687160784063,189,366,214,241,270,135
1776764159.3141327,20.0,3,-61,61.07372593840988,7.4298936664732205,0.019116687160784063,189,366,214,241,270,135
1776764159.3713164,20.0,3,-61,61.07372593840988,7.4298936664732205,0.019116687160784063,189,366,214,241,270,135
1776764159.4305966,20.0,3,-61,61.07372593840988,7.4298936664732205,0.019116687160784063,189,366,214,241,270,135
1776764159.4860845,20.0,3,-61,61.07372593840988,7.4298936664732205,0.019116687160784063,189,366,214,241,270,135
1776764159.5437398,20.0,3,-61,61.07372593840988,7.4298936664732205,0.019116687160784063,189,366,214,241,270,135
1776764159.6005557,20.0,3,-61,61.07372593840988,7.4298936664732205,0.019116687160784063,189,366,214,241,270,135
1776764159.654457,20.0,3,-61,61.07372593840988,7.4298936664732205,0.019116687160784063,189,366,214,241,270,135
1776764159.7117581,20.0,3,-61,61.07372593840988,7.4298936664732205,0.019116687160784063,189,366,214,241,270,135
1776764159.7685235,20.0,3,-61,61.07372593840988,7.4298936664732205,0.019116687160784063,189,366,214,241,270,135
1776764159.8256,20.0,3,-61,61.07372593840988,7.4298936664732205,0.019116687160784063,189,366,214,241,270,135
1776764159.8834093,20.0,3,-61,61.07372593840988,7.4298936664732205,0.019116687160784063,189,366,214,241,270,135
1776764159.9410164,20.0,3,-61,61.07372593840988,7.4298936664732205,0.019116687160784063,189,366,214,241,270,135
1776764159.9941711,20.0,3,-61,61.07372593840988,7.4298936664732205,0.019116687160784063,189,366,214,241,270,135
1776764160.0509136,20.0,3,-61,61.07372593840988,7.4298936664732205,0.019116687160784063,189,366,214,241,270,135
1776764160.1086025,20.0,3,-61,61.07372593840988,7.4298936664732205,0.019116687160784063,189,366,214,241,270,135
1776764160.165976,20.0,3,-61,61.07372593840988,7.4298936664732205,0.019116687160784063,189,366,214,241,270,135
1776764160.2231805,20.0,3,-61,61.07372593840988,7.4298936664732205,0.019116687160784063,189,366,214,241,270,135
1776764160.2807918,20.0,3,-61,61.07372593840988,7.4298936664732205,0.019116687160784063,189,366,214,241,270,135
1776764160.3336887,20.0,3,-61,61.07372593840988,7.4298936664732205,0.019116687160784063,189,366,214,241,270,135
1776764160.3907788,20.0,3,-61,61.07372593840988,7.4298936664732205,0.019116687160784063,189,366,214,241,270,135
1776764160.4483547,20.0,3,-61,61.07372593840988,7.4298936664732205,0.019116687160784063,189,366,214,241,270,135
1776764160.5060337,20.0,3,-61,61.07372593840988,7.4298936664732205,0.019116687160784063,189,366,214,241,270,135
1776764160.5634787,20.0,3,-61,61.07372593840988,7.4298936664732205,0.019116687160784063,189,366,214,241,270,135
1776764160.6164536,20.0,3,-61,61.07372593840988,7.4298936664732205,0.019116687160784063,189,366,214,241,270,135
1776764160.6737275,20.0,3,-61,61.07372593840988,7.4298936664732205,0.019116687160784063,189,366,214,241,270,135
1776764160.7308033,20.0,3,-61,61.07372593840988,7.4298936664732205,0.019116687160784063,189,366,214,241,270,135
1776764160.7885911,20.0,3,-61,61.07372593840988,7.4298936664732205,0.019116687160784063,189,366,214,241,270,135
1776764160.8458116,20.0,3,-61,61.07372593840988,7.4298936664732205,0.01946741645417909,189,366,214,240,270,135
1776764160.9027185,20.0,3,-61,61.07372593840988,7.4298936664732205,0.01946741645417909,189,366,214,240,270,135
1776764160.9559994,20.0,3,-62,62.07253821135398,7.551403675347199,0.01914115033746205,189,366,214,240,270,134
1776764161.0133946,20.0,3,-62,62.07253821135398,7.551403675347199,0.01914115033746205,189,366,214,240,270,134
1776764161.071098,20.0,3,-62,62.07253821135398,7.551403675347199,0.01914115033746205,189,366,214,240,270,134
1776764161.127997,20.0,3,-62,62.07253821135398,7.551403675347199,0.01914115033746205,189,366,214,240,270,134
1776764161.185213,20.0,3,-62,62.07253821135398,7.551403675347199,0.01914115033746205,189,366,214,240,270,134
1776764161.2436476,20.0,3,-62,62.07253821135398,7.551403675347199,0.01914115033746205,189,366,214,240,270,134
1776764161.2963676,20.0,3,-62,62.07253821135398,7.551403675347199,0.01914115033746205,189,366,214,240,270,134
1776764161.3533115,20.0,3,-62,62.07253821135398,7.551403675347199,0.01914115033746205,189,366,214,240,270,134
1776764161.4111125,20.0,3,-62,62.07253821135398,7.551403675347199,0.01914115033746205,189,366,214,240,270,134
1776764161.4687555,20.0,3,-62,62.07253821135398,7.551403675347199,0.01914115033746205,189,366,214,240,270,134
1776764161.5262592,20.0,3,-62,62.07253821135398,7.551403675347199,0.01914115033746205,189,366,214,240,270,134
1776764161.583384,20.0,3,-62,62.07253821135398,7.551403675347199,0.01914115033746205,189,366,214,240,270,134
1776764161.636491,20.0,3,-62,62.07253821135398,7.551403675347199,0.01914115033746205,189,366,214,240,270,134
1776764161.6944456,20.0,3,-62,62.07253821135398,7.551403675347199,0.01914115033746205,189,366,214,240,270,134
1776764161.7509167,20.0,3,-62,62.07253821135398,7.551403675347199,0.01914115033746205,189,366,214,240,270,134
1776764161.80806,20.0,3,-62,62.07253821135398,7.551403675347199,0.01914115033746205,189,366,214,240,270,134
1776764161.8654583,20.0,3,-62,62.07253821135398,7.551403675347199,0.01914115033746205,189,366,214,240,270,134
1776764161.9230115,20.0,3,-62,62.07253821135398,7.551403675347199,0.01914115033746205,189,366,214,240,270,134
1776764161.9767623,20.0,3,-62,62.07253821135398,7.551403675347199,0.01914115033746205,189,366,214,240,270,134
1776764162.0336902,20.0,3,-62,62.07253821135398,7.551403675347199,0.01914115033746205,189,366,214,240,270,134
1776764162.0909414,20.0,3,-62,62.07253821135398,7.551403675347199,0.01914115033746205,189,366,214,240,270,134
1776764162.1481872,20.0,3,-62,62.07253821135398,7.551403675347199,0.01914115033746205,189,366,214,240,270,134
1776764162.2055137,20.0,3,-62,62.07253821135398,7.551403675347199,0.01914115033746205,189,366,214,240,270,134
1776764162.259378,20.0,3,-62,62.07253821135398,7.551403675347199,0.01914115033746205,189,366,214,240,270,134
1776764162.3163946,20.0,3,-62,62.07253821135398,7.551403675347199,0.01914115033746205,189,366,214,240,270,134
1776764162.3733375,20.0,3,-62,62.07253821135398,7.551403675347199,0.01914115033746205,189,366,214,240,270,134
1776764162.4308255,20.0,3,-62,62.07253821135398,7.551403675347199,0.01914115033746205,189,366,214,240,270,134
1776764162.488833,20.0,3,-62,62.07253821135398,7.551403675347199,0.01914115033746205,189,366,214,240,270,134
1776764162.545002,20.0,3,-62,62.07253821135398,7.551403675347199,0.01914115033746205,189,366,214,240,270,134
1776764162.5986607,20.0,3,-62,62.07253821135398,7.551403675347199,0.01914115033746205,189,366,214,240,270,134
1776764162.656423,20.0,3,-62,62.07253821135398,7.551403675347199,0.01914115033746205,189,366,214,240,270,134
1776764162.7136474,20.0,3,-62,62.07253821135398,7.551403675347199,0.01914115033746205,189,366,214,240,270,134
1776764162.7707639,20.0,3,-62,62.07253821135398,7.551403675347199,0.01914115033746205,189,366,214,240,270,134
1776764162.8285909,20.0,3,-62,62.07253821135398,7.551403675347199,0.01914115033746205,189,366,214,240,270,134
1776764162.8849478,20.0,3,-62,62.07253821135398,7.551403675347199,0.01914115033746205,189,366,214,240,270,134
1776764162.93872,20.0,3,-62,62.07253821135398,7.551403675347199,0.01914115033746205,189,366,214,240,270,134
1776764162.9970279,20.0,3,-62,62.07253821135398,7.551403675347199,0.01914115033746205,189,366,214,240,270,134
1776764163.053119,20.0,3,-62,62.07253821135398,7.551403675347199,0.01914115033746205,189,366,214,240,270,134
1776764163.1108286,20.0,3,-62,62.07253821135398,7.551403675347199,0.01914115033746205,189,366,214,240,270,134
1776764163.167577,20.0,3,-62,62.07253821135398,7.551403675347199,0.01914115033746205,189,366,214,240,270,134
1776764163.2248654,20.0,3,-62,62.07253821135398,7.551403675347199,0.01914115033746205,189,366,214,240,270,134
1776764163.2793126,20.0,3,-62,62.07253821135398,7.551403675347199,0.01914115033746205,189,366,214,240,270,134
1776764163.3360226,20.0,3,-62,62.07253821135398,7.551403675347199,0.01914115033746205,189,366,214,240,270,134
1776764163.3929935,20.0,3,-62,62.07253821135398,7.551403675347199,0.01914115033746205,189,366,214,240,270,134
1776764163.450743,20.0,3,-62,62.07253821135398,7.551403675347199,0.01914115033746205,189,366,214,240,270,134
1776764163.5083632,20.0,3,-62,62.07253821135398,7.551403675347199,0.01914115033746205,189,366,214,240,270,134
1776764163.5651796,20.0,3,-62,62.07253821135398,7.551403675347199,0.01914115033746205,189,366,214,240,270,134
1776764163.6188598,20.0,3,-62,62.07253821135398,7.551403675347199,0.01914115033746205,189,366,214,240,270,134
1776764163.6762037,20.0,3,-62,62.07253821135398,7.551403675347199,0.01914115033746205,189,366,214,240,270,134
1776764163.7338245,20.0,3,-62,62.07253821135398,7.551403675347199,0.01914115033746205,189,366,214,240,270,134
1776764163.7908573,20.0,3,-62,62.07253821135398,7.551403675347199,0.01914115033746205,189,366,214,240,270,134
1776764163.847767,20.0,3,-62,62.07253821135398,7.551403675347199,0.01914115033746205,189,366,214,240,270,134
1776764163.9053316,20.0,3,-62,62.07253821135398,7.551403675347199,0.01914115033746205,189,366,214,240,270,134
1776764163.9587185,20.0,3,-62,62.07253821135398,7.551403675347199,0.01914115033746205,189,366,214,240,270,134
1776764164.0162857,20.0,3,-62,62.07253821135398,7.551403675347199,0.01914115033746205,189,366,214,240,270,134
1776764164.073382,20.0,3,-62,62.07253821135398,7.551403675347199,0.01914115033746205,189,366,214,240,270,134
1776764164.1305249,20.0,3,-62,62.07253821135398,7.551403675347199,0.01914115033746205,189,366,214,240,270,134
1776764164.1877573,20.0,3,-62,62.07253821135398,7.551403675347199,0.01914115033746205,189,366,214,240,270,134
1776764164.2412395,20.0,3,-62,62.07253821135398,7.551403675347199,0.01914115033746205,189,366,214,240,270,134
1776764164.298701,20.0,3,-62,62.07253821135398,7.551403675347199,0.01914115033746205,189,366,214,240,270,134
1776764164.3557224,20.0,3,-62,62.07253821135398,7.551403675347199,0.01914115033746205,189,366,214,240,270,134
1776764164.41318,20.0,3,-62,62.07253821135398,7.551403675347199,0.01914115033746205,189,366,214,240,270,134
1776764164.4707248,20.0,3,-62,62.07253821135398,7.551403675347199,0.01914115033746205,189,366,214,240,270,134
1776764164.5275376,20.0,3,-62,62.07253821135398,7.551403675347199,0.01914115033746205,189,366,214,240,270,134
1776764164.5814624,20.0,3,-62,62.07253821135398,7.551403675347199,0.01914115033746205,189,366,214,240,270,134
1776764164.6386201,20.0,3,-62,62.07253821135398,7.551403675347199,0.01914115033746205,189,366,214,240,270,134
1776764164.6954637,20.0,3,-62,62.07253821135398,7.551403675347199,0.01914115033746205,189,366,214,240,270,134
1776764164.7527184,20.0,3,-62,62.07253821135398,7.551403675347199,0.01914115033746205,189,366,214,240,270,134
1776764164.8105567,20.0,3,-62,62.07253821135398,7.551403675347199,0.01914115033746205,189,366,214,240,270,134
1776764164.867915,20.0,3,-62,62.07253821135398,7.551403675347199,0.01914115033746205,189,366,214,240,270,134
1776764164.9215558,20.0,3,-62,62.07253821135398,7.551403675347199,0.01914115033746205,189,366,214,240,270,134
1776764164.9790382,20.0,3,-62,62.07253821135398,7.551403675347199,0.01914115033746205,189,366,214,240,270,134
1776764165.0358708,20.0,3,-62,62.07253821135398,7.551403675347199,0.01914115033746205,189,366,214,240,270,134
1776764165.092979,20.0,3,-62,62.07253821135398,7.551403675347199,0.01914115033746205,189,366,214,240,270,134
1776764165.1506042,20.0,3,-62,62.07253821135398,7.551403675347199,0.01914115033746205,189,366,214,240,270,134
1776764165.207833,20.0,3,-62,62.07253821135398,7.551403675347199,0.01914115033746205,189,366,214,240,270,134
1776764165.261345,20.0,3,-62,62.07253821135398,7.551403675347199,0.01914115033746205,189,366,214,240,270,134
1776764165.318358,20.0,3,-62,62.07253821135398,7.551403675347199,0.01914115033746205,189,366,214,240,270,134
1776764165.3768227,20.0,3,-62,62.07253821135398,7.551403675347199,0.01914115033746205,189,366,214,240,270,134
1776764165.4326067,20.0,3,-62,62.07253821135398,7.551403675347199,0.01914115033746205,189,366,214,240,270,134
1776764165.489954,20.0,3,-62,62.07253821135398,7.551403675347199,0.01914115033746205,189,366,214,240,270,134
1776764165.547684,20.0,3,-62,62.07253821135398,7.551403675347199,0.01914115033746205,189,366,214,240,270,134
1776764165.6010168,20.0,3,-62,62.07253821135398,7.551403675347199,0.01914115033746205,189,366,214,240,270,134
1776764165.6584802,20.0,3,-62,62.07253821135398,7.551403675347199,0.01914115033746205,189,366,214,240,270,134
1776764165.7161818,20.0,3,-62,62.07253821135398,7.551403675347199,0.01914115033746205,189,366,214,240,270,134
1776764165.773391,20.0,3,-62,62.07253821135398,7.551403675347199,0.01914115033746205,189,366,214,240,270,134
1776764165.829845,20.0,3,-62,62.07253821135398,7.551403675347199,0.01914115033746205,189,366,214,240,270,134
1776764165.8837516,20.0,3,-62,62.07253821135398,7.551403675347199,0.01914115033746205,189,366,214,240,270,134
1776764165.940944,20.0,3,-62,62.07253821135398,7.551403675347199,0.01914115033746205,189,366,214,240,270,134
1776764165.9979455,20.0,3,-62,62.07253821135398,7.551403675347199,0.01914115033746205,189,366,214,240,270,134
1776764166.0552332,20.0,3,-62,62.07253821135398,7.551403675347199,0.01914115033746205,189,366,214,240,270,134
1776764166.1125505,20.0,3,-62,62.07253821135398,7.551403675347199,0.01914115033746205,189,366,214,240,270,134
1776764166.1698198,20.0,3,-62,62.07253821135398,7.551403675347199,0.01914115033746205,189,366,214,240,270,134
1776764166.2233412,20.0,3,-62,62.07253821135398,7.551403675347199,0.01914115033746205,189,366,214,240,270,134
1776764166.280618,20.0,3,-62,62.07253821135398,7.551403675347199,0.01914115033746205,189,366,214,240,270,134
1776764166.3378382,20.0,3,-62,62.07253821135398,7.551403675347199,0.01914115033746205,189,366,214,240,270,134
1776764166.3951888,20.0,3,-62,62.07253821135398,7.551403675347199,0.01914115033746205,189,366,214,240,270,134
1776764166.453258,20.0,3,-62,62.07253821135398,7.551403675347199,0.01914115033746205,189,366,214,240,270,134
1776764166.5098803,20.0,3,-62,62.07253821135398,7.551403675347199,0.01914115033746205,189,366,214,240,270,134
1776764166.5631917,20.0,3,-62,62.07253821135398,7.551403675347199,0.01914115033746205,189,366,214,240,270,134
1776764166.6204498,20.0,3,-62,62.07253821135398,7.551403675347199,0.01914115033746205,189,366,214,240,270,134
1776764166.6778593,20.0,3,-62,62.07253821135398,7.551403675347199,0.01914115033746205,189,366,214,240,270,134
1776764166.7351296,20.0,3,-62,62.07253821135398,7.551403675347199,0.01914115033746205,189,366,214,240,270,134
1776764166.7924464,20.0,3,-62,62.07253821135398,7.551403675347199,0.01914115033746205,189,366,214,240,270,134
1776764166.849763,20.0,3,-62,62.07253821135398,7.551403675347199,0.01914115033746205,189,366,214,240,270,134
1776764166.90315,20.0,3,-62,62.07253821135398,7.551403675347199,0.01914115033746205,189,366,214,240,270,134
1776764166.960534,20.0,3,-62,62.07253821135398,7.551403675347199,0.01914115033746205,189,366,214,240,270,134
1776764167.0182498,20.0,3,-62,62.07253821135398,7.551403675347199,0.01914115033746205,189,366,214,240,270,134
1776764167.075842,20.0,3,-62,62.07253821135398,7.551403675347199,0.01914115033746205,189,366,214,240,270,134
1776764167.133107,20.0,3,-62,62.07253821135398,7.551403675347199,0.01914115033746205,189,366,214,240,270,134
1776764167.190374,20.0,3,-62,62.07253821135398,7.551403675347199,0.01914115033746205,189,366,214,240,270,134
1776764167.243641,20.0,3,-62,62.07253821135398,7.551403675347199,0.01914115033746205,189,366,214,240,270,134
1776764167.300949,20.0,3,-62,62.07253821135398,7.551403675347199,0.01914115033746205,189,366,214,240,270,134
1776764167.358977,20.0,3,-62,62.07253821135398,7.551403675347199,0.01914115033746205,189,366,214,240,270,134
1776764167.4606018,20.0,3,-62,62.07253821135398,7.551403675347199,0.01914115033746205,189,366,214,240,270,134
1776764167.5266962,20.0,3,-62,62.07253821135398,7.551403675347199,0.01914115033746205,189,366,214,240,270,134
1776764167.5839083,20.0,3,-62,62.07253821135398,7.551403675347199,0.01914115033746205,189,366,214,240,270,134
1776764167.6403463,20.0,3,-62,62.07253821135398,7.551403675347199,0.01914115033746205,189,366,214,240,270,134
1776764167.6977332,20.0,3,-62,62.07253821135398,7.551403675347199,0.01914115033746205,189,366,214,240,270,134
1776764167.7551198,20.0,3,-62,62.07253821135398,7.551403675347199,0.01914115033746205,189,366,214,240,270,134
1776764167.8129518,20.0,3,-62,62.07253821135398,7.551403675347199,0.01914115033746205,189,366,214,240,270,134
1776764167.8661342,20.0,3,-62,62.07253821135398,7.551403675347199,0.01914115033746205,189,366,214,240,270,134
1776764167.9232311,20.0,3,-62,62.07253821135398,7.551403675347199,0.01914115033746205,189,366,214,240,270,134
1776764167.980832,20.0,3,-62,62.07253821135398,7.551403675347199,0.01914115033746205,189,366,214,240,270,134
1776764168.042718,20.0,3,-62,62.07253821135398,7.551403675347199,0.01914115033746205,189,366,214,240,270,134
1776764168.0958984,20.0,3,-62,62.07253821135398,7.551403675347199,0.01914115033746205,189,366,214,240,270,134
1776764168.1523252,20.0,3,-62,62.07253821135398,7.551403675347199,0.01914115033746205,189,366,214,240,270,134
1776764168.2059379,20.0,3,-62,62.07253821135398,7.551403675347199,0.01914115033746205,189,366,214,240,270,134
1776764168.2629094,20.0,3,-62,62.07253821135398,7.551403675347199,0.01914115033746205,189,366,214,240,270,134
1776764168.3203008,20.0,3,-62,62.07253821135398,7.551403675347199,0.01914115033746205,189,366,214,240,270,134
1776764168.377609,20.0,3,-62,62.07253821135398,7.551403675347199,0.01914115033746205,189,366,214,240,270,134
1776764168.4350777,20.0,3,-62,62.07253821135398,7.551403675347199,0.01914115033746205,189,366,214,240,270,134
1776764168.4927106,20.0,3,-62,62.07253821135398,7.551403675347199,0.01914115033746205,189,366,214,240,270,134
1776764168.5462413,20.0,3,-62,62.07253821135398,7.551403675347199,0.01914115033746205,189,366,214,240,270,134
1776764168.603578,20.0,3,-62,62.07253821135398,7.551403675347199,0.01914115033746205,189,366,214,240,270,134
1776764168.661313,20.0,3,-62,62.07253821135398,7.551403675347199,0.01914115033746205,189,366,214,240,270,134
1776764168.7187603,20.0,3,-62,62.07253821135398,7.551403675347199,0.01914115033746205,189,366,214,240,270,134
1776764168.7748203,20.0,3,-62,62.07253821135398,7.551403675347199,0.01914115033746205,189,366,214,240,270,134
1776764168.8321333,20.0,3,-62,62.07253821135398,7.551403675347199,0.01914115033746205,189,366,214,240,270,134
1776764168.8864152,20.0,3,-62,62.07253821135398,7.551403675347199,0.01914115033746205,189,366,214,240,270,134
1776764168.9437218,20.0,3,-62,62.07253821135398,7.551403675347199,0.01914115033746205,189,366,214,240,270,134
1776764169.0007772,20.0,3,-62,62.07253821135398,7.551403675347199,0.01914115033746205,189,366,214,240,270,134
1776764169.0574577,20.0,3,-62,62.07253821135398,7.551403675347199,0.01914115033746205,189,366,214,240,270,134
1776764169.1151567,20.0,3,-62,62.07253821135398,7.551403675347199,0.01914115033746205,189,366,214,240,270,134
1776764169.1682227,20.0,3,-62,62.07253821135398,7.551403675347199,0.01914115033746205,189,366,214,240,270,134
1776764169.2264957,20.0,3,-62,62.07253821135398,7.551403675347199,0.01914115033746205,189,366,214,240,270,134
1776764169.2841644,20.0,3,-62,62.07253821135398,7.551403675347199,0.01914115033746205,189,366,214,240,270,134
1776764169.341067,20.0,3,-62,62.07253821135398,7.551403675347199,0.01914115033746205,189,366,214,240,270,134
1776764169.3982403,20.0,3,-62,62.07253821135398,7.551403675347199,0.01914115033746205,189,366,214,240,270,134
1776764169.4558825,20.0,3,-62,62.07253821135398,7.551403675347199,0.01914115033746205,189,366,214,240,270,134
1776764169.5089648,20.0,3,-62,62.07253821135398,7.551403675347199,0.01914115033746205,189,366,214,240,270,134
1776764169.566422,20.0,3,-62,62.07253821135398,7.551403675347199,0.01914115033746205,189,366,214,240,270,134
1776764169.623073,20.0,3,-62,62.07253821135398,7.551403675347199,0.01914115033746205,189,366,214,240,270,134
1776764169.6805212,20.0,3,-62,62.07253821135398,7.551403675347199,0.01914115033746205,189,366,214,240,270,134
1776764169.737914,20.0,3,-62,62.07253821135398,7.551403675347199,0.01914115033746205,189,366,214,240,270,134
1776764169.7948813,20.0,3,-62,62.07253821135398,7.551403675347199,0.01914115033746205,189,366,214,240,270,134
1776764169.8482547,20.0,3,-62,62.07253821135398,7.551403675347199,0.01914115033746205,189,366,214,240,270,134
1776764169.90578,20.0,3,-62,62.07253821135398,7.551403675347199,0.01914115033746205,189,366,214,240,270,134
1776764169.9627671,20.0,3,-62,62.07253821135398,7.551403675347199,0.01914115033746205,189,366,214,240,270,134
1776764170.0226727,20.0,3,-62,62.07253821135398,7.551403675347199,0.01914115033746205,189,366,214,240,270,134
1776764170.0775654,20.0,3,-62,62.07253821135398,7.551403675347199,0.01914115033746205,189,366,214,240,270,134
1776764170.13502,20.0,3,-62,62.07253821135398,7.551403675347199,0.01914115033746205,189,366,214,240,270,134
1776764170.1884897,20.0,3,-62,62.07253821135398,7.551403675347199,0.01914115033746205,189,366,214,240,270,134
1776764170.2454016,20.0,3,-62,62.07253821135398,7.551403675347199,0.01914115033746205,189,366,214,240,270,134
1776764170.3031907,20.0,3,-62,62.07253821135398,7.551403675347199,0.01914115033746205,189,366,214,240,270,134
1776764170.3599677,20.0,3,-62,62.07253821135398,7.551403675347199,0.01914115033746205,189,366,214,240,270,134
1776764170.4179926,20.0,3,-62,62.07253821135398,7.551403675347199,0.01914115033746205,189,366,214,240,270,134
1776764170.475036,20.0,3,-62,62.07253821135398,7.551403675347199,0.01914115033746205,189,366,214,240,270,134
1776764170.5283108,20.0,3,-62,62.07253821135398,7.551403675347199,0.01914115033746205,189,366,214,240,270,134
1776764170.585976,20.0,3,-62,62.07253821135398,7.551403675347199,0.01914115033746205,189,366,214,240,270,134
1776764170.6430998,20.0,3,-62,62.07253821135398,7.551403675347199,0.01914115033746205,189,366,214,240,270,134
1776764170.7003436,20.0,3,-62,62.07253821135398,7.551403675347199,0.01914115033746205,189,366,214,240,270,134
1776764170.7573676,20.0,3,-62,62.07253821135398,7.551403675347199,0.01914115033746205,189,366,214,240,270,134
1776764170.8110657,20.0,3,-62,62.07253821135398,7.551403675347199,0.01914115033746205,189,366,214,240,270,134
1776764170.8686078,20.0,3,-62,62.07253821135398,7.551403675347199,0.01914115033746205,189,366,214,240,270,134
1776764170.9252248,20.0,3,-62,62.07253821135398,7.551403675347199,0.01914115033746205,189,366,214,240,270,134
1776764170.9832115,20.0,3,-62,62.07253821135398,7.551403675347199,0.01914115033746205,189,366,214,240,270,134
1776764171.0408478,20.0,3,-62,62.07253821135398,7.551403675347199,0.01914115033746205,189,366,214,240,270,134
1776764171.0971563,20.0,3,-62,62.07253821135398,7.551403675347199,0.01914115033746205,189,366,214,240,270,134
1776764171.151027,20.0,3,-62,62.07253821135398,7.551403675347199,0.01914115033746205,189,366,214,240,270,134
1776764171.208332,20.0,3,-62,62.07253821135398,7.551403675347199,0.01914115033746205,189,366,214,240,270,134
1776764171.2660778,20.0,3,-62,62.07253821135398,7.551403675347199,0.01914115033746205,189,366,214,240,270,134
1776764171.3230126,20.0,3,-62,62.07253821135398,7.551403675347199,0.01914115033746205,189,366,214,240,270,134
1776764171.380653,20.0,3,-62,62.07253821135398,7.551403675347199,0.01914115033746205,189,366,214,240,270,134
1776764171.4377797,20.0,3,-62,62.07253821135398,7.551403675347199,0.01914115033746205,189,366,214,240,270,134
1776764171.4915113,20.0,3,-62,62.07253821135398,7.551403675347199,0.01914115033746205,189,366,214,240,270,134
1776764171.5487905,20.0,3,-62,62.07253821135398,7.551403675347199,0.01914115033746205,189,366,214,240,270,134
1776764171.6051333,20.0,3,-62,62.07253821135398,7.551403675347199,0.01914115033746205,189,366,214,240,270,134
1776764171.6629846,20.0,3,-62,62.07253821135398,7.551403675347199,0.01914115033746205,189,366,214,240,270,134
1776764171.7203436,20.0,3,-62,62.07253821135398,7.551403675347199,0.01914115033746205,189,366,214,240,270,134
1776764171.777828,20.0,3,-62,62.07253821135398,7.551403675347199,0.01914115033746205,189,366,214,240,270,134
1776764171.83114,20.0,3,-62,62.07253821135398,7.551403675347199,0.01914115033746205,189,366,214,240,270,134
1776764171.888291,20.0,3,-62,62.07253821135398,7.551403675347199,0.01914115033746205,189,366,214,240,270,134
1776764171.9456298,20.0,3,-62,62.07253821135398,7.551403675347199,0.01914115033746205,189,366,214,240,270,134
1776764172.0030088,20.0,3,-62,62.07253821135398,7.551403675347199,0.01914115033746205,189,366,214,240,270,134
1776764172.0601113,20.0,3,-62,62.07253821135398,7.551403675347199,0.01914115033746205,189,366,214,240,270,134
1776764172.1174204,20.0,3,-62,62.07253821135398,7.551403675347199,0.01914115033746205,189,366,214,240,270,134
1776764172.170934,20.0,3,-62,62.07253821135398,7.551403675347199,0.01914115033746205,189,366,214,240,270,134
1776764172.2278738,20.0,3,-62,62.07253821135398,7.551403675347199,0.01914115033746205,189,366,214,240,270,134
1776764172.2851412,20.0,3,-62,62.07253821135398,7.551403675347199,0.01914115033746205,189,366,214,240,270,134
1776764172.3424597,20.0,3,-62,62.07253821135398,7.551403675347199,0.01914115033746205,189,366,214,240,270,134
1776764172.399843,20.0,3,-62,62.07253821135398,7.551403675347199,0.01914115033746205,189,366,214,240,270,134
1776764172.4536316,20.0,3,-62,62.07253821135398,7.551403675347199,0.01914115033746205,189,366,214,240,270,134
1776764172.5107548,20.0,3,-62,62.07253821135398,7.551403675347199,0.01914115033746205,189,366,214,240,270,134
1776764172.568451,20.0,3,-62,62.07253821135398,7.551403675347199,0.01914115033746205,189,366,214,240,270,134
1776764172.6252828,20.0,3,-62,62.07253821135398,7.551403675347199,0.01914115033746205,189,366,214,240,270,134
1776764172.6831295,20.0,3,-62,62.07253821135398,7.551403675347199,0.01914115033746205,189,366,214,240,270,134
1776764172.7401433,20.0,3,-62,62.07253821135398,7.551403675347199,0.01914115033746205,189,366,214,240,270,134
1776764172.7934985,20.0,3,-62,62.07253821135398,7.551403675347199,0.01914115033746205,189,366,214,240,270,134
1776764172.850986,20.0,3,-62,62.07253821135398,7.551403675347199,0.01914115033746205,189,366,214,240,270,134
1776764172.9082994,20.0,3,-62,62.07253821135398,7.551403675347199,0.01914115033746205,189,366,214,240,270,134
1776764172.965396,20.0,3,-62,62.07253821135398,7.551403675347199,0.01914115033746205,189,366,214,240,270,134
1776764173.0227964,20.0,3,-62,62.07253821135398,7.551403675347199,0.01914115033746205,189,366,214,240,270,134
1776764173.0798957,20.0,3,-62,62.07253821135398,7.551403675347199,0.01914115033746205,189,366,214,240,270,134
1776764173.133739,20.0,3,-62,62.07253821135398,7.551403675347199,0.01914115033746205,189,366,214,240,270,134
1776764173.190801,20.0,3,-62,62.07253821135398,7.551403675347199,0.01914115033746205,189,366,214,240,270,134
1776764173.2480085,20.0,3,-62,62.07253821135398,7.551403675347199,0.01914115033746205,189,366,214,240,270,134
1776764173.3056345,20.0,3,-62,62.07253821135398,7.551403675347199,0.01914115033746205,189,366,214,240,270,134
1776764173.3624604,20.0,3,-62,62.07253821135398,7.551403675347199,0.01914115033746205,189,366,214,240,270,134
1776764173.4199872,20.0,3,-62,62.07253821135398,7.551403675347199,0.01914115033746205,189,366,214,240,270,134
1776764173.4731147,20.0,3,-62,62.07253821135398,7.551403675347199,0.01914115033746205,189,366,214,240,270,134
1776764173.5310297,20.0,3,-62,62.07253821135398,7.551403675347199,0.01914115033746205,189,366,214,240,270,134
1776764173.5887513,20.0,3,-62,62.07253821135398,7.551403675347199,0.01914115033746205,189,366,214,240,270,134
1776764173.6454916,20.0,3,-62,62.07253821135398,7.551403675347199,0.01914115033746205,189,366,214,240,270,134
1776764173.7029424,20.0,3,-62,62.07253821135398,7.551403675347199,0.01914115033746205,189,366,214,240,270,134
1776764173.7595165,20.0,3,-62,62.07253821135398,7.551403675347199,0.01914115033746205,189,366,214,240,270,134
1776764173.8131945,20.0,3,-62,62.07253821135398,7.551403675347199,0.01914115033746205,189,366,214,240,270,134
1776764173.8707106,20.0,3,-62,62.07253821135398,7.551403675347199,0.01914115033746205,189,366,214,240,270,134
1776764173.9278975,20.0,3,-62,62.07253821135398,7.551403675347199,0.01914115033746205,189,366,214,240,270,134
1776764173.9856694,20.0,3,-62,62.07253821135398,7.551403675347199,0.01914115033746205,189,366,214,240,270,134
1776764174.0424552,20.0,3,-62,62.07253821135398,7.551403675347199,0.01914115033746205,189,366,214,240,270,134
1776764174.0961685,20.0,3,-62,62.07253821135398,7.551403675347199,0.01914115033746205,189,366,214,240,270,134
1776764174.1528604,20.0,3,-62,62.07253821135398,7.551403675347199,0.01914115033746205,189,366,214,240,270,134
1776764174.2102113,20.0,3,-62,62.07253821135398,7.551403675347199,0.01914115033746205,189,366,214,240,270,134
1776764174.2679603,20.0,3,-62,62.07253821135398,7.551403675347199,0.01914115033746205,189,366,214,240,270,134
1776764174.3247907,20.0,3,-62,62.07253821135398,7.551403675347199,0.01914115033746205,189,366,214,240,270,134
1776764174.3825257,20.0,3,-62,62.07253821135398,7.551403675347199,0.01914115033746205,189,366,214,240,270,134
1776764174.4355884,20.0,3,-62,62.07253821135398,7.551403675347199,0.01914115033746205,189,366,214,240,270,134
1776764174.4927814,20.0,3,-62,62.07253821135398,7.551403675347199,0.01914115033746205,189,366,214,240,270,134
1776764174.550151,20.0,3,-62,62.07253821135398,7.551403675347199,0.01914115033746205,189,366,214,240,270,134
1776764174.6078868,20.0,3,-62,62.07253821135398,7.551403675347199,0.01914115033746205,189,366,214,240,270,134
1776764174.6656005,20.0,3,-62,62.07253821135398,7.551403675347199,0.01914115033746205,189,366,214,240,270,134
1776764174.7224762,20.0,3,-62,62.07253821135398,7.551403675347199,0.01914115033746205,189,366,214,240,270,134
1776764174.7758253,20.0,3,-62,62.07253821135398,7.551403675347199,0.01914115033746205,189,366,214,240,270,134
1776764174.832983,20.0,3,-62,62.07253821135398,7.551403675347199,0.01914115033746205,189,366,214,240,270,134
1776764174.8909016,20.0,3,-62,62.07253821135398,7.551403675347199,0.01914115033746205,189,366,214,240,270,134
1776764174.9482207,20.0,3,-62,62.07253821135398,7.551403675347199,0.01914115033746205,189,366,214,240,270,134
1776764175.0053878,20.0,3,-62,62.07253821135398,7.551403675347199,0.01914115033746205,189,366,214,240,270,134
1776764175.0623224,20.0,3,-62,62.07253821135398,7.551403675347199,0.01914115033746205,189,366,214,240,270,134
1776764175.1165547,20.0,3,-62,62.07253821135398,7.551403675347199,0.01914115033746205,189,366,214,240,270,134
1776764175.1731238,20.0,3,-62,62.07253821135398,7.551403675347199,0.01914115033746205,189,366,214,240,270,134
1776764175.2303903,20.0,3,-62,62.07253821135398,7.551403675347199,0.01914115033746205,189,366,214,240,270,134
1776764175.2876287,20.0,3,-62,62.07253821135398,7.551403675347199,0.01914115033746205,189,366,214,240,270,134
1776764175.3449533,20.0,3,-62,62.07253821135398,7.551403675347199,0.01914115033746205,189,366,214,240,270,134
1776764175.402443,20.0,3,-62,62.07253821135398,7.551403675347199,0.01914115033746205,189,366,214,240,270,134
1776764175.4557679,20.0,3,-62,62.07253821135398,7.551403675347199,0.01914115033746205,189,366,214,240,270,134
1776764175.5131345,20.0,3,-62,62.07253821135398,7.551403675347199,0.01914115033746205,189,366,214,240,270,134
1776764175.5704243,20.0,3,-62,62.07253821135398,7.551403675347199,0.01914115033746205,189,366,214,240,270,134
1776764175.6279752,20.0,3,-62,62.07253821135398,7.551403675347199,0.01914115033746205,189,366,214,240,270,134
1776764175.6855476,20.0,3,-62,62.07253821135398,7.551403675347199,0.01914115033746205,189,366,214,240,270,134
1776764175.7382882,20.0,3,-62,62.07253821135398,7.551403675347199,0.01914115033746205,189,366,214,240,270,134
1776764175.796602,20.0,3,-62,62.07253821135398,7.551403675347199,0.01914115033746205,189,366,214,240,270,134
1776764175.8530948,20.0,3,-62,62.07253821135398,7.551403675347199,0.01914115033746205,189,366,214,240,270,134
1776764175.9100819,20.0,3,-62,62.07253821135398,7.551403675347199,0.01914115033746205,189,366,214,240,270,134
1776764175.9676788,20.0,3,-62,62.07253821135398,7.551403675347199,0.01914115033746205,189,366,214,240,270,134
1776764176.0247924,20.0,3,-62,62.07253821135398,7.551403675347199,0.01914115033746205,189,366,214,240,270,134
1776764176.078462,20.0,3,-62,62.07253821135398,7.551403675347199,0.01914115033746205,189,366,214,240,270,134
1776764176.1356363,20.0,3,-62,62.07253821135398,7.551403675347199,0.01914115033746205,189,366,214,240,270,134
1776764176.1925156,20.0,3,-62,62.07253821135398,7.551403675347199,0.01914115033746205,189,366,214,240,270,134
1776764176.2503865,20.0,3,-62,62.07253821135398,7.551403675347199,0.01914115033746205,189,366,214,240,270,134
1776764176.3072581,20.0,3,-62,62.07253821135398,7.551403675347199,0.01914115033746205,189,366,214,240,270,134
1776764176.3656802,20.0,3,-62,62.07253821135398,7.551403675347199,0.01914115033746205,189,366,214,240,270,134
1776764176.4182796,20.0,3,-62,62.07253821135398,7.551403675347199,0.01914115033746205,189,366,214,240,270,134
1776764176.4756823,20.0,3,-62,62.07253821135398,7.551403675347199,0.01914115033746205,189,366,214,240,270,134
1776764176.5331364,20.0,3,-62,62.07253821135398,7.551403675347199,0.01914115033746205,189,366,214,240,270,134
1776764176.5904338,20.0,3,-62,62.07253821135398,7.551403675347199,0.01914115033746205,189,366,214,240,270,134
1776764176.6475286,20.0,3,-62,62.07253821135398,7.551403675347199,0.01914115033746205,189,366,214,240,270,134
1776764176.7045827,20.0,3,-62,62.07253821135398,7.551403675347199,0.01914115033746205,189,366,214,240,270,134
1776764176.7577534,20.0,3,-62,62.07253821135398,7.551403675347199,0.01914115033746205,189,366,214,240,270,134
1776764176.815452,20.0,3,-62,62.07253821135398,7.551403675347199,0.01914115033746205,189,366,214,240,270,134
1776764176.87242,20.0,3,-62,62.07253821135398,7.551403675347199,0.01914115033746205,189,366,214,240,270,134
1776764176.9302068,20.0,3,-62,62.07253821135398,7.551403675347199,0.019488891172229586,189,366,214,239,270,134
1776764176.9874506,20.0,3,-62,62.07253821135398,7.551403675347199,0.019488891172229586,189,366,214,239,270,134
1776764177.044649,20.0,3,-62,62.07253821135398,7.551403675347199,0.019488891172229586,189,366,214,239,270,134
1776764177.0983393,20.0,3,-62,62.07253821135398,7.551403675347199,0.019488891172229586,189,366,214,239,270,134
1776764177.1562455,20.0,3,-62,62.07253821135398,7.551403675347199,0.019488891172229586,189,366,214,239,270,134
1776764177.2134068,20.0,3,-62,62.07253821135398,7.551403675347199,0.019488891172229586,189,366,214,239,270,134
1776764177.2700214,20.0,3,-62,62.07253821135398,7.551403675347199,0.019488891172229586,189,366,214,239,270,134
1776764177.3279293,20.0,3,-62,62.07253821135398,7.551403675347199,0.019488891172229586,189,366,214,239,270,134
1776764177.38143,20.0,3,-62,62.07253821135398,7.551403675347199,0.019488891172229586,189,366,214,239,270,134
1776764177.4383063,20.0,3,-62,62.07253821135398,7.551403675347199,0.019488891172229586,189,366,214,239,270,134
1776764177.4960692,20.0,3,-62,62.07253821135398,7.551403675347199,0.019488891172229586,189,366,214,239,270,134
1776764177.5531948,20.0,3,-62,62.07253821135398,7.551403675347199,0.019488891172229586,189,366,214,239,270,134
1776764177.6095486,20.0,3,-62,62.07253821135398,7.551403675347199,0.019488891172229586,189,366,214,239,270,134
1776764177.6670518,20.0,3,-62,62.07253821135398,7.551403675347199,0.019488891172229586,189,366,214,239,270,134
1776764177.7208035,20.0,3,-62,62.07253821135398,7.551403675347199,0.019488891172229586,189,366,214,239,270,134
1776764177.7779405,20.0,3,-62,62.07253821135398,7.551403675347199,0.019488891172229586,189,366,214,239,270,134
1776764177.8354616,20.0,3,-62,62.07253821135398,7.551403675347199,0.019488891172229586,189,366,214,239,270,134
1776764177.893863,20.0,3,-62,62.07253821135398,7.551403675347199,0.019488891172229586,189,366,214,239,270,134
1776764177.9500651,20.0,3,-62,62.07253821135398,7.551403675347199,0.019488891172229586,189,366,214,239,270,134
1776764178.0069203,20.0,3,-62,62.07253821135398,7.551403675347199,0.019488891172229586,189,366,214,239,270,134
1776764178.060531,20.0,3,-62,62.07253821135398,7.551403675347199,0.019488891172229586,189,366,214,239,270,134
1776764178.1180568,20.0,3,-62,62.07253821135398,7.551403675347199,0.019488891172229586,189,366,214,239,270,134
1776764178.1758127,20.0,3,-62,62.07253821135398,7.551403675347199,0.019488891172229586,189,366,214,239,270,134
1776764178.2328558,20.0,3,-62,62.07253821135398,7.551403675347199,0.019488891172229586,189,366,214,239,270,134
1776764178.2896435,20.0,3,-62,62.07253821135398,7.551403675347199,0.019488891172229586,189,366,214,239,270,134
1776764178.347439,20.0,3,-62,62.07253821135398,7.551403675347199,0.019488891172229586,189,366,214,239,270,134
1776764178.4004703,20.0,3,-62,62.07253821135398,7.551403675347199,0.019488891172229586,189,366,214,239,270,134
1776764178.4577603,20.0,3,-62,62.07253821135398,7.551403675347199,0.019488891172229586,189,366,214,239,270,134
1776764178.5152671,20.0,3,-62,62.07253821135398,7.551403675347199,0.019488891172229586,189,366,214,239,270,134
1776764178.5728962,20.0,3,-62,62.07253821135398,7.551403675347199,0.019488891172229586,189,366,214,239,270,134
1776764178.6299593,20.0,3,-62,62.07253821135398,7.551403675347199,0.019488891172229586,189,366,214,239,270,134
1776764178.6880398,20.0,3,-62,62.07253821135398,7.551403675347199,0.019488891172229586,189,366,214,239,270,134
1776764178.7418227,20.0,3,-62,62.07253821135398,7.551403675347199,0.019488891172229586,189,366,214,239,270,134
1776764178.7980874,20.0,3,-63,63.071388124885914,7.672918263368115,0.01916387052654376,189,366,214,239,270,133
1776764178.8558075,20.0,3,-63,63.071388124885914,7.672918263368115,0.01916387052654376,189,366,214,239,270,133
1776764178.9121954,20.0,3,-63,63.071388124885914,7.672918263368115,0.01916387052654376,189,366,214,239,270,133
1776764178.969356,20.0,3,-63,63.071388124885914,7.672918263368115,0.01916387052654376,189,366,214,239,270,133
1776764179.0228248,20.0,3,-63,63.071388124885914,7.672918263368115,0.01916387052654376,189,366,214,239,270,133
1776764179.0800505,20.0,3,-63,63.071388124885914,7.672918263368115,0.01916387052654376,189,366,214,239,270,133
1776764179.1375637,20.0,3,-63,63.071388124885914,7.672918263368115,0.01916387052654376,189,366,214,239,270,133
1776764179.1947517,20.0,3,-63,63.071388124885914,7.672918263368115,0.01916387052654376,189,366,214,239,270,133
1776764179.2530634,20.0,3,-63,63.071388124885914,7.672918263368115,0.01916387052654376,189,366,214,239,270,133
1776764179.310213,20.0,3,-63,63.071388124885914,7.672918263368115,0.01916387052654376,189,366,214,239,270,133
1776764179.3631787,20.0,3,-63,63.071388124885914,7.672918263368115,0.01916387052654376,189,366,214,239,270,133
1776764179.4208586,20.0,3,-63,63.071388124885914,7.672918263368115,0.01916387052654376,189,366,214,239,270,133
1776764179.4776442,20.0,3,-63,63.071388124885914,7.672918263368115,0.01916387052654376,189,366,214,239,270,133
1776764179.5356739,20.0,3,-63,63.071388124885914,7.672918263368115,0.01916387052654376,189,366,214,239,270,133
1776764179.5925124,20.0,3,-63,63.071388124885914,7.672918263368115,0.01916387052654376,189,366,214,239,270,133
1776764179.649736,20.0,3,-63,63.071388124885914,7.672918263368115,0.01916387052654376,189,366,214,239,270,133
1776764179.7030134,20.0,3,-63,63.071388124885914,7.672918263368115,0.01916387052654376,189,366,214,239,270,133
1776764179.7603183,20.0,3,-63,63.071388124885914,7.672918263368115,0.01916387052654376,189,366,214,239,270,133
1776764179.8179085,20.0,3,-63,63.071388124885914,7.672918263368115,0.01916387052654376,189,366,214,239,270,133
1776764179.8746157,20.0,3,-63,63.071388124885914,7.672918263368115,0.01916387052654376,189,366,214,239,270,133
1776764179.9319794,20.0,3,-63,63.071388124885914,7.672918263368115,0.01916387052654376,189,366,214,239,270,133
1776764179.989879,20.0,3,-63,63.071388124885914,7.672918263368115,0.01916387052654376,189,366,214,239,270,133
1776764180.0431132,20.0,3,-63,63.071388124885914,7.672918263368115,0.01916387052654376,189,366,214,239,270,133
1776764180.1017408,20.0,3,-63,63.071388124885914,7.672918263368115,0.01916387052654376,189,366,214,239,270,133
1776764180.1577613,20.0,3,-63,63.071388124885914,7.672918263368115,0.01916387052654376,189,366,214,239,270,133
1776764180.2150087,20.0,3,-63,63.071388124885914,7.672918263368115,0.01916387052654376,189,366,214,239,270,133
1776764180.2724483,20.0,3,-63,63.071388124885914,7.672918263368115,0.01916387052654376,189,366,214,239,270,133
1776764180.3298898,20.0,3,-63,63.071388124885914,7.672918263368115,0.01916387052654376,189,366,214,239,270,133
1776764180.383318,20.0,3,-63,63.071388124885914,7.672918263368115,0.01916387052654376,189,366,214,239,270,133
1776764180.4405851,20.0,3,-63,63.071388124885914,7.672918263368115,0.01916387052654376,189,366,214,239,270,133
1776764180.4976776,20.0,3,-63,63.071388124885914,7.672918263368115,0.01916387052654376,189,366,214,239,270,133
1776764180.5552998,20.0,3,-63,63.071388124885914,7.672918263368115,0.01916387052654376,189,366,214,239,270,133
1776764180.612717,20.0,3,-63,63.071388124885914,7.672918263368115,0.01916387052654376,189,366,214,239,270,133
1776764180.6659431,20.0,3,-63,63.071388124885914,7.672918263368115,0.01916387052654376,189,366,214,239,270,133
1776764180.7233512,20.0,3,-63,63.071388124885914,7.672918263368115,0.01916387052654376,189,366,214,239,270,133
1776764180.780421,20.0,3,-63,63.071388124885914,7.672918263368115,0.01916387052654376,189,366,214,239,270,133
1776764180.8380082,20.0,3,-63,63.071388124885914,7.672918263368115,0.01916387052654376,189,366,214,239,270,133
1776764180.8951604,20.0,3,-63,63.071388124885914,7.672918263368115,0.01916387052654376,189,366,214,239,270,133
1776764180.9523053,20.0,3,-63,63.071388124885914,7.672918263368115,0.01916387052654376,189,366,214,239,270,133
1776764181.0054076,20.0,3,-63,63.071388124885914,7.672918263368115,0.01916387052654376,189,366,214,239,270,133
1776764181.0629556,20.0,3,-63,63.071388124885914,7.672918263368115,0.01916387052654376,189,366,214,239,270,133
1776764181.1200662,20.0,3,-63,63.071388124885914,7.672918263368115,0.01916387052654376,189,366,214,239,270,133
1776764181.1776328,20.0,3,-63,63.071388124885914,7.672918263368115,0.01916387052654376,189,366,214,239,270,133
1776764181.2344744,20.0,3,-63,63.071388124885914,7.672918263368115,0.01916387052654376,189,366,214,239,270,133
1776764181.2917852,20.0,3,-63,63.071388124885914,7.672918263368115,0.01916387052654376,189,366,214,239,270,133
1776764181.3452084,20.0,3,-63,63.071388124885914,7.672918263368115,0.01916387052654376,189,366,214,239,270,133
1776764181.402592,20.0,3,-63,63.071388124885914,7.672918263368115,0.01916387052654376,189,366,214,239,270,133
1776764181.4598517,20.0,3,-63,63.071388124885914,7.672918263368115,0.01916387052654376,189,366,214,239,270,133
1776764181.517693,20.0,3,-63,63.071388124885914,7.672918263368115,0.01916387052654376,189,366,214,239,270,133
1776764181.5745568,20.0,3,-63,63.071388124885914,7.672918263368115,0.01916387052654376,189,366,214,239,270,133
1776764181.631844,20.0,3,-63,63.071388124885914,7.672918263368115,0.01916387052654376,189,366,214,239,270,133
1776764181.6852767,20.0,3,-63,63.071388124885914,7.672918263368115,0.01916387052654376,189,366,214,239,270,133
1776764181.74256,20.0,3,-63,63.071388124885914,7.672918263368115,0.01916387052654376,189,366,214,239,270,133
1776764181.7998912,20.0,3,-63,63.071388124885914,7.672918263368115,0.01916387052654376,189,366,214,239,270,133
1776764181.85752,20.0,3,-63,63.071388124885914,7.672918263368115,0.01916387052654376,189,366,214,239,270,133
1776764181.9149876,20.0,3,-63,63.071388124885914,7.672918263368115,0.01916387052654376,189,366,214,239,270,133
1776764181.9718957,20.0,3,-63,63.071388124885914,7.672918263368115,0.01916387052654376,189,366,214,239,270,133
1776764182.0255232,20.0,3,-63,63.071388124885914,7.672918263368115,0.01916387052654376,189,366,214,239,270,133
1776764182.082732,20.0,3,-63,63.071388124885914,7.672918263368115,0.01916387052654376,189,366,214,239,270,133
1776764182.1396499,20.0,3,-63,63.071388124885914,7.672918263368115,0.01916387052654376,189,366,214,239,270,133
1776764182.1969955,20.0,3,-63,63.071388124885914,7.672918263368115,0.01916387052654376,189,366,214,239,270,133
1776764182.2542696,20.0,3,-63,63.071388124885914,7.672918263368115,0.01916387052654376,189,366,214,239,270,133
1776764182.307736,20.0,3,-63,63.071388124885914,7.672918263368115,0.01916387052654376,189,366,214,239,270,133
1776764182.3655539,20.0,3,-63,63.071388124885914,7.672918263368115,0.01916387052654376,189,366,214,239,270,133
1776764182.4229457,20.0,3,-63,63.071388124885914,7.672918263368115,0.01916387052654376,189,366,214,239,270,133
1776764182.480263,20.0,3,-63,63.071388124885914,7.672918263368115,0.01916387052654376,189,366,214,239,270,133
1776764182.5374312,20.0,3,-63,63.071388124885914,7.672918263368115,0.01916387052654376,189,366,214,239,270,133
1776764182.5946589,20.0,3,-63,63.071388124885914,7.672918263368115,0.01916387052654376,189,366,214,239,270,133
1776764182.6479936,20.0,3,-63,63.071388124885914,7.672918263368115,0.01916387052654376,189,366,214,239,270,133
1776764182.7052732,20.0,3,-63,63.071388124885914,7.672918263368115,0.01916387052654376,189,366,214,239,270,133
1776764182.7625613,20.0,3,-63,63.071388124885914,7.672918263368115,0.01916387052654376,189,366,214,239,270,133
1776764182.820354,20.0,3,-63,63.071388124885914,7.672918263368115,0.01916387052654376,189,366,214,239,270,133
1776764182.8774214,20.0,3,-63,63.071388124885914,7.672918263368115,0.01916387052654376,189,366,214,239,270,133
1776764182.9342682,20.0,3,-63,63.071388124885914,7.672918263368115,0.01916387052654376,189,366,214,239,270,133
1776764182.9876893,20.0,3,-63,63.071388124885914,7.672918263368115,0.01916387052654376,189,366,214,239,270,133
1776764183.0449128,20.0,3,-63,63.071388124885914,7.672918263368115,0.01916387052654376,189,366,214,239,270,133
1776764183.102583,20.0,3,-63,63.071388124885914,7.672918263368115,0.01916387052654376,189,366,214,239,270,133
1776764183.1601257,20.0,3,-63,63.071388124885914,7.672918263368115,0.01916387052654376,189,366,214,239,270,133
1776764183.2175925,20.0,3,-63,63.071388124885914,7.672918263368115,0.01916387052654376,189,366,214,239,270,133
1776764183.2746084,20.0,3,-63,63.071388124885914,7.672918263368115,0.01916387052654376,189,366,214,239,270,133
1776764183.3276749,20.0,3,-63,63.071388124885914,7.672918263368115,0.01916387052654376,189,366,214,239,270,133
1776764183.3858335,20.0,3,-63,63.071388124885914,7.672918263368115,0.01916387052654376,189,366,214,239,270,133
1776764183.442513,20.0,3,-63,63.071388124885914,7.672918263368115,0.01916387052654376,189,366,214,239,270,133
1776764183.499407,20.0,3,-63,63.071388124885914,7.672918263368115,0.01916387052654376,189,366,214,239,270,133
1776764183.5567787,20.0,3,-63,63.071388124885914,7.672918263368115,0.01916387052654376,189,366,214,239,270,133
1776764183.6141236,20.0,3,-63,63.071388124885914,7.672918263368115,0.01916387052654376,189,366,214,239,270,133
1776764183.667456,20.0,3,-63,63.071388124885914,7.672918263368115,0.01916387052654376,189,366,214,239,270,133
1776764183.724919,20.0,3,-63,63.071388124885914,7.672918263368115,0.01916387052654376,189,366,214,239,270,133
1776764183.7826254,20.0,3,-63,63.071388124885914,7.672918263368115,0.01916387052654376,189,366,214,239,270,133
1776764183.839819,20.0,3,-63,63.071388124885914,7.672918263368115,0.01916387052654376,189,366,214,239,270,133
1776764183.8972108,20.0,3,-63,63.071388124885914,7.672918263368115,0.01916387052654376,189,366,214,239,270,133
1776764183.9506378,20.0,3,-63,63.071388124885914,7.672918263368115,0.01916387052654376,189,366,214,239,270,133
1776764184.0079608,20.0,3,-63,63.071388124885914,7.672918263368115,0.01916387052654376,189,366,214,239,270,133
1776764184.065253,20.0,3,-63,63.071388124885914,7.672918263368115,0.01916387052654376,189,366,214,239,270,133
1776764184.1227317,20.0,3,-63,63.071388124885914,7.672918263368115,0.01916387052654376,189,366,214,239,270,133
1776764184.1795697,20.0,3,-63,63.071388124885914,7.672918263368115,0.01916387052654376,189,366,214,239,270,133
1776764184.2367709,20.0,3,-63,63.071388124885914,7.672918263368115,0.01916387052654376,189,366,214,239,270,133
1776764184.2905796,20.0,3,-63,63.071388124885914,7.672918263368115,0.01916387052654376,189,366,214,239,270,133
1776764184.3496253,20.0,3,-63,63.071388124885914,7.672918263368115,0.01916387052654376,189,366,214,239,270,133
1776764184.405441,20.0,3,-63,63.071388124885914,7.672918263368115,0.01916387052654376,189,366,214,239,270,133
1776764184.4626448,20.0,3,-63,63.071388124885914,7.672918263368115,0.01916387052654376,189,366,214,239,270,133
1776764184.5198088,20.0,3,-63,63.071388124885914,7.672918263368115,0.01916387052654376,189,366,214,239,270,133
1776764184.5767045,20.0,3,-63,63.071388124885914,7.672918263368115,0.01916387052654376,189,366,214,239,270,133
1776764184.6303756,20.0,3,-63,63.071388124885914,7.672918263368115,0.01916387052654376,189,366,214,239,270,133
1776764184.6878211,20.0,3,-63,63.071388124885914,7.672918263368115,0.01916387052654376,189,366,214,239,270,133
1776764184.7459083,20.0,3,-63,63.071388124885914,7.672918263368115,0.01916387052654376,189,366,214,239,270,133
1776764184.8019388,20.0,3,-63,63.071388124885914,7.672918263368115,0.01916387052654376,189,366,214,239,270,133
1776764184.8592768,20.0,3,-63,63.071388124885914,7.672918263368115,0.01916387052654376,189,366,214,239,270,133
1776764184.9165754,20.0,3,-63,63.071388124885914,7.672918263368115,0.01916387052654376,189,366,214,239,270,133
1776764184.9699602,20.0,3,-63,63.071388124885914,7.672918263368115,0.01916387052654376,189,366,214,239,270,133
1776764185.0277426,20.0,3,-63,63.071388124885914,7.672918263368115,0.01916387052654376,189,366,214,239,270,133
1776764185.085181,20.0,3,-63,63.071388124885914,7.672918263368115,0.01916387052654376,189,366,214,239,270,133
1776764185.1426167,20.0,3,-63,63.071388124885914,7.672918263368115,0.01916387052654376,189,366,214,239,270,133
1776764185.1997216,20.0,3,-63,63.071388124885914,7.672918263368115,0.01916387052654376,189,366,214,239,270,133
1776764185.2575636,20.0,3,-63,63.071388124885914,7.672918263368115,0.01916387052654376,189,366,214,239,270,133
1776764185.310443,20.0,3,-63,63.071388124885914,7.672918263368115,0.01916387052654376,189,366,214,239,270,133
1776764185.3681195,20.0,3,-63,63.071388124885914,7.672918263368115,0.01916387052654376,189,366,214,239,270,133
1776764185.4254153,20.0,3,-63,63.071388124885914,7.672918263368115,0.01916387052654376,189,366,214,239,270,133
1776764185.482377,20.0,3,-63,63.071388124885914,7.672918263368115,0.01916387052654376,189,366,214,239,270,133
1776764185.539804,20.0,3,-63,63.071388124885914,7.672918263368115,0.01916387052654376,189,366,214,239,270,133
1776764185.5969336,20.0,3,-63,63.071388124885914,7.672918263368115,0.01916387052654376,189,366,214,239,270,133
1776764185.650336,20.0,3,-63,63.071388124885914,7.672918263368115,0.01916387052654376,189,366,214,239,270,133
1776764185.7077556,20.0,3,-63,63.071388124885914,7.672918263368115,0.01916387052654376,189,366,214,239,270,133
1776764185.7644074,20.0,3,-63,63.071388124885914,7.672918263368115,0.01916387052654376,189,366,214,239,270,133
1776764185.821891,20.0,3,-63,63.071388124885914,7.672918263368115,0.01916387052654376,189,366,214,239,270,133
1776764185.8791325,20.0,3,-63,63.071388124885914,7.672918263368115,0.01916387052654376,189,366,214,239,270,133
1776764185.9328501,20.0,3,-63,63.071388124885914,7.672918263368115,0.01916387052654376,189,366,214,239,270,133
1776764185.9899817,20.0,3,-63,63.071388124885914,7.672918263368115,0.01916387052654376,189,366,214,239,270,133
1776764186.047561,20.0,3,-63,63.071388124885914,7.672918263368115,0.01916387052654376,189,366,214,239,270,133
1776764186.104881,20.0,3,-63,63.071388124885914,7.672918263368115,0.01916387052654376,189,366,214,239,270,133
1776764186.1621072,20.0,3,-63,63.071388124885914,7.672918263368115,0.01916387052654376,189,366,214,239,270,133
1776764186.2195773,20.0,3,-63,63.071388124885914,7.672918263368115,0.01916387052654376,189,366,214,239,270,133
1776764186.27271,20.0,3,-63,63.071388124885914,7.672918263368115,0.01916387052654376,189,366,214,239,270,133
1776764186.3303177,20.0,3,-63,63.071388124885914,7.672918263368115,0.01916387052654376,189,366,214,239,270,133
1776764186.3873594,20.0,3,-63,63.071388124885914,7.672918263368115,0.01916387052654376,189,366,214,239,270,133
1776764186.4451418,20.0,3,-63,63.071388124885914,7.672918263368115,0.01916387052654376,189,366,214,239,270,133
1776764186.5021076,20.0,3,-63,63.071388124885914,7.672918263368115,0.01916387052654376,189,366,214,239,270,133
1776764186.5594084,20.0,2,-63,63.0317380372777,7.668094651736945,0.018715510542537353,189,366,214,239,269,133
1776764186.612855,20.0,2,-63,63.0317380372777,7.668094651736945,0.018715510542537353,189,366,214,239,269,133
1776764186.669916,20.0,2,-63,63.0317380372777,7.668094651736945,0.018715510542537353,189,366,214,239,269,133
1776764186.7277122,20.0,2,-63,63.0317380372777,7.668094651736945,0.018715510542537353,189,366,214,239,269,133
1776764186.7847085,20.0,2,-63,63.0317380372777,7.668094651736945,0.018715510542537353,189,366,214,239,269,133
1776764186.842126,20.0,2,-63,63.0317380372777,7.668094651736945,0.018715510542537353,189,366,214,239,269,133
1776764186.8994088,20.0,2,-63,63.0317380372777,7.668094651736945,0.018715510542537353,189,366,214,239,269,133
1776764186.9524527,20.0,2,-63,63.0317380372777,7.668094651736945,0.018715510542537353,189,366,214,239,269,133
1776764187.0096881,20.0,2,-63,63.0317380372777,7.668094651736945,0.018715510542537353,189,366,214,239,269,133
1776764187.0678732,20.0,2,-63,63.0317380372777,7.668094651736945,0.018715510542537353,189,366,214,239,269,133
1776764187.1255987,20.0,2,-63,63.0317380372777,7.668094651736945,0.018715510542537353,189,366,214,239,269,133
1776764187.1818507,20.0,2,-63,63.0317380372777,7.668094651736945,0.018715510542537353,189,366,214,239,269,133
1776764187.2394972,20.0,2,-63,63.0317380372777,7.668094651736945,0.018715510542537353,189,366,214,239,269,133
1776764187.293078,20.0,2,-63,63.0317380372777,7.668094651736945,0.018715510542537353,189,366,214,239,269,133
1776764187.3516808,20.0,2,-63,63.0317380372777,7.668094651736945,0.018715510542537353,189,366,214,239,269,133
1776764187.408404,20.0,2,-63,63.0317380372777,7.668094651736945,0.018715510542537353,189,366,214,239,269,133
1776764187.46494,20.0,2,-63,63.0317380372777,7.668094651736945,0.018715510542537353,189,366,214,239,269,133
1776764187.5224714,20.0,2,-63,63.0317380372777,7.668094651736945,0.018715510542537353,189,366,214,239,269,133
1776764187.5768933,20.0,2,-63,63.0317380372777,7.668094651736945,0.018715510542537353,189,366,214,239,269,133
1776764187.6328492,20.0,2,-63,63.0317380372777,7.668094651736945,0.018715510542537353,189,366,214,239,269,133
1776764187.6902564,20.0,2,-63,63.0317380372777,7.668094651736945,0.018715510542537353,189,366,214,239,269,133
1776764187.7481587,20.0,2,-63,63.0317380372777,7.668094651736945,0.018715510542537353,189,366,214,239,269,133
1776764187.8060212,20.0,2,-63,63.0317380372777,7.668094651736945,0.018715510542537353,189,366,214,239,269,133
1776764187.8626163,20.0,2,-63,63.0317380372777,7.668094651736945,0.018715510542537353,189,366,214,239,269,133
1776764187.9157636,20.0,2,-63,63.0317380372777,7.668094651736945,0.018715510542537353,189,366,214,239,269,133
1776764187.972397,20.0,2,-63,63.0317380372777,7.668094651736945,0.018715510542537353,189,366,214,239,269,133
1776764188.029526,20.0,2,-63,63.0317380372777,7.668094651736945,0.018715510542537353,189,366,214,239,269,133
1776764188.090048,20.0,2,-63,63.0317380372777,7.668094651736945,0.018715510542537353,189,366,214,239,269,133
1776764188.1441972,20.0,2,-63,63.0317380372777,7.668094651736945,0.019058994190821726,189,366,214,238,269,133
1776764188.2016509,20.0,2,-63,63.0317380372777,7.668094651736945,0.019058994190821726,189,366,214,238,269,133
1776764188.2555904,20.0,2,-63,63.0317380372777,7.668094651736945,0.019058994190821726,189,366,214,238,269,133
1776764188.312761,20.0,2,-63,63.0317380372777,7.668094651736945,0.019058994190821726,189,366,214,238,269,133
1776764188.3699813,20.0,2,-63,63.0317380372777,7.668094651736945,0.019058994190821726,189,366,214,238,269,133
1776764188.4275565,20.0,2,-63,63.0317380372777,7.668094651736945,0.019058994190821726,189,366,214,238,269,133
1776764188.4852939,20.0,2,-63,63.0317380372777,7.668094651736945,0.019058994190821726,189,366,214,238,269,133
1776764188.5422757,20.0,2,-63,63.0317380372777,7.668094651736945,0.019058994190821726,189,366,214,238,269,133
1776764188.5953214,20.0,2,-63,63.0317380372777,7.668094651736945,0.019058994190821726,189,366,214,238,269,133
1776764188.652287,20.0,2,-63,63.0317380372777,7.668094651736945,0.019058994190821726,189,366,214,238,269,133
1776764188.7098331,20.0,2,-63,63.0317380372777,7.668094651736945,0.019058994190821726,189,366,214,238,269,133
1776764188.768624,20.0,2,-63,63.0317380372777,7.668094651736945,0.019058994190821726,189,366,214,238,269,133
1776764188.8244507,20.0,2,-63,63.0317380372777,7.668094651736945,0.019058994190821726,189,366,214,238,269,133
1776764188.8821023,20.0,2,-63,63.0317380372777,7.668094651736945,0.019058994190821726,189,366,214,238,269,133
1776764188.935393,20.0,2,-63,63.0317380372777,7.668094651736945,0.019058994190821726,189,366,214,238,269,133
1776764188.9925632,20.0,2,-63,63.0317380372777,7.668094651736945,0.019058994190821726,189,366,214,238,269,133
1776764189.0501192,20.0,2,-63,63.0317380372777,7.668094651736945,0.019058994190821726,189,366,214,238,269,133
1776764189.1075144,20.0,2,-63,63.0317380372777,7.668094651736945,0.019058994190821726,189,366,214,238,269,133
1776764189.1642632,20.0,2,-63,63.0317380372777,7.668094651736945,0.019058994190821726,189,366,214,238,269,133
1776764189.2214363,20.0,2,-63,63.0317380372777,7.668094651736945,0.019058994190821726,189,366,214,238,269,133
1776764189.2748718,20.0,2,-63,63.0317380372777,7.668094651736945,0.019058994190821726,189,366,214,238,269,133
1776764189.3328106,20.0,2,-63,63.0317380372777,7.668094651736945,0.019058994190821726,189,366,214,238,269,133
1776764189.3899486,20.0,2,-63,63.0317380372777,7.668094651736945,0.019058994190821726,189,366,214,238,269,133
1776764189.4477437,20.0,2,-63,63.0317380372777,7.668094651736945,0.019058994190821726,189,366,214,238,269,133
1776764189.504759,20.0,2,-63,63.0317380372777,7.668094651736945,0.019058994190821726,189,366,214,238,269,133
1776764189.55766,20.0,2,-63,63.0317380372777,7.668094651736945,0.019058994190821726,189,366,214,238,269,133
1776764189.6153507,20.0,2,-63,63.0317380372777,7.668094651736945,0.019058994190821726,189,366,214,238,269,133
1776764189.6720755,20.0,2,-63,63.0317380372777,7.668094651736945,0.019058994190821726,189,366,214,238,269,133
1776764189.7297451,20.0,2,-63,63.0317380372777,7.668094651736945,0.019058994190821726,189,366,214,238,269,133
1776764189.787181,20.0,2,-63,63.0317380372777,7.668094651736945,0.019058994190821726,189,366,214,238,269,133
1776764189.844087,20.0,2,-63,63.0317380372777,7.668094651736945,0.019058994190821726,189,366,214,238,269,133
1776764189.897739,20.0,2,-63,63.0317380372777,7.668094651736945,0.019058994190821726,189,366,214,238,269,133
1776764189.9554255,20.0,2,-63,63.0317380372777,7.668094651736945,0.019058994190821726,189,366,214,238,269,133
1776764190.0703871,20.0,2,-63,63.0317380372777,7.668094651736945,0.019058994190821726,189,366,214,238,269,133
1776764190.127058,20.0,2,-63,63.0317380372777,7.668094651736945,0.019058994190821726,189,366,214,238,269,133
1776764190.1841793,20.0,2,-63,63.0317380372777,7.668094651736945,0.019058994190821726,189,366,214,238,269,133
1776764190.237936,20.0,2,-63,63.0317380372777,7.668094651736945,0.019058994190821726,189,366,214,238,269,133
1776764190.2945814,20.0,2,-63,63.0317380372777,7.668094651736945,0.019058994190821726,189,366,214,238,269,133
1776764190.3517983,20.0,2,-63,63.0317380372777,7.668094651736945,0.019058994190821726,189,366,214,238,269,133
1776764190.4093385,20.0,2,-63,63.0317380372777,7.668094651736945,0.019058994190821726,189,366,214,238,269,133
1776764190.466975,20.0,2,-63,63.0317380372777,7.668094651736945,0.019058994190821726,189,366,214,238,269,133
1776764190.524271,20.0,2,-63,63.0317380372777,7.668094651736945,0.019058994190821726,189,366,214,238,269,133
1776764190.5771832,20.0,2,-63,63.0317380372777,7.668094651736945,0.019058994190821726,189,366,214,238,269,133
1776764190.6348531,20.0,2,-63,63.0317380372777,7.668094651736945,0.019058994190821726,189,366,214,238,269,133
1776764190.692508,20.0,2,-63,63.0317380372777,7.668094651736945,0.019058994190821726,189,366,214,238,269,133
1776764190.7498653,20.0,2,-63,63.0317380372777,7.668094651736945,0.019058994190821726,189,366,214,238,269,133
1776764190.8067436,20.0,2,-63,63.0317380372777,7.668094651736945,0.019058994190821726,189,366,214,238,269,133
1776764190.8641331,20.0,2,-63,63.0317380372777,7.668094651736945,0.019058994190821726,189,366,214,238,269,133
1776764190.9177403,20.0,2,-63,63.0317380372777,7.668094651736945,0.019058994190821726,189,366,214,238,269,133
1776764190.9760478,20.0,2,-63,63.0317380372777,7.668094651736945,0.019058994190821726,189,366,214,238,269,133
1776764191.0327766,20.0,2,-63,63.0317380372777,7.668094651736945,0.019058994190821726,189,366,214,238,269,133
1776764191.0891104,20.0,2,-63,63.0317380372777,7.668094651736945,0.019058994190821726,189,366,214,238,269,133
1776764191.146857,20.0,2,-63,63.0317380372777,7.668094651736945,0.019058994190821726,189,366,214,238,269,133
1776764191.2002535,20.0,2,-63,63.0317380372777,7.668094651736945,0.019058994190821726,189,366,214,238,269,133
1776764191.2576723,20.0,2,-63,63.0317380372777,7.668094651736945,0.019058994190821726,189,366,214,238,269,133
1776764191.3145034,20.0,2,-63,63.0317380372777,7.668094651736945,0.019058994190821726,189,366,214,238,269,133
1776764191.3719904,20.0,2,-63,63.0317380372777,7.668094651736945,0.019058994190821726,189,366,214,238,269,133
1776764191.4290028,20.0,2,-63,63.0317380372777,7.668094651736945,0.019058994190821726,189,366,214,238,269,133
1776764191.4869366,20.0,2,-63,63.0317380372777,7.668094651736945,0.019058994190821726,189,366,214,238,269,133
1776764191.540809,20.0,2,-63,63.0317380372777,7.668094651736945,0.019058994190821726,189,366,214,238,269,133
1776764191.5974364,20.0,2,-63,63.0317380372777,7.668094651736945,0.019058994190821726,189,366,214,238,269,133
1776764191.6546876,20.0,2,-63,63.0317380372777,7.668094651736945,0.019058994190821726,189,366,214,238,269,133
1776764191.7116866,20.0,2,-63,63.0317380372777,7.668094651736945,0.019058994190821726,189,366,214,238,269,133
1776764191.7690544,20.0,2,-63,63.0317380372777,7.668094651736945,0.019058994190821726,189,366,214,238,269,133
1776764191.8262625,20.0,2,-63,63.0317380372777,7.668094651736945,0.019058994190821726,189,366,214,238,269,133
1776764191.8799887,20.0,2,-63,63.0317380372777,7.668094651736945,0.019058994190821726,189,366,214,238,269,133
1776764191.9373982,20.0,2,-63,63.0317380372777,7.668094651736945,0.019058994190821726,189,366,214,238,269,133
1776764191.9950428,20.0,2,-63,63.0317380372777,7.668094651736945,0.019058994190821726,189,366,214,238,269,133
1776764192.051954,20.0,2,-63,63.0317380372777,7.668094651736945,0.019058994190821726,189,366,214,238,269,133
1776764192.109682,20.0,2,-63,63.0317380372777,7.668094651736945,0.019058994190821726,189,366,214,238,269,133
1776764192.166476,20.0,2,-63,63.0317380372777,7.668094651736945,0.019058994190821726,189,366,214,238,269,133
1776764192.2202377,20.0,2,-63,63.0317380372777,7.668094651736945,0.019058994190821726,189,366,214,238,269,133
1776764192.2774646,20.0,2,-63,63.0317380372777,7.668094651736945,0.019058994190821726,189,366,214,238,269,133
1776764192.3345885,20.0,2,-63,63.0317380372777,7.668094651736945,0.019058994190821726,189,366,214,238,269,133
1776764192.392246,20.0,2,-63,63.0317380372777,7.668094651736945,0.019058994190821726,189,366,214,238,269,133
1776764192.4491203,20.0,2,-63,63.0317380372777,7.668094651736945,0.019058994190821726,189,366,214,238,269,133
1776764192.506859,20.0,2,-63,63.0317380372777,7.668094651736945,0.019058994190821726,189,366,214,238,269,133
1776764192.5595624,20.0,2,-63,63.0317380372777,7.668094651736945,0.019058994190821726,189,366,214,238,269,133
1776764192.6169512,20.0,2,-63,63.0317380372777,7.668094651736945,0.019058994190821726,189,366,214,238,269,133
1776764192.6747117,20.0,2,-63,63.0317380372777,7.668094651736945,0.019058994190821726,189,366,214,238,269,133
1776764192.7320795,20.0,2,-63,63.0317380372777,7.668094651736945,0.019058994190821726,189,366,214,238,269,133
1776764192.7888532,20.0,2,-63,63.0317380372777,7.668094651736945,0.019058994190821726,189,366,214,238,269,133
1776764192.8467727,20.0,2,-63,63.0317380372777,7.668094651736945,0.019058994190821726,189,366,214,238,269,133
1776764192.9003913,20.0,2,-63,63.0317380372777,7.668094651736945,0.019058994190821726,189,366,214,238,269,133
1776764192.9577484,20.0,2,-63,63.0317380372777,7.668094651736945,0.019058994190821726,189,366,214,238,269,133
1776764193.0146382,20.0,2,-63,63.0317380372777,7.668094651736945,0.019058994190821726,189,366,214,238,269,133
1776764193.0717177,20.0,2,-63,63.0317380372777,7.668094651736945,0.019058994190821726,189,366,214,238,269,133
1776764193.1291873,20.0,2,-63,63.0317380372777,7.668094651736945,0.019058994190821726,189,366,214,238,269,133
1776764193.1826565,20.0,2,-63,63.0317380372777,7.668094651736945,0.019058994190821726,189,366,214,238,269,133
1776764193.2405097,20.0,2,-63,63.0317380372777,7.668094651736945,0.019058994190821726,189,366,214,238,269,133
1776764193.2977333,20.0,2,-63,63.0317380372777,7.668094651736945,0.019058994190821726,189,366,214,238,269,133
1776764193.3546448,20.0,2,-63,63.0317380372777,7.668094651736945,0.019058994190821726,189,366,214,238,269,133
1776764193.4123745,20.0,2,-63,63.0317380372777,7.668094651736945,0.019058994190821726,189,366,214,238,269,133
1776764193.4695654,20.0,2,-63,63.0317380372777,7.668094651736945,0.019058994190821726,189,366,214,238,269,133
1776764193.5227082,20.0,2,-63,63.0317380372777,7.668094651736945,0.019058994190821726,189,366,214,238,269,133
1776764193.5808032,20.0,2,-64,64.03124237432849,7.789688853324632,0.018738396183309552,189,366,214,238,269,132
1776764193.638096,20.0,2,-64,64.03124237432849,7.789688853324632,0.018738396183309552,189,366,214,238,269,132
1776764193.6946723,20.0,2,-64,64.03124237432849,7.789688853324632,0.018738396183309552,189,366,214,238,269,132
1776764193.7518146,20.0,2,-64,64.03124237432849,7.789688853324632,0.018738396183309552,189,366,214,238,269,132
1776764193.8093057,20.0,2,-64,64.03124237432849,7.789688853324632,0.018738396183309552,189,366,214,238,269,132
1776764193.8630679,20.0,2,-64,64.03124237432849,7.789688853324632,0.018738396183309552,189,366,214,238,269,132
1776764193.9202092,20.0,2,-64,64.03124237432849,7.789688853324632,0.018738396183309552,189,366,214,238,269,132
1776764193.9772563,20.0,2,-64,64.03124237432849,7.789688853324632,0.018738396183309552,189,366,214,238,269,132
1776764194.0350177,20.0,2,-64,64.03124237432849,7.789688853324632,0.018738396183309552,189,366,214,238,269,132
1776764194.0919342,20.0,2,-64,64.03124237432849,7.789688853324632,0.018738396183309552,189,366,214,238,269,132
1776764194.1493785,20.0,2,-64,64.03124237432849,7.789688853324632,0.018738396183309552,189,366,214,238,269,132
1776764194.202763,20.0,2,-64,64.03124237432849,7.789688853324632,0.018738396183309552,189,366,214,238,269,132
1776764194.2605631,20.0,2,-64,64.03124237432849,7.789688853324632,0.018738396183309552,189,366,214,238,269,132
1776764194.3171067,20.0,2,-64,64.03124237432849,7.789688853324632,0.018738396183309552,189,366,214,238,269,132
1776764194.3742454,20.0,2,-64,64.03124237432849,7.789688853324632,0.018738396183309552,189,366,214,238,269,132
1776764194.431747,20.0,2,-64,64.03124237432849,7.789688853324632,0.018738396183309552,189,366,214,238,269,132
1776764194.4894052,20.0,2,-64,64.03124237432849,7.789688853324632,0.018738396183309552,189,366,214,238,269,132
1776764194.5428932,20.0,2,-64,64.03124237432849,7.789688853324632,0.018738396183309552,189,366,214,238,269,132
1776764194.5995214,20.0,2,-64,64.03124237432849,7.789688853324632,0.018738396183309552,189,366,214,238,269,132
1776764194.6566844,20.0,2,-64,64.03124237432849,7.789688853324632,0.018738396183309552,189,366,214,238,269,132
1776764194.7149282,20.0,2,-64,64.03124237432849,7.789688853324632,0.018738396183309552,189,366,214,238,269,132
1776764194.7722204,20.0,2,-64,64.03124237432849,7.789688853324632,0.018738396183309552,189,366,214,238,269,132
1776764194.8245406,20.0,2,-64,64.03124237432849,7.789688853324632,0.018738396183309552,189,366,214,238,269,132
1776764194.881953,20.0,2,-64,64.03124237432849,7.789688853324632,0.018738396183309552,189,366,214,238,269,132
1776764194.9397397,20.0,2,-64,64.03124237432849,7.789688853324632,0.018738396183309552,189,366,214,238,269,132
1776764194.9968436,20.0,2,-64,64.03124237432849,7.789688853324632,0.018738396183309552,189,366,214,238,269,132
1776764195.0544105,20.0,2,-64,64.03124237432849,7.789688853324632,0.018738396183309552,189,366,214,238,269,132
1776764195.1119359,20.0,2,-64,64.03124237432849,7.789688853324632,0.018738396183309552,189,366,214,238,269,132
1776764195.1655204,20.0,2,-64,64.03124237432849,7.789688853324632,0.018738396183309552,189,366,214,238,269,132
1776764195.222147,20.0,2,-64,64.03124237432849,7.789688853324632,0.018738396183309552,189,366,214,238,269,132
1776764195.2796106,20.0,2,-64,64.03124237432849,7.789688853324632,0.018738396183309552,189,366,214,238,269,132
1776764195.3370135,20.0,2,-64,64.03124237432849,7.789688853324632,0.018738396183309552,189,366,214,238,269,132
1776764195.3955212,20.0,2,-64,64.03124237432849,7.789688853324632,0.018738396183309552,189,366,214,238,269,132
1776764195.451943,20.0,2,-64,64.03124237432849,7.789688853324632,0.018738396183309552,189,366,214,238,269,132
1776764195.504856,20.0,2,-64,64.03124237432849,7.789688853324632,0.018738396183309552,189,366,214,238,269,132
1776764195.5617821,20.0,2,-64,64.03124237432849,7.789688853324632,0.018738396183309552,189,366,214,238,269,132
1776764195.6194313,20.0,2,-64,64.03124237432849,7.789688853324632,0.018738396183309552,189,366,214,238,269,132
1776764195.6764326,20.0,2,-64,64.03124237432849,7.789688853324632,0.018738396183309552,189,366,214,238,269,132
1776764195.7337778,20.0,2,-64,64.03124237432849,7.789688853324632,0.018738396183309552,189,366,214,238,269,132
1776764195.7910366,20.0,2,-64,64.03124237432849,7.789688853324632,0.018738396183309552,189,366,214,238,269,132
1776764195.844414,20.0,2,-64,64.03124237432849,7.789688853324632,0.018738396183309552,189,366,214,238,269,132
1776764195.901858,20.0,2,-64,64.03124237432849,7.789688853324632,0.018738396183309552,189,366,214,238,269,132
1776764195.9590628,20.0,2,-64,64.03124237432849,7.789688853324632,0.018738396183309552,189,366,214,238,269,132
1776764196.0164173,20.0,2,-64,64.03124237432849,7.789688853324632,0.018738396183309552,189,366,214,238,269,132
1776764196.073753,20.0,2,-64,64.03124237432849,7.789688853324632,0.018738396183309552,189,366,214,238,269,132
1776764196.1309898,20.0,2,-64,64.03124237432849,7.789688853324632,0.018738396183309552,189,366,214,238,269,132
1776764196.184428,20.0,2,-64,64.03124237432849,7.789688853324632,0.018738396183309552,189,366,214,238,269,132
1776764196.2417245,20.0,2,-64,64.03124237432849,7.789688853324632,0.018738396183309552,189,366,214,238,269,132
1776764196.2991703,20.0,2,-64,64.03124237432849,7.789688853324632,0.018738396183309552,189,366,214,238,269,132
1776764196.3570728,20.0,2,-64,64.03124237432849,7.789688853324632,0.018738396183309552,189,366,214,238,269,132
1776764196.414294,20.0,2,-64,64.03124237432849,7.789688853324632,0.018738396183309552,189,366,214,238,269,132
1776764196.4677513,20.0,2,-64,64.03124237432849,7.789688853324632,0.018738396183309552,189,366,214,238,269,132
1776764196.5256166,20.0,2,-64,64.03124237432849,7.789688853324632,0.018738396183309552,189,366,214,238,269,132
1776764196.582007,20.0,2,-64,64.03124237432849,7.789688853324632,0.018738396183309552,189,366,214,238,269,132
1776764196.639441,20.0,2,-64,64.03124237432849,7.789688853324632,0.018738396183309552,189,366,214,238,269,132
1776764196.6967533,20.0,2,-64,64.03124237432849,7.789688853324632,0.018738396183309552,189,366,214,238,269,132
1776764196.7539952,20.0,2,-64,64.03124237432849,7.789688853324632,0.018738396183309552,189,366,214,238,269,132
1776764196.8069549,20.0,2,-64,64.03124237432849,7.789688853324632,0.018738396183309552,189,366,214,238,269,132
1776764196.8642967,20.0,2,-64,64.03124237432849,7.789688853324632,0.018738396183309552,189,366,214,238,269,132
1776764196.9223692,20.0,2,-64,64.03124237432849,7.789688853324632,0.018738396183309552,189,366,214,238,269,132
1776764196.9796736,20.0,2,-64,64.03124237432849,7.789688853324632,0.018738396183309552,189,366,214,238,269,132
1776764197.036599,20.0,2,-64,64.03124237432849,7.789688853324632,0.018738396183309552,189,366,214,238,269,132
1776764197.0935724,20.0,2,-64,64.03124237432849,7.789688853324632,0.018738396183309552,189,366,214,238,269,132
1776764197.1470306,20.0,2,-64,64.03124237432849,7.789688853324632,0.018738396183309552,189,366,214,238,269,132
1776764197.2041917,20.0,2,-64,64.03124237432849,7.789688853324632,0.018738396183309552,189,366,214,238,269,132
1776764197.26283,20.0,2,-64,64.03124237432849,7.789688853324632,0.018738396183309552,189,366,214,238,269,132
1776764197.3193545,20.0,2,-64,64.03124237432849,7.789688853324632,0.018738396183309552,189,366,214,238,269,132
1776764197.3763845,20.0,2,-64,64.03124237432849,7.789688853324632,0.018738396183309552,189,366,214,238,269,132
1776764197.4336,20.0,2,-64,64.03124237432849,7.789688853324632,0.018738396183309552,189,366,214,238,269,132
1776764197.4871244,20.0,2,-64,64.03124237432849,7.789688853324632,0.018738396183309552,189,366,214,238,269,132
1776764197.5443099,20.0,2,-64,64.03124237432849,7.789688853324632,0.018738396183309552,189,366,214,238,269,132
1776764197.6029067,20.0,2,-64,64.03124237432849,7.789688853324632,0.018738396183309552,189,366,214,238,269,132
1776764197.6598558,20.0,2,-64,64.03124237432849,7.789688853324632,0.018738396183309552,189,366,214,238,269,132
1776764197.7172832,20.0,2,-64,64.03124237432849,7.789688853324632,0.018738396183309552,189,366,214,238,269,132
1776764197.774303,20.0,2,-64,64.03124237432849,7.789688853324632,0.018738396183309552,189,366,214,238,269,132
1776764197.8269575,20.0,2,-64,64.03124237432849,7.789688853324632,0.018738396183309552,189,366,214,238,269,132
1776764197.884923,20.0,2,-64,64.03124237432849,7.789688853324632,0.018738396183309552,189,366,214,238,269,132
1776764197.9425068,20.0,2,-64,64.03124237432849,7.789688853324632,0.018738396183309552,189,366,214,238,269,132
1776764198.0000026,20.0,2,-64,64.03124237432849,7.789688853324632,0.018738396183309552,189,366,214,238,269,132
1776764198.0564673,20.0,2,-64,64.03124237432849,7.789688853324632,0.018738396183309552,189,366,214,238,269,132
1776764198.110129,20.0,2,-64,64.03124237432849,7.789688853324632,0.018738396183309552,189,366,214,238,269,132
1776764198.1671958,20.0,2,-64,64.03124237432849,7.789688853324632,0.018738396183309552,189,366,214,238,269,132
1776764198.224553,20.0,2,-64,64.03124237432849,7.789688853324632,0.018738396183309552,189,366,214,238,269,132
1776764198.2818162,20.0,2,-64,64.03124237432849,7.789688853324632,0.018738396183309552,189,366,214,238,269,132
1776764198.3395035,20.0,2,-64,64.03124237432849,7.789688853324632,0.018738396183309552,189,366,214,238,269,132
1776764198.3969815,20.0,2,-64,64.03124237432849,7.789688853324632,0.018738396183309552,189,366,214,238,269,132
1776764198.450287,20.0,2,-64,64.03124237432849,7.789688853324632,0.018738396183309552,189,366,214,238,269,132
1776764198.5075023,20.0,2,-64,64.03124237432849,7.789688853324632,0.018738396183309552,189,366,214,238,269,132
1776764198.5640476,20.0,2,-64,64.03124237432849,7.789688853324632,0.018738396183309552,189,366,214,238,269,132
1776764198.6216152,20.0,2,-64,64.03124237432849,7.789688853324632,0.018738396183309552,189,366,214,238,269,132
1776764198.679111,20.0,2,-64,64.03124237432849,7.789688853324632,0.018738396183309552,189,366,214,238,269,132
1776764198.736277,20.0,2,-64,64.03124237432849,7.789688853324632,0.018738396183309552,189,366,214,238,269,132
1776764198.7899187,20.0,2,-64,64.03124237432849,7.789688853324632,0.018738396183309552,189,366,214,238,269,132
1776764198.8470545,20.0,2,-64,64.03124237432849,7.789688853324632,0.018738396183309552,189,366,214,238,269,132
1776764198.9046059,20.0,2,-64,64.03124237432849,7.789688853324632,0.018738396183309552,189,366,214,238,269,132
1776764198.9615355,20.0,2,-64,64.03124237432849,7.789688853324632,0.018738396183309552,189,366,214,238,269,132
1776764199.0193295,20.0,2,-64,64.03124237432849,7.789688853324632,0.018738396183309552,189,366,214,238,269,132
1776764199.0770075,20.0,2,-64,64.03124237432849,7.789688853324632,0.018738396183309552,189,366,214,238,269,132
1776764199.129863,20.0,2,-64,64.03124237432849,7.789688853324632,0.018738396183309552,189,366,214,238,269,132
1776764199.1867542,20.0,2,-64,64.03124237432849,7.789688853324632,0.018738396183309552,189,366,214,238,269,132
1776764199.2446556,20.0,2,-64,64.03124237432849,7.789688853324632,0.018738396183309552,189,366,214,238,269,132
1776764199.301585,20.0,2,-64,64.03124237432849,7.789688853324632,0.018738396183309552,189,366,214,238,269,132
1776764199.3585777,20.0,2,-64,64.03124237432849,7.789688853324632,0.018738396183309552,189,366,214,238,269,132
1776764199.415878,20.0,2,-64,64.03124237432849,7.789688853324632,0.018738396183309552,189,366,214,238,269,132
1776764199.4697497,20.0,2,-64,64.03124237432849,7.789688853324632,0.018738396183309552,189,366,214,238,269,132
1776764199.5269587,20.0,2,-64,64.03124237432849,7.789688853324632,0.018738396183309552,189,366,214,238,269,132
1776764199.5842862,20.0,2,-64,64.03124237432849,7.789688853324632,0.018738396183309552,189,366,214,238,269,132
1776764199.6417048,20.0,2,-64,64.03124237432849,7.789688853324632,0.018738396183309552,189,366,214,238,269,132
1776764199.6990125,20.0,2,-64,64.03124237432849,7.789688853324632,0.018738396183309552,189,366,214,238,269,132
1776764199.7568345,20.0,2,-64,64.03124237432849,7.789688853324632,0.018738396183309552,189,366,214,238,269,132
1776764199.8092601,20.0,2,-64,64.03124237432849,7.789688853324632,0.018738396183309552,189,366,214,238,269,132
1776764199.8669994,20.0,2,-64,64.03124237432849,7.789688853324632,0.018738396183309552,189,366,214,238,269,132
1776764199.923858,20.0,2,-64,64.03124237432849,7.789688853324632,0.018738396183309552,189,366,214,238,269,132
1776764199.9816053,20.0,2,-64,64.03124237432849,7.789688853324632,0.018738396183309552,189,366,214,238,269,132
1776764200.039016,20.0,2,-64,64.03124237432849,7.789688853324632,0.018738396183309552,189,366,214,238,269,132
1776764200.0933301,20.0,2,-64,64.03124237432849,7.789688853324632,0.018738396183309552,189,366,214,238,269,132
1776764200.149489,20.0,2,-64,64.03124237432849,7.789688853324632,0.018738396183309552,189,366,214,238,269,132
1776764200.206955,20.0,2,-64,64.03124237432849,7.789688853324632,0.018738396183309552,189,366,214,238,269,132
1776764200.264132,20.0,2,-64,64.03124237432849,7.789688853324632,0.01907900711367668,189,366,214,237,269,132
1776764200.3210645,20.0,2,-64,64.03124237432849,7.789688853324632,0.01907900711367668,189,366,214,237,269,132
1776764200.3783994,20.0,2,-64,64.03124237432849,7.789688853324632,0.01907900711367668,189,366,214,237,269,132
1776764200.4319007,20.0,2,-64,64.03124237432849,7.789688853324632,0.01907900711367668,189,366,214,237,269,132
1776764200.4897094,20.0,2,-64,64.03124237432849,7.789688853324632,0.01907900711367668,189,366,214,237,269,132
1776764200.5468607,20.0,2,-64,64.03124237432849,7.789688853324632,0.01907900711367668,189,366,214,237,269,132
1776764200.603792,20.0,2,-64,64.03124237432849,7.789688853324632,0.01907900711367668,189,366,214,237,269,132
1776764200.6610327,20.0,2,-64,64.03124237432849,7.789688853324632,0.01907900711367668,189,366,214,237,269,132
1776764200.7189946,20.0,2,-64,64.03124237432849,7.789688853324632,0.01907900711367668,189,366,214,237,269,132
1776764200.7722836,20.0,2,-64,64.03124237432849,7.789688853324632,0.01907900711367668,189,366,214,237,269,132
1776764200.8294709,20.0,2,-64,64.03124237432849,7.789688853324632,0.01907900711367668,189,366,214,237,269,132
1776764200.8867898,20.0,2,-64,64.03124237432849,7.789688853324632,0.01907900711367668,189,366,214,237,269,132
1776764200.9444554,20.0,2,-64,64.03124237432849,7.789688853324632,0.01907900711367668,189,366,214,237,269,132
1776764201.0017457,20.0,2,-64,64.03124237432849,7.789688853324632,0.01907900711367668,189,366,214,237,269,132
1776764201.0587285,20.0,2,-64,64.03124237432849,7.789688853324632,0.01907900711367668,189,366,214,237,269,132
1776764201.1125247,20.0,2,-64,64.03124237432849,7.789688853324632,0.01907900711367668,189,366,214,237,269,132
1776764201.1690266,20.0,2,-64,64.03124237432849,7.789688853324632,0.01907900711367668,189,366,214,237,269,132
1776764201.2269495,20.0,2,-64,64.03124237432849,7.789688853324632,0.01907900711367668,189,366,214,237,269,132
1776764201.2848556,20.0,2,-64,64.03124237432849,7.789688853324632,0.01907900711367668,189,366,214,237,269,132
1776764201.3417177,20.0,2,-64,64.03124237432849,7.789688853324632,0.01907900711367668,189,366,214,237,269,132
1776764201.3983018,20.0,2,-64,64.03124237432849,7.789688853324632,0.01907900711367668,189,366,214,237,269,132
1776764201.4526782,20.0,2,-64,64.03124237432849,7.789688853324632,0.01907900711367668,189,366,214,237,269,132
1776764201.5093224,20.0,2,-64,64.03124237432849,7.789688853324632,0.01907900711367668,189,366,214,237,269,132
1776764201.5665867,20.0,2,-64,64.03124237432849,7.789688853324632,0.01907900711367668,189,366,214,237,269,132
1776764201.6235378,20.0,2,-64,64.03124237432849,7.789688853324632,0.01907900711367668,189,366,214,237,269,132
1776764201.68088,20.0,2,-64,64.03124237432849,7.789688853324632,0.01907900711367668,189,366,214,237,269,132
1776764201.7346857,20.0,2,-64,64.03124237432849,7.789688853324632,0.01907900711367668,189,366,214,237,269,132
1776764201.7916963,20.0,2,-64,64.03124237432849,7.789688853324632,0.01907900711367668,189,366,214,237,269,132
1776764201.8494697,20.0,2,-64,64.03124237432849,7.789688853324632,0.01907900711367668,189,366,214,237,269,132
1776764201.9065008,20.0,2,-64,64.03124237432849,7.789688853324632,0.01907900711367668,189,366,214,237,269,132
1776764201.9644103,20.0,2,-64,64.03124237432849,7.789688853324632,0.01907900711367668,189,366,214,237,269,132
1776764202.021743,20.0,2,-64,64.03124237432849,7.789688853324632,0.01907900711367668,189,366,214,237,269,132
1776764202.0744052,20.0,2,-64,64.03124237432849,7.789688853324632,0.01907900711367668,189,366,214,237,269,132
1776764202.1315267,20.0,2,-64,64.03124237432849,7.789688853324632,0.01907900711367668,189,366,214,237,269,132
1776764202.188842,20.0,2,-64,64.03124237432849,7.789688853324632,0.01907900711367668,189,366,214,237,269,132
1776764202.2462268,20.0,2,-64,64.03124237432849,7.789688853324632,0.01907900711367668,189,366,214,237,269,132
1776764202.3035274,20.0,2,-64,64.03124237432849,7.789688853324632,0.01907900711367668,189,366,214,237,269,132
1776764202.3608544,20.0,2,-64,64.03124237432849,7.789688853324632,0.01907900711367668,189,366,214,237,269,132
1776764202.4150414,20.0,2,-64,64.03124237432849,7.789688853324632,0.01907900711367668,189,366,214,237,269,132
1776764202.4719837,20.0,2,-64,64.03124237432849,7.789688853324632,0.01907900711367668,189,366,214,237,269,132
1776764202.5293984,20.0,2,-64,64.03124237432849,7.789688853324632,0.01907900711367668,189,366,214,237,269,132
1776764202.5868769,20.0,2,-64,64.03124237432849,7.789688853324632,0.01907900711367668,189,366,214,237,269,132
1776764202.6440659,20.0,2,-64,64.03124237432849,7.789688853324632,0.01907900711367668,189,366,214,237,269,132
1776764202.701397,20.0,2,-64,64.03124237432849,7.789688853324632,0.01907900711367668,189,366,214,237,269,132
1776764202.754787,20.0,2,-64,64.03124237432849,7.789688853324632,0.01907900711367668,189,366,214,237,269,132
1776764202.8116388,20.0,2,-64,64.03124237432849,7.789688853324632,0.01907900711367668,189,366,214,237,269,132
1776764202.8688679,20.0,2,-64,64.03124237432849,7.789688853324632,0.01907900711367668,189,366,214,237,269,132
1776764202.926653,20.0,2,-64,64.03124237432849,7.789688853324632,0.01907900711367668,189,366,214,237,269,132
1776764202.9840038,20.0,2,-64,64.03124237432849,7.789688853324632,0.01907900711367668,189,366,214,237,269,132
1776764203.0414674,20.0,2,-64,64.03124237432849,7.789688853324632,0.01907900711367668,189,366,214,237,269,132
1776764203.094326,20.0,2,-64,64.03124237432849,7.789688853324632,0.01907900711367668,189,366,214,237,269,132
1776764203.1520026,20.0,2,-64,64.03124237432849,7.789688853324632,0.01907900711367668,189,366,214,237,269,132
1776764203.2090752,20.0,2,-64,64.03124237432849,7.789688853324632,0.01907900711367668,189,366,214,237,269,132
1776764203.2668316,20.0,2,-64,64.03124237432849,7.789688853324632,0.01907900711367668,189,366,214,237,269,132
1776764203.3237774,20.0,2,-64,64.03124237432849,7.789688853324632,0.01907900711367668,189,366,214,237,269,132
1776764203.3772764,20.0,2,-64,64.03124237432849,7.789688853324632,0.01907900711367668,189,366,214,237,269,132
1776764203.434687,20.0,2,-64,64.03124237432849,7.789688853324632,0.01907900711367668,189,366,214,237,269,132
1776764203.4924061,20.0,2,-64,64.03124237432849,7.789688853324632,0.01907900711367668,189,366,214,237,269,132
1776764203.549445,20.0,2,-64,64.03124237432849,7.789688853324632,0.01907900711367668,189,366,214,237,269,132
1776764203.6064687,20.0,2,-64,64.03124237432849,7.789688853324632,0.01907900711367668,189,366,214,237,269,132
1776764203.6633682,20.0,2,-64,64.03124237432849,7.789688853324632,0.01907900711367668,189,366,214,237,269,132
1776764203.717035,20.0,2,-64,64.03124237432849,7.789688853324632,0.01907900711367668,189,366,214,237,269,132
1776764203.7748742,20.0,2,-64,64.03124237432849,7.789688853324632,0.01907900711367668,189,366,214,237,269,132
1776764203.8316379,20.0,2,-64,64.03124237432849,7.789688853324632,0.01907900711367668,189,366,214,237,269,132
1776764203.8886254,20.0,2,-64,64.03124237432849,7.789688853324632,0.01907900711367668,189,366,214,237,269,132
1776764203.9459743,20.0,2,-65,65.03076195155643,7.91128490894847,0.018759629381879216,189,366,214,237,269,131
1776764204.0035336,20.0,2,-65,65.03076195155643,7.91128490894847,0.018759629381879216,189,366,214,237,269,131
1776764204.057725,20.0,2,-65,65.03076195155643,7.91128490894847,0.018759629381879216,189,366,214,237,269,131
1776764204.1145484,20.0,2,-65,65.03076195155643,7.91128490894847,0.018759629381879216,189,366,214,237,269,131
1776764204.1712427,20.0,2,-65,65.03076195155643,7.91128490894847,0.018759629381879216,189,366,214,237,269,131
1776764204.2292807,20.0,2,-65,65.03076195155643,7.91128490894847,0.018759629381879216,189,366,214,237,269,131
1776764204.2865663,20.0,2,-65,65.03076195155643,7.91128490894847,0.018759629381879216,189,366,214,237,269,131
1776764204.3438752,20.0,2,-65,65.03076195155643,7.91128490894847,0.018759629381879216,189,366,214,237,269,131
1776764204.3970249,20.0,2,-65,65.03076195155643,7.91128490894847,0.018759629381879216,189,366,214,237,269,131
1776764204.454256,20.0,2,-65,65.03076195155643,7.91128490894847,0.018759629381879216,189,366,214,237,269,131
1776764204.5118937,20.0,2,-65,65.03076195155643,7.91128490894847,0.018759629381879216,189,366,214,237,269,131
1776764204.5692291,20.0,2,-65,65.03076195155643,7.91128490894847,0.018759629381879216,189,366,214,237,269,131
1776764204.626372,20.0,2,-65,65.03076195155643,7.91128490894847,0.018759629381879216,189,366,214,237,269,131
1776764204.6838558,20.0,2,-65,65.03076195155643,7.91128490894847,0.018759629381879216,189,366,214,237,269,131
1776764204.7369354,20.0,2,-65,65.03076195155643,7.91128490894847,0.018759629381879216,189,366,214,237,269,131
1776764204.7942421,20.0,2,-65,65.03076195155643,7.91128490894847,0.018759629381879216,189,366,214,237,269,131
1776764204.8516796,20.0,2,-65,65.03076195155643,7.91128490894847,0.018759629381879216,189,366,214,237,269,131
1776764204.9090402,20.0,2,-65,65.03076195155643,7.91128490894847,0.018759629381879216,189,366,214,237,269,131
1776764204.9661255,20.0,2,-65,65.03076195155643,7.91128490894847,0.018759629381879216,189,366,214,237,269,131
1776764205.0234215,20.0,2,-65,65.03076195155643,7.91128490894847,0.018759629381879216,189,366,214,237,269,131
1776764205.0765862,20.0,2,-65,65.03076195155643,7.91128490894847,0.018759629381879216,189,366,214,237,269,131
1776764205.1345952,20.0,2,-65,65.03076195155643,7.91128490894847,0.018759629381879216,189,366,214,237,269,131
1776764205.191606,20.0,2,-65,65.03076195155643,7.91128490894847,0.018759629381879216,189,366,214,237,269,131
1776764205.249137,20.0,2,-65,65.03076195155643,7.91128490894847,0.018759629381879216,189,366,214,237,269,131
1776764205.306047,20.0,2,-65,65.03076195155643,7.91128490894847,0.018759629381879216,189,366,214,237,269,131
1776764205.3601396,20.0,2,-65,65.03076195155643,7.91128490894847,0.018759629381879216,189,366,214,237,269,131
1776764205.4167478,20.0,2,-65,65.03076195155643,7.91128490894847,0.018759629381879216,189,366,214,237,269,131
1776764205.4739141,20.0,2,-65,65.03076195155643,7.91128490894847,0.018759629381879216,189,366,214,237,269,131
1776764205.531632,20.0,2,-65,65.03076195155643,7.91128490894847,0.018759629381879216,189,366,214,237,269,131
1776764205.5892618,20.0,2,-65,65.03076195155643,7.91128490894847,0.018759629381879216,189,366,214,237,269,131
1776764205.699166,20.0,2,-65,65.03076195155643,7.91128490894847,0.018759629381879216,189,366,214,237,269,131
1776764205.7563856,20.0,2,-65,65.03076195155643,7.91128490894847,0.018759629381879216,189,366,214,237,269,131
1776764205.8145463,20.0,2,-65,65.03076195155643,7.91128490894847,0.018759629381879216,189,366,214,237,269,131
1776764205.871529,20.0,2,-65,65.03076195155643,7.91128490894847,0.018759629381879216,189,366,214,237,269,131
1776764205.9283488,20.0,2,-65,65.03076195155643,7.91128490894847,0.018759629381879216,189,366,214,237,269,131
1776764205.9857411,20.0,2,-65,65.03076195155643,7.91128490894847,0.018759629381879216,189,366,214,237,269,131
1776764206.0390928,20.0,2,-65,65.03076195155643,7.91128490894847,0.018759629381879216,189,366,214,237,269,131
1776764206.0963397,20.0,2,-65,65.03076195155643,7.91128490894847,0.018759629381879216,189,366,214,237,269,131
1776764206.1536834,20.0,2,-65,65.03076195155643,7.91128490894847,0.018759629381879216,189,366,214,237,269,131
1776764206.211002,20.0,2,-65,65.03076195155643,7.91128490894847,0.018759629381879216,189,366,214,237,269,131
1776764206.2682872,20.0,2,-65,65.03076195155643,7.91128490894847,0.018759629381879216,189,366,214,237,269,131
1776764206.3256404,20.0,2,-65,65.03076195155643,7.91128490894847,0.018759629381879216,189,366,214,237,269,131
1776764206.3791878,20.0,2,-65,65.03076195155643,7.91128490894847,0.018759629381879216,189,366,214,237,269,131
1776764206.4365916,20.0,2,-65,65.03076195155643,7.91128490894847,0.018759629381879216,189,366,214,237,269,131
1776764206.4936783,20.0,2,-65,65.03076195155643,7.91128490894847,0.018759629381879216,189,366,214,237,269,131
1776764206.5509493,20.0,2,-65,65.03076195155643,7.91128490894847,0.018759629381879216,189,366,214,237,269,131
1776764206.6081915,20.0,2,-65,65.03076195155643,7.91128490894847,0.018759629381879216,189,366,214,237,269,131
1776764206.6655805,20.0,2,-65,65.03076195155643,7.91128490894847,0.018759629381879216,189,366,214,237,269,131
1776764206.719684,20.0,2,-65,65.03076195155643,7.91128490894847,0.018759629381879216,189,366,214,237,269,131
1776764206.7766016,20.0,2,-65,65.03076195155643,7.91128490894847,0.018759629381879216,189,366,214,237,269,131
1776764206.8336935,20.0,2,-65,65.03076195155643,7.91128490894847,0.018759629381879216,189,366,214,237,269,131
1776764206.8909862,20.0,2,-65,65.03076195155643,7.91128490894847,0.018759629381879216,189,366,214,237,269,131
1776764206.948356,20.0,2,-65,65.03076195155643,7.91128490894847,0.018759629381879216,189,366,214,237,269,131
1776764207.0015814,20.0,2,-65,65.03076195155643,7.91128490894847,0.018759629381879216,189,366,214,237,269,131
1776764207.0598054,20.0,2,-65,65.03076195155643,7.91128490894847,0.018759629381879216,189,366,214,237,269,131
1776764207.1163955,20.0,2,-65,65.03076195155643,7.91128490894847,0.018759629381879216,189,366,214,237,269,131
1776764207.1737313,20.0,2,-65,65.03076195155643,7.91128490894847,0.018759629381879216,189,366,214,237,269,131
1776764207.231459,20.0,2,-65,65.03076195155643,7.91128490894847,0.018759629381879216,189,366,214,237,269,131
1776764207.288491,20.0,2,-65,65.03076195155643,7.91128490894847,0.018759629381879216,189,366,214,237,269,131
1776764207.341506,20.0,2,-65,65.03076195155643,7.91128490894847,0.018759629381879216,189,366,214,237,269,131
1776764207.3988461,20.0,2,-65,65.03076195155643,7.91128490894847,0.018759629381879216,189,366,214,237,269,131
1776764207.456159,20.0,2,-65,65.03076195155643,7.91128490894847,0.018759629381879216,189,366,214,237,269,131
1776764207.513614,20.0,2,-65,65.03076195155643,7.91128490894847,0.018759629381879216,189,366,214,237,269,131
1776764207.5707636,20.0,2,-65,65.03076195155643,7.91128490894847,0.018759629381879216,189,366,214,237,269,131
1776764207.6280878,20.0,2,-65,65.03076195155643,7.91128490894847,0.018759629381879216,189,366,214,237,269,131
1776764207.6814952,20.0,2,-65,65.03076195155643,7.91128490894847,0.018759629381879216,189,366,214,237,269,131
1776764207.7391105,20.0,2,-65,65.03076195155643,7.91128490894847,0.018759629381879216,189,366,214,237,269,131
1776764207.7970908,20.0,2,-65,65.03076195155643,7.91128490894847,0.018759629381879216,189,366,214,237,269,131
1776764207.8534656,20.0,2,-65,65.03076195155643,7.91128490894847,0.018759629381879216,189,366,214,237,269,131
1776764207.910781,20.0,2,-65,65.03076195155643,7.91128490894847,0.018759629381879216,189,366,214,237,269,131
1776764207.9680595,20.0,2,-65,65.03076195155643,7.91128490894847,0.018759629381879216,189,366,214,237,269,131
1776764208.0214918,20.0,2,-65,65.03076195155643,7.91128490894847,0.018759629381879216,189,366,214,237,269,131
1776764208.079502,20.0,2,-65,65.03076195155643,7.91128490894847,0.018759629381879216,189,366,214,237,269,131
1776764208.136118,20.0,2,-65,65.03076195155643,7.91128490894847,0.018759629381879216,189,366,214,237,269,131
1776764208.1933725,20.0,2,-65,65.03076195155643,7.91128490894847,0.018759629381879216,189,366,214,237,269,131
1776764208.2512863,20.0,2,-65,65.03076195155643,7.91128490894847,0.018759629381879216,189,366,214,237,269,131
1776764208.3082979,20.0,2,-65,65.03076195155643,7.91128490894847,0.018759629381879216,189,366,214,237,269,131
1776764208.3614488,20.0,2,-65,65.03076195155643,7.91128490894847,0.018759629381879216,189,366,214,237,269,131
1776764208.418647,20.0,2,-65,65.03076195155643,7.91128490894847,0.018759629381879216,189,366,214,237,269,131
1776764208.476703,20.0,2,-65,65.03076195155643,7.91128490894847,0.018759629381879216,189,366,214,237,269,131
1776764208.5334072,20.0,2,-65,65.03076195155643,7.91128490894847,0.018759629381879216,189,366,214,237,269,131
1776764208.59126,20.0,2,-65,65.03076195155643,7.91128490894847,0.018759629381879216,189,366,214,237,269,131
1776764208.6450758,20.0,2,-65,65.03076195155643,7.91128490894847,0.018759629381879216,189,366,214,237,269,131
1776764208.7022753,20.0,2,-65,65.03076195155643,7.91128490894847,0.018759629381879216,189,366,214,237,269,131
1776764208.759457,20.0,2,-65,65.03076195155643,7.91128490894847,0.019097422451053454,189,366,214,236,269,131
1776764208.8159502,20.0,2,-65,65.03076195155643,7.91128490894847,0.019097422451053454,189,366,214,236,269,131
1776764208.873252,20.0,2,-65,65.03076195155643,7.91128490894847,0.019097422451053454,189,366,214,236,269,131
1776764208.9305687,20.0,2,-65,65.03076195155643,7.91128490894847,0.019097422451053454,189,366,214,236,269,131
1776764208.984947,20.0,2,-65,65.03076195155643,7.91128490894847,0.019097422451053454,189,366,214,236,269,131
1776764209.041322,20.0,2,-65,65.03076195155643,7.91128490894847,0.019097422451053454,189,366,214,236,269,131
1776764209.098585,20.0,2,-65,65.03076195155643,7.91128490894847,0.019097422451053454,189,366,214,236,269,131
1776764209.1558273,20.0,2,-65,65.03076195155643,7.91128490894847,0.019097422451053454,189,366,214,236,269,131
1776764209.213428,20.0,2,-65,65.03076195155643,7.91128490894847,0.019097422451053454,189,366,214,236,269,131
1776764209.2705102,20.0,2,-65,65.03076195155643,7.91128490894847,0.019097422451053454,189,366,214,236,269,131
1776764209.3239071,20.0,2,-65,65.03076195155643,7.91128490894847,0.019097422451053454,189,366,214,236,269,131
1776764209.3813448,20.0,2,-65,65.03076195155643,7.91128490894847,0.019097422451053454,189,366,214,236,269,131
1776764209.4394095,20.0,2,-65,65.03076195155643,7.91128490894847,0.019097422451053454,189,366,214,236,269,131
1776764209.496209,20.0,2,-65,65.03076195155643,7.91128490894847,0.019097422451053454,189,366,214,236,269,131
1776764209.55354,20.0,2,-65,65.03076195155643,7.91128490894847,0.019097422451053454,189,366,214,236,269,131
1776764209.6109264,20.0,2,-65,65.03076195155643,7.91128490894847,0.019097422451053454,189,366,214,236,269,131
1776764209.6638944,20.0,2,-65,65.03076195155643,7.91128490894847,0.019097422451053454,189,366,214,236,269,131
1776764209.721195,20.0,2,-65,65.03076195155643,7.91128490894847,0.019097422451053454,189,366,214,236,269,131
1776764209.7785158,20.0,2,-65,65.03076195155643,7.91128490894847,0.019097422451053454,189,366,214,236,269,131
1776764209.8359828,20.0,2,-65,65.03076195155643,7.91128490894847,0.019097422451053454,189,366,214,236,269,131
1776764209.893743,20.0,2,-65,65.03076195155643,7.91128490894847,0.019097422451053454,189,366,214,236,269,131
1776764209.9508934,20.0,2,-65,65.03076195155643,7.91128490894847,0.019097422451053454,189,366,214,236,269,131
1776764210.0048845,20.0,2,-65,65.03076195155643,7.91128490894847,0.019097422451053454,189,366,214,236,269,131
1776764210.061467,20.0,2,-65,65.03076195155643,7.91128490894847,0.019097422451053454,189,366,214,236,269,131
1776764210.1184556,20.0,2,-65,65.03076195155643,7.91128490894847,0.019097422451053454,189,366,214,236,269,131
1776764210.175767,20.0,2,-65,65.03076195155643,7.91128490894847,0.019097422451053454,189,366,214,236,269,131
1776764210.2330282,20.0,2,-65,65.03076195155643,7.91128490894847,0.019097422451053454,189,366,214,236,269,131
1776764210.2864647,20.0,2,-65,65.03076195155643,7.91128490894847,0.019097422451053454,189,366,214,236,269,131
1776764210.3442335,20.0,2,-65,65.03076195155643,7.91128490894847,0.019097422451053454,189,366,214,236,269,131
1776764210.4011934,20.0,2,-65,65.03076195155643,7.91128490894847,0.019097422451053454,189,366,214,236,269,131
1776764210.4585903,20.0,2,-65,65.03076195155643,7.91128490894847,0.019097422451053454,189,366,214,236,269,131
1776764210.5178094,20.0,2,-65,65.03076195155643,7.91128490894847,0.019097422451053454,189,366,214,236,269,131
1776764210.5738685,20.0,2,-65,65.03076195155643,7.91128490894847,0.019097422451053454,189,366,214,236,269,131
1776764210.6269877,20.0,2,-65,65.03076195155643,7.91128490894847,0.019097422451053454,189,366,214,236,269,131
1776764210.6838074,20.0,2,-65,65.03076195155643,7.91128490894847,0.019097422451053454,189,366,214,236,269,131
1776764210.7410614,20.0,2,-65,65.03076195155643,7.91128490894847,0.019097422451053454,189,366,214,236,269,131
1776764210.7987106,20.0,2,-65,65.03076195155643,7.91128490894847,0.019097422451053454,189,366,214,236,269,131
1776764210.8559167,20.0,2,-65,65.03076195155643,7.91128490894847,0.019097422451053454,189,366,214,236,269,131
1776764210.9133587,20.0,2,-65,65.03076195155643,7.91128490894847,0.019097422451053454,189,366,214,236,269,131
1776764210.9668262,20.0,2,-65,65.03076195155643,7.91128490894847,0.019097422451053454,189,366,214,236,269,131
1776764211.0240047,20.0,2,-65,65.03076195155643,7.91128490894847,0.019097422451053454,189,366,214,236,269,131
1776764211.0817173,20.0,2,-65,65.03076195155643,7.91128490894847,0.019097422451053454,189,366,214,236,269,131
1776764211.1383574,20.0,2,-65,65.03076195155643,7.91128490894847,0.019097422451053454,189,366,214,236,269,131
1776764211.1956058,20.0,2,-65,65.03076195155643,7.91128490894847,0.019097422451053454,189,366,214,236,269,131
1776764211.2532318,20.0,2,-65,65.03076195155643,7.91128490894847,0.019097422451053454,189,366,214,236,269,131
1776764211.3072793,20.0,2,-65,65.03076195155643,7.91128490894847,0.019097422451053454,189,366,214,236,269,131
1776764211.3643062,20.0,2,-65,65.03076195155643,7.91128490894847,0.019097422451053454,189,366,214,236,269,131
1776764211.421351,20.0,2,-65,65.03076195155643,7.91128490894847,0.019097422451053454,189,366,214,236,269,131
1776764211.47869,20.0,2,-65,65.03076195155643,7.91128490894847,0.019097422451053454,189,366,214,236,269,131
1776764211.5357342,20.0,2,-65,65.03076195155643,7.91128490894847,0.019097422451053454,189,366,214,236,269,131
1776764211.5934553,20.0,2,-65,65.03076195155643,7.91128490894847,0.019097422451053454,189,366,214,236,269,131
1776764211.6468234,20.0,2,-65,65.03076195155643,7.91128490894847,0.019097422451053454,189,366,214,236,269,131
1776764211.7042809,20.0,2,-65,65.03076195155643,7.91128490894847,0.019097422451053454,189,366,214,236,269,131
1776764211.7613657,20.0,2,-65,65.03076195155643,7.91128490894847,0.019097422451053454,189,366,214,236,269,131
1776764211.8187435,20.0,2,-65,65.03076195155643,7.91128490894847,0.019097422451053454,189,366,214,236,269,131
1776764211.8759146,20.0,2,-65,65.03076195155643,7.91128490894847,0.019097422451053454,189,366,214,236,269,131
1776764211.9336731,20.0,2,-65,65.03076195155643,7.91128490894847,0.019097422451053454,189,366,214,236,269,131
1776764211.9864743,20.0,2,-65,65.03076195155643,7.91128490894847,0.019097422451053454,189,366,214,236,269,131
1776764212.044147,20.0,2,-65,65.03076195155643,7.91128490894847,0.019097422451053454,189,366,214,236,269,131
1776764212.102182,20.0,2,-65,65.03076195155643,7.91128490894847,0.019097422451053454,189,366,214,236,269,131
1776764212.158674,20.0,2,-65,65.03076195155643,7.91128490894847,0.019097422451053454,189,366,214,236,269,131
1776764212.215825,20.0,2,-65,65.03076195155643,7.91128490894847,0.019097422451053454,189,366,214,236,269,131
1776764212.2696483,20.0,2,-65,65.03076195155643,7.91128490894847,0.019097422451053454,189,366,214,236,269,131
1776764212.3265066,20.0,2,-65,65.03076195155643,7.91128490894847,0.019097422451053454,189,366,214,236,269,131
1776764212.3839064,20.0,2,-65,65.03076195155643,7.91128490894847,0.019097422451053454,189,366,214,236,269,131
1776764212.4411016,20.0,2,-65,65.03076195155643,7.91128490894847,0.019097422451053454,189,366,214,236,269,131
1776764212.4993098,20.0,2,-65,65.03076195155643,7.91128490894847,0.019097422451053454,189,366,214,236,269,131
1776764212.5559514,20.0,2,-65,65.03076195155643,7.91128490894847,0.019097422451053454,189,366,214,236,269,131
1776764212.6089013,20.0,2,-65,65.03076195155643,7.91128490894847,0.019097422451053454,189,366,214,236,269,131
1776764212.6668653,20.0,2,-65,65.03076195155643,7.91128490894847,0.019097422451053454,189,366,214,236,269,131
1776764212.724746,20.0,2,-66,66.03029607687671,8.032882734413224,0.018779261565468452,189,366,214,236,269,130
1776764212.7816873,20.0,2,-66,66.03029607687671,8.032882734413224,0.018779261565468452,189,366,214,236,269,130
1776764212.8384082,20.0,2,-66,66.03029607687671,8.032882734413224,0.018779261565468452,189,366,214,236,269,130
1776764212.8953881,20.0,2,-66,66.03029607687671,8.032882734413224,0.018779261565468452,189,366,214,236,269,130
1776764212.9492977,20.0,2,-66,66.03029607687671,8.032882734413224,0.018779261565468452,189,366,214,236,269,130
1776764213.0061538,20.0,2,-66,66.03029607687671,8.032882734413224,0.018779261565468452,189,366,214,236,269,130
1776764213.0635986,20.0,2,-66,66.03029607687671,8.032882734413224,0.018779261565468452,189,366,214,236,269,130
1776764213.1211605,20.0,2,-66,66.03029607687671,8.032882734413224,0.018779261565468452,189,366,214,236,269,130
1776764213.1785626,20.0,2,-66,66.03029607687671,8.032882734413224,0.018779261565468452,189,366,214,236,269,130
1776764213.2353632,20.0,2,-66,66.03029607687671,8.032882734413224,0.018779261565468452,189,366,214,236,269,130
1776764213.2897248,20.0,2,-66,66.03029607687671,8.032882734413224,0.018779261565468452,189,366,214,236,269,130
1776764213.3467379,20.0,2,-66,66.03029607687671,8.032882734413224,0.018779261565468452,189,366,214,236,269,130
1776764213.4038851,20.0,2,-66,66.03029607687671,8.032882734413224,0.018779261565468452,189,366,214,236,269,130
1776764213.461186,20.0,2,-66,66.03029607687671,8.032882734413224,0.018779261565468452,189,366,214,236,269,130
1776764213.5185215,20.0,2,-66,66.03029607687671,8.032882734413224,0.018779261565468452,189,366,214,236,269,130
1776764213.5756211,20.0,2,-66,66.03029607687671,8.032882734413224,0.018779261565468452,189,366,214,236,269,130
1776764213.6297688,20.0,2,-66,66.03029607687671,8.032882734413224,0.018779261565468452,189,366,214,236,269,130
1776764213.686482,20.0,2,-66,66.03029607687671,8.032882734413224,0.018779261565468452,189,366,214,236,269,130
1776764213.7440221,20.0,2,-66,66.03029607687671,8.032882734413224,0.018779261565468452,189,366,214,236,269,130
1776764213.8018057,20.0,2,-66,66.03029607687671,8.032882734413224,0.018779261565468452,189,366,214,236,269,130
1776764213.8582711,20.0,2,-66,66.03029607687671,8.032882734413224,0.018779261565468452,189,366,214,236,269,130
1776764213.9120407,20.0,2,-66,66.03029607687671,8.032882734413224,0.018779261565468452,189,366,214,236,269,130
1776764213.9696481,20.0,2,-66,66.03029607687671,8.032882734413224,0.018779261565468452,189,366,214,236,269,130
1776764214.026655,20.0,2,-66,66.03029607687671,8.032882734413224,0.018779261565468452,189,366,214,236,269,130
1776764214.0836673,20.0,2,-66,66.03029607687671,8.032882734413224,0.018779261565468452,189,366,214,236,269,130
1776764214.1410663,20.0,2,-66,66.03029607687671,8.032882734413224,0.018779261565468452,189,366,214,236,269,130
1776764214.1983302,20.0,2,-66,66.03029607687671,8.032882734413224,0.018779261565468452,189,366,214,236,269,130
1776764214.2517817,20.0,2,-66,66.03029607687671,8.032882734413224,0.018779261565468452,189,366,214,236,269,130
1776764214.3090506,20.0,2,-66,66.03029607687671,8.032882734413224,0.018779261565468452,189,366,214,236,269,130
1776764214.3664649,20.0,2,-66,66.03029607687671,8.032882734413224,0.018779261565468452,189,366,214,236,269,130
1776764214.4233994,20.0,2,-66,66.03029607687671,8.032882734413224,0.018779261565468452,189,366,214,236,269,130
1776764214.4805768,20.0,2,-66,66.03029607687671,8.032882734413224,0.018779261565468452,189,366,214,236,269,130
1776764214.5384672,20.0,2,-66,66.03029607687671,8.032882734413224,0.018779261565468452,189,366,214,236,269,130
1776764214.5918963,20.0,2,-66,66.03029607687671,8.032882734413224,0.018779261565468452,189,366,214,236,269,130
1776764214.6491637,20.0,2,-66,66.03029607687671,8.032882734413224,0.018779261565468452,189,366,214,236,269,130
1776764214.7066128,20.0,2,-66,66.03029607687671,8.032882734413224,0.018779261565468452,189,366,214,236,269,130
1776764214.7635715,20.0,2,-66,66.03029607687671,8.032882734413224,0.018779261565468452,189,366,214,236,269,130
1776764214.820859,20.0,2,-66,66.03029607687671,8.032882734413224,0.018779261565468452,189,366,214,236,269,130
1776764214.8784332,20.0,2,-66,66.03029607687671,8.032882734413224,0.018779261565468452,189,366,214,236,269,130
1776764214.9323254,20.0,2,-66,66.03029607687671,8.032882734413224,0.018779261565468452,189,366,214,236,269,130
1776764214.989037,20.0,2,-66,66.03029607687671,8.032882734413224,0.018779261565468452,189,366,214,236,269,130
1776764215.0461836,20.0,2,-66,66.03029607687671,8.032882734413224,0.018779261565468452,189,366,214,236,269,130
1776764215.1036057,20.0,2,-66,66.03029607687671,8.032882734413224,0.018779261565468452,189,366,214,236,269,130
1776764215.1603875,20.0,2,-66,66.03029607687671,8.032882734413224,0.018779261565468452,189,366,214,236,269,130
1776764215.2145183,20.0,2,-66,66.03029607687671,8.032882734413224,0.018779261565468452,189,366,214,236,269,130
1776764215.2713962,20.0,2,-66,66.03029607687671,8.032882734413224,0.018779261565468452,189,366,214,236,269,130
1776764215.3288424,20.0,2,-66,66.03029607687671,8.032882734413224,0.018779261565468452,189,366,214,236,269,130
1776764215.3863354,20.0,2,-66,66.03029607687671,8.032882734413224,0.018779261565468452,189,366,214,236,269,130
1776764215.4439058,20.0,2,-66,66.03029607687671,8.032882734413224,0.018779261565468452,189,366,214,236,269,130
1776764215.500833,20.0,2,-66,66.03029607687671,8.032882734413224,0.018779261565468452,189,366,214,236,269,130
1776764215.5543668,20.0,2,-66,66.03029607687671,8.032882734413224,0.018779261565468452,189,366,214,236,269,130
1776764215.6117349,20.0,2,-66,66.03029607687671,8.032882734413224,0.018779261565468452,189,366,214,236,269,130
1776764215.6696997,20.0,2,-66,66.03029607687671,8.032882734413224,0.018779261565468452,189,366,214,236,269,130
1776764215.726531,20.0,2,-66,66.03029607687671,8.032882734413224,0.018779261565468452,189,366,214,236,269,130
1776764215.7836516,20.0,2,-66,66.03029607687671,8.032882734413224,0.018779261565468452,189,366,214,236,269,130
1776764215.8406737,20.0,2,-66,66.03029607687671,8.032882734413224,0.018779261565468452,189,366,214,236,269,130
1776764215.8981793,20.0,2,-66,66.03029607687671,8.032882734413224,0.018779261565468452,189,366,214,236,269,130
1776764215.9518492,20.0,2,-66,66.03029607687671,8.032882734413224,0.018779261565468452,189,366,214,236,269,130
1776764216.0088563,20.0,2,-66,66.03029607687671,8.032882734413224,0.018779261565468452,189,366,214,236,269,130
1776764216.0661466,20.0,2,-66,66.03029607687671,8.032882734413224,0.018779261565468452,189,366,214,236,269,130
1776764216.1231635,20.0,2,-66,66.03029607687671,8.032882734413224,0.019114290070709163,189,366,214,235,269,130
1776764216.181193,20.0,2,-66,66.03029607687671,8.032882734413224,0.019114290070709163,189,366,214,235,269,130
1776764216.2336864,20.0,2,-66,66.03029607687671,8.032882734413224,0.019114290070709163,189,366,214,235,269,130
1776764216.2916899,20.0,2,-66,66.03029607687671,8.032882734413224,0.019114290070709163,189,366,214,235,269,130
1776764216.348923,20.0,2,-66,66.03029607687671,8.032882734413224,0.019114290070709163,189,366,214,235,269,130
1776764216.4060352,20.0,2,-66,66.03029607687671,8.032882734413224,0.019114290070709163,189,366,214,235,269,130
1776764216.464449,20.0,2,-66,66.03029607687671,8.032882734413224,0.019114290070709163,189,366,214,235,269,130
1776764216.5206666,20.0,2,-66,66.03029607687671,8.032882734413224,0.019114290070709163,189,366,214,235,269,130
1776764216.57406,20.0,2,-66,66.03029607687671,8.032882734413224,0.019114290070709163,189,366,214,235,269,130
1776764216.6310825,20.0,2,-66,66.03029607687671,8.032882734413224,0.019114290070709163,189,366,214,235,269,130
1776764216.6887496,20.0,2,-66,66.03029607687671,8.032882734413224,0.019114290070709163,189,366,214,235,269,130
1776764216.7464228,20.0,2,-66,66.03029607687671,8.032882734413224,0.019114290070709163,189,366,214,235,269,130
1776764216.8034148,20.0,2,-66,66.03029607687671,8.032882734413224,0.019114290070709163,189,366,214,235,269,130
1776764216.8608155,20.0,2,-66,66.03029607687671,8.032882734413224,0.019114290070709163,189,366,214,235,269,130
1776764216.9139717,20.0,2,-66,66.03029607687671,8.032882734413224,0.019114290070709163,189,366,214,235,269,130
1776764216.9710734,20.0,2,-66,66.03029607687671,8.032882734413224,0.019114290070709163,189,366,214,235,269,130
1776764217.0293062,20.0,2,-66,66.03029607687671,8.032882734413224,0.019114290070709163,189,366,214,235,269,130
1776764217.0860384,20.0,2,-66,66.03029607687671,8.032882734413224,0.019114290070709163,189,366,214,235,269,130
1776764217.1435404,20.0,2,-66,66.03029607687671,8.032882734413224,0.019114290070709163,189,366,214,235,269,130
1776764217.196197,20.0,2,-66,66.03029607687671,8.032882734413224,0.019114290070709163,189,366,214,235,269,130
1776764217.2537174,20.0,2,-66,66.03029607687671,8.032882734413224,0.019114290070709163,189,366,214,235,269,130
1776764217.311611,20.0,2,-66,66.03029607687671,8.032882734413224,0.019114290070709163,189,366,214,235,269,130
1776764217.3686588,20.0,2,-66,66.03029607687671,8.032882734413224,0.019114290070709163,189,366,214,235,269,130
1776764217.4254503,20.0,2,-66,66.03029607687671,8.032882734413224,0.019114290070709163,189,366,214,235,269,130
1776764217.4826949,20.0,2,-66,66.03029607687671,8.032882734413224,0.019114290070709163,189,366,214,235,269,130
1776764217.536177,20.0,2,-66,66.03029607687671,8.032882734413224,0.019114290070709163,189,366,214,235,269,130
1776764217.5941298,20.0,2,-66,66.03029607687671,8.032882734413224,0.019114290070709163,189,366,214,235,269,130
1776764217.6507366,20.0,2,-66,66.03029607687671,8.032882734413224,0.019114290070709163,189,366,214,235,269,130
1776764217.709072,20.0,2,-66,66.03029607687671,8.032882734413224,0.019114290070709163,189,366,214,235,269,130
1776764217.7657483,20.0,2,-66,66.03029607687671,8.032882734413224,0.019114290070709163,189,366,214,235,269,130
1776764217.8240955,20.0,2,-66,66.03029607687671,8.032882734413224,0.019114290070709163,189,366,214,235,269,130
1776764217.877149,20.0,2,-66,66.03029607687671,8.032882734413224,0.019114290070709163,189,366,214,235,269,130
1776764217.934141,20.0,2,-66,66.03029607687671,8.032882734413224,0.019114290070709163,189,366,214,235,269,130
1776764217.991516,20.0,2,-66,66.03029607687671,8.032882734413224,0.019114290070709163,189,366,214,235,269,130
1776764218.0482845,20.0,2,-66,66.03029607687671,8.032882734413224,0.019114290070709163,189,366,214,235,269,130
1776764218.1053874,20.0,2,-66,66.03029607687671,8.032882734413224,0.019114290070709163,189,366,214,235,269,130
1776764218.1639724,20.0,2,-66,66.03029607687671,8.032882734413224,0.019114290070709163,189,366,214,235,269,130
1776764218.2160609,20.0,2,-66,66.03029607687671,8.032882734413224,0.019114290070709163,189,366,214,235,269,130
1776764218.2734447,20.0,2,-66,66.03029607687671,8.032882734413224,0.019114290070709163,189,366,214,235,269,130
1776764218.331202,20.0,2,-66,66.03029607687671,8.032882734413224,0.019114290070709163,189,366,214,235,269,130
1776764218.3888988,20.0,2,-66,66.03029607687671,8.032882734413224,0.019114290070709163,189,366,214,235,269,130
1776764218.4462109,20.0,2,-66,66.03029607687671,8.032882734413224,0.019114290070709163,189,366,214,235,269,130
1776764218.5032423,20.0,2,-66,66.03029607687671,8.032882734413224,0.019114290070709163,189,366,214,235,269,130
1776764218.556389,20.0,2,-66,66.03029607687671,8.032882734413224,0.019114290070709163,189,366,214,235,269,130
1776764218.6715899,20.0,2,-66,66.03029607687671,8.032882734413224,0.019114290070709163,189,366,214,235,269,130
1776764218.7283955,20.0,2,-66,66.03029607687671,8.032882734413224,0.019114290070709163,189,366,214,235,269,130
1776764218.7854052,20.0,2,-66,66.03029607687671,8.032882734413224,0.019114290070709163,189,366,214,235,269,130
1776764218.8392172,20.0,2,-66,66.03029607687671,8.032882734413224,0.019114290070709163,189,366,214,235,269,130
1776764218.8967423,20.0,2,-66,66.03029607687671,8.032882734413224,0.019114290070709163,189,366,214,235,269,130
1776764218.9538789,20.0,2,-66,66.03029607687671,8.032882734413224,0.019114290070709163,189,366,214,235,269,130
1776764219.0113873,20.0,2,-66,66.03029607687671,8.032882734413224,0.019114290070709163,189,366,214,235,269,130
1776764219.068662,20.0,2,-66,66.03029607687671,8.032882734413224,0.019114290070709163,189,366,214,235,269,130
1776764219.125979,20.0,2,-66,66.03029607687671,8.032882734413224,0.019114290070709163,189,366,214,235,269,130
1776764219.179358,20.0,2,-66,66.03029607687671,8.032882734413224,0.019114290070709163,189,366,214,235,269,130
1776764219.2687473,20.0,2,-66,66.03029607687671,8.032882734413224,0.019114290070709163,189,366,214,235,269,130
1776764219.3504589,20.0,2,-66,66.03029607687671,8.032882734413224,0.019114290070709163,189,366,214,235,269,130
1776764219.4452958,20.0,2,-66,66.03029607687671,8.032882734413224,0.019114290070709163,189,366,214,235,269,130
1776764219.5404673,20.0,2,-66,66.03029607687671,8.032882734413224,0.019114290070709163,189,366,214,235,269,130
1776764219.621615,20.0,2,-66,66.03029607687671,8.032882734413224,0.019114290070709163,189,366,214,235,269,130
1776764219.700306,20.0,2,-66,66.03029607687671,8.032882734413224,0.019114290070709163,189,366,214,235,269,130
1776764219.7804255,20.0,2,-66,66.03029607687671,8.032882734413224,0.019114290070709163,189,366,214,235,269,130
1776764219.860858,20.0,2,-66,66.03029607687671,8.032882734413224,0.019114290070709163,189,366,214,235,269,130
1776764219.9444811,20.0,2,-66,66.03029607687671,8.032882734413224,0.019114290070709163,189,366,214,235,269,130
1776764220.0366395,20.0,2,-66,66.03029607687671,8.032882734413224,0.019114290070709163,189,366,214,235,269,130
1776764220.116942,20.0,2,-66,66.03029607687671,8.032882734413224,0.019114290070709163,189,366,214,235,269,130
1776764220.1965723,20.0,2,-66,66.03029607687671,8.032882734413224,0.019114290070709163,189,366,214,235,269,130
1776764220.2766483,20.0,2,-66,66.03029607687671,8.032882734413224,0.019114290070709163,189,366,214,235,269,130
1776764220.3563485,20.0,2,-66,66.03029607687671,8.032882734413224,0.019114290070709163,189,366,214,235,269,130
1776764220.4362903,20.0,2,-66,66.03029607687671,8.032882734413224,0.019114290070709163,189,366,214,235,269,130
1776764220.5156813,20.0,2,-66,66.03029607687671,8.032882734413224,0.019114290070709163,189,366,214,235,269,130
1776764220.5957923,20.0,2,-66,66.03029607687671,8.032882734413224,0.019114290070709163,189,366,214,235,269,130
1776764220.6745977,20.0,2,-66,66.03029607687671,8.032882734413224,0.019114290070709163,189,366,214,235,269,130
1776764220.74069,20.0,2,-66,66.03029607687671,8.032882734413224,0.019114290070709163,189,366,214,235,269,130
1776764220.8194327,20.0,2,-66,66.03029607687671,8.032882734413224,0.019114290070709163,189,366,214,235,269,130
1776764220.9019072,20.0,2,-66,66.03029607687671,8.032882734413224,0.019114290070709163,189,366,214,235,269,130
1776764220.9818726,20.0,2,-66,66.03029607687671,8.032882734413224,0.019114290070709163,189,366,214,235,269,130
1776764221.062486,20.0,2,-66,66.03029607687671,8.032882734413224,0.019114290070709163,189,366,214,235,269,130
1776764221.1417186,20.0,2,-66,66.03029607687671,8.032882734413224,0.019114290070709163,189,366,214,235,269,130
1776764221.220826,20.0,2,-66,66.03029607687671,8.032882734413224,0.019114290070709163,189,366,214,235,269,130
1776764221.3018165,20.0,2,-66,66.03029607687671,8.032882734413224,0.019114290070709163,189,366,214,235,269,130
1776764221.3820562,20.0,2,-66,66.03029607687671,8.032882734413224,0.019114290070709163,189,366,214,235,269,130
1776764221.4602182,20.0,2,-66,66.03029607687671,8.032882734413224,0.019114290070709163,189,366,214,235,269,130
1776764221.5395079,20.0,2,-66,66.03029607687671,8.032882734413224,0.019114290070709163,189,366,214,235,269,130
1776764221.619736,20.0,2,-66,66.03029607687671,8.032882734413224,0.019114290070709163,189,366,214,235,269,130
1776764221.6999986,20.0,2,-67,67.02984409947557,8.154482250544472,0.018797342455122486,189,366,214,235,269,129
1776764221.7808158,20.0,2,-67,67.02984409947557,8.154482250544472,0.018797342455122486,189,366,214,235,269,129
1776764221.8615541,20.0,2,-67,67.02984409947557,8.154482250544472,0.018797342455122486,189,366,214,235,269,129
1776764221.9407089,20.0,2,-67,67.02984409947557,8.154482250544472,0.018797342455122486,189,366,214,235,269,129
1776764222.0201805,20.0,2,-67,67.02984409947557,8.154482250544472,0.018797342455122486,189,366,214,235,269,129
1776764222.1012404,20.0,2,-67,67.02984409947557,8.154482250544472,0.018797342455122486,189,366,214,235,269,129
1776764222.179515,20.0,2,-67,67.02984409947557,8.154482250544472,0.018797342455122486,189,366,214,235,269,129
1776764222.2627296,20.0,2,-67,67.02984409947557,8.154482250544472,0.018797342455122486,189,366,214,235,269,129
1776764222.373198,20.0,2,-67,67.02984409947557,8.154482250544472,0.018797342455122486,189,366,214,235,269,129
1776764222.4390297,20.0,2,-67,67.02984409947557,8.154482250544472,0.018797342455122486,189,366,214,235,269,129
1776764222.5162668,20.0,2,-67,67.02984409947557,8.154482250544472,0.018797342455122486,189,366,214,235,269,129
1776764222.599154,20.0,2,-67,67.02984409947557,8.154482250544472,0.018797342455122486,189,366,214,235,269,129
1776764222.6770318,20.0,2,-67,67.02984409947557,8.154482250544472,0.018797342455122486,189,366,214,235,269,129
1776764222.7571752,20.0,2,-67,67.02984409947557,8.154482250544472,0.018797342455122486,189,366,214,235,269,129
1776764222.8366003,20.0,2,-67,67.02984409947557,8.154482250544472,0.019129658190367216,189,366,214,234,269,129
1776764222.901591,20.0,2,-67,67.02984409947557,8.154482250544472,0.019129658190367216,189,366,214,234,269,129
1776764222.9797325,20.0,2,-67,67.02984409947557,8.154482250544472,0.019129658190367216,189,366,214,234,269,129
1776764223.0753858,20.0,2,-67,67.02984409947557,8.154482250544472,0.019129658190367216,189,366,214,234,269,129
1776764223.1554577,20.0,2,-67,67.02984409947557,8.154482250544472,0.019129658190367216,189,366,214,234,269,129
1776764223.2358072,20.0,2,-67,67.02984409947557,8.154482250544472,0.019129658190367216,189,366,214,234,269,129
1776764223.3176105,20.0,2,-67,67.02984409947557,8.154482250544472,0.019129658190367216,189,366,214,234,269,129
1776764223.3954003,20.0,2,-67,67.02984409947557,8.154482250544472,0.019129658190367216,189,366,214,234,269,129
1776764223.4773743,20.0,2,-67,67.02984409947557,8.154482250544472,0.019129658190367216,189,366,214,234,269,129
1776764223.5590165,20.0,2,-67,67.02984409947557,8.154482250544472,0.019129658190367216,189,366,214,234,269,129
1776764223.637693,20.0,2,-67,67.02984409947557,8.154482250544472,0.019129658190367216,189,366,214,234,269,129
1776764223.7159233,20.0,2,-67,67.02984409947557,8.154482250544472,0.019129658190367216,189,366,214,234,269,129
1776764223.7960012,20.0,2,-67,67.02984409947557,8.154482250544472,0.019129658190367216,189,366,214,234,269,129
1776764223.8769226,20.0,2,-67,67.02984409947557,8.154482250544472,0.019129658190367216,189,366,214,234,269,129
1776764223.9573653,20.0,2,-67,67.02984409947557,8.154482250544472,0.019129658190367216,189,366,214,234,269,129
1776764224.0358062,20.0,2,-67,67.02984409947557,8.154482250544472,0.019129658190367216,189,366,214,234,269,129
1776764224.116162,20.0,2,-67,67.02984409947557,8.154482250544472,0.019129658190367216,189,366,214,234,269,129
1776764224.1808963,20.0,2,-67,67.02984409947557,8.154482250544472,0.019129658190367216,189,366,214,234,269,129
1776764224.2599123,20.0,2,-67,67.02984409947557,8.154482250544472,0.019129658190367216,189,366,214,234,269,129
1776764224.3405337,20.0,2,-67,67.02984409947557,8.154482250544472,0.019129658190367216,189,366,214,234,269,129
1776764224.4210675,20.0,2,-67,67.02984409947557,8.154482250544472,0.019129658190367216,189,366,214,234,269,129
1776764224.5011756,20.0,2,-67,67.02984409947557,8.154482250544472,0.019129658190367216,189,366,214,234,269,129
1776764224.5807796,20.0,2,-67,67.02984409947557,8.154482250544472,0.019129658190367216,189,366,214,234,269,129
1776764224.6628473,20.0,2,-67,67.02984409947557,8.154482250544472,0.019129658190367216,189,366,214,234,269,129
1776764224.7415426,20.0,2,-67,67.02984409947557,8.154482250544472,0.019129658190367216,189,366,214,234,269,129
1776764224.8206196,20.0,2,-67,67.02984409947557,8.154482250544472,0.019129658190367216,189,366,214,234,269,129
1776764224.8865457,20.0,2,-67,67.02984409947557,8.154482250544472,0.019129658190367216,189,366,214,234,269,129
1776764224.9670386,20.0,2,-67,67.02984409947557,8.154482250544472,0.019129658190367216,189,366,214,234,269,129
1776764225.0471141,20.0,2,-67,67.02984409947557,8.154482250544472,0.019129658190367216,189,366,214,234,269,129
1776764225.1265452,20.0,2,-67,67.02984409947557,8.154482250544472,0.019129658190367216,189,366,214,234,269,129
1776764225.2054362,20.0,2,-67,67.02984409947557,8.154482250544472,0.019129658190367216,189,366,214,234,269,129
1776764225.285822,20.0,2,-67,67.02984409947557,8.154482250544472,0.019129658190367216,189,366,214,234,269,129
1776764225.3806796,20.0,2,-67,67.02984409947557,8.154482250544472,0.019129658190367216,189,366,214,234,269,129
1776764225.4622777,20.0,2,-67,67.02984409947557,8.154482250544472,0.019129658190367216,189,366,214,234,269,129
1776764225.541547,20.0,2,-67,67.02984409947557,8.154482250544472,0.019129658190367216,189,366,214,234,269,129
1776764225.621196,20.0,2,-67,67.02984409947557,8.154482250544472,0.019129658190367216,189,366,214,234,269,129
1776764225.7012725,20.0,2,-67,67.02984409947557,8.154482250544472,0.019129658190367216,189,366,214,234,269,129
1776764225.7824988,20.0,2,-67,67.02984409947557,8.154482250544472,0.019129658190367216,189,366,214,234,269,129
1776764225.863111,20.0,2,-67,67.02984409947557,8.154482250544472,0.019129658190367216,189,366,214,234,269,129
1776764225.9428904,20.0,2,-67,67.02984409947557,8.154482250544472,0.019129658190367216,189,366,214,234,269,129
1776764226.0229907,20.0,2,-67,67.02984409947557,8.154482250544472,0.019129658190367216,189,366,214,234,269,129
1776764226.118465,20.0,0,-67,67.0,8.150851581508515,0.018681129576173326,189,366,214,234,268,129
1776764226.1974318,20.0,0,-67,67.0,8.150851581508515,0.018681129576173326,189,366,214,234,268,129
1776764226.278619,20.0,0,-67,67.0,8.150851581508515,0.018681129576173326,189,366,214,234,268,129
1776764226.3559515,20.0,0,-67,67.0,8.150851581508515,0.018681129576173326,189,366,214,234,268,129
1776764226.436349,20.0,0,-67,67.0,8.150851581508515,0.018681129576173326,189,366,214,234,268,129
1776764226.5144744,20.0,0,-67,67.0,8.150851581508515,0.018681129576173326,189,366,214,234,268,129
1776764226.5808845,20.0,0,-67,67.0,8.150851581508515,0.018681129576173326,189,366,214,234,268,129
1776764226.660931,20.0,0,-67,67.0,8.150851581508515,0.018681129576173326,189,366,214,234,268,129
1776764226.7418692,20.0,0,-67,67.0,8.150851581508515,0.018681129576173326,189,366,214,234,268,129
1776764226.8238895,20.0,0,-67,67.0,8.150851581508515,0.018681129576173326,189,366,214,234,268,129
1776764226.9010198,20.0,0,-67,67.0,8.150851581508515,0.018681129576173326,189,366,214,234,268,129
1776764226.9806864,20.0,0,-67,67.0,8.150851581508515,0.018681129576173326,189,366,214,234,268,129
1776764227.0593996,20.0,0,-67,67.0,8.150851581508515,0.018681129576173326,189,366,214,234,268,129
1776764227.1407516,20.0,0,-67,67.0,8.150851581508515,0.018681129576173326,189,366,214,234,268,129
1776764227.2218893,20.0,0,-67,67.0,8.150851581508515,0.018681129576173326,189,366,214,234,268,129
1776764227.302068,20.0,0,-67,67.0,8.150851581508515,0.018681129576173326,189,366,214,234,268,129
1776764227.386855,20.0,0,-67,67.0,8.150851581508515,0.018681129576173326,189,366,214,234,268,129
1776764227.4765394,20.0,0,-67,67.0,8.150851581508515,0.018681129576173326,189,366,214,234,268,129
1776764227.557633,20.0,0,-67,67.0,8.150851581508515,0.018681129576173326,189,366,214,234,268,129
1776764227.6375096,20.0,0,-67,67.0,8.150851581508515,0.018681129576173326,189,366,214,234,268,129
1776764227.7176795,20.0,0,-67,67.0,8.150851581508515,0.018681129576173326,189,366,214,234,268,129
1776764227.799076,20.0,0,-67,67.0,8.150851581508515,0.018681129576173326,189,366,214,234,268,129
1776764227.876444,20.0,0,-67,67.0,8.150851581508515,0.018681129576173326,189,366,214,234,268,129
1776764227.9578383,20.0,0,-67,67.0,8.150851581508515,0.018681129576173326,189,366,214,234,268,129
1776764228.0412195,20.0,0,-67,67.0,8.150851581508515,0.018681129576173326,189,366,214,234,268,129
1776764228.134058,20.0,0,-67,67.0,8.150851581508515,0.018681129576173326,189,366,214,234,268,129
1776764228.2138941,20.0,0,-67,67.0,8.150851581508515,0.018681129576173326,189,366,214,234,268,129
1776764228.2931492,20.0,0,-67,67.0,8.150851581508515,0.018681129576173326,189,366,214,234,268,129
1776764228.371996,20.0,0,-67,67.0,8.150851581508515,0.018681129576173326,189,366,214,234,268,129
1776764228.4542017,20.0,0,-67,67.0,8.150851581508515,0.018681129576173326,189,366,214,234,268,129
1776764228.533944,20.0,0,-67,67.0,8.150851581508515,0.018681129576173326,189,366,214,234,268,129
1776764228.6167836,20.0,0,-67,67.0,8.150851581508515,0.018681129576173326,189,366,214,234,268,129
1776764228.7084928,20.0,0,-67,67.0,8.150851581508515,0.018681129576173326,189,366,214,234,268,129
1776764228.7862842,20.0,0,-67,67.0,8.150851581508515,0.018681129576173326,189,366,214,234,268,129
1776764228.85268,20.0,0,-67,67.0,8.150851581508515,0.018681129576173326,189,366,214,234,268,129
1776764228.9332805,20.0,0,-67,67.0,8.150851581508515,0.018681129576173326,189,366,214,234,268,129
1776764229.0145674,20.0,0,-67,67.0,8.150851581508515,0.018681129576173326,189,366,214,234,268,129
1776764229.1239731,20.0,0,-67,67.0,8.150851581508515,0.018681129576173326,189,366,214,234,268,129
1776764229.2046626,20.0,0,-67,67.0,8.150851581508515,0.018681129576173326,189,366,214,234,268,129
1776764229.2855935,20.0,0,-67,67.0,8.150851581508515,0.018681129576173326,189,366,214,234,268,129
1776764229.3661382,20.0,0,-67,67.0,8.150851581508515,0.018681129576173326,189,366,214,234,268,129
1776764229.445259,20.0,0,-67,67.0,8.150851581508515,0.019013904333202946,189,366,214,233,268,129
1776764229.524973,20.0,0,-67,67.0,8.150851581508515,0.019013904333202946,189,366,214,233,268,129
1776764229.6074722,20.0,0,-67,67.0,8.150851581508515,0.019013904333202946,189,366,214,233,268,129
1776764229.6858163,20.0,0,-67,67.0,8.150851581508515,0.019013904333202946,189,366,214,233,268,129
1776764229.7664542,20.0,0,-67,67.0,8.150851581508515,0.019013904333202946,189,366,214,233,268,129
1776764229.8476856,20.0,0,-67,67.0,8.150851581508515,0.019013904333202946,189,366,214,233,268,129
1776764229.927046,20.0,0,-67,67.0,8.150851581508515,0.019013904333202946,189,366,214,233,268,129
1776764230.0073688,20.0,0,-67,67.0,8.150851581508515,0.019013904333202946,189,366,214,233,268,129
1776764230.0841868,20.0,0,-68,68.0,8.27250608272506,0.01869686277835757,189,366,214,233,268,128
1776764230.1671646,20.0,0,-68,68.0,8.27250608272506,0.01869686277835757,189,366,214,233,268,128
1776764230.2477283,20.0,0,-68,68.0,8.27250608272506,0.01869686277835757,189,366,214,233,268,128
1776764230.3249183,20.0,0,-68,68.0,8.27250608272506,0.01869686277835757,189,366,214,233,268,128
1776764230.405643,20.0,0,-68,68.0,8.27250608272506,0.01869686277835757,189,366,214,233,268,128
1776764230.4846046,20.0,0,-68,68.0,8.27250608272506,0.01869686277835757,189,366,214,233,268,128
1776764230.564471,20.0,0,-68,68.0,8.27250608272506,0.01869686277835757,189,366,214,233,268,128
1776764230.6436474,20.0,0,-68,68.0,8.27250608272506,0.01869686277835757,189,366,214,233,268,128
1776764230.726507,20.0,0,-68,68.0,8.27250608272506,0.01869686277835757,189,366,214,233,268,128
1776764230.8067307,20.0,0,-68,68.0,8.27250608272506,0.01869686277835757,189,366,214,233,268,128
1776764230.8858697,20.0,0,-68,68.0,8.27250608272506,0.01869686277835757,189,366,214,233,268,128
1776764230.9644685,20.0,0,-68,68.0,8.27250608272506,0.01869686277835757,189,366,214,233,268,128
1776764231.042448,20.0,0,-68,68.0,8.27250608272506,0.01869686277835757,189,366,214,233,268,128
1776764231.1245496,20.0,0,-68,68.0,8.27250608272506,0.01869686277835757,189,366,214,233,268,128
1776764231.2058656,20.0,0,-68,68.0,8.27250608272506,0.01869686277835757,189,366,214,233,268,128
1776764231.2853386,20.0,0,-68,68.0,8.27250608272506,0.01869686277835757,189,366,214,233,268,128
1776764231.366288,20.0,0,-68,68.0,8.27250608272506,0.01869686277835757,189,366,214,233,268,128
1776764231.4476178,20.0,0,-68,68.0,8.27250608272506,0.01869686277835757,189,366,214,233,268,128
1776764231.5240188,20.0,0,-68,68.0,8.27250608272506,0.01869686277835757,189,366,214,233,268,128
1776764231.6050508,20.0,0,-68,68.0,8.27250608272506,0.01869686277835757,189,366,214,233,268,128
1776764231.6854863,20.0,0,-68,68.0,8.27250608272506,0.01869686277835757,189,366,214,233,268,128
1776764231.7648778,20.0,0,-68,68.0,8.27250608272506,0.01869686277835757,189,366,214,233,268,128
1776764231.846472,20.0,0,-68,68.0,8.27250608272506,0.01869686277835757,189,366,214,233,268,128
1776764231.9401684,20.0,0,-68,68.0,8.27250608272506,0.01869686277835757,189,366,214,233,268,128
1776764232.0213008,20.0,0,-68,68.0,8.27250608272506,0.01869686277835757,189,366,214,233,268,128
1776764232.101968,20.0,0,-68,68.0,8.27250608272506,0.01869686277835757,189,366,214,233,268,128
1776764232.1821063,20.0,0,-68,68.0,8.27250608272506,0.01869686277835757,189,366,214,233,268,128
1776764232.271397,20.0,0,-68,68.0,8.27250608272506,0.01869686277835757,189,366,214,233,268,128
1776764232.3546357,20.0,0,-68,68.0,8.27250608272506,0.01869686277835757,189,366,214,233,268,128
1776764232.4351263,20.0,0,-68,68.0,8.27250608272506,0.01869686277835757,189,366,214,233,268,128
1776764232.5171273,20.0,0,-68,68.0,8.27250608272506,0.01869686277835757,189,366,214,233,268,128
1776764232.5963097,20.0,0,-68,68.0,8.27250608272506,0.01869686277835757,189,366,214,233,268,128
1776764232.674883,20.0,0,-68,68.0,8.27250608272506,0.01869686277835757,189,366,214,233,268,128
1776764232.7550292,20.0,0,-68,68.0,8.27250608272506,0.01869686277835757,189,366,214,233,268,128
1776764232.8368807,20.0,0,-68,68.0,8.27250608272506,0.01869686277835757,189,366,214,233,268,128
1776764232.9166846,20.0,0,-68,68.0,8.27250608272506,0.01869686277835757,189,366,214,233,268,128
1776764233.0145447,20.0,0,-68,68.0,8.27250608272506,0.01869686277835757,189,366,214,233,268,128
1776764233.0947251,20.0,0,-68,68.0,8.27250608272506,0.01869686277835757,189,366,214,233,268,128
1776764233.1742349,20.0,0,-68,68.0,8.27250608272506,0.01869686277835757,189,366,214,233,268,128
1776764233.2521546,20.0,0,-68,68.0,8.27250608272506,0.01869686277835757,189,366,214,233,268,128
1776764233.3318686,20.0,0,-68,68.0,8.27250608272506,0.01869686277835757,189,366,214,233,268,128
1776764233.4158547,20.0,0,-68,68.0,8.27250608272506,0.01869686277835757,189,366,214,233,268,128
1776764233.4929633,20.0,0,-68,68.0,8.27250608272506,0.01869686277835757,189,366,214,233,268,128
1776764233.5741713,20.0,0,-68,68.0,8.27250608272506,0.01869686277835757,189,366,214,233,268,128
1776764233.651972,20.0,0,-68,68.0,8.27250608272506,0.01869686277835757,189,366,214,233,268,128
1776764233.732021,20.0,0,-68,68.0,8.27250608272506,0.01869686277835757,189,366,214,233,268,128
1776764233.8132234,20.0,0,-68,68.0,8.27250608272506,0.01869686277835757,189,366,214,233,268,128
1776764233.893896,20.0,0,-68,68.0,8.27250608272506,0.01869686277835757,189,366,214,233,268,128
1776764233.9741492,20.0,0,-68,68.0,8.27250608272506,0.01869686277835757,189,366,214,233,268,128
1776764234.0528975,20.0,0,-68,68.0,8.27250608272506,0.01869686277835757,189,366,214,233,268,128
1776764234.1329265,20.0,0,-68,68.0,8.27250608272506,0.01869686277835757,189,366,214,233,268,128
1776764234.2154064,20.0,0,-68,68.0,8.27250608272506,0.01869686277835757,189,366,214,233,268,128
1776764234.3100846,20.0,0,-68,68.0,8.27250608272506,0.01869686277835757,189,366,214,233,268,128
1776764234.389714,20.0,0,-68,68.0,8.27250608272506,0.019026997837881303,189,366,214,232,268,128
1776764234.469712,20.0,0,-68,68.0,8.27250608272506,0.019026997837881303,189,366,214,232,268,128
1776764234.550023,20.0,0,-68,68.0,8.27250608272506,0.019026997837881303,189,366,214,232,268,128
1776764234.6307213,20.0,0,-68,68.0,8.27250608272506,0.019026997837881303,189,366,214,232,268,128
1776764234.7087352,20.0,0,-68,68.0,8.27250608272506,0.019026997837881303,189,366,214,232,268,128
1776764234.7896724,20.0,0,-68,68.0,8.27250608272506,0.019026997837881303,189,366,214,232,268,128
1776764234.8703141,20.0,0,-68,68.0,8.27250608272506,0.019026997837881303,189,366,214,232,268,128
1776764234.953253,20.0,0,-68,68.0,8.27250608272506,0.019026997837881303,189,366,214,232,268,128
1776764235.0293489,20.0,0,-68,68.0,8.27250608272506,0.019026997837881303,189,366,214,232,268,128
1776764235.1104193,20.0,0,-68,68.0,8.27250608272506,0.019026997837881303,189,366,214,232,268,128
1776764235.19335,20.0,0,-68,68.0,8.27250608272506,0.019026997837881303,189,366,214,232,268,128
1776764235.2862134,20.0,0,-68,68.0,8.27250608272506,0.019026997837881303,189,366,214,232,268,128
1776764235.3660133,20.0,0,-68,68.0,8.27250608272506,0.019026997837881303,189,366,214,232,268,128
1776764235.4483922,20.0,0,-68,68.0,8.27250608272506,0.019026997837881303,189,366,214,232,268,128
1776764235.5236597,20.0,0,-68,68.0,8.27250608272506,0.019026997837881303,189,366,214,232,268,128
1776764235.6089942,20.0,0,-68,68.0,8.27250608272506,0.019026997837881303,189,366,214,232,268,128
1776764235.685144,20.0,0,-68,68.0,8.27250608272506,0.019026997837881303,189,366,214,232,268,128
1776764235.7653797,20.0,0,-68,68.0,8.27250608272506,0.019026997837881303,189,366,214,232,268,128
1776764235.8447645,20.0,0,-68,68.0,8.27250608272506,0.019026997837881303,189,366,214,232,268,128
1776764235.926472,20.0,0,-68,68.0,8.27250608272506,0.019026997837881303,189,366,214,232,268,128
1776764236.0060663,20.0,0,-68,68.0,8.27250608272506,0.019026997837881303,189,366,214,232,268,128
1776764236.1019762,20.0,0,-68,68.0,8.27250608272506,0.019026997837881303,189,366,214,232,268,128
1776764236.180957,20.0,0,-68,68.0,8.27250608272506,0.019026997837881303,189,366,214,232,268,128
1776764236.277192,20.0,0,-68,68.0,8.27250608272506,0.019026997837881303,189,366,214,232,268,128
1776764236.359637,20.0,0,-68,68.0,8.27250608272506,0.019026997837881303,189,366,214,232,268,128
1776764236.4363248,20.0,0,-68,68.0,8.27250608272506,0.019026997837881303,189,366,214,232,268,128
1776764236.516893,20.0,0,-68,68.0,8.27250608272506,0.019026997837881303,189,366,214,232,268,128
1776764236.598448,20.0,0,-68,68.0,8.27250608272506,0.019026997837881303,189,366,214,232,268,128
1776764236.6762397,20.0,0,-68,68.0,8.27250608272506,0.019026997837881303,189,366,214,232,268,128
1776764236.7415826,20.0,0,-68,68.0,8.27250608272506,0.019026997837881303,189,366,214,232,268,128
1776764236.8218284,20.0,0,-68,68.0,8.27250608272506,0.019026997837881303,189,366,214,232,268,128
1776764236.9020433,20.0,0,-68,68.0,8.27250608272506,0.019026997837881303,189,366,214,232,268,128
1776764236.982225,20.0,0,-68,68.0,8.27250608272506,0.019026997837881303,189,366,214,232,268,128
1776764237.0618997,20.0,0,-68,68.0,8.27250608272506,0.019026997837881303,189,366,214,232,268,128
1776764237.1420796,20.0,0,-68,68.0,8.27250608272506,0.019026997837881303,189,366,214,232,268,128
1776764237.2227228,20.0,0,-68,68.0,8.27250608272506,0.019026997837881303,189,366,214,232,268,128
1776764237.301274,20.0,0,-68,68.0,8.27250608272506,0.019026997837881303,189,366,214,232,268,128
1776764237.3816943,20.0,0,-68,68.0,8.27250608272506,0.019026997837881303,189,366,214,232,268,128
1776764237.4611113,20.0,0,-68,68.0,8.27250608272506,0.019026997837881303,189,366,214,232,268,128
1776764237.5416803,20.0,0,-69,69.0,8.394160583941606,0.018711172025767702,189,366,214,232,268,127
1776764237.6202939,20.0,0,-69,69.0,8.394160583941606,0.018711172025767702,189,366,214,232,268,127
1776764237.7005289,20.0,0,-69,69.0,8.394160583941606,0.018711172025767702,189,366,214,232,268,127
1776764237.7804472,20.0,0,-69,69.0,8.394160583941606,0.018711172025767702,189,366,214,232,268,127
1776764237.8594909,20.0,0,-69,69.0,8.394160583941606,0.018711172025767702,189,366,214,232,268,127
1776764237.9426901,20.0,0,-69,69.0,8.394160583941606,0.018711172025767702,189,366,214,232,268,127
1776764238.0210583,20.0,0,-69,69.0,8.394160583941606,0.018711172025767702,189,366,214,232,268,127
1776764238.1006193,20.0,0,-69,69.0,8.394160583941606,0.018711172025767702,189,366,214,232,268,127
1776764238.1825585,20.0,0,-69,69.0,8.394160583941606,0.018711172025767702,189,366,214,232,268,127
1776764238.2614336,20.0,0,-69,69.0,8.394160583941606,0.018711172025767702,189,366,214,232,268,127
1776764238.341268,20.0,0,-69,69.0,8.394160583941606,0.018711172025767702,189,366,214,232,268,127
1776764238.4241831,20.0,0,-69,69.0,8.394160583941606,0.018711172025767702,189,366,214,232,268,127
1776764238.5042052,20.0,0,-69,69.0,8.394160583941606,0.01869686277835757,189,365,214,232,268,127
1776764238.5809953,20.0,0,-69,69.0,8.394160583941606,0.01869686277835757,189,365,214,232,268,127
1776764238.660779,20.0,0,-69,69.0,8.394160583941606,0.01869686277835757,189,365,214,232,268,127
1776764238.7412393,20.0,0,-69,69.0,8.394160583941606,0.01869686277835757,189,365,214,232,268,127
1776764238.8222697,20.0,0,-69,69.0,8.394160583941606,0.01869686277835757,189,365,214,232,268,127
1776764238.902481,20.0,0,-69,69.0,8.394160583941606,0.01869686277835757,189,365,214,232,268,127
1776764238.9815192,20.0,0,-69,69.0,8.394160583941606,0.01869686277835757,189,365,214,232,268,127
1776764239.0620153,20.0,0,-69,69.0,8.394160583941606,0.01869686277835757,189,365,214,232,268,127
1776764239.1407278,20.0,0,-69,69.0,8.394160583941606,0.01869686277835757,189,365,214,232,268,127
1776764239.2232537,20.0,0,-69,69.0,8.394160583941606,0.01869686277835757,189,365,214,232,268,127
1776764239.3032186,20.0,0,-69,69.0,8.394160583941606,0.01869686277835757,189,365,214,232,268,127
1776764239.3812442,20.0,0,-69,69.0,8.394160583941606,0.01869686277835757,189,365,214,232,268,127
1776764239.4625323,20.0,0,-69,69.0,8.394160583941606,0.01869686277835757,189,365,214,232,268,127
1776764239.5420277,20.0,0,-69,69.0,8.394160583941606,0.019026997837881303,189,365,214,231,268,127
1776764239.6102529,20.0,0,-69,69.0,8.394160583941606,0.019026997837881303,189,365,214,231,268,127
1776764239.685448,20.0,0,-69,69.0,8.394160583941606,0.019026997837881303,189,365,214,231,268,127
1776764239.7822351,20.0,0,-69,69.0,8.394160583941606,0.019026997837881303,189,365,214,231,268,127
1776764239.8632205,20.0,0,-69,69.0,8.394160583941606,0.019026997837881303,189,365,214,231,268,127
1776764239.9565313,20.0,0,-69,69.0,8.394160583941606,0.019026997837881303,189,365,214,231,268,127
1776764240.0358577,20.0,0,-69,69.0,8.394160583941606,0.019026997837881303,189,365,214,231,268,127
1776764240.1162012,20.0,0,-69,69.0,8.394160583941606,0.019026997837881303,189,365,214,231,268,127
1776764240.196644,20.0,0,-69,69.0,8.394160583941606,0.019026997837881303,189,365,214,231,268,127
1776764240.2765608,20.0,0,-69,69.0,8.394160583941606,0.019026997837881303,189,365,214,231,268,127
1776764240.3571968,20.0,0,-69,69.0,8.394160583941606,0.019026997837881303,189,365,214,231,268,127
1776764240.437591,20.0,0,-69,69.0,8.394160583941606,0.019026997837881303,189,365,214,231,268,127
1776764240.52093,20.0,0,-69,69.0,8.394160583941606,0.019026997837881303,189,365,214,231,268,127
1776764240.5968616,20.0,0,-69,69.0,8.394160583941606,0.019026997837881303,189,365,214,231,268,127
1776764240.675085,20.0,0,-69,69.0,8.394160583941606,0.019026997837881303,189,365,214,231,268,127
1776764240.756861,20.0,0,-69,69.0,8.394160583941606,0.019026997837881303,189,365,214,231,268,127
1776764240.8374877,20.0,0,-69,69.0,8.394160583941606,0.019026997837881303,189,365,214,231,268,127
1776764240.9166074,20.0,0,-69,69.0,8.394160583941606,0.019026997837881303,189,365,214,231,268,127
1776764240.9989061,20.0,0,-69,69.0,8.394160583941606,0.019026997837881303,189,365,214,231,268,127
1776764241.0953271,20.0,0,-69,69.0,8.394160583941606,0.019026997837881303,189,365,214,231,268,127
1776764241.1722722,20.0,0,-69,69.0,8.394160583941606,0.019026997837881303,189,365,214,231,268,127
1776764241.2524529,20.0,0,-69,69.0,8.394160583941606,0.019026997837881303,189,365,214,231,268,127
1776764241.336203,20.0,0,-69,69.0,8.394160583941606,0.019026997837881303,189,365,214,231,268,127
1776764241.4334462,20.0,0,-69,69.0,8.394160583941606,0.019026997837881303,189,365,214,231,268,127
1776764241.5069473,20.0,0,-69,69.0,8.394160583941606,0.019026997837881303,189,365,214,231,268,127
1776764241.5890582,20.0,0,-69,69.0,8.394160583941606,0.019026997837881303,189,365,214,231,268,127
1776764241.6691747,20.0,0,-69,69.0,8.394160583941606,0.019026997837881303,189,365,214,231,268,127
1776764241.749541,20.0,0,-69,69.0,8.394160583941606,0.019026997837881303,189,365,214,231,268,127
1776764241.83347,20.0,0,-69,69.0,8.394160583941606,0.019026997837881303,189,365,214,231,268,127
1776764241.9107945,20.0,0,-69,69.0,8.394160583941606,0.019026997837881303,189,365,214,231,268,127
1776764241.9895692,20.0,0,-69,69.0,8.394160583941606,0.019026997837881303,189,365,214,231,268,127
1776764242.0687523,20.0,0,-69,69.0,8.394160583941606,0.019026997837881303,189,365,214,231,268,127
1776764242.1498282,20.0,0,-69,69.0,8.394160583941606,0.019026997837881303,189,365,214,231,268,127
1776764242.229974,20.0,0,-69,69.0,8.394160583941606,0.019026997837881303,189,365,214,231,268,127
1776764242.3073316,20.0,0,-69,69.0,8.394160583941606,0.019026997837881303,189,365,214,231,268,127
1776764242.3876712,20.0,0,-69,69.0,8.394160583941606,0.019026997837881303,189,365,214,231,268,127
1776764242.4692428,20.0,0,-69,69.0,8.394160583941606,0.019026997837881303,189,365,214,231,268,127
1776764242.5496387,20.0,0,-69,69.0,8.394160583941606,0.019026997837881303,189,365,214,231,268,127
1776764242.6289437,20.0,0,-69,69.0,8.394160583941606,0.019026997837881303,189,365,214,231,268,127
1776764242.7086759,20.0,0,-69,69.0,8.394160583941606,0.019026997837881303,189,365,214,231,268,127
1776764242.7889166,20.0,0,-69,69.0,8.394160583941606,0.019026997837881303,189,365,214,231,268,127
1776764242.8693933,20.0,0,-69,69.0,8.394160583941606,0.019026997837881303,189,365,214,231,268,127
1776764242.949936,20.0,0,-69,69.0,8.394160583941606,0.019026997837881303,189,365,214,231,268,127
1776764243.032675,20.0,0,-69,69.0,8.394160583941606,0.019026997837881303,189,365,214,231,268,127
1776764243.1110523,20.0,0,-69,69.0,8.394160583941606,0.019359122301253463,189,365,214,230,268,127
1776764243.1907287,20.0,0,-69,69.0,8.394160583941606,0.019359122301253463,189,365,214,230,268,127
1776764243.2863371,20.0,0,-69,69.0,8.394160583941606,0.019359122301253463,189,365,214,230,268,127
1776764243.3674076,20.0,0,-69,69.0,8.394160583941606,0.019359122301253463,189,365,214,230,268,127
1776764243.444985,20.0,0,-69,69.0,8.394160583941606,0.019359122301253463,189,365,214,230,268,127
1776764243.5399752,20.0,0,-69,69.0,8.394160583941606,0.019359122301253463,189,365,214,230,268,127
1776764243.6200845,20.0,0,-69,69.0,8.394160583941606,0.019359122301253463,189,365,214,230,268,127
1776764243.7036746,20.0,0,-69,69.0,8.394160583941606,0.019359122301253463,189,365,214,230,268,127
1776764243.7964454,20.0,0,-69,69.0,8.394160583941606,0.019359122301253463,189,365,214,230,268,127
1776764243.877378,20.0,0,-69,69.0,8.394160583941606,0.019359122301253463,189,365,214,230,268,127
1776764243.9596841,20.0,0,-70,70.0,8.51581508515815,0.019038715436184194,189,365,214,230,268,126
1776764244.0390213,20.0,0,-70,70.0,8.51581508515815,0.019038715436184194,189,365,214,230,268,126
1776764244.1170826,20.0,0,-70,70.0,8.51581508515815,0.019038715436184194,189,365,214,230,268,126
1776764244.1978784,20.0,0,-70,70.0,8.51581508515815,0.019038715436184194,189,365,214,230,268,126
1776764244.2784512,20.0,0,-70,70.0,8.51581508515815,0.019038715436184194,189,365,214,230,268,126
1776764244.3567965,20.0,0,-70,70.0,8.51581508515815,0.019038715436184194,189,365,214,230,268,126
1776764244.452161,20.0,0,-70,70.0,8.51581508515815,0.019038715436184194,189,365,214,230,268,126
1776764244.5344994,20.0,0,-70,70.0,8.51581508515815,0.019038715436184194,189,365,214,230,268,126
1776764244.6100624,20.0,0,-70,70.0,8.51581508515815,0.019038715436184194,189,365,214,230,268,126
1776764244.6933992,20.0,0,-70,70.0,8.51581508515815,0.019038715436184194,189,365,214,230,268,126
1776764244.771966,20.0,0,-70,70.0,8.51581508515815,0.019038715436184194,189,365,214,230,268,126
1776764244.8534305,20.0,0,-70,70.0,8.51581508515815,0.019038715436184194,189,365,214,230,268,126
1776764244.9350796,20.0,0,-70,70.0,8.51581508515815,0.019038715436184194,189,365,214,230,268,126
1776764245.0149732,20.0,0,-70,70.0,8.51581508515815,0.019038715436184194,189,365,214,230,268,126
1776764245.0932639,20.0,0,-70,70.0,8.51581508515815,0.019038715436184194,189,365,214,230,268,126
1776764245.173071,20.0,0,-70,70.0,8.51581508515815,0.019038715436184194,189,365,214,230,268,126
1776764245.2543736,20.0,0,-70,70.0,8.51581508515815,0.019038715436184194,189,365,214,230,268,126
1776764245.32881,20.0,0,-70,70.0,8.51581508515815,0.019038715436184194,189,365,214,230,268,126
1776764245.4126596,20.0,0,-70,70.0,8.51581508515815,0.019038715436184194,189,365,214,230,268,126
1776764245.495305,20.0,0,-70,70.0,8.51581508515815,0.019038715436184194,189,365,214,230,268,126
1776764245.574188,20.0,0,-70,70.0,8.51581508515815,0.019038715436184194,189,365,214,230,268,126
1776764245.6533935,20.0,0,-70,70.0,8.51581508515815,0.019038715436184194,189,365,214,230,268,126
1776764245.730453,20.0,0,-70,70.0,8.51581508515815,0.019038715436184194,189,365,214,230,268,126
1776764245.8287477,20.0,0,-70,70.0,8.51581508515815,0.019038715436184194,189,365,214,230,268,126
1776764245.909285,20.0,0,-70,70.0,8.51581508515815,0.019038715436184194,189,365,214,230,268,126
1776764245.992087,20.0,0,-70,70.0,8.51581508515815,0.019038715436184194,189,365,214,230,268,126
1776764246.0693483,20.0,0,-70,70.0,8.51581508515815,0.019038715436184194,189,365,214,230,268,126
1776764246.148865,20.0,0,-70,70.0,8.51581508515815,0.019038715436184194,189,365,214,230,268,126
1776764246.2284424,20.0,0,-70,70.0,8.51581508515815,0.019038715436184194,189,365,214,230,268,126
1776764246.308886,20.0,0,-70,70.0,8.51581508515815,0.019038715436184194,189,365,214,230,268,126
1776764246.3902178,20.0,0,-70,70.0,8.51581508515815,0.019038715436184194,189,365,214,230,268,126
1776764246.4693463,20.0,0,-70,70.0,8.51581508515815,0.019038715436184194,189,365,214,230,268,126
1776764246.548965,20.0,0,-70,70.0,8.51581508515815,0.019038715436184194,189,365,214,230,268,126
1776764246.6451895,20.0,0,-70,70.0,8.51581508515815,0.019038715436184194,189,365,214,230,268,126
1776764246.7265453,20.0,0,-70,70.0,8.51581508515815,0.019038715436184194,189,365,214,230,268,126
1776764246.8045084,20.0,0,-70,70.0,8.51581508515815,0.019038715436184194,189,365,214,230,268,126
1776764246.8839068,20.0,0,-70,70.0,8.51581508515815,0.019038715436184194,189,365,214,230,268,126
1776764246.9639556,20.0,0,-70,70.0,8.51581508515815,0.019038715436184194,189,365,214,230,268,126
1776764247.0451431,20.0,0,-70,70.0,8.51581508515815,0.019038715436184194,189,365,214,230,268,126
1776764247.1268654,20.0,0,-70,70.0,8.51581508515815,0.019038715436184194,189,365,214,230,268,126
1776764247.2045553,20.0,0,-70,70.0,8.51581508515815,0.019038715436184194,189,365,214,230,268,126
1776764247.2856867,20.0,0,-70,70.0,8.51581508515815,0.019038715436184194,189,365,214,230,268,126
1776764247.3648634,20.0,0,-70,70.0,8.51581508515815,0.019038715436184194,189,365,214,230,268,126
1776764247.4470174,20.0,0,-70,70.0,8.51581508515815,0.019038715436184194,189,365,214,230,268,126
1776764247.5249226,20.0,0,-70,70.0,8.51581508515815,0.019038715436184194,189,365,214,230,268,126
1776764247.6062129,20.0,0,-70,70.0,8.51581508515815,0.019038715436184194,189,365,214,230,268,126
1776764247.6842988,20.0,0,-70,70.0,8.51581508515815,0.019038715436184194,189,365,214,230,268,126
1776764247.7659903,20.0,0,-70,70.0,8.51581508515815,0.019038715436184194,189,365,214,230,268,126
1776764247.8439667,20.0,0,-70,70.0,8.51581508515815,0.019038715436184194,189,365,214,230,268,126
1776764247.9250085,20.0,0,-70,70.0,8.51581508515815,0.019038715436184194,189,365,214,230,268,126
1776764248.0038266,20.0,0,-70,70.0,8.51581508515815,0.019038715436184194,189,365,214,230,268,126
1776764248.069663,20.0,0,-70,70.0,8.51581508515815,0.019038715436184194,189,365,214,230,268,126
1776764248.1491914,20.0,0,-70,70.0,8.51581508515815,0.019038715436184194,189,365,214,230,268,126
1776764248.2313187,20.0,0,-70,70.0,8.51581508515815,0.019038715436184194,189,365,214,230,268,126
1776764248.309076,20.0,0,-70,70.0,8.51581508515815,0.019038715436184194,189,365,214,230,268,126
1776764248.3895361,20.0,0,-70,70.0,8.51581508515815,0.019038715436184194,189,365,214,230,268,126
1776764248.4691923,20.0,0,-70,70.0,8.51581508515815,0.019038715436184194,189,365,214,230,268,126
1776764248.5486128,20.0,0,-70,70.0,8.51581508515815,0.019038715436184194,189,365,214,230,268,126
1776764248.6336403,20.0,0,-70,70.0,8.51581508515815,0.019038715436184194,189,365,214,230,268,126
1776764248.7256663,20.0,0,-70,70.0,8.51581508515815,0.019038715436184194,189,365,214,230,268,126
1776764248.8075788,20.0,0,-70,70.0,8.51581508515815,0.019038715436184194,189,365,214,230,268,126
1776764248.900917,20.0,0,-70,70.0,8.51581508515815,0.019038715436184194,189,365,214,230,268,126
1776764248.9797924,20.0,0,-70,70.0,8.51581508515815,0.019038715436184194,189,365,214,230,268,126
1776764249.061038,20.0,0,-70,70.0,8.51581508515815,0.019038715436184194,189,365,214,230,268,126
1776764249.138602,20.0,0,-70,70.0,8.51581508515815,0.019368266822097035,189,365,214,229,268,126
1776764249.206257,20.0,0,-70,70.0,8.51581508515815,0.019368266822097035,189,365,214,229,268,126
1776764249.3013976,20.0,0,-70,70.0,8.51581508515815,0.019368266822097035,189,365,214,229,268,126
1776764249.3812294,20.0,0,-70,70.0,8.51581508515815,0.019368266822097035,189,365,214,229,268,126
1776764249.4614837,20.0,0,-70,70.0,8.51581508515815,0.019368266822097035,189,365,214,229,268,126
1776764249.5431068,20.0,0,-70,70.0,8.51581508515815,0.019368266822097035,189,365,214,229,268,126
1776764249.621573,20.0,0,-70,70.0,8.51581508515815,0.019368266822097035,189,365,214,229,268,126
1776764249.7022634,20.0,0,-70,70.0,8.51581508515815,0.019368266822097035,189,365,214,229,268,126
1776764249.7818384,20.0,0,-70,70.0,8.51581508515815,0.019368266822097035,189,365,214,229,268,126
1776764249.8609872,20.0,0,-70,70.0,8.51581508515815,0.019368266822097035,189,365,214,229,268,126
1776764249.9414005,20.0,0,-70,70.0,8.51581508515815,0.019368266822097035,189,365,214,229,268,126
1776764250.0220206,20.0,0,-70,70.0,8.51581508515815,0.019368266822097035,189,365,214,229,268,126
1776764250.1037703,20.0,0,-70,70.0,8.51581508515815,0.019368266822097035,189,365,214,229,268,126
1776764250.1827378,20.0,0,-70,70.0,8.51581508515815,0.019368266822097035,189,365,214,229,268,126
1776764250.26207,20.0,0,-70,70.0,8.51581508515815,0.019368266822097035,189,365,214,229,268,126
1776764250.3455107,20.0,0,-70,70.0,8.51581508515815,0.019368266822097035,189,365,214,229,268,126
1776764250.4205115,20.0,0,-70,70.0,8.51581508515815,0.019368266822097035,189,365,214,229,268,126
1776764250.5155528,20.0,0,-70,70.0,8.51581508515815,0.019368266822097035,189,365,214,229,268,126
1776764250.5951183,20.0,0,-70,70.0,8.51581508515815,0.019368266822097035,189,365,214,229,268,126
1776764250.6760066,20.0,0,-70,70.0,8.51581508515815,0.019368266822097035,189,365,214,229,268,126
1776764250.755853,20.0,0,-70,70.0,8.51581508515815,0.019368266822097035,189,365,214,229,268,126
1776764250.837168,20.0,0,-70,70.0,8.51581508515815,0.019368266822097035,189,365,214,229,268,126
1776764250.915386,20.0,0,-70,70.0,8.51581508515815,0.019368266822097035,189,365,214,229,268,126
1776764250.995334,20.0,0,-70,70.0,8.51581508515815,0.019368266822097035,189,365,214,229,268,126
1776764251.0756984,20.0,0,-70,70.0,8.51581508515815,0.019368266822097035,189,365,214,229,268,126
1776764251.147355,20.0,0,-70,70.0,8.51581508515815,0.019368266822097035,189,365,214,229,268,126
1776764251.2349873,20.0,0,-70,70.0,8.51581508515815,0.019368266822097035,189,365,214,229,268,126
1776764251.3158784,20.0,0,-71,71.0,8.637469586374696,0.019049099701111474,189,365,214,229,268,125
1776764251.3949394,20.0,0,-71,71.0,8.637469586374696,0.019049099701111474,189,365,214,229,268,125
1776764251.4764612,20.0,0,-71,71.0,8.637469586374696,0.019049099701111474,189,365,214,229,268,125
1776764251.5713463,20.0,0,-71,71.0,8.637469586374696,0.019049099701111474,189,365,214,229,268,125
1776764251.6670742,20.0,0,-71,71.0,8.637469586374696,0.019049099701111474,189,365,214,229,268,125
1776764251.7462633,20.0,0,-71,71.0,8.637469586374696,0.019049099701111474,189,365,214,229,268,125
1776764251.8300452,20.0,0,-71,71.0,8.637469586374696,0.019049099701111474,189,365,214,229,268,125
1776764251.9129183,20.0,0,-71,71.0,8.637469586374696,0.019049099701111474,189,365,214,229,268,125
1776764251.9868348,20.0,0,-71,71.0,8.637469586374696,0.019049099701111474,189,365,214,229,268,125
1776764252.068869,20.0,0,-71,71.0,8.637469586374696,0.019049099701111474,189,365,214,229,268,125
1776764252.1499114,20.0,0,-71,71.0,8.637469586374696,0.019049099701111474,189,365,214,229,268,125
1776764252.227548,20.0,0,-71,71.0,8.637469586374696,0.019049099701111474,189,365,214,229,268,125
1776764252.293681,20.0,0,-71,71.0,8.637469586374696,0.019376123861439363,189,365,214,228,268,125
1776764252.3743067,20.0,0,-71,71.0,8.637469586374696,0.019376123861439363,189,365,214,228,268,125
1776764252.4686418,20.0,0,-71,71.0,8.637469586374696,0.019376123861439363,189,365,214,228,268,125
1776764252.5493627,20.0,0,-71,71.0,8.637469586374696,0.019376123861439363,189,365,214,228,268,125
1776764252.6291611,20.0,0,-71,71.0,8.637469586374696,0.019376123861439363,189,365,214,228,268,125
1776764252.7101982,20.0,0,-71,71.0,8.637469586374696,0.019376123861439363,189,365,214,228,268,125
1776764252.7916887,20.0,0,-71,71.0,8.637469586374696,0.019376123861439363,189,365,214,228,268,125
1776764252.884962,20.0,0,-71,71.0,8.637469586374696,0.019376123861439363,189,365,214,228,268,125
1776764252.964487,20.0,0,-71,71.0,8.637469586374696,0.01846094644275645,189,365,215,228,268,125
1776764253.0433552,20.0,0,-71,71.0,8.637469586374696,0.01846094644275645,189,365,215,228,268,125
1776764253.1097908,20.0,0,-71,71.0,8.637469586374696,0.01846094644275645,189,365,215,228,268,125
1776764253.1870086,20.0,0,-71,71.0,8.637469586374696,0.01846094644275645,189,365,215,228,268,125
1776764253.2701912,20.0,0,-71,71.0,8.637469586374696,0.01846094644275645,189,365,215,228,268,125
1776764253.348789,20.0,0,-71,71.0,8.637469586374696,0.01846094644275645,189,365,215,228,268,125
1776764253.427893,20.0,0,-71,71.0,8.637469586374696,0.01846094644275645,189,365,215,228,268,125
1776764253.509335,20.0,0,-71,71.0,8.637469586374696,0.01846094644275645,189,365,215,228,268,125
1776764253.586528,20.0,0,-71,71.0,8.637469586374696,0.01846094644275645,189,365,215,228,268,125
1776764253.6680148,20.0,0,-71,71.0,8.637469586374696,0.01846094644275645,189,365,215,228,268,125
1776764253.7490993,20.0,0,-71,71.0,8.637469586374696,0.01846094644275645,189,365,215,228,268,125
1776764253.8292158,20.0,0,-71,71.0,8.637469586374696,0.01846094644275645,189,365,215,228,268,125
1776764253.9104407,20.0,0,-71,71.0,8.637469586374696,0.01846094644275645,189,365,215,228,268,125
1776764254.0206525,20.0,0,-71,71.0,8.637469586374696,0.01846094644275645,189,365,215,228,268,125
1776764254.099609,20.0,0,-71,71.0,8.637469586374696,0.01846094644275645,189,365,215,228,268,125
1776764254.180589,20.0,0,-71,71.0,8.637469586374696,0.01846094644275645,189,365,215,228,268,125
1776764254.2624104,20.0,0,-71,71.0,8.637469586374696,0.01846094644275645,189,365,215,228,268,125
1776764254.3414466,20.0,0,-71,71.0,8.637469586374696,0.01846094644275645,189,365,215,228,268,125
1776764254.420196,20.0,0,-71,71.0,8.637469586374696,0.01846094644275645,189,365,215,228,268,125
1776764254.5005941,20.0,0,-71,71.0,8.637469586374696,0.01846094644275645,189,365,215,228,268,125
1776764254.579474,20.0,0,-71,71.0,8.637469586374696,0.01846094644275645,189,365,215,228,268,125
1776764254.660002,20.0,0,-71,71.0,8.637469586374696,0.01846094644275645,189,365,215,228,268,125
1776764254.740743,20.0,0,-71,71.0,8.637469586374696,0.01846094644275645,189,365,215,228,268,125
1776764254.8181558,20.0,0,-71,71.0,8.637469586374696,0.01846094644275645,189,365,215,228,268,125
1776764254.899927,20.0,0,-71,71.0,8.637469586374696,0.01846094644275645,189,365,215,228,268,125
1776764254.9798453,20.0,0,-71,71.0,8.637469586374696,0.01846094644275645,189,365,215,228,268,125
1776764255.059377,20.0,0,-71,71.0,8.637469586374696,0.01846094644275645,189,365,215,228,268,125
1776764255.1404126,20.0,0,-71,71.0,8.637469586374696,0.01846094644275645,189,365,215,228,268,125
1776764255.2182403,20.0,0,-71,71.0,8.637469586374696,0.01846094644275645,189,365,215,228,268,125
1776764255.2993903,20.0,0,-71,71.0,8.637469586374696,0.01846094644275645,189,365,215,228,268,125
1776764255.378286,20.0,0,-71,71.0,8.637469586374696,0.01846094644275645,189,365,215,228,268,125
1776764255.4590182,20.0,0,-72,72.0,8.75912408759124,0.018148003013716957,189,365,215,228,268,124
1776764255.54005,20.0,0,-72,72.0,8.75912408759124,0.018148003013716957,189,365,215,228,268,124
1776764255.6191695,20.0,0,-72,72.0,8.75912408759124,0.018148003013716957,189,365,215,228,268,124
1776764255.7002165,20.0,0,-72,72.0,8.75912408759124,0.018148003013716957,189,365,215,228,268,124
1776764255.780673,20.0,0,-72,72.0,8.75912408759124,0.018148003013716957,189,365,215,228,268,124
1776764255.859389,20.0,0,-72,72.0,8.75912408759124,0.018148003013716957,189,365,215,228,268,124
1776764255.939407,20.0,0,-72,72.0,8.75912408759124,0.018148003013716957,189,365,215,228,268,124
1776764256.0047414,20.0,0,-72,72.0,8.75912408759124,0.018148003013716957,189,365,215,228,268,124
1776764256.0826478,20.0,0,-72,72.0,8.75912408759124,0.018148003013716957,189,365,215,228,268,124
1776764256.165181,20.0,0,-72,72.0,8.75912408759124,0.018148003013716957,189,365,215,228,268,124
1776764256.2457497,20.0,0,-72,72.0,8.75912408759124,0.018148003013716957,189,365,215,228,268,124
1776764256.3253834,20.0,0,-72,72.0,8.75912408759124,0.018148003013716957,189,365,215,228,268,124
1776764256.4066079,20.0,0,-72,72.0,8.75912408759124,0.018148003013716957,189,365,215,228,268,124
1776764256.486011,20.0,0,-72,72.0,8.75912408759124,0.018148003013716957,189,365,215,228,268,124
1776764256.5673528,20.0,0,-72,72.0,8.75912408759124,0.018148003013716957,189,365,215,228,268,124
1776764256.6443748,20.0,0,-72,72.0,8.75912408759124,0.018148003013716957,189,365,215,228,268,124
1776764256.7233567,20.0,0,-72,72.0,8.75912408759124,0.018148003013716957,189,365,215,228,268,124
1776764256.80289,20.0,0,-72,72.0,8.75912408759124,0.018474305522051766,189,365,215,227,268,124
1776764256.9003959,20.0,0,-72,72.0,8.75912408759124,0.018474305522051766,189,365,215,227,268,124
1776764256.9811563,20.0,0,-72,72.0,8.75912408759124,0.018474305522051766,189,365,215,227,268,124
1776764257.060465,20.0,0,-72,72.0,8.75912408759124,0.018474305522051766,189,365,215,227,268,124
1776764257.1435916,20.0,0,-72,72.0,8.75912408759124,0.018474305522051766,189,365,215,227,268,124
1776764257.2204428,20.0,0,-72,72.0,8.75912408759124,0.018474305522051766,189,365,215,227,268,124
1776764257.3139112,20.0,0,-72,72.0,8.75912408759124,0.018474305522051766,189,365,215,227,268,124
1776764257.3964846,20.0,0,-72,72.0,8.75912408759124,0.018474305522051766,189,365,215,227,268,124
1776764257.4761372,20.0,0,-72,72.0,8.75912408759124,0.018474305522051766,189,365,215,227,268,124
1776764257.5559711,20.0,0,-72,72.0,8.75912408759124,0.018474305522051766,189,365,215,227,268,124
1776764257.6348763,20.0,0,-72,72.0,8.75912408759124,0.018474305522051766,189,365,215,227,268,124
1776764257.701483,20.0,0,-72,72.0,8.75912408759124,0.018474305522051766,189,365,215,227,268,124
1776764257.7804573,20.0,0,-72,72.0,8.75912408759124,0.018474305522051766,189,365,215,227,268,124
1776764257.85968,20.0,0,-72,72.0,8.75912408759124,0.018474305522051766,189,365,215,227,268,124
1776764257.9403374,20.0,0,-72,72.0,8.75912408759124,0.018474305522051766,189,365,215,227,268,124
1776764258.035813,20.0,0,-72,72.0,8.75912408759124,0.018474305522051766,189,365,215,227,268,124
1776764258.11675,20.0,0,-72,72.0,8.75912408759124,0.018474305522051766,189,365,215,227,268,124
1776764258.194307,20.0,0,-72,72.0,8.75912408759124,0.018474305522051766,189,365,215,227,268,124
1776764258.276762,20.0,0,-72,72.0,8.75912408759124,0.018474305522051766,189,365,215,227,268,124
1776764258.3541126,20.0,0,-72,72.0,8.75912408759124,0.018474305522051766,189,365,215,227,268,124
1776764258.4363592,20.0,0,-72,72.0,8.75912408759124,0.018474305522051766,189,365,215,227,268,124
1776764258.514474,20.0,0,-72,72.0,8.75912408759124,0.018474305522051766,189,365,215,227,268,124
1776764258.5953898,20.0,0,-72,72.0,8.75912408759124,0.018474305522051766,189,365,215,227,268,124
1776764258.67755,20.0,0,-72,72.0,8.75912408759124,0.018474305522051766,189,365,215,227,268,124
1776764258.76533,20.0,0,-72,72.0,8.75912408759124,0.018474305522051766,189,365,215,227,268,124
1776764258.8370364,20.0,0,-72,72.0,8.75912408759124,0.018474305522051766,189,365,215,227,268,124
1776764258.917381,20.0,0,-72,72.0,8.75912408759124,0.018474305522051766,189,365,215,227,268,124
1776764259.0150473,20.0,0,-72,72.0,8.75912408759124,0.018474305522051766,189,365,215,227,268,124
1776764259.093008,20.0,0,-72,72.0,8.75912408759124,0.018474305522051766,189,365,215,227,268,124
1776764259.1740859,20.0,0,-72,72.0,8.75912408759124,0.018474305522051766,189,365,215,227,268,124
1776764259.2548006,20.0,0,-72,72.0,8.75912408759124,0.018474305522051766,189,365,215,227,268,124
1776764259.3350527,20.0,0,-72,72.0,8.75912408759124,0.018474305522051766,189,365,215,227,268,124
1776764259.4124558,20.0,0,-72,72.0,8.75912408759124,0.018474305522051766,189,365,215,227,268,124
1776764259.4937558,20.0,0,-72,72.0,8.75912408759124,0.018474305522051766,189,365,215,227,268,124
1776764259.5703835,20.0,0,-72,72.0,8.75912408759124,0.018474305522051766,189,365,215,227,268,124
1776764259.6526053,20.0,0,-72,72.0,8.75912408759124,0.018474305522051766,189,365,215,227,268,124
1776764259.73514,20.0,0,-72,72.0,8.75912408759124,0.018474305522051766,189,365,215,227,268,124
1776764259.81419,20.0,0,-72,72.0,8.75912408759124,0.018474305522051766,189,365,215,227,268,124
1776764259.8937616,20.0,0,-72,72.0,8.75912408759124,0.018474305522051766,189,365,215,227,268,124
1776764259.973937,20.0,0,-72,72.0,8.75912408759124,0.018474305522051766,189,365,215,227,268,124
1776764260.05378,20.0,0,-72,72.0,8.75912408759124,0.018474305522051766,189,365,215,227,268,124
1776764260.134963,20.0,0,-72,72.0,8.75912408759124,0.018474305522051766,189,365,215,227,268,124
1776764260.2124631,20.0,0,-72,72.0,8.75912408759124,0.018474305522051766,189,365,215,227,268,124
1776764260.2949946,20.0,0,-72,72.0,8.75912408759124,0.018474305522051766,189,365,215,227,268,124
1776764260.370689,20.0,0,-72,72.0,8.75912408759124,0.018474305522051766,189,365,215,227,268,124
1776764260.4500368,20.0,0,-72,72.0,8.75912408759124,0.018474305522051766,189,365,215,227,268,124
1776764260.5328467,20.0,0,-72,72.0,8.75912408759124,0.018802716571475184,189,365,215,226,268,124
1776764260.6125586,20.0,0,-72,72.0,8.75912408759124,0.018802716571475184,189,365,215,226,268,124
1776764260.6930537,20.0,0,-72,72.0,8.75912408759124,0.018802716571475184,189,365,215,226,268,124
1776764260.7734241,20.0,0,-72,72.0,8.75912408759124,0.018802716571475184,189,365,215,226,268,124
1776764260.853379,20.0,0,-72,72.0,8.75912408759124,0.018802716571475184,189,365,215,226,268,124
1776764260.951982,20.0,0,-72,72.0,8.75912408759124,0.018802716571475184,189,365,215,226,268,124
1776764261.0446978,20.0,0,-72,72.0,8.75912408759124,0.018802716571475184,189,365,215,226,268,124
1776764261.1240978,20.0,0,-72,72.0,8.75912408759124,0.018802716571475184,189,365,215,226,268,124
1776764261.2199435,20.0,0,-72,72.0,8.75912408759124,0.018802716571475184,189,365,215,226,268,124
1776764261.3027675,20.0,0,-72,72.0,8.75912408759124,0.018802716571475184,189,365,215,226,268,124
1776764261.3802898,20.0,0,-72,72.0,8.75912408759124,0.018802716571475184,189,365,215,226,268,124
1776764261.4612958,20.0,0,-72,72.0,8.75912408759124,0.018802716571475184,189,365,215,226,268,124
1776764261.5412319,20.0,0,-72,72.0,8.75912408759124,0.018802716571475184,189,365,215,226,268,124
1776764261.621397,20.0,0,-72,72.0,8.75912408759124,0.018802716571475184,189,365,215,226,268,124
1776764261.7046158,20.0,0,-72,72.0,8.75912408759124,0.018802716571475184,189,365,215,226,268,124
1776764261.7831533,20.0,0,-72,72.0,8.75912408759124,0.018802716571475184,189,365,215,226,268,124
1776764261.861828,20.0,0,-72,72.0,8.75912408759124,0.018802716571475184,189,365,215,226,268,124
1776764261.943126,20.0,0,-73,73.0,8.880778588807786,0.01848636277697399,189,365,215,226,268,123
1776764262.02208,20.0,0,-73,73.0,8.880778588807786,0.01848636277697399,189,365,215,226,268,123
1776764262.1018314,20.0,0,-73,73.0,8.880778588807786,0.01848636277697399,189,365,215,226,268,123
1776764262.182518,20.0,0,-73,73.0,8.880778588807786,0.01848636277697399,189,365,215,226,268,123
1776764262.2605112,20.0,0,-73,73.0,8.880778588807786,0.01848636277697399,189,365,215,226,268,123
1776764262.3410077,20.0,0,-73,73.0,8.880778588807786,0.01848636277697399,189,365,215,226,268,123
1776764262.4215984,20.0,0,-73,73.0,8.880778588807786,0.01848636277697399,189,365,215,226,268,123
1776764262.501924,20.0,0,-73,73.0,8.880778588807786,0.01848636277697399,189,365,215,226,268,123
1776764262.5816035,20.0,0,-73,73.0,8.880778588807786,0.01848636277697399,189,365,215,226,268,123
1776764262.6603618,20.0,0,-73,73.0,8.880778588807786,0.01848636277697399,189,365,215,226,268,123
1776764262.7396145,20.0,0,-73,73.0,8.880778588807786,0.01848636277697399,189,365,215,226,268,123
1776764262.8214457,20.0,0,-73,73.0,8.880778588807786,0.01848636277697399,189,365,215,226,268,123
1776764262.8999882,20.0,0,-73,73.0,8.880778588807786,0.01848636277697399,189,365,215,226,268,123
1776764262.9830284,20.0,0,-73,73.0,8.880778588807786,0.01848636277697399,189,365,215,226,268,123
1776764263.0609546,20.0,0,-73,73.0,8.880778588807786,0.01848636277697399,189,365,215,226,268,123
1776764263.1406403,20.0,0,-73,73.0,8.880778588807786,0.01848636277697399,189,365,215,226,268,123
1776764263.220739,20.0,0,-73,73.0,8.880778588807786,0.01848636277697399,189,365,215,226,268,123
1776764263.3011112,20.0,0,-73,73.0,8.880778588807786,0.01848636277697399,189,365,215,226,268,123
1776764263.3826299,20.0,0,-73,73.0,8.880778588807786,0.01848636277697399,189,365,215,226,268,123
1776764263.4759035,20.0,0,-73,73.0,8.880778588807786,0.01848636277697399,189,365,215,226,268,123
1776764263.557955,20.0,0,-73,73.0,8.880778588807786,0.01848636277697399,189,365,215,226,268,123
1776764263.6369114,20.0,0,-73,73.0,8.880778588807786,0.01848636277697399,189,365,215,226,268,123
1776764263.7188451,20.0,0,-73,73.0,8.880778588807786,0.01848636277697399,189,365,215,226,268,123
1776764263.797084,20.0,0,-73,73.0,8.880778588807786,0.01848636277697399,189,365,215,226,268,123
1776764263.8793292,20.0,0,-73,73.0,8.880778588807786,0.01848636277697399,189,365,215,226,268,123
1776764263.956867,20.0,0,-73,73.0,8.880778588807786,0.018812302073116398,189,365,215,225,268,123
1776764264.0380428,20.0,0,-73,73.0,8.880778588807786,0.018812302073116398,189,365,215,225,268,123
1776764264.1168919,20.0,0,-73,73.0,8.880778588807786,0.018812302073116398,189,365,215,225,268,123
1776764264.1988237,20.0,0,-73,73.0,8.880778588807786,0.018812302073116398,189,365,215,225,268,123
1776764264.3087049,20.0,0,-73,73.0,8.880778588807786,0.018812302073116398,189,365,215,225,268,123
1776764264.3908622,20.0,0,-73,73.0,8.880778588807786,0.018812302073116398,189,365,215,225,268,123
1776764264.468698,20.0,0,-73,73.0,8.880778588807786,0.018812302073116398,189,365,215,225,268,123
1776764264.54808,20.0,0,-73,73.0,8.880778588807786,0.018812302073116398,189,365,215,225,268,123
1776764264.6295762,20.0,0,-73,73.0,8.880778588807786,0.018812302073116398,189,365,215,225,268,123
1776764264.7092252,20.0,0,-73,73.0,8.880778588807786,0.018812302073116398,189,365,215,225,268,123
1776764264.791304,20.0,0,-73,73.0,8.880778588807786,0.018812302073116398,189,365,215,225,268,123
1776764264.8702502,20.0,0,-73,73.0,8.880778588807786,0.018812302073116398,189,365,215,225,268,123
1776764264.9478905,20.0,0,-73,73.0,8.880778588807786,0.018812302073116398,189,365,215,225,268,123
1776764265.0269396,20.0,0,-73,73.0,8.880778588807786,0.018812302073116398,189,365,215,225,268,123
1776764265.1085677,20.0,0,-73,73.0,8.880778588807786,0.018812302073116398,189,365,215,225,268,123
1776764265.1895325,20.0,0,-73,73.0,8.880778588807786,0.018812302073116398,189,365,215,225,268,123
1776764265.2677288,20.0,0,-73,73.0,8.880778588807786,0.018812302073116398,189,365,215,225,268,123
1776764265.3502047,20.0,0,-73,73.0,8.880778588807786,0.018812302073116398,189,365,215,225,268,123
1776764265.4316583,20.0,0,-73,73.0,8.880778588807786,0.018812302073116398,189,365,215,225,268,123
1776764265.5092504,20.0,0,-73,73.0,8.880778588807786,0.018812302073116398,189,365,215,225,268,123
1776764265.5900452,20.0,0,-73,73.0,8.880778588807786,0.018812302073116398,189,365,215,225,268,123
1776764265.671461,20.0,0,-73,73.0,8.880778588807786,0.018812302073116398,189,365,215,225,268,123
1776764265.74898,20.0,0,-73,73.0,8.880778588807786,0.018812302073116398,189,365,215,225,268,123
1776764265.8296669,20.0,0,-73,73.0,8.880778588807786,0.018812302073116398,189,365,215,225,268,123
1776764265.9091053,20.0,0,-73,73.0,8.880778588807786,0.018812302073116398,189,365,215,225,268,123
1776764265.9903455,20.0,0,-73,73.0,8.880778588807786,0.018812302073116398,189,365,215,225,268,123
1776764266.0717952,20.0,0,-73,73.0,8.880778588807786,0.018812302073116398,189,365,215,225,268,123
1776764266.1484506,20.0,0,-73,73.0,8.880778588807786,0.018812302073116398,189,365,215,225,268,123
1776764266.2298195,20.0,0,-73,73.0,8.880778588807786,0.018812302073116398,189,365,215,225,268,123
1776764266.3084252,20.0,0,-73,73.0,8.880778588807786,0.018812302073116398,189,365,215,225,268,123
1776764266.3897874,20.0,0,-73,73.0,8.880778588807786,0.018812302073116398,189,365,215,225,268,123
1776764266.4697142,20.0,0,-73,73.0,8.880778588807786,0.018812302073116398,189,365,215,225,268,123
1776764266.5511115,20.0,0,-73,73.0,8.880778588807786,0.018812302073116398,189,365,215,225,268,123
1776764266.645112,20.0,0,-73,73.0,8.880778588807786,0.019140446263602322,189,365,215,224,268,123
1776764266.7257092,20.0,0,-73,73.0,8.880778588807786,0.019140446263602322,189,365,215,224,268,123
1776764266.8240654,20.0,0,-74,74.0,9.002433090024331,0.0188206676193148,189,365,215,224,268,122
1776764266.8999436,20.0,0,-74,74.0,9.002433090024331,0.0188206676193148,189,365,215,224,268,122
1776764266.9876957,20.0,0,-74,74.0,9.002433090024331,0.0188206676193148,189,365,215,224,268,122
1776764267.0769858,20.0,0,-74,74.0,9.002433090024331,0.0188206676193148,189,365,215,224,268,122
1776764267.155663,20.0,0,-74,74.0,9.002433090024331,0.0188206676193148,189,365,215,224,268,122
1776764267.2341096,20.0,0,-74,74.0,9.002433090024331,0.0188206676193148,189,365,215,224,268,122
1776764267.315305,20.0,0,-74,74.0,9.002433090024331,0.0188206676193148,189,365,215,224,268,122
1776764267.381574,20.0,0,-74,74.0,9.002433090024331,0.0188206676193148,189,365,215,224,268,122
1776764267.4623666,20.0,0,-74,74.0,9.002433090024331,0.0188206676193148,189,365,215,224,268,122
1776764267.5407565,20.0,0,-74,74.0,9.002433090024331,0.0188206676193148,189,365,215,224,268,122
1776764267.6248093,20.0,0,-74,74.0,9.002433090024331,0.0188206676193148,189,365,215,224,268,122
1776764267.71631,20.0,0,-74,74.0,9.002433090024331,0.0188206676193148,189,365,215,224,268,122
1776764267.798546,20.0,0,-74,74.0,9.002433090024331,0.0188206676193148,189,365,215,224,268,122
1776764267.8782878,20.0,0,-74,74.0,9.002433090024331,0.0188206676193148,189,365,215,224,268,122
1776764267.9591982,20.0,0,-74,74.0,9.002433090024331,0.0188206676193148,189,365,215,224,268,122
1776764268.0696461,20.0,0,-74,74.0,9.002433090024331,0.0188206676193148,189,365,215,224,268,122
1776764268.149165,20.0,0,-74,74.0,9.002433090024331,0.0188206676193148,189,365,215,224,268,122
1776764268.2292228,20.0,0,-74,74.0,9.002433090024331,0.0188206676193148,189,365,215,224,268,122
1776764268.308375,20.0,0,-74,74.0,9.002433090024331,0.0188206676193148,189,365,215,224,268,122
1776764268.3882427,20.0,0,-74,74.0,9.002433090024331,0.0188206676193148,189,365,215,224,268,122
1776764268.4704018,20.0,0,-74,74.0,9.002433090024331,0.0188206676193148,189,365,215,224,268,122
1776764268.549424,20.0,0,-74,74.0,9.002433090024331,0.0188206676193148,189,365,215,224,268,122
1776764268.6294353,20.0,0,-74,74.0,9.002433090024331,0.018365342877325965,189,365,215,224,267,122
1776764268.7095716,20.0,0,-74,74.0,9.002433090024331,0.018365342877325965,189,365,215,224,267,122
1776764268.7905214,20.0,0,-74,74.0,9.002433090024331,0.018365342877325965,189,365,215,224,267,122
1776764268.869813,20.0,0,-74,74.0,9.002433090024331,0.018365342877325965,189,365,215,224,267,122
1776764268.95193,20.0,0,-74,74.0,9.002433090024331,0.018365342877325965,189,365,215,224,267,122
1776764269.0289326,20.0,0,-74,74.0,9.002433090024331,0.018365342877325965,189,365,215,224,267,122
1776764269.1098218,20.0,0,-74,74.0,9.002433090024331,0.018365342877325965,189,365,215,224,267,122
1776764269.1901088,20.0,0,-74,74.0,9.002433090024331,0.018365342877325965,189,365,215,224,267,122
1776764269.2695224,20.0,0,-74,74.0,9.002433090024331,0.018365342877325965,189,365,215,224,267,122
1776764269.3485177,20.0,0,-74,74.0,9.002433090024331,0.018365342877325965,189,365,215,224,267,122
1776764269.433221,20.0,0,-74,74.0,9.002433090024331,0.018365342877325965,189,365,215,224,267,122
1776764269.5095232,20.0,0,-74,74.0,9.002433090024331,0.018365342877325965,189,365,215,224,267,122
1776764269.5877945,20.0,0,-74,74.0,9.002433090024331,0.018365342877325965,189,365,215,224,267,122
1776764269.6702647,20.0,0,-74,74.0,9.002433090024331,0.018365342877325965,189,365,215,224,267,122
1776764269.7487621,20.0,0,-74,74.0,9.002433090024331,0.018365342877325965,189,365,215,224,267,122
1776764269.830737,20.0,0,-74,74.0,9.002433090024331,0.018365342877325965,189,365,215,224,267,122
1776764269.9099119,20.0,0,-74,74.0,9.002433090024331,0.018365342877325965,189,365,215,224,267,122
1776764269.9888105,20.0,0,-74,74.0,9.002433090024331,0.018365342877325965,189,365,215,224,267,122
1776764270.0857692,20.0,0,-74,74.0,9.002433090024331,0.018365342877325965,189,365,215,224,267,122
1776764270.164885,20.0,0,-74,74.0,9.002433090024331,0.018365342877325965,189,365,215,224,267,122
1776764270.2452607,20.0,0,-74,74.0,9.002433090024331,0.018365342877325965,189,365,215,224,267,122
1776764270.325029,20.0,0,-74,74.0,9.002433090024331,0.018365342877325965,189,365,215,224,267,122
1776764270.405451,20.0,0,-74,74.0,9.002433090024331,0.018365342877325965,189,365,215,224,267,122
1776764270.4855325,20.0,0,-74,74.0,9.002433090024331,0.018365342877325965,189,365,215,224,267,122
1776764270.5662954,20.0,0,-74,74.0,9.002433090024331,0.018365342877325965,189,365,215,224,267,122
1776764270.6448088,20.0,0,-74,74.0,9.002433090024331,0.018365342877325965,189,365,215,224,267,122
1776764270.7268798,20.0,0,-74,74.0,9.002433090024331,0.018365342877325965,189,365,215,224,267,122
1776764270.806537,20.0,0,-74,74.0,9.002433090024331,0.018365342877325965,189,365,215,224,267,122
1776764270.8878691,20.0,0,-74,74.0,9.002433090024331,0.018365342877325965,189,365,215,224,267,122
1776764270.982724,20.0,0,-74,74.0,9.002433090024331,0.018365342877325965,189,365,215,224,267,122
1776764271.0833976,20.0,0,-74,74.0,9.002433090024331,0.018365342877325965,189,365,215,224,267,122
1776764271.1577523,20.0,0,-74,74.0,9.002433090024331,0.018365342877325965,189,365,215,224,267,122
1776764271.2368557,20.0,0,-74,74.0,9.002433090024331,0.018365342877325965,189,365,215,224,267,122
1776764271.3158987,20.0,0,-74,74.0,9.002433090024331,0.018365342877325965,189,365,215,224,267,122
1776764271.4126194,20.0,0,-74,74.0,9.002433090024331,0.018365342877325965,189,365,215,224,267,122
1776764271.4945574,20.0,0,-74,74.0,9.002433090024331,0.018365342877325965,189,365,215,224,267,122
1776764271.5881643,20.0,0,-74,74.0,9.002433090024331,0.018365342877325965,189,365,215,224,267,122
1776764271.6678584,20.0,0,-74,74.0,9.002433090024331,0.018365342877325965,189,365,215,224,267,122
1776764271.7481644,20.0,0,-74,74.0,9.002433090024331,0.018365342877325965,189,365,215,224,267,122
1776764271.827266,20.0,0,-74,74.0,9.002433090024331,0.018365342877325965,189,365,215,224,267,122
1776764271.9072585,20.0,0,-74,74.0,9.002433090024331,0.018365342877325965,189,365,215,224,267,122
1776764271.9888945,20.0,0,-74,74.0,9.002433090024331,0.018365342877325965,189,365,215,224,267,122
1776764272.0701752,20.0,0,-74,74.0,9.002433090024331,0.018365342877325965,189,365,215,224,267,122
1776764272.1499922,20.0,0,-74,74.0,9.002433090024331,0.018365342877325965,189,365,215,224,267,122
1776764272.227547,20.0,0,-74,74.0,9.002433090024331,0.018365342877325965,189,365,215,224,267,122
1776764272.3237343,20.0,0,-74,74.0,9.002433090024331,0.018365342877325965,189,365,215,224,267,122
1776764272.4049377,20.0,0,-74,74.0,9.002433090024331,0.018365342877325965,189,365,215,224,267,122
1776764272.4872136,20.0,0,-74,74.0,9.002433090024331,0.018365342877325965,189,365,215,224,267,122
1776764272.5648286,20.0,0,-74,74.0,9.002433090024331,0.018365342877325965,189,365,215,224,267,122
1776764272.644411,20.0,0,-74,74.0,9.002433090024331,0.018365342877325965,189,365,215,224,267,122
1776764272.723996,20.0,0,-74,74.0,9.002433090024331,0.018365342877325965,189,365,215,224,267,122
1776764272.803469,20.0,0,-74,74.0,9.002433090024331,0.018365342877325965,189,365,215,224,267,122
1776764272.8837705,20.0,0,-74,74.0,9.002433090024331,0.018365342877325965,189,365,215,224,267,122
1776764272.9797518,20.0,0,-74,74.0,9.002433090024331,0.018365342877325965,189,365,215,224,267,122
1776764273.0608575,20.0,0,-74,74.0,9.002433090024331,0.018365342877325965,189,365,215,224,267,122
1776764273.1393394,20.0,0,-74,74.0,9.002433090024331,0.018365342877325965,189,365,215,224,267,122
1776764273.2200031,20.0,0,-74,74.0,9.002433090024331,0.018365342877325965,189,365,215,224,267,122
1776764273.3005116,20.0,0,-74,74.0,9.002433090024331,0.018365342877325965,189,365,215,224,267,122
1776764273.3806326,20.0,0,-74,74.0,9.002433090024331,0.018365342877325965,189,365,215,224,267,122
1776764273.4592333,20.0,0,-74,74.0,9.002433090024331,0.018365342877325965,189,365,215,224,267,122
1776764273.539086,20.0,0,-74,74.0,9.002433090024331,0.018365342877325965,189,365,215,224,267,122
1776764273.6204734,20.0,0,-74,74.0,9.002433090024331,0.018365342877325965,189,365,215,224,267,122
1776764273.7022388,20.0,0,-74,74.0,9.002433090024331,0.018365342877325965,189,365,215,224,267,122
1776764273.7817733,20.0,0,-74,74.0,9.002433090024331,0.018365342877325965,189,365,215,224,267,122
1776764273.8600726,20.0,0,-74,74.0,9.002433090024331,0.018365342877325965,189,365,215,224,267,122
1776764273.939733,20.0,0,-74,74.0,9.002433090024331,0.018365342877325965,189,365,215,224,267,122
1776764274.0193198,20.0,0,-74,74.0,9.002433090024331,0.018365342877325965,189,365,215,224,267,122
1776764274.085865,20.0,0,-74,74.0,9.002433090024331,0.018365342877325965,189,365,215,224,267,122
1776764274.1640742,20.0,0,-74,74.0,9.002433090024331,0.018365342877325965,189,365,215,224,267,122
1776764274.2450678,20.0,0,-74,74.0,9.002433090024331,0.018365342877325965,189,365,215,224,267,122
1776764274.3239436,20.0,0,-74,74.0,9.002433090024331,0.018365342877325965,189,365,215,224,267,122
1776764274.4032226,20.0,0,-74,74.0,9.002433090024331,0.018365342877325965,189,365,215,224,267,122
1776764274.467286,20.0,0,-74,74.0,9.002433090024331,0.018365342877325965,189,365,215,224,267,122
1776764274.534028,20.0,0,-74,74.0,9.002433090024331,0.018365342877325965,189,365,215,224,267,122
1776764274.6127143,20.0,0,-74,74.0,9.002433090024331,0.018365342877325965,189,365,215,224,267,122
1776764274.6925068,20.0,0,-74,74.0,9.002433090024331,0.018365342877325965,189,365,215,224,267,122
1776764274.7883728,20.0,0,-74,74.0,9.002433090024331,0.018365342877325965,189,365,215,224,267,122
1776764274.883953,20.0,0,-74,74.0,9.002433090024331,0.018365342877325965,189,365,215,224,267,122
1776764274.952105,20.0,0,-74,74.0,9.002433090024331,0.018365342877325965,189,365,215,224,267,122
1776764275.03012,20.0,0,-74,74.0,9.002433090024331,0.018365342877325965,189,365,215,224,267,122
1776764275.1135762,20.0,0,-74,74.0,9.002433090024331,0.018365342877325965,189,365,215,224,267,122
1776764275.1892715,20.0,0,-74,74.0,9.002433090024331,0.018365342877325965,189,365,215,224,267,122
1776764275.268249,20.0,0,-74,74.0,9.002433090024331,0.018365342877325965,189,365,215,224,267,122
1776764275.3473694,20.0,0,-74,74.0,9.002433090024331,0.018365342877325965,189,365,215,224,267,122
1776764275.4297605,20.0,0,-74,74.0,9.002433090024331,0.018365342877325965,189,365,215,224,267,122
1776764275.5096889,20.0,0,-74,74.0,9.002433090024331,0.018365342877325965,189,365,215,224,267,122
1776764275.5883055,20.0,0,-74,74.0,9.002433090024331,0.018365342877325965,189,365,215,224,267,122
1776764275.6677983,20.0,0,-74,74.0,9.002433090024331,0.018365342877325965,189,365,215,224,267,122
1776764275.7482061,20.0,0,-74,74.0,9.002433090024331,0.018365342877325965,189,365,215,224,267,122
1776764275.8122866,20.0,0,-74,74.0,9.002433090024331,0.017458081907735727,189,365,216,224,267,122
1776764275.8903484,20.0,0,-74,74.0,9.002433090024331,0.017458081907735727,189,365,216,224,267,122
1776764275.9729967,20.0,0,-74,74.0,9.002433090024331,0.017458081907735727,189,365,216,224,267,122
1776764276.0537944,20.0,0,-74,74.0,9.002433090024331,0.017458081907735727,189,365,216,224,267,122
1776764276.1351628,20.0,0,-74,74.0,9.002433090024331,0.017458081907735727,189,365,216,224,267,122
1776764276.211486,20.0,0,-74,74.0,9.002433090024331,0.017458081907735727,189,365,216,224,267,122
1776764276.2906845,20.0,0,-74,74.0,9.002433090024331,0.017458081907735727,189,365,216,224,267,122
1776764276.3905249,20.0,0,-74,74.0,9.002433090024331,0.017458081907735727,189,365,216,224,267,122
1776764276.4846349,20.0,0,-74,74.0,9.002433090024331,0.017458081907735727,189,365,216,224,267,122
1776764276.566448,20.0,0,-74,74.0,9.002433090024331,0.017458081907735727,189,365,216,224,267,122
1776764276.6472497,20.0,0,-74,74.0,9.002433090024331,0.017458081907735727,189,365,216,224,267,122
1776764276.7291107,20.0,0,-74,74.0,9.002433090024331,0.017458081907735727,189,365,216,224,267,122
1776764276.8185036,20.0,0,-74,74.0,9.002433090024331,0.017458081907735727,189,365,216,224,267,122
1776764276.9029105,20.0,0,-74,74.0,9.002433090024331,0.017458081907735727,189,365,216,224,267,122
1776764277.0000196,20.0,0,-74,74.0,9.002433090024331,0.017458081907735727,189,365,216,224,267,122
1776764277.079919,20.0,0,-74,74.0,9.002433090024331,0.017458081907735727,189,365,216,224,267,122
1776764277.173606,20.0,0,-74,74.0,9.002433090024331,0.017458081907735727,189,365,216,224,267,122
1776764277.2537947,20.0,0,-74,74.0,9.002433090024331,0.017458081907735727,189,365,216,224,267,122
1776764277.3328776,20.0,0,-74,74.0,9.002433090024331,0.017458081907735727,189,365,216,224,267,122
1776764277.413884,20.0,0,-74,74.0,9.002433090024331,0.017458081907735727,189,365,216,224,267,122
1776764277.4923663,20.0,0,-74,74.0,9.002433090024331,0.017458081907735727,189,365,216,224,267,122
1776764277.5738437,20.0,0,-74,74.0,9.002433090024331,0.017458081907735727,189,365,216,224,267,122
1776764277.6538184,20.0,0,-74,74.0,9.002433090024331,0.017458081907735727,189,365,216,224,267,122
1776764277.7357945,20.0,0,-74,74.0,9.002433090024331,0.017458081907735727,189,365,216,224,267,122
1776764277.82405,20.0,0,-74,74.0,9.002433090024331,0.017458081907735727,189,365,216,224,267,122
1776764277.9101214,20.0,0,-74,74.0,9.002433090024331,0.017458081907735727,189,365,216,224,267,122
1776764277.9890122,20.0,0,-74,74.0,9.002433090024331,0.017458081907735727,189,365,216,224,267,122
1776764278.069727,20.0,0,-74,74.0,9.002433090024331,0.017458081907735727,189,365,216,224,267,122
1776764278.1490963,20.0,0,-74,74.0,9.002433090024331,0.017458081907735727,189,365,216,224,267,122
1776764278.231551,20.0,0,-74,74.0,9.002433090024331,0.017458081907735727,189,365,216,224,267,122
1776764278.3099065,20.0,0,-74,74.0,9.002433090024331,0.017458081907735727,189,365,216,224,267,122
1776764278.3893795,20.0,0,-74,74.0,9.002433090024331,0.017458081907735727,189,365,216,224,267,122
1776764278.4683492,20.0,0,-74,74.0,9.002433090024331,0.017458081907735727,189,365,216,224,267,122
1776764278.5463521,20.0,0,-74,74.0,9.002433090024331,0.017458081907735727,189,365,216,224,267,122
1776764278.6263256,20.0,0,-74,74.0,9.002433090024331,0.017458081907735727,189,365,216,224,267,122
1776764278.7261393,20.0,0,-74,74.0,9.002433090024331,0.017458081907735727,189,365,216,224,267,122
1776764278.7943542,20.0,0,-74,74.0,9.002433090024331,0.017458081907735727,189,365,216,224,267,122
1776764278.86918,20.0,0,-74,74.0,9.002433090024331,0.017458081907735727,189,365,216,224,267,122
1776764278.950982,20.0,0,-74,74.0,9.002433090024331,0.017458081907735727,189,365,216,224,267,122
1776764279.0292196,20.0,0,-74,74.0,9.002433090024331,0.017783601305614963,189,365,216,223,267,122
1776764279.1093051,20.0,0,-74,74.0,9.002433090024331,0.017783601305614963,189,365,216,223,267,122
1776764279.1898048,20.0,0,-74,74.0,9.002433090024331,0.017783601305614963,189,365,216,223,267,122
1776764279.26827,20.0,0,-74,74.0,9.002433090024331,0.017783601305614963,189,365,216,223,267,122
1776764279.3495207,20.0,0,-74,74.0,9.002433090024331,0.017783601305614963,189,365,216,223,267,122
1776764279.4305477,20.0,0,-74,74.0,9.002433090024331,0.017783601305614963,189,365,216,223,267,122
1776764279.5087836,20.0,0,-74,74.0,9.002433090024331,0.017783601305614963,189,365,216,223,267,122
1776764279.588539,20.0,0,-74,74.0,9.002433090024331,0.017783601305614963,189,365,216,223,267,122
1776764279.6707566,20.0,0,-74,74.0,9.002433090024331,0.017783601305614963,189,365,216,223,267,122
1776764279.7692225,20.0,0,-74,74.0,9.002433090024331,0.017783601305614963,189,365,216,223,267,122
1776764279.8624716,20.0,0,-74,74.0,9.002433090024331,0.017783601305614963,189,365,216,223,267,122
1776764279.9565806,20.0,0,-74,74.0,9.002433090024331,0.017783601305614963,189,365,216,223,267,122
1776764280.0208578,20.0,0,-74,74.0,9.002433090024331,0.017783601305614963,189,365,216,223,267,122
1776764280.0993352,20.0,0,-74,74.0,9.002433090024331,0.017783601305614963,189,365,216,223,267,122
1776764280.1643867,20.0,0,-74,74.0,9.002433090024331,0.017783601305614963,189,365,216,223,267,122
1776764280.2459583,20.0,0,-74,74.0,9.002433090024331,0.017783601305614963,189,365,216,223,267,122
1776764280.324112,20.0,0,-74,74.0,9.002433090024331,0.017783601305614963,189,365,216,223,267,122
1776764280.4061801,20.0,0,-74,74.0,9.002433090024331,0.017783601305614963,189,365,216,223,267,122
1776764280.503319,20.0,0,-74,74.0,9.002433090024331,0.017783601305614963,189,365,216,223,267,122
1776764280.5806851,20.0,0,-74,74.0,9.002433090024331,0.017783601305614963,189,365,216,223,267,122
1776764280.6625257,20.0,0,-74,74.0,9.002433090024331,0.017783601305614963,189,365,216,223,267,122
1776764280.7401738,20.0,0,-74,74.0,9.002433090024331,0.017783601305614963,189,365,216,223,267,122
1776764280.8186078,20.0,0,-74,74.0,9.002433090024331,0.017783601305614963,189,365,216,223,267,122
1776764280.8998394,20.0,0,-74,74.0,9.002433090024331,0.017458081907735727,189,365,216,224,267,122
1776764280.9800215,20.0,0,-74,74.0,9.002433090024331,0.017458081907735727,189,365,216,224,267,122
1776764281.0623515,20.0,0,-74,74.0,9.002433090024331,0.017458081907735727,189,365,216,224,267,122
1776764281.143486,20.0,0,-74,74.0,9.002433090024331,0.017458081907735727,189,365,216,224,267,122
1776764281.2388558,20.0,0,-74,74.0,9.002433090024331,0.017458081907735727,189,365,216,224,267,122
1776764281.316178,20.0,0,-74,74.0,9.002433090024331,0.017458081907735727,189,365,216,224,267,122
1776764281.396935,20.0,0,-74,74.0,9.002433090024331,0.017458081907735727,189,365,216,224,267,122
1776764281.4783192,20.0,0,-74,74.0,9.002433090024331,0.016544354082934115,189,365,217,224,267,122
1776764281.5590136,20.0,0,-74,74.0,9.002433090024331,0.016544354082934115,189,365,217,224,267,122
1776764281.6373901,20.0,0,-74,74.0,9.002433090024331,0.016544354082934115,189,365,217,224,267,122
1776764281.73155,20.0,0,-74,74.0,9.002433090024331,0.016544354082934115,189,365,217,224,267,122
1776764281.8142655,20.0,0,-74,74.0,9.002433090024331,0.016544354082934115,189,365,217,224,267,122
1776764281.8937492,20.0,0,-74,74.0,9.002433090024331,0.016544354082934115,189,365,217,224,267,122
1776764281.9742832,20.0,0,-74,74.0,9.002433090024331,0.016544354082934115,189,365,217,224,267,122
1776764282.0679698,20.0,0,-74,74.0,9.002433090024331,0.016544354082934115,189,365,217,224,267,122
1776764282.1481578,20.0,0,-74,74.0,9.002433090024331,0.016544354082934115,189,365,217,224,267,122
1776764282.2306159,20.0,0,-74,74.0,9.002433090024331,0.016544354082934115,189,365,217,224,267,122
1776764282.3100333,20.0,0,-74,74.0,9.002433090024331,0.016544354082934115,189,365,217,224,267,122
1776764282.3903048,20.0,0,-74,74.0,9.002433090024331,0.016544354082934115,189,365,217,224,267,122
1776764282.468615,20.0,0,-74,74.0,9.002433090024331,0.016544354082934115,189,365,217,224,267,122
1776764282.5500317,20.0,0,-74,74.0,9.002433090024331,0.016544354082934115,189,365,217,224,267,122
1776764282.6289089,20.0,0,-74,74.0,9.002433090024331,0.016544354082934115,189,365,217,224,267,122
1776764282.7093413,20.0,0,-74,74.0,9.002433090024331,0.016544354082934115,189,365,217,224,267,122
1776764282.7908194,20.0,0,-74,74.0,9.002433090024331,0.016544354082934115,189,365,217,224,267,122
1776764282.8687797,20.0,0,-74,74.0,9.002433090024331,0.016544354082934115,189,365,217,224,267,122
1776764282.9500206,20.0,0,-74,74.0,9.002433090024331,0.016544354082934115,189,365,217,224,267,122
1776764283.0286844,20.0,0,-74,74.0,9.002433090024331,0.016544354082934115,189,365,217,224,267,122
1776764283.1072183,20.0,0,-74,74.0,9.002433090024331,0.016544354082934115,189,365,217,224,267,122
1776764283.189686,20.0,0,-74,74.0,9.002433090024331,0.016544354082934115,189,365,217,224,267,122
1776764283.2692416,20.0,0,-74,74.0,9.002433090024331,0.016544354082934115,189,365,217,224,267,122
1776764283.347014,20.0,0,-74,74.0,9.002433090024331,0.016544354082934115,189,365,217,224,267,122
1776764283.4311547,20.0,0,-74,74.0,9.002433090024331,0.016544354082934115,189,365,217,224,267,122
1776764283.5088599,20.0,0,-74,74.0,9.002433090024331,0.016544354082934115,189,365,217,224,267,122
1776764283.603907,20.0,0,-74,74.0,9.002433090024331,0.016544354082934115,189,365,217,224,267,122
1776764283.6858187,20.0,0,-74,74.0,9.002433090024331,0.016544354082934115,189,365,217,224,267,122
1776764283.7693934,20.0,0,-74,74.0,9.002433090024331,0.016544354082934115,189,365,217,224,267,122
1776764283.8476446,20.0,0,-74,74.0,9.002433090024331,0.016544354082934115,189,365,217,224,267,122
1776764283.9255147,20.0,0,-74,74.0,9.002433090024331,0.016544354082934115,189,365,217,224,267,122
1776764284.008558,20.0,0,-74,74.0,9.002433090024331,0.016544354082934115,189,365,217,224,267,122
1776764284.085818,20.0,0,-74,74.0,9.002433090024331,0.016544354082934115,189,365,217,224,267,122
1776764284.164666,20.0,0,-74,74.0,9.002433090024331,0.016544354082934115,189,365,217,224,267,122
1776764284.2474298,20.0,0,-74,74.0,9.002433090024331,0.016544354082934115,189,365,217,224,267,122
1776764284.3263464,20.0,0,-74,74.0,9.002433090024331,0.016544354082934115,189,365,217,224,267,122
1776764284.4043777,20.0,0,-74,74.0,9.002433090024331,0.016544354082934115,189,365,217,224,267,122
1776764284.4858496,20.0,0,-74,74.0,9.002433090024331,0.016544354082934115,189,365,217,224,267,122
1776764284.567471,20.0,0,-74,74.0,9.002433090024331,0.016544354082934115,189,365,217,224,267,122
1776764284.6437466,20.0,0,-74,74.0,9.002433090024331,0.016544354082934115,189,365,217,224,267,122
1776764284.727338,20.0,0,-74,74.0,9.002433090024331,0.016544354082934115,189,365,217,224,267,122
1776764284.805322,20.0,0,-74,74.0,9.002433090024331,0.016544354082934115,189,365,217,224,267,122
1776764284.8862944,20.0,0,-74,74.0,9.002433090024331,0.016544354082934115,189,365,217,224,267,122
1776764284.965825,20.0,0,-74,74.0,9.002433090024331,0.016544354082934115,189,365,217,224,267,122
1776764285.0449145,20.0,0,-74,74.0,9.002433090024331,0.016544354082934115,189,365,217,224,267,122
1776764285.1262999,20.0,0,-74,74.0,9.002433090024331,0.016544354082934115,189,365,217,224,267,122
1776764285.2062325,20.0,0,-74,74.0,9.002433090024331,0.016544354082934115,189,365,217,224,267,122
1776764285.3007016,20.0,0,-74,74.0,9.002433090024331,0.016544354082934115,189,365,217,224,267,122
1776764285.3782306,20.0,0,-74,74.0,9.002433090024331,0.016544354082934115,189,365,217,224,267,122
1776764285.4600344,20.0,0,-74,74.0,9.002433090024331,0.016544354082934115,189,365,217,224,267,122
1776764285.5267794,20.0,0,-74,74.0,9.002433090024331,0.016544354082934115,189,365,217,224,267,122
1776764285.6350605,20.0,0,-74,74.0,9.002433090024331,0.016544354082934115,189,365,217,224,267,122
1776764285.7155154,20.0,0,-74,74.0,9.002433090024331,0.016544354082934115,189,365,217,224,267,122
1776764285.7955751,20.0,0,-74,74.0,9.002433090024331,0.016544354082934115,189,365,217,224,267,122
1776764285.8920932,20.0,0,-74,74.0,9.002433090024331,0.016544354082934115,189,365,217,224,267,122
1776764285.9718559,20.0,0,-74,74.0,9.002433090024331,0.016544354082934115,189,365,217,224,267,122
1776764286.039284,20.0,0,-74,74.0,9.002433090024331,0.016544354082934115,189,365,217,224,267,122
1776764286.1335452,20.0,0,-74,74.0,9.002433090024331,0.016544354082934115,189,365,217,224,267,122
1776764286.2135758,20.0,0,-74,74.0,9.002433090024331,0.016544354082934115,189,365,217,224,267,122
1776764286.2948654,20.0,0,-74,74.0,9.002433090024331,0.016544354082934115,189,365,217,224,267,122
1776764286.3724165,20.0,0,-74,74.0,9.002433090024331,0.016544354082934115,189,365,217,224,267,122
1776764286.45371,20.0,0,-74,74.0,9.002433090024331,0.016544354082934115,189,365,217,224,267,122
1776764286.5347562,20.0,0,-74,74.0,9.002433090024331,0.016544354082934115,189,365,217,224,267,122
1776764286.6130524,20.0,0,-74,74.0,9.002433090024331,0.016544354082934115,189,365,217,224,267,122
1776764286.6926465,20.0,0,-74,74.0,9.002433090024331,0.016544354082934115,189,365,217,224,267,122
1776764286.7750525,20.0,0,-74,74.0,9.002433090024331,0.016544354082934115,189,365,217,224,267,122
1776764286.853263,20.0,0,-74,74.0,9.002433090024331,0.016544354082934115,189,365,217,224,267,122
1776764286.9328465,20.0,0,-74,74.0,9.002433090024331,0.016544354082934115,189,365,217,224,267,122
1776764287.0125544,20.0,0,-74,74.0,9.002433090024331,0.016544354082934115,189,365,217,224,267,122
1776764287.0931633,20.0,0,-74,74.0,9.002433090024331,0.016544354082934115,189,365,217,224,267,122
1776764287.1747313,20.0,0,-74,74.0,9.002433090024331,0.016544354082934115,189,365,217,224,267,122
1776764287.252554,20.0,0,-74,74.0,9.002433090024331,0.016544354082934115,189,365,217,224,267,122
1776764287.3361764,20.0,0,-74,74.0,9.002433090024331,0.016544354082934115,189,365,217,224,267,122
1776764287.4113975,20.0,0,-74,74.0,9.002433090024331,0.016544354082934115,189,365,217,224,267,122
1776764287.4930773,20.0,0,-74,74.0,9.002433090024331,0.016544354082934115,189,365,217,224,267,122
1776764287.5727193,20.0,0,-74,74.0,9.002433090024331,0.016544354082934115,189,365,217,224,267,122
1776764287.651107,20.0,0,-74,74.0,9.002433090024331,0.016544354082934115,189,365,217,224,267,122
1776764287.7331796,20.0,0,-74,74.0,9.002433090024331,0.016544354082934115,189,365,217,224,267,122
