time,pressure_kPa,dx_px,dy_px,tip_disp_px,tip_disp_mm,curvature_1_per_mm,base_x,base_y,mid_x,mid_y,tip_x,tip_y
1776733929.3659582,0.0,0,0,0.0,0.0,0.0220038631013031,285,365,297,310,340,216
1776733929.39435,0.0,0,0,0.0,0.0,0.0220038631013031,285,365,297,310,340,216
1776733929.4148014,0.0,0,0,0.0,0.0,0.0220038631013031,285,365,297,310,340,216
1776733929.4275374,0.0,0,0,0.0,0.0,0.0220038631013031,285,365,297,310,340,216
1776733929.4408133,0.0,0,0,0.0,0.0,0.0220038631013031,285,365,297,310,340,216
1776733929.4568872,0.0,0,0,0.0,0.0,0.0220038631013031,285,365,297,310,340,216
1776733929.4905825,0.0,0,0,0.0,0.0,0.0220038631013031,285,365,297,310,340,216
1776733929.520122,0.0,0,0,0.0,0.0,0.0220038631013031,285,365,297,310,340,216
1776733929.5519795,0.0,0,0,0.0,0.0,0.0220038631013031,285,365,297,310,340,216
1776733929.5846615,0.0,0,0,0.0,0.0,0.0220038631013031,285,365,297,310,340,216
1776733929.6152596,0.0,0,0,0.0,0.0,0.0220038631013031,285,365,297,310,340,216
1776733929.6478703,0.0,0,0,0.0,0.0,0.0220038631013031,285,365,297,310,340,216
1776733929.6810153,0.0,0,0,0.0,0.0,0.0220038631013031,285,365,297,310,340,216
1776733929.7613375,0.0,0,0,0.0,0.0,0.0220038631013031,285,365,297,310,340,216
1776733929.7773776,0.0,0,0,0.0,0.0,0.0220038631013031,285,365,297,310,340,216
1776733929.7939126,0.0,0,0,0.0,0.0,0.0220038631013031,285,365,297,310,340,216
1776733929.8270807,0.0,0,0,0.0,0.0,0.0220038631013031,285,365,297,310,340,216
1776733929.8575325,0.0,0,0,0.0,0.0,0.0220038631013031,285,365,297,310,340,216
1776733929.8900738,0.0,0,0,0.0,0.0,0.0220038631013031,285,365,297,310,340,216
1776733929.924738,0.0,0,0,0.0,0.0,0.0220038631013031,285,365,297,310,340,216
1776733929.9524488,0.0,0,0,0.0,0.0,0.0220038631013031,285,365,297,310,340,216
1776733929.9875748,0.0,0,0,0.0,0.0,0.0220038631013031,285,365,297,310,340,216
1776733930.0157459,0.0,0,0,0.0,0.0,0.0220038631013031,285,365,297,310,340,216
1776733930.049375,0.0,0,0,0.0,0.0,0.0220038631013031,285,365,297,310,340,216
1776733930.0788422,0.0,0,0,0.0,0.0,0.0220038631013031,285,365,297,310,340,216
1776733930.160217,0.0,0,0,0.0,0.0,0.0220038631013031,285,365,297,310,340,216
1776733930.1739695,0.0,0,0,0.0,0.0,0.0220038631013031,285,365,297,310,340,216
1776733930.1944907,0.0,0,0,0.0,0.0,0.0220038631013031,285,365,297,310,340,216
1776733930.227042,0.0,0,0,0.0,0.0,0.0220038631013031,285,365,297,310,340,216
1776733930.2590306,0.0,0,0,0.0,0.0,0.0220038631013031,285,365,297,310,340,216
1776733930.2906947,0.0,0,0,0.0,0.0,0.0220038631013031,285,365,297,310,340,216
1776733930.3233514,0.0,0,0,0.0,0.0,0.0220038631013031,285,365,297,310,340,216
1776733930.3517084,0.0,0,0,0.0,0.0,0.0220038631013031,285,365,297,310,340,216
1776733930.3841584,0.0,0,0,0.0,0.0,0.0220038631013031,285,365,297,310,340,216
1776733930.4195054,0.0,0,0,0.0,0.0,0.0220038631013031,285,365,297,310,340,216
1776733930.448127,0.0,0,0,0.0,0.0,0.0220038631013031,285,365,297,310,340,216
1776733930.4968567,0.0,0,0,0.0,0.0,0.0220038631013031,285,365,297,310,340,216
1776733930.5273013,0.0,0,0,0.0,0.0,0.0220038631013031,285,365,297,310,340,216
1776733930.56384,0.0,0,0,0.0,0.0,0.0220038631013031,285,365,297,310,340,216
1776733930.5977416,0.0,0,0,0.0,0.0,0.0220038631013031,285,365,297,310,340,216
1776733930.6278095,0.0,0,0,0.0,0.0,0.0220038631013031,285,365,297,310,340,216
1776733930.6596923,0.0,0,0,0.0,0.0,0.0220038631013031,285,365,297,310,340,216
1776733930.6899254,0.0,0,0,0.0,0.0,0.0220038631013031,285,365,297,310,340,216
1776733930.719266,0.0,0,0,0.0,0.0,0.0220038631013031,285,365,297,310,340,216
1776733930.7524188,0.0,0,0,0.0,0.0,0.0220038631013031,285,365,297,310,340,216
1776733930.785724,0.0,0,0,0.0,0.0,0.0220038631013031,285,365,297,310,340,216
1776733930.8154337,0.0,0,0,0.0,0.0,0.0220038631013031,285,365,297,310,340,216
1776733930.8470876,0.0,0,0,0.0,0.0,0.0220038631013031,285,365,297,310,340,216
1776733930.8976674,0.0,0,0,0.0,0.0,0.0220038631013031,285,365,297,310,340,216
1776733930.938899,0.0,0,0,0.0,0.0,0.0220038631013031,285,365,297,310,340,216
1776733930.9593165,0.0,0,0,0.0,0.0,0.0220038631013031,285,365,297,310,340,216
1776733930.9944634,0.0,0,0,0.0,0.0,0.0220038631013031,285,365,297,310,340,216
1776733931.0261297,0.0,0,0,0.0,0.0,0.0220038631013031,285,365,297,310,340,216
1776733931.0580919,0.0,0,0,0.0,0.0,0.0220038631013031,285,365,297,310,340,216
1776733931.0883589,0.0,0,0,0.0,0.0,0.0220038631013031,285,365,297,310,340,216
1776733931.12051,0.0,0,0,0.0,0.0,0.0220038631013031,285,365,297,310,340,216
1776733931.1523607,0.0,0,0,0.0,0.0,0.0220038631013031,285,365,297,310,340,216
1776733931.1841793,0.0,0,0,0.0,0.0,0.0220038631013031,285,365,297,310,340,216
1776733931.2168012,0.0,0,0,0.0,0.0,0.0220038631013031,285,365,297,310,340,216
1776733931.248261,0.0,0,0,0.0,0.0,0.0220038631013031,285,365,297,310,340,216
1776733931.2983892,0.0,0,0,0.0,0.0,0.0220038631013031,285,365,297,310,340,216
1776733931.3308663,0.0,0,0,0.0,0.0,0.0220038631013031,285,365,297,310,340,216
1776733931.3620358,0.0,0,0,0.0,0.0,0.0220038631013031,285,365,297,310,340,216
1776733931.3935528,0.0,0,0,0.0,0.0,0.0220038631013031,285,365,297,310,340,216
1776733931.4267519,0.0,0,0,0.0,0.0,0.0220038631013031,285,365,297,310,340,216
1776733931.4578834,0.0,0,0,0.0,0.0,0.0220038631013031,285,365,297,310,340,216
1776733931.4873943,0.0,0,0,0.0,0.0,0.0220038631013031,285,365,297,310,340,216
1776733931.521788,0.0,0,0,0.0,0.0,0.0220038631013031,285,365,297,310,340,216
1776733931.5512934,0.0,0,0,0.0,0.0,0.0220038631013031,285,365,297,310,340,216
1776733931.5847988,0.0,0,0,0.0,0.0,0.0220038631013031,285,365,297,310,340,216
1776733931.6171772,0.0,0,0,0.0,0.0,0.0220038631013031,285,365,297,310,340,216
1776733931.6479778,0.0,0,0,0.0,0.0,0.0220038631013031,285,365,297,310,340,216
1776733931.6979063,0.0,0,0,0.0,0.0,0.0220038631013031,285,365,297,310,340,216
1776733931.7286265,0.0,0,0,0.0,0.0,0.0220038631013031,285,365,297,310,340,216
1776733931.7597528,0.0,0,0,0.0,0.0,0.0220038631013031,285,365,297,310,340,216
1776733931.7965102,0.0,0,0,0.0,0.0,0.0220038631013031,285,365,297,310,340,216
1776733931.8242648,0.0,0,0,0.0,0.0,0.0220038631013031,285,365,297,310,340,216
1776733931.8574917,0.0,0,0,0.0,0.0,0.0220038631013031,285,365,297,310,340,216
1776733931.895968,0.0,0,0,0.0,0.0,0.0220038631013031,285,365,297,310,340,216
1776733931.9237156,0.0,0,0,0.0,0.0,0.0220038631013031,285,365,297,310,340,216
1776733931.952397,0.0,0,0,0.0,0.0,0.0220038631013031,285,365,297,310,340,216
1776733931.9853158,0.0,0,0,0.0,0.0,0.0220038631013031,285,365,297,310,340,216
1776733932.0175502,0.0,0,0,0.0,0.0,0.0220038631013031,285,365,297,310,340,216
1776733932.0654387,0.0,0,0,0.0,0.0,0.0220038631013031,285,365,297,310,340,216
1776733932.0979292,0.0,0,0,0.0,0.0,0.0220038631013031,285,365,297,310,340,216
1776733932.1290271,0.0,0,0,0.0,0.0,0.0220038631013031,285,365,297,310,340,216
1776733932.1615589,0.0,0,0,0.0,0.0,0.0220038631013031,285,365,297,310,340,216
1776733932.1941266,0.0,0,0,0.0,0.0,0.0220038631013031,285,365,297,310,340,216
1776733932.2266808,0.0,0,0,0.0,0.0,0.0220038631013031,285,365,297,310,340,216
1776733932.2587616,0.0,0,0,0.0,0.0,0.0220038631013031,285,365,297,310,340,216
1776733932.2907662,0.0,0,0,0.0,0.0,0.0220038631013031,285,365,297,310,340,216
1776733932.321077,0.0,0,0,0.0,0.0,0.0220038631013031,285,365,297,310,340,216
1776733932.3540905,0.0,0,0,0.0,0.0,0.0220038631013031,285,365,297,310,340,216
1776733932.3855731,0.0,0,0,0.0,0.0,0.0220038631013031,285,365,297,310,340,216
1776733932.4182172,0.0,0,0,0.0,0.0,0.0220038631013031,285,365,297,310,340,216
1776733932.4646375,0.0,0,0,0.0,0.0,0.0220038631013031,285,365,297,310,340,216
1776733932.5012624,0.0,0,0,0.0,0.0,0.0220038631013031,285,365,297,310,340,216
1776733932.530647,0.0,0,0,0.0,0.0,0.0220038631013031,285,365,297,310,340,216
1776733932.5620112,0.0,0,0,0.0,0.0,0.0220038631013031,285,365,297,310,340,216
1776733932.6038976,0.0,0,0,0.0,0.0,0.0220038631013031,285,365,297,310,340,216
1776733932.629093,0.0,0,0,0.0,0.0,0.0220038631013031,285,365,297,310,340,216
1776733932.6596084,0.0,0,0,0.0,0.0,0.0220038631013031,285,365,297,310,340,216
1776733932.6900136,0.0,0,0,0.0,0.0,0.0220038631013031,285,365,297,310,340,216
1776733932.7220998,0.0,0,0,0.0,0.0,0.0220038631013031,285,365,297,310,340,216
1776733932.7559507,0.0,0,0,0.0,0.0,0.0220038631013031,285,365,297,310,340,216
1776733932.7856247,0.0,0,0,0.0,0.0,0.0220038631013031,285,365,297,310,340,216
1776733932.816004,0.0,0,0,0.0,0.0,0.0220038631013031,285,365,297,310,340,216
1776733932.863492,0.0,0,0,0.0,0.0,0.0220038631013031,285,365,297,310,340,216
1776733932.8963635,0.0,0,0,0.0,0.0,0.0220038631013031,285,365,297,310,340,216
1776733932.9295232,0.0,0,0,0.0,0.0,0.0220038631013031,285,365,297,310,340,216
1776733932.965643,0.0,0,0,0.0,0.0,0.0220038631013031,285,365,297,310,340,216
1776733932.9955516,0.0,0,0,0.0,0.0,0.0220038631013031,285,365,297,310,340,216
1776733933.0264027,0.0,0,0,0.0,0.0,0.0220038631013031,285,365,297,310,340,216
1776733933.057213,0.0,0,0,0.0,0.0,0.0220038631013031,285,365,297,310,340,216
1776733933.089492,0.0,0,0,0.0,0.0,0.0220038631013031,285,365,297,310,340,216
1776733933.1225529,0.0,0,0,0.0,0.0,0.0220038631013031,285,365,297,310,340,216
1776733933.1530805,0.0,0,0,0.0,0.0,0.0220038631013031,285,365,297,310,340,216
1776733933.1907501,0.0,0,0,0.0,0.0,0.0220038631013031,285,365,297,310,340,216
1776733933.2322628,0.0,0,0,0.0,0.0,0.0220038631013031,285,365,297,310,340,216
1776733933.2652898,0.0,0,0,0.0,0.0,0.0220038631013031,285,365,297,310,340,216
1776733933.3051507,0.0,0,0,0.0,0.0,0.0220038631013031,285,365,297,310,340,216
1776733933.3281517,0.0,0,0,0.0,0.0,0.0220038631013031,285,365,297,310,340,216
1776733933.3625975,0.0,0,0,0.0,0.0,0.0220038631013031,285,365,297,310,340,216
1776733933.3946304,0.0,0,0,0.0,0.0,0.0220038631013031,285,365,297,310,340,216
1776733933.4263475,0.0,0,0,0.0,0.0,0.0220038631013031,285,365,297,310,340,216
1776733933.460603,0.0,0,0,0.0,0.0,0.0220038631013031,285,365,297,310,340,216
1776733933.4902308,0.0,0,0,0.0,0.0,0.0220038631013031,285,365,297,310,340,216
1776733933.5217524,0.0,0,0,0.0,0.0,0.0220038631013031,285,365,297,310,340,216
1776733933.5551052,0.0,0,0,0.0,0.0,0.0220038631013031,285,365,297,310,340,216
1776733933.589004,0.0,0,0,0.0,0.0,0.0220038631013031,285,365,297,310,340,216
1776733933.64121,0.0,0,0,0.0,0.0,0.0220038631013031,285,365,297,310,340,216
1776733933.6643813,0.0,0,0,0.0,0.0,0.0220038631013031,285,365,297,310,340,216
1776733933.6982195,0.0,0,0,0.0,0.0,0.0220038631013031,285,365,297,310,340,216
1776733933.72937,0.0,0,0,0.0,0.0,0.0220038631013031,285,365,297,310,340,216
1776733933.7621057,0.0,0,0,0.0,0.0,0.0220038631013031,285,365,297,310,340,216
1776733933.7948155,0.0,0,0,0.0,0.0,0.0220038631013031,285,365,297,310,340,216
1776733933.826366,0.0,0,0,0.0,0.0,0.0220038631013031,285,365,297,310,340,216
1776733933.8665855,0.0,0,0,0.0,0.0,0.0220038631013031,285,365,297,310,340,216
1776733933.8922844,0.0,0,0,0.0,0.0,0.0220038631013031,285,365,297,310,340,216
1776733933.9234405,0.32400000000000007,0,0,0.0,0.0,0.0220038631013031,285,365,297,310,340,216
1776733933.9523804,0.32400000000000007,0,0,0.0,0.0,0.0220038631013031,285,365,297,310,340,216
1776733933.9845881,0.5304000000000001,0,0,0.0,0.0,0.0220038631013031,285,365,297,310,340,216
1776733934.0380707,0.6382400000000001,0,0,0.0,0.0,0.0220038631013031,285,365,297,310,340,216
1776733934.065508,0.6382400000000001,0,0,0.0,0.0,0.0220038631013031,285,365,297,310,340,216
1776733934.0977046,0.670944,0,0,0.0,0.0,0.0220038631013031,285,365,297,310,340,216
1776733934.1291246,0.670944,0,0,0.0,0.0,0.0220038631013031,285,365,297,310,340,216
1776733934.162596,0.6425664,0,0,0.0,0.0,0.0220038631013031,285,365,297,310,340,216
1776733934.1971507,0.6425664,0,0,0.0,0.0,0.0220038631013031,285,365,297,310,340,216
1776733934.2310739,0.68553984,0,0,0.0,0.0,0.0220038631013031,285,365,297,310,340,216
1776733934.2639816,0.6713239040000001,0,0,0.0,0.0,0.0220038631013031,285,365,297,310,340,216
1776733934.2885747,0.6713239040000001,0,0,0.0,0.0,0.0220038631013031,285,365,297,310,340,216
1776733934.3205938,0.7467943424000001,0,0,0.0,0.0,0.0220038631013031,285,365,297,310,340,216
1776733934.3546257,0.7467943424000001,0,0,0.0,0.0,0.0220038631013031,285,365,297,310,340,216
1776733934.3841546,0.7720766054400001,0,0,0.0,0.0,0.0220038631013031,285,365,297,310,340,216
1776733934.4350019,0.7632459632640001,0,0,0.0,0.0,0.0220038631013031,285,365,297,310,340,216
1776733934.4657474,0.7632459632640001,0,0,0.0,0.0,0.0220038631013031,285,365,297,310,340,216
1776733934.4979374,0.7099475779584,0,0,0.0,0.0,0.0220038631013031,285,365,297,310,340,216
1776733934.5293274,0.7099475779584,0,0,0.0,0.0,0.0220038631013031,285,365,297,310,340,216
1776733934.5622861,0.76196854677504,0,0,0.0,0.0,0.0220038631013031,285,365,297,310,340,216
1776733934.594146,0.76196854677504,0,0,0.0,0.0,0.0220038631013031,285,365,297,310,340,216
1776733934.6277697,0.8011811280650241,0,0,0.0,0.0,0.0220038631013031,285,365,297,310,340,216
1776733934.6618164,0.8527086768390144,0,0,0.0,0.0,0.0220038631013031,285,365,297,310,340,216
1776733934.6894193,0.8527086768390144,0,0,0.0,0.0,0.0220038631013031,285,365,297,310,340,216
1776733934.7214847,0.8396252061034086,0,0,0.0,0.0,0.0220038631013031,285,365,297,310,340,216
1776733934.7535095,0.8396252061034086,0,0,0.0,0.0,0.0220038631013031,285,365,297,310,340,216
1776733934.8020918,0.8637751236620452,0,0,0.0,0.0,0.0220038631013031,285,365,297,310,340,216
1776733934.8338892,0.8742650741972271,0,0,0.0,0.0,0.0220038631013031,285,365,297,310,340,216
1776733934.8644834,0.8742650741972271,0,0,0.0,0.0,0.0220038631013031,285,365,297,310,340,216
1776733934.8957446,0.8085590445183362,0,0,0.0,0.0,0.0220038631013031,285,365,297,310,340,216
1776733934.928119,0.8085590445183362,0,0,0.0,0.0,0.0220038631013031,285,365,297,310,340,216
1776733934.9622076,0.8531354267110017,0,0,0.0,0.0,0.0220038631013031,285,365,297,310,340,216
1776733934.998882,0.7758812560266011,0,0,0.0,0.0,0.0220038631013031,285,365,297,310,340,216
1776733935.0271232,0.7758812560266011,0,0,0.0,0.0,0.0220038631013031,285,365,297,310,340,216
1776733935.0593264,0.8415287536159606,0,0,0.0,0.0,0.0220038631013031,285,365,297,310,340,216
1776733935.0917046,0.8415287536159606,0,0,0.0,0.0,0.0220038631013031,285,365,297,310,340,216
1776733935.1210663,0.8289172521695763,0,0,0.0,0.0,0.0220038631013031,285,365,297,310,340,216
1776733935.15286,0.8289172521695763,0,0,0.0,0.0,0.0220038631013031,285,365,297,310,340,216
1776733935.1987948,0.7813503513017457,0,0,0.0,0.0,0.0220038631013031,285,365,297,310,340,216
1776733935.2316697,0.4688102107810474,0,0,0.0,0.0,0.0220038631013031,285,365,297,310,340,216
1776733935.265281,0.4688102107810474,0,0,0.0,0.0,0.0220038631013031,285,365,297,310,340,216
1776733935.2961588,0.5972861264686284,0,0,0.0,0.0,0.0220038631013031,285,365,297,310,340,216
1776733935.3277183,0.5972861264686284,0,0,0.0,0.0,0.0220038631013031,285,365,297,310,340,216
1776733935.3619885,0.6903716758811771,0,0,0.0,0.0,0.0220038631013031,285,365,297,310,340,216
1776733935.3946073,0.7662230055287063,0,0,0.0,0.0,0.0220038631013031,285,365,297,310,340,216
1776733935.42639,0.7662230055287063,0,0,0.0,0.0,0.0220038631013031,285,365,297,310,340,216
1776733935.460873,0.7597338033172238,0,0,0.0,0.0,0.0220038631013031,285,365,297,310,340,216
1776733935.4918633,0.7597338033172238,0,0,0.0,0.0,0.0220038631013031,285,365,297,310,340,216
1776733935.5225902,0.7918402819903343,0,0,0.0,0.0,0.0220038631013031,285,365,297,310,340,216
1776733935.5534825,0.7918402819903343,0,0,0.0,0.0,0.0220038631013031,285,365,297,310,340,216
1776733935.6012752,0.8671041691942005,0,0,0.0,0.0,0.0220038631013031,285,365,297,310,340,216
1776733935.6331983,0.8322625015165204,0,0,0.0,0.0,0.0220038631013031,285,365,297,310,340,216
1776733935.6647658,0.8322625015165204,0,0,0.0,0.0,0.0220038631013031,285,365,297,310,340,216
1776733935.6987045,0.8713575009099123,0,0,0.0,0.0,0.0220038631013031,285,365,297,310,340,216
1776733935.7310965,0.8628145005459473,0,0,0.0,0.0,0.0220038631013031,285,365,297,310,340,216
1776733935.7603343,0.8628145005459473,0,0,0.0,0.0,0.0220038631013031,285,365,297,310,340,216
1776733935.7956135,0.9336887003275685,0,0,0.0,0.0,0.0220038631013031,285,365,297,310,340,216
1776733935.8228123,0.9336887003275685,0,0,0.0,0.0,0.0220038631013031,285,365,297,310,340,216
1776733935.8598583,0.8682132201965411,0,0,0.0,0.0,0.0220038631013031,285,365,297,310,340,216
1776733935.8976421,0.7969279321179246,0,0,0.0,0.0,0.0220038631013031,285,365,297,310,340,216
1776733935.9220243,0.7969279321179246,0,0,0.0,0.0,0.0220038631013031,285,365,297,310,340,216
1776733935.9696755,0.8861567592707548,0,0,0.0,0.0,0.0220038631013031,285,365,297,310,340,216
1776733936.0122457,0.8836940555624528,0,0,0.0,0.0,0.0220038631013031,285,365,297,310,340,216
1776733936.0311506,0.8836940555624528,0,0,0.0,0.0,0.0220038631013031,285,365,297,310,340,216
1776733936.069995,0.8742164333374718,0,0,0.0,0.0,0.0220038631013031,285,365,297,310,340,216
1776733936.096268,0.8742164333374718,0,0,0.0,0.0,0.0220038631013031,285,365,297,310,340,216
1776733936.1339607,0.8525298600024831,0,0,0.0,0.0,0.0220038631013031,285,365,297,310,340,216
1776733936.1593547,0.8525298600024831,0,0,0.0,0.0,0.0220038631013031,285,365,297,310,340,216
1776733936.1944315,0.8635179160014899,0,0,0.0,0.0,0.0220038631013031,285,365,297,310,340,216
1776733936.2257378,0.8635179160014899,0,0,0.0,0.0,0.0220038631013031,285,365,297,310,340,216
1776733936.260121,0.9381107496008939,0,0,0.0,0.0,0.0220038631013031,285,365,297,310,340,216
1776733936.2949994,0.9108664497605363,0,0,0.0,0.0,0.0220038631013031,285,365,297,310,340,216
1776733936.3196917,0.9108664497605363,0,0,0.0,0.0,0.0220038631013031,285,365,297,310,340,216
1776733936.3681455,0.8905198698563217,0,0,0.0,0.0,0.0220038631013031,285,365,297,310,340,216
1776733936.400181,0.8905198698563217,0,0,0.0,0.0,0.0220038631013031,285,365,297,310,340,216
1776733936.4326954,0.942311921913793,0,0,0.0,0.0,0.0220038631013031,285,365,297,310,340,216
1776733936.4653847,0.9453871531482758,0,0,0.0,0.0,0.0220038631013031,285,365,297,310,340,216
1776733936.4976826,0.9453871531482758,0,0,0.0,0.0,0.0220038631013031,285,365,297,310,340,216
1776733936.5300267,0.9392322918889655,0,0,0.0,0.0,0.0220038631013031,285,365,297,310,340,216
1776733936.5625467,0.9392322918889655,0,0,0.0,0.0,0.0220038631013031,285,365,297,310,340,216
1776733936.5930681,0.9915393751333793,0,0,0.0,0.0,0.0220038631013031,285,365,297,310,340,216
1776733936.6241262,0.9915393751333793,0,0,0.0,0.0,0.0220038631013031,285,365,297,310,340,216
1776733936.6594856,0.9549236250800277,0,0,0.0,0.0,0.0220038631013031,285,365,297,310,340,216
1776733936.691246,0.9089541750480166,0,0,0.0,0.0,0.0220038631013031,285,365,297,310,340,216
1776733936.7216883,0.9089541750480166,0,0,0.0,0.0,0.0220038631013031,285,365,297,310,340,216
1776733936.7676315,0.94537250502881,0,0,0.0,0.0,0.0220038631013031,285,365,297,310,340,216
1776733936.8031669,0.939223503017286,0,0,0.0,0.0,0.0220038631013031,285,365,297,310,340,216
1776733936.8321302,0.939223503017286,0,0,0.0,0.0,0.0220038631013031,285,365,297,310,340,216
1776733936.8672771,0.9675341018103716,0,0,0.0,0.0,0.0220038631013031,285,365,297,310,340,216
1776733936.8977392,0.9675341018103716,0,0,0.0,0.0,0.0220038631013031,285,365,297,310,340,216
1776733936.930415,0.9645204610862229,0,0,0.0,0.0,0.0220038631013031,285,365,297,310,340,216
1776733936.9620779,0.9645204610862229,0,0,0.0,0.0,0.0220038631013031,285,365,297,310,340,216
1776733936.9948988,0.9987122766517338,0,0,0.0,0.0,0.0220038631013031,285,365,297,310,340,216
1776733937.028221,0.9912273659910402,0,0,0.0,0.0,0.0220038631013031,285,365,297,310,340,216
1776733937.062013,0.9912273659910402,0,0,0.0,0.0,0.0220038631013031,285,365,297,310,340,216
1776733937.0928614,0.9467364195946242,0,0,0.0,0.0,0.0220038631013031,285,365,297,310,340,216
1776733937.1206162,0.9467364195946242,0,0,0.0,0.0,0.0220038631013031,285,365,297,310,340,216
1776733937.170123,0.9280418517567746,0,0,0.0,0.0,0.0220038631013031,285,365,297,310,340,216
1776733937.2021873,0.9168251110540648,0,0,0.0,0.0,0.0220038631013031,285,365,297,310,340,216
1776733937.232226,0.9168251110540648,0,0,0.0,0.0,0.0220038631013031,285,365,297,310,340,216
1776733937.2644362,0.9620950666324389,0,0,0.0,0.0,0.0220038631013031,285,365,297,310,340,216
1776733937.295838,0.9620950666324389,0,0,0.0,0.0,0.0220038631013031,285,365,297,310,340,216
1776733937.32891,0.9532570399794633,0,0,0.0,0.0,0.0220038631013031,285,365,297,310,340,216
1776733937.361343,0.9532570399794633,0,0,0.0,0.0,0.0220038631013031,285,365,297,310,340,216
1776733937.392605,0.9399542239876779,0,0,0.0,0.0,0.0220038631013031,285,365,297,310,340,216
1776733937.4251084,0.9239725343926068,0,0,0.0,0.0,0.0220038631013031,285,365,297,310,340,216
1776733937.458438,0.9239725343926068,0,0,0.0,0.0,0.0220038631013031,285,365,297,310,340,216
1776733937.4925303,0.8743835206355641,0,0,0.0,0.0,0.0220038631013031,285,365,297,310,340,216
1776733937.5381572,0.8806301123813385,0,0,0.0,0.0,0.0220038631013031,285,365,297,310,340,216
1776733937.5695708,0.8806301123813385,0,0,0.0,0.0,0.0220038631013031,285,365,297,310,340,216
1776733937.6025724,1.1643780674288031,0,0,0.0,0.0,0.0220038631013031,285,365,297,310,340,216
1776733937.6317787,1.1643780674288031,0,0,0.0,0.0,0.0220038631013031,285,365,297,310,340,216
1776733937.6651924,1.238626840457282,0,0,0.0,0.0,0.0220038631013031,285,365,297,310,340,216
1776733937.6960733,1.238626840457282,0,0,0.0,0.0,0.0220038631013031,285,365,297,310,340,216
1776733937.7345147,1.1511761042743691,0,0,0.0,0.0,0.0220038631013031,285,365,297,310,340,216
1776733937.7613463,1.0467056625646214,0,0,0.0,0.0,0.0220038631013031,285,365,297,310,340,216
1776733937.793834,1.0467056625646214,0,0,0.0,0.0,0.0220038631013031,285,365,297,310,340,216
1776733937.8248534,0.9840233975387729,0,0,0.0,0.0,0.0220038631013031,285,365,297,310,340,216
1776733937.8580124,0.9840233975387729,0,0,0.0,0.0,0.0220038631013031,285,365,297,310,340,216
1776733937.8922482,1.1544140385232637,0,0,0.0,0.0,0.0220038631013031,285,365,297,310,340,216
1776733937.9367585,1.3726484231139584,0,0,0.0,0.0,0.0220038631013031,285,365,297,310,340,216
1776733937.9684892,1.3726484231139584,0,0,0.0,0.0,0.0220038631013031,285,365,297,310,340,216
1776733937.9998395,0.823589053868375,0,0,0.0,0.0,0.0220038631013031,285,365,297,310,340,216
1776733938.0327044,0.823589053868375,0,0,0.0,0.0,0.0220038631013031,285,365,297,310,340,216
1776733938.0648081,0.494153432321025,0,0,0.0,0.0,0.0220038631013031,285,365,297,310,340,216
1776733938.0972614,1.388492059392615,0,0,0.0,0.0,0.0220038631013031,285,365,297,310,340,216
1776733938.1274083,1.388492059392615,0,0,0.0,0.0,0.0220038631013031,285,365,297,310,340,216
1776733938.1601574,1.7210952356355693,0,0,0.0,0.0,0.0220038631013031,285,365,297,310,340,216
1776733938.1912458,1.7210952356355693,0,0,0.0,0.0,0.0220038631013031,285,365,297,310,340,216
1776733938.2236955,1.6726571413813416,0,0,0.0,0.0,0.0220038631013031,285,365,297,310,340,216
1776733938.2579274,1.6726571413813416,0,0,0.0,0.0,0.0220038631013031,285,365,297,310,340,216
1776733938.2902853,1.615594284828805,0,0,0.0,0.0,0.0220038631013031,285,365,297,310,340,216
1776733938.336784,1.785356570897283,0,0,0.0,0.0,0.0220038631013031,285,365,297,310,340,216
1776733938.3676844,1.785356570897283,0,0,0.0,0.0,0.0220038631013031,285,365,297,310,340,216
1776733938.4007986,1.8872139425383698,0,0,0.0,0.0,0.0220038631013031,285,365,297,310,340,216
1776733938.4326315,1.8872139425383698,0,0,0.0,0.0,0.0220038631013031,285,365,297,310,340,216
1776733938.4638398,1.5083283655230217,0,0,0.0,0.0,0.0220038631013031,285,365,297,310,340,216
1776733938.4955065,1.6529970193138133,0,0,0.0,0.0,0.0220038631013031,285,365,297,310,340,216
1776733938.5286107,1.6529970193138133,0,0,0.0,0.0,0.0220038631013031,285,365,297,310,340,216
1776733938.5623004,1.607798211588288,0,0,0.0,0.0,0.0220038631013031,285,365,297,310,340,216
1776733938.591084,1.607798211588288,0,0,0.0,0.0,0.0220038631013031,285,365,297,310,340,216
1776733938.6234467,1.5486789269529728,0,0,0.0,0.0,0.0220038631013031,285,365,297,310,340,216
1776733938.657253,1.5486789269529728,0,0,0.0,0.0,0.0220038631013031,285,365,297,310,340,216
1776733938.70477,1.6372073561717837,0,0,0.0,0.0,0.0220038631013031,285,365,297,310,340,216
1776733938.7384264,1.5703244137030703,0,0,0.0,0.0,0.0220038631013031,285,365,297,310,340,216
1776733938.7770739,1.6061946482218423,0,0,0.0,0.0,0.0220038631013031,285,365,297,310,340,216
1776733938.799166,1.6061946482218423,0,0,0.0,0.0,0.0220038631013031,285,365,297,310,340,216
1776733938.832479,1.6317167889331055,0,0,0.0,0.0,0.0220038631013031,285,365,297,310,340,216
1776733938.864198,1.6317167889331055,0,0,0.0,0.0,0.0220038631013031,285,365,297,310,340,216
1776733938.8970964,1.5870300733598635,0,0,0.0,0.0,0.0220038631013031,285,365,297,310,340,216
1776733938.931474,1.5870300733598635,0,0,0.0,0.0,0.0220038631013031,285,365,297,310,340,216
1776733938.9586408,1.668218044015918,0,0,0.0,0.0,0.0220038631013031,285,365,297,310,340,216
1776733938.9911745,1.668218044015918,0,0,0.0,0.0,0.0220038631013031,285,365,297,310,340,216
1776733939.024792,1.6729308264095506,0,0,0.0,0.0,0.0220038631013031,285,365,297,310,340,216
1776733939.0575347,1.7597584958457304,0,0,0.0,0.0,0.0220038631013031,285,365,297,310,340,216
1776733939.106472,1.7597584958457304,0,0,0.0,0.0,0.0220038631013031,285,365,297,310,340,216
1776733939.136973,1.647855097507438,0,0,0.0,0.0,0.0220038631013031,285,365,297,310,340,216
1776733939.170252,1.7607130585044628,0,0,0.0,0.0,0.0220038631013031,285,365,297,310,340,216
1776733939.2018428,1.7607130585044628,0,0,0.0,0.0,0.0220038631013031,285,365,297,310,340,216
1776733939.2384222,1.8044278351026777,0,0,0.0,0.0,0.0220038631013031,285,365,297,310,340,216
1776733939.2624924,1.8044278351026777,0,0,0.0,0.0,0.0220038631013031,285,365,297,310,340,216
1776733939.2963862,1.8106567010616068,0,0,0.0,0.0,0.0220038631013031,285,365,297,310,340,216
1776733939.338272,1.926394020636964,0,0,0.0,0.0,0.0220038631013031,285,365,297,310,340,216
1776733939.3604581,1.926394020636964,0,0,0.0,0.0,0.0220038631013031,285,365,297,310,340,216
1776733939.3957858,1.9838364123821783,0,0,0.0,0.0,0.0220038631013031,285,365,297,310,340,216
1776733939.4248934,1.9838364123821783,0,0,0.0,0.0,0.0220038631013031,285,365,297,310,340,216
1776733939.4576929,2.118301847429307,0,0,0.0,0.0,0.0220038631013031,285,365,297,310,340,216
1776733939.5104594,2.262981108457584,0,0,0.0,0.0,0.0220038631013031,285,365,297,310,340,216
1776733939.5385227,2.262981108457584,0,0,0.0,0.0,0.0220038631013031,285,365,297,310,340,216
1776733939.5708473,2.2897886650745507,0,0,0.0,0.0,0.0220038631013031,285,365,297,310,340,216
1776733939.6000924,2.2897886650745507,0,0,0.0,0.0,0.0220038631013031,285,365,297,310,340,216
1776733939.631306,2.4218731990447306,0,0,0.0,0.0,0.0220038631013031,285,365,297,310,340,216
1776733939.6629667,2.4218731990447306,0,0,0.0,0.0,0.0220038631013031,285,365,297,310,340,216
1776733939.6948147,2.5651239194268385,0,0,0.0,0.0,0.0220038631013031,285,365,297,310,340,216
1776733939.7355685,2.6790743516561033,0,0,0.0,0.0,0.0220038631013031,285,365,297,310,340,216
1776733939.7605386,2.6790743516561033,0,0,0.0,0.0,0.0220038631013031,285,365,297,310,340,216
1776733939.7921257,2.923444610993662,0,0,0.0,0.0,0.0220038631013031,285,365,297,310,340,216
1776733939.8251927,2.923444610993662,0,0,0.0,0.0,0.0220038631013031,285,365,297,310,340,216
1776733939.872117,3.134066766596197,0,0,0.0,0.0,0.0220038631013031,285,365,297,310,340,216
1776733939.9086814,3.388440059957718,0,0,0.0,0.0,0.0220038631013031,285,365,297,310,340,216
1776733939.9389598,3.388440059957718,0,0,0.0,0.0,0.0220038631013031,285,365,297,310,340,216
1776733939.9694934,3.565064035974631,0,0,0.0,0.0,0.0220038631013031,285,365,297,310,340,216
1776733939.9998717,3.565064035974631,0,0,0.0,0.0,0.0220038631013031,285,365,297,310,340,216
1776733940.0322013,3.7070384215847785,0,0,0.0,0.0,0.0220038631013031,285,365,297,310,340,216
1776733940.064276,3.7070384215847785,0,0,0.0,0.0,0.0220038631013031,285,365,297,310,340,216
1776733940.0955713,3.796223052950867,0,0,0.0,0.0,0.0220038631013031,285,365,297,310,340,216
1776733940.1305122,3.84573383177052,0,0,0.0,0.0,0.0220038631013031,285,365,297,310,340,216
1776733940.1604946,3.84573383177052,0,0,0.0,0.0,0.0220038631013031,285,365,297,310,340,216
1776733940.1937115,3.943440299062312,0,0,0.0,0.0,0.0220038631013031,285,365,297,310,340,216
1776733940.2258554,3.943440299062312,0,0,0.0,0.0,0.0220038631013031,285,365,297,310,340,216
1776733940.2710667,4.0420641794373875,0,0,0.0,0.0,0.0220038631013031,285,365,297,310,340,216
1776733940.307592,4.025238507662433,0,0,0.0,0.0,0.0220038631013031,285,365,297,310,340,216
1776733940.3377633,4.025238507662433,0,0,0.0,0.0,0.0220038631013031,285,365,297,310,340,216
1776733940.368587,4.035143104597459,0,0,0.0,0.0,0.0220038631013031,285,365,297,310,340,216
1776733940.4010317,4.035143104597459,0,0,0.0,0.0,0.0220038631013031,285,365,297,310,340,216
1776733940.4328756,4.029085862758476,0,0,0.0,0.0,0.0220038631013031,285,365,297,310,340,216
1776733940.4685555,3.9534515176550853,0,0,0.0,0.0,0.0220038631013031,285,365,297,310,340,216
1776733940.4953098,3.9534515176550853,0,0,0.0,0.0,0.0220038631013031,285,365,297,310,340,216
1776733940.5300965,3.996070910593051,0,0,0.0,0.0,0.0220038631013031,285,365,297,310,340,216
1776733940.5608554,3.996070910593051,0,0,0.0,0.0,0.0220038631013031,285,365,297,310,340,216
1776733940.5941951,3.9376425463558307,0,0,0.0,0.0,0.0220038631013031,285,365,297,310,340,216
1776733940.623258,3.9376425463558307,0,0,0.0,0.0,0.0220038631013031,285,365,297,310,340,216
1776733940.6720984,3.9345855278134985,0,0,0.0,0.0,0.0220038631013031,285,365,297,310,340,216
1776733940.705227,3.940751316688099,0,0,0.0,0.0,0.0220038631013031,285,365,297,310,340,216
1776733940.7373352,3.940751316688099,0,0,0.0,0.0,0.0220038631013031,285,365,297,310,340,216
1776733940.7704494,3.8684507900128593,0,0,0.0,0.0,0.0220038631013031,285,365,297,310,340,216
1776733940.8047357,3.8690704740077155,0,0,0.0,0.0,0.0220038631013031,285,365,297,310,340,216
1776733940.8316426,3.8690704740077155,0,0,0.0,0.0,0.0220038631013031,285,365,297,310,340,216
1776733940.863515,3.8934422844046295,0,0,0.0,0.0,0.0220038631013031,285,365,297,310,340,216
1776733940.8970103,3.8934422844046295,0,0,0.0,0.0,0.0220038631013031,285,365,297,310,340,216
1776733940.9539814,3.8720653706427774,0,0,0.0,0.0,0.0220038631013031,285,365,297,310,340,216
1776733940.97656,3.8752392223856664,0,0,0.0,0.0,0.0220038631013031,285,365,297,310,340,216
1776733940.994197,3.8752392223856664,0,0,0.0,0.0,0.0220038631013031,285,365,297,310,340,216
1776733941.0240119,3.8752392223856664,0,0,0.0,0.0,0.0220038631013031,285,365,297,310,340,216
1776733941.0726173,3.8851435334313997,0,0,0.0,0.0,0.0220038631013031,285,365,297,310,340,216
1776733941.105772,3.89108612005884,0,0,0.0,0.0,0.0220038631013031,285,365,297,310,340,216
1776733941.1377666,3.89108612005884,0,0,0.0,0.0,0.0220038631013031,285,365,297,310,340,216
1776733941.167499,3.854651672035304,0,0,0.0,0.0,0.0220038631013031,285,365,297,310,340,216
1776733941.20191,3.8007910032211827,0,0,0.0,0.0,0.0220038631013031,285,365,297,310,340,216
1776733941.232231,3.8007910032211827,0,0,0.0,0.0,0.0220038631013031,285,365,297,310,340,216
1776733941.2640235,3.8524746019327094,0,0,0.0,0.0,0.0220038631013031,285,365,297,310,340,216
1776733941.2990918,3.8524746019327094,0,0,0.0,0.0,0.0220038631013031,285,365,297,310,340,216
1776733941.3289058,3.8314847611596257,0,0,0.0,0.0,0.0220038631013031,285,365,297,310,340,216
1776733941.3619287,3.8314847611596257,0,0,0.0,0.0,0.0220038631013031,285,365,297,310,340,216
1776733941.3931289,3.8628908566957754,0,0,0.0,0.0,0.0220038631013031,285,365,297,310,340,216
1776733941.4413087,3.8817345140174653,0,0,0.0,0.0,0.0220038631013031,285,365,297,310,340,216
1776733941.4739063,3.8817345140174653,0,0,0.0,0.0,0.0220038631013031,285,365,297,310,340,216
1776733941.506937,3.781040708410479,0,0,0.0,0.0,0.0220038631013031,285,365,297,310,340,216
1776733941.5376647,3.8086244250462875,0,0,0.0,0.0,0.0220038631013031,285,365,297,310,340,216
1776733941.5681121,3.8086244250462875,0,0,0.0,0.0,0.0220038631013031,285,365,297,310,340,216
1776733941.599869,3.8211746550277725,0,0,0.0,0.0,0.0220038631013031,285,365,297,310,340,216
1776733941.6327395,3.8211746550277725,0,0,0.0,0.0,0.0220038631013031,285,365,297,310,340,216
1776733941.6654153,3.8087047930166635,0,0,0.0,0.0,0.0220038631013031,285,365,297,310,340,216
1776733941.6958363,3.8087047930166635,0,0,0.0,0.0,0.0220038631013031,285,365,297,310,340,216
1776733941.7280855,3.897222875809998,0,0,0.0,0.0,0.0220038631013031,285,365,297,310,340,216
1776733941.7630086,3.890333725485999,0,0,0.0,0.0,0.0220038631013031,285,365,297,310,340,216
1776733941.7920942,3.890333725485999,0,0,0.0,0.0,0.0220038631013031,285,365,297,310,340,216
1776733941.8396513,3.874200235291599,0,0,0.0,0.0,0.0220038631013031,285,365,297,310,340,216
1776733941.8728266,3.874200235291599,0,0,0.0,0.0,0.0220038631013031,285,365,297,310,340,216
1776733941.9068754,3.7365201411749593,0,0,0.0,0.0,0.0220038631013031,285,365,297,310,340,216
1776733941.946395,3.729912084704976,0,0,0.0,0.0,0.0220038631013031,285,365,297,310,340,216
1776733941.9683661,3.729912084704976,0,0,0.0,0.0,0.0220038631013031,285,365,297,310,340,216
1776733941.998655,3.7739472508229857,0,0,0.0,0.0,0.0220038631013031,285,365,297,310,340,216
1776733942.0316157,3.7739472508229857,0,0,0.0,0.0,0.0220038631013031,285,365,297,310,340,216
1776733942.063946,3.7883683504937915,0,0,0.0,0.0,0.0220038631013031,285,365,297,310,340,216
1776733942.0967658,3.7883683504937915,0,0,0.0,0.0,0.0220038631013031,285,365,297,310,340,216
1776733942.1275105,3.889021010296275,0,0,0.0,0.0,0.0220038631013031,285,365,297,310,340,216
1776733942.1619005,3.869412606177765,0,0,0.0,0.0,0.0220038631013031,285,365,297,310,340,216
1776733942.194161,3.869412606177765,0,0,0.0,0.0,0.0220038631013031,285,365,297,310,340,216
1776733942.2417886,3.8416475637066587,0,0,0.0,0.0,0.0220038631013031,285,365,297,310,340,216
1776733942.2756736,3.856988538223995,0,0,0.0,0.0,0.0220038631013031,285,365,297,310,340,216
1776733942.3063319,3.856988538223995,0,0,0.0,0.0,0.0220038631013031,285,365,297,310,340,216
1776733942.338658,3.846193122934397,0,0,0.0,0.0,0.0220038631013031,285,365,297,310,340,216
1776733942.369438,3.846193122934397,0,0,0.0,0.0,0.0220038631013031,285,365,297,310,340,216
1776733942.4007277,3.847715873760638,0,0,0.0,0.0,0.0220038631013031,285,365,297,310,340,216
1776733942.4314148,3.847715873760638,0,0,0.0,0.0,0.0220038631013031,285,365,297,310,340,216
1776733942.4645758,3.9126295242563827,0,0,0.0,0.0,0.0220038631013031,285,365,297,310,340,216
1776733942.49658,3.8835777145538297,0,0,0.0,0.0,0.0220038631013031,285,365,297,310,340,216
1776733942.5338326,3.8835777145538297,0,0,0.0,0.0,0.0220038631013031,285,365,297,310,340,216
1776733942.5611928,3.870146628732298,0,0,0.0,0.0,0.0220038631013031,285,365,297,310,340,216
1776733942.6107929,3.8940879772393786,0,0,0.0,0.0,0.0220038631013031,285,365,297,310,340,216
1776733942.6420403,3.8940879772393786,0,0,0.0,0.0,0.0220038631013031,285,365,297,310,340,216
1776733942.6758637,3.880452786343627,0,0,0.0,0.0,0.0220038631013031,285,365,297,310,340,216
1776733942.704948,3.880452786343627,0,0,0.0,0.0,0.0220038631013031,285,365,297,310,340,216
1776733942.738997,3.940271671806176,0,0,0.0,0.0,0.0220038631013031,285,365,297,310,340,216
1776733942.7685223,3.940271671806176,0,0,0.0,0.0,0.0220038631013031,285,365,297,310,340,216
1776733942.8012037,3.960163003083706,0,0,0.0,0.0,0.0220038631013031,285,365,297,310,340,216
1776733942.8360243,3.9640978018502233,0,0,0.0,0.0,0.0220038631013031,285,365,297,310,340,216
1776733942.8638482,3.9640978018502233,0,0,0.0,0.0,0.0220038631013031,285,365,297,310,340,216
1776733942.8980088,3.994458681110134,0,0,0.0,0.0,0.0220038631013031,285,365,297,310,340,216
1776733942.9284554,3.994458681110134,0,0,0.0,0.0,0.0220038631013031,285,365,297,310,340,216
1776733942.9623864,3.97267520866608,0,0,0.0,0.0,0.0220038631013031,285,365,297,310,340,216
1776733943.0091765,3.9556051251996482,0,0,0.0,0.0,0.0220038631013031,285,365,297,310,340,216
1776733943.0405712,3.9556051251996482,0,0,0.0,0.0,0.0220038631013031,285,365,297,310,340,216
1776733943.0736785,3.913363075119789,0,0,0.0,0.0,0.0220038631013031,285,365,297,310,340,216
1776733943.1050034,3.913363075119789,0,0,0.0,0.0,0.0220038631013031,285,365,297,310,340,216
1776733943.1386976,3.9920178450718735,0,0,0.0,0.0,0.0220038631013031,285,365,297,310,340,216
1776733943.176011,4.067210707043124,0,0,0.0,0.0,0.0220038631013031,285,365,297,310,340,216
1776733943.2014594,4.067210707043124,0,0,0.0,0.0,0.0220038631013031,285,365,297,310,340,216
1776733943.2335048,4.024326424225874,0,0,0.0,0.0,0.0220038631013031,285,365,297,310,340,216
1776733943.2633762,4.024326424225874,0,0,0.0,0.0,0.0220038631013031,285,365,297,310,340,216
1776733943.2954423,4.0825958545355245,0,0,0.0,0.0,0.0220038631013031,285,365,297,310,340,216
1776733943.329136,4.0825958545355245,0,0,0.0,0.0,0.0220038631013031,285,365,297,310,340,216
1776733943.361386,4.085557512721315,0,0,0.0,0.0,0.0220038631013031,285,365,297,310,340,216
1776733943.4104142,4.091334507632789,0,0,0.0,0.0,0.0220038631013031,285,365,297,310,340,216
1776733943.4397483,4.091334507632789,0,0,0.0,0.0,0.0220038631013031,285,365,297,310,340,216
1776733943.4746804,4.166800704579673,0,0,0.0,0.0,0.0220038631013031,285,365,297,310,340,216
1776733943.505464,4.166800704579673,0,0,0.0,0.0,0.0220038631013031,285,365,297,310,340,216
1776733943.5377247,4.208080422747804,0,0,0.0,0.0,0.0220038631013031,285,365,297,310,340,216
1776733943.5702786,4.180848253648682,0,0,0.0,0.0,0.0220038631013031,285,365,297,310,340,216
1776733943.6028712,4.180848253648682,0,0,0.0,0.0,0.0220038631013031,285,365,297,310,340,216
1776733943.6328332,4.284508952189209,0,0,0.0,0.0,0.0220038631013031,285,365,297,310,340,216
1776733943.665272,4.284508952189209,0,0,0.0,0.0,0.0220038631013031,285,365,297,310,340,216
1776733943.6966379,4.258705371313526,0,0,0.0,0.0,0.0220038631013031,285,365,297,310,340,216
1776733943.728046,4.258705371313526,0,0,0.0,0.0,0.0220038631013031,285,365,297,310,340,216
1776733943.7626066,4.371223222788116,0,0,0.0,0.0,0.0220038631013031,285,365,297,310,340,216
1776733943.810296,4.32273393367287,0,0,0.0,0.0,0.0220038631013031,285,365,297,310,340,216
1776733943.8432932,4.32273393367287,0,0,0.0,0.0,0.0220038631013031,285,365,297,310,340,216
1776733943.8738735,4.333640360203722,0,0,0.0,0.0,0.0220038631013031,285,365,297,310,340,216
1776733943.9090989,4.380184216122233,0,0,0.0,0.0,0.0220038631013031,285,365,297,310,340,216
1776733943.9376936,4.380184216122233,0,0,0.0,0.0,0.0220038631013031,285,365,297,310,340,216
1776733943.971989,4.3761105296733405,0,0,0.0,0.0,0.0220038631013031,285,365,297,310,340,216
1776733944.0016603,4.3761105296733405,0,0,0.0,0.0,0.0220038631013031,285,365,297,310,340,216
1776733944.0341856,4.449666317804004,0,0,0.0,0.0,0.0220038631013031,285,365,297,310,340,216
1776733944.0656714,4.449666317804004,0,0,0.0,0.0,0.0220038631013031,285,365,297,310,340,216
1776733944.0977283,4.405799790682402,0,0,0.0,0.0,0.0220038631013031,285,365,297,310,340,216
1776733944.134779,4.455479874409441,0,0,0.0,0.0,0.0220038631013031,285,365,297,310,340,216
1776733944.1773412,4.455479874409441,0,0,0.0,0.0,0.0220038631013031,285,365,297,310,340,216
1776733944.209527,4.5012879246456645,0,0,0.0,0.0,0.0220038631013031,285,365,297,310,340,216
1776733944.241874,4.5012879246456645,0,0,0.0,0.0,0.0220038631013031,285,365,297,310,340,216
1776733944.2724566,4.508772754787398,0,0,0.0,0.0,0.0220038631013031,285,365,297,310,340,216
1776733944.3076863,4.549263652872439,0,0,0.0,0.0,0.0220038631013031,285,365,297,310,340,216
1776733944.336002,4.549263652872439,0,0,0.0,0.0,0.0220038631013031,285,365,297,310,340,216
1776733944.3715065,4.597558191723463,0,0,0.0,0.0,0.0220038631013031,285,365,297,310,340,216
1776733944.4017863,4.597558191723463,0,0,0.0,0.0,0.0220038631013031,285,365,297,310,340,216
1776733944.4328535,4.538534915034078,0,0,0.0,0.0,0.0220038631013031,285,365,297,310,340,216
1776733944.4639919,4.538534915034078,0,0,0.0,0.0,0.0220038631013031,285,365,297,310,340,216
1776733944.4965658,4.639120949020447,0,0,0.0,0.0,0.0220038631013031,285,365,297,310,340,216
1776733944.5286055,4.6434725694122685,0,0,0.0,0.0,0.0220038631013031,285,365,297,310,340,216
1776733944.577464,4.6434725694122685,0,0,0.0,0.0,0.0220038631013031,285,365,297,310,340,216
1776733944.6068242,4.670083541647361,0,0,0.0,0.0,0.0220038631013031,285,365,297,310,340,216
1776733944.64219,4.706050124988416,0,0,0.0,0.0,0.0220038631013031,285,365,297,310,340,216
1776733944.6724977,4.706050124988416,0,0,0.0,0.0,0.0220038631013031,285,365,297,310,340,216
1776733944.7070265,4.7356300749930496,0,0,0.0,0.0,0.0220038631013031,285,365,297,310,340,216
1776733944.7367754,4.7356300749930496,0,0,0.0,0.0,0.0220038631013031,285,365,297,310,340,216
1776733944.769679,4.741378044995829,0,0,0.0,0.0,0.0220038631013031,285,365,297,310,340,216
1776733944.8020427,4.741378044995829,0,0,0.0,0.0,0.0220038631013031,285,365,297,310,340,216
1776733944.832021,4.704826826997498,0,0,0.0,0.0,0.0220038631013031,285,365,297,310,340,216
1776733944.867951,4.798896096198499,0,0,0.0,0.0,0.0220038631013031,285,365,297,310,340,216
1776733944.897328,4.798896096198499,0,0,0.0,0.0,0.0220038631013031,285,365,297,310,340,216
1776733944.930104,4.7953376577191,0,0,0.0,0.0,0.0220038631013031,285,365,297,310,340,216
1776733944.9782481,4.82520259463146,0,0,0.0,0.0,0.0220038631013031,285,365,297,310,340,216
1776733945.0076575,4.82520259463146,0,0,0.0,0.0,0.0220038631013031,285,365,297,310,340,216
1776733945.0428746,4.8751215567788755,0,0,0.0,0.0,0.0220038631013031,285,365,297,310,340,216
1776733945.0728774,4.8751215567788755,0,0,0.0,0.0,0.0220038631013031,285,365,297,310,340,216
1776733945.1063817,4.889072934067325,0,0,0.0,0.0,0.0220038631013031,285,365,297,310,340,216
1776733945.1367576,4.889072934067325,0,0,0.0,0.0,0.0220038631013031,285,365,297,310,340,216
1776733945.173553,4.809443760440395,0,0,0.0,0.0,0.0220038631013031,285,365,297,310,340,216
1776733945.2038202,4.837666256264237,0,0,0.0,0.0,0.0220038631013031,285,365,297,310,340,216
1776733945.234104,4.837666256264237,0,0,0.0,0.0,0.0220038631013031,285,365,297,310,340,216
1776733945.2656333,4.842599753758542,0,0,0.0,0.0,0.0220038631013031,285,365,297,310,340,216
1776733945.2957556,4.842599753758542,0,0,0.0,0.0,0.0220038631013031,285,365,297,310,340,216
1776733945.3457558,4.853559852255125,0,0,0.0,0.0,0.0220038631013031,285,365,297,310,340,216
1776733945.3777666,4.912135911353075,0,0,0.0,0.0,0.0220038631013031,285,365,297,310,340,216
1776733945.407884,4.912135911353075,0,0,0.0,0.0,0.0220038631013031,285,365,297,310,340,216
1776733945.4405243,4.863281546811845,0,0,0.0,0.0,0.0220038631013031,285,365,297,310,340,216
1776733945.472812,4.863281546811845,0,0,0.0,0.0,0.0220038631013031,285,365,297,310,340,216
1776733945.5062232,4.865968928087107,0,0,0.0,0.0,0.0220038631013031,285,365,297,310,340,216
1776733945.5367987,4.865968928087107,0,0,0.0,0.0,0.0220038631013031,285,365,297,310,340,216
1776733945.5695486,4.883581356852265,0,0,0.0,0.0,0.0220038631013031,285,365,297,310,340,216
1776733945.6018934,4.802148814111359,0,0,0.0,0.0,0.0220038631013031,285,365,297,310,340,216
1776733945.632869,4.802148814111359,0,0,0.0,0.0,0.0220038631013031,285,365,297,310,340,216
1776733945.6660128,4.8492892884668155,0,0,0.0,0.0,0.0220038631013031,285,365,297,310,340,216
1776733945.6981149,4.8492892884668155,0,0,0.0,0.0,0.0220038631013031,285,365,297,310,340,216
1776733945.744532,4.8655735730800895,0,0,0.0,0.0,0.0220038631013031,285,365,297,310,340,216
1776733945.7760482,4.883344143848054,0,0,0.0,0.0,0.0220038631013031,285,365,297,310,340,216
1776733945.8073127,4.883344143848054,0,0,0.0,0.0,0.0220038631013031,285,365,297,310,340,216
1776733945.88955,4.850006486308832,0,0,0.0,0.0,0.0220038631013031,285,365,297,310,340,216
1776733945.9078643,4.850006486308832,0,0,0.0,0.0,0.0220038631013031,285,365,297,310,340,216
1776733945.9217494,4.850006486308832,0,0,0.0,0.0,0.0220038631013031,285,365,297,310,340,216
1776733945.9410906,4.834003891785299,0,0,0.0,0.0,0.0220038631013031,285,365,297,310,340,216
1776733945.971354,4.834003891785299,0,0,0.0,0.0,0.0220038631013031,285,365,297,310,340,216
1776733946.0022058,4.828402335071179,0,0,0.0,0.0,0.0220038631013031,285,365,297,310,340,216
1776733946.0322297,4.828402335071179,0,0,0.0,0.0,0.0220038631013031,285,365,297,310,340,216
1776733946.065654,4.905041401042707,0,0,0.0,0.0,0.0220038631013031,285,365,297,310,340,216
1776733946.096536,4.905041401042707,0,0,0.0,0.0,0.0220038631013031,285,365,297,310,340,216
1776733946.145291,4.947024840625624,0,0,0.0,0.0,0.0220038631013031,285,365,297,310,340,216
1776733946.1773977,4.896214904375374,0,0,0.0,0.0,0.0220038631013031,285,365,297,310,340,216
1776733946.2090142,4.896214904375374,0,0,0.0,0.0,0.0220038631013031,285,365,297,310,340,216
1776733946.240692,4.909728942625224,0,0,0.0,0.0,0.0220038631013031,285,365,297,310,340,216
1776733946.2765632,4.957837365575134,0,0,0.0,0.0,0.0220038631013031,285,365,297,310,340,216
1776733946.3084059,4.957837365575134,0,0,0.0,0.0,0.0220038631013031,285,365,297,310,340,216
1776733946.3361964,4.934702419345081,0,0,0.0,0.0,0.0220038631013031,285,365,297,310,340,216
1776733946.3708758,4.934702419345081,0,0,0.0,0.0,0.0220038631013031,285,365,297,310,340,216
1776733946.4025671,4.992821451607048,0,0,0.0,0.0,0.0220038631013031,285,365,297,310,340,216
1776733946.4396424,4.992821451607048,0,0,0.0,0.0,0.0220038631013031,285,365,297,310,340,216
1776733946.4644725,4.991692870964229,0,0,0.0,0.0,0.0220038631013031,285,365,297,310,340,216
1776733946.513045,5.035015722578537,0,0,0.0,0.0,0.0220038631013031,285,365,297,310,340,216
1776733946.5431333,5.035015722578537,0,0,0.0,0.0,0.0220038631013031,285,365,297,310,340,216
1776733946.576259,5.061009433547122,0,0,0.0,0.0,0.0220038631013031,285,365,297,310,340,216
1776733946.6166105,5.048605660128273,0,0,0.0,0.0,0.0220038631013031,285,365,297,310,340,216
1776733946.63919,5.048605660128273,0,0,0.0,0.0,0.0220038631013031,285,365,297,310,340,216
1776733946.673957,5.081163396076963,0,0,0.0,0.0,0.0220038631013031,285,365,297,310,340,216
1776733946.7042751,5.081163396076963,0,0,0.0,0.0,0.0220038631013031,285,365,297,310,340,216
1776733946.7357416,5.132698037646178,0,0,0.0,0.0,0.0220038631013031,285,365,297,310,340,216
1776733946.7729652,5.132698037646178,0,0,0.0,0.0,0.0220038631013031,285,365,297,310,340,216
1776733946.8043113,5.1756188225877064,0,0,0.0,0.0,0.0220038631013031,285,365,297,310,340,216
1776733946.831651,5.1756188225877064,0,0,0.0,0.0,0.0220038631013031,285,365,297,310,340,216
1776733946.863461,5.145371293552624,0,0,0.0,0.0,0.0220038631013031,285,365,297,310,340,216
1776733946.9177723,5.127222776131575,0,0,0.0,0.0,0.0220038631013031,285,365,297,310,340,216
1776733946.9453714,5.127222776131575,0,0,0.0,0.0,0.0220038631013031,285,365,297,310,340,216
1776733946.9777384,5.124333665678945,0,0,0.0,0.0,0.0220038631013031,285,365,297,310,340,216
1776733947.0101135,5.1626001994073665,0,0,0.0,0.0,0.0220038631013031,285,365,297,310,340,216
1776733947.0398142,5.1626001994073665,0,0,0.0,0.0,0.0220038631013031,285,365,297,310,340,216
1776733947.0705693,5.14956011964442,0,0,0.0,0.0,0.0220038631013031,285,365,297,310,340,216
1776733947.1062415,5.14956011964442,0,0,0.0,0.0,0.0220038631013031,285,365,297,310,340,216
1776733947.138164,5.253736071786652,0,0,0.0,0.0,0.0220038631013031,285,365,297,310,340,216
1776733947.1723647,5.253736071786652,0,0,0.0,0.0,0.0220038631013031,285,365,297,310,340,216
1776733947.2023034,5.224241643071991,0,0,0.0,0.0,0.0220038631013031,285,365,297,310,340,216
1776733947.2351062,5.258544985843194,0,0,0.0,0.0,0.0220038631013031,285,365,297,310,340,216
1776733947.2667148,5.258544985843194,0,0,0.0,0.0,0.0220038631013031,285,365,297,310,340,216
1776733947.3132737,5.307126991505917,0,0,0.0,0.0,0.0220038631013031,285,365,297,310,340,216
1776733947.3435616,5.307126991505917,0,0,0.0,0.0,0.0220038631013031,285,365,297,310,340,216
1776733947.3768344,5.26027619490355,0,0,0.0,0.0,0.0220038631013031,285,365,297,310,340,216
1776733947.4080179,5.280165716942131,0,0,0.0,0.0,0.0220038631013031,285,365,297,310,340,216
1776733947.439048,5.280165716942131,0,0,0.0,0.0,0.0220038631013031,285,365,297,310,340,216
1776733947.4731066,5.256099430165278,0,0,0.0,0.0,0.0220038631013031,285,365,297,310,340,216
1776733947.5036807,5.256099430165278,0,0,0.0,0.0,0.0220038631013031,285,365,297,310,340,216
1776733947.536417,5.269659658099167,0,0,0.0,0.0,0.0220038631013031,285,365,297,310,340,216
1776733947.569319,5.269659658099167,0,0,0.0,0.0,0.0220038631013031,285,365,297,310,340,216
1776733947.6027477,5.305795794859501,0,0,0.0,0.0,0.0220038631013031,285,365,297,310,340,216
1776733947.6334305,5.3434774769157,0,0,0.0,0.0,0.0220038631013031,285,365,297,310,340,216
1776733947.665746,5.3434774769157,0,0,0.0,0.0,0.0220038631013031,285,365,297,310,340,216
1776733947.7134142,5.3100864861494195,0,0,0.0,0.0,0.0220038631013031,285,365,297,310,340,216
1776733947.7432604,5.2780518916896515,0,0,0.0,0.0,0.0220038631013031,285,365,297,310,340,216
1776733947.7750564,5.2780518916896515,0,0,0.0,0.0,0.0220038631013031,285,365,297,310,340,216
1776733947.8087652,5.246831135013791,0,0,0.0,0.0,0.0220038631013031,285,365,297,310,340,216
1776733947.8403103,5.246831135013791,0,0,0.0,0.0,0.0220038631013031,285,365,297,310,340,216
1776733947.8721695,5.316098681008274,0,0,0.0,0.0,0.0220038631013031,285,365,297,310,340,216
1776733947.9063756,5.316098681008274,0,0,0.0,0.0,0.0220038631013031,285,365,297,310,340,216
1776733947.9366016,5.261659208604964,0,0,0.0,0.0,0.0220038631013031,285,365,297,310,340,216
1776733947.9683552,5.360995525162979,0,0,0.0,0.0,0.0220038631013031,285,365,297,310,340,216
1776733948.0093277,5.360995525162979,0,0,0.0,0.0,0.0220038631013031,285,365,297,310,340,216
1776733948.036225,5.324597315097787,0,0,0.0,0.0,0.0220038631013031,285,365,297,310,340,216
1776733948.0831854,5.270758389058672,0,0,0.0,0.0,0.0220038631013031,285,365,297,310,340,216
1776733948.1121714,5.270758389058672,0,0,0.0,0.0,0.0220038631013031,285,365,297,310,340,216
1776733948.1433635,5.334455033435203,0,0,0.0,0.0,0.0220038631013031,285,365,297,310,340,216
1776733948.1762245,5.334455033435203,0,0,0.0,0.0,0.0220038631013031,285,365,297,310,340,216
1776733948.2074983,5.3726730200611215,0,0,0.0,0.0,0.0220038631013031,285,365,297,310,340,216
1776733948.2409215,5.3726730200611215,0,0,0.0,0.0,0.0220038631013031,285,365,297,310,340,216
1776733948.272278,5.323603812036673,0,0,0.0,0.0,0.0220038631013031,285,365,297,310,340,216
1776733948.3038154,5.323603812036673,0,0,0.0,0.0,0.0220038631013031,285,365,297,310,340,216
1776733948.3368046,5.330162287222004,0,0,0.0,0.0,0.0220038631013031,285,365,297,310,340,216
1776733948.3716123,5.322097372333202,0,0,0.0,0.0,0.0220038631013031,285,365,297,310,340,216
1776733948.4042358,5.322097372333202,0,0,0.0,0.0,0.0220038631013031,285,365,297,310,340,216
1776733948.4358876,5.309258423399921,0,0,0.0,0.0,0.0220038631013031,285,365,297,310,340,216
1776733948.4798722,5.365555054039953,0,0,0.0,0.0,0.0220038631013031,285,365,297,310,340,216
1776733948.5141838,5.365555054039953,0,0,0.0,0.0,0.0220038631013031,285,365,297,310,340,216
1776733948.5465372,5.343333032423971,0,0,0.0,0.0,0.0220038631013031,285,365,297,310,340,216
1776733948.5768895,5.343333032423971,0,0,0.0,0.0,0.0220038631013031,285,365,297,310,340,216
1776733948.6073217,5.321999819454383,0,0,0.0,0.0,0.0220038631013031,285,365,297,310,340,216
1776733948.6393015,5.321999819454383,0,0,0.0,0.0,0.0220038631013031,285,365,297,310,340,216
1776733948.6730592,5.30919989167263,0,0,0.0,0.0,0.0220038631013031,285,365,297,310,340,216
1776733948.703247,5.337519935003579,0,0,0.0,0.0,0.0220038631013031,285,365,297,310,340,216
1776733948.734539,5.337519935003579,0,0,0.0,0.0,0.0220038631013031,285,365,297,310,340,216
1776733948.7710278,5.330511961002147,0,0,0.0,0.0,0.0220038631013031,285,365,297,310,340,216
1776733948.8025644,5.330511961002147,0,0,0.0,0.0,0.0220038631013031,285,365,297,310,340,216
1776733948.833482,5.270307176601288,0,0,0.0,0.0,0.0220038631013031,285,365,297,310,340,216
1776733948.8810165,5.282184305960772,0,0,0.0,0.0,0.0220038631013031,285,365,297,310,340,216
1776733948.9123704,5.282184305960772,0,0,0.0,0.0,0.0220038631013031,285,365,297,310,340,216
1776733948.9438145,5.233310583576463,0,0,0.0,0.0,0.0220038631013031,285,365,297,310,340,216
1776733948.9767802,5.233310583576463,0,0,0.0,0.0,0.0220038631013031,285,365,297,310,340,216
1776733949.00909,5.295986350145878,0,0,0.0,0.0,0.0220038631013031,285,365,297,310,340,216
1776733949.0413,5.369591810087527,0,0,0.0,0.0,0.0220038631013031,285,365,297,310,340,216
1776733949.0710633,5.369591810087527,0,0,0.0,0.0,0.0220038631013031,285,365,297,310,340,216
1776733949.1046963,5.237755086052516,0,0,0.0,0.0,0.0220038631013031,285,365,297,310,340,216
1776733949.1382592,5.237755086052516,0,0,0.0,0.0,0.0220038631013031,285,365,297,310,340,216
1776733949.1702287,5.2426530516315095,0,0,0.0,0.0,0.0220038631013031,285,365,297,310,340,216
1776733949.202093,5.2426530516315095,0,0,0.0,0.0,0.0220038631013031,285,365,297,310,340,216
1776733949.2483451,5.229591830978906,0,0,0.0,0.0,0.0220038631013031,285,365,297,310,340,216
1776733949.2813497,5.245755098587344,0,0,0.0,0.0,0.0220038631013031,285,365,297,310,340,216
1776733949.3238926,5.263453059152406,0,0,0.0,0.0,0.0220038631013031,285,365,297,310,340,216
1776733949.3453124,5.263453059152406,0,0,0.0,0.0,0.0220038631013031,285,365,297,310,340,216
1776733949.38122,5.290071835491443,0,0,0.0,0.0,0.0220038631013031,285,365,297,310,340,216
1776733949.4069166,5.290071835491443,0,0,0.0,0.0,0.0220038631013031,285,365,297,310,340,216
1776733949.4402232,5.222043101294866,0,0,0.0,0.0,0.0220038631013031,285,365,297,310,340,216
1776733949.4742453,5.222043101294866,0,0,0.0,0.0,0.0220038631013031,285,365,297,310,340,216
1776733949.5049706,5.201225860776919,0,0,0.0,0.0,0.0220038631013031,285,365,297,310,340,216
1776733949.541717,5.201225860776919,0,0,0.0,0.0,0.0220038631013031,285,365,297,310,340,216
1776733949.5687826,5.156735516466151,0,0,0.0,0.0,0.0220038631013031,285,365,297,310,340,216
1776733949.6068327,5.174041309879691,0,0,0.0,0.0,0.0220038631013031,285,365,297,310,340,216
1776733949.6472478,5.174041309879691,0,0,0.0,0.0,0.0220038631013031,285,365,297,310,340,216
1776733949.6803212,5.152424785927814,0,0,0.0,0.0,0.0220038631013031,285,365,297,310,340,216
1776733949.6956575,5.152424785927814,0,0,0.0,0.0,0.0220038631013031,285,365,297,310,340,216
1776733949.7433121,5.175454871556688,0,0,0.0,0.0,0.0220038631013031,285,365,297,310,340,216
1776733949.786881,5.201272922934013,0,0,0.0,0.0,0.0220038631013031,285,365,297,310,340,216
1776733949.810371,5.201272922934013,0,0,0.0,0.0,0.0220038631013031,285,365,297,310,340,216
1776733949.8427868,5.144763753760408,0,0,0.0,0.0,0.0220038631013031,285,365,297,310,340,216
1776733949.872043,5.144763753760408,0,0,0.0,0.0,0.0220038631013031,285,365,297,310,340,216
1776733949.906139,5.186858252256245,0,0,0.0,0.0,0.0220038631013031,285,365,297,310,340,216
1776733949.936225,5.186858252256245,0,0,0.0,0.0,0.0220038631013031,285,365,297,310,340,216
1776733949.969243,5.128114951353747,0,0,0.0,0.0,0.0220038631013031,285,365,297,310,340,216
1776733950.0037706,5.132868970812249,0,0,0.0,0.0,0.0220038631013031,285,365,297,310,340,216
1776733950.0512366,5.132868970812249,0,0,0.0,0.0,0.0220038631013031,285,365,297,310,340,216
1776733950.081399,5.147721382487349,0,0,0.0,0.0,0.0220038631013031,285,365,297,310,340,216
1776733950.094351,5.147721382487349,0,0,0.0,0.0,0.0220038631013031,285,365,297,310,340,216
1776733950.14475,5.20063282949241,0,0,0.0,0.0,0.0220038631013031,285,365,297,310,340,216
1776733950.1794102,5.144379697695445,0,0,0.0,0.0,0.0220038631013031,285,365,297,310,340,216
1776733950.2077734,5.144379697695445,0,0,0.0,0.0,0.0220038631013031,285,365,297,310,340,216
1776733950.2410548,5.158627818617267,0,0,0.0,0.0,0.0220038631013031,285,365,297,310,340,216
1776733950.2743514,5.158627818617267,0,0,0.0,0.0,0.0220038631013031,285,365,297,310,340,216
1776733950.305508,5.1271766911703605,0,0,0.0,0.0,0.0220038631013031,285,365,297,310,340,216
1776733950.3397343,5.084306014702216,0,0,0.0,0.0,0.0220038631013031,285,365,297,310,340,216
1776733950.3695495,5.084306014702216,0,0,0.0,0.0,0.0220038631013031,285,365,297,310,340,216
1776733950.4026744,5.050583608821329,0,0,0.0,0.0,0.0220038631013031,285,365,297,310,340,216
1776733950.450248,5.026350165292797,0,0,0.0,0.0,0.0220038631013031,285,365,297,310,340,216
1776733950.4635258,5.026350165292797,0,0,0.0,0.0,0.0220038631013031,285,365,297,310,340,216
1776733950.4844108,5.026350165292797,0,0,0.0,0.0,0.0220038631013031,285,365,297,310,340,216
1776733950.5440438,5.051810099175678,0,0,0.0,0.0,0.0220038631013031,285,365,297,310,340,216
1776733950.5756273,5.0350860595054066,0,0,0.0,0.0,0.0220038631013031,285,365,297,310,340,216
1776733950.6083229,5.0350860595054066,0,0,0.0,0.0,0.0220038631013031,285,365,297,310,340,216
1776733950.6407545,5.133051635703244,0,0,0.0,0.0,0.0220038631013031,285,365,297,310,340,216
1776733950.6762211,5.075830981421946,0,0,0.0,0.0,0.0220038631013031,285,365,297,310,340,216
1776733950.703838,5.075830981421946,0,0,0.0,0.0,0.0220038631013031,285,365,297,310,340,216
1776733950.7374005,5.069498588853168,0,0,0.0,0.0,0.0220038631013031,285,365,297,310,340,216
1776733950.7704742,5.069498588853168,0,0,0.0,0.0,0.0220038631013031,285,365,297,310,340,216
1776733950.8148184,5.101699153311901,0,0,0.0,0.0,0.0220038631013031,285,365,297,310,340,216
1776733950.8490577,5.08101949198714,0,0,0.0,0.0,0.0220038631013031,285,365,297,310,340,216
1776733950.8622599,5.08101949198714,0,0,0.0,0.0,0.0220038631013031,285,365,297,310,340,216
1776733950.8817835,5.08101949198714,0,0,0.0,0.0,0.0220038631013031,285,365,297,310,340,216
1776733950.9448118,5.0166116951922834,0,0,0.0,0.0,0.0220038631013031,285,365,297,310,340,216
1776733950.9750662,4.99796701711537,0,0,0.0,0.0,0.0220038631013031,285,365,297,310,340,216
1776733951.0096068,4.99796701711537,0,0,0.0,0.0,0.0220038631013031,285,365,297,310,340,216
1776733951.040807,4.9347802102692215,0,0,0.0,0.0,0.0220038631013031,285,365,297,310,340,216
1776733951.0733368,4.896868126161532,0,0,0.0,0.0,0.0220038631013031,285,365,297,310,340,216
1776733951.104257,4.896868126161532,0,0,0.0,0.0,0.0220038631013031,285,365,297,310,340,216
1776733951.1355345,4.938120875696919,0,0,0.0,0.0,0.0220038631013031,285,365,297,310,340,216
1776733951.1710596,4.938120875696919,0,0,0.0,0.0,0.0220038631013031,285,365,297,310,340,216
1776733951.217035,4.902872525418151,0,0,0.0,0.0,0.0220038631013031,285,365,297,310,340,216
1776733951.2511468,4.9017235152508905,0,0,0.0,0.0,0.0220038631013031,285,365,297,310,340,216
1776733951.2637477,4.9017235152508905,0,0,0.0,0.0,0.0220038631013031,285,365,297,310,340,216
1776733951.2853942,4.9017235152508905,0,0,0.0,0.0,0.0220038631013031,285,365,297,310,340,216
1776733951.3447058,4.909034109150534,0,0,0.0,0.0,0.0220038631013031,285,365,297,310,340,216
1776733951.3753595,4.88542046549032,0,0,0.0,0.0,0.0220038631013031,285,365,297,310,340,216
1776733951.4086516,4.867252279294192,0,0,0.0,0.0,0.0220038631013031,285,365,297,310,340,216
1776733951.4396737,4.867252279294192,0,0,0.0,0.0,0.0220038631013031,285,365,297,310,340,216
1776733951.4720194,4.844351367576515,0,0,0.0,0.0,0.0220038631013031,285,365,297,310,340,216
1776733951.5033493,4.844351367576515,0,0,0.0,0.0,0.0220038631013031,285,365,297,310,340,216
1776733951.539019,4.886610820545909,0,0,0.0,0.0,0.0220038631013031,285,365,297,310,340,216
1776733951.5710464,4.886610820545909,0,0,0.0,0.0,0.0220038631013031,285,365,297,310,340,216
1776733951.6155663,4.8399664923275445,0,0,0.0,0.0,0.0220038631013031,285,365,297,310,340,216
1776733951.6497235,4.859979895396527,0,0,0.0,0.0,0.0220038631013031,285,365,297,310,340,216
1776733951.661821,4.859979895396527,0,0,0.0,0.0,0.0220038631013031,285,365,297,310,340,216
1776733951.685286,4.859979895396527,0,0,0.0,0.0,0.0220038631013031,285,365,297,310,340,216
1776733951.7441387,4.8799879372379165,0,0,0.0,0.0,0.0220038631013031,285,365,297,310,340,216
1776733951.7765627,4.80799276234275,0,0,0.0,0.0,0.0220038631013031,285,365,297,310,340,216
1776733951.8096187,4.87279565740565,0,0,0.0,0.0,0.0220038631013031,285,365,297,310,340,216
1776733951.8418045,4.87279565740565,0,0,0.0,0.0,0.0220038631013031,285,365,297,310,340,216
1776733951.8731983,4.81967739444339,0,0,0.0,0.0,0.0220038631013031,285,365,297,310,340,216
1776733951.9051228,4.81967739444339,0,0,0.0,0.0,0.0220038631013031,285,365,297,310,340,216
1776733951.9358592,4.835806436666035,0,0,0.0,0.0,0.0220038631013031,285,365,297,310,340,216
1776733951.983637,4.87348386199962,0,0,0.0,0.0,0.0220038631013031,285,365,297,310,340,216
1776733952.0163958,4.87348386199962,0,0,0.0,0.0,0.0220038631013031,285,365,297,310,340,216
1776733952.03173,4.868090317199773,0,0,0.0,0.0,0.0220038631013031,285,365,297,310,340,216
1776733952.050818,4.868090317199773,0,0,0.0,0.0,0.0220038631013031,285,365,297,310,340,216
1776733952.0890763,4.816854190319864,0,0,0.0,0.0,0.0220038631013031,285,365,297,310,340,216
1776733952.144686,4.826112514191918,0,0,0.0,0.0,0.0220038631013031,285,365,297,310,340,216
1776733952.1754882,4.826112514191918,0,0,0.0,0.0,0.0220038631013031,285,365,297,310,340,216
1776733952.2085514,4.779667508515151,0,0,0.0,0.0,0.0220038631013031,285,365,297,310,340,216
1776733952.2415109,4.779667508515151,0,0,0.0,0.0,0.0220038631013031,285,365,297,310,340,216
1776733952.2733586,4.77180050510909,0,0,0.0,0.0,0.0220038631013031,285,365,297,310,340,216
1776733952.304009,4.77180050510909,0,0,0.0,0.0,0.0220038631013031,285,365,297,310,340,216
1776733952.3359094,4.783080303065454,0,0,0.0,0.0,0.0220038631013031,285,365,297,310,340,216
1776733952.3848488,4.797848181839273,0,0,0.0,0.0,0.0220038631013031,285,365,297,310,340,216
1776733952.417365,4.797848181839273,0,0,0.0,0.0,0.0220038631013031,285,365,297,310,340,216
1776733952.430337,4.686708909103563,0,0,0.0,0.0,0.0220038631013031,285,365,297,310,340,216
1776733952.4542458,4.686708909103563,0,0,0.0,0.0,0.0220038631013031,285,365,297,310,340,216
1776733952.4818368,4.668025345462137,0,0,0.0,0.0,0.0220038631013031,285,365,297,310,340,216
1776733952.5444996,4.736815207277282,0,0,0.0,0.0,0.0220038631013031,285,365,297,310,340,216
1776733952.576983,4.736815207277282,0,0,0.0,0.0,0.0220038631013031,285,365,297,310,340,216
1776733952.6084468,4.698089124366369,0,0,0.0,0.0,0.0220038631013031,285,365,297,310,340,216
1776733952.6402192,4.698089124366369,0,0,0.0,0.0,0.0220038631013031,285,365,297,310,340,216
1776733952.674631,4.7788534746198215,0,0,0.0,0.0,0.0220038631013031,285,365,297,310,340,216
1776733952.7075086,4.867312084771893,0,0,0.0,0.0,0.0220038631013031,285,365,297,310,340,216
1776733952.7363904,4.867312084771893,0,0,0.0,0.0,0.0220038631013031,285,365,297,310,340,216
1776733952.784628,4.760387250863135,0,0,0.0,0.0,0.0220038631013031,285,365,297,310,340,216
1776733952.8217967,4.748232350517881,0,0,0.0,0.0,0.0220038631013031,285,365,297,310,340,216
1776733952.8350298,4.748232350517881,0,0,0.0,0.0,0.0220038631013031,285,365,297,310,340,216
1776733952.8498428,4.748232350517881,0,0,0.0,0.0,0.0220038631013031,285,365,297,310,340,216
1776733952.8819027,4.7009394103107285,0,0,0.0,0.0,0.0220038631013031,285,365,297,310,340,216
1776733952.9447515,4.6605636461864375,0,0,0.0,0.0,0.0220038631013031,285,365,297,310,340,216
1776733952.9772947,4.6605636461864375,0,0,0.0,0.0,0.0220038631013031,285,365,297,310,340,216
1776733953.0083036,4.752338187711862,0,0,0.0,0.0,0.0220038631013031,285,365,297,310,340,216
1776733953.0476713,4.723402912627117,0,0,0.0,0.0,0.0220038631013031,285,365,297,310,340,216
1776733953.0729609,4.723402912627117,0,0,0.0,0.0,0.0220038631013031,285,365,297,310,340,216
1776733953.1048782,4.70604174757627,0,0,0.0,0.0,0.0220038631013031,285,365,297,310,340,216
1776733953.1357422,4.70604174757627,0,0,0.0,0.0,0.0220038631013031,285,365,297,310,340,216
1776733953.1859088,4.683625048545762,0,0,0.0,0.0,0.0220038631013031,285,365,297,310,340,216
1776733953.20092,4.683625048545762,0,0,0.0,0.0,0.0220038631013031,285,365,297,310,340,216
1776733953.2239535,4.694175029127457,0,0,0.0,0.0,0.0220038631013031,285,365,297,310,340,216
1776733953.2508821,4.694175029127457,0,0,0.0,0.0,0.0220038631013031,285,365,297,310,340,216
1776733953.2824986,4.688505017476475,0,0,0.0,0.0,0.0220038631013031,285,365,297,310,340,216
1776733953.3444717,4.701103010485884,0,0,0.0,0.0,0.0220038631013031,285,365,297,310,340,216
1776733953.3751137,4.701103010485884,0,0,0.0,0.0,0.0220038631013031,285,365,297,310,340,216
1776733953.410869,4.692661806291531,0,0,0.0,0.0,0.0220038631013031,285,365,297,310,340,216
1776733953.4407349,4.671597083774918,0,0,0.0,0.0,0.0220038631013031,285,365,297,310,340,216
1776733953.4728951,4.671597083774918,0,0,0.0,0.0,0.0220038631013031,285,365,297,310,340,216
1776733953.5053945,4.65895825026495,0,0,0.0,0.0,0.0220038631013031,285,365,297,310,340,216
1776733953.554886,4.59137495015897,0,0,0.0,0.0,0.0220038631013031,285,365,297,310,340,216
1776733953.5879805,4.59137495015897,0,0,0.0,0.0,0.0220038631013031,285,365,297,310,340,216
1776733953.6083753,4.590824970095382,0,0,0.0,0.0,0.0220038631013031,285,365,297,310,340,216
1776733953.6207073,4.590824970095382,0,0,0.0,0.0,0.0220038631013031,285,365,297,310,340,216
1776733953.6485457,4.590824970095382,0,0,0.0,0.0,0.0220038631013031,285,365,297,310,340,216
1776733953.682231,4.582494982057229,0,0,0.0,0.0,0.0220038631013031,285,365,297,310,340,216
1776733953.74464,4.677496989234338,0,0,0.0,0.0,0.0220038631013031,285,365,297,310,340,216
1776733953.7801955,4.634498193540603,0,0,0.0,0.0,0.0220038631013031,285,365,297,310,340,216
1776733953.8083751,4.634498193540603,0,0,0.0,0.0,0.0220038631013031,285,365,297,310,340,216
1776733953.8405464,4.640698916124363,0,0,0.0,0.0,0.0220038631013031,285,365,297,310,340,216
1776733953.8723876,4.640698916124363,0,0,0.0,0.0,0.0220038631013031,285,365,297,310,340,216
1776733953.9041631,4.620419349674617,0,0,0.0,0.0,0.0220038631013031,285,365,297,310,340,216
1776733953.9512384,4.56025160980477,0,0,0.0,0.0,0.0220038631013031,285,365,297,310,340,216
1776733953.9847784,4.56025160980477,0,0,0.0,0.0,0.0220038631013031,285,365,297,310,340,216
1776733953.9991052,4.56025160980477,0,0,0.0,0.0,0.0220038631013031,285,365,297,310,340,216
1776733954.0210633,4.596150965882862,0,0,0.0,0.0,0.0220038631013031,285,365,297,310,340,216
1776733954.0632045,4.521690579529718,0,0,0.0,0.0,0.0220038631013031,285,365,297,310,340,216
1776733954.0821464,4.521690579529718,0,0,0.0,0.0,0.0220038631013031,285,365,297,310,340,216
1776733954.1445632,4.573014347717831,0,0,0.0,0.0,0.0220038631013031,285,365,297,310,340,216
1776733954.1768932,4.567808608630699,0,0,0.0,0.0,0.0220038631013031,285,365,297,310,340,216
1776733954.2060702,4.567808608630699,0,0,0.0,0.0,0.0220038631013031,285,365,297,310,340,216
1776733954.2402754,4.556685165178419,0,0,0.0,0.0,0.0220038631013031,285,365,297,310,340,216
1776733954.2721207,4.556685165178419,0,0,0.0,0.0,0.0220038631013031,285,365,297,310,340,216
1776733954.3035276,4.574011099107052,0,0,0.0,0.0,0.0220038631013031,285,365,297,310,340,216
1776733954.351549,4.55240665946423,0,0,0.0,0.0,0.0220038631013031,285,365,297,310,340,216
1776733954.385612,4.55240665946423,0,0,0.0,0.0,0.0220038631013031,285,365,297,310,340,216
1776733954.3987496,4.547443995678538,0,0,0.0,0.0,0.0220038631013031,285,365,297,310,340,216
1776733954.4163148,4.547443995678538,0,0,0.0,0.0,0.0220038631013031,285,365,297,310,340,216
1776733954.4487085,4.547443995678538,0,0,0.0,0.0,0.0220038631013031,285,365,297,310,340,216
1776733954.4842975,4.572466397407123,0,0,0.0,0.0,0.0220038631013031,285,365,297,310,340,216
1776733954.5462022,4.559479838444274,0,0,0.0,0.0,0.0220038631013031,285,365,297,310,340,216
1776733954.5763636,4.5636879030665645,0,0,0.0,0.0,0.0220038631013031,285,365,297,310,340,216
1776733954.607726,4.5636879030665645,0,0,0.0,0.0,0.0220038631013031,285,365,297,310,340,216
1776733954.6420317,4.514212741839939,0,0,0.0,0.0,0.0220038631013031,285,365,297,310,340,216
1776733954.6736467,4.514212741839939,0,0,0.0,0.0,0.0220038631013031,285,365,297,310,340,216
1776733954.7208817,4.452527645103964,0,0,0.0,0.0,0.0220038631013031,285,365,297,310,340,216
1776733954.758467,4.511516587062378,0,0,0.0,0.0,0.0220038631013031,285,365,297,310,340,216
1776733954.7718074,4.511516587062378,0,0,0.0,0.0,0.0220038631013031,285,365,297,310,340,216
1776733954.7859154,4.511516587062378,0,0,0.0,0.0,0.0220038631013031,285,365,297,310,340,216
1776733954.8169246,4.474909952237427,0,0,0.0,0.0,0.0220038631013031,285,365,297,310,340,216
1776733954.8496854,4.480945971342456,0,0,0.0,0.0,0.0220038631013031,285,365,297,310,340,216
1776733954.8830016,4.480945971342456,0,0,0.0,0.0,0.0220038631013031,285,365,297,310,340,216
1776733954.9439013,4.488567582805474,0,0,0.0,0.0,0.0220038631013031,285,365,297,310,340,216
1776733954.9767807,4.493140549683284,0,0,0.0,0.0,0.0220038631013031,285,365,297,310,340,216
1776733955.008506,4.493140549683284,0,0,0.0,0.0,0.0220038631013031,285,365,297,310,340,216
1776733955.0405018,4.455884329809971,0,0,0.0,0.0,0.0220038631013031,285,365,297,310,340,216
1776733955.0748832,4.453530597885983,0,0,0.0,0.0,0.0220038631013031,285,365,297,310,340,216
1776733955.1206176,4.453530597885983,0,0,0.0,0.0,0.0220038631013031,285,365,297,310,340,216
1776733955.15193,4.468118358731591,0,0,0.0,0.0,0.0220038631013031,285,365,297,310,340,216
1776733955.1652648,4.468118358731591,0,0,0.0,0.0,0.0220038631013031,285,365,297,310,340,216
1776733955.189247,4.484871015238954,0,0,0.0,0.0,0.0220038631013031,285,365,297,310,340,216
1776733955.215487,4.484871015238954,0,0,0.0,0.0,0.0220038631013031,285,365,297,310,340,216
1776733955.252325,4.5069226091433725,0,0,0.0,0.0,0.0220038631013031,285,365,297,310,340,216
1776733955.2855577,4.5069226091433725,0,0,0.0,0.0,0.0220038631013031,285,365,297,310,340,216
1776733955.3432405,4.496153565486024,0,0,0.0,0.0,0.0220038631013031,285,365,297,310,340,216
1776733955.3764255,4.493692139291614,0,0,0.0,0.0,0.0220038631013031,285,365,297,310,340,216
1776733955.4078825,4.493692139291614,0,0,0.0,0.0,0.0220038631013031,285,365,297,310,340,216
1776733955.4397879,4.428215283574969,0,0,0.0,0.0,0.0220038631013031,285,365,297,310,340,216
1776733955.4736376,4.4649291701449805,0,0,0.0,0.0,0.0220038631013031,285,365,297,310,340,216
1776733955.5291717,4.386957502086988,0,0,0.0,0.0,0.0220038631013031,285,365,297,310,340,216
1776733955.553853,4.386957502086988,0,0,0.0,0.0,0.0220038631013031,285,365,297,310,340,216
1776733955.5664752,4.386957502086988,0,0,0.0,0.0,0.0220038631013031,285,365,297,310,340,216
1776733955.5855727,4.468174501252193,0,0,0.0,0.0,0.0220038631013031,285,365,297,310,340,216
1776733955.6160126,4.468174501252193,0,0,0.0,0.0,0.0220038631013031,285,365,297,310,340,216
1776733955.6500883,4.436904700751316,0,0,0.0,0.0,0.0220038631013031,285,365,297,310,340,216
1776733955.6812787,4.436904700751316,0,0,0.0,0.0,0.0220038631013031,285,365,297,310,340,216
1776733955.7439656,4.406142820450789,0,0,0.0,0.0,0.0220038631013031,285,365,297,310,340,216
1776733955.7762487,4.387685692270473,0,0,0.0,0.0,0.0220038631013031,285,365,297,310,340,216
1776733955.8119879,4.400611415362284,0,0,0.0,0.0,0.0220038631013031,285,365,297,310,340,216
1776733955.8404987,4.400611415362284,0,0,0.0,0.0,0.0220038631013031,285,365,297,310,340,216
1776733955.888903,4.44836684921737,0,0,0.0,0.0,0.0220038631013031,285,365,297,310,340,216
1776733955.9225175,4.4290201095304225,0,0,0.0,0.0,0.0220038631013031,285,365,297,310,340,216
1776733955.9562323,4.4290201095304225,0,0,0.0,0.0,0.0220038631013031,285,365,297,310,340,216
1776733955.9707341,4.4290201095304225,0,0,0.0,0.0,0.0220038631013031,285,365,297,310,340,216
1776733955.985146,4.429412065718253,0,0,0.0,0.0,0.0220038631013031,285,365,297,310,340,216
1776733956.0162575,4.429412065718253,0,0,0.0,0.0,0.0220038631013031,285,365,297,310,340,216
1776733956.0501735,4.409647239430952,0,0,0.0,0.0,0.0220038631013031,285,365,297,310,340,216
1776733956.0828133,4.409647239430952,0,0,0.0,0.0,0.0220038631013031,285,365,297,310,340,216
1776733956.147616,4.361788343658571,0,0,0.0,0.0,0.0220038631013031,285,365,297,310,340,216
1776733956.1771028,4.361788343658571,0,0,0.0,0.0,0.0220038631013031,285,365,297,310,340,216
1776733956.210284,4.437073006195142,0,0,0.0,0.0,0.0220038631013031,285,365,297,310,340,216
1776733956.2403321,4.437073006195142,0,0,0.0,0.0,0.0220038631013031,285,365,297,310,340,216
1776733956.2885768,4.434243803717085,0,0,0.0,0.0,0.0220038631013031,285,365,297,310,340,216
1776733956.3211634,4.4205462822302515,0,0,0.0,0.0,0.0220038631013031,285,365,297,310,340,216
1776733956.3335626,4.4205462822302515,0,0,0.0,0.0,0.0220038631013031,285,365,297,310,340,216
1776733956.3541932,4.4205462822302515,0,0,0.0,0.0,0.0220038631013031,285,365,297,310,340,216
1776733956.3841054,4.40832776933815,0,0,0.0,0.0,0.0220038631013031,285,365,297,310,340,216
1776733956.4167309,4.40832776933815,0,0,0.0,0.0,0.0220038631013031,285,365,297,310,340,216
1776733956.451219,4.34099666160289,0,0,0.0,0.0,0.0220038631013031,285,365,297,310,340,216
1776733956.4878588,4.396597996961734,0,0,0.0,0.0,0.0220038631013031,285,365,297,310,340,216
1776733956.5451105,4.381958798177041,0,0,0.0,0.0,0.0220038631013031,285,365,297,310,340,216
1776733956.5778673,4.381958798177041,0,0,0.0,0.0,0.0220038631013031,285,365,297,310,340,216
1776733956.608886,4.373175278906224,0,0,0.0,0.0,0.0220038631013031,285,365,297,310,340,216
1776733956.6404243,4.373175278906224,0,0,0.0,0.0,0.0220038631013031,285,365,297,310,340,216
1776733956.6913252,4.371905167343735,0,0,0.0,0.0,0.0220038631013031,285,365,297,310,340,216
1776733956.72238,4.347143100406241,0,0,0.0,0.0,0.0220038631013031,285,365,297,310,340,216
1776733956.73618,4.347143100406241,0,0,0.0,0.0,0.0220038631013031,285,365,297,310,340,216
1776733956.754027,4.347143100406241,0,0,0.0,0.0,0.0220038631013031,285,365,297,310,340,216
1776733956.7847967,4.3802858602437444,0,0,0.0,0.0,0.0220038631013031,285,365,297,310,340,216
1776733956.8149266,4.3802858602437444,0,0,0.0,0.0,0.0220038631013031,285,365,297,310,340,216
1776733956.850419,4.376171516146247,0,0,0.0,0.0,0.0220038631013031,285,365,297,310,340,216
1776733956.8842187,4.337702909687748,0,0,0.0,0.0,0.0220038631013031,285,365,297,310,340,216
1776733956.946033,4.36262174581265,0,0,0.0,0.0,0.0220038631013031,285,365,297,310,340,216
1776733956.9763784,4.36262174581265,0,0,0.0,0.0,0.0220038631013031,285,365,297,310,340,216
1776733957.0095336,4.36157304748759,0,0,0.0,0.0,0.0220038631013031,285,365,297,310,340,216
1776733957.0402186,4.36157304748759,0,0,0.0,0.0,0.0220038631013031,285,365,297,310,340,216
1776733957.0893369,4.372943828492554,0,0,0.0,0.0,0.0220038631013031,285,365,297,310,340,216
1776733957.1064517,4.411766297095532,0,0,0.0,0.0,0.0220038631013031,285,365,297,310,340,216
1776733957.120444,4.411766297095532,0,0,0.0,0.0,0.0220038631013031,285,365,297,310,340,216
1776733957.1519883,4.411766297095532,0,0,0.0,0.0,0.0220038631013031,285,365,297,310,340,216
1776733957.1840115,4.391059778257319,0,0,0.0,0.0,0.0220038631013031,285,365,297,310,340,216
1776733957.2209606,4.342635866954391,0,0,0.0,0.0,0.0220038631013031,285,365,297,310,340,216
1776733957.253662,4.342635866954391,0,0,0.0,0.0,0.0220038631013031,285,365,297,310,340,216
1776733957.282895,4.345581520172635,0,0,0.0,0.0,0.0220038631013031,285,365,297,310,340,216
1776733957.3451693,4.33134891210358,0,0,0.0,0.0,0.0220038631013031,285,365,297,310,340,216
1776733957.3754842,4.33134891210358,0,0,0.0,0.0,0.0220038631013031,285,365,297,310,340,216
1776733957.4104998,4.430809347262148,0,0,0.0,0.0,0.0220038631013031,285,365,297,310,340,216
1776733957.455633,4.366485608357289,0,0,0.0,0.0,0.0220038631013031,285,365,297,310,340,216
1776733957.4889677,4.366485608357289,0,0,0.0,0.0,0.0220038631013031,285,365,297,310,340,216
1776733957.5032787,4.371891365014373,0,0,0.0,0.0,0.0220038631013031,285,365,297,310,340,216
1776733957.5215783,4.371891365014373,0,0,0.0,0.0,0.0220038631013031,285,365,297,310,340,216
1776733957.557192,4.355134819008624,0,0,0.0,0.0,0.0220038631013031,285,365,297,310,340,216
1776733957.583126,4.355134819008624,0,0,0.0,0.0,0.0220038631013031,285,365,297,310,340,216
1776733957.6159978,4.321080891405174,0,0,0.0,0.0,0.0220038631013031,285,365,297,310,340,216
1776733957.6491911,4.321080891405174,0,0,0.0,0.0,0.0220038631013031,285,365,297,310,340,216
1776733957.6843245,4.336648534843104,0,0,0.0,0.0,0.0220038631013031,285,365,297,310,340,216
1776733957.7472768,4.2659891209058625,0,0,0.0,0.0,0.0220038631013031,285,365,297,310,340,216
1776733957.7858531,4.255593472543517,0,0,0.0,0.0,0.0220038631013031,285,365,297,310,340,216
1776733957.809249,4.255593472543517,0,0,0.0,0.0,0.0220038631013031,285,365,297,310,340,216
1776733957.8560033,4.28935608352611,0,0,0.0,0.0,0.0220038631013031,285,365,297,310,340,216
1776733957.8884091,4.28935608352611,0,0,0.0,0.0,0.0220038631013031,285,365,297,310,340,216
1776733957.9024181,4.249613650115666,0,0,0.0,0.0,0.0220038631013031,285,365,297,310,340,216
1776733957.9218197,4.249613650115666,0,0,0.0,0.0,0.0220038631013031,285,365,297,310,340,216
1776733957.9543045,4.2457681900694,0,0,0.0,0.0,0.0220038631013031,285,365,297,310,340,216
1776733957.9836314,4.2457681900694,0,0,0.0,0.0,0.0220038631013031,285,365,297,310,340,216
1776733958.0155745,4.263460914041641,0,0,0.0,0.0,0.0220038631013031,285,365,297,310,340,216
1776733958.048144,4.263460914041641,0,0,0.0,0.0,0.0220038631013031,285,365,297,310,340,216
1776733958.082783,4.2740765484249845,0,0,0.0,0.0,0.0220038631013031,285,365,297,310,340,216
1776733958.1459925,4.364445929054991,0,0,0.0,0.0,0.0220038631013031,285,365,297,310,340,216
1776733958.1791143,4.322667557432995,0,0,0.0,0.0,0.0220038631013031,285,365,297,310,340,216
1776733958.2079728,4.322667557432995,0,0,0.0,0.0,0.0220038631013031,285,365,297,310,340,216
1776733958.2569559,4.269600534459797,0,0,0.0,0.0,0.0220038631013031,285,365,297,310,340,216
1776733958.2896283,4.2217603206758785,0,0,0.0,0.0,0.0220038631013031,285,365,297,310,340,216
1776733958.3019743,4.2217603206758785,0,0,0.0,0.0,0.0220038631013031,285,365,297,310,340,216
1776733958.3196251,4.2217603206758785,0,0,0.0,0.0,0.0220038631013031,285,365,297,310,340,216
1776733958.3522184,4.2250561924055265,0,0,0.0,0.0,0.0220038631013031,285,365,297,310,340,216
1776733958.3840523,4.2250561924055265,0,0,0.0,0.0,0.0220038631013031,285,365,297,310,340,216
1776733958.415041,4.239033715443316,0,0,0.0,0.0,0.0220038631013031,285,365,297,310,340,216
1776733958.4503763,4.239033715443316,0,0,0.0,0.0,0.0220038631013031,285,365,297,310,340,216
1776733958.4828355,4.21142022926599,0,0,0.0,0.0,0.0220038631013031,285,365,297,310,340,216
1776733958.5436683,4.250852137559594,0,0,0.0,0.0,0.0220038631013031,285,365,297,310,340,216
1776733958.5746233,4.234511282535756,0,0,0.0,0.0,0.0220038631013031,285,365,297,310,340,216
1776733958.6251566,4.234511282535756,0,0,0.0,0.0,0.0220038631013031,285,365,297,310,340,216
1776733958.655207,4.152706769521453,0,0,0.0,0.0,0.0220038631013031,285,365,297,310,340,216
1776733958.6691692,4.152706769521453,0,0,0.0,0.0,0.0220038631013031,285,365,297,310,340,216
1776733958.6909091,4.203624061712872,0,0,0.0,0.0,0.0220038631013031,285,365,297,310,340,216
1776733958.7205467,4.203624061712872,0,0,0.0,0.0,0.0220038631013031,285,365,297,310,340,216
1776733958.751915,4.198174437027723,0,0,0.0,0.0,0.0220038631013031,285,365,297,310,340,216
1776733958.784064,4.198174437027723,0,0,0.0,0.0,0.0220038631013031,285,365,297,310,340,216
1776733958.8156219,4.218904662216634,0,0,0.0,0.0,0.0220038631013031,285,365,297,310,340,216
1776733958.848767,4.218904662216634,0,0,0.0,0.0,0.0220038631013031,285,365,297,310,340,216
1776733958.881857,4.2873427973299805,0,0,0.0,0.0,0.0220038631013031,285,365,297,310,340,216
1776733958.9434404,4.212405678397988,0,0,0.0,0.0,0.0220038631013031,285,365,297,310,340,216
1776733958.9765182,4.2474434070387925,0,0,0.0,0.0,0.0220038631013031,285,365,297,310,340,216
1776733959.0273461,4.224466044223275,0,0,0.0,0.0,0.0220038631013031,285,365,297,310,340,216
1776733959.0570343,4.224466044223275,0,0,0.0,0.0,0.0220038631013031,285,365,297,310,340,216
1776733959.0699458,4.224466044223275,0,0,0.0,0.0,0.0220038631013031,285,365,297,310,340,216
1776733959.0869381,4.150679626533965,0,0,0.0,0.0,0.0220038631013031,285,365,297,310,340,216
1776733959.1200402,4.150679626533965,0,0,0.0,0.0,0.0220038631013031,285,365,297,310,340,216
1776733959.1525514,4.122407775920379,0,0,0.0,0.0,0.0220038631013031,285,365,297,310,340,216
1776733959.1845958,4.122407775920379,0,0,0.0,0.0,0.0220038631013031,285,365,297,310,340,216
1776733959.2164166,4.141444665552228,0,0,0.0,0.0,0.0220038631013031,285,365,297,310,340,216
1776733959.252162,4.168866799331337,0,0,0.0,0.0,0.0220038631013031,285,365,297,310,340,216
1776733959.281318,4.168866799331337,0,0,0.0,0.0,0.0220038631013031,285,365,297,310,340,216
1776733959.3444953,4.165320079598802,0,0,0.0,0.0,0.0220038631013031,285,365,297,310,340,216
1776733959.3778813,4.1071920477592805,0,0,0.0,0.0,0.0220038631013031,285,365,297,310,340,216
1776733959.4233134,4.136315228655568,0,0,0.0,0.0,0.0220038631013031,285,365,297,310,340,216
1776733959.4583435,4.136315228655568,0,0,0.0,0.0,0.0220038631013031,285,365,297,310,340,216
1776733959.4776487,4.09378913719334,0,0,0.0,0.0,0.0220038631013031,285,365,297,310,340,216
1776733959.4910111,4.09378913719334,0,0,0.0,0.0,0.0220038631013031,285,365,297,310,340,216
1776733959.5211668,4.09378913719334,0,0,0.0,0.0,0.0220038631013031,285,365,297,310,340,216
1776733959.552874,4.152273482316004,0,0,0.0,0.0,0.0220038631013031,285,365,297,310,340,216
1776733959.5883555,4.299364089389602,0,0,0.0,0.0,0.0220038631013031,285,365,297,310,340,216
1776733959.6159964,4.299364089389602,0,0,0.0,0.0,0.0220038631013031,285,365,297,310,340,216
1776733959.6487472,4.191618453633762,0,0,0.0,0.0,0.0220038631013031,285,365,297,310,340,216
1776733959.682382,4.191618453633762,0,0,0.0,0.0,0.0220038631013031,285,365,297,310,340,216
1776733959.7444053,4.122971072180257,0,0,0.0,0.0,0.0220038631013031,285,365,297,310,340,216
1776733959.7783427,4.109782643308154,0,0,0.0,0.0,0.0220038631013031,285,365,297,310,340,216
1776733959.8266537,4.113869585984893,0,0,0.0,0.0,0.0220038631013031,285,365,297,310,340,216
1776733959.8409355,4.113869585984893,0,0,0.0,0.0,0.0220038631013031,285,365,297,310,340,216
1776733959.858166,4.113869585984893,0,0,0.0,0.0,0.0220038631013031,285,365,297,310,340,216
1776733959.8878505,4.132321751590936,0,0,0.0,0.0,0.0220038631013031,285,365,297,310,340,216
1776733959.918988,4.132321751590936,0,0,0.0,0.0,0.0220038631013031,285,365,297,310,340,216
1776733959.9523506,4.1793930509545625,0,0,0.0,0.0,0.0220038631013031,285,365,297,310,340,216
1776733959.9858327,4.099635830572737,0,0,0.0,0.0,0.0220038631013031,285,365,297,310,340,216
1776733960.015166,4.099635830572737,0,0,0.0,0.0,0.0220038631013031,285,365,297,310,340,216
1776733960.048117,4.083781498343642,0,0,0.0,0.0,0.0220038631013031,285,365,297,310,340,216
1776733960.0852666,4.083781498343642,0,0,0.0,0.0,0.0220038631013031,285,365,297,310,340,216
1776733960.1141057,4.066268899006185,0,0,0.0,0.0,0.0220038631013031,285,365,297,310,340,216
1776733960.1953142,4.1077613394037105,0,0,0.0,0.0,0.0220038631013031,285,365,297,310,340,216
1776733960.2291856,4.068656803642226,0,0,0.0,0.0,0.0220038631013031,285,365,297,310,340,216
1776733960.2446525,4.068656803642226,0,0,0.0,0.0,0.0220038631013031,285,365,297,310,340,216
1776733960.2642803,4.125194082185336,0,0,0.0,0.0,0.0220038631013031,285,365,297,310,340,216
1776733960.2887702,4.125194082185336,0,0,0.0,0.0,0.0220038631013031,285,365,297,310,340,216
1776733960.321376,4.1111164493112025,0,0,0.0,0.0,0.0220038631013031,285,365,297,310,340,216
1776733960.3538842,4.1111164493112025,0,0,0.0,0.0,0.0220038631013031,285,365,297,310,340,216
1776733960.3853796,4.038669869586721,0,0,0.0,0.0,0.0220038631013031,285,365,297,310,340,216
1776733960.4143496,4.038669869586721,0,0,0.0,0.0,0.0220038631013031,285,365,297,310,340,216
1776733960.449631,4.019201921752033,0,0,0.0,0.0,0.0220038631013031,285,365,297,310,340,216
1776733960.4813213,4.019201921752033,0,0,0.0,0.0,0.0220038631013031,285,365,297,310,340,216
1776733960.5465953,3.99152115305122,0,0,0.0,0.0,0.0220038631013031,285,365,297,310,340,216
1776733960.5928817,3.99152115305122,0,0,0.0,0.0,0.0220038631013031,285,365,297,310,340,216
1776733960.6250336,4.034912691830732,0,0,0.0,0.0,0.0220038631013031,285,365,297,310,340,216
1776733960.6385329,4.034912691830732,0,0,0.0,0.0,0.0220038631013031,285,365,297,310,340,216
1776733960.6613202,4.036947615098439,0,0,0.0,0.0,0.0220038631013031,285,365,297,310,340,216
1776733960.6894307,4.036947615098439,0,0,0.0,0.0,0.0220038631013031,285,365,297,310,340,216
1776733960.719173,4.018168569059064,0,0,0.0,0.0,0.0220038631013031,285,365,297,310,340,216
1776733960.7538486,4.018168569059064,0,0,0.0,0.0,0.0220038631013031,285,365,297,310,340,216
1776733960.7832065,4.0069011414354385,0,0,0.0,0.0,0.0220038631013031,285,365,297,310,340,216
1776733960.8156874,4.0069011414354385,0,0,0.0,0.0,0.0220038631013031,285,365,297,310,340,216
1776733960.8501577,3.9321406848612632,0,0,0.0,0.0,0.0220038631013031,285,365,297,310,340,216
1776733960.8868897,3.9592844109167578,0,0,0.0,0.0,0.0220038631013031,285,365,297,310,340,216
1776733960.944142,4.003570646550054,0,0,0.0,0.0,0.0220038631013031,285,365,297,310,340,216
1776733961.0016892,3.9901423879300326,0,0,0.0,0.0,0.0220038631013031,285,365,297,310,340,216
1776733961.0266883,3.9901423879300326,0,0,0.0,0.0,0.0220038631013031,285,365,297,310,340,216
1776733961.039604,3.9901423879300326,0,0,0.0,0.0,0.0220038631013031,285,365,297,310,340,216
1776733961.0580828,3.9660854327580197,0,0,0.0,0.0,0.0220038631013031,285,365,297,310,340,216
1776733961.0895972,3.9660854327580197,0,0,0.0,0.0,0.0220038631013031,285,365,297,310,340,216
1776733961.1198094,3.927651259654812,0,0,0.0,0.0,0.0220038631013031,285,365,297,310,340,216
1776733961.153066,3.927651259654812,0,0,0.0,0.0,0.0220038631013031,285,365,297,310,340,216
1776733961.1836157,3.9685907557928872,0,0,0.0,0.0,0.0220038631013031,285,365,297,310,340,216
1776733961.2153578,3.9685907557928872,0,0,0.0,0.0,0.0220038631013031,285,365,297,310,340,216
1776733961.2490673,3.973154453475732,0,0,0.0,0.0,0.0220038631013031,285,365,297,310,340,216
1776733961.2823732,3.9718926720854393,0,0,0.0,0.0,0.0220038631013031,285,365,297,310,340,216
1776733961.3602116,4.023135603251263,0,0,0.0,0.0,0.0220038631013031,285,365,297,310,340,216
1776733961.3943326,3.981881361950758,0,0,0.0,0.0,0.0220038631013031,285,365,297,310,340,216
1776733961.4068334,3.981881361950758,0,0,0.0,0.0,0.0220038631013031,285,365,297,310,340,216
1776733961.4276252,3.981881361950758,0,0,0.0,0.0,0.0220038631013031,285,365,297,310,340,216
1776733961.4552455,4.001128817170455,0,0,0.0,0.0,0.0220038631013031,285,365,297,310,340,216
1776733961.4875925,4.001128817170455,0,0,0.0,0.0,0.0220038631013031,285,365,297,310,340,216
1776733961.5192263,4.000677290302273,0,0,0.0,0.0,0.0220038631013031,285,365,297,310,340,216
1776733961.5511246,4.000677290302273,0,0,0.0,0.0,0.0220038631013031,285,365,297,310,340,216
1776733961.5831861,3.908406374181364,0,0,0.0,0.0,0.0220038631013031,285,365,297,310,340,216
1776733961.6200893,3.9530438245088177,0,0,0.0,0.0,0.0220038631013031,285,365,297,310,340,216
1776733961.6499693,3.9530438245088177,0,0,0.0,0.0,0.0220038631013031,285,365,297,310,340,216
1776733961.6822371,3.9038262947052904,0,0,0.0,0.0,0.0220038631013031,285,365,297,310,340,216
1776733961.7594886,3.9622957768231744,0,0,0.0,0.0,0.0220038631013031,285,365,297,310,340,216
1776733961.7922618,3.9453774660939045,0,0,0.0,0.0,0.0220038631013031,285,365,297,310,340,216
1776733961.806714,3.9453774660939045,0,0,0.0,0.0,0.0220038631013031,285,365,297,310,340,216
1776733961.8252451,3.9453774660939045,0,0,0.0,0.0,0.0220038631013031,285,365,297,310,340,216
1776733961.8573298,3.847226479656343,0,0,0.0,0.0,0.0220038631013031,285,365,297,310,340,216
1776733961.88917,3.847226479656343,0,0,0.0,0.0,0.0220038631013031,285,365,297,310,340,216
1776733961.919408,3.8483358877938056,0,0,0.0,0.0,0.0220038631013031,285,365,297,310,340,216
1776733961.95994,3.9290015326762835,0,0,0.0,0.0,0.0220038631013031,285,365,297,310,340,216
1776733961.9833655,3.9290015326762835,0,0,0.0,0.0,0.0220038631013031,285,365,297,310,340,216
1776733962.0195456,3.95740091960577,0,0,0.0,0.0,0.0220038631013031,285,365,297,310,340,216
1776733962.04779,3.95740091960577,0,0,0.0,0.0,0.0220038631013031,285,365,297,310,340,216
1776733962.0812554,3.970440551763462,0,0,0.0,0.0,0.0220038631013031,285,365,297,310,340,216
1776733962.1618583,3.958264331058077,0,0,0.0,0.0,0.0220038631013031,285,365,297,310,340,216
1776733962.1950057,4.014958598634846,0,0,0.0,0.0,0.0220038631013031,285,365,297,310,340,216
1776733962.2084143,4.014958598634846,0,0,0.0,0.0,0.0220038631013031,285,365,297,310,340,216
1776733962.228408,4.014958598634846,0,0,0.0,0.0,0.0220038631013031,285,365,297,310,340,216
1776733962.2563891,3.9689751591809075,0,0,0.0,0.0,0.0220038631013031,285,365,297,310,340,216
1776733962.2878447,3.9689751591809075,0,0,0.0,0.0,0.0220038631013031,285,365,297,310,340,216
1776733962.322179,3.8933850955085445,0,0,0.0,0.0,0.0220038631013031,285,365,297,310,340,216
1776733962.3527594,3.9600310573051267,0,0,0.0,0.0,0.0220038631013031,285,365,297,310,340,216
1776733962.3833265,3.9600310573051267,0,0,0.0,0.0,0.0220038631013031,285,365,297,310,340,216
1776733962.4154463,3.916018634383076,0,0,0.0,0.0,0.0220038631013031,285,365,297,310,340,216
1776733962.4488606,3.916018634383076,0,0,0.0,0.0,0.0220038631013031,285,365,297,310,340,216
1776733962.4824088,3.9656111806298457,0,0,0.0,0.0,0.0220038631013031,285,365,297,310,340,216
1776733962.5603514,3.9473667083779076,0,0,0.0,0.0,0.0220038631013031,285,365,297,310,340,216
1776733962.5782263,3.9404200250267447,0,0,0.0,0.0,0.0220038631013031,285,365,297,310,340,216
1776733962.5932906,3.9404200250267447,0,0,0.0,0.0,0.0220038631013031,285,365,297,310,340,216
1776733962.6229632,3.9404200250267447,0,0,0.0,0.0,0.0220038631013031,285,365,297,310,340,216
1776733962.6573539,3.9402520150160467,0,0,0.0,0.0,0.0220038631013031,285,365,297,310,340,216
1776733962.6927152,3.916151209009628,0,0,0.0,0.0,0.0220038631013031,285,365,297,310,340,216
1776733962.7201235,3.916151209009628,0,0,0.0,0.0,0.0220038631013031,285,365,297,310,340,216
1776733962.751894,3.9336907254057767,0,0,0.0,0.0,0.0220038631013031,285,365,297,310,340,216
1776733962.7839708,3.9336907254057767,0,0,0.0,0.0,0.0220038631013031,285,365,297,310,340,216
1776733962.8154716,3.944214435243466,0,0,0.0,0.0,0.0220038631013031,285,365,297,310,340,216
1776733962.8485463,3.944214435243466,0,0,0.0,0.0,0.0220038631013031,285,365,297,310,340,216
1776733962.8806663,3.9425286611460795,0,0,0.0,0.0,0.0220038631013031,285,365,297,310,340,216
1776733962.9616349,3.9095171966876476,0,0,0.0,0.0,0.0220038631013031,285,365,297,310,340,216
1776733962.9861026,3.8217103180125886,0,0,0.0,0.0,0.0220038631013031,285,365,297,310,340,216
1776733962.9971037,3.8217103180125886,0,0,0.0,0.0,0.0220038631013031,285,365,297,310,340,216
1776733963.0292025,3.889026190807553,0,0,0.0,0.0,0.0220038631013031,285,365,297,310,340,216
1776733963.0582843,3.889026190807553,0,0,0.0,0.0,0.0220038631013031,285,365,297,310,340,216
1776733963.0906503,3.909415714484532,0,0,0.0,0.0,0.0220038631013031,285,365,297,310,340,216
1776733963.120446,3.909415714484532,0,0,0.0,0.0,0.0220038631013031,285,365,297,310,340,216
1776733963.1529589,3.9376494286907193,0,0,0.0,0.0,0.0220038631013031,285,365,297,310,340,216
1776733963.1853726,3.9376494286907193,0,0,0.0,0.0,0.0220038631013031,285,365,297,310,340,216
1776733963.2180727,3.9305896572144317,0,0,0.0,0.0,0.0220038631013031,285,365,297,310,340,216
1776733963.2474036,3.9305896572144317,0,0,0.0,0.0,0.0220038631013031,285,365,297,310,340,216
1776733963.2843876,3.938353794328659,0,0,0.0,0.0,0.0220038631013031,285,365,297,310,340,216
1776733963.3264463,3.8710122765971953,0,0,0.0,0.0,0.0220038631013031,285,365,297,310,340,216
1776733963.360718,3.8710122765971953,0,0,0.0,0.0,0.0220038631013031,285,365,297,310,340,216
1776733963.3933234,3.890607365958317,0,0,0.0,0.0,0.0220038631013031,285,365,297,310,340,216
1776733963.426264,3.9263644195749903,0,0,0.0,0.0,0.0220038631013031,285,365,297,310,340,216
1776733963.4571247,3.9263644195749903,0,0,0.0,0.0,0.0220038631013031,285,365,297,310,340,216
1776733963.488152,3.887818651744994,0,0,0.0,0.0,0.0220038631013031,285,365,297,310,340,216
1776733963.5219002,3.887818651744994,0,0,0.0,0.0,0.0220038631013031,285,365,297,310,340,216
1776733963.5512905,3.9246911910469966,0,0,0.0,0.0,0.0220038631013031,285,365,297,310,340,216
1776733963.5843534,3.9246911910469966,0,0,0.0,0.0,0.0220038631013031,285,365,297,310,340,216
1776733963.617621,3.8988147146281977,0,0,0.0,0.0,0.0220038631013031,285,365,297,310,340,216
1776733963.6516354,3.8312888287769185,0,0,0.0,0.0,0.0220038631013031,285,365,297,310,340,216
1776733963.68158,3.8312888287769185,0,0,0.0,0.0,0.0220038631013031,285,365,297,310,340,216
1776733963.7627196,3.826773297266151,0,0,0.0,0.0,0.0220038631013031,285,365,297,310,340,216
1776733963.776739,3.826773297266151,0,0,0.0,0.0,0.0220038631013031,285,365,297,310,340,216
1776733963.795694,3.826773297266151,0,0,0.0,0.0,0.0220038631013031,285,365,297,310,340,216
1776733963.825362,3.8000639783596903,0,0,0.0,0.0,0.0220038631013031,285,365,297,310,340,216
1776733963.8578384,3.8000639783596903,0,0,0.0,0.0,0.0220038631013031,285,365,297,310,340,216
1776733963.8892736,3.8000383870158143,0,0,0.0,0.0,0.0220038631013031,285,365,297,310,340,216
1776733963.920314,3.8000383870158143,0,0,0.0,0.0,0.0220038631013031,285,365,297,310,340,216
1776733963.9528873,3.8000230322094883,0,0,0.0,0.0,0.0220038631013031,285,365,297,310,340,216
1776733963.9871123,3.836013819325693,0,0,0.0,0.0,0.0220038631013031,285,365,297,310,340,216
1776733964.0157125,3.836013819325693,0,0,0.0,0.0,0.0220038631013031,285,365,297,310,340,216
1776733964.0482683,3.7896082915954157,0,0,0.0,0.0,0.0220038631013031,285,365,297,310,340,216
1776733964.0964284,3.7896082915954157,0,0,0.0,0.0,0.0220038631013031,285,365,297,310,340,216
1776733964.129743,3.8537649749572496,0,0,0.0,0.0,0.0220038631013031,285,365,297,310,340,216
1776733964.160671,3.8402589849743496,0,0,0.0,0.0,0.0220038631013031,285,365,297,310,340,216
1776733964.1943398,3.8402589849743496,0,0,0.0,0.0,0.0220038631013031,285,365,297,310,340,216
1776733964.2257006,3.86015539098461,0,0,0.0,0.0,0.0220038631013031,285,365,297,310,340,216
1776733964.2568593,3.86015539098461,0,0,0.0,0.0,0.0220038631013031,285,365,297,310,340,216
1776733964.2891,3.9400932345907655,0,0,0.0,0.0,0.0220038631013031,285,365,297,310,340,216
1776733964.3199887,3.9400932345907655,0,0,0.0,0.0,0.0220038631013031,285,365,297,310,340,216
1776733964.35324,3.832055940754459,0,0,0.0,0.0,0.0220038631013031,285,365,297,310,340,216
1776733964.3858364,3.8272335644526754,0,0,0.0,0.0,0.0220038631013031,285,365,297,310,340,216
1776733964.4159763,3.8272335644526754,0,0,0.0,0.0,0.0220038631013031,285,365,297,310,340,216
1776733964.44911,3.800340138671605,0,0,0.0,0.0,0.0220038631013031,285,365,297,310,340,216
1776733964.4958277,3.820204083202963,0,0,0.0,0.0,0.0220038631013031,285,365,297,310,340,216
1776733964.5280232,3.820204083202963,0,0,0.0,0.0,0.0220038631013031,285,365,297,310,340,216
1776733964.5629644,3.8761224499217777,0,0,0.0,0.0,0.0220038631013031,285,365,297,310,340,216
1776733964.5937488,3.8761224499217777,0,0,0.0,0.0,0.0220038631013031,285,365,297,310,340,216
1776733964.6241882,3.9016734699530664,0,0,0.0,0.0,0.0220038631013031,285,365,297,310,340,216
1776733964.6566756,3.9016734699530664,0,0,0.0,0.0,0.0220038631013031,285,365,297,310,340,216
1776733964.6876569,3.88500408197184,0,0,0.0,0.0,0.0220038631013031,285,365,297,310,340,216
1776733964.720775,3.8190024491831043,0,0,0.0,0.0,0.0220038631013031,285,365,297,310,340,216
1776733964.7519512,3.8190024491831043,0,0,0.0,0.0,0.0220038631013031,285,365,297,310,340,216
1776733964.788092,3.7754014695098626,0,0,0.0,0.0,0.0220038631013031,285,365,297,310,340,216
1776733964.8181443,3.7754014695098626,0,0,0.0,0.0,0.0220038631013031,285,365,297,310,340,216
1776733964.8476508,3.8052408817059176,0,0,0.0,0.0,0.0220038631013031,285,365,297,310,340,216
1776733964.8956327,3.7671445290235503,0,0,0.0,0.0,0.0220038631013031,285,365,297,310,340,216
1776733964.9281082,3.7671445290235503,0,0,0.0,0.0,0.0220038631013031,285,365,297,310,340,216
1776733964.9622254,3.86028671741413,0,0,0.0,0.0,0.0220038631013031,285,365,297,310,340,216
1776733964.9954894,3.86028671741413,0,0,0.0,0.0,0.0220038631013031,285,365,297,310,340,216
1776733965.0242856,3.852172030448478,0,0,0.0,0.0,0.0220038631013031,285,365,297,310,340,216
1776733965.06027,3.8393032182690865,0,0,0.0,0.0,0.0220038631013031,285,365,297,310,340,216
1776733965.0929966,3.8393032182690865,0,0,0.0,0.0,0.0220038631013031,285,365,297,310,340,216
1776733965.1204143,3.887581930961452,0,0,0.0,0.0,0.0220038631013031,285,365,297,310,340,216
1776733965.1505163,3.887581930961452,0,0,0.0,0.0,0.0220038631013031,285,365,297,310,340,216
1776733965.1848822,3.848549158576871,0,0,0.0,0.0,0.0220038631013031,285,365,297,310,340,216
1776733965.2159357,3.848549158576871,0,0,0.0,0.0,0.0220038631013031,285,365,297,310,340,216
1776733965.2642095,3.9251294951461224,0,0,0.0,0.0,0.0220038631013031,285,365,297,310,340,216
1776733965.2972634,3.9750776970876736,0,0,0.0,0.0,0.0220038631013031,285,365,297,310,340,216
1776733965.3285115,3.9750776970876736,0,0,0.0,0.0,0.0220038631013031,285,365,297,310,340,216
1776733965.360393,3.9810466182526043,0,0,0.0,0.0,0.0220038631013031,285,365,297,310,340,216
1776733965.4001985,3.9806279709515624,0,0,0.0,0.0,0.0220038631013031,285,365,297,310,340,216
1776733965.4251752,3.9806279709515624,0,0,0.0,0.0,0.0220038631013031,285,365,297,310,340,216
1776733965.4568312,4.016376782570937,0,0,0.0,0.0,0.0220038631013031,285,365,297,310,340,216
1776733965.4889677,4.016376782570937,0,0,0.0,0.0,0.0220038631013031,285,365,297,310,340,216
1776733965.5210953,3.929826069542562,0,0,0.0,0.0,0.0220038631013031,285,365,297,310,340,216
1776733965.5526023,3.929826069542562,0,0,0.0,0.0,0.0220038631013031,285,365,297,310,340,216
1776733965.5878913,3.9378956417255373,0,0,0.0,0.0,0.0220038631013031,285,365,297,310,340,216
1776733965.6156886,3.9378956417255373,0,0,0.0,0.0,0.0220038631013031,285,365,297,310,340,216
1776733965.6647866,3.9107373850353224,0,0,0.0,0.0,0.0220038631013031,285,365,297,310,340,216
1776733965.6966572,3.8984424310211936,0,0,0.0,0.0,0.0220038631013031,285,365,297,310,340,216
1776733965.7288501,3.8984424310211936,0,0,0.0,0.0,0.0220038631013031,285,365,297,310,340,216
1776733965.7613332,3.899065458612716,0,0,0.0,0.0,0.0220038631013031,285,365,297,310,340,216
1776733965.794147,3.9474392751676293,0,0,0.0,0.0,0.0220038631013031,285,365,297,310,340,216
1776733965.8265455,3.9474392751676293,0,0,0.0,0.0,0.0220038631013031,285,365,297,310,340,216
1776733965.8565001,3.9284635651005777,0,0,0.0,0.0,0.0220038631013031,285,365,297,310,340,216
1776733965.8881056,3.9284635651005777,0,0,0.0,0.0,0.0220038631013031,285,365,297,310,340,216
1776733965.9232564,3.9330781390603464,0,0,0.0,0.0,0.0220038631013031,285,365,297,310,340,216
1776733965.951344,3.9330781390603464,0,0,0.0,0.0,0.0220038631013031,285,365,297,310,340,216
1776733965.985285,3.975846883436208,0,0,0.0,0.0,0.0220038631013031,285,365,297,310,340,216
1776733966.01871,3.9895081300617248,0,0,0.0,0.0,0.0220038631013031,285,365,297,310,340,216
1776733966.0649297,3.9895081300617248,0,0,0.0,0.0,0.0220038631013031,285,365,297,310,340,216
1776733966.0974207,3.9097048780370347,0,0,0.0,0.0,0.0220038631013031,285,365,297,310,340,216
1776733966.1350799,3.925822926822221,0,0,0.0,0.0,0.0220038631013031,285,365,297,310,340,216
1776733966.1612618,3.925822926822221,0,0,0.0,0.0,0.0220038631013031,285,365,297,310,340,216
1776733966.1959138,3.9554937560933325,0,0,0.0,0.0,0.0220038631013031,285,365,297,310,340,216
1776733966.2230365,3.9554937560933325,0,0,0.0,0.0,0.0220038631013031,285,365,297,310,340,216
1776733966.2572606,3.9212962536559997,0,0,0.0,0.0,0.0220038631013031,285,365,297,310,340,216
1776733966.2880235,3.9212962536559997,0,0,0.0,0.0,0.0220038631013031,285,365,297,310,340,216
1776733966.3215406,3.9447777521935996,0,0,0.0,0.0,0.0220038631013031,285,365,297,310,340,216
1776733966.3590405,3.9788666513161597,0,0,0.0,0.0,0.0220038631013031,285,365,297,310,340,216
1776733966.3858967,3.9788666513161597,0,0,0.0,0.0,0.0220038631013031,285,365,297,310,340,216
1776733966.4187167,3.983319990789696,0,0,0.0,0.0,0.0220038631013031,285,365,297,310,340,216
1776733966.4636426,3.983319990789696,0,0,0.0,0.0,0.0220038631013031,285,365,297,310,340,216
1776733966.4962904,3.9619919944738173,0,0,0.0,0.0,0.0220038631013031,285,365,297,310,340,216
1776733966.5296106,3.96919519668429,0,0,0.0,0.0,0.0220038631013031,285,365,297,310,340,216
1776733966.5628228,3.96919519668429,0,0,0.0,0.0,0.0220038631013031,285,365,297,310,340,216
1776733966.5950398,3.925517118010574,0,0,0.0,0.0,0.0220038631013031,285,365,297,310,340,216
1776733966.6265676,3.925517118010574,0,0,0.0,0.0,0.0220038631013031,285,365,297,310,340,216
1776733966.6579838,3.9313102708063443,0,0,0.0,0.0,0.0220038631013031,285,365,297,310,340,216
1776733966.6874678,3.9313102708063443,0,0,0.0,0.0,0.0220038631013031,285,365,297,310,340,216
1776733966.7190347,3.998786162483807,0,0,0.0,0.0,0.0220038631013031,285,365,297,310,340,216
1776733966.7533426,4.007271697490284,0,0,0.0,0.0,0.0220038631013031,285,365,297,310,340,216
1776733966.7836368,4.007271697490284,0,0,0.0,0.0,0.0220038631013031,285,365,297,310,340,216
1776733966.8326428,3.9923630184941703,0,0,0.0,0.0,0.0220038631013031,285,365,297,310,340,216
1776733966.8664734,4.003417811096502,0,0,0.0,0.0,0.0220038631013031,285,365,297,310,340,216
1776733966.8978012,4.003417811096502,0,0,0.0,0.0,0.0220038631013031,285,365,297,310,340,216
1776733966.9276586,3.958050686657901,0,0,0.0,0.0,0.0220038631013031,285,365,297,310,340,216
1776733966.9643207,3.958050686657901,0,0,0.0,0.0,0.0220038631013031,285,365,297,310,340,216
1776733966.9955158,3.9348304119947404,0,0,0.0,0.0,0.0220038631013031,285,365,297,310,340,216
1776733967.0234728,3.9348304119947404,0,0,0.0,0.0,0.0220038631013031,285,365,297,310,340,216
1776733967.0558069,3.988898247196844,0,0,0.0,0.0,0.0220038631013031,285,365,297,310,340,216
1776733967.0918558,3.9933389483181063,0,0,0.0,0.0,0.0220038631013031,285,365,297,310,340,216
1776733967.1223223,3.9933389483181063,0,0,0.0,0.0,0.0220038631013031,285,365,297,310,340,216
1776733967.1547496,4.044003368990864,0,0,0.0,0.0,0.0220038631013031,285,365,297,310,340,216
1776733967.1829948,4.044003368990864,0,0,0.0,0.0,0.0220038631013031,285,365,297,310,340,216
1776733967.2334306,4.074402021394518,0,0,0.0,0.0,0.0220038631013031,285,365,297,310,340,216
1776733967.263679,4.040641212836711,0,0,0.0,0.0,0.0220038631013031,285,365,297,310,340,216
1776733967.2957442,4.040641212836711,0,0,0.0,0.0,0.0220038631013031,285,365,297,310,340,216
1776733967.3277657,4.004384727702027,0,0,0.0,0.0,0.0220038631013031,285,365,297,310,340,216
1776733967.374651,4.034630836621216,0,0,0.0,0.0,0.0220038631013031,285,365,297,310,340,216
1776733967.3945441,4.034630836621216,0,0,0.0,0.0,0.0220038631013031,285,365,297,310,340,216
1776733967.4274957,4.03677850197273,0,0,0.0,0.0,0.0220038631013031,285,365,297,310,340,216
1776733967.458008,4.03677850197273,0,0,0.0,0.0,0.0220038631013031,285,365,297,310,340,216
1776733967.4889987,4.114067101183638,0,0,0.0,0.0,0.0220038631013031,285,365,297,310,340,216
1776733967.5210571,4.114067101183638,0,0,0.0,0.0,0.0220038631013031,285,365,297,310,340,216
1776733967.552115,4.088440260710183,0,0,0.0,0.0,0.0220038631013031,285,365,297,310,340,216
1776733967.5841792,4.088440260710183,0,0,0.0,0.0,0.0220038631013031,285,365,297,310,340,216
1776733967.633105,4.097064156426109,0,0,0.0,0.0,0.0220038631013031,285,365,297,310,340,216
1776733967.6641066,4.0622384938556655,0,0,0.0,0.0,0.0220038631013031,285,365,297,310,340,216
1776733967.6971095,4.0622384938556655,0,0,0.0,0.0,0.0220038631013031,285,365,297,310,340,216
1776733967.7322774,4.073343096313399,0,0,0.0,0.0,0.0220038631013031,285,365,297,310,340,216
1776733967.7601562,4.073343096313399,0,0,0.0,0.0,0.0220038631013031,285,365,297,310,340,216
1776733967.793658,4.08800585778804,0,0,0.0,0.0,0.0220038631013031,285,365,297,310,340,216
1776733967.8274846,4.028803514672823,0,0,0.0,0.0,0.0220038631013031,285,365,297,310,340,216
1776733967.8576443,4.028803514672823,0,0,0.0,0.0,0.0220038631013031,285,365,297,310,340,216
1776733967.8889873,4.065282108803694,0,0,0.0,0.0,0.0220038631013031,285,365,297,310,340,216
1776733967.9191465,4.065282108803694,0,0,0.0,0.0,0.0220038631013031,285,365,297,310,340,216
1776733967.951684,4.119169265282217,0,0,0.0,0.0,0.0220038631013031,285,365,297,310,340,216
1776733968.0000484,4.07150155916933,0,0,0.0,0.0,0.0220038631013031,285,365,297,310,340,216
1776733968.0310638,4.07150155916933,0,0,0.0,0.0,0.0220038631013031,285,365,297,310,340,216
1776733968.063977,4.086900935501598,0,0,0.0,0.0,0.0220038631013031,285,365,297,310,340,216
1776733968.0968597,4.086900935501598,0,0,0.0,0.0,0.0220038631013031,285,365,297,310,340,216
1776733968.1278548,4.068140561300959,0,0,0.0,0.0,0.0220038631013031,285,365,297,310,340,216
1776733968.160727,4.024884336780575,0,0,0.0,0.0,0.0220038631013031,285,365,297,310,340,216
1776733968.1950214,4.024884336780575,0,0,0.0,0.0,0.0220038631013031,285,365,297,310,340,216
1776733968.2249389,4.090930602068346,0,0,0.0,0.0,0.0220038631013031,285,365,297,310,340,216
1776733968.2586367,4.090930602068346,0,0,0.0,0.0,0.0220038631013031,285,365,297,310,340,216
1776733968.2897906,4.0745583612410075,0,0,0.0,0.0,0.0220038631013031,285,365,297,310,340,216
1776733968.3209405,4.0745583612410075,0,0,0.0,0.0,0.0220038631013031,285,365,297,310,340,216
1776733968.353278,4.124735016744605,0,0,0.0,0.0,0.0220038631013031,285,365,297,310,340,216
1776733968.4015658,4.142841010046763,0,0,0.0,0.0,0.0220038631013031,285,365,297,310,340,216
1776733968.431875,4.142841010046763,0,0,0.0,0.0,0.0220038631013031,285,365,297,310,340,216
1776733968.4653945,4.117704606028058,0,0,0.0,0.0,0.0220038631013031,285,365,297,310,340,216
1776733968.500724,4.062622763616835,0,0,0.0,0.0,0.0220038631013031,285,365,297,310,340,216
1776733968.5268986,4.062622763616835,0,0,0.0,0.0,0.0220038631013031,285,365,297,310,340,216
1776733968.5613956,4.077573658170101,0,0,0.0,0.0,0.0220038631013031,285,365,297,310,340,216
1776733968.5937347,4.077573658170101,0,0,0.0,0.0,0.0220038631013031,285,365,297,310,340,216
1776733968.6277587,4.134544194902061,0,0,0.0,0.0,0.0220038631013031,285,365,297,310,340,216
1776733968.6596825,4.134544194902061,0,0,0.0,0.0,0.0220038631013031,285,365,297,310,340,216
1776733968.6886945,4.116726516941236,0,0,0.0,0.0,0.0220038631013031,285,365,297,310,340,216
1776733968.7259164,4.166035910164742,0,0,0.0,0.0,0.0220038631013031,285,365,297,310,340,216
1776733968.7547507,4.166035910164742,0,0,0.0,0.0,0.0220038631013031,285,365,297,310,340,216
1776733968.8003316,4.147621546098845,0,0,0.0,0.0,0.0220038631013031,285,365,297,310,340,216
1776733968.8405619,4.112572927659307,0,0,0.0,0.0,0.0220038631013031,285,365,297,310,340,216
1776733968.8657243,4.112572927659307,0,0,0.0,0.0,0.0220038631013031,285,365,297,310,340,216
1776733968.897311,4.063543756595584,0,0,0.0,0.0,0.0220038631013031,285,365,297,310,340,216
1776733968.9289784,4.063543756595584,0,0,0.0,0.0,0.0220038631013031,285,365,297,310,340,216
1776733968.960623,4.24612625395735,0,0,0.0,0.0,0.0220038631013031,285,365,297,310,340,216
1776733968.9940069,4.24612625395735,0,0,0.0,0.0,0.0220038631013031,285,365,297,310,340,216
1776733969.0254674,4.11967575237441,0,0,0.0,0.0,0.0220038631013031,285,365,297,310,340,216
1776733969.0556436,4.11967575237441,0,0,0.0,0.0,0.0220038631013031,285,365,297,310,340,216
1776733969.0890026,4.127805451424646,0,0,0.0,0.0,0.0220038631013031,285,365,297,310,340,216
1776733969.1233683,4.124683270854788,0,0,0.0,0.0,0.0220038631013031,285,365,297,310,340,216
1776733969.1529849,4.124683270854788,0,0,0.0,0.0,0.0220038631013031,285,365,297,310,340,216
1776733969.200544,3.890809962512873,0,0,0.0,0.0,0.0220038631013031,285,365,297,310,340,216
1776733969.234034,3.8664859775077236,0,0,0.0,0.0,0.0220038631013031,285,365,297,310,340,216
1776733969.2635531,3.8664859775077236,0,0,0.0,0.0,0.0220038631013031,285,365,297,310,340,216
1776733969.2974548,4.203891586504634,0,0,0.0,0.0,0.0220038631013031,285,365,297,310,340,216
1776733969.3326864,4.203891586504634,0,0,0.0,0.0,0.0220038631013031,285,365,297,310,340,216
1776733969.362916,4.33833495190278,0,0,0.0,0.0,0.0220038631013031,285,365,297,310,340,216
1776733969.3923268,4.33833495190278,0,0,0.0,0.0,0.0220038631013031,285,365,297,310,340,216
1776733969.4258528,4.211000971141668,0,0,0.0,0.0,0.0220038631013031,285,365,297,310,340,216
1776733969.4590974,4.194600582685,0,0,0.0,0.0,0.0220038631013031,285,365,297,310,340,216
1776733969.4900923,4.194600582685,0,0,0.0,0.0,0.0220038631013031,285,365,297,310,340,216
1776733969.5197842,4.276760349611,0,0,0.0,0.0,0.0220038631013031,285,365,297,310,340,216
1776733969.5740888,4.202056209766599,0,0,0.0,0.0,0.0220038631013031,285,365,297,310,340,216
1776733969.599598,4.202056209766599,0,0,0.0,0.0,0.0220038631013031,285,365,297,310,340,216
1776733969.6318111,4.12923372585996,0,0,0.0,0.0,0.0220038631013031,285,365,297,310,340,216
1776733969.6639771,4.12923372585996,0,0,0.0,0.0,0.0220038631013031,285,365,297,310,340,216
1776733969.6956096,4.161540235515976,0,0,0.0,0.0,0.0220038631013031,285,365,297,310,340,216
1776733969.7284212,4.161540235515976,0,0,0.0,0.0,0.0220038631013031,285,365,297,310,340,216
1776733969.7619553,4.156924141309586,0,0,0.0,0.0,0.0220038631013031,285,365,297,310,340,216
1776733969.79247,4.156924141309586,0,0,0.0,0.0,0.0220038631013031,285,365,297,310,340,216
1776733969.8258379,4.178154484785752,0,0,0.0,0.0,0.0220038631013031,285,365,297,310,340,216
1776733969.8583796,4.1988926908714514,0,0,0.0,0.0,0.0220038631013031,285,365,297,310,340,216
1776733969.8910384,4.1988926908714514,0,0,0.0,0.0,0.0220038631013031,285,365,297,310,340,216
1776733969.9208415,4.139335614522871,0,0,0.0,0.0,0.0220038631013031,285,365,297,310,340,216
1776733969.9687293,4.191601368713722,0,0,0.0,0.0,0.0220038631013031,285,365,297,310,340,216
1776733970.0000005,4.191601368713722,0,0,0.0,0.0,0.0220038631013031,285,365,297,310,340,216
1776733970.0324104,4.2069608212282334,0,0,0.0,0.0,0.0220038631013031,285,365,297,310,340,216
1776733970.063605,4.2069608212282334,0,0,0.0,0.0,0.0220038631013031,285,365,297,310,340,216
1776733970.0956745,4.18817649273694,0,0,0.0,0.0,0.0220038631013031,285,365,297,310,340,216
1776733970.1279845,4.18817649273694,0,0,0.0,0.0,0.0220038631013031,285,365,297,310,340,216
1776733970.1611087,4.232905895642164,0,0,0.0,0.0,0.0220038631013031,285,365,297,310,340,216
1776733970.1932237,4.199743537385299,0,0,0.0,0.0,0.0220038631013031,285,365,297,310,340,216
1776733970.2261612,4.199743537385299,0,0,0.0,0.0,0.0220038631013031,285,365,297,310,340,216
1776733970.2579148,4.223846122431179,0,0,0.0,0.0,0.0220038631013031,285,365,297,310,340,216
1776733970.287455,4.223846122431179,0,0,0.0,0.0,0.0220038631013031,285,365,297,310,340,216
1776733970.3199484,4.194307673458708,0,0,0.0,0.0,0.0220038631013031,285,365,297,310,340,216
1776733970.3700361,4.204584604075224,0,0,0.0,0.0,0.0220038631013031,285,365,297,310,340,216
1776733970.3990767,4.204584604075224,0,0,0.0,0.0,0.0220038631013031,285,365,297,310,340,216
1776733970.4336817,4.250750762445135,0,0,0.0,0.0,0.0220038631013031,285,365,297,310,340,216
1776733970.46365,4.250750762445135,0,0,0.0,0.0,0.0220038631013031,285,365,297,310,340,216
1776733970.495896,4.202450457467081,0,0,0.0,0.0,0.0220038631013031,285,365,297,310,340,216
1776733970.532686,4.157470274480248,0,0,0.0,0.0,0.0220038631013031,285,365,297,310,340,216
1776733970.5612729,4.157470274480248,0,0,0.0,0.0,0.0220038631013031,285,365,297,310,340,216
1776733970.5944035,4.138482164688149,0,0,0.0,0.0,0.0220038631013031,285,365,297,310,340,216
1776733970.623917,4.138482164688149,0,0,0.0,0.0,0.0220038631013031,285,365,297,310,340,216
1776733970.6579723,4.107089298812889,0,0,0.0,0.0,0.0220038631013031,285,365,297,310,340,216
1776733970.6899886,4.107089298812889,0,0,0.0,0.0,0.0220038631013031,285,365,297,310,340,216
1776733970.7355716,4.164253579287734,0,0,0.0,0.0,0.0220038631013031,285,365,297,310,340,216
1776733970.7677603,4.0945521475726405,0,0,0.0,0.0,0.0220038631013031,285,365,297,310,340,216
1776733970.8014407,4.0945521475726405,0,0,0.0,0.0,0.0220038631013031,285,365,297,310,340,216
1776733970.832681,4.124731288543584,0,0,0.0,0.0,0.0220038631013031,285,365,297,310,340,216
1776733970.8685248,4.1948387731261505,0,0,0.0,0.0,0.0220038631013031,285,365,297,310,340,216
1776733970.8976622,4.1948387731261505,0,0,0.0,0.0,0.0220038631013031,285,365,297,310,340,216
1776733970.9327726,4.03690326387569,0,0,0.0,0.0,0.0220038631013031,285,365,297,310,340,216
1776733970.960847,4.03690326387569,0,0,0.0,0.0,0.0220038631013031,285,365,297,310,340,216
1776733970.9945211,4.134141958325414,0,0,0.0,0.0,0.0220038631013031,285,365,297,310,340,216
1776733971.0238187,4.134141958325414,0,0,0.0,0.0,0.0220038631013031,285,365,297,310,340,216
1776733971.0580366,4.1164851749952485,0,0,0.0,0.0,0.0220038631013031,285,365,297,310,340,216
1776733971.0891595,4.1164851749952485,0,0,0.0,0.0,0.0220038631013031,285,365,297,310,340,216
1776733971.1361556,4.1378911049971485,0,0,0.0,0.0,0.0220038631013031,285,365,297,310,340,216
1776733971.1686788,4.182734662998289,0,0,0.0,0.0,0.0220038631013031,285,365,297,310,340,216
1776733971.2000322,4.182734662998289,0,0,0.0,0.0,0.0220038631013031,285,365,297,310,340,216
1776733971.2325888,4.185640797798973,0,0,0.0,0.0,0.0220038631013031,285,365,297,310,340,216
1776733971.2653334,4.167384478679383,0,0,0.0,0.0,0.0220038631013031,285,365,297,310,340,216
1776733971.2975755,4.167384478679383,0,0,0.0,0.0,0.0220038631013031,285,365,297,310,340,216
1776733971.328026,4.164430687207631,0,0,0.0,0.0,0.0220038631013031,285,365,297,310,340,216
1776733971.3615801,4.164430687207631,0,0,0.0,0.0,0.0220038631013031,285,365,297,310,340,216
1776733971.395649,4.114658412324578,0,0,0.0,0.0,0.0220038631013031,285,365,297,310,340,216
1776733971.425121,4.114658412324578,0,0,0.0,0.0,0.0220038631013031,285,365,297,310,340,216
1776733971.4588683,4.124795047394747,0,0,0.0,0.0,0.0220038631013031,285,365,297,310,340,216
1776733971.4909427,4.090877028436848,0,0,0.0,0.0,0.0220038631013031,285,365,297,310,340,216
1776733971.5373812,4.090877028436848,0,0,0.0,0.0,0.0220038631013031,285,365,297,310,340,216
1776733971.5673635,4.118526217062109,0,0,0.0,0.0,0.0220038631013031,285,365,297,310,340,216
1776733971.6017141,4.147115730237266,0,0,0.0,0.0,0.0220038631013031,285,365,297,310,340,216
1776733971.6323233,4.147115730237266,0,0,0.0,0.0,0.0220038631013031,285,365,297,310,340,216
1776733971.6642768,4.10826943814236,0,0,0.0,0.0,0.0220038631013031,285,365,297,310,340,216
1776733971.6971762,4.10826943814236,0,0,0.0,0.0,0.0220038631013031,285,365,297,310,340,216
1776733971.729114,4.128961662885416,0,0,0.0,0.0,0.0220038631013031,285,365,297,310,340,216
1776733971.7613592,4.128961662885416,0,0,0.0,0.0,0.0220038631013031,285,365,297,310,340,216
1776733971.7939136,4.08537699773125,0,0,0.0,0.0,0.0220038631013031,285,365,297,310,340,216
1776733971.8306503,4.13922619863875,0,0,0.0,0.0,0.0220038631013031,285,365,297,310,340,216
1776733971.8617702,4.13922619863875,0,0,0.0,0.0,0.0220038631013031,285,365,297,310,340,216
1776733971.905419,4.17553571918325,0,0,0.0,0.0,0.0220038631013031,285,365,297,310,340,216
1776733971.9415295,4.18932143150995,0,0,0.0,0.0,0.0220038631013031,285,365,297,310,340,216
1776733971.9677377,4.18932143150995,0,0,0.0,0.0,0.0220038631013031,285,365,297,310,340,216
1776733972.000286,4.245592858905971,0,0,0.0,0.0,0.0220038631013031,285,365,297,310,340,216
1776733972.038163,4.245592858905971,0,0,0.0,0.0,0.0220038631013031,285,365,297,310,340,216
1776733972.0637836,4.235355715343582,0,0,0.0,0.0,0.0220038631013031,285,365,297,310,340,216
1776733972.0957217,4.235355715343582,0,0,0.0,0.0,0.0220038631013031,285,365,297,310,340,216
1776733972.129316,4.237213429206149,0,0,0.0,0.0,0.0220038631013031,285,365,297,310,340,216
1776733972.162112,4.237213429206149,0,0,0.0,0.0,0.0220038631013031,285,365,297,310,340,216
1776733972.195461,4.22232805752369,0,0,0.0,0.0,0.0220038631013031,285,365,297,310,340,216
1776733972.2260647,4.225396834514214,0,0,0.0,0.0,0.0220038631013031,285,365,297,310,340,216
1776733972.2602909,4.225396834514214,0,0,0.0,0.0,0.0220038631013031,285,365,297,310,340,216
1776733972.3059595,4.203238100708528,0,0,0.0,0.0,0.0220038631013031,285,365,297,310,340,216
1776733972.3387399,4.249942860425117,0,0,0.0,0.0,0.0220038631013031,285,365,297,310,340,216
1776733972.3688502,4.249942860425117,0,0,0.0,0.0,0.0220038631013031,285,365,297,310,340,216
1776733972.4006293,4.18196571625507,0,0,0.0,0.0,0.0220038631013031,285,365,297,310,340,216
1776733972.4315991,4.18196571625507,0,0,0.0,0.0,0.0220038631013031,285,365,297,310,340,216
1776733972.4639523,4.185179429753042,0,0,0.0,0.0,0.0220038631013031,285,365,297,310,340,216
1776733972.4970222,4.185179429753042,0,0,0.0,0.0,0.0220038631013031,285,365,297,310,340,216
1776733972.530844,4.111107657851825,0,0,0.0,0.0,0.0220038631013031,285,365,297,310,340,216
1776733972.564161,4.154664594711095,0,0,0.0,0.0,0.0220038631013031,285,365,297,310,340,216
1776733972.5930886,4.154664594711095,0,0,0.0,0.0,0.0220038631013031,285,365,297,310,340,216
1776733972.6232305,4.204798756826657,0,0,0.0,0.0,0.0220038631013031,285,365,297,310,340,216
1776733972.6578705,4.204798756826657,0,0,0.0,0.0,0.0220038631013031,285,365,297,310,340,216
1776733972.7051656,4.174879254095995,0,0,0.0,0.0,0.0220038631013031,285,365,297,310,340,216
1776733972.7357655,4.208927552457597,0,0,0.0,0.0,0.0220038631013031,285,365,297,310,340,216
1776733972.7669907,4.208927552457597,0,0,0.0,0.0,0.0220038631013031,285,365,297,310,340,216
1776733972.8008807,4.193356531474558,0,0,0.0,0.0,0.0220038631013031,285,365,297,310,340,216
1776733972.8321784,4.193356531474558,0,0,0.0,0.0,0.0220038631013031,285,365,297,310,340,216
1776733972.8638616,4.184013918884736,0,0,0.0,0.0,0.0220038631013031,285,365,297,310,340,216
1776733972.9000382,4.1984083513308414,0,0,0.0,0.0,0.0220038631013031,285,365,297,310,340,216
1776733972.9287827,4.1984083513308414,0,0,0.0,0.0,0.0220038631013031,285,365,297,310,340,216
1776733972.9630637,4.191045010798505,0,0,0.0,0.0,0.0220038631013031,285,365,297,310,340,216
1776733972.992561,4.191045010798505,0,0,0.0,0.0,0.0220038631013031,285,365,297,310,340,216
1776733973.023935,4.178627006479103,0,0,0.0,0.0,0.0220038631013031,285,365,297,310,340,216
1776733973.0574453,4.178627006479103,0,0,0.0,0.0,0.0220038631013031,285,365,297,310,340,216
1776733973.1049333,4.2351762038874625,0,0,0.0,0.0,0.0220038631013031,285,365,297,310,340,216
1776733973.136706,4.149105722332477,0,0,0.0,0.0,0.0220038631013031,285,365,297,310,340,216
1776733973.1687346,4.149105722332477,0,0,0.0,0.0,0.0220038631013031,285,365,297,310,340,216
1776733973.2003257,4.113463433399486,0,0,0.0,0.0,0.0220038631013031,285,365,297,310,340,216
1776733973.233117,4.113463433399486,0,0,0.0,0.0,0.0220038631013031,285,365,297,310,340,216
1776733973.2634716,4.140078060039691,0,0,0.0,0.0,0.0220038631013031,285,365,297,310,340,216
1776733973.296951,4.152046836023815,0,0,0.0,0.0,0.0220038631013031,285,365,297,310,340,216
1776733973.3272731,4.152046836023815,0,0,0.0,0.0,0.0220038631013031,285,365,297,310,340,216
1776733973.3591082,4.183228101614289,0,0,0.0,0.0,0.0220038631013031,285,365,297,310,340,216
1776733973.3919885,4.183228101614289,0,0,0.0,0.0,0.0220038631013031,285,365,297,310,340,216
1776733973.4255648,4.169936860968574,0,0,0.0,0.0,0.0220038631013031,285,365,297,310,340,216
1776733973.4737542,4.169962116581145,0,0,0.0,0.0,0.0220038631013031,285,365,297,310,340,216
1776733973.5045865,4.169962116581145,0,0,0.0,0.0,0.0220038631013031,285,365,297,310,340,216
1776733973.535525,4.125977269948686,0,0,0.0,0.0,0.0220038631013031,285,365,297,310,340,216
1776733973.5706606,4.125977269948686,0,0,0.0,0.0,0.0220038631013031,285,365,297,310,340,216
1776733973.6010945,4.135586361969212,0,0,0.0,0.0,0.0220038631013031,285,365,297,310,340,216
1776733973.6328096,4.233351817181527,0,0,0.0,0.0,0.0220038631013031,285,365,297,310,340,216
1776733973.6618898,4.233351817181527,0,0,0.0,0.0,0.0220038631013031,285,365,297,310,340,216
1776733973.6966116,4.232011090308916,0,0,0.0,0.0,0.0220038631013031,285,365,297,310,340,216
1776733973.7298694,4.232011090308916,0,0,0.0,0.0,0.0220038631013031,285,365,297,310,340,216
1776733973.7600138,4.20720665418535,0,0,0.0,0.0,0.0220038631013031,285,365,297,310,340,216
1776733973.7939718,4.20720665418535,0,0,0.0,0.0,0.0220038631013031,285,365,297,310,340,216
1776733973.8239868,4.22032399251121,0,0,0.0,0.0,0.0220038631013031,285,365,297,310,340,216
1776733973.872313,4.188194395506725,0,0,0.0,0.0,0.0220038631013031,285,365,297,310,340,216
1776733973.9035234,4.188194395506725,0,0,0.0,0.0,0.0220038631013031,285,365,297,310,340,216
1776733973.9361975,4.176916637304036,0,0,0.0,0.0,0.0220038631013031,285,365,297,310,340,216
1776733973.96843,4.176916637304036,0,0,0.0,0.0,0.0220038631013031,285,365,297,310,340,216
1776733973.9994714,4.154149982382421,0,0,0.0,0.0,0.0220038631013031,285,365,297,310,340,216
1776733974.0331988,4.180489989429453,0,0,0.0,0.0,0.0220038631013031,285,365,297,310,340,216
1776733974.0664687,4.180489989429453,0,0,0.0,0.0,0.0220038631013031,285,365,297,310,340,216
1776733974.0960522,4.236293993657672,0,0,0.0,0.0,0.0220038631013031,285,365,297,310,340,216
1776733974.1270719,4.236293993657672,0,0,0.0,0.0,0.0220038631013031,285,365,297,310,340,216
1776733974.164706,4.237776396194603,0,0,0.0,0.0,0.0220038631013031,285,365,297,310,340,216
1776733974.1978643,4.278665837716762,0,0,0.0,0.0,0.0220038631013031,285,365,297,310,340,216
1776733974.2236338,4.278665837716762,0,0,0.0,0.0,0.0220038631013031,285,365,297,310,340,216
1776733974.2744741,4.263199502630057,0,0,0.0,0.0,0.0220038631013031,285,365,297,310,340,216
1776733974.312723,4.225919701578034,0,0,0.0,0.0,0.0220038631013031,285,365,297,310,340,216
1776733974.3364532,4.225919701578034,0,0,0.0,0.0,0.0220038631013031,285,365,297,310,340,216
1776733974.3684933,4.331551820946821,0,0,0.0,0.0,0.0220038631013031,285,365,297,310,340,216
1776733974.401012,4.331551820946821,0,0,0.0,0.0,0.0220038631013031,285,365,297,310,340,216
1776733974.4336016,4.302931092568093,0,0,0.0,0.0,0.0220038631013031,285,365,297,310,340,216
1776733974.4636781,4.302931092568093,0,0,0.0,0.0,0.0220038631013031,285,365,297,310,340,216
1776733974.4963076,4.293758655540856,0,0,0.0,0.0,0.0220038631013031,285,365,297,310,340,216
1776733974.538371,4.236255193324514,0,0,0.0,0.0,0.0220038631013031,285,365,297,310,340,216
1776733974.5607245,4.236255193324514,0,0,0.0,0.0,0.0220038631013031,285,365,297,310,340,216
1776733974.5932865,4.185753115994708,0,0,0.0,0.0,0.0220038631013031,285,365,297,310,340,216
1776733974.6427624,4.185753115994708,0,0,0.0,0.0,0.0220038631013031,285,365,297,310,340,216
1776733974.6744332,4.2074518695968255,0,0,0.0,0.0,0.0220038631013031,285,365,297,310,340,216
1776733974.7060034,4.2244711217580955,0,0,0.0,0.0,0.0220038631013031,285,365,297,310,340,216
1776733974.735865,4.2244711217580955,0,0,0.0,0.0,0.0220038631013031,285,365,297,310,340,216
1776733974.7683656,4.182682673054858,0,0,0.0,0.0,0.0220038631013031,285,365,297,310,340,216
1776733974.8041518,4.182682673054858,0,0,0.0,0.0,0.0220038631013031,285,365,297,310,340,216
1776733974.8320029,4.205609603832915,0,0,0.0,0.0,0.0220038631013031,285,365,297,310,340,216
1776733974.8654726,4.205609603832915,0,0,0.0,0.0,0.0220038631013031,285,365,297,310,340,216
1776733974.8968425,4.195365762299749,0,0,0.0,0.0,0.0220038631013031,285,365,297,310,340,216
1776733974.9313293,4.16921945737985,0,0,0.0,0.0,0.0220038631013031,285,365,297,310,340,216
1776733974.959561,4.16921945737985,0,0,0.0,0.0,0.0220038631013031,285,365,297,310,340,216
1776733974.991694,4.21753167442791,0,0,0.0,0.0,0.0220038631013031,285,365,297,310,340,216
1776733975.0463583,4.222519004656746,0,0,0.0,0.0,0.0220038631013031,285,365,297,310,340,216
1776733975.0745444,4.222519004656746,0,0,0.0,0.0,0.0220038631013031,285,365,297,310,340,216
1776733975.1060529,4.257511402794048,0,0,0.0,0.0,0.0220038631013031,285,365,297,310,340,216
1776733975.1368036,4.257511402794048,0,0,0.0,0.0,0.0220038631013031,285,365,297,310,340,216
1776733975.1696322,4.230506841676428,0,0,0.0,0.0,0.0220038631013031,285,365,297,310,340,216
1776733975.2008266,4.230506841676428,0,0,0.0,0.0,0.0220038631013031,285,365,297,310,340,216
1776733975.232841,4.282304105005857,0,0,0.0,0.0,0.0220038631013031,285,365,297,310,340,216
1776733975.2717173,4.269382463003515,0,0,0.0,0.0,0.0220038631013031,285,365,297,310,340,216
1776733975.296442,4.269382463003515,0,0,0.0,0.0,0.0220038631013031,285,365,297,310,340,216
1776733975.3306925,4.233629477802109,0,0,0.0,0.0,0.0220038631013031,285,365,297,310,340,216
1776733975.3607857,4.233629477802109,0,0,0.0,0.0,0.0220038631013031,285,365,297,310,340,216
1776733975.3913958,4.216177686681265,0,0,0.0,0.0,0.0220038631013031,285,365,297,310,340,216
1776733975.4407132,4.173706612008759,0,0,0.0,0.0,0.0220038631013031,285,365,297,310,340,216
1776733975.475033,4.173706612008759,0,0,0.0,0.0,0.0220038631013031,285,365,297,310,340,216
1776733975.5047631,4.196223967205256,0,0,0.0,0.0,0.0220038631013031,285,365,297,310,340,216
1776733975.5358386,4.196223967205256,0,0,0.0,0.0,0.0220038631013031,285,365,297,310,340,216
1776733975.5682716,4.253734380323154,0,0,0.0,0.0,0.0220038631013031,285,365,297,310,340,216
1776733975.6010966,4.253734380323154,0,0,0.0,0.0,0.0220038631013031,285,365,297,310,340,216
1776733975.6329966,4.2402406281938925,0,0,0.0,0.0,0.0220038631013031,285,365,297,310,340,216
1776733975.6655285,4.192144376916335,0,0,0.0,0.0,0.0220038631013031,285,365,297,310,340,216
1776733975.6984997,4.192144376916335,0,0,0.0,0.0,0.0220038631013031,285,365,297,310,340,216
1776733975.7294822,4.187286626149801,0,0,0.0,0.0,0.0220038631013031,285,365,297,310,340,216
1776733975.7614179,4.187286626149801,0,0,0.0,0.0,0.0220038631013031,285,365,297,310,340,216
1776733975.7931533,4.1763719756898805,0,0,0.0,0.0,0.0220038631013031,285,365,297,310,340,216
1776733975.8402388,4.253823185413928,0,0,0.0,0.0,0.0220038631013031,285,365,297,310,340,216
1776733975.8947418,4.192293911248357,0,0,0.0,0.0,0.0220038631013031,285,365,297,310,340,216
1776733975.9075072,4.192293911248357,0,0,0.0,0.0,0.0220038631013031,285,365,297,310,340,216
1776733975.9382296,4.192293911248357,0,0,0.0,0.0,0.0220038631013031,285,365,297,310,340,216
1776733975.9694684,4.171376346749014,0,0,0.0,0.0,0.0220038631013031,285,365,297,310,340,216
1776733976.004716,4.2028258080494085,0,0,0.0,0.0,0.0220038631013031,285,365,297,310,340,216
1776733976.0334709,4.2028258080494085,0,0,0.0,0.0,0.0220038631013031,285,365,297,310,340,216
1776733976.0633523,4.161695484829645,0,0,0.0,0.0,0.0220038631013031,285,365,297,310,340,216
1776733976.0956352,4.161695484829645,0,0,0.0,0.0,0.0220038631013031,285,365,297,310,340,216
1776733976.1289992,4.1490172908977865,0,0,0.0,0.0,0.0220038631013031,285,365,297,310,340,216
1776733976.1606936,4.1490172908977865,0,0,0.0,0.0,0.0220038631013031,285,365,297,310,340,216
1776733976.209446,4.149410374538672,0,0,0.0,0.0,0.0220038631013031,285,365,297,310,340,216
1776733976.239993,4.1656462247232025,0,0,0.0,0.0,0.0220038631013031,285,365,297,310,340,216
1776733976.2758095,4.1656462247232025,0,0,0.0,0.0,0.0220038631013031,285,365,297,310,340,216
1776733976.3060527,4.123387734833921,0,0,0.0,0.0,0.0220038631013031,285,365,297,310,340,216
1776733976.340676,4.142032640900353,0,0,0.0,0.0,0.0220038631013031,285,365,297,310,340,216
1776733976.3713596,4.142032640900353,0,0,0.0,0.0,0.0220038631013031,285,365,297,310,340,216
1776733976.4002252,4.141219584540211,0,0,0.0,0.0,0.0220038631013031,285,365,297,310,340,216
1776733976.4320018,4.141219584540211,0,0,0.0,0.0,0.0220038631013031,285,365,297,310,340,216
1776733976.4641306,4.1207317507241275,0,0,0.0,0.0,0.0220038631013031,285,365,297,310,340,216
1776733976.4983983,4.1207317507241275,0,0,0.0,0.0,0.0220038631013031,285,365,297,310,340,216
1776733976.5284376,4.112439050434476,0,0,0.0,0.0,0.0220038631013031,285,365,297,310,340,216
1776733976.559864,4.112439050434476,0,0,0.0,0.0,0.0220038631013031,285,365,297,310,340,216
1776733976.6075866,4.1754634302606854,0,0,0.0,0.0,0.0220038631013031,285,365,297,310,340,216
1776733976.6398528,4.1452780581564115,0,0,0.0,0.0,0.0220038631013031,285,365,297,310,340,216
1776733976.6748009,4.1452780581564115,0,0,0.0,0.0,0.0220038631013031,285,365,297,310,340,216
1776733976.7064276,4.183166834893846,0,0,0.0,0.0,0.0220038631013031,285,365,297,310,340,216
1776733976.738933,4.189900100936308,0,0,0.0,0.0,0.0220038631013031,285,365,297,310,340,216
1776733976.7680187,4.189900100936308,0,0,0.0,0.0,0.0220038631013031,285,365,297,310,340,216
1776733976.8016403,4.125940060561785,0,0,0.0,0.0,0.0220038631013031,285,365,297,310,340,216
1776733976.8340516,4.125940060561785,0,0,0.0,0.0,0.0220038631013031,285,365,297,310,340,216
1776733976.8633213,4.139564036337071,0,0,0.0,0.0,0.0220038631013031,285,365,297,310,340,216
1776733976.8964858,4.139564036337071,0,0,0.0,0.0,0.0220038631013031,285,365,297,310,340,216
1776733976.929979,4.167738421802243,0,0,0.0,0.0,0.0220038631013031,285,365,297,310,340,216
1776733976.9630592,4.160643053081346,0,0,0.0,0.0,0.0220038631013031,285,365,297,310,340,216
1776733977.0104504,4.160643053081346,0,0,0.0,0.0,0.0220038631013031,285,365,297,310,340,216
1776733977.041226,4.236385831848807,0,0,0.0,0.0,0.0220038631013031,285,365,297,310,340,216
1776733977.075591,4.225831499109285,0,0,0.0,0.0,0.0220038631013031,285,365,297,310,340,216
1776733977.105358,4.225831499109285,0,0,0.0,0.0,0.0220038631013031,285,365,297,310,340,216
1776733977.138361,4.223498899465571,0,0,0.0,0.0,0.0220038631013031,285,365,297,310,340,216
1776733977.168853,4.223498899465571,0,0,0.0,0.0,0.0220038631013031,285,365,297,310,340,216
1776733977.200947,4.202099339679343,0,0,0.0,0.0,0.0220038631013031,285,365,297,310,340,216
1776733977.231222,4.202099339679343,0,0,0.0,0.0,0.0220038631013031,285,365,297,310,340,216
1776733977.264978,4.205259603807606,0,0,0.0,0.0,0.0220038631013031,285,365,297,310,340,216
1776733977.298657,4.243155762284564,0,0,0.0,0.0,0.0220038631013031,285,365,297,310,340,216
1776733977.3300097,4.243155762284564,0,0,0.0,0.0,0.0220038631013031,285,365,297,310,340,216
1776733977.3770049,4.249893457370739,0,0,0.0,0.0,0.0220038631013031,285,365,297,310,340,216
1776733977.4074852,4.249893457370739,0,0,0.0,0.0,0.0220038631013031,285,365,297,310,340,216
1776733977.440238,4.293936074422444,0,0,0.0,0.0,0.0220038631013031,285,365,297,310,340,216
1776733977.4752326,4.240361644653467,0,0,0.0,0.0,0.0220038631013031,285,365,297,310,340,216
1776733977.506081,4.240361644653467,0,0,0.0,0.0,0.0220038631013031,285,365,297,310,340,216
1776733977.538495,4.22421698679208,0,0,0.0,0.0,0.0220038631013031,285,365,297,310,340,216
1776733977.5685,4.22421698679208,0,0,0.0,0.0,0.0220038631013031,285,365,297,310,340,216
1776733977.6035852,4.206530192075248,0,0,0.0,0.0,0.0220038631013031,285,365,297,310,340,216
1776733977.6389523,4.219918115245148,0,0,0.0,0.0,0.0220038631013031,285,365,297,310,340,216
1776733977.6662939,4.219918115245148,0,0,0.0,0.0,0.0220038631013031,285,365,297,310,340,216
1776733977.698146,4.255950869147089,0,0,0.0,0.0,0.0220038631013031,285,365,297,310,340,216
1776733977.7306502,4.255950869147089,0,0,0.0,0.0,0.0220038631013031,285,365,297,310,340,216
1776733977.7766602,4.281570521488254,0,0,0.0,0.0,0.0220038631013031,285,365,297,310,340,216
1776733977.8086784,4.228942312892952,0,0,0.0,0.0,0.0220038631013031,285,365,297,310,340,216
1776733977.8404021,4.228942312892952,0,0,0.0,0.0,0.0220038631013031,285,365,297,310,340,216
1776733977.8742611,4.2493653877357715,0,0,0.0,0.0,0.0220038631013031,285,365,297,310,340,216
1776733977.9058313,4.2493653877357715,0,0,0.0,0.0,0.0220038631013031,285,365,297,310,340,216
1776733977.938768,4.221619232641463,0,0,0.0,0.0,0.0220038631013031,285,365,297,310,340,216
1776733977.9697752,4.221619232641463,0,0,0.0,0.0,0.0220038631013031,285,365,297,310,340,216
1776733978.0010893,4.256971539584877,0,0,0.0,0.0,0.0220038631013031,285,365,297,310,340,216
1776733978.033754,4.2621829237509266,0,0,0.0,0.0,0.0220038631013031,285,365,297,310,340,216
1776733978.0636594,4.2621829237509266,0,0,0.0,0.0,0.0220038631013031,285,365,297,310,340,216
1776733978.0986052,4.2413097542505565,0,0,0.0,0.0,0.0220038631013031,285,365,297,310,340,216
1776733978.1293302,4.2413097542505565,0,0,0.0,0.0,0.0220038631013031,285,365,297,310,340,216
1776733978.1767402,4.208785852550334,0,0,0.0,0.0,0.0220038631013031,285,365,297,310,340,216
1776733978.2091038,4.221271511530201,0,0,0.0,0.0,0.0220038631013031,285,365,297,310,340,216
1776733978.2398276,4.221271511530201,0,0,0.0,0.0,0.0220038631013031,285,365,297,310,340,216
1776733978.2775247,4.188762906918121,0,0,0.0,0.0,0.0220038631013031,285,365,297,310,340,216
1776733978.3074079,4.188762906918121,0,0,0.0,0.0,0.0220038631013031,285,365,297,310,340,216
1776733978.3377833,4.205257744150872,0,0,0.0,0.0,0.0220038631013031,285,365,297,310,340,216
1776733978.3722017,4.179154646490523,0,0,0.0,0.0,0.0220038631013031,285,365,297,310,340,216
1776733978.3994334,4.179154646490523,0,0,0.0,0.0,0.0220038631013031,285,365,297,310,340,216
1776733978.4315302,4.187492787894314,0,0,0.0,0.0,0.0220038631013031,285,365,297,310,340,216
1776733978.463954,4.187492787894314,0,0,0.0,0.0,0.0220038631013031,285,365,297,310,340,216
1776733978.4986742,4.216495672736588,0,0,0.0,0.0,0.0220038631013031,285,365,297,310,340,216
1776733978.5455935,4.193897403641953,0,0,0.0,0.0,0.0220038631013031,285,365,297,310,340,216
1776733978.5785336,4.193897403641953,0,0,0.0,0.0,0.0220038631013031,285,365,297,310,340,216
1776733978.6097536,4.252338442185172,0,0,0.0,0.0,0.0220038631013031,285,365,297,310,340,216
1776733978.6407197,4.252338442185172,0,0,0.0,0.0,0.0220038631013031,285,365,297,310,340,216
1776733978.6724927,4.223403065311103,0,0,0.0,0.0,0.0220038631013031,285,365,297,310,340,216
1776733978.7118158,4.246041839186662,0,0,0.0,0.0,0.0220038631013031,285,365,297,310,340,216
1776733978.740128,4.246041839186662,0,0,0.0,0.0,0.0220038631013031,285,365,297,310,340,216
1776733978.7689111,4.315625103511997,0,0,0.0,0.0,0.0220038631013031,285,365,297,310,340,216
1776733978.8003078,4.315625103511997,0,0,0.0,0.0,0.0220038631013031,285,365,297,310,340,216
1776733978.8337584,4.289375062107198,0,0,0.0,0.0,0.0220038631013031,285,365,297,310,340,216
1776733978.863542,4.289375062107198,0,0,0.0,0.0,0.0220038631013031,285,365,297,310,340,216
1776733978.8957806,4.245625037264319,0,0,0.0,0.0,0.0220038631013031,285,365,297,310,340,216
1776733978.9438987,4.271375022358591,0,0,0.0,0.0,0.0220038631013031,285,365,297,310,340,216
1776733978.9759598,4.271375022358591,0,0,0.0,0.0,0.0220038631013031,285,365,297,310,340,216
1776733979.0099206,4.250825013415155,0,0,0.0,0.0,0.0220038631013031,285,365,297,310,340,216
1776733979.040211,4.250825013415155,0,0,0.0,0.0,0.0220038631013031,285,365,297,310,340,216
1776733979.0742853,4.206495008049093,0,0,0.0,0.0,0.0220038631013031,285,365,297,310,340,216
1776733979.106633,4.2438970048294555,0,0,0.0,0.0,0.0220038631013031,285,365,297,310,340,216
1776733979.1358962,4.2438970048294555,0,0,0.0,0.0,0.0220038631013031,285,365,297,310,340,216
1776733979.1688423,4.274338202897674,0,0,0.0,0.0,0.0220038631013031,285,365,297,310,340,216
1776733979.2001393,4.274338202897674,0,0,0.0,0.0,0.0220038631013031,285,365,297,310,340,216
1776733979.2309597,4.268602921738604,0,0,0.0,0.0,0.0220038631013031,285,365,297,310,340,216
1776733979.2650616,4.268602921738604,0,0,0.0,0.0,0.0220038631013031,285,365,297,310,340,216
1776733979.2948039,4.233161753043162,0,0,0.0,0.0,0.0220038631013031,285,365,297,310,340,216
1776733979.3448682,4.207897051825897,0,0,0.0,0.0,0.0220038631013031,285,365,297,310,340,216
1776733979.376071,4.207897051825897,0,0,0.0,0.0,0.0220038631013031,285,365,297,310,340,216
1776733979.4074678,4.200738231095539,0,0,0.0,0.0,0.0220038631013031,285,365,297,310,340,216
1776733979.445131,4.232442938657323,0,0,0.0,0.0,0.0220038631013031,285,365,297,310,340,216
1776733979.473003,4.232442938657323,0,0,0.0,0.0,0.0220038631013031,285,365,297,310,340,216
1776733979.5059037,4.319465763194394,0,0,0.0,0.0,0.0220038631013031,285,365,297,310,340,216
1776733979.537638,4.319465763194394,0,0,0.0,0.0,0.0220038631013031,285,365,297,310,340,216
1776733979.5707078,4.283679457916636,0,0,0.0,0.0,0.0220038631013031,285,365,297,310,340,216
1776733979.6012242,4.283679457916636,0,0,0.0,0.0,0.0220038631013031,285,365,297,310,340,216
1776733979.6312895,4.310207674749981,0,0,0.0,0.0,0.0220038631013031,285,365,297,310,340,216
1776733979.6646628,4.310207674749981,0,0,0.0,0.0,0.0220038631013031,285,365,297,310,340,216
1776733979.6966026,4.310124604849989,0,0,0.0,0.0,0.0220038631013031,285,365,297,310,340,216
1776733979.7431793,4.2180747629099935,0,0,0.0,0.0,0.0220038631013031,285,365,297,310,340,216
1776733979.7806795,4.250844857745996,0,0,0.0,0.0,0.0220038631013031,285,365,297,310,340,216
1776733979.8071628,4.250844857745996,0,0,0.0,0.0,0.0220038631013031,285,365,297,310,340,216
1776733979.8405752,4.214506914647598,0,0,0.0,0.0,0.0220038631013031,285,365,297,310,340,216
1776733979.8742895,4.214506914647598,0,0,0.0,0.0,0.0220038631013031,285,365,297,310,340,216
1776733979.907633,4.228704148788559,0,0,0.0,0.0,0.0220038631013031,285,365,297,310,340,216
1776733979.9390056,4.228704148788559,0,0,0.0,0.0,0.0220038631013031,285,365,297,310,340,216
1776733979.970377,4.281222489273135,0,0,0.0,0.0,0.0220038631013031,285,365,297,310,340,216
1776733980.0011454,4.281222489273135,0,0,0.0,0.0,0.0220038631013031,285,365,297,310,340,216
1776733980.0329673,4.236733493563881,0,0,0.0,0.0,0.0220038631013031,285,365,297,310,340,216
1776733980.0646605,4.290040096138329,0,0,0.0,0.0,0.0220038631013031,285,365,297,310,340,216
1776733980.1111398,4.290040096138329,0,0,0.0,0.0,0.0220038631013031,285,365,297,310,340,216
1776733980.1448383,4.254024057682997,0,0,0.0,0.0,0.0220038631013031,285,365,297,310,340,216
1776733980.1780393,4.292414434609798,0,0,0.0,0.0,0.0220038631013031,285,365,297,310,340,216
1776733980.209855,4.292414434609798,0,0,0.0,0.0,0.0220038631013031,285,365,297,310,340,216
1776733980.240728,4.319448660765879,0,0,0.0,0.0,0.0220038631013031,285,365,297,310,340,216
1776733980.2728605,4.319448660765879,0,0,0.0,0.0,0.0220038631013031,285,365,297,310,340,216
1776733980.306773,4.3476691964595275,0,0,0.0,0.0,0.0220038631013031,285,365,297,310,340,216
1776733980.3380692,4.3476691964595275,0,0,0.0,0.0,0.0220038631013031,285,365,297,310,340,216
1776733980.372856,4.356601517875717,0,0,0.0,0.0,0.0220038631013031,285,365,297,310,340,216
1776733980.4032633,4.30196091072543,0,0,0.0,0.0,0.0220038631013031,285,365,297,310,340,216
1776733980.4332135,4.30196091072543,0,0,0.0,0.0,0.0220038631013031,285,365,297,310,340,216
1776733980.465194,4.265176546435258,0,0,0.0,0.0,0.0220038631013031,285,365,297,310,340,216
1776733980.5144918,4.3271059278611546,0,0,0.0,0.0,0.0220038631013031,285,365,297,310,340,216
1776733980.544846,4.3271059278611546,0,0,0.0,0.0,0.0220038631013031,285,365,297,310,340,216
1776733980.5757003,4.3242635567166925,0,0,0.0,0.0,0.0220038631013031,285,365,297,310,340,216
1776733980.6069765,4.3242635567166925,0,0,0.0,0.0,0.0220038631013031,285,365,297,310,340,216
1776733980.63923,4.318558134030015,0,0,0.0,0.0,0.0220038631013031,285,365,297,310,340,216
1776733980.6741428,4.318558134030015,0,0,0.0,0.0,0.0220038631013031,285,365,297,310,340,216
1776733980.7050843,4.347134880418009,0,0,0.0,0.0,0.0220038631013031,285,365,297,310,340,216
1776733980.7431543,4.3202809282508055,0,0,0.0,0.0,0.0220038631013031,285,365,297,310,340,216
1776733980.7706966,4.3202809282508055,0,0,0.0,0.0,0.0220038631013031,285,365,297,310,340,216
1776733980.8014877,4.300168556950483,0,0,0.0,0.0,0.0220038631013031,285,365,297,310,340,216
1776733980.8325877,4.300168556950483,0,0,0.0,0.0,0.0220038631013031,285,365,297,310,340,216
1776733980.8636644,4.26810113417029,0,0,0.0,0.0,0.0220038631013031,285,365,297,310,340,216
1776733980.9142795,4.296860680502173,0,0,0.0,0.0,0.0220038631013031,285,365,297,310,340,216
1776733980.9495802,4.296860680502173,0,0,0.0,0.0,0.0220038631013031,285,365,297,310,340,216
1776733980.9751441,4.298116408301304,0,0,0.0,0.0,0.0220038631013031,285,365,297,310,340,216
1776733981.0128422,4.298116408301304,0,0,0.0,0.0,0.0220038631013031,285,365,297,310,340,216
1776733981.0413852,4.314869844980782,0,0,0.0,0.0,0.0220038631013031,285,365,297,310,340,216
1776733981.079676,4.3369219069884695,0,0,0.0,0.0,0.0220038631013031,285,365,297,310,340,216
1776733981.104304,4.3369219069884695,0,0,0.0,0.0,0.0220038631013031,285,365,297,310,340,216
1776733981.1373656,4.290153144193082,0,0,0.0,0.0,0.0220038631013031,285,365,297,310,340,216
1776733981.1673286,4.290153144193082,0,0,0.0,0.0,0.0220038631013031,285,365,297,310,340,216
1776733981.2015734,4.2740918865158495,0,0,0.0,0.0,0.0220038631013031,285,365,297,310,340,216
1776733981.231827,4.2740918865158495,0,0,0.0,0.0,0.0220038631013031,285,365,297,310,340,216
1776733981.2805946,4.31245513190951,0,0,0.0,0.0,0.0220038631013031,285,365,297,310,340,216
1776733981.3111591,4.199473079145706,0,0,0.0,0.0,0.0220038631013031,285,365,297,310,340,216
1776733981.344302,4.199473079145706,0,0,0.0,0.0,0.0220038631013031,285,365,297,310,340,216
1776733981.376404,4.299683847487424,0,0,0.0,0.0,0.0220038631013031,285,365,297,310,340,216
1776733981.4078844,4.299683847487424,0,0,0.0,0.0,0.0220038631013031,285,365,297,310,340,216
1776733981.4407182,4.351810308492454,0,0,0.0,0.0,0.0220038631013031,285,365,297,310,340,216
1776733981.4768374,4.287086185095473,0,0,0.0,0.0,0.0220038631013031,285,365,297,310,340,216
1776733981.5058784,4.287086185095473,0,0,0.0,0.0,0.0220038631013031,285,365,297,310,340,216
1776733981.5367982,4.332251711057284,0,0,0.0,0.0,0.0220038631013031,285,365,297,310,340,216
1776733981.570119,4.332251711057284,0,0,0.0,0.0,0.0220038631013031,285,365,297,310,340,216
1776733981.6021247,4.37135102663437,0,0,0.0,0.0,0.0220038631013031,285,365,297,310,340,216
1776733981.631478,4.37135102663437,0,0,0.0,0.0,0.0220038631013031,285,365,297,310,340,216
1776733981.6833994,4.350810615980622,0,0,0.0,0.0,0.0220038631013031,285,365,297,310,340,216
1776733981.7112,4.386486369588374,0,0,0.0,0.0,0.0220038631013031,285,365,297,310,340,216
1776733981.7459393,4.386486369588374,0,0,0.0,0.0,0.0220038631013031,285,365,297,310,340,216
1776733981.7743645,4.3718918217530245,0,0,0.0,0.0,0.0220038631013031,285,365,297,310,340,216
1776733981.807889,4.3718918217530245,0,0,0.0,0.0,0.0220038631013031,285,365,297,310,340,216
1776733981.8400023,4.335135093051814,0,0,0.0,0.0,0.0220038631013031,285,365,297,310,340,216
1776733981.8731205,4.317081055831089,0,0,0.0,0.0,0.0220038631013031,285,365,297,310,340,216
1776733981.9060473,4.317081055831089,0,0,0.0,0.0,0.0220038631013031,285,365,297,310,340,216
1776733981.9375565,4.314248633498654,0,0,0.0,0.0,0.0220038631013031,285,365,297,310,340,216
1776733981.9710047,4.314248633498654,0,0,0.0,0.0,0.0220038631013031,285,365,297,310,340,216
1776733982.0037007,4.340549180099192,0,0,0.0,0.0,0.0220038631013031,285,365,297,310,340,216
1776733982.0328693,4.340549180099192,0,0,0.0,0.0,0.0220038631013031,285,365,297,310,340,216
1776733982.0805812,4.316329508059515,0,0,0.0,0.0,0.0220038631013031,285,365,297,310,340,216
1776733982.1127648,4.345797704835709,0,0,0.0,0.0,0.0220038631013031,285,365,297,310,340,216
1776733982.1431072,4.345797704835709,0,0,0.0,0.0,0.0220038631013031,285,365,297,310,340,216
1776733982.1751065,4.323478622901426,0,0,0.0,0.0,0.0220038631013031,285,365,297,310,340,216
1776733982.2098322,4.274087173740856,0,0,0.0,0.0,0.0220038631013031,285,365,297,310,340,216
1776733982.240278,4.274087173740856,0,0,0.0,0.0,0.0220038631013031,285,365,297,310,340,216
1776733982.2718422,4.308452304244514,0,0,0.0,0.0,0.0220038631013031,285,365,297,310,340,216
1776733982.309982,4.308452304244514,0,0,0.0,0.0,0.0220038631013031,285,365,297,310,340,216
1776733982.336543,4.273071382546708,0,0,0.0,0.0,0.0220038631013031,285,365,297,310,340,216
1776733982.3698373,4.273071382546708,0,0,0.0,0.0,0.0220038631013031,285,365,297,310,340,216
1776733982.4016736,4.295842829528025,0,0,0.0,0.0,0.0220038631013031,285,365,297,310,340,216
1776733982.4346647,4.337505697716815,0,0,0.0,0.0,0.0220038631013031,285,365,297,310,340,216
1776733982.480504,4.337505697716815,0,0,0.0,0.0,0.0220038631013031,285,365,297,310,340,216
1776733982.493812,4.322503418630089,0,0,0.0,0.0,0.0220038631013031,285,365,297,310,340,216
1776733982.5458043,4.309502051178054,0,0,0.0,0.0,0.0220038631013031,285,365,297,310,340,216
1776733982.5749218,4.309502051178054,0,0,0.0,0.0,0.0220038631013031,285,365,297,310,340,216
1776733982.6092863,4.281701230706832,0,0,0.0,0.0,0.0220038631013031,285,365,297,310,340,216
1776733982.6405685,4.281701230706832,0,0,0.0,0.0,0.0220038631013031,285,365,297,310,340,216
1776733982.6725373,4.309020738424099,0,0,0.0,0.0,0.0220038631013031,285,365,297,310,340,216
1776733982.708735,4.309020738424099,0,0,0.0,0.0,0.0220038631013031,285,365,297,310,340,216
1776733982.737651,4.357412443054459,0,0,0.0,0.0,0.0220038631013031,285,365,297,310,340,216
1776733982.77147,4.3664474658326755,0,0,0.0,0.0,0.0220038631013031,285,365,297,310,340,216
1776733982.8009505,4.3664474658326755,0,0,0.0,0.0,0.0220038631013031,285,365,297,310,340,216
1776733982.849156,4.423868479499605,0,0,0.0,0.0,0.0220038631013031,285,365,297,310,340,216
1776733982.880633,4.423868479499605,0,0,0.0,0.0,0.0220038631013031,285,365,297,310,340,216
1776733982.8927855,4.390321087699763,0,0,0.0,0.0,0.0220038631013031,285,365,297,310,340,216
1776733982.9437325,4.322192652619858,0,0,0.0,0.0,0.0220038631013031,285,365,297,310,340,216
1776733982.9756546,4.322192652619858,0,0,0.0,0.0,0.0220038631013031,285,365,297,310,340,216
1776733983.0095775,4.309315591571915,0,0,0.0,0.0,0.0220038631013031,285,365,297,310,340,216
1776733983.03996,4.309315591571915,0,0,0.0,0.0,0.0220038631013031,285,365,297,310,340,216
1776733983.0730135,4.333589354943149,0,0,0.0,0.0,0.0220038631013031,285,365,297,310,340,216
1776733983.106156,4.333589354943149,0,0,0.0,0.0,0.0220038631013031,285,365,297,310,340,216
1776733983.135323,4.372153612965889,0,0,0.0,0.0,0.0220038631013031,285,365,297,310,340,216
1776733983.1696453,4.419292167779533,0,0,0.0,0.0,0.0220038631013031,285,365,297,310,340,216
1776733983.202913,4.419292167779533,0,0,0.0,0.0,0.0220038631013031,285,365,297,310,340,216
1776733983.2480037,4.36357530066772,0,0,0.0,0.0,0.0220038631013031,285,365,297,310,340,216
1776733983.282175,4.354145180400632,0,0,0.0,0.0,0.0220038631013031,285,365,297,310,340,216
1776733983.2954721,4.354145180400632,0,0,0.0,0.0,0.0220038631013031,285,365,297,310,340,216
1776733983.3433688,4.38848710824038,0,0,0.0,0.0,0.0220038631013031,285,365,297,310,340,216
1776733983.3759413,4.38848710824038,0,0,0.0,0.0,0.0220038631013031,285,365,297,310,340,216
1776733983.4094036,4.341092264944228,0,0,0.0,0.0,0.0220038631013031,285,365,297,310,340,216
1776733983.4505367,4.4046553589665365,0,0,0.0,0.0,0.0220038631013031,285,365,297,310,340,216
1776733983.472865,4.4046553589665365,0,0,0.0,0.0,0.0220038631013031,285,365,297,310,340,216
1776733983.5057397,4.378793215379922,0,0,0.0,0.0,0.0220038631013031,285,365,297,310,340,216
1776733983.5361028,4.378793215379922,0,0,0.0,0.0,0.0220038631013031,285,365,297,310,340,216
1776733983.570674,4.331275929227953,0,0,0.0,0.0,0.0220038631013031,285,365,297,310,340,216
1776733983.6005154,4.331275929227953,0,0,0.0,0.0,0.0220038631013031,285,365,297,310,340,216
1776733983.6486742,4.350765557536771,0,0,0.0,0.0,0.0220038631013031,285,365,297,310,340,216
1776733983.6820238,4.330459334522063,0,0,0.0,0.0,0.0220038631013031,285,365,297,310,340,216
1776733983.6947958,4.330459334522063,0,0,0.0,0.0,0.0220038631013031,285,365,297,310,340,216
1776733983.749043,4.338275600713238,0,0,0.0,0.0,0.0220038631013031,285,365,297,310,340,216
1776733983.7766175,4.338275600713238,0,0,0.0,0.0,0.0220038631013031,285,365,297,310,340,216
1776733983.8088448,4.362965360427943,0,0,0.0,0.0,0.0220038631013031,285,365,297,310,340,216
1776733983.843798,4.357779216256765,0,0,0.0,0.0,0.0220038631013031,285,365,297,310,340,216
1776733983.8709345,4.357779216256765,0,0,0.0,0.0,0.0220038631013031,285,365,297,310,340,216
1776733983.9058022,4.398667529754059,0,0,0.0,0.0,0.0220038631013031,285,365,297,310,340,216
1776733983.9360042,4.398667529754059,0,0,0.0,0.0,0.0220038631013031,285,365,297,310,340,216
1776733983.9702163,4.419200517852436,0,0,0.0,0.0,0.0220038631013031,285,365,297,310,340,216
1776733984.0168183,4.443520310711461,0,0,0.0,0.0,0.0220038631013031,285,365,297,310,340,216
1776733984.0460007,4.443520310711461,0,0,0.0,0.0,0.0220038631013031,285,365,297,310,340,216
1776733984.0602305,4.443520310711461,0,0,0.0,0.0,0.0220038631013031,285,365,297,310,340,216
1776733984.0811296,4.382112186426877,0,0,0.0,0.0,0.0220038631013031,285,365,297,310,340,216
1776733984.143438,4.3612673118561265,0,0,0.0,0.0,0.0220038631013031,285,365,297,310,340,216
1776733984.1842227,4.440760387113675,0,0,0.0,0.0,0.0220038631013031,285,365,297,310,340,216
1776733984.2078133,4.440760387113675,0,0,0.0,0.0,0.0220038631013031,285,365,297,310,340,216
1776733984.2416556,4.404456232268205,0,0,0.0,0.0,0.0220038631013031,285,365,297,310,340,216
1776733984.271071,4.404456232268205,0,0,0.0,0.0,0.0220038631013031,285,365,297,310,340,216
1776733984.3058043,4.394673739360923,0,0,0.0,0.0,0.0220038631013031,285,365,297,310,340,216
1776733984.3370478,4.394673739360923,0,0,0.0,0.0,0.0220038631013031,285,365,297,310,340,216
1776733984.3761969,4.432804243616554,0,0,0.0,0.0,0.0220038631013031,285,365,297,310,340,216
1776733984.4155927,4.383682546169932,0,0,0.0,0.0,0.0220038631013031,285,365,297,310,340,216
1776733984.4494812,4.383682546169932,0,0,0.0,0.0,0.0220038631013031,285,365,297,310,340,216
1776733984.4622977,4.406209527701959,0,0,0.0,0.0,0.0220038631013031,285,365,297,310,340,216
1776733984.4832547,4.406209527701959,0,0,0.0,0.0,0.0220038631013031,285,365,297,310,340,216
1776733984.545597,4.371725716621175,0,0,0.0,0.0,0.0220038631013031,285,365,297,310,340,216
1776733984.579259,4.371035429972705,0,0,0.0,0.0,0.0220038631013031,285,365,297,310,340,216
1776733984.6080904,4.371035429972705,0,0,0.0,0.0,0.0220038631013031,285,365,297,310,340,216
1776733984.6410036,4.386621257983624,0,0,0.0,0.0,0.0220038631013031,285,365,297,310,340,216
1776733984.6721725,4.386621257983624,0,0,0.0,0.0,0.0220038631013031,285,365,297,310,340,216
1776733984.7058024,4.403972754790174,0,0,0.0,0.0,0.0220038631013031,285,365,297,310,340,216
1776733984.735419,4.403972754790174,0,0,0.0,0.0,0.0220038631013031,285,365,297,310,340,216
1776733984.7717206,4.3783836528741045,0,0,0.0,0.0,0.0220038631013031,285,365,297,310,340,216
1776733984.815562,4.351030191724463,0,0,0.0,0.0,0.0220038631013031,285,365,297,310,340,216
1776733984.8498263,4.351030191724463,0,0,0.0,0.0,0.0220038631013031,285,365,297,310,340,216
1776733984.8631415,4.338618115034677,0,0,0.0,0.0,0.0220038631013031,285,365,297,310,340,216
1776733984.879083,4.338618115034677,0,0,0.0,0.0,0.0220038631013031,285,365,297,310,340,216
1776733984.9446821,4.375170869020806,0,0,0.0,0.0,0.0220038631013031,285,365,297,310,340,216
1776733984.9779584,4.353102521412484,0,0,0.0,0.0,0.0220038631013031,285,365,297,310,340,216
1776733985.0097792,4.353102521412484,0,0,0.0,0.0,0.0220038631013031,285,365,297,310,340,216
1776733985.0395663,4.44386151284749,0,0,0.0,0.0,0.0220038631013031,285,365,297,310,340,216
1776733985.0738816,4.44386151284749,0,0,0.0,0.0,0.0220038631013031,285,365,297,310,340,216
1776733985.103599,4.4303169077084945,0,0,0.0,0.0,0.0220038631013031,285,365,297,310,340,216
1776733985.1420517,4.378190144625097,0,0,0.0,0.0,0.0220038631013031,285,365,297,310,340,216
1776733985.1683426,4.378190144625097,0,0,0.0,0.0,0.0220038631013031,285,365,297,310,340,216
1776733985.218534,4.430914086775058,0,0,0.0,0.0,0.0220038631013031,285,365,297,310,340,216
1776733985.2321112,4.430914086775058,0,0,0.0,0.0,0.0220038631013031,285,365,297,310,340,216
1776733985.2528126,4.390548452065035,0,0,0.0,0.0,0.0220038631013031,285,365,297,310,340,216
1776733985.2825878,4.390548452065035,0,0,0.0,0.0,0.0220038631013031,285,365,297,310,340,216
1776733985.3466148,4.378329071239021,0,0,0.0,0.0,0.0220038631013031,285,365,297,310,340,216
1776733985.3762434,4.430997442743412,0,0,0.0,0.0,0.0220038631013031,285,365,297,310,340,216
1776733985.4089859,4.430997442743412,0,0,0.0,0.0,0.0220038631013031,285,365,297,310,340,216
1776733985.4406407,4.414598465646047,0,0,0.0,0.0,0.0220038631013031,285,365,297,310,340,216
1776733985.472907,4.414598465646047,0,0,0.0,0.0,0.0220038631013031,285,365,297,310,340,216
1776733985.5044336,4.428759079387628,0,0,0.0,0.0,0.0220038631013031,285,365,297,310,340,216
1776733985.5368674,4.469255447632577,0,0,0.0,0.0,0.0220038631013031,285,365,297,310,340,216
1776733985.5838592,4.469255447632577,0,0,0.0,0.0,0.0220038631013031,285,365,297,310,340,216
1776733985.6188216,4.417553268579546,0,0,0.0,0.0,0.0220038631013031,285,365,297,310,340,216
1776733985.650534,4.442531961147727,0,0,0.0,0.0,0.0220038631013031,285,365,297,310,340,216
1776733985.6653059,4.442531961147727,0,0,0.0,0.0,0.0220038631013031,285,365,297,310,340,216
1776733985.6831338,4.442531961147727,0,0,0.0,0.0,0.0220038631013031,285,365,297,310,340,216
1776733985.7446387,4.381519176688636,0,0,0.0,0.0,0.0220038631013031,285,365,297,310,340,216
1776733985.780604,4.412911506013182,0,0,0.0,0.0,0.0220038631013031,285,365,297,310,340,216
1776733985.8084514,4.412911506013182,0,0,0.0,0.0,0.0220038631013031,285,365,297,310,340,216
1776733985.8409188,4.483746903607909,0,0,0.0,0.0,0.0220038631013031,285,365,297,310,340,216
1776733985.8752017,4.4302481421647455,0,0,0.0,0.0,0.0220038631013031,285,365,297,310,340,216
1776733985.9064596,4.4302481421647455,0,0,0.0,0.0,0.0220038631013031,285,365,297,310,340,216
1776733985.9361436,4.442148885298847,0,0,0.0,0.0,0.0220038631013031,285,365,297,310,340,216
1776733985.986297,4.429289331179309,0,0,0.0,0.0,0.0220038631013031,285,365,297,310,340,216
1776733986.021129,4.429289331179309,0,0,0.0,0.0,0.0220038631013031,285,365,297,310,340,216
1776733986.0328739,4.429289331179309,0,0,0.0,0.0,0.0220038631013031,285,365,297,310,340,216
1776733986.0488877,4.453573598707585,0,0,0.0,0.0,0.0220038631013031,285,365,297,310,340,216
1776733986.083068,4.453573598707585,0,0,0.0,0.0,0.0220038631013031,285,365,297,310,340,216
1776733986.1444044,4.5561441592245515,0,0,0.0,0.0,0.0220038631013031,285,365,297,310,340,216
1776733986.1762757,4.525686495534731,0,0,0.0,0.0,0.0220038631013031,285,365,297,310,340,216
1776733986.2115195,4.535411897320839,0,0,0.0,0.0,0.0220038631013031,285,365,297,310,340,216
1776733986.2407358,4.535411897320839,0,0,0.0,0.0,0.0220038631013031,285,365,297,310,340,216
1776733986.2726238,4.549247138392504,0,0,0.0,0.0,0.0220038631013031,285,365,297,310,340,216
1776733986.303666,4.549247138392504,0,0,0.0,0.0,0.0220038631013031,285,365,297,310,340,216
1776733986.3363488,4.533548283035502,0,0,0.0,0.0,0.0220038631013031,285,365,297,310,340,216
1776733986.3830962,4.564128969821302,0,0,0.0,0.0,0.0220038631013031,285,365,297,310,340,216
1776733986.416746,4.564128969821302,0,0,0.0,0.0,0.0220038631013031,285,365,297,310,340,216
1776733986.4298437,4.564128969821302,0,0,0.0,0.0,0.0220038631013031,285,365,297,310,340,216
1776733986.447908,4.502477381892781,0,0,0.0,0.0,0.0220038631013031,285,365,297,310,340,216
1776733986.47973,4.502477381892781,0,0,0.0,0.0,0.0220038631013031,285,365,297,310,340,216
1776733986.545571,4.4814864291356695,0,0,0.0,0.0,0.0220038631013031,285,365,297,310,340,216
1776733986.5760832,4.496891857481401,0,0,0.0,0.0,0.0220038631013031,285,365,297,310,340,216
1776733986.60865,4.50613511448884,0,0,0.0,0.0,0.0220038631013031,285,365,297,310,340,216
1776733986.6402328,4.50613511448884,0,0,0.0,0.0,0.0220038631013031,285,365,297,310,340,216
1776733986.672919,4.491681068693304,0,0,0.0,0.0,0.0220038631013031,285,365,297,310,340,216
1776733986.7037778,4.491681068693304,0,0,0.0,0.0,0.0220038631013031,285,365,297,310,340,216
1776733986.7542994,4.495008641215983,0,0,0.0,0.0,0.0220038631013031,285,365,297,310,340,216
1776733986.7858436,4.55700518472959,0,0,0.0,0.0,0.0220038631013031,285,365,297,310,340,216
1776733986.8000088,4.55700518472959,0,0,0.0,0.0,0.0220038631013031,285,365,297,310,340,216
1776733986.8187644,4.55700518472959,0,0,0.0,0.0,0.0220038631013031,285,365,297,310,340,216
1776733986.8493173,4.550203110837754,0,0,0.0,0.0,0.0220038631013031,285,365,297,310,340,216
1776733986.8812506,4.550203110837754,0,0,0.0,0.0,0.0220038631013031,285,365,297,310,340,216
1776733986.9442985,4.582121866502653,0,0,0.0,0.0,0.0220038631013031,285,365,297,310,340,216
1776733986.9767265,4.582121866502653,0,0,0.0,0.0,0.0220038631013031,285,365,297,310,340,216
1776733987.0095167,4.573273119901591,0,0,0.0,0.0,0.0220038631013031,285,365,297,310,340,216
1776733987.0395398,4.573273119901591,0,0,0.0,0.0,0.0220038631013031,285,365,297,310,340,216
1776733987.0709486,4.523963871940955,0,0,0.0,0.0,0.0220038631013031,285,365,297,310,340,216
1776733987.1055787,4.523963871940955,0,0,0.0,0.0,0.0220038631013031,285,365,297,310,340,216
1776733987.1507225,4.634378323164572,0,0,0.0,0.0,0.0220038631013031,285,365,297,310,340,216
1776733987.187059,4.540626993898743,0,0,0.0,0.0,0.0220038631013031,285,365,297,310,340,216
1776733987.1996408,4.540626993898743,0,0,0.0,0.0,0.0220038631013031,285,365,297,310,340,216
1776733987.2188938,4.540626993898743,0,0,0.0,0.0,0.0220038631013031,285,365,297,310,340,216
1776733987.2485132,4.552376196339246,0,0,0.0,0.0,0.0220038631013031,285,365,297,310,340,216
1776733987.2790687,4.552376196339246,0,0,0.0,0.0,0.0220038631013031,285,365,297,310,340,216
1776733987.3451087,4.555425717803548,0,0,0.0,0.0,0.0220038631013031,285,365,297,310,340,216
1776733987.377028,4.555425717803548,0,0,0.0,0.0,0.0220038631013031,285,365,297,310,340,216
1776733987.4095984,4.589255430682128,0,0,0.0,0.0,0.0220038631013031,285,365,297,310,340,216
1776733987.4420419,4.589255430682128,0,0,0.0,0.0,0.0220038631013031,285,365,297,310,340,216
1776733987.473027,4.5975532584092775,0,0,0.0,0.0,0.0220038631013031,285,365,297,310,340,216
1776733987.509781,4.602531955045567,0,0,0.0,0.0,0.0220038631013031,285,365,297,310,340,216
1776733987.5521562,4.602531955045567,0,0,0.0,0.0,0.0220038631013031,285,365,297,310,340,216
1776733987.586372,4.66151917302734,0,0,0.0,0.0,0.0220038631013031,285,365,297,310,340,216
1776733987.5995948,4.66151917302734,0,0,0.0,0.0,0.0220038631013031,285,365,297,310,340,216
1776733987.6247168,4.688911503816405,0,0,0.0,0.0,0.0220038631013031,285,365,297,310,340,216
1776733987.6501074,4.688911503816405,0,0,0.0,0.0,0.0220038631013031,285,365,297,310,340,216
1776733987.6812043,4.645346902289843,0,0,0.0,0.0,0.0220038631013031,285,365,297,310,340,216
1776733987.74555,4.587208141373906,0,0,0.0,0.0,0.0220038631013031,285,365,297,310,340,216
1776733987.7772894,4.587208141373906,0,0,0.0,0.0,0.0220038631013031,285,365,297,310,340,216
1776733987.8080537,4.564324884824344,0,0,0.0,0.0,0.0220038631013031,285,365,297,310,340,216
1776733987.8400261,4.564324884824344,0,0,0.0,0.0,0.0220038631013031,285,365,297,310,340,216
1776733987.8727605,4.622594930894606,0,0,0.0,0.0,0.0220038631013031,285,365,297,310,340,216
1776733987.9210212,4.577556958536763,0,0,0.0,0.0,0.0220038631013031,285,365,297,310,340,216
1776733987.9516273,4.577556958536763,0,0,0.0,0.0,0.0220038631013031,285,365,297,310,340,216
1776733987.9667776,4.594534175122058,0,0,0.0,0.0,0.0220038631013031,285,365,297,310,340,216
1776733987.9855485,4.594534175122058,0,0,0.0,0.0,0.0220038631013031,285,365,297,310,340,216
1776733988.018581,4.628720505073234,0,0,0.0,0.0,0.0220038631013031,285,365,297,310,340,216
1776733988.0504878,4.628720505073234,0,0,0.0,0.0,0.0220038631013031,285,365,297,310,340,216
1776733988.0819228,4.605232303043941,0,0,0.0,0.0,0.0220038631013031,285,365,297,310,340,216
1776733988.1442,4.527139381826364,0,0,0.0,0.0,0.0220038631013031,285,365,297,310,340,216
1776733988.1775818,4.527139381826364,0,0,0.0,0.0,0.0220038631013031,285,365,297,310,340,216
1776733988.2090385,4.584283629095818,0,0,0.0,0.0,0.0220038631013031,285,365,297,310,340,216
1776733988.243149,4.510570177457491,0,0,0.0,0.0,0.0220038631013031,285,365,297,310,340,216
1776733988.2738614,4.510570177457491,0,0,0.0,0.0,0.0220038631013031,285,365,297,310,340,216
1776733988.321839,4.598342106474495,0,0,0.0,0.0,0.0220038631013031,285,365,297,310,340,216
1776733988.357441,4.603005263884697,0,0,0.0,0.0,0.0220038631013031,285,365,297,310,340,216
1776733988.3696828,4.603005263884697,0,0,0.0,0.0,0.0220038631013031,285,365,297,310,340,216
1776733988.3841724,4.603005263884697,0,0,0.0,0.0,0.0220038631013031,285,365,297,310,340,216
1776733988.4186926,4.617803158330817,0,0,0.0,0.0,0.0220038631013031,285,365,297,310,340,216
1776733988.4513175,4.617803158330817,0,0,0.0,0.0,0.0220038631013031,285,365,297,310,340,216
1776733988.4813948,4.58668189499849,0,0,0.0,0.0,0.0220038631013031,285,365,297,310,340,216
1776733988.5463722,4.588009136999094,0,0,0.0,0.0,0.0220038631013031,285,365,297,310,340,216
1776733988.5830803,4.612805482199457,0,0,0.0,0.0,0.0220038631013031,285,365,297,310,340,216
1776733988.6100247,4.612805482199457,0,0,0.0,0.0,0.0220038631013031,285,365,297,310,340,216
1776733988.640082,4.591683289319674,0,0,0.0,0.0,0.0220038631013031,285,365,297,310,340,216
1776733988.6735008,4.591683289319674,0,0,0.0,0.0,0.0220038631013031,285,365,297,310,340,216
1776733988.7214737,4.643009973591804,0,0,0.0,0.0,0.0220038631013031,285,365,297,310,340,216
1776733988.753749,4.621805984155082,0,0,0.0,0.0,0.0220038631013031,285,365,297,310,340,216
1776733988.7677236,4.621805984155082,0,0,0.0,0.0,0.0220038631013031,285,365,297,310,340,216
1776733988.7856205,4.621805984155082,0,0,0.0,0.0,0.0220038631013031,285,365,297,310,340,216
1776733988.8207242,4.59708359049305,0,0,0.0,0.0,0.0220038631013031,285,365,297,310,340,216
1776733988.8482623,4.59708359049305,0,0,0.0,0.0,0.0220038631013031,285,365,297,310,340,216
1776733988.8807518,4.58625015429583,0,0,0.0,0.0,0.0220038631013031,285,365,297,310,340,216
1776733988.9461827,4.543750092577499,0,0,0.0,0.0,0.0220038631013031,285,365,297,310,340,216
1776733988.977036,4.558250055546499,0,0,0.0,0.0,0.0220038631013031,285,365,297,310,340,216
1776733989.0081916,4.558250055546499,0,0,0.0,0.0,0.0220038631013031,285,365,297,310,340,216
1776733989.0407715,4.6749500333278995,0,0,0.0,0.0,0.0220038631013031,285,365,297,310,340,216
1776733989.072603,4.6749500333278995,0,0,0.0,0.0,0.0220038631013031,285,365,297,310,340,216
1776733989.1188464,4.67297001999674,0,0,0.0,0.0,0.0220038631013031,285,365,297,310,340,216
1776733989.1352708,4.67297001999674,0,0,0.0,0.0,0.0220038631013031,285,365,297,310,340,216
1776733989.1520572,4.687782011998044,0,0,0.0,0.0,0.0220038631013031,285,365,297,310,340,216
1776733989.1859884,4.687782011998044,0,0,0.0,0.0,0.0220038631013031,285,365,297,310,340,216
1776733989.2171538,4.672669207198826,0,0,0.0,0.0,0.0220038631013031,285,365,297,310,340,216
1776733989.2494283,4.672669207198826,0,0,0.0,0.0,0.0220038631013031,285,365,297,310,340,216
1776733989.2823763,4.619601524319296,0,0,0.0,0.0,0.0220038631013031,285,365,297,310,340,216
1776733989.3444798,4.599760914591577,0,0,0.0,0.0,0.0220038631013031,285,365,297,310,340,216
1776733989.3758974,4.603856548754947,0,0,0.0,0.0,0.0220038631013031,285,365,297,310,340,216
1776733989.4079146,4.603856548754947,0,0,0.0,0.0,0.0220038631013031,285,365,297,310,340,216
1776733989.4407983,4.662313929252968,0,0,0.0,0.0,0.0220038631013031,285,365,297,310,340,216
1776733989.4901233,4.721388357551781,0,0,0.0,0.0,0.0220038631013031,285,365,297,310,340,216
1776733989.5214093,4.721388357551781,0,0,0.0,0.0,0.0220038631013031,285,365,297,310,340,216
1776733989.5329204,4.721388357551781,0,0,0.0,0.0,0.0220038631013031,285,365,297,310,340,216
1776733989.552516,4.724833014531069,0,0,0.0,0.0,0.0220038631013031,285,365,297,310,340,216
1776733989.586599,4.724833014531069,0,0,0.0,0.0,0.0220038631013031,285,365,297,310,340,216
1776733989.6170857,4.530899808718642,0,0,0.0,0.0,0.0220038631013031,285,365,297,310,340,216
1776733989.651667,4.562539885231185,0,0,0.0,0.0,0.0220038631013031,285,365,297,310,340,216
1776733989.6786735,4.562539885231185,0,0,0.0,0.0,0.0220038631013031,285,365,297,310,340,216
1776733989.743671,4.64152393113871,0,0,0.0,0.0,0.0220038631013031,285,365,297,310,340,216
1776733989.776675,4.692914358683226,0,0,0.0,0.0,0.0220038631013031,285,365,297,310,340,216
1776733989.8079994,4.692914358683226,0,0,0.0,0.0,0.0220038631013031,285,365,297,310,340,216
1776733989.8415415,4.683748615209936,0,0,0.0,0.0,0.0220038631013031,285,365,297,310,340,216
1776733989.8881474,4.718249169125961,0,0,0.0,0.0,0.0220038631013031,285,365,297,310,340,216
1776733989.919671,4.718249169125961,0,0,0.0,0.0,0.0220038631013031,285,365,297,310,340,216
1776733989.9347897,4.702949501475576,0,0,0.0,0.0,0.0220038631013031,285,365,297,310,340,216
1776733989.95245,4.702949501475576,0,0,0.0,0.0,0.0220038631013031,285,365,297,310,340,216
1776733989.9863763,4.702949501475576,0,0,0.0,0.0,0.0220038631013031,285,365,297,310,340,216
1776733990.0172696,4.665769700885345,0,0,0.0,0.0,0.0220038631013031,285,365,297,310,340,216
1776733990.0517187,4.707461820531207,0,0,0.0,0.0,0.0220038631013031,285,365,297,310,340,216
1776733990.0793502,4.707461820531207,0,0,0.0,0.0,0.0220038631013031,285,365,297,310,340,216
1776733990.1466067,4.672477092318724,0,0,0.0,0.0,0.0220038631013031,285,365,297,310,340,216
1776733990.1759367,4.683486255391235,0,0,0.0,0.0,0.0220038631013031,285,365,297,310,340,216
1776733990.2069678,4.683486255391235,0,0,0.0,0.0,0.0220038631013031,285,365,297,310,340,216
1776733990.2413638,4.710091753234741,0,0,0.0,0.0,0.0220038631013031,285,365,297,310,340,216
1776733990.2895,4.650055051940845,0,0,0.0,0.0,0.0220038631013031,285,365,297,310,340,216
1776733990.3199966,4.650055051940845,0,0,0.0,0.0,0.0220038631013031,285,365,297,310,340,216
1776733990.333402,4.654033031164507,0,0,0.0,0.0,0.0220038631013031,285,365,297,310,340,216
1776733990.3525102,4.654033031164507,0,0,0.0,0.0,0.0220038631013031,285,365,297,310,340,216
1776733990.3852239,4.676419818698704,0,0,0.0,0.0,0.0220038631013031,285,365,297,310,340,216
1776733990.4170964,4.676419818698704,0,0,0.0,0.0,0.0220038631013031,285,365,297,310,340,216
1776733990.44821,4.681851891219223,0,0,0.0,0.0,0.0220038631013031,285,365,297,310,340,216
1776733990.4819548,4.681851891219223,0,0,0.0,0.0,0.0220038631013031,285,365,297,310,340,216
1776733990.5436385,4.7251111347315335,0,0,0.0,0.0,0.0220038631013031,285,365,297,310,340,216
1776733990.5772967,4.7150666808389206,0,0,0.0,0.0,0.0220038631013031,285,365,297,310,340,216
1776733990.6141098,4.729040008503352,0,0,0.0,0.0,0.0220038631013031,285,365,297,310,340,216
1776733990.656944,4.729040008503352,0,0,0.0,0.0,0.0220038631013031,285,365,297,310,340,216
1776733990.6877134,4.705424005102011,0,0,0.0,0.0,0.0220038631013031,285,365,297,310,340,216
1776733990.7013838,4.705424005102011,0,0,0.0,0.0,0.0220038631013031,285,365,297,310,340,216
1776733990.7248266,4.703254403061207,0,0,0.0,0.0,0.0220038631013031,285,365,297,310,340,216
1776733990.7541914,4.703254403061207,0,0,0.0,0.0,0.0220038631013031,285,365,297,310,340,216
1776733990.7854104,4.709952641836724,0,0,0.0,0.0,0.0220038631013031,285,365,297,310,340,216
1776733990.8161004,4.709952641836724,0,0,0.0,0.0,0.0220038631013031,285,365,297,310,340,216
1776733990.8521917,4.605971585102035,0,0,0.0,0.0,0.0220038631013031,285,365,297,310,340,216
1776733990.8821414,4.605971585102035,0,0,0.0,0.0,0.0220038631013031,285,365,297,310,340,216
1776733990.9441676,4.687582951061221,0,0,0.0,0.0,0.0220038631013031,285,365,297,310,340,216
1776733990.975737,4.720549770636732,0,0,0.0,0.0,0.0220038631013031,285,365,297,310,340,216
1776733991.0080838,4.6603298623820395,0,0,0.0,0.0,0.0220038631013031,285,365,297,310,340,216
1776733991.0649493,4.680197917429224,0,0,0.0,0.0,0.0220038631013031,285,365,297,310,340,216
1776733991.0872185,4.680197917429224,0,0,0.0,0.0,0.0220038631013031,285,365,297,310,340,216
1776733991.1016345,4.680197917429224,0,0,0.0,0.0,0.0220038631013031,285,365,297,310,340,216
1776733991.1220474,4.652118750457534,0,0,0.0,0.0,0.0220038631013031,285,365,297,310,340,216
1776733991.1510344,4.652118750457534,0,0,0.0,0.0,0.0220038631013031,285,365,297,310,340,216
1776733991.1846652,4.651271250274521,0,0,0.0,0.0,0.0220038631013031,285,365,297,310,340,216
1776733991.214663,4.651271250274521,0,0,0.0,0.0,0.0220038631013031,285,365,297,310,340,216
1776733991.2482932,4.6627627501647115,0,0,0.0,0.0,0.0220038631013031,285,365,297,310,340,216
1776733991.2817414,4.6627627501647115,0,0,0.0,0.0,0.0220038631013031,285,365,297,310,340,216
1776733991.3478308,4.605657650098827,0,0,0.0,0.0,0.0220038631013031,285,365,297,310,340,216
1776733991.3775053,4.605657650098827,0,0,0.0,0.0,0.0220038631013031,285,365,297,310,340,216
1776733991.4089403,4.611394590059296,0,0,0.0,0.0,0.0220038631013031,285,365,297,310,340,216
1776733991.4585679,4.586836754035578,0,0,0.0,0.0,0.0220038631013031,285,365,297,310,340,216
1776733991.4913952,4.586836754035578,0,0,0.0,0.0,0.0220038631013031,285,365,297,310,340,216
1776733991.5046835,4.586836754035578,0,0,0.0,0.0,0.0220038631013031,285,365,297,310,340,216
1776733991.5214622,4.596102052421347,0,0,0.0,0.0,0.0220038631013031,285,365,297,310,340,216
1776733991.551063,4.596102052421347,0,0,0.0,0.0,0.0220038631013031,285,365,297,310,340,216
1776733991.5852044,4.641661231452808,0,0,0.0,0.0,0.0220038631013031,285,365,297,310,340,216
1776733991.6154625,4.641661231452808,0,0,0.0,0.0,0.0220038631013031,285,365,297,310,340,216
1776733991.6518614,4.644996738871685,0,0,0.0,0.0,0.0220038631013031,285,365,297,310,340,216
1776733991.6835804,4.6749980433230105,0,0,0.0,0.0,0.0220038631013031,285,365,297,310,340,216
1776733991.744192,4.632998825993806,0,0,0.0,0.0,0.0220038631013031,285,365,297,310,340,216
1776733991.7771404,4.632998825993806,0,0,0.0,0.0,0.0220038631013031,285,365,297,310,340,216
1776733991.807982,4.6957992955962835,0,0,0.0,0.0,0.0220038631013031,285,365,297,310,340,216
1776733991.8571923,4.66947957735777,0,0,0.0,0.0,0.0220038631013031,285,365,297,310,340,216
1776733991.8708572,4.66947957735777,0,0,0.0,0.0,0.0220038631013031,285,365,297,310,340,216
1776733991.8870587,4.66947957735777,0,0,0.0,0.0,0.0220038631013031,285,365,297,310,340,216
1776733991.9209723,4.621687746414662,0,0,0.0,0.0,0.0220038631013031,285,365,297,310,340,216
1776733991.9528005,4.621687746414662,0,0,0.0,0.0,0.0220038631013031,285,365,297,310,340,216
1776733991.98421,4.689012647848798,0,0,0.0,0.0,0.0220038631013031,285,365,297,310,340,216
1776733992.0167437,4.689012647848798,0,0,0.0,0.0,0.0220038631013031,285,365,297,310,340,216
1776733992.0506005,4.645407588709278,0,0,0.0,0.0,0.0220038631013031,285,365,297,310,340,216
1776733992.0829277,4.675244553225567,0,0,0.0,0.0,0.0220038631013031,285,365,297,310,340,216
1776733992.1443992,4.65714673193534,0,0,0.0,0.0,0.0220038631013031,285,365,297,310,340,216
1776733992.1791449,4.65714673193534,0,0,0.0,0.0,0.0220038631013031,285,365,297,310,340,216
1776733992.2253811,4.618288039161204,0,0,0.0,0.0,0.0220038631013031,285,365,297,310,340,216
1776733992.2573323,4.642972823496722,0,0,0.0,0.0,0.0220038631013031,285,365,297,310,340,216
1776733992.2693062,4.642972823496722,0,0,0.0,0.0,0.0220038631013031,285,365,297,310,340,216
1776733992.2880542,4.642972823496722,0,0,0.0,0.0,0.0220038631013031,285,365,297,310,340,216
1776733992.3200502,4.625783694098033,0,0,0.0,0.0,0.0220038631013031,285,365,297,310,340,216
1776733992.350524,4.625783694098033,0,0,0.0,0.0,0.0220038631013031,285,365,297,310,340,216
1776733992.3849592,4.65147021645882,0,0,0.0,0.0,0.0220038631013031,285,365,297,310,340,216
1776733992.4163525,4.666882129875292,0,0,0.0,0.0,0.0220038631013031,285,365,297,310,340,216
1776733992.4515586,4.666882129875292,0,0,0.0,0.0,0.0220038631013031,285,365,297,310,340,216
1776733992.4836202,4.664129277925175,0,0,0.0,0.0,0.0220038631013031,285,365,297,310,340,216
1776733992.5463374,4.6664775667551055,0,0,0.0,0.0,0.0220038631013031,285,365,297,310,340,216
1776733992.577535,4.6664775667551055,0,0,0.0,0.0,0.0220038631013031,285,365,297,310,340,216
1776733992.6250482,4.623886540053062,0,0,0.0,0.0,0.0220038631013031,285,365,297,310,340,216
1776733992.657258,4.606331924031838,0,0,0.0,0.0,0.0220038631013031,285,365,297,310,340,216
1776733992.6715167,4.606331924031838,0,0,0.0,0.0,0.0220038631013031,285,365,297,310,340,216
1776733992.6882215,4.606331924031838,0,0,0.0,0.0,0.0220038631013031,285,365,297,310,340,216
1776733992.7217283,4.659799154419103,0,0,0.0,0.0,0.0220038631013031,285,365,297,310,340,216
1776733992.7568917,4.643879492651462,0,0,0.0,0.0,0.0220038631013031,285,365,297,310,340,216
1776733992.7845473,4.643879492651462,0,0,0.0,0.0,0.0220038631013031,285,365,297,310,340,216
1776733992.8168063,4.662327695590877,0,0,0.0,0.0,0.0220038631013031,285,365,297,310,340,216
1776733992.8497002,4.662327695590877,0,0,0.0,0.0,0.0220038631013031,285,365,297,310,340,216
1776733992.8824198,4.617396617354526,0,0,0.0,0.0,0.0220038631013031,285,365,297,310,340,216
1776733992.943824,4.582437970412716,0,0,0.0,0.0,0.0220038631013031,285,365,297,310,340,216
1776733992.982022,4.6134627822476295,0,0,0.0,0.0,0.0220038631013031,285,365,297,310,340,216
1776733993.026346,4.6134627822476295,0,0,0.0,0.0,0.0220038631013031,285,365,297,310,340,216
1776733993.058077,4.620077669348578,0,0,0.0,0.0,0.0220038631013031,285,365,297,310,340,216
1776733993.072934,4.620077669348578,0,0,0.0,0.0,0.0220038631013031,285,365,297,310,340,216
1776733993.0871656,4.620077669348578,0,0,0.0,0.0,0.0220038631013031,285,365,297,310,340,216
1776733993.1197724,4.628046601609146,0,0,0.0,0.0,0.0220038631013031,285,365,297,310,340,216
1776733993.1516876,4.628827960965488,0,0,0.0,0.0,0.0220038631013031,285,365,297,310,340,216
1776733993.1864715,4.628827960965488,0,0,0.0,0.0,0.0220038631013031,285,365,297,310,340,216
1776733993.2156968,4.557296776579292,0,0,0.0,0.0,0.0220038631013031,285,365,297,310,340,216
1776733993.2503848,4.557296776579292,0,0,0.0,0.0,0.0220038631013031,285,365,297,310,340,216
1776733993.2897284,4.598378065947576,0,0,0.0,0.0,0.0220038631013031,285,365,297,310,340,216
1776733993.343707,4.595026839568545,0,0,0.0,0.0,0.0220038631013031,285,365,297,310,340,216
1776733993.3940735,4.581016103741127,0,0,0.0,0.0,0.0220038631013031,285,365,297,310,340,216
1776733993.4258327,4.581016103741127,0,0,0.0,0.0,0.0220038631013031,285,365,297,310,340,216
1776733993.4380627,4.620609662244676,0,0,0.0,0.0,0.0220038631013031,285,365,297,310,340,216
1776733993.458987,4.620609662244676,0,0,0.0,0.0,0.0220038631013031,285,365,297,310,340,216
1776733993.4901233,4.6403657973468055,0,0,0.0,0.0,0.0220038631013031,285,365,297,310,340,216
1776733993.5187168,4.6403657973468055,0,0,0.0,0.0,0.0220038631013031,285,365,297,310,340,216
1776733993.5524914,4.6762194784080835,0,0,0.0,0.0,0.0220038631013031,285,365,297,310,340,216
1776733993.5860043,4.6762194784080835,0,0,0.0,0.0,0.0220038631013031,285,365,297,310,340,216
1776733993.6160965,4.62573168704485,0,0,0.0,0.0,0.0220038631013031,285,365,297,310,340,216
1776733993.647794,4.62573168704485,0,0,0.0,0.0,0.0220038631013031,285,365,297,310,340,216
1776733993.6821277,4.54343901222691,0,0,0.0,0.0,0.0220038631013031,285,365,297,310,340,216
1776733993.7442179,4.538063407336146,0,0,0.0,0.0,0.0220038631013031,285,365,297,310,340,216
1776733993.7926767,4.546838044401687,0,0,0.0,0.0,0.0220038631013031,285,365,297,310,340,216
1776733993.8294597,4.548102826641012,0,0,0.0,0.0,0.0220038631013031,285,365,297,310,340,216
1776733993.8412309,4.548102826641012,0,0,0.0,0.0,0.0220038631013031,285,365,297,310,340,216
1776733993.8571754,4.548102826641012,0,0,0.0,0.0,0.0220038631013031,285,365,297,310,340,216
1776733993.88952,4.608861695984607,0,0,0.0,0.0,0.0220038631013031,285,365,297,310,340,216
1776733993.919502,4.608861695984607,0,0,0.0,0.0,0.0220038631013031,285,365,297,310,340,216
1776733993.9509876,4.577317017590764,0,0,0.0,0.0,0.0220038631013031,285,365,297,310,340,216
1776733993.985217,4.577317017590764,0,0,0.0,0.0,0.0220038631013031,285,365,297,310,340,216
1776733994.0156944,4.6063902105544585,0,0,0.0,0.0,0.0220038631013031,285,365,297,310,340,216
1776733994.0553286,4.631834126332675,0,0,0.0,0.0,0.0220038631013031,285,365,297,310,340,216
1776733994.0844762,4.631834126332675,0,0,0.0,0.0,0.0220038631013031,285,365,297,310,340,216
1776733994.1430497,4.6111004757996055,0,0,0.0,0.0,0.0220038631013031,285,365,297,310,340,216
1776733994.1926286,4.630660285479763,0,0,0.0,0.0,0.0220038631013031,285,365,297,310,340,216
1776733994.2235248,4.610396171287858,0,0,0.0,0.0,0.0220038631013031,285,365,297,310,340,216
1776733994.237459,4.610396171287858,0,0,0.0,0.0,0.0220038631013031,285,365,297,310,340,216
1776733994.256959,4.610396171287858,0,0,0.0,0.0,0.0220038631013031,285,365,297,310,340,216
1776733994.2934396,4.598237702772715,0,0,0.0,0.0,0.0220038631013031,285,365,297,310,340,216
1776733994.3211882,4.598237702772715,0,0,0.0,0.0,0.0220038631013031,285,365,297,310,340,216
1776733994.3514006,4.582942621663628,0,0,0.0,0.0,0.0220038631013031,285,365,297,310,340,216
1776733994.3846407,4.582942621663628,0,0,0.0,0.0,0.0220038631013031,285,365,297,310,340,216
1776733994.416895,4.545765572998177,0,0,0.0,0.0,0.0220038631013031,285,365,297,310,340,216
1776733994.4507425,4.555459343798907,0,0,0.0,0.0,0.0220038631013031,285,365,297,310,340,216
1776733994.4840739,4.555459343798907,0,0,0.0,0.0,0.0220038631013031,285,365,297,310,340,216
1776733994.563079,4.581275606279344,0,0,0.0,0.0,0.0220038631013031,285,365,297,310,340,216
1776733994.5927708,4.581275606279344,0,0,0.0,0.0,0.0220038631013031,285,365,297,310,340,216
1776733994.6078143,4.581275606279344,0,0,0.0,0.0,0.0220038631013031,285,365,297,310,340,216
1776733994.6276293,4.624765363767606,0,0,0.0,0.0,0.0220038631013031,285,365,297,310,340,216
1776733994.659513,4.624765363767606,0,0,0.0,0.0,0.0220038631013031,285,365,297,310,340,216
1776733994.6868863,4.582859218260563,0,0,0.0,0.0,0.0220038631013031,285,365,297,310,340,216
1776733994.7206635,4.582859218260563,0,0,0.0,0.0,0.0220038631013031,285,365,297,310,340,216
1776733994.752404,4.561715530956338,0,0,0.0,0.0,0.0220038631013031,285,365,297,310,340,216
1776733994.7879467,4.597029318573803,0,0,0.0,0.0,0.0220038631013031,285,365,297,310,340,216
1776733994.815214,4.597029318573803,0,0,0.0,0.0,0.0220038631013031,285,365,297,310,340,216
1776733994.849195,4.558217591144282,0,0,0.0,0.0,0.0220038631013031,285,365,297,310,340,216
1776733994.882009,4.558217591144282,0,0,0.0,0.0,0.0220038631013031,285,365,297,310,340,216
1776733994.961414,4.526930554686569,0,0,0.0,0.0,0.0220038631013031,285,365,297,310,340,216
1776733994.995109,4.526930554686569,0,0,0.0,0.0,0.0220038631013031,285,365,297,310,340,216
1776733995.0134022,4.584158332811941,0,0,0.0,0.0,0.0220038631013031,285,365,297,310,340,216
1776733995.0277367,4.584158332811941,0,0,0.0,0.0,0.0220038631013031,285,365,297,310,340,216
1776733995.0560582,4.584158332811941,0,0,0.0,0.0,0.0220038631013031,285,365,297,310,340,216
1776733995.0879877,4.578494999687164,0,0,0.0,0.0,0.0220038631013031,285,365,297,310,340,216
1776733995.1243334,4.4990969998122985,0,0,0.0,0.0,0.0220038631013031,285,365,297,310,340,216
1776733995.1515746,4.4990969998122985,0,0,0.0,0.0,0.0220038631013031,285,365,297,310,340,216
1776733995.1867979,4.495458199887379,0,0,0.0,0.0,0.0220038631013031,285,365,297,310,340,216
1776733995.2152236,4.495458199887379,0,0,0.0,0.0,0.0220038631013031,285,365,297,310,340,216
1776733995.2492876,4.465274919932427,0,0,0.0,0.0,0.0220038631013031,285,365,297,310,340,216
1776733995.2828178,4.465274919932427,0,0,0.0,0.0,0.0220038631013031,285,365,297,310,340,216
1776733995.3593388,4.583164951959456,0,0,0.0,0.0,0.0220038631013031,285,365,297,310,340,216
1776733995.3934996,4.583164951959456,0,0,0.0,0.0,0.0220038631013031,285,365,297,310,340,216
1776733995.4065788,4.537898971175673,0,0,0.0,0.0,0.0220038631013031,285,365,297,310,340,216
1776733995.424902,4.537898971175673,0,0,0.0,0.0,0.0220038631013031,285,365,297,310,340,216
1776733995.4571667,4.537898971175673,0,0,0.0,0.0,0.0220038631013031,285,365,297,310,340,216
1776733995.4888468,4.578739382705404,0,0,0.0,0.0,0.0220038631013031,285,365,297,310,340,216
1776733995.5213892,4.575243629623243,0,0,0.0,0.0,0.0220038631013031,285,365,297,310,340,216
1776733995.5521252,4.575243629623243,0,0,0.0,0.0,0.0220038631013031,285,365,297,310,340,216
1776733995.5845459,4.553146177773945,0,0,0.0,0.0,0.0220038631013031,285,365,297,310,340,216
1776733995.6189456,4.553146177773945,0,0,0.0,0.0,0.0220038631013031,285,365,297,310,340,216
1776733995.6498368,4.555887706664366,0,0,0.0,0.0,0.0220038631013031,285,365,297,310,340,216
1776733995.6829169,4.555887706664366,0,0,0.0,0.0,0.0220038631013031,285,365,297,310,340,216
1776733995.7592204,4.60153262399862,0,0,0.0,0.0,0.0220038631013031,285,365,297,310,340,216
1776733995.7936766,4.60153262399862,0,0,0.0,0.0,0.0220038631013031,285,365,297,310,340,216
1776733995.80534,4.576919574399172,0,0,0.0,0.0,0.0220038631013031,285,365,297,310,340,216
1776733995.8250299,4.576919574399172,0,0,0.0,0.0,0.0220038631013031,285,365,297,310,340,216
1776733995.8574796,4.542151744639503,0,0,0.0,0.0,0.0220038631013031,285,365,297,310,340,216
1776733995.8886492,4.542151744639503,0,0,0.0,0.0,0.0220038631013031,285,365,297,310,340,216
1776733995.9190722,4.553291046783702,0,0,0.0,0.0,0.0220038631013031,285,365,297,310,340,216
1776733995.9533284,4.553291046783702,0,0,0.0,0.0,0.0220038631013031,285,365,297,310,340,216
1776733995.9843593,4.551974628070221,0,0,0.0,0.0,0.0220038631013031,285,365,297,310,340,216
1776733996.0177968,4.551974628070221,0,0,0.0,0.0,0.0220038631013031,285,365,297,310,340,216
1776733996.049939,4.5871847768421325,0,0,0.0,0.0,0.0220038631013031,285,365,297,310,340,216
1776733996.0825272,4.63631086610528,0,0,0.0,0.0,0.0220038631013031,285,365,297,310,340,216
1776733996.1628106,4.597786519663168,0,0,0.0,0.0,0.0220038631013031,285,365,297,310,340,216
1776733996.1761343,4.597786519663168,0,0,0.0,0.0,0.0220038631013031,285,365,297,310,340,216
1776733996.1974685,4.5866719117979,0,0,0.0,0.0,0.0220038631013031,285,365,297,310,340,216
1776733996.2271872,4.5866719117979,0,0,0.0,0.0,0.0220038631013031,285,365,297,310,340,216
1776733996.2555666,4.48000314707874,0,0,0.0,0.0,0.0220038631013031,285,365,297,310,340,216
1776733996.288766,4.48000314707874,0,0,0.0,0.0,0.0220038631013031,285,365,297,310,340,216
1776733996.321755,4.516001888247244,0,0,0.0,0.0,0.0220038631013031,285,365,297,310,340,216
1776733996.3515494,4.516001888247244,0,0,0.0,0.0,0.0220038631013031,285,365,297,310,340,216
1776733996.3831766,4.593601132948346,0,0,0.0,0.0,0.0220038631013031,285,365,297,310,340,216
1776733996.415045,4.593601132948346,0,0,0.0,0.0,0.0220038631013031,285,365,297,310,340,216
1776733996.4502087,4.644160679769008,0,0,0.0,0.0,0.0220038631013031,285,365,297,310,340,216
1776733996.4821813,4.602496407861405,0,0,0.0,0.0,0.0220038631013031,285,365,297,310,340,216
1776733996.560571,4.6334978447168425,0,0,0.0,0.0,0.0220038631013031,285,365,297,310,340,216
1776733996.5771582,4.6334978447168425,0,0,0.0,0.0,0.0220038631013031,285,365,297,310,340,216
1776733996.5932243,4.580098706830105,0,0,0.0,0.0,0.0220038631013031,285,365,297,310,340,216
1776733996.6228898,4.580098706830105,0,0,0.0,0.0,0.0220038631013031,285,365,297,310,340,216
1776733996.6571515,4.604059224098062,0,0,0.0,0.0,0.0220038631013031,285,365,297,310,340,216
1776733996.687698,4.604059224098062,0,0,0.0,0.0,0.0220038631013031,285,365,297,310,340,216
1776733996.721063,4.5904355344588375,0,0,0.0,0.0,0.0220038631013031,285,365,297,310,340,216
1776733996.7515838,4.5904355344588375,0,0,0.0,0.0,0.0220038631013031,285,365,297,310,340,216
1776733996.7838423,4.634261320675303,0,0,0.0,0.0,0.0220038631013031,285,365,297,310,340,216
1776733996.8171794,4.680556792405182,0,0,0.0,0.0,0.0220038631013031,285,365,297,310,340,216
1776733996.8515468,4.680556792405182,0,0,0.0,0.0,0.0220038631013031,285,365,297,310,340,216
1776733996.8826802,4.612334075443109,0,0,0.0,0.0,0.0220038631013031,285,365,297,310,340,216
1776733996.9609728,4.587400445265866,0,0,0.0,0.0,0.0220038631013031,285,365,297,310,340,216
1776733996.9748704,4.587400445265866,0,0,0.0,0.0,0.0220038631013031,285,365,297,310,340,216
1776733996.993268,4.58044026715952,0,0,0.0,0.0,0.0220038631013031,285,365,297,310,340,216
1776733997.0232623,4.58044026715952,0,0,0.0,0.0,0.0220038631013031,285,365,297,310,340,216
1776733997.0559819,4.5882641602957115,0,0,0.0,0.0,0.0220038631013031,285,365,297,310,340,216
1776733997.0889115,4.5882641602957115,0,0,0.0,0.0,0.0220038631013031,285,365,297,310,340,216
1776733997.1216972,4.628958496177427,0,0,0.0,0.0,0.0220038631013031,285,365,297,310,340,216
1776733997.149985,4.628958496177427,0,0,0.0,0.0,0.0220038631013031,285,365,297,310,340,216
1776733997.1850638,4.641375097706456,0,0,0.0,0.0,0.0220038631013031,285,365,297,310,340,216
1776733997.2146533,4.608825058623873,0,0,0.0,0.0,0.0220038631013031,285,365,297,310,340,216
1776733997.2500193,4.608825058623873,0,0,0.0,0.0,0.0220038631013031,285,365,297,310,340,216
1776733997.2960544,4.609295035174324,0,0,0.0,0.0,0.0220038631013031,285,365,297,310,340,216
1776733997.3298736,4.533577021104595,0,0,0.0,0.0,0.0220038631013031,285,365,297,310,340,216
1776733997.3624773,4.533577021104595,0,0,0.0,0.0,0.0220038631013031,285,365,297,310,340,216
1776733997.39295,4.524146212662757,0,0,0.0,0.0,0.0220038631013031,285,365,297,310,340,216
1776733997.424143,4.524146212662757,0,0,0.0,0.0,0.0220038631013031,285,365,297,310,340,216
1776733997.4565604,4.5264877275976545,0,0,0.0,0.0,0.0220038631013031,285,365,297,310,340,216
1776733997.4866955,4.5264877275976545,0,0,0.0,0.0,0.0220038631013031,285,365,297,310,340,216
1776733997.5191453,4.595892636558593,0,0,0.0,0.0,0.0220038631013031,285,365,297,310,340,216
1776733997.5516982,4.657535581935155,0,0,0.0,0.0,0.0220038631013031,285,365,297,310,340,216
1776733997.5849643,4.657535581935155,0,0,0.0,0.0,0.0220038631013031,285,365,297,310,340,216
1776733997.6221125,4.642521349161093,0,0,0.0,0.0,0.0220038631013031,285,365,297,310,340,216
1776733997.6491184,4.642521349161093,0,0,0.0,0.0,0.0220038631013031,285,365,297,310,340,216
1776733997.6970499,4.641512809496655,0,0,0.0,0.0,0.0220038631013031,285,365,297,310,340,216
1776733997.7311482,4.536907685697993,0,0,0.0,0.0,0.0220038631013031,285,365,297,310,340,216
1776733997.7623174,4.536907685697993,0,0,0.0,0.0,0.0220038631013031,285,365,297,310,340,216
1776733997.7924457,4.554144611418796,0,0,0.0,0.0,0.0220038631013031,285,365,297,310,340,216
1776733997.8232014,4.554144611418796,0,0,0.0,0.0,0.0220038631013031,285,365,297,310,340,216
1776733997.8568883,4.592486766851278,0,0,0.0,0.0,0.0220038631013031,285,365,297,310,340,216
1776733997.8884258,4.567492060110767,0,0,0.0,0.0,0.0220038631013031,285,365,297,310,340,216
1776733997.9200745,4.567492060110767,0,0,0.0,0.0,0.0220038631013031,285,365,297,310,340,216
1776733997.951696,4.58049523606646,0,0,0.0,0.0,0.0220038631013031,285,365,297,310,340,216
1776733997.9851842,4.58049523606646,0,0,0.0,0.0,0.0220038631013031,285,365,297,310,340,216
1776733998.0170035,4.548297141639876,0,0,0.0,0.0,0.0220038631013031,285,365,297,310,340,216
1776733998.050795,4.548297141639876,0,0,0.0,0.0,0.0220038631013031,285,365,297,310,340,216
1776733998.097944,4.532978284983925,0,0,0.0,0.0,0.0220038631013031,285,365,297,310,340,216
1776733998.1305292,4.587786970990355,0,0,0.0,0.0,0.0220038631013031,285,365,297,310,340,216
1776733998.1643991,4.587786970990355,0,0,0.0,0.0,0.0220038631013031,285,365,297,310,340,216
1776733998.2038157,4.556672182594213,0,0,0.0,0.0,0.0220038631013031,285,365,297,310,340,216
1776733998.2290657,4.542003309556527,0,0,0.0,0.0,0.0220038631013031,285,365,297,310,340,216
1776733998.2570946,4.542003309556527,0,0,0.0,0.0,0.0220038631013031,285,365,297,310,340,216
1776733998.290288,4.609201985733916,0,0,0.0,0.0,0.0220038631013031,285,365,297,310,340,216
1776733998.3219628,4.609201985733916,0,0,0.0,0.0,0.0220038631013031,285,365,297,310,340,216
1776733998.3532324,4.577521191440351,0,0,0.0,0.0,0.0220038631013031,285,365,297,310,340,216
1776733998.3855329,4.577521191440351,0,0,0.0,0.0,0.0220038631013031,285,365,297,310,340,216
1776733998.4191346,4.56651271486421,0,0,0.0,0.0,0.0220038631013031,285,365,297,310,340,216
1776733998.4493053,4.56651271486421,0,0,0.0,0.0,0.0220038631013031,285,365,297,310,340,216
1776733998.4973814,4.543907628918526,0,0,0.0,0.0,0.0220038631013031,285,365,297,310,340,216
1776733998.5280802,4.574344577351115,0,0,0.0,0.0,0.0220038631013031,285,365,297,310,340,216
1776733998.5649333,4.620606746410669,0,0,0.0,0.0,0.0220038631013031,285,365,297,310,340,216
1776733998.594098,4.620606746410669,0,0,0.0,0.0,0.0220038631013031,285,365,297,310,340,216
1776733998.6250067,4.608364047846401,0,0,0.0,0.0,0.0220038631013031,285,365,297,310,340,216
1776733998.6567717,4.608364047846401,0,0,0.0,0.0,0.0220038631013031,285,365,297,310,340,216
1776733998.6899827,4.6410184287078415,0,0,0.0,0.0,0.0220038631013031,285,365,297,310,340,216
1776733998.7210941,4.6410184287078415,0,0,0.0,0.0,0.0220038631013031,285,365,297,310,340,216
1776733998.7555125,4.640611057224705,0,0,0.0,0.0,0.0220038631013031,285,365,297,310,340,216
1776733998.7911823,4.580366634334823,0,0,0.0,0.0,0.0220038631013031,285,365,297,310,340,216
1776733998.819997,4.580366634334823,0,0,0.0,0.0,0.0220038631013031,285,365,297,310,340,216
1776733998.8631516,4.616219980600894,0,0,0.0,0.0,0.0220038631013031,285,365,297,310,340,216
1776733998.8992996,4.616219980600894,0,0,0.0,0.0,0.0220038631013031,285,365,297,310,340,216
1776733998.9290812,4.589731988360536,0,0,0.0,0.0,0.0220038631013031,285,365,297,310,340,216
1776733998.9616306,4.625839193016322,0,0,0.0,0.0,0.0220038631013031,285,365,297,310,340,216
1776733998.9935586,4.625839193016322,0,0,0.0,0.0,0.0220038631013031,285,365,297,310,340,216
1776733999.025168,4.6635035158097935,0,0,0.0,0.0,0.0220038631013031,285,365,297,310,340,216
1776733999.0579946,4.6635035158097935,0,0,0.0,0.0,0.0220038631013031,285,365,297,310,340,216
1776733999.0900273,4.630102109485876,0,0,0.0,0.0,0.0220038631013031,285,365,297,310,340,216
1776733999.1203966,4.630102109485876,0,0,0.0,0.0,0.0220038631013031,285,365,297,310,340,216
1776733999.1528227,4.602061265691526,0,0,0.0,0.0,0.0220038631013031,285,365,297,310,340,216
1776733999.186815,4.625236759414915,0,0,0.0,0.0,0.0220038631013031,285,365,297,310,340,216
1776733999.216488,4.625236759414915,0,0,0.0,0.0,0.0220038631013031,285,365,297,310,340,216
1776733999.2664564,4.623142055648949,0,0,0.0,0.0,0.0220038631013031,285,365,297,310,340,216
1776733999.2981825,4.63788523338937,0,0,0.0,0.0,0.0220038631013031,285,365,297,310,340,216
1776733999.340132,4.63788523338937,0,0,0.0,0.0,0.0220038631013031,285,365,297,310,340,216
1776733999.362718,4.5947311400336215,0,0,0.0,0.0,0.0220038631013031,285,365,297,310,340,216
1776733999.3932111,4.5947311400336215,0,0,0.0,0.0,0.0220038631013031,285,365,297,310,340,216
1776733999.4265437,4.6648386840201725,0,0,0.0,0.0,0.0220038631013031,285,365,297,310,340,216
1776733999.457243,4.6648386840201725,0,0,0.0,0.0,0.0220038631013031,285,365,297,310,340,216
1776733999.4892855,4.686903210412103,0,0,0.0,0.0,0.0220038631013031,285,365,297,310,340,216
1776733999.5226922,4.640141926247262,0,0,0.0,0.0,0.0220038631013031,285,365,297,310,340,216
1776733999.5538692,4.640141926247262,0,0,0.0,0.0,0.0220038631013031,285,365,297,310,340,216
1776733999.583303,4.660085155748357,0,0,0.0,0.0,0.0220038631013031,285,365,297,310,340,216
1776733999.6190276,4.660085155748357,0,0,0.0,0.0,0.0220038631013031,285,365,297,310,340,216
1776733999.6638026,4.592051093449014,0,0,0.0,0.0,0.0220038631013031,285,365,297,310,340,216
1776733999.6995528,4.6512306560694086,0,0,0.0,0.0,0.0220038631013031,285,365,297,310,340,216
1776733999.7303772,4.6512306560694086,0,0,0.0,0.0,0.0220038631013031,285,365,297,310,340,216
1776733999.7639022,4.662738393641645,0,0,0.0,0.0,0.0220038631013031,285,365,297,310,340,216
1776733999.7930582,4.662738393641645,0,0,0.0,0.0,0.0220038631013031,285,365,297,310,340,216
1776733999.824274,4.625643036184988,0,0,0.0,0.0,0.0220038631013031,285,365,297,310,340,216
1776733999.8554413,4.625643036184988,0,0,0.0,0.0,0.0220038631013031,285,365,297,310,340,216
1776733999.887352,4.619385821710993,0,0,0.0,0.0,0.0220038631013031,285,365,297,310,340,216
1776733999.9198804,4.619631493026596,0,0,0.0,0.0,0.0220038631013031,285,365,297,310,340,216
1776733999.9534137,4.619631493026596,0,0,0.0,0.0,0.0220038631013031,285,365,297,310,340,216
1776733999.9860537,4.639778895815957,0,0,0.0,0.0,0.0220038631013031,285,365,297,310,340,216
1776734000.0345616,4.643867337489574,0,0,0.0,0.0,0.0220038631013031,285,365,297,310,340,216
1776734000.0659857,4.643867337489574,0,0,0.0,0.0,0.0220038631013031,285,365,297,310,340,216
1776734000.099793,4.606320402493744,0,0,0.0,0.0,0.0220038631013031,285,365,297,310,340,216
1776734000.1299732,4.606320402493744,0,0,0.0,0.0,0.0220038631013031,285,365,297,310,340,216
1776734000.161939,4.579792241496246,0,0,0.0,0.0,0.0220038631013031,285,365,297,310,340,216
1776734000.2035599,4.611875344897748,0,0,0.0,0.0,0.0220038631013031,285,365,297,310,340,216
1776734000.2313619,4.611875344897748,0,0,0.0,0.0,0.0220038631013031,285,365,297,310,340,216
1776734000.2607987,4.551125206938649,0,0,0.0,0.0,0.0220038631013031,285,365,297,310,340,216
1776734000.29103,4.551125206938649,0,0,0.0,0.0,0.0220038631013031,285,365,297,310,340,216
1776734000.3219142,4.5466751241631895,0,0,0.0,0.0,0.0220038631013031,285,365,297,310,340,216
1776734000.3538866,4.5466751241631895,0,0,0.0,0.0,0.0220038631013031,285,365,297,310,340,216
1776734000.3856616,4.528005074497914,0,0,0.0,0.0,0.0220038631013031,285,365,297,310,340,216
1776734000.4340723,4.568803044698749,0,0,0.0,0.0,0.0220038631013031,285,365,297,310,340,216
1776734000.465817,4.568803044698749,0,0,0.0,0.0,0.0220038631013031,285,365,297,310,340,216
1776734000.4991283,4.53728182681925,0,0,0.0,0.0,0.0220038631013031,285,365,297,310,340,216
1776734000.5301723,4.53728182681925,0,0,0.0,0.0,0.0220038631013031,285,365,297,310,340,216
1776734000.563139,4.55436909609155,0,0,0.0,0.0,0.0220038631013031,285,365,297,310,340,216
1776734000.595927,4.57662145765493,0,0,0.0,0.0,0.0220038631013031,285,365,297,310,340,216
1776734000.6231546,4.57662145765493,0,0,0.0,0.0,0.0220038631013031,285,365,297,310,340,216
1776734000.6573346,4.553972874592958,0,0,0.0,0.0,0.0220038631013031,285,365,297,310,340,216
1776734000.6877835,4.553972874592958,0,0,0.0,0.0,0.0220038631013031,285,365,297,310,340,216
1776734000.720881,4.540383724755774,0,0,0.0,0.0,0.0220038631013031,285,365,297,310,340,216
1776734000.7529075,4.540383724755774,0,0,0.0,0.0,0.0220038631013031,285,365,297,310,340,216
1776734000.7853048,4.5682302348534645,0,0,0.0,0.0,0.0220038631013031,285,365,297,310,340,216
1776734000.8401396,4.532938140912079,0,0,0.0,0.0,0.0220038631013031,285,365,297,310,340,216
1776734000.8645408,4.532938140912079,0,0,0.0,0.0,0.0220038631013031,285,365,297,310,340,216
1776734000.8977973,4.5477628845472475,0,0,0.0,0.0,0.0220038631013031,285,365,297,310,340,216
1776734000.9357822,4.5806577307283485,0,0,0.0,0.0,0.0220038631013031,285,365,297,310,340,216
1776734000.962132,4.5806577307283485,0,0,0.0,0.0,0.0220038631013031,285,365,297,310,340,216
1776734000.99486,4.560394638437009,0,0,0.0,0.0,0.0220038631013031,285,365,297,310,340,216
1776734001.0293126,4.560394638437009,0,0,0.0,0.0,0.0220038631013031,285,365,297,310,340,216
1776734001.059839,4.5882367830622055,0,0,0.0,0.0,0.0220038631013031,285,365,297,310,340,216
1776734001.0885725,4.5882367830622055,0,0,0.0,0.0,0.0220038631013031,285,365,297,310,340,216
1776734001.1194804,4.556942069837323,0,0,0.0,0.0,0.0220038631013031,285,365,297,310,340,216
1776734001.152794,4.556942069837323,0,0,0.0,0.0,0.0220038631013031,285,365,297,310,340,216
1776734001.1858892,4.5701652419023935,0,0,0.0,0.0,0.0220038631013031,285,365,297,310,340,216
1776734001.2328868,4.574099145141436,0,0,0.0,0.0,0.0220038631013031,285,365,297,310,340,216
1776734001.2635968,4.574099145141436,0,0,0.0,0.0,0.0220038631013031,285,365,297,310,340,216
1776734001.2992747,4.560459487084862,0,0,0.0,0.0,0.0220038631013031,285,365,297,310,340,216
1776734001.3295135,4.596275692250917,0,0,0.0,0.0,0.0220038631013031,285,365,297,310,340,216
1776734001.3628726,4.596275692250917,0,0,0.0,0.0,0.0220038631013031,285,365,297,310,340,216
1776734001.3942094,4.537765415350551,0,0,0.0,0.0,0.0220038631013031,285,365,297,310,340,216
1776734001.4254665,4.537765415350551,0,0,0.0,0.0,0.0220038631013031,285,365,297,310,340,216
1776734001.4572341,4.546659249210331,0,0,0.0,0.0,0.0220038631013031,285,365,297,310,340,216
1776734001.4890041,4.546659249210331,0,0,0.0,0.0,0.0220038631013031,285,365,297,310,340,216
1776734001.5194557,4.611995549526198,0,0,0.0,0.0,0.0220038631013031,285,365,297,310,340,216
1776734001.5543256,4.559197329715719,0,0,0.0,0.0,0.0220038631013031,285,365,297,310,340,216
1776734001.601246,4.559197329715719,0,0,0.0,0.0,0.0220038631013031,285,365,297,310,340,216
1776734001.6312032,4.571518397829431,0,0,0.0,0.0,0.0220038631013031,285,365,297,310,340,216
1776734001.6633658,4.571518397829431,0,0,0.0,0.0,0.0220038631013031,285,365,297,310,340,216
1776734001.697274,4.630911038697658,0,0,0.0,0.0,0.0220038631013031,285,365,297,310,340,216
1776734001.7287745,4.606546623218595,0,0,0.0,0.0,0.0220038631013031,285,365,297,310,340,216
1776734001.7626715,4.606546623218595,0,0,0.0,0.0,0.0220038631013031,285,365,297,310,340,216
1776734001.7942352,4.639927973931157,0,0,0.0,0.0,0.0220038631013031,285,365,297,310,340,216
1776734001.8242967,4.639927973931157,0,0,0.0,0.0,0.0220038631013031,285,365,297,310,340,216
1776734001.8557005,4.579956784358695,0,0,0.0,0.0,0.0220038631013031,285,365,297,310,340,216
1776734001.8875132,4.579956784358695,0,0,0.0,0.0,0.0220038631013031,285,365,297,310,340,216
1776734001.9218776,4.599974070615216,0,0,0.0,0.0,0.0220038631013031,285,365,297,310,340,216
1776734001.9540956,4.643984442369129,0,0,0.0,0.0,0.0220038631013031,285,365,297,310,340,216
1776734002.0002456,4.643984442369129,0,0,0.0,0.0,0.0220038631013031,285,365,297,310,340,216
1776734002.0338192,4.570390665421478,0,0,0.0,0.0,0.0220038631013031,285,365,297,310,340,216
1776734002.0644927,4.5822343992528864,0,0,0.0,0.0,0.0220038631013031,285,365,297,310,340,216
1776734002.0971644,4.5822343992528864,0,0,0.0,0.0,0.0220038631013031,285,365,297,310,340,216
1776734002.1288426,4.5813406395517315,0,0,0.0,0.0,0.0220038631013031,285,365,297,310,340,216
1776734002.1616054,4.5813406395517315,0,0,0.0,0.0,0.0220038631013031,285,365,297,310,340,216
1776734002.1935494,4.596804383731039,0,0,0.0,0.0,0.0220038631013031,285,365,297,310,340,216
1776734002.2237148,4.596804383731039,0,0,0.0,0.0,0.0220038631013031,285,365,297,310,340,216
1776734002.2553759,4.598082630238623,0,0,0.0,0.0,0.0220038631013031,285,365,297,310,340,216
1776734002.2892644,4.586849578143173,0,0,0.0,0.0,0.0220038631013031,285,365,297,310,340,216
1776734002.3210585,4.586849578143173,0,0,0.0,0.0,0.0220038631013031,285,365,297,310,340,216
1776734002.3513885,4.620109746885904,0,0,0.0,0.0,0.0220038631013031,285,365,297,310,340,216
1776734002.4020557,4.632065848131543,0,0,0.0,0.0,0.0220038631013031,285,365,297,310,340,216
1776734002.4308507,4.632065848131543,0,0,0.0,0.0,0.0220038631013031,285,365,297,310,340,216
1776734002.464258,4.559239508878926,0,0,0.0,0.0,0.0220038631013031,285,365,297,310,340,216
1776734002.4962578,4.559239508878926,0,0,0.0,0.0,0.0220038631013031,285,365,297,310,340,216
1776734002.528516,4.579543705327357,0,0,0.0,0.0,0.0220038631013031,285,365,297,310,340,216
1776734002.5620224,4.579543705327357,0,0,0.0,0.0,0.0220038631013031,285,365,297,310,340,216
1776734002.5947537,4.571726223196414,0,0,0.0,0.0,0.0220038631013031,285,365,297,310,340,216
1776734002.6312203,4.571035733917849,0,0,0.0,0.0,0.0220038631013031,285,365,297,310,340,216
1776734002.6576445,4.571035733917849,0,0,0.0,0.0,0.0220038631013031,285,365,297,310,340,216
1776734002.6892052,4.646621440350709,0,0,0.0,0.0,0.0220038631013031,285,365,297,310,340,216
1776734002.7213001,4.646621440350709,0,0,0.0,0.0,0.0220038631013031,285,365,297,310,340,216
1776734002.7668529,4.591972864210425,0,0,0.0,0.0,0.0220038631013031,285,365,297,310,340,216
1776734002.7993462,4.587183718526255,0,0,0.0,0.0,0.0220038631013031,285,365,297,310,340,216
1776734002.833266,4.587183718526255,0,0,0.0,0.0,0.0220038631013031,285,365,297,310,340,216
1776734002.8633726,4.584310231115753,0,0,0.0,0.0,0.0220038631013031,285,365,297,310,340,216
1776734002.8967535,4.584310231115753,0,0,0.0,0.0,0.0220038631013031,285,365,297,310,340,216
1776734002.9269874,4.406586138669452,0,0,0.0,0.0,0.0220038631013031,285,365,297,310,340,216
1776734002.9675844,4.487951683201672,0,0,0.0,0.0,0.0220038631013031,285,365,297,310,340,216
1776734002.992035,4.487951683201672,0,0,0.0,0.0,0.0220038631013031,285,365,297,310,340,216
1776734003.024177,4.5687710099210035,0,0,0.0,0.0,0.0220038631013031,285,365,297,310,340,216
1776734003.0576591,4.5687710099210035,0,0,0.0,0.0,0.0220038631013031,285,365,297,310,340,216
1776734003.088514,4.669262605952603,0,0,0.0,0.0,0.0220038631013031,285,365,297,310,340,216
1776734003.1195428,4.669262605952603,0,0,0.0,0.0,0.0220038631013031,285,365,297,310,340,216
1776734003.1694481,4.5775575635715615,0,0,0.0,0.0,0.0220038631013031,285,365,297,310,340,216
1776734003.1988685,4.570534538142937,0,0,0.0,0.0,0.0220038631013031,285,365,297,310,340,216
1776734003.2326097,4.570534538142937,0,0,0.0,0.0,0.0220038631013031,285,365,297,310,340,216
1776734003.2644784,4.558320722885762,0,0,0.0,0.0,0.0220038631013031,285,365,297,310,340,216
1776734003.2981515,4.558320722885762,0,0,0.0,0.0,0.0220038631013031,285,365,297,310,340,216
1776734003.3274782,4.546992433731457,0,0,0.0,0.0,0.0220038631013031,285,365,297,310,340,216
1776734003.3621407,4.528195460238875,0,0,0.0,0.0,0.0220038631013031,285,365,297,310,340,216
1776734003.393163,4.528195460238875,0,0,0.0,0.0,0.0220038631013031,285,365,297,310,340,216
1776734003.424162,4.5729172761433245,0,0,0.0,0.0,0.0220038631013031,285,365,297,310,340,216
1776734003.4562309,4.5729172761433245,0,0,0.0,0.0,0.0220038631013031,285,365,297,310,340,216
1776734003.487595,4.5117503656859945,0,0,0.0,0.0,0.0220038631013031,285,365,297,310,340,216
1776734003.5198185,4.5117503656859945,0,0,0.0,0.0,0.0220038631013031,285,365,297,310,340,216
1776734003.567611,4.547050219411597,0,0,0.0,0.0,0.0220038631013031,285,365,297,310,340,216
1776734003.601134,4.548230131646958,0,0,0.0,0.0,0.0220038631013031,285,365,297,310,340,216
1776734003.6328123,4.548230131646958,0,0,0.0,0.0,0.0220038631013031,285,365,297,310,340,216
1776734003.665163,4.520938078988175,0,0,0.0,0.0,0.0220038631013031,285,365,297,310,340,216
1776734003.7010012,4.600562847392904,0,0,0.0,0.0,0.0220038631013031,285,365,297,310,340,216
1776734003.72714,4.600562847392904,0,0,0.0,0.0,0.0220038631013031,285,365,297,310,340,216
1776734003.7606962,4.544337708435743,0,0,0.0,0.0,0.0220038631013031,285,365,297,310,340,216
1776734003.793489,4.544337708435743,0,0,0.0,0.0,0.0220038631013031,285,365,297,310,340,216
1776734003.8242838,4.590602625061446,0,0,0.0,0.0,0.0220038631013031,285,365,297,310,340,216
1776734003.8576274,4.590602625061446,0,0,0.0,0.0,0.0220038631013031,285,365,297,310,340,216
1776734003.8891978,4.566361575036868,0,0,0.0,0.0,0.0220038631013031,285,365,297,310,340,216
1776734003.9368725,4.551816945022121,0,0,0.0,0.0,0.0220038631013031,285,365,297,310,340,216
1776734003.9681668,4.551816945022121,0,0,0.0,0.0,0.0220038631013031,285,365,297,310,340,216
1776734004.000694,4.587090167013272,0,0,0.0,0.0,0.0220038631013031,285,365,297,310,340,216
1776734004.0367506,4.524254100207964,0,0,0.0,0.0,0.0220038631013031,285,365,297,310,340,216
1776734004.0658176,4.524254100207964,0,0,0.0,0.0,0.0220038631013031,285,365,297,310,340,216
1776734004.0966842,4.526552460124778,0,0,0.0,0.0,0.0220038631013031,285,365,297,310,340,216
1776734004.128442,4.526552460124778,0,0,0.0,0.0,0.0220038631013031,285,365,297,310,340,216
1776734004.1628098,4.559931476074867,0,0,0.0,0.0,0.0220038631013031,285,365,297,310,340,216
1776734004.1945305,4.559931476074867,0,0,0.0,0.0,0.0220038631013031,285,365,297,310,340,216
1776734004.2261875,4.57595888564492,0,0,0.0,0.0,0.0220038631013031,285,365,297,310,340,216
1776734004.2615771,4.581575331386952,0,0,0.0,0.0,0.0220038631013031,285,365,297,310,340,216
1776734004.2954197,4.581575331386952,0,0,0.0,0.0,0.0220038631013031,285,365,297,310,340,216
1776734004.3370826,4.5849451988321706,0,0,0.0,0.0,0.0220038631013031,285,365,297,310,340,216
1776734004.3689585,4.5849451988321706,0,0,0.0,0.0,0.0220038631013031,285,365,297,310,340,216
1776734004.4003582,4.6029671192993025,0,0,0.0,0.0,0.0220038631013031,285,365,297,310,340,216
1776734004.4339359,4.637780271579581,0,0,0.0,0.0,0.0220038631013031,285,365,297,310,340,216
1776734004.4633217,4.637780271579581,0,0,0.0,0.0,0.0220038631013031,285,365,297,310,340,216
1776734004.49632,4.570668162947749,0,0,0.0,0.0,0.0220038631013031,285,365,297,310,340,216
1776734004.528803,4.570668162947749,0,0,0.0,0.0,0.0220038631013031,285,365,297,310,340,216
1776734004.56096,4.562400897768649,0,0,0.0,0.0,0.0220038631013031,285,365,297,310,340,216
1776734004.5954013,4.562400897768649,0,0,0.0,0.0,0.0220038631013031,285,365,297,310,340,216
1776734004.6254148,4.56944053866119,0,0,0.0,0.0,0.0220038631013031,285,365,297,310,340,216
1776734004.6589243,4.517664323196714,0,0,0.0,0.0,0.0220038631013031,285,365,297,310,340,216
