time,pressure_kPa,dx_px,dy_px,tip_disp_px,tip_disp_mm,curvature_1_per_mm,base_x,base_y,mid_x,mid_y,tip_x,tip_y
1776750735.2063844,0.0,0,0,0.0,0.0,0.024907411750990743,284,366,299,306,346,218
1776750735.2634566,0.0,0,0,0.0,0.0,0.024907411750990743,284,366,299,306,346,218
1776750735.3209171,0.0,0,0,0.0,0.0,0.024907411750990743,284,366,299,306,346,218
1776750735.3783348,0.0,0,0,0.0,0.0,0.024907411750990743,284,366,299,306,346,218
1776750735.4319422,0.0,0,0,0.0,0.0,0.024907411750990743,284,366,299,306,346,218
1776750735.4890969,0.0,0,0,0.0,0.0,0.024907411750990743,284,366,299,306,346,218
1776750735.5466592,0.0,0,0,0.0,0.0,0.024907411750990743,284,366,299,306,346,218
1776750735.6035502,0.0,0,0,0.0,0.0,0.024907411750990743,284,366,299,306,346,218
1776750735.6569977,0.0,0,0,0.0,0.0,0.024907411750990743,284,366,299,306,346,218
1776750735.7143228,0.0,0,0,0.0,0.0,0.024907411750990743,284,366,299,306,346,218
1776750735.7711256,0.0,0,0,0.0,0.0,0.024907411750990743,284,366,299,306,346,218
1776750735.8289866,0.0,0,0,0.0,0.0,0.024907411750990743,284,366,299,306,346,218
1776750735.8864121,0.0,0,0,0.0,0.0,0.024907411750990743,284,366,299,306,346,218
1776750735.9395323,0.0,0,0,0.0,0.0,0.024907411750990743,284,366,299,306,346,218
1776750735.9969895,0.0,0,0,0.0,0.0,0.024907411750990743,284,366,299,306,346,218
1776750736.0538256,0.0,0,0,0.0,0.0,0.024907411750990743,284,366,299,306,346,218
1776750736.11127,0.0,0,0,0.0,0.0,0.024907411750990743,284,366,299,306,346,218
1776750736.168344,0.0,0,0,0.0,0.0,0.024907411750990743,284,366,299,306,346,218
1776750736.2217338,0.0,0,0,0.0,0.0,0.024907411750990743,284,366,299,306,346,218
1776750736.2795901,0.0,0,0,0.0,0.0,0.024907411750990743,284,366,299,306,346,218
1776750736.3365355,0.0,0,0,0.0,0.0,0.024907411750990743,284,366,299,306,346,218
1776750736.393703,0.0,0,0,0.0,0.0,0.024907411750990743,284,366,299,306,346,218
1776750736.4516487,0.0,0,0,0.0,0.0,0.024907411750990743,284,366,299,306,346,218
1776750736.5043614,0.0,0,0,0.0,0.0,0.024907411750990743,284,366,299,306,346,218
1776750736.5619073,0.0,0,0,0.0,0.0,0.024907411750990743,284,366,299,306,346,218
1776750736.6194136,0.0,0,0,0.0,0.0,0.024907411750990743,284,366,299,306,346,218
1776750736.6772802,0.0,0,0,0.0,0.0,0.024907411750990743,284,366,299,306,346,218
1776750736.7346122,0.0,0,0,0.0,0.0,0.024907411750990743,284,366,299,306,346,218
1776750736.7874365,0.0,0,0,0.0,0.0,0.024907411750990743,284,366,299,306,346,218
1776750736.844966,0.0,0,0,0.0,0.0,0.024907411750990743,284,366,299,306,346,218
1776750736.9016068,0.0,0,0,0.0,0.0,0.024907411750990743,284,366,299,306,346,218
1776750736.9588988,0.0,0,0,0.0,0.0,0.024907411750990743,284,366,299,306,346,218
1776750737.0167181,0.0,0,0,0.0,0.0,0.024907411750990743,284,366,299,306,346,218
1776750737.0698152,0.0,0,0,0.0,0.0,0.024907411750990743,284,366,299,306,346,218
1776750737.1273649,0.0,0,0,0.0,0.0,0.024907411750990743,284,366,299,306,346,218
1776750737.1846466,0.0,0,0,0.0,0.0,0.024907411750990743,284,366,299,306,346,218
1776750737.2424512,0.0,0,0,0.0,0.0,0.024907411750990743,284,366,299,306,346,218
1776750737.2995584,0.0,0,0,0.0,0.0,0.024907411750990743,284,366,299,306,346,218
1776750737.3526163,0.0,0,0,0.0,0.0,0.024907411750990743,284,366,299,306,346,218
1776750737.410047,0.0,0,0,0.0,0.0,0.024907411750990743,284,366,299,306,346,218
1776750737.466841,0.0,0,0,0.0,0.0,0.024907411750990743,284,366,299,306,346,218
1776750737.524686,0.0,0,0,0.0,0.0,0.024907411750990743,284,366,299,306,346,218
1776750737.582171,0.0,0,0,0.0,0.0,0.024907411750990743,284,366,299,306,346,218
1776750737.6347952,0.0,0,0,0.0,0.0,0.024907411750990743,284,366,299,306,346,218
1776750737.6925933,0.0,0,0,0.0,0.0,0.024907411750990743,284,366,299,306,346,218
1776750737.7505603,0.0,0,0,0.0,0.0,0.024907411750990743,284,366,299,306,346,218
1776750737.8074167,0.0,0,0,0.0,0.0,0.024907411750990743,284,366,299,306,346,218
1776750737.8650784,0.0,0,0,0.0,0.0,0.024907411750990743,284,366,299,306,346,218
1776750737.9176831,0.0,0,0,0.0,0.0,0.024907411750990743,284,366,299,306,346,218
1776750737.9751937,0.0,0,0,0.0,0.0,0.024907411750990743,284,366,299,306,346,218
1776750738.0320659,0.0,0,0,0.0,0.0,0.024907411750990743,284,366,299,306,346,218
1776750738.090286,0.0,0,0,0.0,0.0,0.024907411750990743,284,366,299,306,346,218
1776750738.1472683,0.0,0,0,0.0,0.0,0.024907411750990743,284,366,299,306,346,218
1776750738.2002118,0.0,0,0,0.0,0.0,0.024907411750990743,284,366,299,306,346,218
1776750738.2578077,0.0,0,0,0.0,0.0,0.024907411750990743,284,366,299,306,346,218
1776750738.3152325,0.0,0,0,0.0,0.0,0.024907411750990743,284,366,299,306,346,218
1776750738.3724637,0.0,0,0,0.0,0.0,0.024907411750990743,284,366,299,306,346,218
1776750738.4298217,0.0,0,0,0.0,0.0,0.024907411750990743,284,366,299,306,346,218
1776750738.4832442,0.0,0,0,0.0,0.0,0.024907411750990743,284,366,299,306,346,218
1776750738.5402448,0.0,0,0,0.0,0.0,0.024907411750990743,284,366,299,306,346,218
1776750738.5980408,0.0,0,0,0.0,0.0,0.024907411750990743,284,366,299,306,346,218
1776750738.6556396,0.0,0,0,0.0,0.0,0.024907411750990743,284,366,299,306,346,218
1776750738.7125957,0.0,0,0,0.0,0.0,0.024907411750990743,284,366,299,306,346,218
1776750738.7658305,0.0,0,0,0.0,0.0,0.024907411750990743,284,366,299,306,346,218
1776750738.8235955,0.0,0,0,0.0,0.0,0.024907411750990743,284,366,299,306,346,218
1776750738.8802207,0.0,0,0,0.0,0.0,0.024907411750990743,284,366,299,306,346,218
1776750738.9378197,0.0,0,0,0.0,0.0,0.024907411750990743,284,366,299,306,346,218
1776750738.9952803,0.0,0,0,0.0,0.0,0.024907411750990743,284,366,299,306,346,218
1776750739.0488153,0.0,0,0,0.0,0.0,0.024907411750990743,284,366,299,306,346,218
1776750739.1055396,0.0,0,0,0.0,0.0,0.024907411750990743,284,366,299,306,346,218
1776750739.1625257,0.0,0,0,0.0,0.0,0.024907411750990743,284,366,299,306,346,218
1776750739.2198255,0.0,0,0,0.0,0.0,0.024907411750990743,284,366,299,306,346,218
1776750739.27706,0.0,0,0,0.0,0.0,0.024907411750990743,284,366,299,306,346,218
1776750739.3306296,0.0,0,0,0.0,0.0,0.024907411750990743,284,366,299,306,346,218
1776750739.3882513,0.0,0,0,0.0,0.0,0.024907411750990743,284,366,299,306,346,218
1776750739.4456182,0.0,0,0,0.0,0.0,0.024907411750990743,284,366,299,306,346,218
1776750739.5026855,0.0,0,0,0.0,0.0,0.024907411750990743,284,366,299,306,346,218
1776750739.560241,0.0,0,0,0.0,0.0,0.024907411750990743,284,366,299,306,346,218
1776750739.6136274,0.0,0,0,0.0,0.0,0.024907411750990743,284,366,299,306,346,218
1776750739.6710443,0.0,0,0,0.0,0.0,0.024907411750990743,284,366,299,306,346,218
1776750739.7280686,0.0,0,0,0.0,0.0,0.024907411750990743,284,366,299,306,346,218
1776750739.7854843,0.0,0,0,0.0,0.0,0.024907411750990743,284,366,299,306,346,218
1776750739.8428566,0.0,0,0,0.0,0.0,0.024907411750990743,284,366,299,306,346,218
1776750739.896609,0.0,0,0,0.0,0.0,0.024907411750990743,284,366,299,306,346,218
1776750739.9530978,0.0,0,0,0.0,0.0,0.024907411750990743,284,366,299,306,346,218
1776750740.0107136,0.0,0,0,0.0,0.0,0.024907411750990743,284,366,299,306,346,218
1776750740.0684156,0.0,0,0,0.0,0.0,0.024907411750990743,284,366,299,306,346,218
1776750740.1214688,0.0,0,0,0.0,0.0,0.024907411750990743,284,366,299,306,346,218
1776750740.1789193,0.0,0,0,0.0,0.0,0.024907411750990743,284,366,299,306,346,218
1776750740.2357428,0.0,0,0,0.0,0.0,0.024907411750990743,284,366,299,306,346,218
1776750740.2935395,0.0,0,0,0.0,0.0,0.024907411750990743,284,366,299,306,346,218
1776750740.3515863,0.0,0,0,0.0,0.0,0.024907411750990743,284,366,299,306,346,218
1776750740.403774,0.0,0,0,0.0,0.0,0.024907411750990743,284,366,299,306,346,218
1776750740.4615834,0.0,0,0,0.0,0.0,0.024907411750990743,284,366,299,306,346,218
1776750740.5189984,0.0,0,0,0.0,0.0,0.024907411750990743,284,366,299,306,346,218
1776750740.576693,0.0,0,0,0.0,0.0,0.024907411750990743,284,366,299,306,346,218
1776750740.63317,0.0,0,0,0.0,0.0,0.024907411750990743,284,366,299,306,346,218
1776750740.686642,0.0,0,0,0.0,0.0,0.024907411750990743,284,366,299,306,346,218
1776750740.7439833,0.0,0,0,0.0,0.0,0.024907411750990743,284,366,299,306,346,218
1776750740.802088,0.0,0,0,0.0,0.0,0.024907411750990743,284,366,299,306,346,218
1776750740.858318,0.0,0,0,0.0,0.0,0.024907411750990743,284,366,299,306,346,218
1776750740.9156215,0.0,0,0,0.0,0.0,0.024907411750990743,284,366,299,306,346,218
1776750740.9689302,0.0,0,0,0.0,0.0,0.024907411750990743,284,366,299,306,346,218
1776750741.0268812,0.0,0,0,0.0,0.0,0.024907411750990743,284,366,299,306,346,218
1776750741.083745,0.0,0,0,0.0,0.0,0.024907411750990743,284,366,299,306,346,218
1776750741.141556,0.0,0,0,0.0,0.0,0.024907411750990743,284,366,299,306,346,218
1776750741.198257,0.0,0,0,0.0,0.0,0.024907411750990743,284,366,299,306,346,218
1776750741.2519329,0.0,0,0,0.0,0.0,0.024907411750990743,284,366,299,306,346,218
1776750741.3097303,0.0,0,0,0.0,0.0,0.024907411750990743,284,366,299,306,346,218
1776750741.3663816,0.0,0,0,0.0,0.0,0.024907411750990743,284,366,299,306,346,218
1776750741.4234295,0.0,0,0,0.0,0.0,0.024907411750990743,284,366,299,306,346,218
1776750741.4807937,0.0,0,0,0.0,0.0,0.024907411750990743,284,366,299,306,346,218
1776750741.5343418,0.0,0,0,0.0,0.0,0.024907411750990743,284,366,299,306,346,218
1776750741.5926669,0.0,0,0,0.0,0.0,0.024907411750990743,284,366,299,306,346,218
1776750741.6487248,0.0,0,0,0.0,0.0,0.024907411750990743,284,366,299,306,346,218
1776750741.7060688,0.0,0,0,0.0,0.0,0.024907411750990743,284,366,299,306,346,218
1776750741.7640486,0.0,0,0,0.0,0.0,0.024907411750990743,284,366,299,306,346,218
1776750741.8172748,0.0,0,0,0.0,0.0,0.024907411750990743,284,366,299,306,346,218
1776750741.8746302,0.0,0,0,0.0,0.0,0.024907411750990743,284,366,299,306,346,218
1776750741.9317417,0.0,0,0,0.0,0.0,0.024907411750990743,284,366,299,306,346,218
1776750741.9891443,0.0,0,0,0.0,0.0,0.024907411750990743,284,366,299,306,346,218
1776750742.0459733,0.0,0,0,0.0,0.0,0.024907411750990743,284,366,299,306,346,218
1776750742.0995145,0.0,0,0,0.0,0.0,0.024907411750990743,284,366,299,306,346,218
1776750742.157138,0.0,0,0,0.0,0.0,0.024907411750990743,284,366,299,306,346,218
1776750742.2147481,0.0,0,0,0.0,0.0,0.024907411750990743,284,366,299,306,346,218
1776750742.2722607,0.0,0,0,0.0,0.0,0.024907411750990743,284,366,299,306,346,218
1776750742.329345,0.0,0,0,0.0,0.0,0.024907411750990743,284,366,299,306,346,218
1776750742.3823133,0.0,0,0,0.0,0.0,0.024907411750990743,284,366,299,306,346,218
1776750742.4391692,0.0,0,0,0.0,0.0,0.024907411750990743,284,366,299,306,346,218
1776750742.497679,0.0,0,0,0.0,0.0,0.024907411750990743,284,366,299,306,346,218
1776750742.5540178,0.0,0,0,0.0,0.0,0.024907411750990743,284,366,299,306,346,218
1776750742.6119826,0.0,0,0,0.0,0.0,0.024907411750990743,284,366,299,306,346,218
1776750742.6654987,0.0,0,0,0.0,0.0,0.024907411750990743,284,366,299,306,346,218
1776750742.7227736,0.0,0,0,0.0,0.0,0.024907411750990743,284,366,299,306,346,218
1776750742.7792087,0.0,0,0,0.0,0.0,0.024907411750990743,284,366,299,306,346,218
1776750742.8373952,0.0,0,0,0.0,0.0,0.024907411750990743,284,366,299,306,346,218
1776750742.8948529,0.0,0,0,0.0,0.0,0.024907411750990743,284,366,299,306,346,218
1776750742.9478557,0.0,0,0,0.0,0.0,0.024907411750990743,284,366,299,306,346,218
1776750743.0046198,0.0,0,0,0.0,0.0,0.024907411750990743,284,366,299,306,346,218
1776750743.0625165,0.0,0,0,0.0,0.0,0.024907411750990743,284,366,299,306,346,218
1776750743.119731,0.0,0,0,0.0,0.0,0.024907411750990743,284,366,299,306,346,218
1776750743.1770456,0.0,0,0,0.0,0.0,0.024907411750990743,284,366,299,306,346,218
1776750743.2305396,0.0,0,0,0.0,0.0,0.024907411750990743,284,366,299,306,346,218
1776750743.287642,0.0,0,0,0.0,0.0,0.024907411750990743,284,366,299,306,346,218
1776750743.3446293,0.0,0,0,0.0,0.0,0.024907411750990743,284,366,299,306,346,218
1776750743.4016461,0.0,0,0,0.0,0.0,0.024907411750990743,284,366,299,306,346,218
1776750743.4595144,0.0,0,0,0.0,0.0,0.024907411750990743,284,366,299,306,346,218
1776750743.5133715,0.0,0,0,0.0,0.0,0.024907411750990743,284,366,299,306,346,218
1776750743.5705714,0.0,0,0,0.0,0.0,0.024907411750990743,284,366,299,306,346,218
1776750743.6273832,0.0,0,0,0.0,0.0,0.024907411750990743,284,366,299,306,346,218
1776750743.6843128,0.0,0,0,0.0,0.0,0.024907411750990743,284,366,299,306,346,218
1776750743.7416205,0.0,0,0,0.0,0.0,0.024907411750990743,284,366,299,306,346,218
1776750743.7954886,0.0,0,0,0.0,0.0,0.024907411750990743,284,366,299,306,346,218
1776750743.8527784,0.0,0,0,0.0,0.0,0.024907411750990743,284,366,299,306,346,218
1776750743.910111,0.0,0,0,0.0,0.0,0.024907411750990743,284,366,299,306,346,218
1776750743.9669914,0.0,0,0,0.0,0.0,0.024907411750990743,284,366,299,306,346,218
1776750744.0244594,0.0,0,0,0.0,0.0,0.024907411750990743,284,366,299,306,346,218
1776750744.077704,0.0,0,0,0.0,0.0,0.024907411750990743,284,366,299,306,346,218
1776750744.1356301,0.0,0,0,0.0,0.0,0.024907411750990743,284,366,299,306,346,218
1776750744.1924765,0.0,0,0,0.0,0.0,0.024907411750990743,284,366,299,306,346,218
1776750744.2497401,0.0,0,0,0.0,0.0,0.024907411750990743,284,366,299,306,346,218
1776750744.3068752,0.0,0,0,0.0,0.0,0.024907411750990743,284,366,299,306,346,218
1776750744.3602602,0.0,0,0,0.0,0.0,0.024907411750990743,284,366,299,306,346,218
1776750744.4175425,0.0,0,0,0.0,0.0,0.024907411750990743,284,366,299,306,346,218
1776750744.4748816,0.0,0,0,0.0,0.0,0.024907411750990743,284,366,299,306,346,218
1776750744.532485,0.0,0,0,0.0,0.0,0.024907411750990743,284,366,299,306,346,218
1776750744.5904615,0.0,0,0,0.0,0.0,0.024907411750990743,284,366,299,306,346,218
1776750744.643681,0.0,0,0,0.0,0.0,0.024907411750990743,284,366,299,306,346,218
1776750744.7009346,0.0,0,0,0.0,0.0,0.024907411750990743,284,366,299,306,346,218
1776750744.7580838,0.0,0,0,0.0,0.0,0.024907411750990743,284,366,299,306,346,218
1776750744.8152254,0.0,0,0,0.0,0.0,0.024907411750990743,284,366,299,306,346,218
1776750744.873337,0.0,0,0,0.0,0.0,0.024907411750990743,284,366,299,306,346,218
1776750744.926185,0.0,0,0,0.0,0.0,0.024907411750990743,284,366,299,306,346,218
1776750744.9835305,0.0,0,0,0.0,0.0,0.024907411750990743,284,366,299,306,346,218
1776750745.0404649,0.0,0,0,0.0,0.0,0.024907411750990743,284,366,299,306,346,218
1776750745.0975068,0.0,0,0,0.0,0.0,0.024907411750990743,284,366,299,306,346,218
1776750745.1508954,0.0,0,0,0.0,0.0,0.024907411750990743,284,366,299,306,346,218
1776750745.2080064,0.0,0,0,0.0,0.0,0.024907411750990743,284,366,299,306,346,218
1776750745.2654607,0.0,0,0,0.0,0.0,0.024907411750990743,284,366,299,306,346,218
1776750745.3230546,0.0,0,0,0.0,0.0,0.024907411750990743,284,366,299,306,346,218
1776750745.3798685,0.0,0,0,0.0,0.0,0.024907411750990743,284,366,299,306,346,218
1776750745.4336839,0.0,0,0,0.0,0.0,0.024907411750990743,284,366,299,306,346,218
1776750745.4911244,0.0,0,0,0.0,0.0,0.024907411750990743,284,366,299,306,346,218
1776750745.548537,0.0,0,0,0.0,0.0,0.024907411750990743,284,366,299,306,346,218
1776750745.606254,0.0,0,0,0.0,0.0,0.024907411750990743,284,366,299,306,346,218
1776750745.6633422,0.0,0,0,0.0,0.0,0.024907411750990743,284,366,299,306,346,218
1776750745.7168434,0.0,0,0,0.0,0.0,0.024907411750990743,284,366,299,306,346,218
1776750745.7740948,0.0,0,0,0.0,0.0,0.024907411750990743,284,366,299,306,346,218
1776750745.8309884,0.0,0,0,0.0,0.0,0.024907411750990743,284,366,299,306,346,218
1776750745.888603,0.0,0,0,0.0,0.0,0.024907411750990743,284,366,299,306,346,218
1776750745.9453678,0.0,0,0,0.0,0.0,0.024907411750990743,284,366,299,306,346,218
1776750745.9986327,0.0,0,0,0.0,0.0,0.024907411750990743,284,366,299,306,346,218
1776750746.0564172,0.0,0,0,0.0,0.0,0.024907411750990743,284,366,299,306,346,218
1776750746.1133344,0.0,0,0,0.0,0.0,0.024907411750990743,284,366,299,306,346,218
1776750746.170511,0.0,0,0,0.0,0.0,0.024907411750990743,284,366,299,306,346,218
1776750746.228512,0.0,0,0,0.0,0.0,0.024907411750990743,284,366,299,306,346,218
1776750746.282077,0.0,0,0,0.0,0.0,0.024907411750990743,284,366,299,306,346,218
1776750746.3390114,0.0,0,0,0.0,0.0,0.024907411750990743,284,366,299,306,346,218
1776750746.3964562,0.0,0,0,0.0,0.0,0.024907411750990743,284,366,299,306,346,218
1776750746.4535484,0.0,0,0,0.0,0.0,0.024907411750990743,284,366,299,306,346,218
1776750746.5115392,0.0,0,0,0.0,0.0,0.024907411750990743,284,366,299,306,346,218
1776750746.5641832,0.0,0,0,0.0,0.0,0.024907411750990743,284,366,299,306,346,218
1776750746.6217077,0.0,0,0,0.0,0.0,0.024907411750990743,284,366,299,306,346,218
1776750746.6791434,0.0,0,0,0.0,0.0,0.024907411750990743,284,366,299,306,346,218
1776750746.7363403,0.0,0,0,0.0,0.0,0.024907411750990743,284,366,299,306,346,218
1776750746.7933645,0.0,0,0,0.0,0.0,0.024907411750990743,284,366,299,306,346,218
1776750746.8465848,0.0,0,0,0.0,0.0,0.024907411750990743,284,366,299,306,346,218
1776750746.9042203,0.0,0,0,0.0,0.0,0.024907411750990743,284,366,299,306,346,218
1776750746.9615626,0.0,0,0,0.0,0.0,0.024907411750990743,284,366,299,306,346,218
1776750747.0188396,0.0,0,0,0.0,0.0,0.024907411750990743,284,366,299,306,346,218
1776750747.0761902,0.0,0,0,0.0,0.0,0.024907411750990743,284,366,299,306,346,218
1776750747.1296277,0.0,0,0,0.0,0.0,0.024907411750990743,284,366,299,306,346,218
1776750747.1868966,0.0,0,0,0.0,0.0,0.024907411750990743,284,366,299,306,346,218
1776750747.243947,0.0,0,0,0.0,0.0,0.024907411750990743,284,366,299,306,346,218
1776750747.3015661,0.0,0,0,0.0,0.0,0.024907411750990743,284,366,299,306,346,218
1776750747.3593564,0.0,0,0,0.0,0.0,0.024907411750990743,284,366,299,306,346,218
1776750747.4117107,0.0,0,0,0.0,0.0,0.024907411750990743,284,366,299,306,346,218
1776750747.4694524,0.0,0,0,0.0,0.0,0.024907411750990743,284,366,299,306,346,218
1776750747.527068,0.0,0,0,0.0,0.0,0.024907411750990743,284,366,299,306,346,218
1776750747.5842774,0.0,0,0,0.0,0.0,0.024907411750990743,284,366,299,306,346,218
1776750747.6410317,0.0,0,0,0.0,0.0,0.024907411750990743,284,366,299,306,346,218
1776750747.6949213,0.0,0,0,0.0,0.0,0.024907411750990743,284,366,299,306,346,218
1776750747.7521565,0.0,0,0,0.0,0.0,0.024907411750990743,284,366,299,306,346,218
1776750747.8093727,0.0,0,0,0.0,0.0,0.024907411750990743,284,366,299,306,346,218
1776750747.8663843,0.0,0,0,0.0,0.0,0.024907411750990743,284,366,299,306,346,218
1776750747.9249365,0.0,0,0,0.0,0.0,0.024907411750990743,284,366,299,306,346,218
1776750747.9773867,0.0,0,0,0.0,0.0,0.024907411750990743,284,366,299,306,346,218
1776750748.0348234,0.0,0,0,0.0,0.0,0.024907411750990743,284,366,299,306,346,218
1776750748.0923688,0.0,0,0,0.0,0.0,0.024907411750990743,284,366,299,306,346,218
1776750748.1488192,0.0,0,0,0.0,0.0,0.024907411750990743,284,366,299,306,346,218
1776750748.2061188,0.0,0,0,0.0,0.0,0.024907411750990743,284,366,299,306,346,218
1776750748.2594469,0.0,0,0,0.0,0.0,0.024907411750990743,284,366,299,306,346,218
1776750748.3167913,0.0,0,0,0.0,0.0,0.024907411750990743,284,366,299,306,346,218
1776750748.3749547,0.0,0,0,0.0,0.0,0.024907411750990743,284,366,299,306,346,218
1776750748.4325547,0.0,0,0,0.0,0.0,0.024907411750990743,284,366,299,306,346,218
1776750748.4889014,0.0,0,0,0.0,0.0,0.024907411750990743,284,366,299,306,346,218
1776750748.5422432,0.0,0,0,0.0,0.0,0.024907411750990743,284,366,299,306,346,218
1776750748.5998704,0.0,0,0,0.0,0.0,0.024907411750990743,284,366,299,306,346,218
1776750748.6570718,0.0,0,0,0.0,0.0,0.024907411750990743,284,366,299,306,346,218
1776750748.714218,0.0,0,0,0.0,0.0,0.024907411750990743,284,366,299,306,346,218
1776750748.7720091,0.0,0,0,0.0,0.0,0.024907411750990743,284,366,299,306,346,218
1776750748.8254917,0.0,0,0,0.0,0.0,0.024907411750990743,284,366,299,306,346,218
1776750748.8824356,0.0,0,0,0.0,0.0,0.024907411750990743,284,366,299,306,346,218
1776750748.9394712,0.0,0,0,0.0,0.0,0.024907411750990743,284,366,299,306,346,218
1776750748.99705,0.0,0,0,0.0,0.0,0.024907411750990743,284,366,299,306,346,218
1776750749.0544302,0.0,0,0,0.0,0.0,0.024907411750990743,284,366,299,306,346,218
1776750749.1080496,0.0,0,0,0.0,0.0,0.024907411750990743,284,366,299,306,346,218
1776750749.1653166,0.0,0,0,0.0,0.0,0.024907411750990743,284,366,299,306,346,218
1776750749.2222946,0.0,0,0,0.0,0.0,0.024907411750990743,284,366,299,306,346,218
1776750749.279755,0.0,0,0,0.0,0.0,0.024907411750990743,284,366,299,306,346,218
1776750749.3370192,0.0,0,0,0.0,0.0,0.024907411750990743,284,366,299,306,346,218
1776750749.391073,0.0,0,0,0.0,0.0,0.024907411750990743,284,366,299,306,346,218
1776750749.4475574,0.0,0,0,0.0,0.0,0.024907411750990743,284,366,299,306,346,218
1776750749.5051038,0.0,0,0,0.0,0.0,0.024907411750990743,284,366,299,306,346,218
1776750749.5626202,0.0,0,0,0.0,0.0,0.024907411750990743,284,366,299,306,346,218
1776750749.61964,0.0,0,0,0.0,0.0,0.024907411750990743,284,366,299,306,346,218
1776750749.6733975,0.0,0,0,0.0,0.0,0.024907411750990743,284,366,299,306,346,218
1776750749.7303922,0.0,0,0,0.0,0.0,0.024907411750990743,284,366,299,306,346,218
1776750749.787766,0.0,0,0,0.0,0.0,0.024907411750990743,284,366,299,306,346,218
1776750749.845493,0.0,0,0,0.0,0.0,0.024907411750990743,284,366,299,306,346,218
1776750749.9024136,0.0,0,0,0.0,0.0,0.024907411750990743,284,366,299,306,346,218
1776750749.955754,0.0,0,0,0.0,0.0,0.025527261135051948,284,366,299,306,346,219
1776750750.01296,0.0,0,0,0.0,0.0,0.025527261135051948,284,366,299,306,346,219
1776750750.0710895,0.0,0,0,0.0,0.0,0.025527261135051948,284,366,299,306,346,219
1776750750.1277745,0.0,0,0,0.0,0.0,0.025527261135051948,284,366,299,306,346,219
1776750750.184718,0.0,0,0,0.0,0.0,0.025527261135051948,284,366,299,306,346,219
1776750750.2385504,0.0,0,0,0.0,0.0,0.025527261135051948,284,366,299,306,346,219
1776750750.2952967,0.0,0,0,0.0,0.0,0.025527261135051948,284,366,299,306,346,219
1776750750.3529572,0.0,0,0,0.0,0.0,0.025527261135051948,284,366,299,306,346,219
1776750750.4102068,0.0,0,0,0.0,0.0,0.025527261135051948,284,366,299,306,346,219
1776750750.4675019,0.0,0,0,0.0,0.0,0.025527261135051948,284,366,299,306,346,219
1776750750.5204496,0.0,0,0,0.0,0.0,0.025527261135051948,284,366,299,306,346,219
1776750750.5777087,0.0,0,0,0.0,0.0,0.025527261135051948,284,366,299,306,346,219
1776750750.6354702,0.0,0,0,0.0,0.0,0.025527261135051948,284,366,299,306,346,219
1776750750.6927836,0.0,0,0,0.0,0.0,0.025527261135051948,284,366,299,306,346,219
1776750750.7499099,0.0,0,0,0.0,0.0,0.025527261135051948,284,366,299,306,346,219
1776750750.8040023,0.0,0,0,0.0,0.0,0.025527261135051948,284,366,299,306,346,219
1776750750.861246,0.0,0,0,0.0,0.0,0.025527261135051948,284,366,299,306,346,219
1776750750.918066,0.0,0,0,0.0,0.0,0.025527261135051948,284,366,299,306,346,219
1776750750.9756253,0.0,0,0,0.0,0.0,0.025527261135051948,284,366,299,306,346,219
1776750751.028307,0.0,0,0,0.0,0.0,0.025527261135051948,284,366,299,306,346,219
1776750751.0870483,0.0,0,0,0.0,0.0,0.025527261135051948,284,366,299,306,346,219
1776750751.1437445,0.0,0,0,0.0,0.0,0.025527261135051948,284,366,299,306,346,219
1776750751.200744,0.0,0,0,0.0,0.0,0.025527261135051948,284,366,299,306,346,219
1776750751.2579267,0.0,0,0,0.0,0.0,0.025527261135051948,284,366,299,306,346,219
1776750751.3115432,0.23099999999999998,0,0,0.0,0.0,0.025527261135051948,284,366,299,306,346,219
1776750751.3689442,0.5243,0,0,0.0,0.0,0.025527261135051948,284,366,299,306,346,219
1776750751.4263022,0.7802899999999999,0,0,0.0,0.0,0.025527261135051948,284,366,299,306,346,219
1776750751.4828577,1.067087,0,0,0.0,0.0,0.025527261135051948,284,366,299,306,346,219
1776750751.5405846,1.3981260999999998,0,0,0.0,0.0,0.025527261135051948,284,366,299,306,346,219
1776750751.5983698,1.79843783,0,0,0.0,0.0,0.025527261135051948,284,366,299,306,346,219
1776750751.6516562,2.205531349,0,0,0.0,0.0,0.025527261135051948,284,366,299,306,346,219
1776750751.709186,2.6286594047,0,0,0.0,0.0,0.025527261135051948,284,366,299,306,346,219
1776750751.7664223,3.06359782141,0,0,0.0,0.0,0.025527261135051948,284,366,299,306,346,219
1776750751.8227417,3.516079346423,0,0,0.0,0.0,0.025527261135051948,284,366,299,306,346,219
1776750751.880514,3.9318238039269002,0,0,0.0,0.0,0.025527261135051948,284,366,299,306,346,219
1776750751.934554,4.308547141178069,0,0,0.0,0.0,0.025527261135051948,284,366,299,306,346,219
1776750751.991195,4.701564142353421,0,0,0.0,0.0,0.024907411750990743,284,366,299,306,346,218
1776750752.048426,5.2044692427060255,0,0,0.0,0.0,0.024907411750990743,284,366,299,306,346,218
1776750752.1071854,5.985340772811807,0,0,0.0,0.0,0.024907411750990743,284,366,299,306,346,218
1776750752.1632588,6.821602231843542,0,0,0.0,0.0,0.024907411750990743,284,366,299,306,346,218
1776750752.2166812,7.667480669553062,0,0,0.0,0.0,0.024907411750990743,284,366,299,306,346,218
1776750752.2734735,8.467244200865919,0,0,0.0,0.0,0.024907411750990743,284,366,299,306,346,218
1776750752.3310733,9.183173260259775,0,0,0.0,0.0,0.024907411750990743,284,366,299,306,346,218
1776750752.388716,9.845951978077933,0,0,0.0,0.0,0.024907411750990743,284,366,299,306,346,218
1776750752.4461114,10.499785593423379,0,0,0.0,0.0,0.024907411750990743,284,366,299,306,346,218
1776750752.503257,11.325935678027014,0,0,0.0,0.0,0.024907411750990743,284,366,299,306,346,218
1776750752.556274,12.378780703408104,0,0,0.0,0.0,0.024907411750990743,284,366,299,306,346,218
1776750752.614113,13.45063421102243,0,0,0.0,0.0,0.024907411750990743,284,366,299,306,346,218
1776750752.671312,14.45119026330673,0,0,0.0,0.0,0.024907411750990743,284,366,299,306,346,218
1776750752.727942,15.437357078992017,0,0,0.0,0.0,0.024907411750990743,284,366,299,306,346,218
1776750752.7853909,16.230207123697603,0,0,0.0,0.0,0.024907411750990743,284,366,299,306,346,218
1776750752.843391,16.94406213710928,0,0,0.0,0.0,0.024907411750990743,284,366,299,306,346,218
1776750752.8964758,17.599218641132783,0,0,0.0,0.0,0.024907411750990743,284,366,299,306,346,218
1776750752.9541645,18.222765592339833,0,0,0.0,0.0,0.024907411750990743,284,366,299,306,346,218
1776750753.0107493,18.94182967770195,0,0,0.0,0.0,0.024907411750990743,284,366,299,306,346,218
1776750753.0685458,19.717548903310586,0,0,0.0,0.0,0.024907411750990743,284,366,299,306,346,218
1776750753.1260612,20.468264670993175,0,0,0.0,0.0,0.024907411750990743,284,366,299,306,346,218
1776750753.1789303,21.176479401297954,0,0,0.0,0.0,0.024907411750990743,284,366,299,306,346,218
1776750753.2367468,21.829943820389385,0,0,0.0,0.0,0.024907411750990743,284,366,299,306,346,218
1776750753.293958,22.424983146116816,0,0,0.0,0.0,0.024907411750990743,284,366,299,306,346,218
1776750753.3513806,22.946494943835045,0,0,0.0,0.0,0.024907411750990743,284,366,299,306,346,218
1776750753.4078305,23.452948483150514,0,0,0.0,0.0,0.024907411750990743,284,366,299,306,346,218
1776750753.4659886,23.975884544945153,0,0,0.0,0.0,0.024907411750990743,284,366,299,306,346,218
1776750753.519027,24.608765363483542,0,0,0.0,0.0,0.024907411750990743,284,366,299,306,346,218
1776750753.5763736,25.28862960904506,0,0,0.0,0.0,0.024907411750990743,284,366,299,306,346,218
1776750753.6335807,25.961588882713517,0,0,0.0,0.0,0.024907411750990743,284,366,299,306,346,218
1776750753.6913075,26.583476664814054,0,0,0.0,0.0,0.024907411750990743,284,366,299,306,346,218
1776750753.7483401,27.148042999444215,0,0,0.0,0.0,0.024907411750990743,284,366,299,306,346,218
1776750753.8018327,27.653412899833263,0,0,0.0,0.0,0.024907411750990743,284,366,299,306,346,218
1776750753.8591068,28.08502386994998,0,0,0.0,0.0,0.024907411750990743,284,366,299,306,346,218
1776750753.916036,28.473507160984994,0,0,0.0,0.0,0.024907411750990743,284,366,299,306,346,218
1776750753.9733057,28.982052148295494,0,0,0.0,0.0,0.024907411750990743,284,366,299,306,346,218
1776750754.0305765,29.55461564448865,0,0,0.0,0.0,0.024907411750990743,284,366,299,306,346,218
1776750754.0882382,30.202384693346595,0,0,0.0,0.0,0.024907411750990743,284,366,299,306,346,218
1776750754.1418421,30.893715408003978,0,0,0.0,0.0,0.024907411750990743,284,366,299,306,346,218
1776750754.1993296,31.556114622401193,0,0,0.0,0.0,0.024907411750990743,284,366,299,306,346,218
1776750754.3138134,32.54583438672036,0,0,0.0,0.0,0.024907411750990743,284,366,299,306,346,218
1776750754.3710244,33.24175031601611,0,0,0.0,0.0,0.024907411750990743,284,366,299,306,346,218
1776750754.4244819,33.961525094804834,0,0,0.0,0.0,0.024907411750990743,284,366,299,306,346,218
1776750754.481104,34.786457528441446,0,0,0.0,0.0,0.024907411750990743,284,366,299,306,346,218
1776750754.5386665,35.60093725853243,0,0,0.0,0.0,0.024907411750990743,284,366,299,306,346,218
1776750754.5958242,36.391281177559726,0,0,0.0,0.0,0.024907411750990743,284,366,299,306,346,218
1776750754.6536853,37.12538435326792,0,0,0.0,0.0,0.024907411750990743,284,366,299,306,346,218
1776750754.706736,37.82861530598038,0,0,0.0,0.0,0.024907411750990743,284,366,299,306,346,218
1776750754.7643895,38.44558459179411,0,0,0.0,0.0,0.024907411750990743,284,366,299,306,346,218
1776750754.8217757,39.00867537753823,0,0,0.0,0.0,0.024907411750990743,284,366,299,306,346,218
1776750754.8795614,39.63260261326147,0,0,0.0,0.0,0.024907411750990743,284,366,299,306,346,218
1776750754.9362166,40.40078078397843,0,0,0.0,0.0,0.024907411750990743,284,366,299,306,346,218
1776750754.9928548,41.170234235193526,0,0,0.0,0.0,0.024907411750990743,284,366,299,306,346,218
1776750755.046202,41.905070270558056,0,0,0.0,0.0,0.024907411750990743,284,366,299,306,346,218
1776750755.103998,42.573521081167414,0,0,0.0,0.0,0.024907411750990743,284,366,299,306,346,218
1776750755.1608992,43.20105632435022,0,0,0.0,0.0,0.024907411750990743,284,366,299,306,346,218
1776750755.218673,43.76031689730506,0,0,0.0,0.0,0.024907411750990743,284,366,299,306,346,218
1776750755.2758403,44.299095069191516,0,0,0.0,0.0,0.024907411750990743,284,366,299,306,346,218
1776750755.3292668,44.894728520757454,0,0,0.0,0.0,0.024907411750990743,284,366,299,306,346,218
1776750755.3862498,45.64741855622723,0,0,0.0,0.0,0.024907411750990743,284,366,299,306,346,218
1776750755.4434867,46.44722556686817,0,0,0.0,0.0,0.024907411750990743,284,366,299,306,346,218
1776750755.5015993,47.23316767006045,0,0,0.0,0.0,0.024907411750990743,284,366,299,306,346,218
1776750755.558655,47.98695030101813,0,0,0.0,0.0,0.024907411750990743,284,366,299,306,346,218
1776750755.6157331,48.682085090305435,0,0,0.0,0.0,0.024907411750990743,284,366,299,306,346,218
1776750755.6694987,49.31762552709163,0,0,0.0,0.0,0.024907411750990743,284,366,299,306,346,218
1776750755.7264342,49.89328765812749,0,0,0.0,0.0,0.024907411750990743,284,366,299,306,346,218
1776750755.7839136,50.436986297438246,0,0,0.0,0.0,0.024907411750990743,284,366,299,306,346,218
1776750755.8416762,51.11109588923147,0,0,0.0,0.0,0.024907411750990743,284,366,299,306,346,218
1776750755.898464,51.88032876676944,0,0,0.0,0.0,0.024907411750990743,284,366,299,306,346,218
1776750755.9519694,52.63609863003083,0,0,0.0,0.0,0.024907411750990743,284,366,299,306,346,218
1776750756.0092542,53.310829589009245,0,0,0.0,0.0,0.024907411750990743,284,366,299,306,346,218
1776750756.0669737,53.898248876702766,0,0,0.0,0.0,0.024907411750990743,284,366,299,306,346,218
1776750756.1238358,54.403474663010826,0,0,0.0,0.0,0.024907411750990743,284,366,299,306,346,218
1776750756.1812158,54.821042398903245,0,0,0.0,0.0,0.024907411750990743,284,366,299,306,346,218
1776750756.239001,55.23331271967096,0,0,0.0,0.0,0.024907411750990743,284,366,299,306,346,218
1776750756.2920573,55.685993815901284,0,0,0.0,0.0,0.024907411750990743,284,366,299,306,346,218
1776750756.3488247,56.25579814477038,0,0,0.0,0.0,0.024907411750990743,284,366,299,306,346,218
1776750756.4068372,56.77673944343111,0,0,0.0,0.0,0.024907411750990743,284,366,299,306,346,218
1776750756.4637728,57.26902183302933,0,0,0.0,0.0,0.024907411750990743,284,366,299,306,346,218
1776750756.5206823,57.752706549908794,0,0,0.0,0.0,0.024907411750990743,284,366,299,306,346,218
1776750756.5750875,58.17781196497263,0,0,0.0,0.0,0.024907411750990743,284,366,299,306,346,218
1776750756.6319833,58.564343589491784,0,0,0.0,0.0,0.024907411750990743,284,366,299,306,346,218
1776750756.6891859,58.96030307684754,0,0,0.0,0.0,0.024907411750990743,284,366,299,306,346,218
1776750756.7461872,59.45709092305426,0,0,0.0,0.0,0.024907411750990743,284,366,299,306,346,218
1776750756.8039787,60.173127276916276,0,0,0.0,0.0,0.024907411750990743,284,366,299,306,346,218
1776750756.857631,60.91293818307488,0,0,0.0,0.0,0.024907411750990743,284,366,299,306,346,218
1776750756.914948,61.58988145492246,0,0,0.0,0.0,0.024907411750990743,284,366,299,306,346,218
1776750756.9722598,62.17796443647674,0,0,0.0,0.0,0.024907411750990743,284,366,299,306,346,218
1776750757.029085,62.711389330943014,0,0,0.0,0.0,0.024907411750990743,284,366,299,306,346,218
1776750757.086287,63.1724167992829,0,0,0.0,0.0,0.024907411750990743,284,366,299,306,346,218
1776750757.1437488,63.53472503978487,0,0,0.0,0.0,0.024907411750990743,284,366,299,306,346,218
1776750757.1972623,63.88841751193546,0,0,0.0,0.0,0.024907411750990743,284,366,299,306,346,218
1776750757.254084,64.36552525358063,0,0,0.0,0.0,0.024907411750990743,284,366,299,306,346,218
1776750757.3113673,64.93565757607419,0,0,0.0,0.0,0.024907411750990743,284,366,299,306,346,218
1776750757.3687253,65.50569727282226,0,0,0.0,0.0,0.024907411750990743,284,366,299,306,346,218
1776750757.4262016,66.06170918184668,0,0,0.0,0.0,0.024907411750990743,284,366,299,306,346,218
1776750757.479564,66.676512754554,0,0,0.0,0.0,0.024907411750990743,284,366,299,306,346,218
1776750757.5367372,67.26695382636619,0,0,0.0,0.0,0.024907411750990743,284,366,299,306,346,218
1776750757.594349,67.80808614790986,0,0,0.0,0.0,0.024907411750990743,284,366,299,306,346,218
1776750757.6515508,68.26442584437295,0,0,0.0,0.0,0.024907411750990743,284,366,299,306,346,218
1776750757.7085083,68.7443277533119,0,0,0.0,0.0,0.024907411750990743,284,366,299,306,346,218
1776750757.7665684,69.36429832599356,0,0,0.0,0.0,0.024907411750990743,284,366,299,306,346,218
1776750757.8194284,70.06828949779806,0,0,0.0,0.0,0.024907411750990743,284,366,299,306,346,218
1776750757.876892,70.72748684933941,0,0,0.0,0.0,0.024907411750990743,284,366,299,306,346,218
1776750757.9351516,71.36624605480182,0,0,0.0,0.0,0.024907411750990743,284,366,299,306,346,218
1776750757.9918847,71.94987381644054,0,0,0.0,0.0,0.024907411750990743,284,366,299,306,346,218
1776750758.0488322,72.52396214493216,0,0,0.0,0.0,0.024907411750990743,284,366,299,306,346,218
1776750758.102681,73.20718864347964,0,0,0.0,0.0,0.024907411750990743,284,366,299,306,346,218
1776750758.1592023,74.0141565930439,0,0,0.0,0.0,0.024907411750990743,284,366,299,306,346,218
1776750758.2163827,74.97024697791316,0,0,0.0,0.0,0.024907411750990743,284,366,299,306,346,218
1776750758.273765,76.10407409337395,0,0,0.0,0.0,0.024907411750990743,284,366,299,306,346,218
1776750758.331857,77.38922222801217,0,0,0.0,0.0,0.024907411750990743,284,366,299,306,346,218
1776750758.388445,78.70576666840364,0,0,0.0,0.0,0.024907411750990743,284,366,299,306,346,218
1776750758.4418402,79.92673000052109,0,0,0.0,0.0,0.024907411750990743,284,366,299,306,346,218
1776750758.4990475,81.00701900015632,0,0,0.0,0.0,0.024907411750990743,284,366,299,306,346,218
1776750758.556475,81.91910570004688,0,0,0.0,0.0,0.024907411750990743,284,366,299,306,346,218
1776750758.6136675,82.66173171001407,0,0,0.0,0.0,0.024907411750990743,284,366,299,306,346,218
1776750758.6711507,83.43751951300422,0,0,0.0,0.0,0.024907411750990743,284,366,299,306,346,218
1776750758.7243726,84.48925585390126,0,0,0.0,0.0,0.024907411750990743,284,366,299,306,346,218
1776750758.7817085,85.66577675617037,0,0,0.0,0.0,0.024907411750990743,284,366,299,306,346,218
1776750758.838898,86.77473302685111,0,0,0.0,0.0,0.024907411750990743,284,366,299,306,346,218
1776750758.8963027,87.73041990805532,0,0,0.0,0.0,0.024907411750990743,284,366,299,306,346,218
1776750758.9535704,88.54912597241659,0,0,0.0,0.0,0.024907411750990743,284,366,299,306,346,218
1776750759.0072289,89.15873779172497,0,0,0.0,0.0,0.024907411750990743,284,366,299,306,346,218
1776750759.0643692,89.5586213375175,0,0,0.0,0.0,0.024907411750990743,284,366,299,306,346,218
1776750759.1216815,89.88858640125524,0,0,0.0,0.0,0.024907411750990743,284,366,299,306,346,218
1776750759.1788769,90.14157592037657,0,0,0.0,0.0,0.024907411750990743,284,366,299,306,346,218
1776750759.2362313,90.48347277611296,0,0,0.0,0.0,0.024907411750990743,284,366,299,306,346,218
1776750759.2940454,90.78204183283388,0,0,0.0,0.0,0.024907411750990743,284,366,299,306,346,218
1776750759.3469496,91.01161254985016,0,0,0.0,0.0,0.024907411750990743,284,366,299,306,346,218
1776750759.4043047,91.18548376495505,0,0,0.0,0.0,0.024907411750990743,284,366,299,306,346,218
1776750759.4615605,91.33564512948651,0,0,0.0,0.0,0.024907411750990743,284,366,299,306,346,218
1776750759.5192924,91.43669353884596,0,0,0.0,0.0,0.024907411750990743,284,366,299,306,346,218
1776750759.5762398,91.48800806165379,0,0,0.0,0.0,0.024907411750990743,284,366,299,306,346,218
1776750759.6298366,91.51040241849613,0,0,0.0,0.0,0.024907411750990743,284,366,299,306,346,218
1776750759.687053,91.67112072554883,0,0,0.0,0.0,0.024907411750990743,284,366,299,306,346,218
1776750759.7445412,91.85933621766463,0,0,0.0,0.0,0.024907411750990743,284,366,299,306,346,218
1776750759.801422,91.97880086529938,0,0,0.0,0.0,0.024907411750990743,284,366,299,306,346,218
1776750759.8587794,92.09864025958981,0,0,0.0,0.0,0.024907411750990743,284,366,299,306,346,218
1776750759.9161093,92.36559207787695,0,0,0.0,0.0,0.024907411750990743,284,366,299,306,346,218
1776750759.9695365,93.29267762336309,0,0,0.0,0.0,0.024907411750990743,284,366,299,306,346,218
1776750760.0267708,94.48780328700893,0,0,0.0,0.0,0.024907411750990743,284,366,299,306,346,218
1776750760.0840409,95.64434098610268,0,0,0.0,0.0,0.024907411750990743,284,366,299,306,346,218
1776750760.1416936,96.7193022958308,0,0,0.0,0.0,0.024907411750990743,284,366,299,306,346,218
1776750760.198795,97.72779068874922,0,0,0.0,0.0,0.024907411750990743,284,366,299,306,346,218
1776750760.2521527,98.56933720662477,0,0,0.0,0.0,0.024907411750990743,284,366,299,306,346,218
1776750760.3094518,99.24880116198743,0,0,0.0,0.0,0.024907411750990743,284,366,299,306,346,218
1776750760.3669941,99.76764034859622,0,0,0.0,0.0,0.024907411750990743,284,366,299,306,346,218
1776750760.4241004,99.76764034859622,0,0,0.0,0.0,0.024907411750990743,284,366,299,306,346,218
1776750760.4818933,99.76764034859622,0,0,0.0,0.0,0.024907411750990743,284,366,299,306,346,218
1776750760.5391467,99.76764034859622,0,0,0.0,0.0,0.024907411750990743,284,366,299,306,346,218
1776750760.596558,99.76764034859622,0,0,0.0,0.0,0.024907411750990743,284,366,299,306,346,218
1776750760.6496937,99.76764034859622,0,0,0.0,0.0,0.024907411750990743,284,366,299,306,346,218
1776750760.7068079,99.76764034859622,0,0,0.0,0.0,0.024907411750990743,284,366,299,306,346,218
1776750760.7641356,99.76764034859622,0,0,0.0,0.0,0.024907411750990743,284,366,299,306,346,218
1776750760.821529,99.76764034859622,0,0,0.0,0.0,0.024907411750990743,284,366,299,306,346,218
1776750760.8791032,99.76764034859622,0,0,0.0,0.0,0.024907411750990743,284,366,299,306,346,218
1776750760.9364471,99.76764034859622,0,0,0.0,0.0,0.024907411750990743,284,366,299,306,346,218
1776750760.9900367,99.76764034859622,0,0,0.0,0.0,0.024907411750990743,284,366,299,306,346,218
1776750761.0476098,99.76764034859622,0,0,0.0,0.0,0.024907411750990743,284,366,299,306,346,218
1776750761.1039903,99.76764034859622,0,0,0.0,0.0,0.024907411750990743,284,366,299,306,346,218
1776750761.161553,99.76764034859622,0,0,0.0,0.0,0.024907411750990743,284,366,299,306,346,218
1776750761.2186582,99.76764034859622,0,0,0.0,0.0,0.024907411750990743,284,366,299,306,346,218
1776750761.2769094,99.76764034859622,0,0,0.0,0.0,0.024907411750990743,284,366,299,306,346,218
1776750761.3297477,99.76764034859622,0,0,0.0,0.0,0.024907411750990743,284,366,299,306,346,218
1776750761.3869588,99.76764034859622,0,0,0.0,0.0,0.024907411750990743,284,366,299,306,346,218
1776750761.4452734,99.76764034859622,0,0,0.0,0.0,0.024907411750990743,284,366,299,306,346,218
1776750761.5017989,99.76764034859622,0,0,0.0,0.0,0.024907411750990743,284,366,299,306,346,218
1776750761.5586507,99.76764034859622,0,0,0.0,0.0,0.024907411750990743,284,366,299,306,346,218
1776750761.6158953,99.76764034859622,0,0,0.0,0.0,0.024907411750990743,284,366,299,306,346,218
1776750761.6693013,99.76764034859622,0,0,0.0,0.0,0.024907411750990743,284,366,299,306,346,218
1776750761.7268033,99.76764034859622,0,0,0.0,0.0,0.024907411750990743,284,366,299,306,346,218
1776750761.783835,99.76764034859622,0,0,0.0,0.0,0.024907411750990743,284,366,299,306,346,218
1776750761.8413265,99.76764034859622,0,0,0.0,0.0,0.024907411750990743,284,366,299,306,346,218
1776750761.8985238,99.76764034859622,0,0,0.0,0.0,0.024907411750990743,284,366,299,306,346,218
1776750761.9524364,99.76764034859622,0,0,0.0,0.0,0.024907411750990743,284,366,299,306,346,218
1776750762.0100667,99.76764034859622,0,0,0.0,0.0,0.024907411750990743,284,366,299,306,346,218
1776750762.066713,99.76764034859622,0,0,0.0,0.0,0.024907411750990743,284,366,299,306,346,218
1776750762.123837,99.76764034859622,0,0,0.0,0.0,0.024907411750990743,284,366,299,306,346,218
1776750762.1812196,99.76764034859622,0,0,0.0,0.0,0.024907411750990743,284,366,299,306,346,218
1776750762.238745,99.76764034859622,0,0,0.0,0.0,0.024907411750990743,284,366,299,306,346,218
1776750762.2919273,99.76764034859622,0,0,0.0,0.0,0.024907411750990743,284,366,299,306,346,218
1776750762.3500853,99.76764034859622,0,0,0.0,0.0,0.024907411750990743,284,366,299,306,346,218
1776750762.4068573,99.76764034859622,0,0,0.0,0.0,0.024907411750990743,284,366,299,306,346,218
1776750762.463802,99.76764034859622,0,-2,2.0,0.24330900243309,0.02430220295946765,284,366,299,306,346,217
1776750762.5217152,99.76764034859622,0,-2,2.0,0.24330900243309,0.02430220295946765,284,366,299,306,346,217
1776750762.5785325,99.76764034859622,0,-2,2.0,0.24330900243309,0.02430220295946765,284,366,299,306,346,217
1776750762.6325643,99.76764034859622,0,-2,2.0,0.24330900243309,0.02430220295946765,284,366,299,306,346,217
1776750762.689354,99.76764034859622,0,-2,2.0,0.24330900243309,0.02430220295946765,284,366,299,306,346,217
1776750762.7464008,99.76764034859622,0,-2,2.0,0.24330900243309,0.02430220295946765,284,366,299,306,346,217
1776750762.8037283,99.76764034859622,0,-2,2.0,0.24330900243309,0.02430220295946765,284,366,299,306,346,217
1776750762.861275,99.76764034859622,0,-3,3.0,0.36496350364963503,0.02371124181055172,284,366,299,306,346,216
1776750762.9190278,99.76764034859622,0,-3,3.0,0.36496350364963503,0.02371124181055172,284,366,299,306,346,216
1776750762.972182,99.76764034859622,0,-3,3.0,0.36496350364963503,0.02371124181055172,284,366,299,306,346,216
1776750763.0294518,99.76764034859622,0,-3,3.0,0.36496350364963503,0.02366818860598948,284,366,299,307,347,216
1776750763.0872602,99.76764034859622,0,-3,3.0,0.36496350364963503,0.02366818860598948,284,366,299,307,347,216
1776750763.1444755,99.76764034859622,0,-3,3.0,0.36496350364963503,0.02366818860598948,284,366,299,307,347,216
1776750763.201553,99.76764034859622,0,-3,3.0,0.36496350364963503,0.02366818860598948,284,366,299,307,347,216
1776750763.25833,99.76764034859622,0,-3,3.0,0.36496350364963503,0.02366818860598948,284,366,299,307,347,216
1776750763.3116975,99.76764034859622,0,-4,4.0,0.48661800486618,0.023095321542150365,284,366,299,307,347,215
1776750763.3690147,99.76764034859622,0,-4,4.0,0.48661800486618,0.023095321542150365,284,366,299,307,347,215
1776750763.426642,99.76764034859622,0,-4,4.0,0.48661800486618,0.023095321542150365,284,366,299,307,347,215
1776750763.4838278,99.76764034859622,0,-4,4.0,0.48661800486618,0.023095321542150365,284,366,299,307,347,215
1776750763.541393,99.76764034859622,0,-4,4.0,0.48661800486618,0.023095321542150365,284,366,299,307,347,215
1776750763.5943136,99.76764034859622,2,-4,4.47213595499958,0.544055468978051,0.02386969024485608,284,366,299,307,348,215
1776750763.651786,99.76764034859622,2,-4,4.47213595499958,0.544055468978051,0.02386969024485608,284,366,299,307,348,215
1776750763.7095072,99.76764034859622,2,-4,4.47213595499958,0.544055468978051,0.02386969024485608,284,366,299,307,348,215
1776750763.7668002,99.76764034859622,2,-4,4.47213595499958,0.544055468978051,0.02386969024485608,284,366,299,307,348,215
1776750763.8239558,99.76764034859622,2,-4,4.47213595499958,0.544055468978051,0.02386969024485608,284,366,299,307,348,215
1776750763.881214,99.76764034859622,2,-5,5.385164807134504,0.6551295385808398,0.023303175622759943,284,366,299,307,348,214
1776750763.935185,99.76764034859622,3,-5,5.830951894845301,0.709361544385073,0.024057454385972354,284,366,299,307,349,214
1776750763.9925582,99.76764034859622,3,-5,5.830951894845301,0.709361544385073,0.024057454385972354,284,366,299,307,349,214
1776750764.0489395,99.76764034859622,3,-5,5.830951894845301,0.709361544385073,0.024057454385972354,284,366,299,307,349,214
1776750764.106326,99.76764034859622,3,-5,5.830951894845301,0.709361544385073,0.024877384824293712,284,366,299,306,349,214
1776750764.163732,99.76764034859622,3,-5,5.830951894845301,0.709361544385073,0.024877384824293712,284,366,299,306,349,214
1776750764.221764,99.76764034859622,3,-5,5.830951894845301,0.709361544385073,0.024877384824293712,284,366,299,306,349,214
1776750764.2742505,99.76764034859622,3,-5,5.830951894845301,0.709361544385073,0.024877384824293712,284,366,299,306,349,214
1776750764.3317306,99.76764034859622,3,-5,5.830951894845301,0.709361544385073,0.024877384824293712,284,366,299,306,349,214
1776750764.3889158,99.76764034859622,4,-5,6.4031242374328485,0.7789688853324632,0.025619426259462782,284,366,299,306,350,214
1776750764.4473686,99.76764034859622,4,-5,6.4031242374328485,0.7789688853324632,0.025619426259462782,284,366,299,306,350,214
1776750764.50399,99.76764034859622,4,-5,6.4031242374328485,0.7789688853324632,0.025619426259462782,284,366,299,306,350,214
1776750764.5609357,99.76764034859622,4,-6,7.211102550927978,0.8772630840544985,0.025042358653929644,284,366,299,306,350,213
1776750764.6147578,99.76764034859622,4,-6,7.211102550927978,0.8772630840544985,0.025846145960829604,284,366,299,305,350,213
1776750764.6721547,99.76764034859622,4,-6,7.211102550927978,0.8772630840544985,0.025846145960829604,284,366,299,305,350,213
1776750764.729437,99.76764034859622,4,-6,7.211102550927978,0.8772630840544985,0.025846145960829604,284,366,299,305,350,213
1776750764.7871773,99.76764034859622,5,-6,7.810249675906654,0.9501520286991062,0.026569723839627257,284,366,299,305,351,213
1776750764.8443,99.76764034859622,5,-6,7.810249675906654,0.9501520286991062,0.026569723839627257,284,366,299,305,351,213
1776750764.8973348,99.76764034859622,5,-6,7.810249675906654,0.9501520286991062,0.026569723839627257,284,366,299,305,351,213
1776750764.9544308,99.76764034859622,5,-6,7.810249675906654,0.9501520286991062,0.026569723839627257,284,366,299,305,351,213
1776750765.0122058,99.76764034859622,5,-6,7.810249675906654,0.9501520286991062,0.026569723839627257,284,366,299,305,351,213
1776750765.0691466,99.76764034859622,5,-6,7.810249675906654,0.9501520286991062,0.026569723839627257,284,366,299,305,351,213
1776750765.1268606,99.76764034859622,5,-6,7.810249675906654,0.9501520286991062,0.026569723839627257,284,366,299,305,351,213
1776750765.183735,99.76764034859622,5,-6,7.810249675906654,0.9501520286991062,0.026569723839627257,284,366,299,305,351,213
1776750765.2367935,99.76764034859622,5,-6,7.810249675906654,0.9501520286991062,0.026569723839627257,284,366,299,305,351,213
1776750765.294163,99.76764034859622,5,-6,7.810249675906654,0.9501520286991062,0.026569723839627257,284,366,299,305,351,213
1776750765.3520806,99.76764034859622,5,-6,7.810249675906654,0.9501520286991062,0.026569723839627257,284,366,299,305,351,213
1776750765.409483,99.76764034859622,5,-6,7.810249675906654,0.9501520286991062,0.026569723839627257,284,366,299,305,351,213
1776750765.46618,99.76764034859622,5,-6,7.810249675906654,0.9501520286991062,0.026569723839627257,284,366,299,305,351,213
1776750765.5238156,99.76764034859622,5,-6,7.810249675906654,0.9501520286991062,0.026569723839627257,284,366,299,305,351,213
1776750765.5775144,99.76764034859622,5,-6,7.810249675906654,0.9501520286991062,0.026569723839627257,284,366,299,305,351,213
1776750765.6345475,99.76764034859622,5,-6,7.810249675906654,0.9501520286991062,0.026569723839627257,284,366,299,305,351,213
1776750765.691697,99.76764034859622,5,-6,7.810249675906654,0.9501520286991062,0.026569723839627257,284,366,299,305,351,213
1776750765.7492075,99.76764034859622,5,-6,7.810249675906654,0.9501520286991062,0.026569723839627257,284,366,299,305,351,213
1776750765.8064806,99.76764034859622,5,-6,7.810249675906654,0.9501520286991062,0.026569723839627257,284,366,299,305,351,213
1776750765.8641806,99.76764034859622,5,-6,7.810249675906654,0.9501520286991062,0.026569723839627257,284,366,299,305,351,213
1776750765.9174225,99.76764034859622,5,-6,7.810249675906654,0.9501520286991062,0.026569723839627257,284,366,299,305,351,213
1776750765.9748406,99.76764034859622,5,-6,7.810249675906654,0.9501520286991062,0.026569723839627257,284,366,299,305,351,213
1776750766.0321188,99.76764034859622,5,-6,7.810249675906654,0.9501520286991062,0.026569723839627257,284,366,299,305,351,213
1776750766.089115,99.76764034859622,5,-6,7.810249675906654,0.9501520286991062,0.026569723839627257,284,366,299,305,351,213
1776750766.1467125,99.76764034859622,5,-6,7.810249675906654,0.9501520286991062,0.026569723839627257,284,366,299,305,351,213
1776750766.203431,99.76764034859622,5,-6,7.810249675906654,0.9501520286991062,0.026569723839627257,284,366,299,305,351,213
1776750766.2567558,99.76764034859622,5,-6,7.810249675906654,0.9501520286991062,0.026569723839627257,284,366,299,305,351,213
1776750766.313939,99.76764034859622,5,-6,7.810249675906654,0.9501520286991062,0.027368487207283736,284,366,299,304,351,213
1776750766.3713717,99.76764034859622,5,-6,7.810249675906654,0.9501520286991062,0.027368487207283736,284,366,299,304,351,213
1776750766.428973,99.76764034859622,5,-6,7.810249675906654,0.9501520286991062,0.027368487207283736,284,366,299,304,351,213
1776750766.4862697,99.76764034859622,5,-6,7.810249675906654,0.9501520286991062,0.027368487207283736,284,366,299,304,351,213
1776750766.5394852,99.76764034859622,6,-6,8.48528137423857,1.0322726732650327,0.02807920267242386,284,366,299,304,352,213
1776750766.5975819,99.76764034859622,6,-6,8.48528137423857,1.0322726732650327,0.02807920267242386,284,366,299,304,352,213
1776750766.6550026,99.76764034859622,6,-6,8.48528137423857,1.0322726732650327,0.02807920267242386,284,366,299,304,352,213
1776750766.7119963,99.76764034859622,6,-6,8.48528137423857,1.0322726732650327,0.02807920267242386,284,366,299,304,352,213
1776750766.7690995,99.76764034859622,6,-6,8.48528137423857,1.0322726732650327,0.02807920267242386,284,366,299,304,352,213
1776750766.825842,99.76764034859622,6,-6,8.48528137423857,1.0322726732650327,0.02807920267242386,284,366,299,304,352,213
1776750766.8797343,99.76764034859622,6,-6,8.48528137423857,1.0322726732650327,0.02807920267242386,284,366,299,304,352,213
1776750766.9378054,99.76764034859622,6,-6,8.48528137423857,1.0322726732650327,0.02807920267242386,284,366,299,304,352,213
1776750766.9946852,99.76764034859622,6,-6,8.48528137423857,1.0322726732650327,0.02807920267242386,284,366,299,304,352,213
1776750767.0516956,99.76764034859622,6,-6,8.48528137423857,1.0322726732650327,0.02807920267242386,284,366,299,304,352,213
1776750767.1089523,99.76764034859622,6,-6,8.48528137423857,1.0322726732650327,0.02807920267242386,284,366,299,304,352,213
1776750767.1684127,99.76764034859622,6,-6,8.48528137423857,1.0322726732650327,0.02807920267242386,284,366,299,304,352,213
1776750767.2197242,99.76764034859622,6,-6,8.48528137423857,1.0322726732650327,0.02807920267242386,284,366,299,304,352,213
1776750767.2775803,99.76764034859622,6,-6,8.48528137423857,1.0322726732650327,0.02807920267242386,284,366,299,304,352,213
1776750767.3344998,99.76764034859622,6,-6,8.48528137423857,1.0322726732650327,0.02807920267242386,284,366,299,304,352,213
1776750767.3917758,99.76764034859622,6,-6,8.48528137423857,1.0322726732650327,0.02807920267242386,284,366,299,304,352,213
1776750767.448971,99.76764034859622,6,-6,8.48528137423857,1.0322726732650327,0.02807920267242386,284,366,299,304,352,213
1776750767.5070643,99.76764034859622,6,-6,8.48528137423857,1.0322726732650327,0.02807920267242386,284,366,299,304,352,213
1776750767.5596337,99.76764034859622,6,-6,8.48528137423857,1.0322726732650327,0.02807920267242386,284,366,299,304,352,213
1776750767.616914,99.76764034859622,6,-6,8.48528137423857,1.0322726732650327,0.02807920267242386,284,366,299,304,352,213
1776750767.6739955,99.76764034859622,6,-6,8.48528137423857,1.0322726732650327,0.02807920267242386,284,366,299,304,352,213
1776750767.7315948,99.76764034859622,6,-6,8.48528137423857,1.0322726732650327,0.02807920267242386,284,366,299,304,352,213
1776750767.788693,99.76764034859622,6,-6,8.48528137423857,1.0322726732650327,0.02807920267242386,284,366,299,304,352,213
1776750767.8423412,99.76764034859622,6,-6,8.48528137423857,1.0322726732650327,0.02807920267242386,284,366,299,304,352,213
1776750767.8992538,99.76764034859622,6,-6,8.48528137423857,1.0322726732650327,0.02807920267242386,284,366,299,304,352,213
1776750767.9574084,99.76764034859622,6,-6,8.48528137423857,1.0322726732650327,0.02807920267242386,284,366,299,304,352,213
1776750768.0146751,99.76764034859622,6,-6,8.48528137423857,1.0322726732650327,0.02807920267242386,284,366,299,304,352,213
1776750768.071335,99.76764034859622,6,-6,8.48528137423857,1.0322726732650327,0.02807920267242386,284,366,299,304,352,213
1776750768.1292937,99.76764034859622,6,-6,8.48528137423857,1.0322726732650327,0.02807920267242386,284,366,299,304,352,213
1776750768.1824458,99.76764034859622,6,-6,8.48528137423857,1.0322726732650327,0.02807920267242386,284,366,299,304,352,213
1776750768.2400239,99.76764034859622,6,-6,8.48528137423857,1.0322726732650327,0.02807920267242386,284,366,299,304,352,213
1776750768.2972205,99.76764034859622,6,-6,8.48528137423857,1.0322726732650327,0.02807920267242386,284,366,299,304,352,213
1776750768.354175,99.76764034859622,6,-6,8.48528137423857,1.0322726732650327,0.02807920267242386,284,366,299,304,352,213
1776750768.4114568,99.76764034859622,6,-6,8.48528137423857,1.0322726732650327,0.02807920267242386,284,366,299,304,352,213
1776750768.4690053,99.76764034859622,6,-6,8.48528137423857,1.0322726732650327,0.02807920267242386,284,366,299,304,352,213
1776750768.5216744,99.76764034859622,6,-6,8.48528137423857,1.0322726732650327,0.02807920267242386,284,366,299,304,352,213
1776750768.578992,99.76764034859622,6,-6,8.48528137423857,1.0322726732650327,0.02807920267242386,284,366,299,304,352,213
1776750768.636483,99.76764034859622,6,-6,8.48528137423857,1.0322726732650327,0.02807920267242386,284,366,299,304,352,213
1776750768.694086,99.76764034859622,6,-6,8.48528137423857,1.0322726732650327,0.02807920267242386,284,366,299,304,352,213
1776750768.7511759,99.76764034859622,6,-6,8.48528137423857,1.0322726732650327,0.02807920267242386,284,366,299,304,352,213
1776750768.8088646,99.76764034859622,6,-6,8.48528137423857,1.0322726732650327,0.02807920267242386,284,366,299,304,352,213
1776750768.8625298,99.76764034859622,6,-6,8.48528137423857,1.0322726732650327,0.02807920267242386,284,366,299,304,352,213
1776750768.9194593,99.76764034859622,6,-6,8.48528137423857,1.0322726732650327,0.02807920267242386,284,366,299,304,352,213
1776750768.976701,99.76764034859622,6,-6,8.48528137423857,1.0322726732650327,0.02807920267242386,284,366,299,304,352,213
1776750769.0340934,99.76764034859622,6,-6,8.48528137423857,1.0322726732650327,0.02807920267242386,284,366,299,304,352,213
1776750769.091446,99.76764034859622,6,-6,8.48528137423857,1.0322726732650327,0.02807920267242386,284,366,299,304,352,213
1776750769.1486773,99.76764034859622,6,-6,8.48528137423857,1.0322726732650327,0.02807920267242386,284,366,299,304,352,213
1776750769.202086,99.76764034859622,6,-6,8.48528137423857,1.0322726732650327,0.02807920267242386,284,366,299,304,352,213
1776750769.2594018,99.76764034859622,6,-6,8.48528137423857,1.0322726732650327,0.02807920267242386,284,366,299,304,352,213
1776750769.3166907,99.76764034859622,6,-6,8.48528137423857,1.0322726732650327,0.02807920267242386,284,366,299,304,352,213
1776750769.373725,99.76764034859622,6,-6,8.48528137423857,1.0322726732650327,0.02807920267242386,284,366,299,304,352,213
1776750769.431909,99.76764034859622,6,-6,8.48528137423857,1.0322726732650327,0.02807920267242386,284,366,299,304,352,213
1776750769.4848924,99.76764034859622,6,-6,8.48528137423857,1.0322726732650327,0.02807920267242386,284,366,299,304,352,213
1776750769.5421884,99.76764034859622,6,-6,8.48528137423857,1.0322726732650327,0.02807920267242386,284,366,299,304,352,213
1776750769.5992794,99.76764034859622,7,-6,9.219544457292887,1.1215990823957283,0.028776397231551783,284,366,299,304,353,213
1776750769.6566184,99.76764034859622,7,-6,9.219544457292887,1.1215990823957283,0.028776397231551783,284,366,299,304,353,213
1776750769.7140408,99.76764034859622,7,-6,9.219544457292887,1.1215990823957283,0.028776397231551783,284,366,299,304,353,213
1776750769.7708714,99.76764034859622,7,-6,9.219544457292887,1.1215990823957283,0.028776397231551783,284,366,299,304,353,213
1776750769.8247173,99.76764034859622,7,-6,9.219544457292887,1.1215990823957283,0.028776397231551783,284,366,299,304,353,213
1776750769.8827972,99.76764034859622,7,-6,9.219544457292887,1.1215990823957283,0.028776397231551783,284,366,299,304,353,213
1776750769.9393823,99.76764034859622,7,-6,9.219544457292887,1.1215990823957283,0.028776397231551783,284,366,299,304,353,213
1776750769.9963143,99.76764034859622,7,-6,9.219544457292887,1.1215990823957283,0.028776397231551783,284,366,299,304,353,213
1776750770.053626,99.76764034859622,7,-6,9.219544457292887,1.1215990823957283,0.028776397231551783,284,366,299,304,353,213
1776750770.111175,99.76764034859622,7,-6,9.219544457292887,1.1215990823957283,0.028776397231551783,284,366,299,304,353,213
1776750770.1650324,99.76764034859622,7,-6,9.219544457292887,1.1215990823957283,0.028776397231551783,284,366,299,304,353,213
1776750770.222305,99.76764034859622,7,-6,9.219544457292887,1.1215990823957283,0.028776397231551783,284,366,299,304,353,213
1776750770.2792685,99.76764034859622,7,-6,9.219544457292887,1.1215990823957283,0.028776397231551783,284,366,299,304,353,213
1776750770.3360434,99.76764034859622,7,-6,9.219544457292887,1.1215990823957283,0.028776397231551783,284,366,299,304,353,213
1776750770.3934257,99.76764034859622,7,-6,9.219544457292887,1.1215990823957283,0.028776397231551783,284,366,299,304,353,213
1776750770.4507232,99.76764034859622,7,-6,9.219544457292887,1.1215990823957283,0.028776397231551783,284,366,299,304,353,213
1776750770.5040169,99.76764034859622,7,-6,9.219544457292887,1.1215990823957283,0.028776397231551783,284,366,299,304,353,213
1776750770.5613043,99.76764034859622,7,-6,9.219544457292887,1.1215990823957283,0.028776397231551783,284,366,299,304,353,213
1776750770.6190498,99.76764034859622,7,-6,9.219544457292887,1.1215990823957283,0.028776397231551783,284,366,299,304,353,213
1776750770.6765099,99.76764034859622,7,-6,9.219544457292887,1.1215990823957283,0.028776397231551783,284,366,299,304,353,213
1776750770.7340248,99.76764034859622,7,-6,9.219544457292887,1.1215990823957283,0.028776397231551783,284,366,299,304,353,213
1776750770.7868302,99.76764034859622,7,-6,9.219544457292887,1.1215990823957283,0.028776397231551783,284,366,299,304,353,213
1776750770.8443952,99.76764034859622,7,-6,9.219544457292887,1.1215990823957283,0.028776397231551783,284,366,299,304,353,213
1776750770.9012744,99.76764034859622,7,-6,9.219544457292887,1.1215990823957283,0.028776397231551783,284,366,299,304,353,213
1776750770.9586773,99.76764034859622,7,-6,9.219544457292887,1.1215990823957283,0.028776397231551783,284,366,299,304,353,213
1776750771.016462,99.76764034859622,7,-6,9.219544457292887,1.1215990823957283,0.028776397231551783,284,366,299,304,353,213
1776750771.0733204,99.76764034859622,7,-6,9.219544457292887,1.1215990823957283,0.028776397231551783,284,366,299,304,353,213
1776750771.1267223,99.76764034859622,7,-6,9.219544457292887,1.1215990823957283,0.028776397231551783,284,366,299,304,353,213
1776750771.1840322,99.76764034859622,7,-6,9.219544457292887,1.1215990823957283,0.028776397231551783,284,366,299,304,353,213
1776750771.2419202,99.76764034859622,7,-6,9.219544457292887,1.1215990823957283,0.028776397231551783,284,366,299,304,353,213
1776750771.2986364,99.76764034859622,7,-6,9.219544457292887,1.1215990823957283,0.028776397231551783,284,366,299,304,353,213
1776750771.3562398,99.76764034859622,7,-6,9.219544457292887,1.1215990823957283,0.028776397231551783,284,366,299,304,353,213
1776750771.4136424,99.76764034859622,7,-6,9.219544457292887,1.1215990823957283,0.028776397231551783,284,366,299,304,353,213
1776750771.4665577,99.76764034859622,7,-6,9.219544457292887,1.1215990823957283,0.028776397231551783,284,366,299,304,353,213
1776750771.5242975,99.76764034859622,7,-6,9.219544457292887,1.1215990823957283,0.028776397231551783,284,366,299,304,353,213
1776750771.5817628,99.76764034859622,7,-6,9.219544457292887,1.1215990823957283,0.028776397231551783,284,366,299,304,353,213
1776750771.6394093,99.76764034859622,7,-6,9.219544457292887,1.1215990823957283,0.028776397231551783,284,366,299,304,353,213
1776750771.6965559,99.76764034859622,7,-6,9.219544457292887,1.1215990823957283,0.028776397231551783,284,366,299,304,353,213
1776750771.7539637,99.76764034859622,7,-6,9.219544457292887,1.1215990823957283,0.028776397231551783,284,366,299,304,353,213
1776750771.806814,99.76764034859622,7,-6,9.219544457292887,1.1215990823957283,0.028776397231551783,284,366,299,304,353,213
1776750771.8647432,99.76764034859622,7,-6,9.219544457292887,1.1215990823957283,0.028776397231551783,284,366,299,304,353,213
1776750771.92195,99.76764034859622,7,-6,9.219544457292887,1.1215990823957283,0.028776397231551783,284,366,299,304,353,213
1776750771.9789345,99.76764034859622,7,-6,9.219544457292887,1.1215990823957283,0.028776397231551783,284,366,299,304,353,213
1776750772.0359988,99.76764034859622,7,-6,9.219544457292887,1.1215990823957283,0.028776397231551783,284,366,299,304,353,213
1776750772.09392,99.76764034859622,7,-6,9.219544457292887,1.1215990823957283,0.028776397231551783,284,366,299,304,353,213
1776750772.1470213,99.76764034859622,7,-6,9.219544457292887,1.1215990823957283,0.028776397231551783,284,366,299,304,353,213
1776750772.2043657,99.76764034859622,7,-6,9.219544457292887,1.1215990823957283,0.028776397231551783,284,366,299,304,353,213
1776750772.2613637,99.76764034859622,7,-6,9.219544457292887,1.1215990823957283,0.028776397231551783,284,366,299,304,353,213
1776750772.318717,99.76764034859622,7,-6,9.219544457292887,1.1215990823957283,0.028776397231551783,284,366,299,304,353,213
1776750772.3772626,99.76764034859622,7,-6,9.219544457292887,1.1215990823957283,0.028776397231551783,284,366,299,304,353,213
1776750772.4295495,99.76764034859622,7,-6,9.219544457292887,1.1215990823957283,0.028776397231551783,284,366,299,304,353,213
1776750772.4868214,99.76764034859622,7,-6,9.219544457292887,1.1215990823957283,0.028776397231551783,284,366,299,304,353,213
1776750772.5492995,99.76764034859622,7,-6,9.219544457292887,1.1215990823957283,0.028776397231551783,284,366,299,304,353,213
1776750772.601713,99.76764034859622,7,-6,9.219544457292887,1.1215990823957283,0.028776397231551783,284,366,299,304,353,213
1776750772.6583583,99.76764034859622,7,-6,9.219544457292887,1.1215990823957283,0.028776397231551783,284,366,299,304,353,213
1776750772.7161725,99.76764034859622,7,-6,9.219544457292887,1.1215990823957283,0.028776397231551783,284,366,299,304,353,213
1776750772.7694178,99.76764034859622,7,-6,9.219544457292887,1.1215990823957283,0.028776397231551783,284,366,299,304,353,213
1776750772.8267395,99.76764034859622,7,-6,9.219544457292887,1.1215990823957283,0.028776397231551783,284,366,299,304,353,213
1776750772.8843467,99.76764034859622,7,-6,9.219544457292887,1.1215990823957283,0.028776397231551783,284,366,299,304,353,213
1776750772.9416325,99.76764034859622,7,-6,9.219544457292887,1.1215990823957283,0.028776397231551783,284,366,299,304,353,213
1776750772.9991713,99.76764034859622,7,-6,9.219544457292887,1.1215990823957283,0.028776397231551783,284,366,299,304,353,213
1776750773.0555892,99.76764034859622,7,-6,9.219544457292887,1.1215990823957283,0.028776397231551783,284,366,299,304,353,213
1776750773.1089728,99.76764034859622,7,-7,9.899494936611665,1.204318118809205,0.028175057674454867,284,366,299,304,353,212
1776750773.1664128,99.76764034859622,7,-7,9.899494936611665,1.204318118809205,0.028175057674454867,284,366,299,304,353,212
1776750773.2235775,99.76764034859622,7,-7,9.899494936611665,1.204318118809205,0.028175057674454867,284,366,299,304,353,212
1776750773.2809682,99.76764034859622,7,-7,9.899494936611665,1.204318118809205,0.028175057674454867,284,366,299,304,353,212
1776750773.3387148,99.76764034859622,7,-7,9.899494936611665,1.204318118809205,0.028175057674454867,284,366,299,304,353,212
1776750773.395575,99.76764034859622,7,-7,9.899494936611665,1.204318118809205,0.028175057674454867,284,366,299,304,353,212
1776750773.4489653,99.76764034859622,7,-7,9.899494936611665,1.204318118809205,0.028175057674454867,284,366,299,304,353,212
1776750773.506261,99.76764034859622,7,-7,9.899494936611665,1.204318118809205,0.028175057674454867,284,366,299,304,353,212
1776750773.5636003,99.76764034859622,7,-7,9.899494936611665,1.204318118809205,0.028175057674454867,284,366,299,304,353,212
1776750773.621029,99.76764034859622,7,-7,9.899494936611665,1.204318118809205,0.028175057674454867,284,366,299,304,353,212
1776750773.6788282,99.76764034859622,7,-7,9.899494936611665,1.204318118809205,0.028175057674454867,284,366,299,304,353,212
1776750773.732122,99.76764034859622,7,-7,9.899494936611665,1.204318118809205,0.028175057674454867,284,366,299,304,353,212
1776750773.7898338,99.76764034859622,7,-7,9.899494936611665,1.204318118809205,0.028175057674454867,284,366,299,304,353,212
1776750773.8469083,99.76764034859622,7,-7,9.899494936611665,1.204318118809205,0.028175057674454867,284,366,299,304,353,212
1776750773.9050553,99.76764034859622,7,-7,9.899494936611665,1.204318118809205,0.028175057674454867,284,366,299,304,353,212
1776750773.9613833,99.76764034859622,7,-7,9.899494936611665,1.204318118809205,0.028175057674454867,284,366,299,304,353,212
1776750774.018825,99.76764034859622,7,-7,9.899494936611665,1.204318118809205,0.028175057674454867,284,366,299,304,353,212
1776750774.0724392,99.76764034859622,7,-7,9.899494936611665,1.204318118809205,0.028175057674454867,284,366,299,304,353,212
1776750774.1293602,99.76764034859622,7,-7,9.899494936611665,1.204318118809205,0.028175057674454867,284,366,299,304,353,212
1776750774.1864467,99.76764034859622,7,-7,9.899494936611665,1.204318118809205,0.028175057674454867,284,366,299,304,353,212
1776750774.2441514,99.76764034859622,7,-7,9.899494936611665,1.204318118809205,0.028175057674454867,284,366,299,304,353,212
1776750774.3011172,99.76764034859622,7,-7,9.899494936611665,1.204318118809205,0.028175057674454867,284,366,299,304,353,212
1776750774.3585653,99.76764034859622,7,-7,9.899494936611665,1.204318118809205,0.028175057674454867,284,366,299,304,353,212
1776750774.4117346,99.76764034859622,7,-7,9.899494936611665,1.204318118809205,0.028175057674454867,284,366,299,304,353,212
1776750774.4688025,99.76764034859622,7,-7,9.899494936611665,1.204318118809205,0.028175057674454867,284,366,299,304,353,212
1776750774.5273995,99.76764034859622,7,-7,9.899494936611665,1.204318118809205,0.028175057674454867,284,366,299,304,353,212
1776750774.5839717,99.76764034859622,7,-7,9.899494936611665,1.204318118809205,0.028175057674454867,284,366,299,304,353,212
1776750774.6411223,99.76764034859622,7,-7,9.899494936611665,1.204318118809205,0.028175057674454867,284,366,299,304,353,212
1776750774.698093,99.76764034859622,7,-7,9.899494936611665,1.204318118809205,0.028175057674454867,284,366,299,304,353,212
1776750774.751487,99.76764034859622,7,-7,9.899494936611665,1.204318118809205,0.028175057674454867,284,366,299,304,353,212
1776750774.8097358,99.76764034859622,7,-7,9.899494936611665,1.204318118809205,0.028175057674454867,284,366,299,304,353,212
1776750774.8670325,99.76764034859622,7,-7,9.899494936611665,1.204318118809205,0.028175057674454867,284,366,299,304,353,212
1776750774.9239516,99.76764034859622,7,-7,9.899494936611665,1.204318118809205,0.028175057674454867,284,366,299,304,353,212
1776750774.9819334,99.76764034859622,7,-7,9.899494936611665,1.204318118809205,0.028175057674454867,284,366,299,304,353,212
1776750775.0381854,99.76764034859622,7,-7,9.899494936611665,1.204318118809205,0.028175057674454867,284,366,299,304,353,212
1776750775.0923758,99.76764034859622,7,-7,9.899494936611665,1.204318118809205,0.028175057674454867,284,366,299,304,353,212
1776750775.1494868,99.76764034859622,7,-7,9.899494936611665,1.204318118809205,0.028175057674454867,284,366,299,304,353,212
1776750775.2069645,99.76764034859622,7,-7,9.899494936611665,1.204318118809205,0.028175057674454867,284,366,299,304,353,212
1776750775.2636507,99.76764034859622,7,-7,9.899494936611665,1.204318118809205,0.028175057674454867,284,366,299,304,353,212
1776750775.3207822,99.76764034859622,7,-7,9.899494936611665,1.204318118809205,0.028175057674454867,284,366,299,304,353,212
1776750775.374143,99.76764034859622,7,-7,9.899494936611665,1.204318118809205,0.028175057674454867,284,366,299,304,353,212
1776750775.432126,99.76764034859622,7,-7,9.899494936611665,1.204318118809205,0.028175057674454867,284,366,299,304,353,212
1776750775.489809,99.76764034859622,7,-7,9.899494936611665,1.204318118809205,0.028175057674454867,284,366,299,304,353,212
1776750775.5459986,99.76764034859622,7,-7,9.899494936611665,1.204318118809205,0.028175057674454867,284,366,299,304,353,212
1776750775.6037853,99.76764034859622,7,-7,9.899494936611665,1.204318118809205,0.028175057674454867,284,366,299,304,353,212
1776750775.6611805,99.76764034859622,7,-7,9.899494936611665,1.204318118809205,0.028175057674454867,284,366,299,304,353,212
1776750775.7143476,99.76764034859622,7,-7,9.899494936611665,1.204318118809205,0.028175057674454867,284,366,299,304,353,212
1776750775.7714257,99.76764034859622,7,-7,9.899494936611665,1.204318118809205,0.028175057674454867,284,366,299,304,353,212
1776750775.8291893,99.76764034859622,7,-7,9.899494936611665,1.204318118809205,0.028175057674454867,284,366,299,304,353,212
1776750775.886079,99.76764034859622,7,-7,9.899494936611665,1.204318118809205,0.028175057674454867,284,366,299,304,353,212
1776750775.943904,99.76764034859622,7,-7,9.899494936611665,1.204318118809205,0.028175057674454867,284,366,299,304,353,212
1776750776.000816,99.76764034859622,7,-7,9.899494936611665,1.204318118809205,0.028175057674454867,284,366,299,304,353,212
1776750776.0547009,99.76764034859622,7,-7,9.899494936611665,1.204318118809205,0.028175057674454867,284,366,299,304,353,212
1776750776.1115768,99.76764034859622,7,-7,9.899494936611665,1.204318118809205,0.028175057674454867,284,366,299,304,353,212
1776750776.169297,99.76764034859622,7,-7,9.899494936611665,1.204318118809205,0.028175057674454867,284,366,299,304,353,212
1776750776.2264006,99.76764034859622,7,-7,9.899494936611665,1.204318118809205,0.028175057674454867,284,366,299,304,353,212
1776750776.2840714,99.76764034859622,7,-7,9.899494936611665,1.204318118809205,0.028175057674454867,284,366,299,304,353,212
1776750776.3411577,99.76764034859622,7,-7,9.899494936611665,1.204318118809205,0.028175057674454867,284,366,299,304,353,212
1776750776.3943536,99.76764034859622,7,-7,9.899494936611665,1.204318118809205,0.028175057674454867,284,366,299,304,353,212
1776750776.4519246,99.76764034859622,7,-7,9.899494936611665,1.204318118809205,0.028175057674454867,284,366,299,304,353,212
1776750776.5091422,99.76764034859622,7,-7,9.899494936611665,1.204318118809205,0.028175057674454867,284,366,299,304,353,212
1776750776.5663872,99.76764034859622,7,-7,9.899494936611665,1.204318118809205,0.028175057674454867,284,366,299,304,353,212
1776750776.6239285,99.76764034859622,7,-7,9.899494936611665,1.204318118809205,0.028175057674454867,284,366,299,304,353,212
1776750776.6771407,99.76764034859622,7,-7,9.899494936611665,1.204318118809205,0.028175057674454867,284,366,299,304,353,212
1776750776.7343254,99.76764034859622,7,-7,9.899494936611665,1.204318118809205,0.028175057674454867,284,366,299,304,353,212
1776750776.791921,99.76764034859622,7,-7,9.899494936611665,1.204318118809205,0.028175057674454867,284,366,299,304,353,212
1776750776.8490632,99.76764034859622,7,-7,9.899494936611665,1.204318118809205,0.028175057674454867,284,366,299,304,353,212
1776750776.9062445,99.76764034859622,7,-7,9.899494936611665,1.204318118809205,0.028175057674454867,284,366,299,304,353,212
1776750776.9637518,99.76764034859622,7,-7,9.899494936611665,1.204318118809205,0.028175057674454867,284,366,299,304,353,212
1776750777.0167077,99.76764034859622,7,-7,9.899494936611665,1.204318118809205,0.028175057674454867,284,366,299,304,353,212
1776750777.074975,99.76764034859622,7,-7,9.899494936611665,1.204318118809205,0.028175057674454867,284,366,299,304,353,212
1776750777.1317797,99.76764034859622,7,-7,9.899494936611665,1.204318118809205,0.028175057674454867,284,366,299,304,353,212
1776750777.1892953,99.76764034859622,7,-7,9.899494936611665,1.204318118809205,0.028175057674454867,284,366,299,304,353,212
1776750777.2473154,99.76764034859622,7,-7,9.899494936611665,1.204318118809205,0.028175057674454867,284,366,299,304,353,212
1776750777.3039331,99.76764034859622,7,-7,9.899494936611665,1.204318118809205,0.028175057674454867,284,366,299,304,353,212
1776750777.3569584,99.76764034859622,7,-7,9.899494936611665,1.204318118809205,0.028175057674454867,284,366,299,304,353,212
1776750777.414222,99.76764034859622,7,-7,9.899494936611665,1.204318118809205,0.028175057674454867,284,366,299,304,353,212
1776750777.471627,99.76764034859622,7,-7,9.899494936611665,1.204318118809205,0.028175057674454867,284,366,299,304,353,212
1776750777.528325,99.76764034859622,7,-7,9.899494936611665,1.204318118809205,0.028958807394096876,284,366,299,303,353,212
1776750777.5856571,99.76764034859622,7,-7,9.899494936611665,1.204318118809205,0.028958807394096876,284,366,299,303,353,212
1776750777.6429756,99.76764034859622,7,-7,9.899494936611665,1.204318118809205,0.028958807394096876,284,366,299,303,353,212
1776750777.6964402,99.76764034859622,8,-7,10.63014581273465,1.2932050867073783,0.029637934966466658,284,366,299,303,354,212
1776750777.7539432,99.76764034859622,8,-7,10.63014581273465,1.2932050867073783,0.029637934966466658,284,366,299,303,354,212
1776750777.8114376,99.76764034859622,8,-7,10.63014581273465,1.2932050867073783,0.029637934966466658,284,366,299,303,354,212
1776750777.8688397,99.76764034859622,8,-7,10.63014581273465,1.2932050867073783,0.027496409674573896,284,366,300,303,354,212
1776750777.9265406,99.76764034859622,8,-7,10.63014581273465,1.2932050867073783,0.027496409674573896,284,366,300,303,354,212
1776750777.9792705,99.76764034859622,8,-7,10.63014581273465,1.2932050867073783,0.027496409674573896,284,366,300,303,354,212
1776750778.0371091,99.76764034859622,8,-7,10.63014581273465,1.2932050867073783,0.027496409674573896,284,366,300,303,354,212
1776750778.0943341,99.76764034859622,8,-7,10.63014581273465,1.2932050867073783,0.027496409674573896,284,366,300,303,354,212
1776750778.1513774,99.76764034859622,8,-7,10.63014581273465,1.2932050867073783,0.027496409674573896,284,366,300,303,354,212
1776750778.2083726,99.76764034859622,8,-7,10.63014581273465,1.2932050867073783,0.027496409674573896,284,366,300,303,354,212
1776750778.2658641,99.76764034859622,8,-7,10.63014581273465,1.2932050867073783,0.027496409674573896,284,366,300,303,354,212
1776750778.3191493,99.76764034859622,8,-7,10.63014581273465,1.2932050867073783,0.027496409674573896,284,366,300,303,354,212
1776750778.3773549,99.76764034859622,8,-7,10.63014581273465,1.2932050867073783,0.027496409674573896,284,366,300,303,354,212
1776750778.4341137,99.76764034859622,8,-7,10.63014581273465,1.2932050867073783,0.027496409674573896,284,366,300,303,354,212
1776750778.491324,99.76764034859622,8,-7,10.63014581273465,1.2932050867073783,0.027496409674573896,284,366,300,303,354,212
1776750778.5482967,99.76764034859622,8,-7,10.63014581273465,1.2932050867073783,0.027496409674573896,284,366,300,303,354,212
1776750778.6061718,99.76764034859622,8,-7,10.63014581273465,1.2932050867073783,0.027496409674573896,284,366,300,303,354,212
1776750778.6593752,99.76764034859622,8,-7,10.63014581273465,1.2932050867073783,0.027496409674573896,284,366,300,303,354,212
1776750778.7165992,99.76764034859622,8,-7,10.63014581273465,1.2932050867073783,0.027496409674573896,284,366,300,303,354,212
1776750778.7741578,99.76764034859622,8,-7,10.63014581273465,1.2932050867073783,0.027496409674573896,284,366,300,303,354,212
1776750778.8321567,99.76764034859622,8,-7,10.63014581273465,1.2932050867073783,0.027496409674573896,284,366,300,303,354,212
1776750778.8887122,99.76764034859622,8,-7,10.63014581273465,1.2932050867073783,0.027496409674573896,284,366,300,303,354,212
1776750778.9459085,99.76764034859622,8,-7,10.63014581273465,1.2932050867073783,0.027496409674573896,284,366,300,303,354,212
1776750778.999212,99.76764034859622,8,-7,10.63014581273465,1.2932050867073783,0.027496409674573896,284,366,300,303,354,212
1776750779.0564976,99.76764034859622,8,-7,10.63014581273465,1.2932050867073783,0.027496409674573896,284,366,300,303,354,212
1776750779.1140063,99.76764034859622,8,-7,10.63014581273465,1.2932050867073783,0.027496409674573896,284,366,300,303,354,212
1776750779.1713111,99.76764034859622,8,-7,10.63014581273465,1.2932050867073783,0.027496409674573896,284,366,300,303,354,212
1776750779.2292776,99.76764034859622,8,-7,10.63014581273465,1.2932050867073783,0.027496409674573896,284,366,300,303,354,212
1776750779.285612,99.76764034859622,8,-7,10.63014581273465,1.2932050867073783,0.027496409674573896,284,366,300,303,354,212
1776750779.3388436,99.76764034859622,8,-7,10.63014581273465,1.2932050867073783,0.027496409674573896,284,366,300,303,354,212
1776750779.396676,99.76764034859622,8,-7,10.63014581273465,1.2932050867073783,0.027496409674573896,284,366,300,303,354,212
1776750779.4548614,99.76764034859622,8,-7,10.63014581273465,1.2932050867073783,0.027496409674573896,284,366,300,303,354,212
1776750779.5114725,99.76764034859622,8,-7,10.63014581273465,1.2932050867073783,0.027496409674573896,284,366,300,303,354,212
1776750779.5681715,99.76764034859622,8,-7,10.63014581273465,1.2932050867073783,0.027496409674573896,284,366,300,303,354,212
1776750779.621816,99.76764034859622,8,-7,10.63014581273465,1.2932050867073783,0.027496409674573896,284,366,300,303,354,212
1776750779.6798697,99.76764034859622,8,-7,10.63014581273465,1.2932050867073783,0.027496409674573896,284,366,300,303,354,212
1776750779.736707,99.76764034859622,8,-7,10.63014581273465,1.2932050867073783,0.027496409674573896,284,366,300,303,354,212
1776750779.793335,99.76764034859622,8,-7,10.63014581273465,1.2932050867073783,0.027496409674573896,284,366,300,303,354,212
1776750779.850748,99.76764034859622,8,-7,10.63014581273465,1.2932050867073783,0.027496409674573896,284,366,300,303,354,212
1776750779.9079716,99.76764034859622,8,-7,10.63014581273465,1.2932050867073783,0.027496409674573896,284,366,300,303,354,212
1776750779.961945,99.76764034859622,8,-7,10.63014581273465,1.2932050867073783,0.027496409674573896,284,366,300,303,354,212
1776750780.0188391,99.76764034859622,8,-7,10.63014581273465,1.2932050867073783,0.027496409674573896,284,366,300,303,354,212
1776750780.0763662,99.76764034859622,8,-7,10.63014581273465,1.2932050867073783,0.027496409674573896,284,366,300,303,354,212
1776750780.133893,99.76764034859622,8,-7,10.63014581273465,1.2932050867073783,0.027496409674573896,284,366,300,303,354,212
1776750780.1912274,99.76764034859622,8,-7,10.63014581273465,1.2932050867073783,0.027496409674573896,284,366,300,303,354,212
1776750780.2488258,99.76764034859622,8,-7,10.63014581273465,1.2932050867073783,0.027496409674573896,284,366,300,303,354,212
1776750780.301566,99.76764034859622,8,-7,10.63014581273465,1.2932050867073783,0.027496409674573896,284,366,300,303,354,212
1776750780.358578,99.76764034859622,8,-7,10.63014581273465,1.2932050867073783,0.027496409674573896,284,366,300,303,354,212
1776750780.4163315,99.76764034859622,8,-7,10.63014581273465,1.2932050867073783,0.027496409674573896,284,366,300,303,354,212
1776750780.4740987,99.76764034859622,8,-7,10.63014581273465,1.2932050867073783,0.027496409674573896,284,366,300,303,354,212
1776750780.5313861,99.76764034859622,8,-7,10.63014581273465,1.2932050867073783,0.027496409674573896,284,366,300,303,354,212
1776750780.58854,99.76764034859622,8,-7,10.63014581273465,1.2932050867073783,0.027496409674573896,284,366,300,303,354,212
1776750780.642119,99.76764034859622,8,-7,10.63014581273465,1.2932050867073783,0.027496409674573896,284,366,300,303,354,212
1776750780.6988454,99.76764034859622,8,-7,10.63014581273465,1.2932050867073783,0.027496409674573896,284,366,300,303,354,212
1776750780.756479,99.76764034859622,8,-7,10.63014581273465,1.2932050867073783,0.027496409674573896,284,366,300,303,354,212
1776750780.8135552,99.76764034859622,8,-7,10.63014581273465,1.2932050867073783,0.027496409674573896,284,366,300,303,354,212
1776750780.8711789,99.76764034859622,8,-7,10.63014581273465,1.2932050867073783,0.027496409674573896,284,366,300,303,354,212
1776750780.9285493,99.76764034859622,8,-7,10.63014581273465,1.2932050867073783,0.027496409674573896,284,366,300,303,354,212
1776750780.9816003,99.76764034859622,8,-7,10.63014581273465,1.2932050867073783,0.027496409674573896,284,366,300,303,354,212
1776750781.039534,99.76764034859622,8,-7,10.63014581273465,1.2932050867073783,0.027496409674573896,284,366,300,303,354,212
1776750781.096606,99.76764034859622,8,-7,10.63014581273465,1.2932050867073783,0.027496409674573896,284,366,300,303,354,212
1776750781.153831,99.76764034859622,8,-7,10.63014581273465,1.2932050867073783,0.027496409674573896,284,366,300,303,354,212
1776750781.210748,99.76764034859622,8,-7,10.63014581273465,1.2932050867073783,0.027496409674573896,284,366,300,303,354,212
1776750781.264173,99.76764034859622,8,-7,10.63014581273465,1.2932050867073783,0.027496409674573896,284,366,300,303,354,212
1776750781.32205,99.76764034859622,8,-7,10.63014581273465,1.2932050867073783,0.027496409674573896,284,366,300,303,354,212
1776750781.378974,99.76764034859622,8,-7,10.63014581273465,1.2932050867073783,0.027496409674573896,284,366,300,303,354,212
1776750781.4365494,99.76764034859622,8,-7,10.63014581273465,1.2932050867073783,0.027496409674573896,284,366,300,303,354,212
1776750781.4936466,99.76764034859622,8,-7,10.63014581273465,1.2932050867073783,0.027496409674573896,284,366,300,303,354,212
1776750781.5509527,99.76764034859622,8,-7,10.63014581273465,1.2932050867073783,0.027496409674573896,284,366,300,303,354,212
1776750781.6042643,99.76764034859622,8,-7,10.63014581273465,1.2932050867073783,0.027496409674573896,284,366,300,303,354,212
1776750781.6618788,99.76764034859622,8,-7,10.63014581273465,1.2932050867073783,0.027496409674573896,284,366,300,303,354,212
1776750781.7190943,99.76764034859622,8,-7,10.63014581273465,1.2932050867073783,0.027496409674573896,284,366,300,303,354,212
1776750781.7759612,99.76764034859622,8,-7,10.63014581273465,1.2932050867073783,0.028296418528005685,284,366,300,302,354,212
1776750781.8338792,99.76764034859622,8,-8,11.313708498984761,1.3763635643533771,0.027694902631149765,284,366,300,302,354,211
1776750781.8910108,99.76764034859622,8,-8,11.313708498984761,1.3763635643533771,0.027694902631149765,284,366,300,302,354,211
1776750781.944384,99.76764034859622,8,-8,11.313708498984761,1.3763635643533771,0.027694902631149765,284,366,300,302,354,211
1776750782.0017447,99.76764034859622,9,-8,12.041594578792296,1.464914182334829,0.028373959051900356,284,366,300,302,355,211
1776750782.0584826,99.76764034859622,9,-8,12.041594578792296,1.464914182334829,0.028373959051900356,284,366,300,302,355,211
1776750782.115735,99.76764034859622,9,-8,12.041594578792296,1.464914182334829,0.02707582059952235,284,366,301,301,355,211
1776750782.1733587,99.76764034859622,10,-8,12.806248474865697,1.5579377706649264,0.027759139155487614,284,366,301,301,356,211
1776750782.2303135,99.76764034859622,10,-9,13.45362404707371,1.6366939230016677,0.02716291154419598,284,366,301,301,356,210
1776750782.2838047,99.76764034859622,10,-9,13.45362404707371,1.6366939230016677,0.02716291154419598,284,366,301,301,356,210
1776750782.3417616,99.76764034859622,10,-9,13.45362404707371,1.6366939230016677,0.02716291154419598,284,366,301,301,356,210
1776750782.3991811,99.76764034859622,10,-9,13.45362404707371,1.6366939230016677,0.02716291154419598,284,366,301,301,356,210
1776750782.4561956,99.76764034859622,11,-9,14.212670403551895,1.7290353288992573,0.027828646705787503,284,366,301,301,357,210
1776750782.5131803,99.76764034859622,11,-9,14.212670403551895,1.7290353288992573,0.027828646705787503,284,366,301,301,357,210
1776750782.5702953,99.76764034859622,11,-9,14.212670403551895,1.7290353288992573,0.027828646705787503,284,366,301,301,357,210
1776750782.623657,99.76764034859622,11,-9,14.212670403551895,1.7290353288992573,0.027828646705787503,284,366,301,301,357,210
1776750782.6810956,99.76764034859622,11,-9,14.212670403551895,1.7290353288992573,0.027828646705787503,284,366,301,301,357,210
1776750782.7390265,99.76764034859622,11,-9,14.212670403551895,1.7290353288992573,0.027828646705787503,284,366,301,301,357,210
1776750782.795887,99.76764034859622,11,-9,14.212670403551895,1.7290353288992573,0.027828646705787503,284,366,301,301,357,210
1776750782.8533702,99.76764034859622,11,-9,14.212670403551895,1.7290353288992573,0.027828646705787503,284,366,301,301,357,210
1776750782.9062924,99.76764034859622,11,-9,14.212670403551895,1.7290353288992573,0.027828646705787503,284,366,301,301,357,210
1776750782.9639273,99.76764034859622,11,-9,14.212670403551895,1.7290353288992573,0.027828646705787503,284,366,301,301,357,210
1776750783.0220244,99.76764034859622,11,-9,14.212670403551895,1.7290353288992573,0.028618005626418273,284,366,301,300,357,210
1776750783.0792227,99.76764034859622,11,-9,14.212670403551895,1.7290353288992573,0.028618005626418273,284,366,301,300,357,210
1776750783.1365101,99.76764034859622,11,-9,14.212670403551895,1.7290353288992573,0.028618005626418273,284,366,301,300,357,210
1776750783.1942437,99.76764034859622,11,-9,14.212670403551895,1.7290353288992573,0.028618005626418273,284,366,301,300,357,210
1776750783.2470531,99.76764034859622,11,-9,14.212670403551895,1.7290353288992573,0.028618005626418273,284,366,301,300,357,210
1776750783.3041048,99.76764034859622,11,-9,14.212670403551895,1.7290353288992573,0.028618005626418273,284,366,301,300,357,210
1776750783.3610594,99.76764034859622,11,-9,14.212670403551895,1.7290353288992573,0.028618005626418273,284,366,301,300,357,210
1776750783.4182792,99.76764034859622,11,-9,14.212670403551895,1.7290353288992573,0.028618005626418273,284,366,301,300,357,210
1776750783.476327,99.76764034859622,11,-9,14.212670403551895,1.7290353288992573,0.028618005626418273,284,366,301,300,357,210
1776750783.5334897,99.76764034859622,11,-9,14.212670403551895,1.7290353288992573,0.028618005626418273,284,366,301,300,357,210
1776750783.5868723,99.76764034859622,11,-9,14.212670403551895,1.7290353288992573,0.028618005626418273,284,366,301,300,357,210
1776750783.6436384,99.76764034859622,12,-9,15.0,1.824817518248175,0.02927040893789752,284,366,301,300,358,210
1776750783.7016242,99.76764034859622,12,-9,15.0,1.824817518248175,0.02927040893789752,284,366,301,300,358,210
1776750783.759375,99.76764034859622,12,-9,15.0,1.824817518248175,0.02927040893789752,284,366,301,300,358,210
1776750783.816061,99.76764034859622,12,-9,15.0,1.824817518248175,0.02927040893789752,284,366,301,300,358,210
1776750783.8728013,99.76764034859622,12,-9,15.0,1.824817518248175,0.02927040893789752,284,366,301,300,358,210
1776750783.9267545,99.76764034859622,12,-9,15.0,1.824817518248175,0.02927040893789752,284,366,301,300,358,210
1776750783.9845586,99.76764034859622,12,-9,15.0,1.824817518248175,0.02927040893789752,284,366,301,300,358,210
1776750784.0414174,99.76764034859622,12,-9,15.0,1.824817518248175,0.02927040893789752,284,366,301,300,358,210
1776750784.0984166,99.76764034859622,12,-9,15.0,1.824817518248175,0.02927040893789752,284,366,301,300,358,210
1776750784.1559057,99.76764034859622,12,-9,15.0,1.824817518248175,0.02927040893789752,284,366,301,300,358,210
1776750784.2128696,99.76764034859622,12,-9,15.0,1.824817518248175,0.02927040893789752,284,366,301,300,358,210
1776750784.266476,99.76764034859622,12,-9,15.0,1.824817518248175,0.02927040893789752,284,366,301,300,358,210
1776750784.3233547,99.76764034859622,12,-9,15.0,1.824817518248175,0.02927040893789752,284,366,301,300,358,210
1776750784.3807526,99.76764034859622,12,-9,15.0,1.824817518248175,0.02927040893789752,284,366,301,300,358,210
1776750784.4382567,99.76764034859622,12,-9,15.0,1.824817518248175,0.02927040893789752,284,366,301,300,358,210
1776750784.495403,99.76764034859622,12,-9,15.0,1.824817518248175,0.02927040893789752,284,366,301,300,358,210
1776750784.5529375,99.76764034859622,12,-9,15.0,1.824817518248175,0.02927040893789752,284,366,301,300,358,210
1776750784.6071374,99.76764034859622,12,-9,15.0,1.824817518248175,0.02927040893789752,284,366,301,300,358,210
1776750784.6641269,99.76764034859622,12,-9,15.0,1.824817518248175,0.02927040893789752,284,366,301,300,358,210
1776750784.720696,99.76764034859622,12,-9,15.0,1.824817518248175,0.02927040893789752,284,366,301,300,358,210
1776750784.7780552,99.76764034859622,12,-9,15.0,1.824817518248175,0.02927040893789752,284,366,301,300,358,210
1776750784.8353126,99.76764034859622,12,-10,15.620499351813308,1.9003040573982124,0.028668469164423793,284,366,301,300,358,209
1776750784.8888557,99.76764034859622,12,-10,15.620499351813308,1.9003040573982124,0.028668469164423793,284,366,301,300,358,209
1776750784.9460824,99.76764034859622,13,-10,16.401219466856727,1.9952821735835433,0.02930418109850598,284,366,301,300,359,209
1776750785.0038085,99.76764034859622,13,-10,16.401219466856727,1.9952821735835433,0.02930418109850598,284,366,301,300,359,209
1776750785.061163,99.76764034859622,13,-10,16.401219466856727,1.9952821735835433,0.030078144029271652,284,366,301,299,359,209
1776750785.1183522,99.76764034859622,13,-10,16.401219466856727,1.9952821735835433,0.028112884635498155,284,366,302,299,359,209
1776750785.1757717,99.76764034859622,13,-10,16.401219466856727,1.9952821735835433,0.028112884635498155,284,366,302,299,359,209
1776750785.2292917,99.76764034859622,14,-11,17.804493814764857,2.1659968144482793,0.028155841468673917,284,366,302,299,360,208
1776750785.2864895,99.76764034859622,14,-11,17.804493814764857,2.1659968144482793,0.028155841468673917,284,366,302,299,360,208
1776750785.343466,99.76764034859622,14,-11,17.804493814764857,2.1659968144482793,0.028155841468673917,284,366,302,299,360,208
1776750785.4005709,99.76764034859622,14,-11,17.804493814764857,2.1659968144482793,0.028155841468673917,284,366,302,299,360,208
1776750785.4582565,99.76764034859622,14,-11,17.804493814764857,2.1659968144482793,0.028155841468673917,284,366,302,299,360,208
1776750785.5152256,99.76764034859622,15,-11,18.601075237738275,2.262904530138476,0.02877890383404695,284,366,302,299,361,208
1776750785.56955,99.76764034859622,15,-11,18.601075237738275,2.262904530138476,0.02877890383404695,284,366,302,299,361,208
1776750785.6258788,99.76764034859622,15,-11,18.601075237738275,2.262904530138476,0.02955595999311785,284,366,302,298,361,208
1776750785.684709,99.76764034859622,15,-11,18.601075237738275,2.262904530138476,0.02955595999311785,284,366,302,298,361,208
1776750785.741511,99.76764034859622,15,-11,18.601075237738275,2.262904530138476,0.02955595999311785,284,366,302,298,361,208
1776750785.7983637,99.76764034859622,15,-11,18.601075237738275,2.262904530138476,0.02955595999311785,284,366,302,298,361,208
1776750785.8557677,99.76764034859622,15,-11,18.601075237738275,2.262904530138476,0.02955595999311785,284,366,302,298,361,208
1776750785.9085996,99.76764034859622,15,-11,18.601075237738275,2.262904530138476,0.02955595999311785,284,366,302,298,361,208
1776750785.9658482,99.76764034859622,15,-11,18.601075237738275,2.262904530138476,0.02955595999311785,284,366,302,298,361,208
1776750786.0232356,99.76764034859622,15,-11,18.601075237738275,2.262904530138476,0.02955595999311785,284,366,302,298,361,208
1776750786.0805178,99.76764034859622,16,-11,19.4164878389476,2.362103143424282,0.030165625084712693,284,366,302,298,362,208
1776750786.137776,99.76764034859622,16,-11,19.4164878389476,2.362103143424282,0.030165625084712693,284,366,302,298,362,208
1776750786.1951535,99.76764034859622,16,-11,19.4164878389476,2.362103143424282,0.030165625084712693,284,366,302,298,362,208
1776750786.2486386,99.76764034859622,16,-11,19.4164878389476,2.362103143424282,0.029057058650149396,284,366,303,297,362,208
1776750786.3068125,99.76764034859622,16,-11,19.4164878389476,2.362103143424282,0.029057058650149396,284,366,303,297,362,208
1776750786.3638694,99.76764034859622,16,-12,20.0,2.4330900243309,0.028456555916501626,284,366,303,297,362,207
1776750786.420524,99.76764034859622,16,-12,20.0,2.4330900243309,0.028456555916501626,284,366,303,297,362,207
1776750786.4779856,99.76764034859622,17,-12,20.808652046684813,2.531466185728079,0.029066215324643343,284,366,303,297,363,207
1776750786.5314794,99.76764034859622,17,-12,20.808652046684813,2.531466185728079,0.029066215324643343,284,366,303,297,363,207
1776750786.588449,99.76764034859622,17,-12,20.808652046684813,2.531466185728079,0.029066215324643343,284,366,303,297,363,207
1776750786.6458724,99.76764034859622,17,-12,20.808652046684813,2.531466185728079,0.029066215324643343,284,366,303,297,363,207
1776750786.7035153,99.76764034859622,17,-12,20.808652046684813,2.531466185728079,0.029066215324643343,284,366,303,297,363,207
1776750786.7609334,99.76764034859622,17,-12,20.808652046684813,2.531466185728079,0.029066215324643343,284,366,303,297,363,207
1776750786.8181283,99.76764034859622,17,-12,20.808652046684813,2.531466185728079,0.029066215324643343,284,366,303,297,363,207
1776750786.8717089,99.76764034859622,17,-12,20.808652046684813,2.531466185728079,0.029066215324643343,284,366,303,297,363,207
1776750786.9284523,99.76764034859622,17,-12,20.808652046684813,2.531466185728079,0.029066215324643343,284,366,303,297,363,207
1776750786.98631,99.76764034859622,17,-12,20.808652046684813,2.531466185728079,0.029066215324643343,284,366,303,297,363,207
1776750787.0435834,99.76764034859622,17,-12,20.808652046684813,2.531466185728079,0.029066215324643343,284,366,303,297,363,207
1776750787.100993,99.76764034859622,17,-12,20.808652046684813,2.531466185728079,0.029066215324643343,284,366,303,297,363,207
1776750787.1581557,99.76764034859622,17,-12,20.808652046684813,2.531466185728079,0.029066215324643343,284,366,303,297,363,207
1776750787.2112367,99.76764034859622,17,-12,20.808652046684813,2.531466185728079,0.029066215324643343,284,366,303,297,363,207
1776750787.2689934,99.76764034859622,17,-12,20.808652046684813,2.531466185728079,0.029066215324643343,284,366,303,297,363,207
1776750787.3274953,99.76764034859622,17,-12,20.808652046684813,2.531466185728079,0.029066215324643343,284,366,303,297,363,207
1776750787.3838835,99.76764034859622,17,-12,20.808652046684813,2.531466185728079,0.029066215324643343,284,366,303,297,363,207
1776750787.4404402,99.76764034859622,17,-12,20.808652046684813,2.531466185728079,0.029066215324643343,284,366,303,297,363,207
1776750787.497824,99.76764034859622,17,-12,20.808652046684813,2.531466185728079,0.029066215324643343,284,366,303,297,363,207
1776750787.551019,99.76764034859622,17,-12,20.808652046684813,2.531466185728079,0.029066215324643343,284,366,303,297,363,207
1776750787.608905,99.76764034859622,17,-12,20.808652046684813,2.531466185728079,0.029066215324643343,284,366,303,297,363,207
1776750787.6659584,99.76764034859622,17,-12,20.808652046684813,2.531466185728079,0.029066215324643343,284,366,303,297,363,207
1776750787.7231715,99.76764034859622,17,-12,20.808652046684813,2.531466185728079,0.029066215324643343,284,366,303,297,363,207
1776750787.7807717,99.76764034859622,18,-12,21.633307652783937,2.631789252163496,0.029663454966484176,284,366,303,297,364,207
1776750787.8385434,99.76764034859622,18,-12,21.633307652783937,2.631789252163496,0.03043727486450967,284,366,303,296,364,207
1776750787.8915417,99.76764034859622,18,-12,21.633307652783937,2.631789252163496,0.03043727486450967,284,366,303,296,364,207
1776750787.948412,99.76764034859622,18,-12,21.633307652783937,2.631789252163496,0.03043727486450967,284,366,303,296,364,207
1776750788.0057251,99.76764034859622,18,-12,21.633307652783937,2.631789252163496,0.03043727486450967,284,366,303,296,364,207
1776750788.063692,99.76764034859622,18,-12,21.633307652783937,2.631789252163496,0.03043727486450967,284,366,303,296,364,207
1776750788.120885,99.76764034859622,18,-12,21.633307652783937,2.631789252163496,0.03043727486450967,284,366,303,296,364,207
1776750788.1740413,99.76764034859622,18,-12,21.633307652783937,2.631789252163496,0.03043727486450967,284,366,303,296,364,207
1776750788.231637,99.76764034859622,18,-12,21.633307652783937,2.631789252163496,0.03043727486450967,284,366,303,296,364,207
1776750788.2885756,99.76764034859622,18,-12,21.633307652783937,2.631789252163496,0.03043727486450967,284,366,303,296,364,207
1776750788.345804,99.76764034859622,18,-12,21.633307652783937,2.631789252163496,0.03043727486450967,284,366,303,296,364,207
1776750788.4031708,99.76764034859622,18,-12,21.633307652783937,2.631789252163496,0.03043727486450967,284,366,303,296,364,207
1776750788.4606972,99.76764034859622,18,-12,21.633307652783937,2.631789252163496,0.03043727486450967,284,366,303,296,364,207
1776750788.514212,99.76764034859622,18,-12,21.633307652783937,2.631789252163496,0.03043727486450967,284,366,303,296,364,207
1776750788.5713508,99.76764034859622,18,-12,21.633307652783937,2.631789252163496,0.03043727486450967,284,366,303,296,364,207
1776750788.6283898,99.76764034859622,18,-12,21.633307652783937,2.631789252163496,0.03043727486450967,284,366,303,296,364,207
1776750788.6858916,99.76764034859622,18,-12,21.633307652783937,2.631789252163496,0.03043727486450967,284,366,303,296,364,207
1776750788.7437658,99.76764034859622,18,-12,21.633307652783937,2.631789252163496,0.03043727486450967,284,366,303,296,364,207
1776750788.8005953,99.76764034859622,18,-12,21.633307652783937,2.631789252163496,0.03043727486450967,284,366,303,296,364,207
1776750788.853485,99.76764034859622,18,-12,21.633307652783937,2.631789252163496,0.03043727486450967,284,366,303,296,364,207
1776750788.9108603,99.76764034859622,18,-12,21.633307652783937,2.631789252163496,0.03043727486450967,284,366,303,296,364,207
1776750788.968129,99.76764034859622,18,-12,21.633307652783937,2.631789252163496,0.03043727486450967,284,366,303,296,364,207
1776750789.0257673,99.76764034859622,18,-12,21.633307652783937,2.631789252163496,0.03043727486450967,284,366,303,296,364,207
1776750789.0828214,99.76764034859622,18,-12,21.633307652783937,2.631789252163496,0.03043727486450967,284,366,303,296,364,207
1776750789.1407979,99.76764034859622,18,-12,21.633307652783937,2.631789252163496,0.03043727486450967,284,366,303,296,364,207
1776750789.1944332,99.76764034859622,18,-12,21.633307652783937,2.631789252163496,0.03043727486450967,284,366,303,296,364,207
1776750789.2513182,99.76764034859622,18,-12,21.633307652783937,2.631789252163496,0.03043727486450967,284,366,303,296,364,207
1776750789.3085947,99.76764034859622,18,-12,21.633307652783937,2.631789252163496,0.03043727486450967,284,366,303,296,364,207
1776750789.3659477,99.76764034859622,18,-12,21.633307652783937,2.631789252163496,0.03043727486450967,284,366,303,296,364,207
1776750789.4226677,99.76764034859622,18,-12,21.633307652783937,2.631789252163496,0.028604523350500937,284,366,304,296,364,207
1776750789.480497,99.76764034859622,18,-12,21.633307652783937,2.631789252163496,0.028604523350500937,284,366,304,296,364,207
1776750789.5339575,99.76764034859622,18,-12,21.633307652783937,2.631789252163496,0.028604523350500937,284,366,304,296,364,207
1776750789.5911715,99.76764034859622,18,-12,21.633307652783937,2.631789252163496,0.028604523350500937,284,366,304,296,364,207
1776750789.6481326,99.76764034859622,18,-12,21.633307652783937,2.631789252163496,0.028604523350500937,284,366,304,296,364,207
1776750789.7072814,99.76764034859622,18,-12,21.633307652783937,2.631789252163496,0.028604523350500937,284,366,304,296,364,207
1776750789.763225,99.76764034859622,18,-12,21.633307652783937,2.631789252163496,0.028604523350500937,284,366,304,296,364,207
1776750789.8203955,99.76764034859622,18,-12,21.633307652783937,2.631789252163496,0.028604523350500937,284,366,304,296,364,207
1776750789.8733747,99.76764034859622,18,-12,21.633307652783937,2.631789252163496,0.028604523350500937,284,366,304,296,364,207
1776750789.9310985,99.76764034859622,18,-12,21.633307652783937,2.631789252163496,0.028604523350500937,284,366,304,296,364,207
1776750789.9884713,99.76764034859622,18,-12,21.633307652783937,2.631789252163496,0.028604523350500937,284,366,304,296,364,207
1776750790.0459917,99.76764034859622,18,-12,21.633307652783937,2.631789252163496,0.028604523350500937,284,366,304,296,364,207
1776750790.1029778,99.76764034859622,18,-12,21.633307652783937,2.631789252163496,0.028604523350500937,284,366,304,296,364,207
1776750790.1563153,99.76764034859622,18,-12,21.633307652783937,2.631789252163496,0.028604523350500937,284,366,304,296,364,207
1776750790.2135284,99.76764034859622,18,-12,21.633307652783937,2.631789252163496,0.028604523350500937,284,366,304,296,364,207
1776750790.2714734,99.76764034859622,18,-12,21.633307652783937,2.631789252163496,0.028604523350500937,284,366,304,296,364,207
1776750790.3284583,99.76764034859622,18,-12,21.633307652783937,2.631789252163496,0.028604523350500937,284,366,304,296,364,207
1776750790.385744,99.76764034859622,18,-12,21.633307652783937,2.631789252163496,0.028604523350500937,284,366,304,296,364,207
1776750790.4433348,99.76764034859622,18,-12,21.633307652783937,2.631789252163496,0.028604523350500937,284,366,304,296,364,207
1776750790.4960177,99.76764034859622,18,-12,21.633307652783937,2.631789252163496,0.028604523350500937,284,366,304,296,364,207
1776750790.554017,99.76764034859622,18,-12,21.633307652783937,2.631789252163496,0.028604523350500937,284,366,304,296,364,207
1776750790.610591,99.76764034859622,18,-12,21.633307652783937,2.631789252163496,0.028604523350500937,284,366,304,296,364,207
1776750790.6683264,99.76764034859622,18,-12,21.633307652783937,2.631789252163496,0.028604523350500937,284,366,304,296,364,207
1776750790.7258224,99.76764034859622,18,-12,21.633307652783937,2.631789252163496,0.028604523350500937,284,366,304,296,364,207
1776750790.7833645,99.76764034859622,18,-12,21.633307652783937,2.631789252163496,0.028604523350500937,284,366,304,296,364,207
1776750790.8361897,99.76764034859622,18,-12,21.633307652783937,2.631789252163496,0.028604523350500937,284,366,304,296,364,207
1776750790.8938892,99.76764034859622,18,-12,21.633307652783937,2.631789252163496,0.028604523350500937,284,366,304,296,364,207
1776750790.9508953,99.76764034859622,18,-12,21.633307652783937,2.631789252163496,0.028604523350500937,284,366,304,296,364,207
1776750791.0082507,99.76764034859622,18,-12,21.633307652783937,2.631789252163496,0.028604523350500937,284,366,304,296,364,207
1776750791.0653543,99.76764034859622,18,-12,21.633307652783937,2.631789252163496,0.028604523350500937,284,366,304,296,364,207
1776750791.122445,99.76764034859622,18,-12,21.633307652783937,2.631789252163496,0.028604523350500937,284,366,304,296,364,207
1776750791.1759326,99.76764034859622,18,-12,21.633307652783937,2.631789252163496,0.028604523350500937,284,366,304,296,364,207
1776750791.2336996,99.76764034859622,18,-12,21.633307652783937,2.631789252163496,0.028604523350500937,284,366,304,296,364,207
1776750791.2905304,99.76764034859622,18,-12,21.633307652783937,2.631789252163496,0.028604523350500937,284,366,304,296,364,207
1776750791.3479345,99.76764034859622,18,-12,21.633307652783937,2.631789252163496,0.028604523350500937,284,366,304,296,364,207
1776750791.4057298,99.76764034859622,18,-12,21.633307652783937,2.631789252163496,0.028604523350500937,284,366,304,296,364,207
1776750791.4626088,99.76764034859622,18,-12,21.633307652783937,2.631789252163496,0.028604523350500937,284,366,304,296,364,207
1776750791.5163832,99.76764034859622,18,-12,21.633307652783937,2.631789252163496,0.028604523350500937,284,366,304,296,364,207
1776750791.57311,99.76764034859622,18,-12,21.633307652783937,2.631789252163496,0.028604523350500937,284,366,304,296,364,207
1776750791.6308954,99.76764034859622,18,-12,21.633307652783937,2.631789252163496,0.028604523350500937,284,366,304,296,364,207
1776750791.6885455,99.76764034859622,18,-12,21.633307652783937,2.631789252163496,0.028604523350500937,284,366,304,296,364,207
1776750791.7456064,99.76764034859622,18,-12,21.633307652783937,2.631789252163496,0.028604523350500937,284,366,304,296,364,207
1776750791.799462,99.76764034859622,18,-12,21.633307652783937,2.631789252163496,0.028604523350500937,284,366,304,296,364,207
1776750791.8557088,99.76764034859622,18,-12,21.633307652783937,2.631789252163496,0.028604523350500937,284,366,304,296,364,207
1776750791.9136128,99.76764034859622,18,-12,21.633307652783937,2.631789252163496,0.028604523350500937,284,366,304,296,364,207
1776750791.97135,99.76764034859622,18,-12,21.633307652783937,2.631789252163496,0.028604523350500937,284,366,304,296,364,207
1776750792.0278587,99.76764034859622,18,-12,21.633307652783937,2.631789252163496,0.028604523350500937,284,366,304,296,364,207
1776750792.0854518,99.76764034859622,18,-12,21.633307652783937,2.631789252163496,0.028604523350500937,284,366,304,296,364,207
1776750792.1389856,99.76764034859622,18,-12,21.633307652783937,2.631789252163496,0.028604523350500937,284,366,304,296,364,207
1776750792.196516,99.76764034859622,18,-12,21.633307652783937,2.631789252163496,0.028604523350500937,284,366,304,296,364,207
1776750792.2544413,99.76764034859622,18,-12,21.633307652783937,2.631789252163496,0.028604523350500937,284,366,304,296,364,207
1776750792.3109014,99.76764034859622,18,-12,21.633307652783937,2.631789252163496,0.028604523350500937,284,366,304,296,364,207
1776750792.368106,99.76764034859622,18,-12,21.633307652783937,2.631789252163496,0.028604523350500937,284,366,304,296,364,207
1776750792.4261572,99.76764034859622,18,-12,21.633307652783937,2.631789252163496,0.028604523350500937,284,366,304,296,364,207
1776750792.4789178,99.76764034859622,19,-12,22.47220505424423,2.7338448971100036,0.029204465286541102,284,366,304,296,365,207
1776750792.5361187,99.76764034859622,19,-12,22.47220505424423,2.7338448971100036,0.029204465286541102,284,366,304,296,365,207
1776750792.5933938,99.76764034859622,19,-12,22.47220505424423,2.7338448971100036,0.029204465286541102,284,366,304,296,365,207
1776750792.6503408,99.76764034859622,19,-12,22.47220505424423,2.7338448971100036,0.029204465286541102,284,366,304,296,365,207
1776750792.7080524,99.76764034859622,19,-12,22.47220505424423,2.7338448971100036,0.029204465286541102,284,366,304,296,365,207
1776750792.765614,99.76764034859622,19,-12,22.47220505424423,2.7338448971100036,0.029204465286541102,284,366,304,296,365,207
1776750792.8185706,99.76764034859622,19,-12,22.47220505424423,2.7338448971100036,0.029204465286541102,284,366,304,296,365,207
1776750792.876125,99.76764034859622,19,-12,22.47220505424423,2.7338448971100036,0.029204465286541102,284,366,304,296,365,207
1776750792.9335635,99.76764034859622,19,-12,22.47220505424423,2.7338448971100036,0.029204465286541102,284,366,304,296,365,207
1776750792.9907646,99.76764034859622,19,-12,22.47220505424423,2.7338448971100036,0.029204465286541102,284,366,304,296,365,207
1776750793.0479505,99.76764034859622,19,-12,22.47220505424423,2.7338448971100036,0.029204465286541102,284,366,304,296,365,207
1776750793.1052337,99.76764034859622,19,-12,22.47220505424423,2.7338448971100036,0.029204465286541102,284,366,304,296,365,207
1776750793.1593285,99.76764034859622,19,-12,22.47220505424423,2.7338448971100036,0.029204465286541102,284,366,304,296,365,207
1776750793.2165425,99.76764034859622,19,-12,22.47220505424423,2.7338448971100036,0.029204465286541102,284,366,304,296,365,207
1776750793.2734697,99.76764034859622,19,-12,22.47220505424423,2.7338448971100036,0.029204465286541102,284,366,304,296,365,207
1776750793.3302965,99.76764034859622,19,-12,22.47220505424423,2.7338448971100036,0.029204465286541102,284,366,304,296,365,207
1776750793.3874552,99.76764034859622,19,-12,22.47220505424423,2.7338448971100036,0.029204465286541102,284,366,304,296,365,207
1776750793.4408457,99.76764034859622,19,-12,22.47220505424423,2.7338448971100036,0.029204465286541102,284,366,304,296,365,207
1776750793.4983594,99.76764034859622,19,-12,22.47220505424423,2.7338448971100036,0.029204465286541102,284,366,304,296,365,207
1776750793.5555806,99.76764034859622,19,-12,22.47220505424423,2.7338448971100036,0.029204465286541102,284,366,304,296,365,207
1776750793.6135209,99.76764034859622,19,-12,22.47220505424423,2.7338448971100036,0.029204465286541102,284,366,304,296,365,207
1776750793.6710858,99.76764034859622,19,-12,22.47220505424423,2.7338448971100036,0.029204465286541102,284,366,304,296,365,207
1776750793.7275653,99.76764034859622,19,-12,22.47220505424423,2.7338448971100036,0.029204465286541102,284,366,304,296,365,207
1776750793.7817183,99.76764034859622,19,-12,22.47220505424423,2.7338448971100036,0.029204465286541102,284,366,304,296,365,207
1776750793.8406541,99.76764034859622,19,-12,22.47220505424423,2.7338448971100036,0.029204465286541102,284,366,304,296,365,207
1776750793.896329,99.76764034859622,19,-12,22.47220505424423,2.7338448971100036,0.029204465286541102,284,366,304,296,365,207
1776750793.953188,99.76764034859622,19,-12,22.47220505424423,2.7338448971100036,0.029204465286541102,284,366,304,296,365,207
1776750794.010443,99.76764034859622,19,-12,22.47220505424423,2.7338448971100036,0.029204465286541102,284,366,304,296,365,207
1776750794.067988,99.76764034859622,19,-12,22.47220505424423,2.7338448971100036,0.029204465286541102,284,366,304,296,365,207
1776750794.1211584,99.76764034859622,19,-12,22.47220505424423,2.7338448971100036,0.029204465286541102,284,366,304,296,365,207
1776750794.1788578,99.76764034859622,19,-12,22.47220505424423,2.7338448971100036,0.029204465286541102,284,366,304,296,365,207
1776750794.236337,99.76764034859622,19,-12,22.47220505424423,2.7338448971100036,0.029204465286541102,284,366,304,296,365,207
1776750794.293415,99.76764034859622,19,-12,22.47220505424423,2.7338448971100036,0.029204465286541102,284,366,304,296,365,207
1776750794.35106,99.76764034859622,19,-12,22.47220505424423,2.7338448971100036,0.029204465286541102,284,366,304,296,365,207
1776750794.4077208,99.76764034859622,19,-12,22.47220505424423,2.7338448971100036,0.029204465286541102,284,366,304,296,365,207
1776750794.461889,99.76764034859622,19,-12,22.47220505424423,2.7338448971100036,0.029204465286541102,284,366,304,296,365,207
1776750794.5185568,99.76764034859622,19,-12,22.47220505424423,2.7338448971100036,0.029204465286541102,284,366,304,296,365,207
1776750794.5754411,99.76764034859622,19,-12,22.47220505424423,2.7338448971100036,0.029204465286541102,284,366,304,296,365,207
1776750794.6330662,99.76764034859622,19,-12,22.47220505424423,2.7338448971100036,0.029204465286541102,284,366,304,296,365,207
1776750794.6907113,99.76764034859622,19,-12,22.47220505424423,2.7338448971100036,0.029204465286541102,284,366,304,296,365,207
1776750794.7479527,99.76764034859622,19,-12,22.47220505424423,2.7338448971100036,0.029204465286541102,284,366,304,296,365,207
1776750794.801234,99.76764034859622,19,-12,22.47220505424423,2.7338448971100036,0.029204465286541102,284,366,304,296,365,207
1776750794.8583596,99.76764034859622,19,-12,22.47220505424423,2.7338448971100036,0.029204465286541102,284,366,304,296,365,207
1776750794.9154844,99.76764034859622,19,-12,22.47220505424423,2.7338448971100036,0.029204465286541102,284,366,304,296,365,207
1776750794.9732993,99.76764034859622,19,-12,22.47220505424423,2.7338448971100036,0.029204465286541102,284,366,304,296,365,207
1776750795.0306332,99.76764034859622,19,-12,22.47220505424423,2.7338448971100036,0.029204465286541102,284,366,304,296,365,207
1776750795.0832891,99.76764034859622,19,-12,22.47220505424423,2.7338448971100036,0.029204465286541102,284,366,304,296,365,207
1776750795.141306,99.76764034859622,19,-12,22.47220505424423,2.7338448971100036,0.029204465286541102,284,366,304,296,365,207
1776750795.1982486,99.76764034859622,19,-12,22.47220505424423,2.7338448971100036,0.029204465286541102,284,366,304,296,365,207
1776750795.2554944,99.76764034859622,19,-12,22.47220505424423,2.7338448971100036,0.029204465286541102,284,366,304,296,365,207
1776750795.3126364,99.76764034859622,19,-12,22.47220505424423,2.7338448971100036,0.029204465286541102,284,366,304,296,365,207
1776750795.369858,99.76764034859622,19,-12,22.47220505424423,2.7338448971100036,0.029204465286541102,284,366,304,296,365,207
1776750795.4236095,99.76764034859622,19,-12,22.47220505424423,2.7338448971100036,0.029204465286541102,284,366,304,296,365,207
1776750795.4815779,99.76764034859622,19,-12,22.47220505424423,2.7338448971100036,0.029204465286541102,284,366,304,296,365,207
1776750795.5382524,99.76764034859622,19,-12,22.47220505424423,2.7338448971100036,0.029204465286541102,284,366,304,296,365,207
1776750795.5951915,99.76764034859622,19,-12,22.47220505424423,2.7338448971100036,0.029204465286541102,284,366,304,296,365,207
1776750795.6523876,99.76764034859622,19,-12,22.47220505424423,2.7338448971100036,0.029204465286541102,284,366,304,296,365,207
1776750795.7099614,99.76764034859622,19,-12,22.47220505424423,2.7338448971100036,0.029204465286541102,284,366,304,296,365,207
1776750795.7636817,99.76764034859622,19,-12,22.47220505424423,2.7338448971100036,0.029204465286541102,284,366,304,296,365,207
1776750795.8212683,99.76764034859622,19,-12,22.47220505424423,2.7338448971100036,0.029204465286541102,284,366,304,296,365,207
1776750795.8785353,99.76764034859622,19,-12,22.47220505424423,2.7338448971100036,0.029204465286541102,284,366,304,296,365,207
1776750795.935745,99.76764034859622,19,-12,22.47220505424423,2.7338448971100036,0.029204465286541102,284,366,304,296,365,207
1776750795.992815,99.76764034859622,19,-12,22.47220505424423,2.7338448971100036,0.029204465286541102,284,366,304,296,365,207
1776750796.0504048,99.76764034859622,19,-12,22.47220505424423,2.7338448971100036,0.029204465286541102,284,366,304,296,365,207
1776750796.103948,99.76764034859622,19,-12,22.47220505424423,2.7338448971100036,0.029204465286541102,284,366,304,296,365,207
1776750796.1609619,99.76764034859622,19,-12,22.47220505424423,2.7338448971100036,0.029204465286541102,284,366,304,296,365,207
1776750796.2179177,99.76764034859622,19,-12,22.47220505424423,2.7338448971100036,0.029204465286541102,284,366,304,296,365,207
1776750796.2756739,99.76764034859622,19,-12,22.47220505424423,2.7338448971100036,0.029204465286541102,284,366,304,296,365,207
1776750796.3331883,99.76764034859622,20,-12,23.323807579381203,2.837446177540292,0.02979195217941651,284,366,304,296,366,207
1776750796.3902738,99.76764034859622,20,-12,23.323807579381203,2.837446177540292,0.02979195217941651,284,366,304,296,366,207
1776750796.4435923,99.76764034859622,20,-12,23.323807579381203,2.837446177540292,0.02979195217941651,284,366,304,296,366,207
1776750796.5009708,99.76764034859622,20,-12,23.323807579381203,2.837446177540292,0.02979195217941651,284,366,304,296,366,207
1776750796.5580215,99.76764034859622,20,-12,23.323807579381203,2.837446177540292,0.02979195217941651,284,366,304,296,366,207
1776750796.615597,99.76764034859622,20,-12,23.323807579381203,2.837446177540292,0.02979195217941651,284,366,304,296,366,207
1776750796.6728933,99.76764034859622,20,-12,23.323807579381203,2.837446177540292,0.02979195217941651,284,366,304,296,366,207
1776750796.726388,99.76764034859622,20,-12,23.323807579381203,2.837446177540292,0.02979195217941651,284,366,304,296,366,207
1776750796.7834594,99.76764034859622,20,-13,23.853720883753127,2.9019125162716697,0.02919175118107263,284,366,304,296,366,206
1776750796.8410552,99.76764034859622,20,-13,23.853720883753127,2.9019125162716697,0.02919175118107263,284,366,304,296,366,206
1776750796.898138,99.76764034859622,20,-13,23.853720883753127,2.9019125162716697,0.02919175118107263,284,366,304,296,366,206
1776750796.9557273,99.76764034859622,20,-13,23.853720883753127,2.9019125162716697,0.02919175118107263,284,366,304,296,366,206
1776750797.012595,99.76764034859622,20,-13,23.853720883753127,2.9019125162716697,0.02919175118107263,284,366,304,296,366,206
1776750797.0668526,99.76764034859622,20,-13,23.853720883753127,2.9019125162716697,0.02919175118107263,284,366,304,296,366,206
1776750797.1241775,99.76764034859622,20,-13,23.853720883753127,2.9019125162716697,0.02919175118107263,284,366,304,296,366,206
1776750797.1808004,99.76764034859622,20,-13,23.853720883753127,2.9019125162716697,0.02919175118107263,284,366,304,296,366,206
1776750797.238293,99.76764034859622,20,-13,23.853720883753127,2.9019125162716697,0.02996654148489364,284,366,304,295,366,206
1776750797.2958653,99.76764034859622,20,-13,23.853720883753127,2.9019125162716697,0.02996654148489364,284,366,304,295,366,206
1776750797.352954,99.76764034859622,20,-13,23.853720883753127,2.9019125162716697,0.02996654148489364,284,366,304,295,366,206
1776750797.406416,99.76764034859622,20,-13,23.853720883753127,2.9019125162716697,0.02996654148489364,284,366,304,295,366,206
1776750797.464239,99.76764034859622,20,-13,23.853720883753127,2.9019125162716697,0.02996654148489364,284,366,304,295,366,206
1776750797.5206287,99.76764034859622,20,-13,23.853720883753127,2.9019125162716697,0.02996654148489364,284,366,304,295,366,206
1776750797.5776424,99.76764034859622,20,-13,23.853720883753127,2.9019125162716697,0.02996654148489364,284,366,304,295,366,206
1776750797.6353889,99.76764034859622,20,-13,23.853720883753127,2.9019125162716697,0.02996654148489364,284,366,304,295,366,206
1776750797.6922867,99.76764034859622,20,-13,23.853720883753127,2.9019125162716697,0.02996654148489364,284,366,304,295,366,206
1776750797.74564,99.76764034859622,20,-13,23.853720883753127,2.9019125162716697,0.02996654148489364,284,366,304,295,366,206
1776750797.8033419,99.76764034859622,20,-13,23.853720883753127,2.9019125162716697,0.02996654148489364,284,366,304,295,366,206
1776750797.8601482,99.76764034859622,20,-13,23.853720883753127,2.9019125162716697,0.02996654148489364,284,366,304,295,366,206
1776750797.918225,99.76764034859622,20,-13,23.853720883753127,2.9019125162716697,0.02996654148489364,284,366,304,295,366,206
1776750797.9747853,99.76764034859622,20,-13,23.853720883753127,2.9019125162716697,0.02996654148489364,284,366,304,295,366,206
1776750798.0324733,99.76764034859622,20,-13,23.853720883753127,2.9019125162716697,0.02996654148489364,284,366,304,295,366,206
1776750798.0862718,99.76764034859622,20,-13,23.853720883753127,2.9019125162716697,0.02996654148489364,284,366,304,295,366,206
1776750798.142908,99.76764034859622,20,-13,23.853720883753127,2.9019125162716697,0.02996654148489364,284,366,304,295,366,206
1776750798.2007492,99.76764034859622,20,-13,23.853720883753127,2.9019125162716697,0.02996654148489364,284,366,304,295,366,206
1776750798.2580638,99.76764034859622,20,-13,23.853720883753127,2.9019125162716697,0.02996654148489364,284,366,304,295,366,206
1776750798.315573,99.76764034859622,20,-13,23.853720883753127,2.9019125162716697,0.02996654148489364,284,366,304,295,366,206
1776750798.3682058,99.76764034859622,20,-13,23.853720883753127,2.9019125162716697,0.02996654148489364,284,366,304,295,366,206
1776750798.4260247,99.76764034859622,20,-13,23.853720883753127,2.9019125162716697,0.02996654148489364,284,366,304,295,366,206
1776750798.4834523,99.76764034859622,20,-13,23.853720883753127,2.9019125162716697,0.02996654148489364,284,366,304,295,366,206
1776750798.54027,99.76764034859622,20,-13,23.853720883753127,2.9019125162716697,0.02996654148489364,284,366,304,295,366,206
1776750798.5980968,99.76764034859622,20,-13,23.853720883753127,2.9019125162716697,0.02996654148489364,284,366,304,295,366,206
1776750798.6549523,99.76764034859622,20,-13,23.853720883753127,2.9019125162716697,0.02996654148489364,284,366,304,295,366,206
1776750798.7085674,99.76764034859622,20,-13,23.853720883753127,2.9019125162716697,0.02996654148489364,284,366,304,295,366,206
1776750798.765461,99.76764034859622,20,-13,23.853720883753127,2.9019125162716697,0.02996654148489364,284,366,304,295,366,206
1776750798.8241775,99.76764034859622,20,-13,23.853720883753127,2.9019125162716697,0.02996654148489364,284,366,304,295,366,206
1776750798.880152,99.76764034859622,20,-13,23.853720883753127,2.9019125162716697,0.02996654148489364,284,366,304,295,366,206
1776750798.9392927,99.76764034859622,20,-13,23.853720883753127,2.9019125162716697,0.02996654148489364,284,366,304,295,366,206
1776750798.9951053,99.76764034859622,20,-13,23.853720883753127,2.9019125162716697,0.02996654148489364,284,366,304,295,366,206
1776750799.0485382,99.76764034859622,20,-13,23.853720883753127,2.9019125162716697,0.02996654148489364,284,366,304,295,366,206
1776750799.106078,99.76764034859622,20,-13,23.853720883753127,2.9019125162716697,0.02996654148489364,284,366,304,295,366,206
1776750799.162766,99.76764034859622,20,-13,23.853720883753127,2.9019125162716697,0.02996654148489364,284,366,304,295,366,206
1776750799.2206125,99.76764034859622,20,-13,23.853720883753127,2.9019125162716697,0.02996654148489364,284,366,304,295,366,206
1776750799.2789502,99.76764034859622,20,-13,23.853720883753127,2.9019125162716697,0.02996654148489364,284,366,304,295,366,206
1776750799.3351047,99.76764034859622,20,-13,23.853720883753127,2.9019125162716697,0.02996654148489364,284,366,304,295,366,206
1776750799.3886278,99.76764034859622,20,-13,23.853720883753127,2.9019125162716697,0.02996654148489364,284,366,304,295,366,206
1776750799.4461489,99.76764034859622,20,-13,23.853720883753127,2.9019125162716697,0.02996654148489364,284,366,304,295,366,206
1776750799.503145,99.76764034859622,20,-13,23.853720883753127,2.9019125162716697,0.02996654148489364,284,366,304,295,366,206
1776750799.5600245,99.76764034859622,20,-13,23.853720883753127,2.9019125162716697,0.02996654148489364,284,366,304,295,366,206
1776750799.6173697,99.76764034859622,20,-13,23.853720883753127,2.9019125162716697,0.02996654148489364,284,366,304,295,366,206
1776750799.6750252,99.76764034859622,20,-13,23.853720883753127,2.9019125162716697,0.02996654148489364,284,366,304,295,366,206
1776750799.7287726,99.76764034859622,20,-13,23.853720883753127,2.9019125162716697,0.02996654148489364,284,366,304,295,366,206
1776750799.7874105,99.76764034859622,20,-13,23.853720883753127,2.9019125162716697,0.02996654148489364,284,366,304,295,366,206
1776750799.8430603,99.76764034859622,20,-13,23.853720883753127,2.9019125162716697,0.02996654148489364,284,366,304,295,366,206
1776750799.9004374,99.76764034859622,20,-13,23.853720883753127,2.9019125162716697,0.02996654148489364,284,366,304,295,366,206
1776750799.9579535,99.76764034859622,20,-13,23.853720883753127,2.9019125162716697,0.02996654148489364,284,366,304,295,366,206
1776750800.0110266,99.76764034859622,20,-13,23.853720883753127,2.9019125162716697,0.02996654148489364,284,366,304,295,366,206
1776750800.0684915,99.76764034859622,20,-13,23.853720883753127,2.9019125162716697,0.02996654148489364,284,366,304,295,366,206
1776750800.1253963,99.76764034859622,20,-13,23.853720883753127,2.9019125162716697,0.02996654148489364,284,366,304,295,366,206
1776750800.1826003,99.76764034859622,20,-13,23.853720883753127,2.9019125162716697,0.02996654148489364,284,366,304,295,366,206
1776750800.2399006,99.76764034859622,21,-13,24.698178070456937,3.0046445341188486,0.030537937666841847,284,366,304,295,367,206
1776750800.2977948,99.76764034859622,21,-13,24.698178070456937,3.0046445341188486,0.030537937666841847,284,366,304,295,367,206
1776750800.3509111,99.76764034859622,21,-13,24.698178070456937,3.0046445341188486,0.030537937666841847,284,366,304,295,367,206
1776750800.4083326,99.76764034859622,21,-13,24.698178070456937,3.0046445341188486,0.030537937666841847,284,366,304,295,367,206
1776750800.4656925,99.76764034859622,21,-13,24.698178070456937,3.0046445341188486,0.030537937666841847,284,366,304,295,367,206
1776750800.5225463,99.76764034859622,21,-13,24.698178070456937,3.0046445341188486,0.030537937666841847,284,366,304,295,367,206
1776750800.5804603,99.76764034859622,21,-13,24.698178070456937,3.0046445341188486,0.030537937666841847,284,366,304,295,367,206
1776750800.637558,99.76764034859622,21,-13,24.698178070456937,3.0046445341188486,0.030537937666841847,284,366,304,295,367,206
1776750800.6913419,99.76764034859622,21,-13,24.698178070456937,3.0046445341188486,0.030537937666841847,284,366,304,295,367,206
1776750800.7487447,99.76764034859622,21,-13,24.698178070456937,3.0046445341188486,0.030537937666841847,284,366,304,295,367,206
1776750800.806145,99.76764034859622,21,-13,24.698178070456937,3.0046445341188486,0.030537937666841847,284,366,304,295,367,206
1776750800.8641167,99.76764034859622,21,-13,24.698178070456937,3.0046445341188486,0.030537937666841847,284,366,304,295,367,206
1776750800.9202573,99.76764034859622,21,-13,24.698178070456937,3.0046445341188486,0.030537937666841847,284,366,304,295,367,206
1776750800.9775548,99.76764034859622,21,-13,24.698178070456937,3.0046445341188486,0.030537937666841847,284,366,304,295,367,206
1776750801.0311494,99.76764034859622,21,-13,24.698178070456937,3.0046445341188486,0.030537937666841847,284,366,304,295,367,206
1776750801.0879533,99.76764034859622,21,-13,24.698178070456937,3.0046445341188486,0.030537937666841847,284,366,304,295,367,206
1776750801.1461334,99.76764034859622,21,-13,24.698178070456937,3.0046445341188486,0.030537937666841847,284,366,304,295,367,206
1776750801.2028189,99.76764034859622,21,-13,24.698178070456937,3.0046445341188486,0.030537937666841847,284,366,304,295,367,206
1776750801.2597334,99.76764034859622,21,-13,24.698178070456937,3.0046445341188486,0.030537937666841847,284,366,304,295,367,206
1776750801.3171976,99.76764034859622,21,-13,24.698178070456937,3.0046445341188486,0.030537937666841847,284,366,304,295,367,206
1776750801.3704412,99.76764034859622,21,-13,24.698178070456937,3.0046445341188486,0.030537937666841847,284,366,304,295,367,206
1776750801.4283679,99.76764034859622,21,-13,24.698178070456937,3.0046445341188486,0.030537937666841847,284,366,304,295,367,206
1776750801.4860992,99.76764034859622,21,-13,24.698178070456937,3.0046445341188486,0.030537937666841847,284,366,304,295,367,206
1776750801.5429852,99.76764034859622,21,-13,24.698178070456937,3.0046445341188486,0.030537937666841847,284,366,304,295,367,206
1776750801.5997248,99.76764034859622,21,-13,24.698178070456937,3.0046445341188486,0.030537937666841847,284,366,304,295,367,206
1776750801.6535726,99.76764034859622,21,-13,24.698178070456937,3.0046445341188486,0.030537937666841847,284,366,304,295,367,206
1776750801.7106316,99.76764034859622,21,-13,24.698178070456937,3.0046445341188486,0.030537937666841847,284,366,304,295,367,206
1776750801.7682693,99.76764034859622,21,-13,24.698178070456937,3.0046445341188486,0.030537937666841847,284,366,304,295,367,206
1776750801.8254642,99.76764034859622,21,-13,24.698178070456937,3.0046445341188486,0.030537937666841847,284,366,304,295,367,206
1776750801.8829005,99.76764034859622,21,-13,24.698178070456937,3.0046445341188486,0.030537937666841847,284,366,304,295,367,206
1776750801.9403265,99.76764034859622,21,-13,24.698178070456937,3.0046445341188486,0.030537937666841847,284,366,304,295,367,206
1776750801.9940047,99.76764034859622,21,-13,24.698178070456937,3.0046445341188486,0.030537937666841847,284,366,304,295,367,206
1776750802.0508828,99.76764034859622,21,-13,24.698178070456937,3.0046445341188486,0.030537937666841847,284,366,304,295,367,206
1776750802.1082916,99.76764034859622,21,-13,24.698178070456937,3.0046445341188486,0.030537937666841847,284,366,304,295,367,206
1776750802.165649,99.76764034859622,21,-13,24.698178070456937,3.0046445341188486,0.030537937666841847,284,366,304,295,367,206
1776750802.2223017,99.76764034859622,21,-13,24.698178070456937,3.0046445341188486,0.030537937666841847,284,366,304,295,367,206
1776750802.2802088,99.76764034859622,21,-13,24.698178070456937,3.0046445341188486,0.030537937666841847,284,366,304,295,367,206
1776750802.333629,99.76764034859622,21,-13,24.698178070456937,3.0046445341188486,0.030537937666841847,284,366,304,295,367,206
1776750802.3902159,99.76764034859622,21,-13,24.698178070456937,3.0046445341188486,0.030537937666841847,284,366,304,295,367,206
1776750802.4475718,99.76764034859622,21,-13,24.698178070456937,3.0046445341188486,0.030537937666841847,284,366,304,295,367,206
1776750802.5048733,99.76764034859622,21,-13,24.698178070456937,3.0046445341188486,0.030537937666841847,284,366,304,295,367,206
1776750802.5626707,99.76764034859622,21,-13,24.698178070456937,3.0046445341188486,0.030537937666841847,284,366,304,295,367,206
1776750802.619867,99.76764034859622,21,-13,24.698178070456937,3.0046445341188486,0.030537937666841847,284,366,304,295,367,206
1776750802.6730053,99.76764034859622,21,-13,24.698178070456937,3.0046445341188486,0.030537937666841847,284,366,304,295,367,206
1776750802.7305386,99.76764034859622,21,-13,24.698178070456937,3.0046445341188486,0.030537937666841847,284,366,304,295,367,206
1776750802.7883117,99.76764034859622,21,-13,24.698178070456937,3.0046445341188486,0.030537937666841847,284,366,304,295,367,206
1776750802.8455977,99.76764034859622,21,-13,24.698178070456937,3.0046445341188486,0.030537937666841847,284,366,304,295,367,206
1776750802.903421,99.76764034859622,21,-13,24.698178070456937,3.0046445341188486,0.030537937666841847,284,366,304,295,367,206
1776750802.9603505,99.76764034859622,21,-13,24.698178070456937,3.0046445341188486,0.030537937666841847,284,366,304,295,367,206
1776750803.0133266,99.76764034859622,21,-13,24.698178070456937,3.0046445341188486,0.030537937666841847,284,366,304,295,367,206
1776750803.0704765,99.76764034859622,21,-13,24.698178070456937,3.0046445341188486,0.030537937666841847,284,366,304,295,367,206
1776750803.1278925,99.76764034859622,21,-13,24.698178070456937,3.0046445341188486,0.030537937666841847,284,366,304,295,367,206
1776750803.1850529,99.76764034859622,21,-13,24.698178070456937,3.0046445341188486,0.030537937666841847,284,366,304,295,367,206
1776750803.2423716,99.76764034859622,21,-13,24.698178070456937,3.0046445341188486,0.030537937666841847,284,366,304,295,367,206
1776750803.296544,99.76764034859622,22,-13,25.553864678361276,3.108742661601128,0.031097176935109456,284,366,304,295,368,206
1776750803.3537102,99.76764034859622,22,-13,25.553864678361276,3.108742661601128,0.031097176935109456,284,366,304,295,368,206
1776750803.4108984,99.76764034859622,22,-13,25.553864678361276,3.108742661601128,0.03186484046543655,284,366,304,294,368,206
1776750803.4678705,99.76764034859622,22,-13,25.553864678361276,3.108742661601128,0.03186484046543655,284,366,304,294,368,206
1776750803.52559,99.76764034859622,22,-13,25.553864678361276,3.108742661601128,0.03186484046543655,284,366,304,294,368,206
1776750803.5827544,99.76764034859622,22,-13,25.553864678361276,3.108742661601128,0.03186484046543655,284,366,304,294,368,206
1776750803.6360762,99.76764034859622,22,-13,25.553864678361276,3.108742661601128,0.03186484046543655,284,366,304,294,368,206
1776750803.6935232,99.76764034859622,22,-13,25.553864678361276,3.108742661601128,0.03186484046543655,284,366,304,294,368,206
1776750803.750912,99.76764034859622,22,-13,25.553864678361276,3.108742661601128,0.03186484046543655,284,366,304,294,368,206
1776750803.8082213,99.76764034859622,22,-13,25.553864678361276,3.108742661601128,0.03186484046543655,284,366,304,294,368,206
1776750803.865771,99.76764034859622,22,-13,25.553864678361276,3.108742661601128,0.03186484046543655,284,366,304,294,368,206
1776750803.9676852,99.76764034859622,22,-13,25.553864678361276,3.108742661601128,0.03186484046543655,284,366,304,294,368,206
1776750804.0335078,99.76764034859622,22,-13,25.553864678361276,3.108742661601128,0.03186484046543655,284,366,304,294,368,206
1776750804.0904622,99.76764034859622,22,-13,25.553864678361276,3.108742661601128,0.03186484046543655,284,366,304,294,368,206
1776750804.1481118,99.76764034859622,22,-13,25.553864678361276,3.108742661601128,0.03186484046543655,284,366,304,294,368,206
1776750804.2052672,99.76764034859622,22,-13,25.553864678361276,3.108742661601128,0.03186484046543655,284,366,304,294,368,206
1776750804.2624736,99.76764034859622,22,-13,25.553864678361276,3.108742661601128,0.03186484046543655,284,366,304,294,368,206
1776750804.3158877,99.76764034859622,22,-13,25.553864678361276,3.108742661601128,0.03186484046543655,284,366,304,294,368,206
1776750804.373068,99.76764034859622,22,-13,25.553864678361276,3.108742661601128,0.03186484046543655,284,366,304,294,368,206
1776750804.4304895,99.76764034859622,22,-13,25.553864678361276,3.108742661601128,0.03186484046543655,284,366,304,294,368,206
1776750804.4877033,99.76764034859622,22,-13,25.553864678361276,3.108742661601128,0.03186484046543655,284,366,304,294,368,206
1776750804.5446713,99.76764034859622,22,-13,25.553864678361276,3.108742661601128,0.03186484046543655,284,366,304,294,368,206
1776750804.6019533,99.76764034859622,22,-13,25.553864678361276,3.108742661601128,0.03186484046543655,284,366,304,294,368,206
1776750804.6553988,99.76764034859622,22,-13,25.553864678361276,3.108742661601128,0.03186484046543655,284,366,304,294,368,206
1776750804.7125535,99.76764034859622,22,-14,26.076809620810597,3.1723612677385153,0.031253949839904746,284,366,304,294,368,205
1776750804.7704575,99.76764034859622,22,-14,26.076809620810597,3.1723612677385153,0.031253949839904746,284,366,304,294,368,205
1776750804.8272645,99.76764034859622,22,-14,26.076809620810597,3.1723612677385153,0.031253949839904746,284,366,304,294,368,205
1776750804.8847542,99.76764034859622,22,-14,26.076809620810597,3.1723612677385153,0.031253949839904746,284,366,304,294,368,205
1776750804.9419386,99.76764034859622,22,-14,26.076809620810597,3.1723612677385153,0.031253949839904746,284,366,304,294,368,205
1776750804.9956896,99.76764034859622,22,-14,26.076809620810597,3.1723612677385153,0.031253949839904746,284,366,304,294,368,205
1776750805.0533311,99.76764034859622,22,-14,26.076809620810597,3.1723612677385153,0.031253949839904746,284,366,304,294,368,205
1776750805.1100597,99.76764034859622,22,-14,26.076809620810597,3.1723612677385153,0.031253949839904746,284,366,304,294,368,205
1776750805.1674135,99.76764034859622,22,-14,26.076809620810597,3.1723612677385153,0.031253949839904746,284,366,304,294,368,205
1776750805.2253742,99.76764034859622,22,-14,26.076809620810597,3.1723612677385153,0.031253949839904746,284,366,304,294,368,205
1776750805.278493,99.76764034859622,22,-14,26.076809620810597,3.1723612677385153,0.031253949839904746,284,366,304,294,368,205
1776750805.3367739,99.76764034859622,22,-14,26.076809620810597,3.1723612677385153,0.031253949839904746,284,366,304,294,368,205
1776750805.3927667,99.76764034859622,22,-14,26.076809620810597,3.1723612677385153,0.031253949839904746,284,366,304,294,368,205
1776750805.4497752,99.76764034859622,22,-14,26.076809620810597,3.1723612677385153,0.031253949839904746,284,366,304,294,368,205
1776750805.507612,99.76764034859622,22,-14,26.076809620810597,3.1723612677385153,0.031253949839904746,284,366,304,294,368,205
1776750805.564449,99.76764034859622,22,-14,26.076809620810597,3.1723612677385153,0.031253949839904746,284,366,304,294,368,205
1776750805.618779,99.76764034859622,22,-14,26.076809620810597,3.1723612677385153,0.031253949839904746,284,366,304,294,368,205
1776750805.6754,99.76764034859622,22,-14,26.076809620810597,3.1723612677385153,0.031253949839904746,284,366,304,294,368,205
1776750805.7329109,99.76764034859622,22,-14,26.076809620810597,3.1723612677385153,0.031253949839904746,284,366,304,294,368,205
1776750805.7914188,99.76764034859622,22,-14,26.076809620810597,3.1723612677385153,0.031253949839904746,284,366,304,294,368,205
1776750805.8478575,99.76764034859622,22,-14,26.076809620810597,3.1723612677385153,0.031253949839904746,284,366,304,294,368,205
1776750805.9048955,99.76764034859622,22,-14,26.076809620810597,3.1723612677385153,0.031253949839904746,284,366,304,294,368,205
1776750805.9585614,99.76764034859622,22,-14,26.076809620810597,3.1723612677385153,0.031253949839904746,284,366,304,294,368,205
1776750806.0154488,99.76764034859622,22,-14,26.076809620810597,3.1723612677385153,0.031253949839904746,284,366,304,294,368,205
1776750806.0729194,99.76764034859622,22,-14,26.076809620810597,3.1723612677385153,0.031253949839904746,284,366,304,294,368,205
1776750806.1306279,99.76764034859622,22,-14,26.076809620810597,3.1723612677385153,0.031253949839904746,284,366,304,294,368,205
1776750806.1875644,99.76764034859622,22,-14,26.076809620810597,3.1723612677385153,0.031253949839904746,284,366,304,294,368,205
1776750806.2447965,99.76764034859622,22,-14,26.076809620810597,3.1723612677385153,0.031253949839904746,284,366,304,294,368,205
1776750806.297664,99.76764034859622,22,-14,26.076809620810597,3.1723612677385153,0.031253949839904746,284,366,304,294,368,205
1776750806.3576193,99.76764034859622,22,-14,26.076809620810597,3.1723612677385153,0.031253949839904746,284,366,304,294,368,205
1776750806.412809,99.76764034859622,22,-14,26.076809620810597,3.1723612677385153,0.031253949839904746,284,366,304,294,368,205
1776750806.470202,99.76764034859622,22,-14,26.076809620810597,3.1723612677385153,0.031253949839904746,284,366,304,294,368,205
1776750806.5272517,99.76764034859622,22,-14,26.076809620810597,3.1723612677385153,0.031253949839904746,284,366,304,294,368,205
1776750806.584777,99.76764034859622,23,-14,26.92582403567252,3.275647692904199,0.03179764122730808,284,366,304,294,369,205
1776750806.6378076,99.76764034859622,23,-14,26.92582403567252,3.275647692904199,0.03179764122730808,284,366,304,294,369,205
1776750806.7531013,99.76764034859622,23,-14,26.92582403567252,3.275647692904199,0.03179764122730808,284,366,304,294,369,205
1776750806.8109756,99.76764034859622,23,-14,26.92582403567252,3.275647692904199,0.03179764122730808,284,366,304,294,369,205
1776750806.867558,99.76764034859622,23,-14,26.92582403567252,3.275647692904199,0.03179764122730808,284,366,304,294,369,205
1776750806.920311,99.76764034859622,23,-14,26.92582403567252,3.275647692904199,0.03179764122730808,284,366,304,294,369,205
1776750806.9775991,99.76764034859622,23,-14,26.92582403567252,3.275647692904199,0.03179764122730808,284,366,304,294,369,205
1776750807.0350888,99.76764034859622,23,-14,26.92582403567252,3.275647692904199,0.03179764122730808,284,366,304,294,369,205
1776750807.0927396,99.76764034859622,23,-14,26.92582403567252,3.275647692904199,0.03179764122730808,284,366,304,294,369,205
1776750807.1496093,99.76764034859622,23,-14,26.92582403567252,3.275647692904199,0.03179764122730808,284,366,304,294,369,205
1776750807.207688,99.76764034859622,23,-14,26.92582403567252,3.275647692904199,0.03179764122730808,284,366,304,294,369,205
1776750807.261185,99.76764034859622,23,-14,26.92582403567252,3.275647692904199,0.03179764122730808,284,366,304,294,369,205
1776750807.3180654,99.76764034859622,23,-14,26.92582403567252,3.275647692904199,0.03179764122730808,284,366,304,294,369,205
1776750807.3751924,99.76764034859622,23,-14,26.92582403567252,3.275647692904199,0.03179764122730808,284,366,304,294,369,205
1776750807.4329436,99.76764034859622,23,-14,26.92582403567252,3.275647692904199,0.03179764122730808,284,366,304,294,369,205
1776750807.4901972,99.76764034859622,23,-14,26.92582403567252,3.275647692904199,0.03179764122730808,284,366,304,294,369,205
1776750807.5474699,99.76764034859622,23,-14,26.92582403567252,3.275647692904199,0.03179764122730808,284,366,304,294,369,205
1776750807.6007333,99.76764034859622,23,-14,26.92582403567252,3.275647692904199,0.03179764122730808,284,366,304,294,369,205
1776750807.6578772,99.76764034859622,23,-14,26.92582403567252,3.275647692904199,0.03179764122730808,284,366,304,294,369,205
